timestamp,level,px,py,pz,rx,ry,rz,rw,ex,ey,ez
72.824,1,0.023461,1.662664,0.059302,0.023625,-0.216756,0.006656,-0.975917,357.522500,25.073650,358.667500
72.935,1,0.036623,1.663643,0.051095,0.022151,-0.162469,0.013318,-0.986375,357.743700,18.744630,358.080400
73.047,1,0.053251,1.667807,0.039487,0.026671,-0.095198,0.016692,-0.994961,357.140100,10.985720,357.802600
73.158,1,0.065678,1.667023,0.031245,0.012229,-0.042057,0.018161,-0.998875,358.687700,4.846479,357.861300
73.268,1,0.083327,1.660489,0.020454,-0.013246,-0.000610,0.025655,-0.999583,1.519172,0.030941,357.060000
73.379,1,0.094180,1.652240,0.014190,-0.035432,0.018262,0.024632,-0.998902,4.007465,357.803700,357.098000
73.490,1,0.097711,1.637040,0.012020,-0.069353,0.055031,0.028752,-0.995658,7.755094,353.418300,356.245200
73.600,1,0.091406,1.619261,0.015799,-0.114738,0.087159,0.026570,-0.989208,12.848100,349.448600,355.731500
73.711,1,0.079904,1.591114,0.022207,-0.192636,0.113557,0.022474,-0.974419,21.734840,345.666700,354.591900
73.822,1,0.073204,1.561884,0.028123,-0.279649,0.119499,0.027966,-0.952226,31.728410,343.383900,351.882900
73.932,1,0.066823,1.545981,0.032942,-0.323591,0.113660,0.026564,-0.938970,36.987890,343.217100,351.109600
74.043,1,0.055748,1.547225,0.039588,-0.318183,0.108207,0.028563,-0.941401,36.362580,344.004200,351.240300
74.155,1,0.041981,1.553599,0.046076,-0.310314,0.094689,0.031683,-0.945376,35.501620,345.873200,351.618200
74.266,1,0.016337,1.571194,0.060184,-0.259040,0.064429,0.039894,-0.962889,29.584920,350.418900,352.719500
74.377,1,-0.010084,1.585311,0.073598,-0.226753,0.026353,0.044913,-0.972559,26.020600,355.428300,353.655000
74.488,1,-0.051028,1.605580,0.095779,-0.184441,-0.015604,0.049310,-0.981482,21.320850,0.765233,354.391800
74.600,1,-0.081104,1.612508,0.110836,-0.159812,-0.040281,0.047716,-0.985171,18.586060,3.878636,355.089100
74.711,1,-0.117395,1.613429,0.126536,-0.165721,-0.050849,0.042270,-0.983953,19.294430,5.231357,355.970100
74.823,1,-0.145641,1.616271,0.139855,-0.155146,-0.046763,0.042311,-0.985877,18.051160,4.770796,355.843400
74.934,1,-0.165022,1.613232,0.151321,-0.168727,-0.050490,0.038711,-0.983607,19.623050,5.254560,356.401800
75.045,1,-0.176620,1.613945,0.161930,-0.168262,-0.057084,0.039340,-0.983302,19.596580,6.033549,356.460800
75.156,1,-0.183162,1.614482,0.171498,-0.167774,-0.066130,0.039117,-0.982827,19.570090,7.124660,356.671800
75.267,1,-0.189179,1.611199,0.184581,-0.181549,-0.077849,0.041177,-0.979431,21.225520,8.485228,356.777900
75.378,1,-0.191914,1.610598,0.191546,-0.185278,-0.083341,0.044556,-0.978132,21.708140,9.074078,356.527100
75.489,1,-0.193177,1.611017,0.196538,-0.182641,-0.091572,0.047109,-0.977772,21.456250,10.015690,356.385500
75.601,1,-0.189769,1.612674,0.196842,-0.177799,-0.121672,0.051575,-0.975153,21.057950,13.569550,356.478500
75.711,1,-0.172118,1.614734,0.188803,-0.164610,-0.228697,0.064797,-0.957289,20.169410,26.342510,357.022000
75.823,1,-0.148719,1.610019,0.167531,-0.167264,-0.372443,0.087136,-0.908689,21.647070,44.176270,357.918000
75.933,1,-0.123793,1.604167,0.138279,-0.168674,-0.508049,0.116134,-0.836629,23.593150,62.237560,358.566000
76.044,1,-0.100993,1.601493,0.112276,-0.167588,-0.579984,0.135733,-0.785563,24.881810,72.614340,358.808900
76.155,1,-0.086013,1.599741,0.102489,-0.177969,-0.567621,0.132618,-0.792809,25.641800,71.083150,359.476000
76.266,1,-0.078809,1.600857,0.107513,-0.181835,-0.459472,0.136747,-0.858558,25.969570,55.312010,355.680500
76.378,1,-0.064333,1.606646,0.099127,-0.170343,-0.464350,0.130254,-0.859300,24.438610,55.875990,355.864400
76.488,1,-0.042322,1.619466,0.072870,-0.148998,-0.546859,0.099489,-0.817831,20.641740,67.541530,0.014200
76.600,1,-0.034345,1.631685,0.048276,-0.111487,-0.632927,0.064119,-0.763455,14.560110,79.646480,2.559498
76.710,1,-0.041961,1.639850,0.030649,-0.081516,-0.698043,0.052618,-0.709453,10.901580,89.289120,2.284611
76.822,1,-0.057193,1.645013,0.030849,-0.058533,-0.728995,0.045640,-0.680483,8.406981,94.041320,1.345283
76.933,1,-0.075539,1.646110,0.042981,-0.040275,-0.768893,0.044373,-0.636563,6.863925,100.776500,0.314105
77.045,1,-0.094696,1.644352,0.066422,-0.031155,-0.807200,0.048270,-0.587476,6.576647,107.884900,359.629800
77.156,1,-0.108971,1.643593,0.093551,-0.036069,-0.827234,0.058508,-0.557638,7.875817,112.010000,359.677400
77.267,1,-0.125585,1.641789,0.126911,-0.036361,-0.835355,0.067751,-0.544307,8.787760,113.766500,359.245900
77.378,1,-0.139308,1.641428,0.146173,-0.035557,-0.843890,0.072291,-0.530433,9.191409,115.618700,359.031900
77.489,1,-0.154440,1.641084,0.163257,-0.030193,-0.856298,0.076465,-0.509898,9.308090,118.330900,358.474500
77.600,1,-0.163872,1.640433,0.168498,-0.027893,-0.868993,0.078939,-0.487690,9.462434,121.259500,358.343300
77.711,1,-0.171947,1.641310,0.161043,-0.016500,-0.892458,0.084821,-0.442777,9.555894,127.003200,357.345900
77.822,1,-0.187025,1.640141,0.137443,-0.006487,-0.940491,0.082881,-0.329492,9.216891,141.186700,357.537300
77.933,1,-0.211239,1.637806,0.106748,-0.005874,-0.979704,0.081855,-0.182879,9.354126,158.765400,358.929800
78.045,1,-0.238074,1.636425,0.076422,0.002369,-0.995109,0.081039,-0.056440,9.265926,173.442400,359.195200
78.157,1,-0.258428,1.635146,0.052411,0.024624,-0.995964,0.084210,0.018899,9.710610,181.947600,357.332800
78.268,1,-0.277257,1.631790,0.019116,0.066048,-0.991120,0.093712,0.067357,11.224730,187.094300,353.072900
78.379,1,-0.287521,1.625510,-0.010956,0.093524,-0.987259,0.104987,0.074507,12.781620,187.511000,350.019400
78.490,1,-0.296633,1.614857,-0.045814,0.101798,-0.984944,0.116004,0.077877,14.144640,187.692100,349.154100
78.601,1,-0.299823,1.610242,-0.067357,0.100993,-0.981898,0.122769,0.102976,15.182370,190.593700,349.670800
78.712,1,-0.290951,1.609175,-0.083552,0.098959,-0.977174,0.132907,0.132944,16.622100,194.104900,350.505300
78.824,1,-0.265907,1.605043,-0.091614,0.083432,-0.974068,0.136483,0.160012,17.012960,197.588200,352.859700
78.934,1,-0.234418,1.602208,-0.093667,0.069719,-0.971048,0.136251,0.183414,16.869160,200.632500,354.878900
79.046,1,-0.193968,1.596313,-0.095340,0.057698,-0.965976,0.134494,0.213244,16.525530,204.427300,356.764400
79.157,1,-0.167475,1.589007,-0.095363,0.054148,-0.962700,0.142695,0.223419,17.393930,205.759200,357.567900
79.268,1,-0.143633,1.576984,-0.093924,0.057293,-0.958362,0.151483,0.235186,18.499660,207.196700,357.669600
79.379,1,-0.128386,1.567200,-0.090677,0.057887,-0.956813,0.166358,0.231263,20.189170,206.807900,357.934400
79.490,1,-0.113609,1.562588,-0.081672,0.056878,-0.958419,0.175855,0.217425,21.211980,205.188600,357.998700
79.601,1,-0.106011,1.561355,-0.070059,0.051576,-0.959567,0.178168,0.211726,21.331840,204.612900,358.552200
79.712,1,-0.102024,1.564749,-0.049257,0.046265,-0.963831,0.183832,0.187339,21.820510,201.757200,358.746600
79.823,1,-0.103016,1.574136,-0.021076,0.037711,-0.973870,0.179627,0.133755,21.097390,195.350000,358.440000
79.934,1,-0.110742,1.575217,0.005940,0.025418,-0.979010,0.187553,0.075610,21.781950,188.578400,358.679100
80.044,1,-0.127388,1.567140,0.036850,0.004112,-0.980055,0.198405,0.010537,22.891130,181.183100,359.758700
80.156,1,-0.141020,1.550026,0.054253,-0.005629,-0.979157,0.202984,-0.004229,23.425400,179.625500,0.581084
80.267,1,-0.149526,1.514924,0.065266,-0.008789,-0.979168,0.201982,-0.018888,23.320920,177.913300,0.597831
80.378,1,-0.155212,1.477919,0.065737,-0.011769,-0.982163,0.185467,-0.028631,21.407040,176.805900,0.769160
80.489,1,-0.161691,1.407216,0.057358,-0.019614,-0.987383,0.156819,-0.009874,18.063300,179.195600,2.148179
80.600,1,-0.160677,1.320740,0.048141,-0.020936,-0.990537,0.135560,0.004698,15.566610,180.891200,2.543414
80.712,1,-0.158380,1.231603,0.043000,-0.010386,-0.992614,0.120642,0.007432,13.848010,181.018600,1.322629
80.823,1,-0.157317,1.151641,0.042917,-0.011317,-0.993332,0.112854,0.020695,12.928480,182.567900,1.596427
80.934,1,-0.151690,1.088465,0.043724,-0.016759,-0.993282,0.110824,0.028767,12.661710,183.576300,2.330165
81.046,1,-0.140416,1.025075,0.044118,-0.014159,-0.993844,0.106358,0.027596,12.158960,183.393400,1.994015
81.157,1,-0.130929,0.985384,0.042510,-0.018743,-0.994183,0.103085,0.024957,11.773000,183.132000,2.483053
81.267,1,-0.124085,0.947926,0.041991,-0.017527,-0.994852,0.098153,0.018151,11.224810,182.311200,2.245768
81.379,1,-0.121297,0.925217,0.042339,-0.018147,-0.994944,0.097682,0.014647,11.177300,181.909600,2.276730
81.489,1,-0.119167,0.916474,0.045311,-0.012326,-0.994843,0.100638,0.002885,11.546730,180.480800,1.468331
81.601,1,-0.121289,0.951524,0.052761,-0.006360,-0.995738,0.091905,-0.004331,10.549360,179.565400,0.691816
81.712,1,-0.129067,1.034860,0.068335,0.004479,-0.999031,0.043557,-0.004548,4.990386,179.455000,359.462500
81.824,1,-0.139772,1.143029,0.091826,0.014518,-0.999869,-0.003072,-0.006422,359.637400,179.269300,358.338500
81.935,1,-0.149675,1.243312,0.116711,0.024397,-0.998860,-0.039685,-0.010441,355.423600,178.912400,357.245100
82.046,1,-0.161481,1.363575,0.149319,0.032100,-0.997305,-0.059597,-0.028295,353.068100,176.962000,356.497000
82.158,1,-0.169487,1.446883,0.175769,0.037599,-0.995486,-0.066936,-0.055791,352.098900,173.854000,356.098800
82.268,1,-0.176727,1.538142,0.208838,0.041346,-0.992145,-0.067425,-0.096918,351.847700,169.126300,356.004600
82.380,1,-0.179877,1.594737,0.229608,0.037514,-0.989129,-0.062362,-0.127783,352.359600,165.503000,356.629200
82.490,1,-0.177860,1.643923,0.250353,0.035776,-0.981076,-0.054708,-0.182253,353.085600,159.127700,357.098200
82.602,1,-0.166396,1.660020,0.264391,0.022699,-0.964328,-0.031234,-0.261879,355.863800,149.670600,358.424700
82.713,1,-0.144723,1.659106,0.279419,0.022564,-0.931743,-0.001240,-0.362415,358.930400,137.513400,357.641300
82.824,1,-0.108453,1.654703,0.302808,0.017595,-0.883783,0.029516,-0.466634,2.048835,124.272100,356.635700
82.934,1,-0.066520,1.651695,0.331502,0.017617,-0.841890,0.049494,-0.537086,3.693144,114.774600,355.238900
83.045,1,-0.008058,1.646052,0.379354,-0.005971,-0.801143,0.072625,-0.594020,7.091867,106.613800,355.566300
83.156,1,0.038758,1.649717,0.421041,-0.016636,-0.776881,0.066668,-0.625888,7.146685,102.079300,356.671700
83.267,1,0.100484,1.643915,0.468313,-0.031136,-0.741255,0.070184,-0.666817,8.370434,95.851100,357.251500
83.379,1,0.142012,1.635581,0.492489,-0.037136,-0.716681,0.094995,-0.689903,10.801250,91.751370,355.454600
83.490,1,0.185469,1.627553,0.509331,-0.047382,-0.716062,0.114532,-0.686944,13.245390,91.764950,354.724600
83.602,1,0.214720,1.622743,0.515220,-0.059145,-0.718314,0.129085,-0.681076,15.427110,92.315490,354.591300
83.712,1,0.236096,1.619604,0.512216,-0.062969,-0.724181,0.136142,-0.673100,16.376670,93.394310,354.493000
83.824,1,0.247401,1.616483,0.503579,-0.070986,-0.730747,0.133155,-0.665762,16.805610,94.677250,355.593300
83.935,1,0.255983,1.620621,0.493379,-0.068635,-0.741901,0.117741,-0.656513,15.356530,96.565430,356.863800
84.046,1,0.269033,1.623864,0.482249,-0.062669,-0.774005,0.109994,-0.620395,14.360990,102.278800,357.665100
84.157,1,0.286430,1.627878,0.471072,-0.056125,-0.806764,0.106568,-0.578468,13.702700,108.485200,358.069200
84.267,1,0.313737,1.625102,0.453501,-0.057880,-0.846750,0.124762,-0.513905,15.710370,117.243500,358.201500
84.379,1,0.338937,1.617257,0.440628,-0.061697,-0.877425,0.141434,-0.454220,17.712620,125.071600,358.784000
84.489,1,0.379841,1.610956,0.429483,-0.063371,-0.909795,0.141242,-0.385107,17.806970,134.176600,0.392522
84.600,1,0.429625,1.606130,0.426757,-0.059613,-0.927599,0.144220,-0.339421,17.940160,139.924200,0.764365
84.712,1,0.495284,1.598085,0.430602,-0.052729,-0.939933,0.151100,-0.301521,18.411880,144.506900,0.483266
84.824,1,0.562630,1.601136,0.435654,-0.031593,-0.954739,0.165198,-0.245326,19.326000,150.964300,358.741300
84.931,1,0.623615,1.600313,0.439588,-0.030334,-0.957117,0.200516,-0.206883,23.352410,155.284900,358.445900
85.046,1,0.680183,1.591859,0.435902,-0.030966,-0.942164,0.256553,-0.213422,29.778500,153.574500,356.621000
85.151,1,0.713296,1.581250,0.426790,-0.026795,-0.927316,0.290489,-0.234485,33.457380,149.828000,354.046400
85.262,1,0.728154,1.575041,0.410955,-0.035280,-0.921301,0.303913,-0.239993,35.234520,148.993000,354.318200
85.373,1,0.729125,1.574821,0.398709,-0.029258,-0.919933,0.318495,-0.226777,36.816760,150.138400,353.500100
85.490,1,0.732147,1.576119,0.386879,-0.027247,-0.930878,0.296392,-0.211840,34.288060,152.754700,354.802400
85.605,1,0.732369,1.576685,0.381544,-0.030286,-0.935150,0.297156,-0.190463,34.562660,155.750500,356.062400
85.719,1,0.721480,1.590295,0.380615,-0.015855,-0.958961,0.257799,-0.116969,29.877550,165.564100,358.023800
85.838,1,0.701609,1.607814,0.392092,-0.013765,-0.979015,0.202850,0.013836,23.378670,182.040100,2.033245
85.944,1,0.683819,1.620895,0.406344,-0.006266,-0.978853,0.152549,0.136146,17.273920,196.327400,3.230099
86.050,1,0.672472,1.628603,0.415579,-0.003535,-0.970510,0.117790,0.210293,13.129070,204.834200,3.320165
86.161,1,0.665197,1.632035,0.413851,-0.002442,-0.968128,0.101889,0.228781,11.312780,206.889000,3.001778
86.264,1,0.659863,1.633504,0.398995,-0.000818,-0.972436,0.092172,0.214176,10.306390,205.057600,2.392608
86.367,1,0.657424,1.633634,0.374936,-0.009831,-0.977762,0.082993,0.192349,9.120544,202.495500,2.969609
86.469,1,0.664571,1.632199,0.342953,-0.022267,-0.989039,0.079496,0.122420,8.731063,194.393300,3.684080
86.586,1,0.676507,1.626967,0.297642,-0.049978,-0.995254,0.078585,0.028216,8.835802,183.714700,6.036622
86.700,1,0.681317,1.623328,0.270708,-0.061342,-0.993666,0.093044,0.014430,10.552660,182.337200,7.281023
86.804,1,0.694422,1.617757,0.230578,-0.086351,-0.991145,0.100506,0.008584,11.405380,182.009500,10.159010
86.904,1,0.708230,1.614520,0.200240,-0.093272,-0.990666,0.098491,0.013439,11.106690,182.628500,11.012740
87.013,1,0.731981,1.607266,0.164901,-0.099487,-0.990176,0.093158,0.031249,10.268830,184.687900,11.896460
87.124,1,0.764231,1.598342,0.124260,-0.100416,-0.989784,0.086216,0.053016,9.208273,187.114900,12.159650
87.235,1,0.799585,1.592103,0.082620,-0.095110,-0.988841,0.086099,0.075723,8.967399,189.682500,11.749030
87.346,1,0.848310,1.588676,0.024202,-0.094287,-0.987043,0.079487,0.102653,7.906449,192.692700,11.793930
87.457,1,0.882579,1.581962,-0.020895,-0.093798,-0.984307,0.076579,0.128363,7.277448,195.618600,11.886310
87.568,1,0.920857,1.571034,-0.071303,-0.092077,-0.981066,0.083249,0.148666,7.814650,198.053900,11.966840
87.680,1,0.941026,1.565389,-0.101483,-0.089224,-0.978256,0.088201,0.165152,8.226930,200.022300,11.877480
87.791,1,0.956978,1.558991,-0.129758,-0.092057,-0.971946,0.090815,0.196467,8.068833,203.741800,12.519950
87.902,1,0.968197,1.554275,-0.151257,-0.099580,-0.967989,0.085633,0.213890,7.075998,205.750300,13.366420
88.003,1,0.972614,1.547163,-0.169297,-0.100964,-0.966386,0.092093,0.217769,7.702072,206.327100,13.732650
88.104,1,0.970665,1.543273,-0.183436,-0.095524,-0.963877,0.103797,0.225925,9.028938,207.456300,13.529520
88.206,1,0.967098,1.541255,-0.195196,-0.090923,-0.961634,0.110519,0.234047,9.787669,208.501300,13.294110
88.317,1,0.960912,1.538456,-0.204570,-0.078971,-0.961533,0.120577,0.233836,11.241510,208.548000,12.258940
88.428,1,0.949535,1.558651,-0.208444,-0.053651,-0.963610,0.084285,0.247940,7.806756,209.434800,8.427061
88.540,1,0.928559,1.584818,-0.197012,-0.050751,-0.946379,0.045968,0.315718,3.150571,217.096200,7.196660
88.651,1,0.901278,1.607195,-0.172074,-0.040582,-0.899473,0.023238,0.434466,0.374766,231.580700,5.347704
88.762,1,0.879690,1.624011,-0.144099,-0.032390,-0.844164,0.009689,0.535018,358.951400,244.697600,3.730478
88.873,1,0.864395,1.634624,-0.116211,-0.016869,-0.790236,0.001123,0.612570,358.917500,255.548600,1.606912
88.984,1,0.854530,1.642421,-0.094712,-0.008697,-0.758137,-0.008452,0.651983,358.615800,261.388200,0.124126
89.095,1,0.846455,1.646961,-0.076799,-0.004618,-0.735437,-0.021437,0.677238,357.834500,265.305900,358.724500
89.207,1,0.836784,1.648984,-0.054373,0.011513,-0.711609,-0.025075,0.702034,358.881300,269.252700,357.042100
89.318,1,0.832120,1.650303,-0.040410,0.017763,-0.699558,-0.029769,0.713734,359.066300,271.180800,356.137900
89.429,1,0.827916,1.653180,-0.029216,0.020199,-0.690612,-0.034610,0.722114,358.932400,272.596500,355.532300
89.540,1,0.823639,1.655080,-0.023744,0.021818,-0.692431,-0.037947,0.720155,358.789500,272.300200,355.130400
89.651,1,0.820118,1.660940,-0.020730,0.003083,-0.703766,-0.057489,0.708096,355.609600,270.540700,355.066000
89.763,1,0.815494,1.676686,-0.017196,-0.045600,-0.719676,-0.108405,0.684277,347.382700,267.649300,355.137200
89.875,1,0.811980,1.695100,-0.011079,-0.099048,-0.726047,-0.169959,0.658908,337.832000,265.422500,355.035200
89.988,1,0.810112,1.716523,-0.007333,-0.165854,-0.741476,-0.240876,0.603891,326.115300,259.268000,356.894600
90.100,1,0.808829,1.732705,-0.001978,-0.215644,-0.733807,-0.292994,0.573742,317.355300,256.641400,358.463500
90.212,1,0.806614,1.740165,0.004506,-0.244088,-0.715042,-0.337101,0.561693,310.862000,257.488900,357.404300
90.324,1,0.799207,1.741372,0.006645,-0.255299,-0.708687,-0.354108,0.554249,308.288300,257.431700,357.162400
90.435,1,0.789463,1.742445,0.006461,-0.259227,-0.702842,-0.358582,0.556986,307.549800,258.416900,356.702200
90.546,1,0.774607,1.744436,0.004506,-0.260104,-0.700110,-0.354828,0.562395,307.870500,259.144100,356.740500
90.657,1,0.761637,1.744686,0.004373,-0.245938,-0.700880,-0.340435,0.576530,310.466300,260.829300,355.776600
90.768,1,0.749520,1.742299,0.002685,-0.232766,-0.701867,-0.317214,0.593783,313.804300,262.229000,355.860100
90.879,1,0.745726,1.741380,0.001398,-0.229624,-0.701916,-0.310688,0.598381,314.687000,262.579300,355.966400
90.990,1,0.740894,1.739097,-0.000536,-0.225422,-0.706009,-0.301328,0.599948,315.896000,262.113500,356.546100
91.102,1,0.732603,1.737846,-0.005243,-0.211420,-0.715645,-0.286666,0.600813,318.367500,261.250600,356.789300
91.212,1,0.720834,1.732258,-0.015352,-0.191345,-0.734147,-0.254403,0.599745,322.911000,259.076000,358.261300
91.324,1,0.703935,1.718460,-0.029867,-0.152575,-0.757107,-0.196697,0.604004,331.173900,257.274800,359.569700
91.434,1,0.691788,1.702439,-0.044670,-0.128210,-0.768081,-0.151093,0.608921,337.154800,256.650900,0.804727
91.544,1,0.678091,1.673623,-0.060285,-0.084585,-0.778570,-0.090728,0.615177,345.797700,256.479300,1.187064
91.654,1,0.661002,1.637151,-0.072714,-0.033004,-0.782337,-0.028740,0.621317,355.067600,256.872400,0.915928
91.763,1,0.632248,1.571770,-0.089301,0.019531,-0.786870,0.045621,0.615120,5.498709,256.101700,1.461503
91.867,1,0.605577,1.508749,-0.099012,0.039200,-0.788380,0.064779,0.610511,8.627184,255.583000,1.001889
91.980,1,0.583666,1.439606,-0.101386,0.039655,-0.788044,0.068804,0.610476,9.024597,255.626400,1.247783
92.093,1,0.572383,1.362108,-0.097700,0.013405,-0.784364,0.052441,0.617934,5.671947,256.588100,2.521710
92.206,1,0.559684,1.287042,-0.095759,-0.004717,-0.786880,0.029408,0.616387,2.319155,256.196100,2.505399
92.318,1,0.548387,1.217811,-0.095551,-0.022980,-0.784591,0.016485,0.619368,359.851200,256.571900,3.237839
92.429,1,0.533597,1.132650,-0.096437,-0.028385,-0.786008,0.005663,0.617539,358.501300,256.272300,2.959663
92.541,1,0.522821,1.063093,-0.093946,-0.027633,-0.792052,-0.004053,0.609815,357.700500,255.142000,2.227182
92.652,1,0.516486,1.001583,-0.090427,-0.031879,-0.797553,-0.015671,0.602202,356.365400,254.051900,1.836106
92.763,1,0.512340,0.946502,-0.087511,-0.039676,-0.799971,-0.022657,0.598297,355.197200,253.497700,2.091559
92.875,1,0.504801,0.899821,-0.087540,-0.033483,-0.799809,-0.010788,0.599223,356.710300,253.614700,2.332520
92.986,1,0.484551,0.849024,-0.094642,0.005040,-0.806086,0.046166,0.589974,4.610054,252.508100,2.665110
93.096,1,0.465171,0.817534,-0.105311,0.038146,-0.814044,0.086517,0.573055,10.636410,250.489300,2.160632
93.207,1,0.445919,0.785992,-0.131843,0.075469,-0.848653,0.113671,0.511050,15.668530,242.014300,359.291200
93.319,1,0.444574,0.773422,-0.157488,0.096447,-0.890494,0.118003,0.428712,17.029180,230.781200,355.766100
93.430,1,0.462234,0.769471,-0.194113,0.108661,-0.944438,0.087344,0.297657,13.277650,213.929800,350.940600
93.542,1,0.481908,0.767652,-0.220362,0.134622,-0.968982,0.057601,0.199079,9.510579,202.052800,346.038300
93.652,1,0.491872,0.765381,-0.238835,0.148123,-0.976310,0.054939,0.147849,8.689236,195.996600,343.969300
93.763,1,0.493876,0.760108,-0.251239,0.166562,-0.978517,0.057717,0.106918,8.544148,191.078100,341.509700
93.875,1,0.492836,0.754767,-0.257766,0.178334,-0.978220,0.064952,0.084043,9.035722,188.223500,339.987200
93.986,1,0.494584,0.752435,-0.258859,0.182728,-0.978106,0.070537,0.070309,9.420555,186.504900,339.372700
94.097,1,0.500668,0.755547,-0.254993,0.175784,-0.980487,0.066404,0.057754,8.657166,185.218000,340.066900
94.208,1,0.509609,0.761937,-0.247455,0.169781,-0.982234,0.062804,0.049459,8.057783,184.392600,340.696000
94.320,1,0.523218,0.772741,-0.242763,0.155563,-0.985136,0.058914,0.042845,7.435298,183.821500,342.301400
94.431,1,0.555848,0.816246,-0.240337,0.126889,-0.991295,0.035061,0.002153,4.017313,179.734100,345.401900
94.543,1,0.601135,0.879033,-0.234737,0.131168,-0.985742,-0.015600,-0.104237,356.669200,168.360700,345.180500
94.655,1,0.648576,0.918168,-0.223299,0.141330,-0.962724,-0.031588,-0.228453,352.796400,154.254600,344.945300
94.767,1,0.704051,0.928377,-0.203859,0.142776,-0.918644,-0.024807,-0.367549,351.342200,137.475000,345.705900
94.878,1,0.738378,0.915593,-0.194243,0.127749,-0.884704,0.012422,-0.448135,354.691500,126.914100,346.220000
94.989,1,0.770435,0.894396,-0.189561,0.113191,-0.855636,0.056121,-0.501922,358.992300,119.335700,345.518000
95.100,1,0.786882,0.882357,-0.184610,0.111080,-0.843015,0.072630,-0.521260,0.381236,116.489700,344.751400
95.211,1,0.803638,0.875485,-0.171634,0.105912,-0.835672,0.079724,-0.532992,1.165811,114.785000,344.808000
95.322,1,0.818097,0.870120,-0.159674,0.090955,-0.835671,0.079862,-0.535727,2.064356,114.425300,346.246800
95.433,1,0.831618,0.871386,-0.154203,0.069361,-0.848137,0.085251,-0.518252,4.169935,116.710500,348.078800
95.545,1,0.837404,0.899676,-0.164034,0.043285,-0.893223,0.090962,-0.438184,7.155669,127.167400,350.893100
95.656,1,0.835413,0.953547,-0.173814,0.000224,-0.945887,0.072229,-0.316356,7.845270,142.831500,357.331400
95.767,1,0.830186,1.052791,-0.169714,-0.028641,-0.973736,0.013958,-0.225442,2.298017,153.985700,2.838644
95.878,1,0.819372,1.138679,-0.159174,-0.011184,-0.979531,-0.008314,-0.200813,359.324100,156.820200,1.446981
95.989,1,0.802037,1.252851,-0.139357,-0.005695,-0.989185,-0.016419,-0.145638,358.233600,163.234800,0.920090
96.100,1,0.792668,1.352008,-0.117512,-0.005974,-0.994990,-0.037394,-0.092528,355.796000,169.334500,1.080552
96.211,1,0.785850,1.432417,-0.101103,-0.017040,-0.999504,-0.018632,-0.018835,357.902300,177.804300,1.993595
96.322,1,0.789728,1.500820,-0.087878,-0.013091,-0.999711,-0.011994,0.016197,358.601500,181.838400,1.478059
96.433,1,0.798647,1.548377,-0.077327,-0.012159,-0.998086,0.013835,0.059039,1.500240,186.789900,1.484977
96.544,1,0.810090,1.584569,-0.069705,-0.012803,-0.992624,0.004586,0.120472,0.344887,193.844500,1.519827
96.655,1,0.818038,1.609196,-0.063744,-0.015524,-0.986126,-0.026388,0.163152,356.726100,198.752600,1.263033
96.766,1,0.826292,1.633493,-0.052810,-0.007012,-0.971816,-0.054113,0.229340,353.777400,206.591800,359.355000
96.877,1,0.823636,1.649143,-0.039417,-0.010624,-0.944660,-0.068623,0.320617,352.156700,217.589200,358.615700
96.988,1,0.814974,1.666703,-0.015911,-0.059080,-0.878509,-0.115030,0.459891,345.140500,235.278700,359.881600
97.100,1,0.804709,1.671116,-0.001867,-0.075644,-0.826267,-0.129152,0.543029,342.807500,246.764800,359.084600
97.211,1,0.790502,1.673764,0.011691,-0.076024,-0.778631,-0.142117,0.606430,341.728600,256.350100,356.741200
97.322,1,0.783868,1.677151,0.022353,-0.076580,-0.756527,-0.147802,0.632422,341.307200,260.496800,355.696800
97.434,1,0.784540,1.681959,0.031065,-0.081212,-0.741648,-0.150018,0.648736,340.859200,263.113600,355.496200
97.545,1,0.785947,1.685382,0.037534,-0.083863,-0.732495,-0.149689,0.658796,340.744000,264.702500,355.481700
97.656,1,0.785494,1.686188,0.039824,-0.079829,-0.730305,-0.148050,0.662090,341.219000,265.187100,355.186400
97.767,1,0.785495,1.686769,0.041186,-0.078761,-0.728135,-0.140466,0.666248,341.970600,265.611200,355.628900
97.878,1,0.786131,1.686091,0.041199,-0.075684,-0.730742,-0.135747,0.664726,342.601900,265.225600,355.801800
97.988,1,0.787236,1.683790,0.040777,-0.067475,-0.731323,-0.126136,0.666861,344.068600,265.301100,355.853000
98.100,1,0.786873,1.680646,0.039576,-0.056086,-0.730780,-0.118046,0.669985,345.659400,265.597500,355.488700
98.210,1,0.782437,1.673862,0.039037,-0.032711,-0.731926,-0.106276,0.672250,348.489300,265.694100,354.436300
98.321,1,0.775015,1.668961,0.044134,-0.011172,-0.733970,-0.088067,0.673355,351.702000,265.497900,354.071800
98.433,1,0.761582,1.668945,0.060757,0.010066,-0.742155,-0.065183,0.666975,355.220300,264.137200,354.131300
98.544,1,0.739024,1.666951,0.092656,0.024498,-0.750872,-0.057727,0.657465,356.877100,262.587700,353.519600
98.655,1,0.707701,1.661798,0.131640,0.039660,-0.750064,-0.050053,0.658274,358.689500,262.624500,352.794700
98.766,1,0.651836,1.651141,0.193084,0.052351,-0.730172,-0.039086,0.680133,0.809804,265.883200,352.551800
98.877,1,0.596442,1.641895,0.245554,0.056304,-0.702444,-0.027976,0.708957,2.322939,270.390200,353.173300
98.988,1,0.518651,1.626003,0.308096,0.061579,-0.659880,-0.014164,0.748709,4.216026,276.999500,354.102100
99.100,1,0.457182,1.615810,0.346978,0.082733,-0.646106,0.001615,0.758749,7.332884,278.780800,353.954400
99.211,1,0.406914,1.612609,0.371337,0.102088,-0.646602,0.016337,0.755789,10.104340,278.350100,353.741400
99.322,1,0.363954,1.604898,0.383227,0.118603,-0.648563,0.027034,0.751378,12.315650,277.681900,353.345400
99.433,1,0.324914,1.595706,0.380262,0.133024,-0.639272,0.035582,0.756551,14.286620,278.741200,353.110900
99.544,1,0.289444,1.590613,0.359746,0.133862,-0.638279,0.044858,0.756749,15.061980,278.898100,353.877600
99.656,1,0.259960,1.590521,0.334492,0.132248,-0.637250,0.048911,0.757648,15.232270,279.114700,354.383300
99.767,1,0.222166,1.588666,0.302438,0.143191,-0.658375,0.076835,0.734939,18.158420,275.560900,355.436100
99.878,1,0.200762,1.581990,0.286202,0.174153,-0.667049,0.110278,0.715930,23.358520,273.086700,355.349400
99.989,1,0.175596,1.579574,0.272656,0.188979,-0.672328,0.131289,0.703580,26.261110,271.567000,355.563800
100.100,1,0.156542,1.578453,0.263648,0.190785,-0.679437,0.136620,0.695199,26.802450,270.252500,355.547300
100.210,1,0.124162,1.576876,0.256660,0.188743,-0.686270,0.141304,0.688072,26.980280,269.152600,355.842900
100.322,1,0.085008,1.573387,0.254014,0.183686,-0.698945,0.138566,0.677153,26.261310,267.153900,355.580000
100.433,1,0.031047,1.567357,0.255726,0.180449,-0.717845,0.131031,0.659521,25.222830,263.925900,354.530200
100.545,1,-0.044477,1.561378,0.261100,0.178431,-0.737186,0.122724,0.640046,24.163940,260.501600,353.329900
100.646,1,-0.125863,1.564195,0.266383,0.167919,-0.753478,0.113832,0.625393,22.430960,258.020900,353.123800
100.753,1,-0.211784,1.579723,0.270774,0.158489,-0.770345,0.104741,0.608670,20.751070,255.312500,352.832500
100.865,1,-0.277219,1.602611,0.270074,0.139937,-0.788524,0.076310,0.593990,16.653720,252.837500,352.199400
100.977,1,-0.317509,1.623379,0.263984,0.115714,-0.806269,0.032184,0.579228,10.716300,250.565900,351.259500
101.088,1,-0.351240,1.654543,0.249051,0.054114,-0.829949,-0.061434,0.551798,357.578200,247.428800,350.922900
101.201,1,-0.365780,1.682970,0.234233,-0.006593,-0.837359,-0.177391,0.517030,342.308200,245.013500,349.575000
101.312,1,-0.361733,1.702842,0.221309,-0.050129,-0.833317,-0.277034,0.475734,329.375500,242.761400,347.923100
101.425,1,-0.361750,1.711909,0.198444,-0.061425,-0.852099,-0.309476,0.417588,324.640200,235.690100,349.130600
101.536,1,-0.366106,1.713368,0.176613,-0.056103,-0.881833,-0.315940,0.345550,323.417100,225.627100,351.448900
101.647,1,-0.386676,1.713868,0.151820,-0.042422,-0.901672,-0.309563,0.298931,324.295100,219.161900,352.316200
101.759,1,-0.414104,1.706006,0.125619,-0.029908,-0.916698,-0.276861,0.286563,328.349400,216.707200,352.993200
101.869,1,-0.459859,1.690726,0.083664,-0.007592,-0.943664,-0.208276,0.257027,336.610000,211.673700,354.201000
101.980,1,-0.498442,1.677488,0.047754,0.004015,-0.963731,-0.149764,0.220858,343.328100,206.463700,355.576100
102.089,1,-0.545103,1.662789,-0.000371,0.001096,-0.990085,-0.061227,0.126419,353.052300,194.614700,358.981200
102.199,1,-0.577830,1.651198,-0.035298,-0.000397,-0.999500,0.009802,0.030053,1.121315,183.445200,0.079275
102.309,1,-0.616963,1.625913,-0.072644,-0.007692,-0.988007,0.149568,-0.037581,17.225100,175.679300,0.237408
102.419,1,-0.638331,1.612775,-0.096808,-0.016989,-0.976509,0.204672,-0.065200,23.699690,172.445500,0.406168
102.530,1,-0.653625,1.607186,-0.122534,-0.016117,-0.972350,0.217664,-0.083058,25.211980,170.167100,359.695000
102.641,1,-0.657615,1.601005,-0.140952,-0.021570,-0.965826,0.239785,-0.096014,27.860640,168.575200,359.716100
102.752,1,-0.654744,1.590533,-0.148924,-0.018370,-0.958206,0.270943,-0.089965,31.503050,169.015800,359.089700
102.864,1,-0.646232,1.586154,-0.153239,-0.006325,-0.957661,0.281381,-0.060591,32.663270,172.321000,358.503700
102.975,1,-0.639580,1.574310,-0.160659,-0.009215,-0.954086,0.297354,-0.034857,34.614070,175.747100,359.781000
103.086,1,-0.639657,1.561668,-0.171772,-0.012500,-0.947312,0.320014,0.005952,37.312170,181.388800,1.980903
103.198,1,-0.642960,1.561010,-0.180729,0.001298,-0.949106,0.314798,0.009906,36.696760,181.285300,0.269531
103.308,1,-0.656556,1.560526,-0.200954,0.001528,-0.955364,0.295244,-0.010463,34.339690,178.550000,359.368700
103.420,1,-0.675059,1.554897,-0.223373,-0.004626,-0.952912,0.301042,-0.036203,35.034410,175.361800,359.091600
103.530,1,-0.709993,1.547877,-0.264794,-0.014560,-0.949423,0.301955,-0.084891,35.158410,169.256700,358.344500
103.642,1,-0.751059,1.548196,-0.312418,-0.023872,-0.945431,0.288602,-0.149331,33.561820,161.196800,357.176000
103.752,1,-0.792061,1.563081,-0.364086,-0.035398,-0.933531,0.263756,-0.240208,30.627490,150.033800,355.960200
103.864,1,-0.822865,1.582459,-0.404447,-0.055991,-0.917139,0.237210,-0.315360,28.061860,141.287100,356.952700
103.974,1,-0.838132,1.598391,-0.426239,-0.067892,-0.894096,0.212973,-0.388105,25.692150,132.434100,357.207200
104.085,1,-0.845596,1.616953,-0.443679,-0.053370,-0.857565,0.170936,-0.482199,20.160210,120.506200,355.520700
104.196,1,-0.843378,1.625950,-0.454171,-0.040399,-0.835456,0.141520,-0.529484,16.215370,114.568300,355.079400
104.307,1,-0.830572,1.629675,-0.462605,-0.037021,-0.821809,0.119038,-0.555959,13.698720,111.335500,355.778900
104.419,1,-0.817376,1.628789,-0.465050,-0.037476,-0.804476,0.105152,-0.583401,12.293100,107.706700,356.338700
104.530,1,-0.799311,1.632629,-0.477019,-0.038486,-0.779548,0.097607,-0.617492,11.519830,102.876000,356.457700
104.641,1,-0.781910,1.635064,-0.498443,-0.036097,-0.758171,0.088385,-0.645029,10.404060,98.905010,356.544200
104.752,1,-0.764344,1.631694,-0.526988,-0.037641,-0.729854,0.080138,-0.677846,9.671983,93.967480,356.877500
104.863,1,-0.749725,1.626995,-0.562401,-0.045870,-0.697416,0.084606,-0.710175,10.554000,88.658580,356.723400
104.974,1,-0.737229,1.630512,-0.596205,-0.056758,-0.670161,0.079899,-0.735717,10.988190,84.427440,357.577600
105.085,1,-0.722953,1.635371,-0.633144,-0.060716,-0.641921,0.077397,-0.760435,11.052410,80.114120,357.678200
105.196,1,-0.713620,1.638748,-0.653373,-0.063737,-0.622838,0.077095,-0.775930,11.241650,77.276500,357.648400
105.307,1,-0.703589,1.643243,-0.672539,-0.054431,-0.602097,0.065551,-0.793864,9.517976,74.169780,357.761000
105.418,1,-0.697026,1.648544,-0.683296,-0.034469,-0.587133,0.052364,-0.807059,6.726283,71.922130,357.458000
105.529,1,-0.686146,1.652028,-0.687725,-0.024471,-0.576907,0.044595,-0.815225,5.241410,70.454280,357.440200
105.641,1,-0.673965,1.654712,-0.676240,-0.025201,-0.573019,0.043927,-0.817976,5.253968,69.911430,357.526200
105.752,1,-0.663852,1.656419,-0.650912,-0.017880,-0.572715,0.039439,-0.818610,4.269525,69.860300,357.466000
105.863,1,-0.653884,1.655758,-0.622436,-0.011750,-0.593494,0.042610,-0.803624,3.983189,72.784320,356.866100
105.974,1,-0.640506,1.651488,-0.606132,-0.014241,-0.638394,0.050073,-0.767947,4.922331,79.328140,356.620900
106.086,1,-0.620605,1.634842,-0.600745,-0.056683,-0.708617,0.105881,-0.695297,13.231180,90.629930,356.059000
106.196,1,-0.604901,1.627444,-0.595853,-0.074006,-0.723227,0.135711,-0.673089,17.212970,93.425110,355.457900
106.307,1,-0.583636,1.619577,-0.591049,-0.091311,-0.716601,0.156428,-0.673555,20.316070,92.671400,355.115000
106.418,1,-0.568986,1.615299,-0.590825,-0.107975,-0.719423,0.169658,-0.664822,22.810230,93.635830,355.630800
106.529,1,-0.558592,1.608906,-0.582910,-0.115186,-0.732006,0.179082,-0.647170,24.284500,96.184780,356.026700
106.641,1,-0.552520,1.602153,-0.572959,-0.126098,-0.734463,0.179826,-0.642127,25.219870,97.026770,357.103600
106.752,1,-0.545444,1.598718,-0.569855,-0.130727,-0.724306,0.179351,-0.652782,25.498150,95.302780,357.156100
106.863,1,-0.533715,1.600228,-0.571964,-0.125573,-0.722194,0.168534,-0.658986,24.137700,94.693190,357.440800
106.974,1,-0.512978,1.600277,-0.576795,-0.112745,-0.716995,0.158895,-0.669298,22.257730,93.319230,356.839700
107.085,1,-0.470704,1.604178,-0.590235,-0.097214,-0.702405,0.135934,-0.691881,18.994800,90.342160,356.875800
107.196,1,-0.425883,1.612998,-0.603936,-0.071653,-0.675446,0.104212,-0.726484,14.175270,85.428450,356.770400
107.308,1,-0.363906,1.627348,-0.623312,-0.032925,-0.633170,0.074598,-0.769705,8.346045,78.572920,355.760400
107.419,1,-0.319972,1.639319,-0.634424,-0.012553,-0.588090,0.060554,-0.806428,5.248056,71.984090,355.224600
107.530,1,-0.276383,1.653960,-0.645914,0.012563,-0.518538,0.053211,-0.853305,1.933714,62.471830,354.036300
107.642,1,-0.245250,1.660449,-0.656022,0.015044,-0.490380,0.053520,-0.869734,1.508321,58.749370,353.806400
107.753,1,-0.219060,1.668078,-0.662424,0.020479,-0.504930,0.052259,-0.861334,1.002435,60.703590,353.643000
107.864,1,-0.197091,1.677741,-0.679291,0.060505,-0.607357,0.018979,-0.791895,355.826800,75.191310,354.040300
107.976,1,-0.193443,1.688558,-0.697505,0.096146,-0.731632,-0.041151,-0.673630,349.061900,95.204320,355.019100
108.089,1,-0.200489,1.701861,-0.709186,0.125214,-0.824381,-0.104626,-0.542007,342.047000,114.239700,354.387800
108.202,1,-0.204572,1.691919,-0.728500,0.136070,-0.886470,-0.075264,-0.435880,345.400700,128.976200,349.543400
108.312,1,-0.195597,1.676399,-0.748394,0.188308,-0.877269,0.007817,-0.441449,351.225800,128.122700,340.044500
108.424,1,-0.174394,1.663515,-0.766359,0.208853,-0.847420,0.063224,-0.484006,354.547700,121.726200,335.350900
108.534,1,-0.146402,1.649731,-0.777798,0.198917,-0.827427,0.107528,-0.514037,358.478200,116.651700,333.903700
108.644,1,-0.096170,1.632772,-0.787446,0.170489,-0.801258,0.147012,-0.554353,2.669037,110.031300,334.107900
108.755,1,-0.049476,1.622981,-0.794099,0.150002,-0.780158,0.165251,-0.584419,4.733142,105.259500,334.617200
108.866,1,0.012266,1.620800,-0.804054,0.141399,-0.753018,0.175005,-0.618339,5.088727,100.064000,334.464200
108.977,1,0.059420,1.618532,-0.815117,0.140887,-0.740600,0.178589,-0.632272,4.954726,97.885200,334.141800
109.088,1,0.121264,1.608806,-0.831060,0.138049,-0.730519,0.196398,-0.639306,6.340361,96.089360,332.896600
109.199,1,0.164429,1.599360,-0.839995,0.134544,-0.723468,0.211875,-0.643119,7.672678,94.805020,331.873600
109.310,1,0.203508,1.593031,-0.844052,0.126314,-0.713594,0.225834,-0.651020,9.081708,92.922360,331.292400
109.421,1,0.216689,1.601396,-0.843985,0.130243,-0.708240,0.213089,-0.660323,7.459786,92.146340,331.973600
109.532,1,0.210231,1.627305,-0.841897,0.168666,-0.696774,0.157456,-0.679166,359.445300,91.597880,333.324100
109.644,1,0.186309,1.661922,-0.839387,0.261197,-0.651431,0.091682,-0.706405,345.547800,89.122630,330.975400
109.757,1,0.157215,1.689043,-0.836217,0.336405,-0.591854,0.025996,-0.732028,332.500300,85.273990,330.538700
109.868,1,0.117468,1.711590,-0.833038,0.406916,-0.534510,-0.055477,-0.738675,318.664700,82.543810,331.953700
109.980,1,0.092483,1.720424,-0.830283,0.434233,-0.504587,-0.091329,-0.740603,312.662700,80.344120,333.447100
110.091,1,0.074836,1.725409,-0.821993,0.425866,-0.485373,-0.099201,-0.757107,312.170500,75.675150,336.918000
110.202,1,0.071003,1.723821,-0.795750,0.337575,-0.465511,-0.073740,-0.814804,321.773800,64.460550,345.693600
110.312,1,0.057539,1.702866,-0.754049,0.175650,-0.407706,-0.023534,-0.895751,340.496300,50.004590,353.845000
110.421,1,0.028091,1.676227,-0.714285,0.029048,-0.320832,0.015611,-0.946562,357.422200,37.509870,357.234900
110.531,1,-0.001374,1.661304,-0.686627,-0.047519,-0.270217,0.048775,-0.960389,6.755504,31.197310,356.073300
110.641,1,-0.025895,1.658770,-0.667260,-0.070726,-0.260341,0.042186,-0.961998,9.093286,30.081230,357.426300
110.752,1,-0.049865,1.657061,-0.656430,-0.084097,-0.245826,0.040466,-0.964811,10.496150,28.392040,357.858800
110.863,1,-0.070795,1.657963,-0.652687,-0.082937,-0.245717,0.035922,-0.965119,10.238220,28.418660,358.335700
110.974,1,-0.086634,1.660756,-0.649308,-0.070030,-0.249970,0.027480,-0.965327,8.565625,28.957290,358.954500
111.085,1,-0.103985,1.665052,-0.645695,-0.052052,-0.258680,0.016409,-0.964420,6.251278,30.014410,359.727900
111.197,1,-0.114531,1.666918,-0.641662,-0.044608,-0.267251,0.010376,-0.962538,5.245229,31.045070,0.222604
111.308,1,-0.124957,1.667024,-0.633822,-0.043113,-0.276172,0.009424,-0.960095,5.048041,32.110300,0.328854
111.419,1,-0.131048,1.667145,-0.626146,-0.041842,-0.284682,0.009056,-0.957666,4.893116,33.126840,0.372515
111.530,1,-0.137060,1.668838,-0.614615,-0.030379,-0.305343,0.005942,-0.951739,3.523354,35.587960,0.415716
111.642,1,-0.140524,1.672157,-0.605462,-0.002393,-0.330339,-0.003456,-0.943853,0.127962,38.579520,0.464429
111.753,1,-0.139995,1.676861,-0.597171,0.021812,-0.350301,-0.007666,-0.936352,357.351000,41.024150,359.946900
111.865,1,-0.134152,1.688960,-0.590723,0.080736,-0.372542,-0.024763,-0.924165,350.347200,43.980510,359.163900
111.976,1,-0.124329,1.699566,-0.584042,0.145484,-0.382581,-0.045025,-0.911284,342.566100,45.817340,358.242600
112.088,1,-0.098610,1.704336,-0.566544,0.194335,-0.375212,-0.059423,-0.904389,336.665300,45.559500,357.606300
112.200,1,-0.060447,1.702990,-0.540872,0.199441,-0.369353,-0.061858,-0.905525,335.990300,44.850960,357.785300
112.311,1,-0.013175,1.702472,-0.513423,0.196837,-0.385674,-0.058606,-0.899487,336.465000,47.021020,357.099000
112.423,1,0.039087,1.702614,-0.488117,0.181883,-0.430582,-0.050158,-0.882611,338.638100,52.802050,355.807200
112.533,1,0.091872,1.701321,-0.460060,0.162866,-0.483468,-0.030610,-0.859533,341.966300,59.719290,353.668600
112.645,1,0.139239,1.698354,-0.429718,0.146884,-0.534822,-0.023087,-0.831780,344.392600,66.452260,352.920200
112.756,1,0.174181,1.695123,-0.400425,0.144187,-0.570470,-0.024173,-0.808202,344.891700,71.424130,352.534700
112.867,1,0.212029,1.692361,-0.353437,0.140493,-0.602292,-0.026743,-0.785361,345.351400,75.941700,352.443500
112.978,1,0.239765,1.691514,-0.313108,0.131897,-0.620859,-0.033045,-0.772040,345.836400,78.441620,353.322000
113.089,1,0.273402,1.691754,-0.262178,0.124827,-0.640934,-0.036662,-0.756491,346.357800,81.285050,353.824300
113.200,1,0.300035,1.690723,-0.216602,0.113186,-0.655560,-0.046039,-0.745192,346.758700,83.223450,355.298600
113.311,1,0.324799,1.689579,-0.171755,0.104713,-0.661922,-0.059195,-0.739859,346.508000,83.991360,356.991700
113.423,1,0.350457,1.684654,-0.129400,0.095310,-0.666112,-0.070020,-0.736416,346.487500,84.427190,358.594600
113.534,1,0.372082,1.678645,-0.096219,0.083244,-0.671451,-0.079810,-0.732021,346.758900,85.023030,0.297687
113.645,1,0.397171,1.669700,-0.061627,0.070154,-0.675401,-0.091156,-0.728424,346.977300,85.418480,2.237478
113.756,1,0.411585,1.663218,-0.043521,0.064188,-0.679424,-0.097656,-0.724380,346.956400,85.966450,3.192717
113.867,1,0.421213,1.657051,-0.033974,0.058252,-0.681747,-0.100755,-0.722272,347.201300,86.257220,3.887846
113.978,1,0.423604,1.654609,-0.037095,0.053128,-0.672046,-0.092792,-0.732750,348.312200,84.664210,3.781096
114.088,1,0.429304,1.658812,-0.055316,0.053532,-0.666512,-0.070465,-0.740224,350.027000,83.833590,1.917823
114.199,1,0.440733,1.658812,-0.069696,0.053120,-0.660651,-0.051356,-0.747048,351.533900,82.947710,0.379062
114.310,1,0.469243,1.656606,-0.083593,0.058427,-0.651193,-0.031575,-0.756001,352.561300,81.587490,358.361500
114.421,1,0.515935,1.649749,-0.091370,0.057934,-0.641814,-0.019086,-0.764431,353.507600,80.181290,357.393500
114.532,1,0.582774,1.640289,-0.095881,0.062795,-0.629687,-0.006226,-0.774282,353.968100,78.450710,355.995900
114.644,1,0.666716,1.644359,-0.098427,0.071775,-0.614737,0.004080,-0.785449,353.815200,76.392880,354.536700
114.755,1,0.742972,1.658027,-0.097195,0.076047,-0.605897,0.006987,-0.791869,353.571000,75.177790,354.037800
114.866,1,0.825656,1.668861,-0.090101,0.078657,-0.591768,0.010339,-0.802195,353.456400,73.194110,353.661600
114.978,1,0.873047,1.672265,-0.080309,0.078026,-0.581949,0.016836,-0.809299,353.875100,71.803400,353.180400
115.088,1,0.911747,1.674315,-0.061646,0.075330,-0.562908,0.017849,-0.822886,354.037300,69.093120,353.407600
115.200,1,0.929207,1.675315,-0.038394,0.074813,-0.541506,0.017000,-0.837189,353.866000,66.129880,353.677800
115.311,1,0.933907,1.674082,-0.004159,0.068793,-0.512407,0.014308,-0.855863,354.082800,62.101570,354.519900
115.422,1,0.924294,1.672335,0.041348,0.062280,-0.473833,0.004420,-0.878399,353.959900,56.890530,356.149200
115.532,1,0.900282,1.668366,0.094870,0.054656,-0.441484,-0.008617,-0.895562,353.943800,52.583760,358.108300
115.644,1,0.864053,1.664650,0.159359,0.049856,-0.401796,-0.022148,-0.914103,353.745500,47.454590,0.024614
115.755,1,0.828072,1.665178,0.221402,0.048714,-0.359530,-0.026131,-0.931495,353.711000,42.167100,0.787086
115.866,1,0.781720,1.666896,0.301058,0.040704,-0.313301,-0.027130,-0.948393,354.594300,36.491380,1.493943
115.978,1,0.747852,1.667128,0.352669,0.034117,-0.289019,-0.030252,-0.956237,355.254200,33.543620,2.193021
116.088,1,0.712125,1.669368,0.406638,0.035014,-0.255523,-0.028261,-0.965756,355.292300,29.553070,2.109927
116.200,1,0.691519,1.670124,0.443008,0.035469,-0.223606,-0.025447,-0.973702,355.385400,25.788850,1.937109
116.310,1,0.670713,1.667706,0.491441,0.033791,-0.155479,-0.018626,-0.987085,355.842300,17.847830,1.508911
116.422,1,0.653544,1.662879,0.537408,0.026084,-0.052692,-0.004246,-0.998261,356.989200,6.034355,0.328669
116.532,1,0.636447,1.666842,0.575923,0.044908,0.067658,0.017726,-0.996540,354.726900,352.309500,358.316500
116.640,1,0.617145,1.677410,0.599762,0.089177,0.170319,0.029214,-0.980911,349.344700,340.446000,358.429500
116.750,1,0.573588,1.687601,0.608954,0.103082,0.342754,0.054781,-0.932145,346.719000,319.838300,358.147400
116.861,1,0.532281,1.694845,0.597408,0.114682,0.479615,0.068177,-0.867277,344.673500,302.179600,359.509800
116.972,1,0.498078,1.702129,0.578820,0.144654,0.556433,0.099755,-0.812100,339.759500,291.175300,359.936300
117.084,1,0.465095,1.704485,0.552709,0.170845,0.596787,0.122537,-0.774365,335.741700,284.567600,0.888662
117.196,1,0.430444,1.705799,0.519095,0.181363,0.616396,0.129600,-0.755227,334.296700,281.155400,1.769807
117.309,1,0.378311,1.708665,0.462275,0.190612,0.645736,0.124840,-0.728771,333.956600,275.966000,4.098252
117.419,1,0.338622,1.711420,0.412389,0.196506,0.674630,0.130004,-0.699542,333.234700,270.803500,5.350119
117.520,1,0.300616,1.711683,0.355769,0.198167,0.713262,0.138696,-0.657838,332.704700,263.796700,6.474881
117.631,1,0.270660,1.708009,0.307023,0.186747,0.765587,0.144888,-0.598340,333.555900,254.319500,7.221750
117.742,1,0.246253,1.705742,0.274120,0.159830,0.811977,0.144727,-0.542403,335.894700,246.107300,6.450982
117.852,1,0.222211,1.701115,0.252261,0.134828,0.843874,0.138897,-0.500405,338.323800,240.287100,5.467695
117.963,1,0.201342,1.692742,0.235246,0.104689,0.876081,0.117101,-0.455861,342.504700,234.269800,4.610822
118.075,1,0.185975,1.689989,0.224014,0.100499,0.889978,0.118185,-0.428802,342.749400,230.744000,4.656401
118.186,1,0.175403,1.690324,0.204771,0.110166,0.889387,0.155946,-0.415373,338.351400,229.284600,4.097154
118.297,1,0.175413,1.694585,0.181416,0.127531,0.884355,0.181865,-0.410582,334.761300,228.725500,4.833996
118.408,1,0.179371,1.692471,0.137862,0.132956,0.882510,0.192634,-0.407911,333.354300,228.435400,4.975282
118.510,1,0.186253,1.691824,0.090696,0.144385,0.880236,0.198701,-0.406024,332.156700,228.029500,6.026270
118.617,1,0.193694,1.695798,0.031320,0.148962,0.883006,0.198523,-0.398371,332.012500,226.863200,6.822233
118.728,1,0.203063,1.699613,-0.047654,0.147782,0.889175,0.197938,-0.385162,332.235300,225.069000,7.162747
118.840,1,0.209489,1.704596,-0.105403,0.156160,0.890077,0.196826,-0.380312,332.020300,224.187800,8.352174
118.950,1,0.215255,1.708044,-0.165229,0.155598,0.890549,0.204831,-0.375175,331.211600,223.608600,8.096946
119.061,1,0.217881,1.707186,-0.207780,0.155809,0.894267,0.203273,-0.367002,331.450000,222.465800,8.475580
119.172,1,0.216927,1.704242,-0.241086,0.152126,0.900873,0.195333,-0.356553,332.585600,221.051700,8.734332
119.284,1,0.214239,1.697069,-0.267793,0.140810,0.914349,0.165447,-0.341709,336.497800,219.094500,9.061494
119.395,1,0.210851,1.684308,-0.279383,0.105754,0.941014,0.100409,-0.305330,345.312200,214.896700,8.184950
119.505,1,0.209844,1.661707,-0.271215,0.054539,0.974336,-0.013908,-0.217949,0.190756,205.228500,6.450358
119.614,1,0.211782,1.642700,-0.247933,0.032754,0.987473,-0.084747,-0.129004,9.144238,195.288500,5.029420
119.724,1,0.205645,1.630479,-0.201407,0.028897,0.992273,-0.114808,-0.037141,13.043740,184.730600,3.877287
119.835,1,0.193973,1.626595,-0.159103,0.039004,0.991414,-0.121936,0.026630,14.114240,177.441600,4.189111
119.947,1,0.175078,1.625136,-0.106446,0.061887,0.984893,-0.116067,0.112629,14.038100,167.650400,5.664684
120.059,1,0.167178,1.617454,-0.064905,0.072760,0.966422,-0.137966,0.204207,17.240430,156.905700,5.063090
120.169,1,0.162695,1.608250,-0.008770,0.076398,0.935663,-0.159335,0.305469,20.172110,144.334600,2.785887
120.281,1,0.161691,1.604882,0.035282,0.090045,0.913429,-0.164134,0.361387,21.403360,137.362500,2.823773
120.391,1,0.164762,1.605273,0.070295,0.090698,0.900552,-0.173109,0.388347,22.471980,133.701600,1.792479
120.503,1,0.169566,1.607980,0.093856,0.080570,0.904553,-0.177439,0.379221,22.464630,134.647300,0.693404
120.613,1,0.178178,1.615667,0.103073,0.067700,0.928251,-0.158644,0.329543,19.824710,141.133700,1.286738
120.725,1,0.187747,1.628543,0.098011,0.062015,0.968726,-0.113700,0.211652,14.272860,155.884600,4.261847
120.836,1,0.192898,1.648362,0.093441,0.061359,0.997942,-0.011357,0.014756,1.402653,178.391700,7.017170
120.948,1,0.219437,1.656899,0.104466,0.029013,0.971143,0.073314,-0.225087,351.056600,205.992700,1.354286
121.061,1,0.267047,1.640082,0.112716,-0.043280,0.914277,0.022266,-0.402155,359.661700,227.502200,354.430600
121.171,1,0.328118,1.632783,0.111934,-0.080013,0.870371,-0.029742,-0.484941,7.433599,237.834300,353.605600
121.282,1,0.379266,1.626949,0.111101,-0.105709,0.844092,-0.076574,-0.520068,13.840630,242.567200,354.159300
121.392,1,0.415999,1.618100,0.114231,-0.130567,0.816224,-0.121740,-0.549464,20.012010,247.039800,355.155000
121.503,1,0.441357,1.604711,0.118379,-0.152393,0.793504,-0.156040,-0.568136,24.884930,250.303500,355.919900
121.612,1,0.454496,1.592417,0.123634,-0.170792,0.785590,-0.184660,-0.565314,28.897010,250.472400,356.098900
121.724,1,0.458564,1.587219,0.132962,-0.177594,0.786403,-0.197927,-0.557544,30.619480,249.602200,356.094400
121.834,1,0.458734,1.599089,0.142117,-0.151999,0.803992,-0.169693,-0.549269,26.093700,247.821700,356.297300
121.946,1,0.465552,1.633336,0.165016,-0.050360,0.794155,-0.054037,-0.603209,8.428955,254.374600,359.143000
122.058,1,0.489811,1.662831,0.180204,0.032347,0.758481,0.033598,-0.650024,354.662600,261.179200,0.310185
122.170,1,0.529425,1.682345,0.180875,0.063163,0.728359,0.083480,-0.677152,348.044600,265.956100,358.767300
122.282,1,0.559178,1.676961,0.165507,0.043353,0.706276,0.077476,-0.702348,350.192600,269.918100,357.231700
122.393,1,0.581348,1.656589,0.136312,-0.034891,0.690459,0.011092,-0.722444,2.011343,272.529000,356.316300
122.503,1,0.603529,1.632763,0.100017,-0.108406,0.673374,-0.050556,-0.729561,13.077200,274.099300,355.747600
122.613,1,0.626762,1.613026,0.061679,-0.157118,0.666878,-0.106024,-0.720657,21.584110,273.772200,356.501500
122.724,1,0.648897,1.598464,0.028772,-0.187963,0.678021,-0.143735,-0.695915,27.163000,270.638500,356.466700
122.834,1,0.668343,1.598693,0.007367,-0.191260,0.691800,-0.145967,-0.680828,27.541400,268.039500,355.739600
122.946,1,0.694779,1.621334,-0.005779,-0.126733,0.705274,-0.089197,-0.691789,17.527410,268.380800,356.672300
123.054,1,0.711326,1.638289,-0.007678,-0.085677,0.706441,-0.046195,-0.701047,10.684140,269.253800,356.716600
123.167,1,0.740804,1.669693,-0.008387,0.005201,0.699269,0.032153,-0.714117,356.996600,271.261900,357.782100
123.279,1,0.772339,1.692928,-0.009599,0.089695,0.682989,0.112471,-0.716122,343.614500,273.045000,357.696300
123.392,1,0.819617,1.710739,-0.010965,0.180823,0.660681,0.202464,-0.699866,328.625300,274.137900,357.014800
123.505,1,0.855542,1.718997,-0.011209,0.232057,0.645951,0.257205,-0.680252,319.609100,274.351800,356.225900
123.616,1,0.882054,1.723284,-0.010316,0.267916,0.630973,0.297024,-0.664734,313.028600,275.060500,355.226100
123.728,1,0.905288,1.724869,-0.007954,0.289209,0.623498,0.322041,-0.651075,308.906000,275.043900,354.636700
123.840,1,0.914977,1.724592,-0.004918,0.289870,0.625411,0.327328,-0.646291,308.361500,274.590600,354.403700
123.950,1,0.919697,1.723363,-0.003614,0.279859,0.633247,0.325541,-0.643972,309.399600,273.735700,354.136800
124.062,1,0.916800,1.721986,-0.005091,0.263857,0.643621,0.312221,-0.647031,311.982300,272.764600,354.476400
124.173,1,0.912011,1.721930,-0.008504,0.253036,0.650580,0.300515,-0.649930,313.951400,272.100400,354.925600
124.284,1,0.907237,1.724643,-0.014976,0.247688,0.659041,0.296462,-0.645311,314.729900,270.702700,355.424000
124.395,1,0.901910,1.727310,-0.022079,0.248213,0.667077,0.296296,-0.636874,314.645900,268.923600,356.226100
124.506,1,0.894971,1.731137,-0.030918,0.254580,0.676965,0.302845,-0.620639,313.444900,266.149000,357.396900
124.617,1,0.891577,1.734389,-0.038270,0.269599,0.680967,0.313791,-0.604264,311.133400,263.646100,358.950500
124.728,1,0.887664,1.736082,-0.044994,0.278834,0.684105,0.322144,-0.592010,309.564800,261.741200,0.007034
124.839,1,0.884704,1.736880,-0.047975,0.280404,0.685044,0.327705,-0.587110,308.900300,261.222800,359.943500
124.950,1,0.882653,1.736768,-0.052542,0.280589,0.683411,0.328202,-0.588645,308.837500,261.604600,359.737300
125.061,1,0.881482,1.735982,-0.057673,0.278388,0.684827,0.327133,-0.588639,309.122500,261.526500,359.652100
125.172,1,0.879226,1.733478,-0.064652,0.269686,0.692563,0.314183,-0.590690,311.080700,260.827700,0.207415
125.284,1,0.875905,1.730519,-0.070964,0.252212,0.696477,0.293310,-0.604383,314.485200,262.011600,359.736500
125.395,1,0.875624,1.728713,-0.074840,0.245674,0.691108,0.285509,-0.616846,315.755500,263.912200,358.987800
125.505,1,0.875467,1.726351,-0.078238,0.239270,0.684895,0.282634,-0.627524,316.571800,265.841500,357.871900
125.616,1,0.872331,1.726327,-0.074596,0.238577,0.690003,0.268414,-0.628435,317.911800,264.894100,359.372700
125.727,1,0.869757,1.728328,-0.058101,0.238977,0.677354,0.276142,-0.638614,317.209500,267.513500,357.738900
125.839,1,0.869107,1.727073,-0.044579,0.232424,0.669614,0.285308,-0.645133,317.001400,269.623400,355.541600
125.949,1,0.869816,1.728082,-0.032613,0.233217,0.665376,0.292505,-0.646007,316.324700,270.457000,354.639700
126.060,1,0.869933,1.728553,-0.026385,0.238019,0.665590,0.299169,-0.640964,315.301900,270.054300,354.618500
126.171,1,0.868428,1.729303,-0.021490,0.239474,0.666981,0.299480,-0.638827,315.133200,269.642400,354.885400
126.283,1,0.866106,1.729455,-0.018466,0.238614,0.669118,0.298306,-0.637462,315.298000,269.249400,355.077100
126.395,1,0.865000,1.729291,-0.017303,0.238055,0.672267,0.295128,-0.635836,315.610100,268.618700,355.567100
126.505,1,0.864833,1.728727,-0.017305,0.235542,0.675715,0.292952,-0.634120,316.002400,268.076800,355.757700
126.616,1,0.863546,1.727575,-0.019263,0.232238,0.677222,0.286868,-0.636508,316.828100,268.025500,356.018900
126.728,1,0.855828,1.722376,-0.025359,0.202372,0.694590,0.257125,-0.640685,321.938600,266.590900,356.480000
126.838,1,0.849036,1.717784,-0.032038,0.180539,0.705836,0.226375,-0.646495,326.426800,265.760300,357.397000
126.949,1,0.849969,1.717515,-0.036924,0.185364,0.707677,0.223560,-0.644092,326.275600,265.149000,358.234100
127.061,1,0.853101,1.718414,-0.037502,0.197379,0.704422,0.233221,-0.640656,324.445600,265.040300,358.538400
127.171,1,0.852589,1.718373,-0.033803,0.196041,0.700087,0.237450,-0.644254,324.192000,265.962000,357.776400
127.283,1,0.850824,1.717862,-0.029859,0.192497,0.697810,0.237579,-0.647737,324.483000,266.620100,357.244900
127.394,1,0.849140,1.717482,-0.025938,0.190899,0.695884,0.237895,-0.650161,324.597000,267.089100,356.930000
127.509,2,0.847273,1.716709,-0.022589,0.189153,0.694454,0.237060,-0.652501,324.823300,267.469500,356.728300
127.617,2,0.846276,1.715974,-0.020763,0.186842,0.694116,0.236931,-0.653572,325.030200,267.663100,356.479200
127.728,2,0.840962,1.713384,-0.019549,0.174058,0.696072,0.225820,-0.658933,327.060100,267.977000,356.222800
127.839,2,0.829410,1.705703,-0.021134,0.133516,0.710638,0.180782,-0.666698,334.216600,267.093100,356.734600
127.948,2,0.815198,1.692950,-0.026086,0.077231,0.729345,0.112461,-0.670406,344.478700,265.487000,357.731800
128.059,2,0.810328,1.688917,-0.028557,0.064857,0.736833,0.093757,-0.666394,347.020300,264.449100,358.272200
128.169,2,0.817017,1.700516,-0.024493,0.110174,0.720777,0.145786,-0.668647,339.053600,266.112600,357.782400
128.282,2,0.827593,1.708557,-0.018857,0.143212,0.703869,0.187385,-0.670034,332.889800,267.947400,356.811900
128.394,2,0.833050,1.711683,-0.017104,0.150862,0.701400,0.207174,-0.665100,330.573900,268.062800,355.789200
128.506,2,0.835461,1.714210,-0.017710,0.156697,0.702093,0.219953,-0.658887,328.979500,267.660800,355.327100
128.616,2,0.835508,1.715101,-0.019604,0.159457,0.704940,0.221852,-0.654535,328.565400,266.994800,355.590300
128.728,2,0.833301,1.715765,-0.020781,0.162473,0.706172,0.221097,-0.652718,328.374700,266.623400,356.016000
128.839,2,0.832035,1.716703,-0.021665,0.165560,0.706835,0.222402,-0.650777,328.002000,266.345700,356.253100
128.950,2,0.830660,1.717226,-0.020960,0.166557,0.706390,0.220851,-0.651534,328.058700,266.388300,356.454700
129.061,2,0.828597,1.716600,-0.021672,0.163942,0.712232,0.213393,-0.648315,328.899400,265.424800,357.110700
129.172,2,0.820604,1.706985,-0.026561,0.119186,0.734995,0.161888,-0.647588,336.899800,263.204100,357.852300
129.282,2,0.807312,1.686275,-0.037163,0.045723,0.777306,0.062350,-0.624353,351.139700,257.575100,359.607100
129.390,2,0.793425,1.663817,-0.046603,-0.005269,0.816814,-0.033882,-0.575881,3.521290,250.423900,1.746316
129.492,2,0.780057,1.647562,-0.044956,-0.036183,0.849470,-0.088885,-0.518837,10.868490,243.002000,1.794951
129.603,2,0.763282,1.641468,-0.035829,-0.031113,0.878435,-0.106186,-0.464875,12.443860,236.058300,2.586324
129.705,2,0.745034,1.631264,-0.023058,-0.040868,0.900442,-0.138990,-0.410141,16.488880,229.327400,2.415464
129.816,2,0.719257,1.622639,-0.003604,-0.050119,0.911405,-0.165834,-0.373267,19.858590,224.889300,1.976816
129.928,2,0.677827,1.613435,0.024756,-0.063568,0.915649,-0.194231,-0.346151,23.559580,221.652500,1.128573
130.039,2,0.645094,1.602749,0.045249,-0.072570,0.914812,-0.216616,-0.333062,26.402010,220.183700,0.736776
130.150,2,0.607518,1.589045,0.060428,-0.078900,0.911199,-0.239450,-0.325815,29.195180,219.560100,0.803794
130.261,2,0.587946,1.585633,0.065628,-0.086540,0.909209,-0.255747,-0.316930,31.326100,218.524000,0.318097
130.372,2,0.580499,1.591110,0.059540,-0.084464,0.920468,-0.240099,-0.296577,29.479110,215.491700,359.139300
130.484,2,0.582829,1.589404,0.046176,-0.081263,0.928572,-0.241571,-0.269803,29.503810,212.046600,358.646000
130.595,2,0.587412,1.589403,0.034634,-0.084256,0.930896,-0.250427,-0.252229,30.580350,209.765100,357.967200
130.706,2,0.592849,1.586716,0.022807,-0.088423,0.933137,-0.254062,-0.238513,31.086400,207.860000,357.066500
130.817,2,0.594720,1.583861,0.015871,-0.092294,0.932500,-0.261650,-0.231226,32.049950,206.859200,356.541700
130.929,2,0.590951,1.578119,0.012376,-0.096825,0.926107,-0.272931,-0.241785,33.528280,208.282700,356.743100
131.044,2,0.583686,1.575016,0.015218,-0.096979,0.918076,-0.275889,-0.267614,33.950710,211.861000,357.899400
131.154,2,0.578014,1.571373,0.020730,-0.100112,0.911817,-0.286249,-0.276819,35.270600,213.238000,358.309200
131.259,2,0.573059,1.569890,0.027912,-0.106777,0.907631,-0.289867,-0.284222,35.935940,214.108500,357.943500
131.360,2,0.567184,1.570650,0.036615,-0.107280,0.903272,-0.289361,-0.298097,35.923370,216.039300,358.493400
131.461,2,0.562150,1.570098,0.043157,-0.108195,0.900317,-0.290848,-0.305175,36.139100,217.049100,358.772500
131.568,2,0.554038,1.568088,0.049268,-0.116885,0.895448,-0.292933,-0.314167,36.730800,218.066900,358.193200
131.669,2,0.541244,1.560723,0.051001,-0.126816,0.885235,-0.304370,-0.328078,38.468860,220.036900,358.184100
131.777,2,0.528224,1.551037,0.043694,-0.134890,0.879302,-0.307983,-0.337311,39.243700,221.197900,357.821000
131.886,2,0.509905,1.534888,0.022078,-0.148952,0.863871,-0.315344,-0.363455,40.776260,224.844600,357.871600
131.989,2,0.494545,1.515092,-0.011218,-0.161513,0.846853,-0.327150,-0.386945,42.772510,228.490300,358.409200
132.099,2,0.481627,1.498903,-0.044091,-0.170137,0.836919,-0.325407,-0.405871,43.061720,231.104400,358.381500
132.209,2,0.460065,1.468289,-0.094906,-0.191964,0.822854,-0.304899,-0.439428,42.104420,234.780200,356.294100
132.310,2,0.440121,1.427568,-0.126286,-0.210611,0.814952,-0.291936,-0.454170,41.846240,235.959000,353.982100
132.412,2,0.420101,1.380031,-0.146360,-0.216494,0.808587,-0.290388,-0.463673,42.095780,237.254700,353.747200
132.513,2,0.398874,1.341000,-0.159905,-0.215200,0.804532,-0.303230,-0.463109,43.411840,237.793900,354.833600
132.627,2,0.377063,1.295939,-0.166716,-0.212536,0.819253,-0.278349,-0.454064,40.472800,235.333300,352.790700
132.739,2,0.369114,1.240694,-0.165516,-0.203956,0.826309,-0.266621,-0.452249,38.689540,234.904400,352.942400
132.850,2,0.363011,1.171005,-0.164701,-0.181691,0.828896,-0.248245,-0.467220,35.543320,237.251600,355.118800
132.960,2,0.359234,1.112918,-0.163453,-0.170970,0.824458,-0.224394,-0.490598,32.531440,240.284100,355.800500
133.069,2,0.359589,1.031858,-0.161204,-0.150140,0.788342,-0.196254,-0.563436,28.595220,250.848600,358.983900
133.179,2,0.360171,0.971760,-0.158573,-0.127347,0.747720,-0.179553,-0.626465,25.345050,260.407200,2.189501
133.290,2,0.364881,0.900231,-0.152661,-0.124597,0.687984,-0.161220,-0.696536,23.291240,271.391700,3.317299
133.401,2,0.372562,0.853821,-0.148186,-0.128541,0.655912,-0.136477,-0.731185,21.531270,276.575100,1.907080
133.512,2,0.381076,0.818445,-0.144460,-0.126887,0.633821,-0.123955,-0.752865,20.376500,280.096800,1.576850
133.624,2,0.384057,0.803477,-0.144161,-0.136546,0.620688,-0.116841,-0.763184,20.699250,281.856800,0.541275
133.735,2,0.386588,0.802708,-0.147569,-0.146320,0.618535,-0.115989,-0.763250,21.521150,281.911400,359.756700
133.846,2,0.389677,0.801121,-0.153517,-0.133603,0.611481,-0.115574,-0.771287,20.330520,283.347900,0.909792
133.957,2,0.391560,0.798418,-0.154602,-0.132355,0.613578,-0.113806,-0.770099,20.090920,283.046800,0.784801
134.068,2,0.391440,0.793113,-0.152552,-0.129671,0.599972,-0.108306,-0.781978,19.436410,285.149100,0.837799
134.179,2,0.388925,0.792074,-0.150587,-0.128640,0.598350,-0.113596,-0.782640,19.712360,285.454600,1.452711
134.290,2,0.386147,0.791309,-0.147796,-0.132389,0.595169,-0.109407,-0.785033,19.760570,285.815600,0.863838
134.398,2,0.384869,0.789859,-0.147552,-0.130642,0.591652,-0.112542,-0.787537,19.812400,286.408400,1.380886
134.510,2,0.385068,0.788198,-0.148503,-0.130339,0.594072,-0.112600,-0.785756,19.792510,286.052400,1.345304
134.622,2,0.387740,0.788109,-0.148528,-0.130330,0.593641,-0.112808,-0.786053,19.805440,286.118900,1.376931
134.733,2,0.392202,0.789280,-0.148697,-0.129041,0.592935,-0.111045,-0.787049,19.560820,286.242100,1.323830
134.844,2,0.397714,0.791443,-0.149020,-0.126197,0.592614,-0.108207,-0.788146,19.097310,286.334500,1.273072
134.956,2,0.403177,0.797826,-0.152066,-0.118081,0.598199,-0.098509,-0.786454,17.673140,285.612500,0.822261
135.067,2,0.412395,0.817055,-0.165105,-0.083015,0.638337,-0.069054,-0.762146,12.397810,280.099500,359.957500
135.178,2,0.422534,0.835851,-0.182836,-0.049083,0.687431,-0.041673,-0.723390,7.371772,272.893300,359.584500
135.289,2,0.439205,0.855588,-0.215488,-0.024822,0.761536,-0.023872,-0.647207,3.927243,260.706800,359.603400
135.401,2,0.459388,0.869075,-0.248771,-0.009268,0.809370,-0.020551,-0.586867,2.530072,251.902600,0.523006
135.512,2,0.484728,0.877257,-0.280419,0.002264,0.841572,-0.018879,-0.539811,1.680902,245.375200,1.386867
135.625,2,0.512509,0.883160,-0.311189,0.006747,0.883452,-0.017980,-0.468128,1.458479,235.857900,1.648348
135.735,2,0.534237,0.885917,-0.331356,0.004548,0.916173,-0.020225,-0.400247,1.915059,227.221500,1.406003
135.847,2,0.555414,0.885595,-0.347850,-0.000810,0.940463,-0.027899,-0.338748,3.039500,219.643700,0.997138
135.958,2,0.571331,0.885607,-0.355624,-0.007916,0.954005,-0.033005,-0.297862,3.881324,214.688000,0.261762
136.069,2,0.594246,0.884224,-0.365078,-0.002335,0.971068,-0.028219,-0.237118,3.205251,207.458500,0.507765
136.180,2,0.609509,0.880199,-0.378043,-0.006305,0.984477,-0.033013,-0.172265,3.851649,199.848400,359.940300
136.291,2,0.624463,0.876338,-0.393358,-0.010844,0.994192,-0.047915,-0.095758,5.586641,190.968500,359.287000
136.403,2,0.634115,0.868573,-0.404566,-0.018220,0.997112,-0.062149,-0.039671,7.203018,184.442500,358.186100
136.514,2,0.633441,0.858725,-0.410213,-0.020894,0.996327,-0.080218,-0.021458,9.250035,182.288100,357.782400
136.626,2,0.630948,0.850713,-0.413043,-0.028500,0.994695,-0.096785,-0.020082,11.168090,182.011400,356.914300
136.737,2,0.632586,0.848500,-0.414742,-0.023487,0.994484,-0.101342,-0.013382,11.665310,181.278800,357.424800
136.847,2,0.633338,0.849859,-0.419258,-0.025257,0.993938,-0.106277,-0.012427,12.233320,181.133700,357.210200
136.959,2,0.635225,0.849332,-0.421803,-0.022974,0.993796,-0.107618,-0.016135,12.394550,181.591500,357.524300
137.070,2,0.637118,0.846467,-0.423057,-0.019060,0.994083,-0.106716,-0.006917,12.264950,180.567900,357.864100
137.182,2,0.634085,0.847904,-0.426179,-0.022215,0.993846,-0.107960,-0.011062,12.420350,181.008700,357.548700
137.292,2,0.632915,0.847389,-0.430044,-0.021462,0.993561,-0.110696,-0.011028,12.734830,181.008200,357.637500
137.404,2,0.631804,0.844848,-0.433315,-0.022409,0.993345,-0.112825,-0.005847,12.968150,180.385700,357.459200
137.515,2,0.631476,0.843046,-0.436382,-0.025173,0.992973,-0.115596,-0.002999,13.280500,180.008000,357.096600
137.627,2,0.637924,0.840882,-0.438900,-0.024809,0.992777,-0.116551,0.013962,13.339800,178.026700,356.906200
137.738,2,0.652870,0.843908,-0.438779,-0.025100,0.991773,-0.113418,0.053792,12.842410,173.380500,356.354700
137.849,2,0.687866,0.854985,-0.436340,-0.017538,0.984589,-0.104428,0.139182,11.581110,163.530200,356.277300
137.960,2,0.731240,0.861872,-0.428517,-0.021820,0.959254,-0.099928,0.263381,10.382550,148.792200,354.486900
138.072,2,0.769866,0.866031,-0.416700,-0.022564,0.924170,-0.093618,0.369644,8.995492,135.892000,353.552200
138.183,2,0.797154,0.867695,-0.409020,-0.017056,0.899695,-0.091817,0.426412,8.665704,128.802600,353.670200
138.295,2,0.809147,0.867637,-0.408441,-0.012501,0.893179,-0.093106,0.439781,8.935652,127.097200,353.943800
138.406,2,0.811745,0.866915,-0.415089,-0.012139,0.898567,-0.091220,0.429080,8.830823,128.500200,354.186100
138.517,2,0.809697,0.865103,-0.421533,-0.011199,0.903347,-0.095069,0.418093,9.345959,129.853500,354.199200
138.628,2,0.806560,0.862483,-0.427323,-0.014245,0.909930,-0.101256,0.401960,9.951750,131.788100,353.744300
138.740,2,0.804187,0.860525,-0.427227,-0.010757,0.913074,-0.103294,0.394350,10.378230,132.745400,354.099900
138.850,2,0.801913,0.859918,-0.424403,-0.009331,0.915517,-0.104902,0.388248,10.651430,133.501900,354.245300
138.962,2,0.800442,0.860443,-0.421289,-0.007162,0.916951,-0.107701,0.384124,11.070160,133.997300,354.393600
139.073,2,0.797020,0.860352,-0.419664,-0.004290,0.921469,-0.106861,0.373440,11.170730,135.375900,354.870100
139.184,2,0.788702,0.860883,-0.422996,-0.007570,0.934373,-0.107960,0.339462,11.338740,139.559100,354.883300
139.295,2,0.766198,0.864447,-0.434737,-0.008570,0.968270,-0.096154,0.230509,10.501160,152.891900,356.447500
139.405,2,0.714652,0.877031,-0.453095,-0.000406,0.996790,-0.079203,-0.011672,9.085401,181.346600,0.060363
139.516,2,0.666594,0.906807,-0.460770,-0.007822,0.974970,-0.076495,-0.208615,8.767479,204.229100,0.966151
139.627,2,0.622209,0.967306,-0.458491,-0.010949,0.925758,-0.074633,-0.370516,8.412498,223.774800,2.029480
139.737,2,0.603410,1.021476,-0.453287,-0.013185,0.900802,-0.078517,-0.426869,8.784224,230.903200,2.509956
139.848,2,0.589447,1.093659,-0.444665,-0.022751,0.877515,-0.082920,-0.471778,9.613042,236.714800,2.226886
139.959,2,0.578756,1.146688,-0.438181,-0.032592,0.861030,-0.094147,-0.498700,11.223380,240.374900,2.207206
140.070,2,0.551594,1.200025,-0.419685,-0.068804,0.815565,-0.135693,-0.558308,17.347130,249.148300,2.359001
140.182,2,0.522372,1.242877,-0.393242,-0.088094,0.763311,-0.163067,-0.618874,20.976150,258.834700,4.136317
140.292,2,0.498373,1.283075,-0.369592,-0.105646,0.736512,-0.164814,-0.647477,22.307720,263.344800,3.582371
140.403,2,0.481296,1.313612,-0.347897,-0.120490,0.718992,-0.167782,-0.663613,23.652270,266.060300,3.092870
140.514,2,0.470523,1.329256,-0.331376,-0.126633,0.711194,-0.169877,-0.670305,24.292600,267.254000,2.994634
140.625,2,0.460170,1.341141,-0.310524,-0.136926,0.702523,-0.170818,-0.677152,25.178910,268.444000,2.466874
140.736,2,0.452708,1.346868,-0.297213,-0.145488,0.703197,-0.172736,-0.674174,26.046660,268.003200,1.804696
140.847,2,0.441162,1.350751,-0.280376,-0.155583,0.708073,-0.179244,-0.665055,27.437380,266.696200,1.167636
140.958,2,0.428341,1.353614,-0.266333,-0.160919,0.716858,-0.183528,-0.653098,28.249990,264.818000,0.586129
141.069,2,0.406577,1.361029,-0.247930,-0.168371,0.737512,-0.195151,-0.624214,29.871210,260.404500,359.688100
141.182,2,0.381064,1.378731,-0.226000,-0.165198,0.759136,-0.190842,-0.600002,29.208420,256.270900,358.568600
141.291,2,0.353520,1.404805,-0.198312,-0.147006,0.781908,-0.177556,-0.579210,26.612780,252.692600,358.448600
141.402,2,0.326682,1.427059,-0.173039,-0.117915,0.795028,-0.173272,-0.569213,24.189070,251.334200,0.613468
141.514,2,0.301707,1.437818,-0.159768,-0.109679,0.800450,-0.176910,-0.562097,23.986180,250.465500,1.461089
141.626,2,0.263452,1.444451,-0.156809,-0.106781,0.807096,-0.184120,-0.550721,24.507890,249.031600,1.916692
141.737,2,0.231756,1.442198,-0.161321,-0.104123,0.813058,-0.192322,-0.539544,25.156690,247.676500,2.419884
141.848,2,0.185907,1.438046,-0.177272,-0.098424,0.819878,-0.195312,-0.529118,25.114020,246.312100,2.867339
141.959,2,0.142049,1.441337,-0.199069,-0.091857,0.823005,-0.204269,-0.522014,25.602810,245.669100,3.946375
142.071,2,0.094620,1.452139,-0.221805,-0.088397,0.831670,-0.208559,-0.506965,25.882940,243.675000,4.106671
142.182,2,0.063474,1.456533,-0.237247,-0.094647,0.835172,-0.209713,-0.499550,26.414020,242.543400,3.292089
142.293,2,0.037792,1.455391,-0.254048,-0.097671,0.839142,-0.220349,-0.487593,27.713860,241.132700,3.300088
142.405,2,0.016964,1.449124,-0.269085,-0.096998,0.849303,-0.231349,-0.464492,28.886760,238.195400,3.284019
142.516,2,-0.000073,1.442094,-0.282335,-0.093939,0.858810,-0.241652,-0.441843,29.872910,235.370900,3.450752
142.627,2,-0.021847,1.432326,-0.297634,-0.092017,0.873626,-0.252609,-0.405585,31.065200,230.627500,2.953219
142.738,2,-0.042012,1.425422,-0.305203,-0.093574,0.881966,-0.259048,-0.382457,31.905470,227.525800,2.233953
142.849,2,-0.073165,1.420481,-0.314827,-0.083422,0.894187,-0.267670,-0.349033,32.474680,223.390300,2.558688
142.960,2,-0.099506,1.418678,-0.323326,-0.083799,0.899661,-0.277023,-0.326874,33.589370,220.564900,2.086034
143.071,2,-0.122008,1.417584,-0.332297,-0.077791,0.908432,-0.282828,-0.297838,34.069540,216.879700,1.877394
143.183,2,-0.141273,1.417299,-0.339751,-0.077753,0.916931,-0.285624,-0.267603,34.430740,212.760600,0.714088
143.293,2,-0.159324,1.415916,-0.343988,-0.076418,0.922214,-0.285561,-0.249274,34.388050,210.281600,0.098443
143.405,2,-0.174804,1.412445,-0.348877,-0.074520,0.924625,-0.286788,-0.239307,34.472330,209.009500,359.962100
143.516,2,-0.185305,1.409019,-0.355189,-0.075844,0.926598,-0.290128,-0.226915,34.895730,207.325600,359.379300
143.628,2,-0.194727,1.404799,-0.364492,-0.078024,0.928971,-0.294268,-0.210552,35.421590,205.068200,358.520100
143.739,2,-0.200099,1.400810,-0.372701,-0.075133,0.930160,-0.298156,-0.200649,35.790050,203.886900,358.578600
143.849,2,-0.203529,1.393178,-0.382142,-0.071843,0.929910,-0.307065,-0.189252,36.746730,202.594000,358.756500
143.961,2,-0.204148,1.387522,-0.389132,-0.067939,0.930581,-0.314139,-0.175270,37.479560,200.932900,358.821100
144.072,2,-0.204084,1.383711,-0.395814,-0.063189,0.931960,-0.316308,-0.165553,37.625260,199.824200,359.056000
144.183,2,-0.198931,1.375931,-0.403714,-0.053600,0.932627,-0.323968,-0.149597,38.339500,198.148300,359.777300
144.294,2,-0.183774,1.358149,-0.415706,-0.044928,0.934378,-0.334915,-0.112923,39.495720,193.560100,359.382200
144.405,2,-0.167789,1.326514,-0.422909,-0.033372,0.931686,-0.349467,-0.093383,41.103350,191.535200,0.234450
144.516,2,-0.154095,1.295120,-0.427408,-0.021171,0.929112,-0.357833,-0.090882,41.973020,191.933300,1.981110
144.627,2,-0.127295,1.257945,-0.430021,-0.013252,0.926919,-0.367728,-0.073627,43.130340,190.001500,2.323165
144.738,2,-0.100057,1.235633,-0.424238,-0.015557,0.925716,-0.374131,-0.053231,43.974260,186.936600,0.878038
144.848,2,-0.067716,1.210664,-0.414216,-0.007464,0.924873,-0.376078,-0.055849,44.145480,187.824700,2.252277
144.960,2,-0.050410,1.191461,-0.405629,-0.004958,0.923684,-0.378046,-0.062173,44.347350,188.938200,3.033887
145.071,2,-0.040999,1.176128,-0.399818,-0.010152,0.922421,-0.379889,-0.068714,44.606220,189.626300,2.695233
145.182,2,-0.041602,1.161756,-0.395454,-0.003053,0.923052,-0.377175,-0.075531,44.168100,191.021700,4.104365
145.293,2,-0.048980,1.154400,-0.391664,-0.004549,0.922749,-0.375961,-0.084664,43.995760,192.265200,4.405859
145.405,2,-0.058927,1.155627,-0.385123,-0.009091,0.922623,-0.373934,-0.094116,43.765690,193.359700,4.257277
145.515,2,-0.065157,1.159233,-0.376702,-0.011681,0.923293,-0.370642,-0.100089,43.374210,194.025700,4.151714
145.627,2,-0.069516,1.161022,-0.366106,-0.014521,0.925057,-0.365264,-0.103155,42.748090,194.208000,3.786201
145.738,2,-0.070081,1.159743,-0.357558,-0.016993,0.925166,-0.364616,-0.104092,42.702950,194.195200,3.468864
145.849,2,-0.069530,1.158625,-0.347561,-0.018070,0.926926,-0.360188,-0.103664,42.181510,193.991400,3.185547
145.960,2,-0.070023,1.156884,-0.342626,-0.019523,0.928283,-0.356350,-0.104519,41.733630,193.968200,2.937612
146.071,2,-0.072719,1.150319,-0.340725,-0.020233,0.929016,-0.354115,-0.105465,41.469710,194.027900,2.837931
146.183,2,-0.075270,1.141889,-0.342134,-0.021395,0.928014,-0.356681,-0.105413,41.799000,194.003000,2.728524
146.293,2,-0.077768,1.135013,-0.344843,-0.020784,0.927924,-0.356503,-0.106911,41.763710,194.248900,2.893756
146.405,2,-0.079279,1.129313,-0.347066,-0.019458,0.927445,-0.357136,-0.109182,41.812690,194.659400,3.222157
146.516,2,-0.080946,1.124354,-0.349907,-0.020579,0.926383,-0.359443,-0.110416,42.106290,194.821200,3.187127
146.627,2,-0.082323,1.117681,-0.353356,-0.021615,0.925238,-0.361834,-0.111997,42.408150,195.040500,3.187059
146.738,2,-0.082535,1.112612,-0.355232,-0.023130,0.924525,-0.363241,-0.113023,42.600200,195.134300,3.063604
146.849,2,-0.082471,1.107244,-0.357107,-0.023745,0.923921,-0.364326,-0.114334,42.738010,195.313200,3.077636
146.961,2,-0.082682,1.102543,-0.358806,-0.024099,0.923874,-0.363761,-0.116422,42.668090,195.588000,3.131731
147.071,2,-0.085619,1.094424,-0.360607,-0.024255,0.923891,-0.361843,-0.122095,42.417580,196.368800,3.381186
147.183,2,-0.095334,1.077672,-0.363071,-0.022828,0.924565,-0.353883,-0.139376,41.356270,198.773300,4.311694
147.294,2,-0.107550,1.055317,-0.369683,-0.025689,0.923297,-0.353286,-0.148501,41.300260,199.928900,4.388816
147.405,2,-0.122833,1.025801,-0.383078,-0.030498,0.922345,-0.354598,-0.150367,41.551650,199.983500,3.860120
147.516,2,-0.131061,1.005782,-0.391846,-0.030648,0.919920,-0.360086,-0.152139,42.208200,200.371000,4.117090
147.627,2,-0.137068,0.987771,-0.400806,-0.030670,0.920277,-0.360301,-0.149444,42.246420,199.981500,3.969094
147.739,2,-0.139180,0.980215,-0.404863,-0.033240,0.919687,-0.363210,-0.145428,42.667810,199.326800,3.469756
147.850,2,-0.138828,0.984074,-0.406692,-0.035452,0.921666,-0.358832,-0.143232,42.190870,198.784500,2.896760
147.961,2,-0.135184,0.998465,-0.404786,-0.036890,0.924479,-0.352909,-0.139401,41.513740,198.025600,2.310239
148.072,2,-0.127781,1.029902,-0.400805,-0.037652,0.929362,-0.340155,-0.138433,39.991870,197.602900,1.809604
148.184,2,-0.116873,1.072469,-0.394766,-0.033549,0.936010,-0.324014,-0.133325,37.988710,196.803800,1.715441
148.295,2,-0.107629,1.111030,-0.387229,-0.032339,0.941200,-0.310798,-0.128457,36.395360,195.987700,1.350632
148.406,2,-0.096855,1.156887,-0.374543,-0.035174,0.947348,-0.293686,-0.122653,34.407440,194.870100,0.374960
148.517,2,-0.090256,1.187670,-0.362143,-0.038166,0.950947,-0.282539,-0.120063,33.128810,194.295300,359.675500
148.628,2,-0.083062,1.221155,-0.346158,-0.042512,0.953248,-0.273349,-0.121623,32.105460,194.258600,359.015200
148.739,2,-0.077468,1.239932,-0.334496,-0.044123,0.954593,-0.269186,-0.119771,31.634290,193.926100,358.670200
148.849,2,-0.070959,1.251796,-0.321813,-0.046928,0.955323,-0.268674,-0.113883,31.603000,193.054100,358.084500
148.961,2,-0.065898,1.255486,-0.313170,-0.047082,0.955267,-0.269517,-0.112292,31.701600,192.845900,358.018100
149.071,2,-0.061166,1.257823,-0.306254,-0.046940,0.956671,-0.265655,-0.109567,31.236660,192.475000,357.882100
149.183,2,-0.055768,1.262947,-0.300562,-0.044994,0.957504,-0.264456,-0.105946,31.062230,192.067700,357.984400
149.294,2,-0.050678,1.269000,-0.295431,-0.042945,0.958687,-0.262251,-0.101486,30.767100,191.551300,358.058300
149.405,2,-0.045361,1.274156,-0.289868,-0.039649,0.959553,-0.260501,-0.099121,30.516630,191.351700,358.373700
149.516,2,-0.041771,1.275144,-0.287011,-0.038736,0.959527,-0.262021,-0.095671,30.680110,190.945500,358.387600
149.627,2,-0.038179,1.274603,-0.283878,-0.038522,0.959150,-0.264181,-0.093573,30.929850,190.692000,358.366200
149.738,2,-0.035819,1.274783,-0.281847,-0.038991,0.958569,-0.266571,-0.092553,31.216360,190.554400,358.297500
149.850,2,-0.032374,1.275663,-0.278932,-0.038554,0.958560,-0.267038,-0.091469,31.265050,190.431500,358.319800
149.961,2,-0.029633,1.277833,-0.276680,-0.037981,0.958722,-0.266541,-0.091460,31.199860,190.448500,358.387400
150.072,2,-0.027219,1.279445,-0.274258,-0.036321,0.959152,-0.264921,-0.092331,30.991160,190.612500,358.612800
150.183,2,-0.025233,1.281449,-0.272657,-0.037247,0.959187,-0.264572,-0.092596,30.960480,190.612400,358.499300
150.294,2,-0.023687,1.283555,-0.271614,-0.037304,0.959616,-0.263015,-0.092573,30.776660,190.600000,358.472700
150.405,2,-0.021307,1.286998,-0.270732,-0.036589,0.960323,-0.261235,-0.090536,30.554980,190.353900,358.471400
150.516,2,-0.018790,1.290094,-0.268124,-0.035563,0.961216,-0.258078,-0.090530,30.170570,190.374100,358.565700
150.628,2,-0.015880,1.293639,-0.262914,-0.033497,0.961770,-0.255437,-0.092892,29.839070,190.734700,358.878600
150.738,2,-0.013797,1.297008,-0.258636,-0.033228,0.962422,-0.252278,-0.094847,29.465420,190.978000,358.940200
150.849,2,-0.011198,1.302143,-0.252760,-0.033449,0.963245,-0.248597,-0.096127,29.035470,191.115400,358.909100
150.961,2,-0.009460,1.304663,-0.248297,-0.031798,0.963928,-0.245853,-0.096893,28.693900,191.251800,359.107800
151.072,2,-0.007589,1.305337,-0.246015,-0.032253,0.964117,-0.245109,-0.096749,28.611560,191.215100,359.036500
151.184,2,-0.006309,1.305088,-0.246242,-0.031625,0.964155,-0.245495,-0.095589,28.648630,191.089700,359.082700
151.293,2,-0.006751,1.302504,-0.246064,-0.031679,0.963277,-0.249092,-0.095119,29.072480,191.046800,359.105500
151.405,2,-0.009193,1.301061,-0.245314,-0.031396,0.962749,-0.250581,-0.096634,29.245980,191.257500,359.210400
151.516,2,-0.011514,1.301061,-0.244562,-0.031547,0.962431,-0.251245,-0.098021,29.327140,191.433500,359.246300
151.628,2,-0.013250,1.301550,-0.244979,-0.033774,0.962802,-0.249643,-0.097725,29.164170,191.314200,358.934200
151.739,2,-0.012915,1.301207,-0.246142,-0.035083,0.962802,-0.250997,-0.093708,29.333800,190.765000,358.651500
151.849,2,-0.010857,1.300008,-0.246630,-0.032702,0.962599,-0.253170,-0.090766,29.560310,190.477800,358.880100
151.961,2,-0.010402,1.300864,-0.244296,-0.031992,0.962477,-0.253385,-0.091709,29.578990,190.623100,359.004600
152.072,2,-0.010450,1.302096,-0.240052,-0.034362,0.962644,-0.252245,-0.092242,29.471000,190.607300,358.708600
152.183,2,-0.010658,1.304474,-0.235944,-0.034824,0.962550,-0.251206,-0.095819,29.358280,191.044400,358.757500
152.294,2,-0.012295,1.310217,-0.233170,-0.032375,0.962079,-0.249858,-0.104531,29.178700,192.230000,359.339900
152.405,2,-0.022093,1.319005,-0.229662,-0.029440,0.961869,-0.245165,-0.117623,28.591300,193.961000,0.067766
152.516,2,-0.041666,1.323734,-0.228742,-0.026144,0.961627,-0.241679,-0.127206,28.129190,195.253300,0.727955
152.628,2,-0.084054,1.323942,-0.242201,-0.021967,0.959424,-0.244246,-0.139163,28.345340,196.930900,1.681735
152.739,2,-0.129359,1.319420,-0.267357,-0.012349,0.963061,-0.230233,-0.139121,26.544530,197.048600,2.580401
152.850,2,-0.194325,1.298458,-0.298190,-0.003443,0.954800,-0.243266,-0.170783,27.756600,201.508600,4.960348
152.962,2,-0.248420,1.278217,-0.315117,-0.025419,0.944848,-0.251354,-0.208416,29.050380,205.842900,3.721354
153.073,2,-0.289175,1.252911,-0.326024,-0.046828,0.934599,-0.263188,-0.234656,30.925770,208.853700,2.404230
153.184,2,-0.316236,1.232839,-0.336162,-0.058962,0.930363,-0.267670,-0.243517,31.787980,209.732000,1.392275
153.295,2,-0.334604,1.221198,-0.340753,-0.062537,0.923955,-0.272999,-0.260515,32.483820,212.020300,1.812331
153.406,2,-0.351456,1.212045,-0.343706,-0.072808,0.919400,-0.278647,-0.267878,33.461990,212.806300,1.058205
153.518,2,-0.362888,1.207677,-0.346505,-0.079125,0.917462,-0.278386,-0.272953,33.642740,213.277600,0.466865
153.629,2,-0.378634,1.196182,-0.357444,-0.082999,0.914930,-0.285151,-0.273319,34.552250,213.351600,0.278077
153.740,2,-0.394070,1.187241,-0.375514,-0.084756,0.914126,-0.294862,-0.265043,35.733040,212.368700,0.095014
153.851,2,-0.407748,1.185628,-0.398551,-0.073477,0.918527,-0.299336,-0.247602,35.893710,210.476200,0.937266
153.962,2,-0.418592,1.192657,-0.423514,-0.049808,0.926107,-0.299734,-0.223618,35.271160,208.082800,2.934588
154.073,2,-0.423682,1.208442,-0.443460,-0.028188,0.931843,-0.298000,-0.205111,34.537220,206.337200,4.854671
154.185,2,-0.416457,1.235530,-0.456055,-0.016064,0.939604,-0.290754,-0.179857,33.515650,203.215300,5.119808
154.296,2,-0.404270,1.264432,-0.465158,-0.010686,0.948383,-0.281794,-0.145079,32.520200,198.615200,4.182352
154.407,2,-0.380627,1.290581,-0.473173,0.001012,0.948720,-0.303449,-0.088586,35.141480,191.905800,3.904589
154.518,2,-0.353916,1.312572,-0.475061,0.019168,0.944801,-0.326885,-0.011439,38.115130,182.487400,3.183857
154.628,2,-0.322780,1.338037,-0.470273,0.026488,0.934021,-0.345427,0.087081,40.532940,169.049900,359.194900
154.739,2,-0.305154,1.353491,-0.473019,0.037764,0.924700,-0.345885,0.154491,40.643330,159.994000,357.202600
154.849,2,-0.291383,1.365417,-0.485374,0.059453,0.906808,-0.343099,0.237589,40.579270,149.094700,355.831500
154.961,2,-0.297178,1.366667,-0.507849,0.067478,0.891419,-0.333662,0.299147,39.437570,140.783400,354.104700
155.071,2,-0.318720,1.359725,-0.548598,0.088991,0.876490,-0.323488,0.345257,38.940810,135.242400,355.030700
155.182,2,-0.346627,1.346390,-0.595800,0.108588,0.862526,-0.320674,0.376067,39.408950,131.452600,356.002000
155.293,2,-0.373237,1.330495,-0.640605,0.110503,0.855962,-0.313671,0.395890,38.643640,128.833800,355.654200
155.404,2,-0.392829,1.313450,-0.684725,0.100552,0.863247,-0.314985,0.381416,38.354440,130.627300,355.122300
155.516,2,-0.403530,1.297743,-0.718922,0.101114,0.881383,-0.307489,0.344080,37.706300,136.524600,357.583300
155.628,2,-0.409132,1.277876,-0.750269,0.106236,0.901646,-0.287319,0.305282,35.660640,142.955800,1.138779
155.739,2,-0.404967,1.265549,-0.766907,0.092191,0.903906,-0.273330,0.315826,33.529170,141.357100,359.588600
155.850,2,-0.400866,1.248697,-0.791424,0.087669,0.915409,-0.259859,0.294641,31.831090,144.458500,0.497358
155.962,2,-0.396759,1.229529,-0.813653,0.101259,0.924437,-0.254353,0.265458,31.602700,148.950600,3.512158
156.073,2,-0.391470,1.213299,-0.831674,0.100780,0.928689,-0.254657,0.250060,31.560370,150.997900,4.026164
156.185,2,-0.387894,1.203223,-0.845139,0.098408,0.930415,-0.261065,0.237674,32.179620,152.494400,3.998886
156.296,2,-0.385208,1.198508,-0.852592,0.100710,0.929740,-0.266962,0.232750,32.907980,153.162500,4.303386
156.407,2,-0.384676,1.193681,-0.858858,0.102902,0.928251,-0.275909,0.227236,33.986090,153.877400,4.540750
156.518,2,-0.391140,1.183330,-0.864135,0.130681,0.932053,-0.278909,0.190815,34.735370,159.871300,9.608018
156.629,2,-0.402479,1.165852,-0.870348,0.180072,0.939355,-0.267189,0.117460,32.975050,171.469100,19.174440
156.740,2,-0.402890,1.151079,-0.868639,0.195940,0.937978,-0.268034,0.099817,32.815510,174.386000,21.944000
156.851,2,-0.394466,1.146233,-0.858156,0.184209,0.933796,-0.274985,0.135925,34.307660,169.358000,19.025340
156.963,2,-0.376876,1.163368,-0.825294,0.153301,0.907469,-0.293354,0.258733,37.715900,151.319900,9.196838
157.073,2,-0.367217,1.212246,-0.768314,0.124458,0.858359,-0.291958,0.403101,36.980810,129.167800,358.442100
157.184,2,-0.374706,1.263793,-0.698141,0.118126,0.803560,-0.285630,0.508677,35.395590,113.062100,352.900900
157.294,2,-0.388854,1.311642,-0.633699,0.139454,0.771185,-0.274768,0.557072,35.391850,106.266600,353.587900
157.404,2,-0.399924,1.347904,-0.578565,0.155201,0.750712,-0.266285,0.584326,35.533740,102.440800,354.487700
157.515,2,-0.408173,1.369148,-0.540507,0.169148,0.748021,-0.258284,0.587489,35.813460,102.556200,356.434900
157.627,2,-0.417836,1.388280,-0.503163,0.171188,0.761571,-0.240501,0.576943,34.322350,105.347800,358.836600
157.737,2,-0.424730,1.398456,-0.477890,0.171843,0.774796,-0.228662,0.563804,33.237030,108.087400,0.578597
157.849,2,-0.434600,1.403280,-0.449885,0.170896,0.783623,-0.230586,0.550963,33.346430,110.060500,0.942907
157.960,2,-0.442338,1.402962,-0.433257,0.169965,0.787226,-0.231817,0.545572,33.397210,110.855400,1.005893
158.071,2,-0.445448,1.398804,-0.425484,0.172353,0.786757,-0.234846,0.544201,33.857040,110.984200,1.075958
158.183,2,-0.445518,1.393607,-0.422902,0.174610,0.782705,-0.240528,0.546837,34.575470,110.342400,0.715149
158.293,2,-0.443120,1.390539,-0.423138,0.178762,0.778852,-0.245501,0.548783,35.353620,109.864200,0.632524
158.404,2,-0.440303,1.389548,-0.424388,0.179063,0.777733,-0.247153,0.549530,35.537770,109.666900,0.485130
158.516,2,-0.436489,1.388492,-0.425445,0.180239,0.777020,-0.246370,0.550505,35.543050,109.565800,0.622682
158.627,2,-0.430326,1.382913,-0.428358,0.180104,0.776013,-0.247941,0.551264,35.688660,109.361600,0.434851
158.738,2,-0.424738,1.376900,-0.431317,0.184337,0.774461,-0.251497,0.550436,36.333160,109.396600,0.615726
158.848,2,-0.417647,1.370900,-0.436085,0.185454,0.771866,-0.255229,0.551985,36.779740,108.968200,0.323736
158.960,2,-0.413108,1.365817,-0.441186,0.187670,0.771215,-0.258477,0.550633,37.254590,109.064700,0.346689
159.071,2,-0.409403,1.363122,-0.448492,0.185718,0.772020,-0.259366,0.549749,37.205000,109.129600,0.113928
159.182,2,-0.406530,1.362962,-0.457476,0.183181,0.775477,-0.259352,0.545726,37.025960,109.754500,0.074240
159.293,2,-0.404188,1.362050,-0.466978,0.181500,0.778811,-0.258319,0.542017,36.806600,110.391500,0.191853
159.404,2,-0.401772,1.360072,-0.476485,0.178605,0.781059,-0.258921,0.539451,36.666920,110.728700,359.975200
159.516,2,-0.399974,1.357739,-0.485765,0.175878,0.783474,-0.259788,0.536419,36.567070,111.130200,359.777500
159.627,2,-0.397056,1.357604,-0.494776,0.177703,0.785234,-0.264723,0.530802,37.184890,111.836900,359.859500
159.738,2,-0.396543,1.365854,-0.493865,0.173244,0.791954,-0.259887,0.524647,36.400100,112.993300,0.121328
159.849,2,-0.392163,1.379483,-0.473336,0.170415,0.800764,-0.254458,0.514768,35.659750,114.778800,0.772284
159.960,2,-0.378935,1.391806,-0.445028,0.166621,0.804278,-0.244109,0.515544,34.365090,115.030500,1.133012
160.071,2,-0.348920,1.396222,-0.397006,0.169739,0.808238,-0.237266,0.511512,33.861090,116.007800,2.184401
160.182,2,-0.314600,1.394182,-0.343997,0.165199,0.818209,-0.235068,0.497983,33.312260,118.091700,2.483775
160.293,2,-0.275168,1.392885,-0.289258,0.142826,0.846074,-0.246938,0.450312,33.126360,124.345300,1.319426
160.405,2,-0.239304,1.394225,-0.236150,0.124012,0.874774,-0.269486,0.383105,34.506300,132.924600,0.728802
160.516,2,-0.214945,1.399138,-0.193818,0.096653,0.891788,-0.282806,0.339697,34.755130,137.863500,358.622600
160.627,2,-0.192402,1.412591,-0.151782,0.080439,0.907803,-0.292976,0.289116,35.340980,144.146000,358.358800
160.737,2,-0.182940,1.427083,-0.130597,0.076329,0.918607,-0.299460,0.246290,35.998900,149.815200,359.484700
160.848,2,-0.172085,1.447444,-0.111117,0.064075,0.930599,-0.299051,0.201118,35.617200,155.586600,359.927200
160.959,2,-0.159404,1.459695,-0.099523,0.055034,0.934857,-0.299720,0.182158,35.481530,157.806400,359.557100
161.070,2,-0.134251,1.473846,-0.089839,0.047231,0.938067,-0.299854,0.166997,35.333940,159.553500,359.189600
161.182,2,-0.107230,1.481757,-0.087415,0.042463,0.940134,-0.308091,0.139374,36.237280,162.994400,359.571100
161.293,2,-0.075281,1.488497,-0.091750,0.032978,0.942655,-0.314125,0.107889,36.822580,166.808000,359.598600
161.404,2,-0.036334,1.495314,-0.097601,0.025413,0.944227,-0.316556,0.087080,37.029530,169.290100,359.487500
161.515,2,-0.005492,1.500951,-0.098535,0.018888,0.943744,-0.320552,0.078978,37.446540,170.066100,358.918600
161.627,2,0.028264,1.508686,-0.097733,0.014708,0.942547,-0.325693,0.072892,38.032360,170.660300,358.562900
161.737,2,0.052297,1.510599,-0.091726,0.003360,0.941109,-0.331221,0.067787,38.600500,170.769200,357.170300
161.848,2,0.083685,1.512645,-0.070386,0.001921,0.940551,-0.334224,0.060450,38.972080,171.685200,357.287400
161.960,3,0.113796,1.516549,-0.038066,-0.000823,0.941606,-0.333066,0.049439,38.840380,173.094200,357.462600
162.071,3,0.145439,1.524949,-0.000348,-0.007963,0.941765,-0.334827,0.030119,39.063190,175.415500,357.404100
162.183,3,0.175063,1.530876,0.036401,-0.011266,0.942301,-0.334425,0.010133,39.052290,178.034700,357.933000
162.294,3,0.196249,1.534540,0.063350,-0.011994,0.942358,-0.334088,-0.014208,39.050290,181.384500,359.032500
162.405,3,0.203465,1.541007,0.081807,-0.020061,0.945061,-0.320543,-0.060897,37.467350,187.401300,0.081075
162.516,3,0.204145,1.547963,0.093856,-0.023267,0.946470,-0.304505,-0.104544,35.540220,193.049200,1.381998
162.627,3,0.205697,1.551049,0.104022,-0.028282,0.944825,-0.298953,-0.130890,34.912220,196.319700,1.734273
162.738,3,0.207553,1.551571,0.107747,-0.032628,0.944688,-0.296374,-0.136613,34.671890,196.877700,1.346843
162.849,3,0.207531,1.551105,0.106869,-0.036143,0.944999,-0.292953,-0.140884,34.323540,197.263800,0.987571
162.960,3,0.203949,1.548712,0.101122,-0.039356,0.943550,-0.295313,-0.144758,34.658220,197.688500,0.782205
163.071,3,0.195847,1.545665,0.090825,-0.040880,0.942247,-0.297558,-0.148183,34.950080,198.120200,0.779266
163.183,3,0.187944,1.542006,0.079210,-0.043243,0.939881,-0.305770,-0.145800,35.971670,197.816600,0.557572
163.293,3,0.183183,1.540808,0.069567,-0.044550,0.940063,-0.308248,-0.138854,36.293110,196.847400,0.130961
163.405,3,0.182143,1.544583,0.062167,-0.043222,0.945516,-0.296463,-0.127441,34.864490,195.217400,359.569100
163.516,3,0.185650,1.557022,0.056510,-0.036147,0.961995,-0.252449,-0.097616,29.522510,191.236700,358.665900
163.628,3,0.193303,1.582518,0.054673,-0.033402,0.983372,-0.176262,-0.028218,20.398440,182.673700,356.590300
163.739,3,0.202669,1.599783,0.054264,-0.032457,0.988530,-0.129554,0.070508,14.569810,171.215500,355.113700
163.852,3,0.218423,1.605639,0.049683,-0.012402,0.964327,-0.118741,0.236265,12.894090,151.934400,355.290800
163.962,3,0.229085,1.602255,0.043715,0.023411,0.911480,-0.127949,0.390239,14.567290,133.211800,356.612800
164.073,3,0.231029,1.596366,0.039320,0.071110,0.837103,-0.138257,0.524487,17.822190,115.616400,358.436600
164.184,3,0.226538,1.585024,0.048566,0.123697,0.747666,-0.160089,0.632507,23.319970,99.313260,358.905100
164.295,3,0.217945,1.576597,0.070488,0.171149,0.667898,-0.170001,0.704074,27.910420,86.805700,359.301900
164.406,3,0.195095,1.564590,0.115682,0.226633,0.558136,-0.177160,0.778290,33.403440,70.821770,358.436300
164.517,3,0.168092,1.555345,0.156294,0.267315,0.476569,-0.174748,0.819078,37.190170,59.622810,357.735600
164.628,3,0.126367,1.545908,0.211653,0.304951,0.372807,-0.155862,0.862396,39.955300,45.629750,356.900000
164.738,3,0.089196,1.541406,0.252857,0.327542,0.296597,-0.141969,0.885772,41.641610,35.355500,355.609600
164.848,3,0.035332,1.534584,0.294169,0.361432,0.180482,-0.128419,0.905705,44.511790,19.164320,351.763800
164.960,3,-0.000112,1.526027,0.318629,0.385606,0.108051,-0.132232,0.906724,46.706540,7.875914,346.810500
165.071,3,-0.017152,1.519046,0.335498,0.406232,0.082829,-0.129724,0.900715,48.876020,3.819836,345.345200
165.182,3,-0.015561,1.517568,0.345817,0.408889,0.097753,-0.133895,0.897400,49.468710,5.824618,345.712800
165.292,3,0.003503,1.527983,0.343988,0.381309,0.158110,-0.139879,0.900021,46.937200,15.104990,348.920700
165.403,3,0.039485,1.548400,0.322811,0.324710,0.279084,-0.133412,0.893799,40.913410,33.060150,355.655700
165.515,3,0.074540,1.567311,0.285933,0.274186,0.403399,-0.123381,0.864215,34.991550,50.219960,0.556550
165.628,3,0.114911,1.590733,0.221932,0.194505,0.567024,-0.111188,0.792646,25.749690,71.801230,2.820019
165.739,3,0.133219,1.604124,0.170768,0.140138,0.669329,-0.095795,0.723314,19.327260,86.067250,2.977553
165.850,3,0.143920,1.612639,0.113927,0.091448,0.771797,-0.090001,0.622789,14.645100,102.418700,1.720891
165.962,3,0.151114,1.623766,0.077406,0.061876,0.845778,-0.079337,0.523963,11.481070,116.569800,1.258760
166.073,3,0.155350,1.627805,0.052045,0.030002,0.915761,-0.066653,0.395019,8.382388,133.343200,0.132641
166.185,3,0.154903,1.626564,0.037318,0.005067,0.975196,-0.062745,0.212204,7.153537,155.387000,359.032900
166.296,3,0.146800,1.624289,0.040921,-0.023555,0.996969,-0.072289,0.016531,8.242388,177.894100,357.141300
166.407,3,0.133994,1.621018,0.073370,-0.057900,0.967438,-0.081191,-0.232636,10.604830,206.639600,355.667600
166.518,3,0.123168,1.614533,0.110467,-0.080721,0.916899,-0.110458,-0.374940,15.253400,223.962400,356.125200
166.628,3,0.109191,1.608324,0.163827,-0.112636,0.845288,-0.131696,-0.505429,19.663780,241.148900,356.511900
166.739,3,0.099578,1.604913,0.198653,-0.135625,0.804519,-0.140016,-0.561026,22.177060,249.037500,356.215600
166.850,3,0.085830,1.602329,0.226643,-0.148508,0.777255,-0.145200,-0.593917,23.710650,254.000800,356.344000
166.962,3,0.087464,1.615638,0.233434,-0.126754,0.814730,-0.114018,-0.554210,19.043400,247.633500,355.135300
167.072,3,0.112355,1.648210,0.230009,-0.091855,0.900262,0.001193,-0.425546,4.360384,230.232800,350.393200
167.185,3,0.141394,1.685968,0.242602,-0.066585,0.944149,0.184044,-0.265098,341.806500,213.554100,346.404700
167.298,3,0.145921,1.702234,0.266964,-0.060748,0.937338,0.288273,-0.186029,328.814100,206.653400,345.019500
167.410,3,0.128522,1.708104,0.290172,-0.059481,0.928171,0.347998,-0.117720,320.802200,199.597000,345.628800
167.522,3,0.104337,1.713575,0.303058,-0.055142,0.921609,0.379473,-0.059974,316.145000,192.200800,348.224800
167.633,3,0.079048,1.713496,0.296496,-0.056090,0.938411,0.340207,-0.022307,320.505400,185.952800,351.020300
167.744,3,0.063447,1.680285,0.251904,-0.045276,0.991515,0.121854,-0.000845,346.021100,180.750500,354.679000
167.851,3,0.067315,1.607749,0.210272,0.004003,0.983407,-0.170716,0.061246,19.648960,172.735200,359.206800
167.959,3,0.076327,1.534099,0.193863,0.024886,0.926194,-0.354124,0.127050,41.475380,163.106800,356.642200
168.060,3,0.079326,1.458086,0.189887,0.048829,0.860305,-0.483616,0.153644,57.899710,155.882900,353.018300
168.171,3,0.080316,1.398719,0.203502,0.059331,0.796456,-0.579210,0.163261,70.390660,145.242500,343.624900
168.271,3,0.082612,1.371092,0.213747,0.065513,0.780084,-0.598967,0.168570,73.053180,140.726100,339.993400
168.374,3,0.083196,1.362424,0.222792,0.061092,0.778228,-0.601703,0.169064,73.172560,139.079000,338.017200
168.475,3,0.081602,1.360311,0.230840,0.058189,0.779709,-0.601387,0.164321,73.124380,140.087900,338.392600
168.589,3,0.080461,1.365386,0.240307,0.056066,0.783999,-0.596130,0.163805,72.382370,141.114800,339.218500
168.703,3,0.079491,1.394520,0.245592,0.054432,0.812296,-0.559211,0.156509,67.748190,149.290500,346.777900
168.816,3,0.073060,1.449038,0.244511,0.038169,0.882573,-0.455381,0.110620,54.317140,164.028700,356.719900
168.922,3,0.053414,1.514925,0.253550,0.019475,0.940540,-0.338827,0.014198,39.636440,178.994800,2.010121
169.033,3,0.027453,1.563025,0.263718,-0.006092,0.961898,-0.242707,-0.125734,27.933710,195.690300,3.199728
169.138,3,0.004829,1.588886,0.272162,-0.025543,0.938405,-0.167831,-0.300960,19.290760,216.111600,3.224010
169.248,3,0.000765,1.602848,0.282992,-0.036460,0.843280,-0.107947,-0.525259,12.730220,244.176000,3.050557
169.359,3,0.022023,1.605051,0.293648,-0.064253,0.721470,-0.089260,-0.683656,12.512410,267.105700,1.721832
169.471,3,0.067232,1.606217,0.288560,-0.101706,0.603794,-0.090471,-0.785433,15.605840,285.055500,1.148111
169.582,3,0.100150,1.605227,0.273447,-0.132663,0.544093,-0.101540,-0.822224,19.186960,293.244100,1.372169
169.693,3,0.115577,1.601007,0.256639,-0.151534,0.506106,-0.117011,-0.840954,21.919660,298.438500,2.682388
169.804,3,0.093184,1.584657,0.210764,-0.178075,0.593976,-0.164345,-0.767120,27.933250,285.154400,2.633864
169.915,3,0.059977,1.563548,0.163385,-0.217846,0.696273,-0.217060,-0.648562,35.791550,265.438800,358.459500
170.027,3,0.006218,1.541441,0.129494,-0.240705,0.726194,-0.250255,-0.593359,40.475050,257.040500,356.033800
170.138,3,-0.042440,1.533979,0.123303,-0.253917,0.707701,-0.245632,-0.611841,41.176650,260.005600,355.518000
170.249,3,-0.104854,1.542723,0.132192,-0.246860,0.663013,-0.223988,-0.670301,38.899360,269.922500,358.007100
170.360,3,-0.142571,1.552770,0.148241,-0.217882,0.614331,-0.194233,-0.733074,33.924110,280.432200,1.178823
170.471,3,-0.186942,1.557258,0.160187,-0.230461,0.590633,-0.185049,-0.750864,34.380210,283.744000,0.392789
170.578,3,-0.214947,1.556866,0.166690,-0.245714,0.575480,-0.174553,-0.760249,35.065420,285.366400,358.781900
170.690,3,-0.251457,1.554235,0.170521,-0.249944,0.508278,-0.149022,-0.810539,33.825710,295.555200,359.137400
170.803,3,-0.279610,1.554432,0.163652,-0.233669,0.400574,-0.125611,-0.877018,30.696930,311.509300,2.207643
170.914,3,-0.301029,1.563411,0.148520,-0.199801,0.244354,-0.097876,-0.943817,25.149650,332.202500,5.522229
171.026,3,-0.336311,1.585146,0.102024,-0.145528,0.051219,-0.056362,-0.986419,17.030310,354.921300,5.779588
171.138,3,-0.372944,1.609607,0.053122,-0.101144,-0.026558,-0.032708,-0.993979,11.497960,3.475983,4.119504
171.248,3,-0.404332,1.633205,-0.017198,-0.051057,-0.123807,-0.015312,-0.990874,5.588951,14.364930,2.475518
171.360,3,-0.413937,1.641180,-0.072408,-0.038105,-0.231205,0.014516,-0.972050,4.634121,26.734040,359.390600
171.470,3,-0.419047,1.631642,-0.136401,-0.066845,-0.364349,0.051424,-0.927436,9.291757,42.675050,357.289200
171.581,3,-0.427175,1.623952,-0.177576,-0.072352,-0.445416,0.064325,-0.890074,10.725210,52.894990,357.079900
171.692,3,-0.440753,1.630478,-0.203351,-0.036620,-0.481377,0.048026,-0.874430,6.331416,57.510430,357.189500
171.804,3,-0.447253,1.638336,-0.214070,-0.015937,-0.502659,0.040611,-0.863384,3.919002,60.309210,356.891200
171.916,3,-0.447137,1.645645,-0.211025,0.001733,-0.515120,0.033157,-0.856475,1.787365,61.996490,356.640000
172.027,3,-0.443116,1.647765,-0.197515,-0.003222,-0.513310,0.031102,-0.857633,2.146539,61.748900,357.129700
172.138,3,-0.434018,1.650303,-0.185144,-0.000381,-0.507518,0.026082,-0.861246,1.554693,60.985660,357.446300
172.249,3,-0.415990,1.652892,-0.169470,-0.002027,-0.500313,0.023448,-0.865525,1.545517,60.029910,357.789200
172.360,3,-0.405061,1.651760,-0.158147,-0.006262,-0.499866,0.022993,-0.865775,1.938682,59.968560,358.076100
172.473,3,-0.402217,1.653335,-0.152265,-0.012069,-0.500941,0.026185,-0.865001,2.700427,60.107230,358.094800
172.582,3,-0.399828,1.654124,-0.149307,-0.021755,-0.516048,0.037594,-0.855458,4.359863,62.108640,357.593600
172.693,3,-0.395826,1.652932,-0.148709,-0.035828,-0.532323,0.049444,-0.844336,6.496488,64.311400,357.384000
172.805,3,-0.389938,1.650837,-0.148366,-0.045366,-0.537780,0.062172,-0.839565,8.224146,65.051280,356.779500
172.916,3,-0.383215,1.649798,-0.147827,-0.051896,-0.535110,0.067672,-0.840467,9.187029,64.696580,356.619400
173.027,3,-0.373533,1.651376,-0.147269,-0.050255,-0.528991,0.069290,-0.844300,9.100560,63.842830,356.293400
173.138,3,-0.363434,1.652391,-0.146324,-0.048867,-0.523393,0.070446,-0.847767,9.009445,63.068050,356.035200
173.249,3,-0.350632,1.655800,-0.144482,-0.039382,-0.515328,0.065480,-0.853580,7.742310,61.962000,355.879800
173.361,3,-0.341498,1.658397,-0.142672,-0.029604,-0.503945,0.057797,-0.861291,6.271955,60.443730,355.977800
173.472,3,-0.334564,1.659955,-0.142697,-0.022416,-0.495632,0.050199,-0.866791,5.084220,59.356270,356.269700
173.583,3,-0.330180,1.658874,-0.142536,-0.014336,-0.492991,0.038667,-0.869057,3.614441,59.033740,356.951700
173.694,3,-0.330850,1.656144,-0.140289,-0.015792,-0.492681,0.035635,-0.869337,3.587399,58.999720,357.335500
173.806,3,-0.341732,1.656271,-0.125914,-0.010479,-0.511328,0.034323,-0.858636,3.043639,61.475020,357.231900
173.917,3,-0.359115,1.656468,-0.099881,-0.002643,-0.532876,0.022964,-0.845878,1.658623,64.389280,357.934100
174.028,3,-0.392891,1.657769,-0.045891,-0.000647,-0.538895,-0.000591,-0.842372,0.025917,65.216980,0.097013
174.139,3,-0.422628,1.659060,0.006305,0.002340,-0.521673,-0.008795,-0.853097,359.245500,62.887270,0.719961
174.250,3,-0.450337,1.661695,0.075662,-0.010275,-0.476628,-0.009237,-0.878997,0.530488,56.943610,1.491894
174.362,3,-0.461511,1.657899,0.129301,-0.039424,-0.446274,-0.024846,-0.893682,2.767868,53.182370,4.570726
174.473,3,-0.460760,1.654562,0.173723,-0.050260,-0.417740,-0.039531,-0.906314,3.329403,49.682220,6.536607
174.584,3,-0.442762,1.649296,0.213231,-0.054089,-0.385000,-0.038175,-0.920539,4.024787,45.619210,6.442636
174.696,3,-0.416503,1.643266,0.246799,-0.062776,-0.366589,-0.044382,-0.927201,4.811230,43.456120,7.399199
174.807,3,-0.379536,1.640065,0.290350,-0.080843,-0.335962,-0.070977,-0.935712,5.946508,40.065810,10.845500
174.919,3,-0.349653,1.638506,0.319973,-0.088679,-0.321072,-0.067613,-0.940467,7.087390,38.363560,10.692470
175.030,3,-0.316783,1.635292,0.352064,-0.097098,-0.303895,-0.066314,-0.945422,8.238391,36.414470,10.738470
175.141,3,-0.294778,1.632199,0.373127,-0.103018,-0.285042,-0.062372,-0.950920,9.228125,34.210300,10.350900
175.252,3,-0.278692,1.631029,0.387521,-0.107578,-0.276785,-0.059623,-0.953028,9.906746,33.269380,10.126260
175.364,3,-0.266927,1.629786,0.396475,-0.112505,-0.272619,-0.057178,-0.953809,10.570220,32.827930,9.983116
175.475,3,-0.254474,1.625744,0.398892,-0.122040,-0.282101,-0.039917,-0.950754,12.095330,33.956220,8.513623
175.586,3,-0.234685,1.622438,0.392181,-0.103669,-0.319332,0.006243,-0.941935,11.495270,37.775750,3.185153
175.697,3,-0.225223,1.611809,0.384984,-0.093895,-0.331685,0.066378,-0.936356,12.701430,38.605490,356.354900
175.808,3,-0.226254,1.607853,0.370480,-0.066303,-0.352945,0.106274,-0.927222,11.418440,40.795040,351.181200
175.919,3,-0.239188,1.604089,0.358312,-0.055795,-0.391800,0.112904,-0.911390,10.962960,45.611110,350.497400
176.030,3,-0.261815,1.586202,0.350638,-0.059947,-0.416224,0.122769,-0.898939,12.120910,48.618840,349.937900
176.142,3,-0.270986,1.556421,0.346395,-0.064713,-0.424701,0.141621,-0.891843,13.634180,49.520500,348.265800
176.253,3,-0.264767,1.520253,0.339503,-0.057361,-0.434959,0.149189,-0.886151,13.382060,50.786960,347.261900
176.364,3,-0.251069,1.475408,0.329359,-0.044659,-0.446552,0.168395,-0.877633,13.225440,52.159600,344.772200
176.475,3,-0.240560,1.440494,0.318265,-0.035673,-0.460406,0.149073,-0.874375,11.516550,54.176450,346.554200
176.586,3,-0.230188,1.399421,0.300523,-0.016389,-0.477496,0.121891,-0.869984,8.332739,56.684030,348.549000
176.698,3,-0.221717,1.366631,0.285282,-0.007308,-0.476054,0.119580,-0.871217,7.272371,56.559460,348.285400
176.809,3,-0.213064,1.328845,0.259679,-0.005814,-0.487589,0.113313,-0.865670,6.924813,58.109280,348.935600
176.920,3,-0.209081,1.300611,0.238938,-0.018809,-0.495755,0.120767,-0.859819,8.747796,59.087840,348.974200
177.030,3,-0.203147,1.269448,0.214397,-0.032369,-0.502725,0.125016,-0.854746,10.429860,59.952860,349.384800
177.142,3,-0.199789,1.254909,0.199413,-0.034177,-0.503136,0.124183,-0.854555,10.566360,60.010070,349.576700
177.253,3,-0.200983,1.239428,0.189891,-0.034136,-0.504612,0.115334,-0.854927,10.065020,60.261820,350.485600
177.364,3,-0.203730,1.217989,0.184353,-0.038211,-0.502314,0.113810,-0.856311,10.356790,59.960500,350.844300
177.475,3,-0.204886,1.199540,0.184939,-0.040415,-0.502792,0.110186,-0.856403,10.371230,60.046920,351.341400
177.587,3,-0.208200,1.178932,0.188623,-0.040430,-0.494409,0.109379,-0.861372,10.241950,58.930800,351.323400
177.697,3,-0.211057,1.162724,0.189771,-0.041322,-0.497344,0.104614,-0.860231,10.087420,59.351890,351.890700
177.808,3,-0.212470,1.145502,0.193183,-0.046948,-0.498748,0.104332,-0.859163,10.646130,59.548000,352.254900
177.920,3,-0.211941,1.136192,0.195357,-0.047721,-0.497354,0.105301,-0.859810,10.766400,59.356370,352.183300
178.031,3,-0.210604,1.127103,0.197050,-0.052098,-0.498936,0.105055,-0.858669,11.203930,59.579140,352.477100
178.142,3,-0.209321,1.122283,0.196995,-0.052651,-0.498731,0.106786,-0.858541,11.356960,59.541360,352.330700
178.253,3,-0.207775,1.120272,0.196062,-0.052811,-0.499157,0.107599,-0.858182,11.423590,59.593330,352.263100
178.364,3,-0.206597,1.119574,0.195231,-0.051777,-0.498483,0.107410,-0.858660,11.303220,59.501840,352.214500
178.475,3,-0.205694,1.119547,0.193960,-0.050705,-0.498329,0.108830,-0.858635,11.276310,59.469160,352.007700
178.587,3,-0.204561,1.121800,0.191280,-0.051034,-0.498541,0.111099,-0.858202,11.441630,59.482820,351.799400
178.698,3,-0.204619,1.129822,0.187750,-0.048794,-0.496862,0.113017,-0.859055,11.311330,59.240940,351.455700
178.808,3,-0.205790,1.143627,0.183428,-0.045586,-0.497234,0.111454,-0.859220,10.904610,59.297490,351.437900
178.920,3,-0.208015,1.157833,0.180905,-0.040563,-0.494994,0.110093,-0.860939,10.301870,59.004340,351.265400
179.031,3,-0.213450,1.182947,0.178032,-0.032437,-0.498220,0.102741,-0.860331,9.101691,59.479640,351.587200
179.142,3,-0.224401,1.223850,0.169153,-0.022680,-0.529794,0.090311,-0.843000,7.696774,63.794830,352.565200
179.253,3,-0.244872,1.285282,0.154485,-0.000495,-0.591844,0.054773,-0.804189,3.763042,72.537120,354.968700
179.365,3,-0.266721,1.339849,0.146320,0.017969,-0.625912,0.037833,-0.778769,1.110076,77.533760,355.328900
179.476,3,-0.277339,1.364977,0.139609,0.031217,-0.630752,0.060224,-0.773014,1.587884,78.320810,352.383700
179.587,3,-0.280344,1.374460,0.117842,0.017684,-0.693075,0.052865,-0.718707,2.743246,87.781270,354.225300
179.698,3,-0.280214,1.369399,0.080063,-0.005127,-0.805191,0.023039,-0.592546,2.474674,107.277100,358.907700
179.809,3,-0.275310,1.347854,0.026487,-0.015036,-0.883994,0.045920,-0.464995,5.461131,124.465600,359.072100
179.920,3,-0.264526,1.328635,-0.023616,0.002506,-0.890273,0.101196,-0.444034,10.250890,126.489700,354.499100
180.031,3,-0.263737,1.313667,-0.085220,0.004329,-0.913871,0.129344,-0.384827,13.478210,133.578000,353.655500
180.142,3,-0.278285,1.296237,-0.148937,-0.004682,-0.941707,0.151170,-0.300523,16.710140,143.879500,355.086100
180.253,3,-0.299895,1.276713,-0.202917,-0.009184,-0.961343,0.161751,-0.222648,18.366040,153.389200,356.715900
180.365,3,-0.324104,1.253605,-0.248059,-0.012761,-0.968204,0.177517,-0.175800,20.379250,159.003100,357.694900
180.476,3,-0.350591,1.238673,-0.280526,0.000545,-0.973675,0.182637,-0.136386,20.824620,163.479000,356.879600
180.587,3,-0.378177,1.223669,-0.307644,-0.003417,-0.978412,0.184234,-0.093576,21.170960,168.754400,358.292100
180.698,3,-0.389440,1.220036,-0.316948,-0.010980,-0.980101,0.182640,-0.076975,21.081880,170.943300,359.595000
180.809,3,-0.397623,1.220383,-0.322122,-0.005851,-0.980359,0.180354,-0.079587,20.766120,170.524100,358.943800
180.920,3,-0.398347,1.223561,-0.322157,-0.001821,-0.979189,0.179104,-0.095431,20.554610,168.527300,358.126100
181.032,3,-0.391575,1.226945,-0.317522,0.006985,-0.974872,0.176203,-0.136123,19.977380,163.440200,356.242600
181.143,3,-0.389034,1.226557,-0.314898,0.000837,-0.974783,0.175699,-0.137578,20.017500,163.394700,356.951000
181.253,3,-0.385212,1.223986,-0.312750,-0.002488,-0.973812,0.178016,-0.141401,20.329140,162.977600,357.218900
181.365,3,-0.381622,1.222730,-0.310790,-0.004359,-0.973446,0.178467,-0.143294,20.408140,162.782400,357.391200
181.476,3,-0.378934,1.229268,-0.306444,-0.002877,-0.971726,0.181611,-0.150855,20.721200,161.799800,356.984500
181.588,3,-0.375565,1.264957,-0.293129,0.007234,-0.969702,0.169135,-0.176125,18.994180,158.664200,355.535300
181.698,3,-0.371376,1.307440,-0.276346,0.017971,-0.960653,0.156495,-0.228764,17.004790,152.257300,353.628200
181.809,3,-0.365078,1.376965,-0.241941,0.028978,-0.921784,0.128484,-0.364646,12.458660,135.886100,351.334100
181.921,3,-0.367097,1.444452,-0.197692,0.028604,-0.859418,0.108817,-0.498740,9.120236,119.010200,350.808900
182.031,3,-0.376928,1.509685,-0.147746,0.038513,-0.771455,0.093874,-0.628141,5.535137,101.195500,349.736000
182.142,3,-0.396122,1.563953,-0.108756,0.043235,-0.710780,0.073572,-0.698219,2.534006,90.811800,350.539900
182.252,3,-0.414525,1.598682,-0.085812,0.043542,-0.683381,0.069015,-0.725487,1.784979,86.432820,350.808900
182.364,3,-0.427085,1.616320,-0.081595,0.053807,-0.691414,0.072175,-0.716828,1.298717,87.815780,349.751100
182.475,3,-0.431093,1.619653,-0.091204,0.059819,-0.727234,0.088057,-0.678084,2.691074,93.724950,348.073700
182.586,3,-0.428636,1.617482,-0.101554,0.054450,-0.748886,0.106757,-0.651773,5.101428,97.359640,347.197300
182.697,3,-0.427117,1.616375,-0.103854,0.056513,-0.745702,0.116286,-0.653615,5.713488,96.841500,346.262300
182.808,3,-0.428066,1.615007,-0.104958,0.052224,-0.745047,0.120807,-0.653899,6.414161,96.682750,346.273000
182.919,3,-0.430807,1.616275,-0.104502,0.050673,-0.743926,0.120943,-0.655271,6.519174,96.471860,346.383800
183.030,3,-0.436081,1.620095,-0.100867,0.049425,-0.739629,0.114853,-0.661298,6.000028,95.712310,346.923300
183.141,3,-0.440982,1.623633,-0.094801,0.045936,-0.732962,0.113003,-0.669244,5.979356,94.537760,347.303400
183.252,3,-0.446771,1.629065,-0.087091,0.041426,-0.730454,0.105159,-0.673545,5.613829,94.065590,348.278700
183.364,3,-0.452961,1.635760,-0.079177,0.043607,-0.730610,0.093396,-0.674970,4.450883,94.106010,349.025500
183.475,3,-0.457716,1.643026,-0.065846,0.038584,-0.721595,0.074616,-0.687201,3.133044,92.547150,350.881700
183.586,3,-0.466557,1.657630,-0.025189,0.035210,-0.637541,0.024766,-0.769213,358.705600,79.359280,355.238000
183.698,3,-0.477797,1.665762,0.007876,0.033660,-0.554292,-0.000104,-0.831642,356.783900,67.427020,357.868100
183.809,3,-0.493078,1.673439,0.044041,0.041145,-0.457256,-0.018499,-0.888190,354.836000,54.492810,359.725800
183.921,3,-0.508486,1.674964,0.075934,0.040043,-0.342483,-0.018812,-0.938482,354.948900,40.077450,0.453295
184.032,3,-0.522965,1.673314,0.102054,0.032587,-0.234701,-0.008578,-0.971484,356.138700,27.161030,0.078698
184.144,3,-0.533043,1.672173,0.120124,0.029292,-0.156203,-0.003485,-0.987285,356.621800,17.984820,359.869700
184.255,3,-0.537144,1.671451,0.130605,0.027688,-0.110968,0.001566,-0.993437,356.866300,12.761660,359.468800
184.367,3,-0.538158,1.670200,0.140796,0.026808,-0.068429,0.008438,-0.997260,357.001300,7.881413,358.823800
184.478,3,-0.536640,1.669311,0.146850,0.024860,-0.045516,0.013451,-0.998564,357.224400,5.260159,358.328900
184.588,3,-0.534514,1.669597,0.152210,0.025111,-0.023211,0.017319,-0.999265,357.169500,2.711959,357.947100
184.700,3,-0.533190,1.669324,0.154801,0.023292,-0.012629,0.017946,-0.999488,357.357400,1.496140,357.908200
184.811,3,-0.530327,1.669386,0.156148,0.021599,-0.007341,0.018939,-0.999560,357.541200,0.888619,357.810000
184.922,3,-0.526484,1.669915,0.154479,0.019373,-0.019783,0.016686,-0.999477,357.818400,2.305145,358.043200
185.033,3,-0.512905,1.671570,0.148209,0.009138,-0.105617,0.015819,-0.994239,359.150300,12.141630,358.086600
185.144,3,-0.489497,1.674255,0.133004,0.002942,-0.271751,0.010995,-0.962300,0.017992,31.538900,358.695900
185.254,3,-0.472146,1.675003,0.110934,-0.003768,-0.416574,0.011416,-0.909022,0.937487,49.232520,358.990500
185.365,3,-0.461588,1.674977,0.086385,-0.004299,-0.532043,0.020134,-0.846467,1.644709,64.278120,358.308200
185.476,3,-0.459080,1.675501,0.075009,0.002549,-0.571980,0.027280,-0.819810,1.548728,69.769970,357.268100
185.587,3,-0.458418,1.675134,0.069138,0.004223,-0.586115,0.031285,-0.809613,1.709751,71.757260,356.810800
185.697,3,-0.457981,1.674828,0.067331,0.001963,-0.593085,0.028372,-0.804638,1.747554,72.744610,357.248300
185.808,3,-0.458386,1.675384,0.067551,0.001801,-0.595943,0.023207,-0.802689,1.419303,73.154820,357.741100
185.920,3,-0.461863,1.679329,0.068447,0.011767,-0.603184,0.009142,-0.797463,359.556600,74.212610,358.351000
186.031,3,-0.473273,1.692949,0.070022,0.053221,-0.628828,-0.036281,-0.774872,352.639700,78.160130,359.381400
186.143,3,-0.491632,1.710345,0.072047,0.116565,-0.653896,-0.099790,-0.740861,342.348900,82.907060,359.724500
186.255,3,-0.512381,1.724534,0.073467,0.172390,-0.669468,-0.161621,-0.704254,332.663700,87.148660,359.795200
186.368,3,-0.531662,1.737365,0.079498,0.208701,-0.683846,-0.221276,-0.663201,324.587500,91.575180,0.566763
186.479,3,-0.537629,1.739647,0.087540,0.212563,-0.687171,-0.227987,-0.656228,323.678700,92.473660,0.504057
186.590,3,-0.535693,1.737720,0.098668,0.198133,-0.693514,-0.217978,-0.657471,325.745200,92.804120,0.818861
186.701,3,-0.532505,1.736197,0.106555,0.194501,-0.702877,-0.209695,-0.651276,326.761400,94.370220,359.980800
186.812,3,-0.527799,1.733974,0.114689,0.182435,-0.710385,-0.199241,-0.649903,328.654000,95.095920,359.985100
186.923,3,-0.515826,1.721537,0.120326,0.134412,-0.729119,-0.141923,-0.655879,337.463400,96.175660,359.389800
187.033,3,-0.506285,1.711595,0.126301,0.101008,-0.740364,-0.094295,-0.657850,344.185600,96.965570,358.481200
187.143,3,-0.506259,1.711241,0.131838,0.099603,-0.744691,-0.095227,-0.653029,344.221700,97.702000,358.572400
187.254,3,-0.508587,1.710674,0.136125,0.098587,-0.742930,-0.095078,-0.655207,344.308300,97.359930,358.696800
187.365,3,-0.511695,1.709900,0.137956,0.098897,-0.745744,-0.094316,-0.652066,344.356800,97.868450,358.541900
187.476,3,-0.513780,1.709992,0.137819,0.098791,-0.750151,-0.095706,-0.646803,344.253300,98.663190,358.546700
187.587,3,-0.515169,1.710097,0.138117,0.108007,-0.749519,-0.105945,-0.644462,342.660800,98.851900,358.478100
187.698,3,-0.517494,1.715685,0.135960,0.139094,-0.747650,-0.139838,-0.634127,337.324900,99.775000,358.097200
187.810,3,-0.522784,1.726754,0.126204,0.188299,-0.739146,-0.201802,-0.614397,328.014600,101.120100,357.946900
187.922,3,-0.520519,1.730928,0.108834,0.221747,-0.729107,-0.232509,-0.604294,322.623600,101.728600,356.945300
188.033,3,-0.511749,1.733659,0.086912,0.246647,-0.715500,-0.256564,-0.601165,318.417700,101.220500,356.591200
188.145,3,-0.498685,1.738278,0.066673,0.269446,-0.701138,-0.278648,-0.598464,314.500100,100.555000,356.374900
188.256,3,-0.483012,1.738996,0.057384,0.274798,-0.692522,-0.287512,-0.601861,313.197600,99.264500,357.109000
188.367,3,-0.463762,1.740191,0.059776,0.272591,-0.686647,-0.291314,-0.607739,312.997200,97.717570,358.297400
188.478,3,-0.449448,1.740908,0.072902,0.269211,-0.690811,-0.295027,-0.602715,312.934800,98.389850,358.627700
188.589,3,-0.428688,1.734984,0.106375,0.253897,-0.702983,-0.291296,-0.597074,314.541400,99.626720,359.255000
188.700,3,-0.407648,1.730192,0.148676,0.240370,-0.719984,-0.274532,-0.590321,317.226100,101.975400,358.282500
188.811,3,-0.384050,1.729915,0.196279,0.218826,-0.758169,-0.239249,-0.565734,322.383200,108.048200,355.575300
188.922,3,-0.361208,1.723175,0.240653,0.187831,-0.802365,-0.191420,-0.533187,329.504200,114.559400,353.516800
189.033,3,-0.343167,1.711376,0.275515,0.154857,-0.842981,-0.131432,-0.498125,337.922100,120.419100,351.926600
189.143,3,-0.330983,1.695566,0.301172,0.117506,-0.875627,-0.053609,-0.465399,348.272500,124.961200,350.839200
189.253,3,-0.326472,1.684786,0.321067,0.093401,-0.892810,-0.007067,-0.440587,354.553200,127.911200,350.718800
189.363,3,-0.327558,1.683571,0.338263,0.090879,-0.897055,-0.006108,-0.432430,354.861900,128.936500,350.885900
189.475,3,-0.329114,1.682972,0.348604,0.084409,-0.900482,-0.008917,-0.426529,354.947700,129.677600,351.664300
189.587,3,-0.331791,1.682646,0.357155,0.084694,-0.901908,-0.010402,-0.423416,354.808500,130.080500,351.688400
189.698,3,-0.335057,1.682880,0.361725,0.085023,-0.903066,-0.012791,-0.420808,354.568300,130.423000,351.753000
189.809,3,-0.340465,1.686561,0.366834,0.088786,-0.903646,-0.035311,-0.417487,352.070700,130.933300,352.400800
189.922,3,-0.347078,1.693249,0.372345,0.097774,-0.901084,-0.071951,-0.416307,347.814600,131.135700,353.166800
190.032,3,-0.353588,1.699886,0.378851,0.108856,-0.896269,-0.110743,-0.415438,343.204500,131.176300,353.816700
190.145,3,-0.365282,1.713600,0.390964,0.135182,-0.884481,-0.194423,-0.402019,333.088300,132.389800,354.671600
190.256,3,-0.380956,1.725336,0.406578,0.167341,-0.861789,-0.283024,-0.386283,321.895600,133.470700,354.913100
190.368,3,-0.397843,1.731627,0.421148,0.193424,-0.835567,-0.345900,-0.380484,313.511600,133.183900,354.999100
190.479,3,-0.403114,1.732041,0.424535,0.198836,-0.831236,-0.349988,-0.383431,312.749800,132.774100,354.745300
190.590,3,-0.404210,1.731779,0.426641,0.199878,-0.830688,-0.348662,-0.385281,312.838200,132.572400,354.649100
190.701,3,-0.402152,1.731549,0.428807,0.193096,-0.830259,-0.344720,-0.393131,313.594500,131.093200,355.875200
190.812,3,-0.399821,1.730489,0.430728,0.188164,-0.832684,-0.334517,-0.399162,314.983600,130.333800,356.243900
190.923,3,-0.397108,1.729009,0.432533,0.181709,-0.836981,-0.323463,-0.402264,316.555300,130.043600,356.530400
191.034,3,-0.395810,1.728365,0.433619,0.177817,-0.837200,-0.321257,-0.405304,316.995800,129.487700,357.074500
191.146,3,-0.395920,1.727757,0.431935,0.176689,-0.838930,-0.317456,-0.405215,317.480600,129.623500,356.952600
191.257,3,-0.396529,1.727510,0.430777,0.173869,-0.840293,-0.316196,-0.404595,317.771600,129.665500,357.187000
191.367,3,-0.398508,1.726782,0.429733,0.172004,-0.841504,-0.312324,-0.405880,318.296900,129.552900,357.239900
191.479,3,-0.399571,1.726414,0.429187,0.170208,-0.842796,-0.309059,-0.406455,318.752600,129.530100,357.281200
191.589,3,-0.399170,1.726100,0.429894,0.168295,-0.842763,-0.305583,-0.409936,319.228200,129.053400,357.493000
191.700,3,-0.398458,1.725445,0.430828,0.165195,-0.843226,-0.304260,-0.411226,319.534900,128.792000,357.864100
191.811,3,-0.398446,1.725371,0.430074,0.164315,-0.844566,-0.301431,-0.410911,319.894700,128.926800,357.765000
191.922,3,-0.398828,1.724951,0.429764,0.163245,-0.846163,-0.299467,-0.409486,320.171800,129.190800,357.685800
192.033,3,-0.399043,1.724739,0.430650,0.162514,-0.845719,-0.298992,-0.411039,320.258500,128.942000,357.832100
192.144,3,-0.399104,1.724418,0.431938,0.162117,-0.844510,-0.298411,-0.414093,320.335900,128.475700,358.013900
192.255,3,-0.398421,1.724667,0.432634,0.162945,-0.843367,-0.298695,-0.415887,320.256500,128.212800,358.032600
192.366,3,-0.394798,1.724536,0.431574,0.161217,-0.843912,-0.298116,-0.415871,320.412300,128.179200,358.204200
192.478,3,-0.390909,1.723870,0.427511,0.158215,-0.846820,-0.293058,-0.414706,321.129700,128.462600,358.167700
192.589,3,-0.386179,1.722776,0.417464,0.153892,-0.852266,-0.289659,-0.407503,321.745500,129.555500,358.085100
192.700,3,-0.384530,1.721525,0.403366,0.153339,-0.855925,-0.285335,-0.403067,322.261100,130.371700,357.646400
192.811,3,-0.384258,1.720454,0.375807,0.161837,-0.857949,-0.273567,-0.403600,323.126600,130.972800,355.923100
192.922,3,-0.385906,1.718856,0.341955,0.173773,-0.862771,-0.261748,-0.396129,323.890500,132.821700,353.426900
193.033,3,-0.390464,1.716657,0.295933,0.172660,-0.884543,-0.254542,-0.350687,325.151700,139.544400,351.103100
193.144,3,-0.397396,1.712089,0.238557,0.176367,-0.910228,-0.233144,-0.293298,328.137300,147.870300,347.466700
193.255,3,-0.401656,1.710519,0.181275,0.186673,-0.920152,-0.209217,-0.273317,330.852100,150.890500,344.787600
193.367,3,-0.408011,1.706965,0.103335,0.189332,-0.933495,-0.188735,-0.238998,333.713100,155.294000,342.924600
193.478,3,-0.411984,1.704752,0.045402,0.192058,-0.939450,-0.180616,-0.218920,334.947400,157.823400,341.878100
193.589,3,-0.416342,1.703123,-0.020966,0.201733,-0.944850,-0.162678,-0.200248,337.157100,160.160200,339.942700
193.701,3,-0.418667,1.701984,-0.065362,0.204947,-0.947046,-0.154465,-0.192982,338.181200,161.002300,339.272500
193.811,3,-0.420377,1.700463,-0.097012,0.205786,-0.948978,-0.145039,-0.189887,339.302700,161.249400,338.983600
193.922,3,-0.422043,1.699839,-0.118012,0.203453,-0.951261,-0.140267,-0.184487,340.005500,161.774000,339.094600
194.034,3,-0.422860,1.700211,-0.129521,0.202506,-0.951474,-0.138799,-0.185534,340.167500,161.605200,339.212500
194.145,3,-0.423323,1.699807,-0.138838,0.200758,-0.951807,-0.133047,-0.189892,340.760700,160.956600,339.435900
194.256,3,-0.422785,1.698912,-0.142686,0.200312,-0.951383,-0.129169,-0.195090,341.098800,160.265000,339.537200
194.367,3,-0.420768,1.698438,-0.144721,0.197758,-0.950319,-0.124721,-0.205501,341.438200,158.901000,339.975800
194.478,3,-0.416306,1.699715,-0.140758,0.193317,-0.944028,-0.123388,-0.237096,341.056700,154.985700,341.092900
194.589,3,-0.407909,1.702380,-0.128830,0.186631,-0.922266,-0.112851,-0.319153,340.896000,144.660400,343.257000
194.700,3,-0.395963,1.701180,-0.112928,0.182567,-0.880740,-0.076993,-0.430162,342.981000,130.268600,344.511600
194.810,3,-0.384782,1.700768,-0.086822,0.161156,-0.801873,-0.057916,-0.572429,343.896000,110.594000,348.463300
194.920,3,-0.384367,1.703694,-0.061927,0.150948,-0.725999,-0.068153,-0.667455,342.514800,96.001210,352.275600
195.031,3,-0.387371,1.705607,-0.044518,0.147819,-0.684969,-0.072655,-0.709710,341.979900,88.919400,354.001500
195.142,3,-0.390291,1.705722,-0.035264,0.144263,-0.669227,-0.077690,-0.724767,341.754000,86.217890,355.139100
195.253,3,-0.393615,1.706790,-0.029652,0.148869,-0.659651,-0.082202,-0.732080,340.948500,84.816510,355.385300
195.365,3,-0.395966,1.707327,-0.025706,0.152500,-0.652860,-0.088333,-0.736692,340.121300,83.832460,355.793900
195.476,3,-0.396948,1.707689,-0.024805,0.155716,-0.650657,-0.089024,-0.737884,339.778700,83.587810,355.645000
195.588,3,-0.395581,1.707881,-0.024278,0.159980,-0.644434,-0.090013,-0.742300,339.297100,82.739310,355.551200
195.699,3,-0.392140,1.706819,-0.024872,0.155246,-0.638715,-0.088263,-0.748433,339.810100,81.675430,355.955400
195.810,3,-0.386917,1.706497,-0.027896,0.156348,-0.628226,-0.084589,-0.757452,339.932100,80.082340,355.830100
195.921,3,-0.381732,1.705919,-0.029646,0.155706,-0.622068,-0.082256,-0.762903,340.128300,79.116260,355.840600
196.032,3,-0.376358,1.704844,-0.030490,0.153668,-0.615603,-0.082133,-0.768553,340.285900,78.055190,356.165800
196.143,3,-0.371328,1.704563,-0.033026,0.152824,-0.613282,-0.081513,-0.770640,340.395500,77.676340,356.237700
196.254,3,-0.367641,1.703975,-0.036938,0.154584,-0.616394,-0.076305,-0.768336,340.633400,78.237170,355.543000
196.365,3,-0.364477,1.703248,-0.053097,0.167201,-0.654636,-0.056350,-0.735065,341.362200,84.732550,351.743800
196.476,3,-0.363684,1.700423,-0.081834,0.194732,-0.723751,-0.033673,-0.661158,342.167300,97.452510,345.562300
196.587,3,-0.363162,1.689127,-0.127308,0.224283,-0.825882,0.006781,-0.517272,347.242200,118.459100,337.230000
196.698,3,-0.359443,1.677567,-0.154573,0.222192,-0.884859,0.030986,-0.408284,352.727000,132.073200,335.044600
196.809,3,-0.349134,1.671155,-0.173675,0.216206,-0.918070,0.030673,-0.330851,355.023700,141.457200,335.237400
196.921,3,-0.340848,1.667642,-0.185650,0.215071,-0.932909,0.031450,-0.287119,356.283400,146.605700,335.151200
197.032,3,-0.332773,1.665545,-0.194808,0.216989,-0.939564,0.034567,-0.262564,357.191900,149.402500,334.759800
197.143,3,-0.325633,1.663564,-0.199680,0.213836,-0.942074,0.040754,-0.255167,358.146600,150.101700,334.917800
197.254,3,-0.322873,1.662976,-0.202596,0.215059,-0.943157,0.041854,-0.249904,358.364600,150.685700,334.737700
197.366,3,-0.321822,1.661630,-0.207515,0.213792,-0.945639,0.044923,-0.240919,358.965700,151.645200,334.782600
197.477,3,-0.321373,1.660738,-0.210959,0.211669,-0.946189,0.048390,-0.239962,359.426300,151.666200,334.925100
197.588,3,-0.319316,1.662521,-0.211459,0.206543,-0.941692,0.046616,-0.261504,358.840900,149.211400,335.577400
197.699,3,-0.311145,1.667317,-0.203451,0.196785,-0.920243,0.041600,-0.335706,356.815000,140.564100,337.001100
197.810,3,-0.301475,1.678782,-0.178960,0.196608,-0.857125,0.020364,-0.475676,351.249400,123.578100,338.862600
197.921,3,-0.297736,1.688766,-0.146313,0.186323,-0.773299,-0.005450,-0.606022,346.452000,105.843600,343.164700
198.031,3,-0.302320,1.694907,-0.108003,0.167110,-0.679843,-0.023789,-0.713668,344.284000,88.822860,348.418200
198.142,3,-0.314687,1.698986,-0.073179,0.159711,-0.619494,-0.032882,-0.767879,343.380300,79.085230,351.152300
198.253,3,-0.330334,1.700663,-0.040778,0.159881,-0.598413,-0.034455,-0.784317,343.020400,75.919460,351.746000
198.365,3,-0.347641,1.701494,-0.004707,0.160670,-0.592791,-0.034728,-0.788402,342.871300,75.109960,351.834700
198.477,3,-0.363069,1.705068,0.028001,0.166342,-0.594840,-0.043976,-0.785214,341.727000,75.547580,352.202400
198.588,3,-0.383371,1.709342,0.066271,0.177377,-0.599142,-0.045522,-0.779419,340.667500,76.571720,351.370400
198.699,3,-0.400259,1.709078,0.090254,0.178455,-0.610530,-0.042422,-0.770459,340.926300,78.352060,350.712100
198.810,3,-0.425705,1.706340,0.113814,0.177538,-0.623331,-0.036438,-0.760665,341.607900,80.300290,349.931500
198.921,3,-0.450093,1.698936,0.128444,0.172777,-0.634970,-0.033038,-0.752243,342.428500,81.924530,349.745700
199.032,3,-0.471798,1.697842,0.136495,0.169454,-0.641541,-0.024446,-0.747738,343.454300,82.843570,349.124500
199.143,3,-0.489691,1.697695,0.138026,0.165578,-0.643645,-0.024710,-0.746790,343.792800,83.025010,349.424300
199.253,3,-0.500530,1.697059,0.133497,0.166130,-0.645680,-0.028882,-0.744758,343.456100,83.350850,349.693100
199.365,3,-0.504726,1.697442,0.122228,0.164218,-0.641909,-0.028510,-0.748447,343.595400,82.695260,349.904700
199.476,3,-0.502650,1.697288,0.106894,0.164493,-0.642045,-0.022674,-0.748469,344.017000,82.742770,349.373200
199.587,3,-0.491801,1.693376,0.077595,0.157268,-0.656067,-0.015587,-0.737970,345.370300,84.681600,349.076800
199.697,3,-0.477285,1.688772,0.042739,0.151097,-0.661177,-0.007076,-0.734823,346.619600,85.281310,348.773400
199.808,3,-0.450632,1.681678,-0.020264,0.142584,-0.670369,0.005175,-0.728182,348.421200,86.456340,348.297500
199.920,3,-0.421486,1.676888,-0.090662,0.131193,-0.691892,0.017419,-0.709768,350.669500,89.526830,347.934200
200.032,3,-0.389104,1.674778,-0.156874,0.122681,-0.707773,0.023536,-0.695308,352.109200,91.850510,347.973500
200.143,3,-0.352203,1.678476,-0.204085,0.122793,-0.697364,0.031761,-0.705405,352.591700,90.161220,347.414800
200.254,3,-0.318484,1.679244,-0.232368,0.123054,-0.673640,0.028174,-0.728199,351.879400,86.401540,347.941200
200.366,3,-0.270402,1.674913,-0.257873,0.127252,-0.661195,0.036705,-0.738431,351.987200,84.596180,347.016000
200.477,3,-0.228349,1.668909,-0.268952,0.124256,-0.667701,0.039160,-0.732941,352.539100,85.518750,346.982900
200.588,3,-0.170859,1.662823,-0.273335,0.124607,-0.671913,0.035195,-0.729224,352.273900,86.180240,347.244900
200.699,3,-0.124788,1.665739,-0.272059,0.130900,-0.653719,0.034797,-0.744517,351.406800,83.552470,346.968400
200.811,3,-0.075903,1.665131,-0.268526,0.142214,-0.588691,0.052889,-0.793991,350.586200,74.331320,345.234800
200.922,3,-0.041253,1.667811,-0.268215,0.145301,-0.534237,0.055361,-0.830911,349.495500,66.824310,345.435800
201.033,3,-0.006264,1.671063,-0.269017,0.136361,-0.502763,0.043372,-0.852499,349.112300,62.247590,347.588500
201.145,3,0.032174,1.673307,-0.275919,0.130633,-0.471398,0.038187,-0.871356,348.950700,57.907630,348.855000
201.256,3,0.068948,1.676618,-0.289623,0.137940,-0.428320,0.030749,-0.892507,347.297800,52.413620,349.782000
201.367,3,0.123960,1.680616,-0.316600,0.144955,-0.371673,0.047898,-0.915725,346.710400,45.536720,348.413200
201.478,3,0.167977,1.679561,-0.336336,0.135502,-0.353036,0.050163,-0.924385,347.579000,43.019440,348.876200
201.588,3,0.213675,1.678735,-0.352993,0.130263,-0.319697,0.059375,-0.936643,348.108700,38.889880,348.534300
201.699,3,0.242971,1.679058,-0.361387,0.130840,-0.303123,0.066977,-0.941547,348.124800,36.956100,347.881200
201.810,3,0.272950,1.677911,-0.368307,0.130423,-0.291822,0.072342,-0.944773,348.216300,35.630650,347.443900
201.921,3,0.292677,1.677480,-0.371491,0.132796,-0.276609,0.077471,-0.948605,347.931300,33.896040,346.972000
202.033,3,0.307965,1.676222,-0.373080,0.133857,-0.264840,0.082628,-0.951375,347.823200,32.558050,346.504200
202.144,3,0.317980,1.675221,-0.373274,0.132938,-0.257058,0.084354,-0.953485,347.869400,31.623660,346.441300
202.255,3,0.323593,1.674914,-0.371781,0.132469,-0.247950,0.083709,-0.956016,347.773700,30.516250,346.645000
202.366,3,0.329420,1.674236,-0.370304,0.129295,-0.242074,0.084994,-0.957841,348.080400,29.763350,346.680100
202.477,3,0.333314,1.673838,-0.370036,0.129093,-0.241457,0.086977,-0.957846,348.153000,29.707350,346.470600
202.588,3,0.337524,1.673283,-0.370241,0.129100,-0.249263,0.088018,-0.955748,348.293700,30.650180,346.258200
202.698,3,0.341030,1.672783,-0.370252,0.129698,-0.254788,0.090970,-0.953932,348.399300,31.354140,345.839000
202.809,3,0.345066,1.672238,-0.370797,0.130513,-0.258805,0.093579,-0.952486,348.452200,31.879410,345.469300
202.920,3,0.349506,1.671438,-0.371546,0.130936,-0.264317,0.097226,-0.950547,348.607700,32.585910,344.979800
203.031,3,0.353919,1.670720,-0.371734,0.130508,-0.268565,0.100596,-0.949063,348.832000,33.118620,344.568800
203.142,3,0.357404,1.669989,-0.371568,0.128659,-0.269069,0.103454,-0.948866,349.135500,33.164660,344.311300
203.253,3,0.357698,1.669159,-0.370474,0.124665,-0.262477,0.105825,-0.950981,349.539600,32.309280,344.262800
203.365,3,0.343201,1.673101,-0.362777,0.119114,-0.223627,0.096727,-0.962521,349.278300,27.489870,345.893100
203.476,3,0.313098,1.678973,-0.350056,0.115503,-0.150437,0.072669,-0.979156,348.209900,18.548120,349.579200
203.587,3,0.255172,1.686191,-0.335919,0.109958,-0.028076,0.033846,-0.992963,347.498400,3.711583,355.688900
203.697,3,0.206953,1.691645,-0.331695,0.118939,0.055121,0.004386,-0.991361,346.331400,353.603900,0.260399
203.809,3,0.149602,1.694780,-0.329657,0.130811,0.122426,-0.012172,-0.983744,345.262700,345.382900,3.318270
203.921,3,0.103326,1.696416,-0.327583,0.134229,0.142370,-0.013445,-0.980578,344.964700,342.971600,3.834654
204.033,3,0.060119,1.697702,-0.321028,0.133765,0.136184,-0.009752,-0.981563,344.933400,343.765700,3.299535
204.144,3,0.017998,1.699768,-0.311840,0.128393,0.118521,-0.002011,-0.984614,345.382900,346.011000,2.036969
204.255,3,-0.017199,1.697835,-0.304186,0.121310,0.098500,0.006017,-0.987697,346.065000,348.523100,0.709185
204.366,3,-0.059336,1.694402,-0.295960,0.104852,0.073805,0.014777,-0.991635,347.870000,351.573100,359.189500
204.478,3,-0.089615,1.689461,-0.289689,0.080823,0.064884,0.017188,-0.994466,350.620000,352.646900,358.623700
204.588,3,-0.123390,1.680956,-0.283255,0.045747,0.064588,0.023956,-0.996575,354.590400,352.697500,357.591400
204.699,3,-0.144627,1.676414,-0.280166,0.026532,0.065363,0.022739,-0.997250,356.796100,352.567300,357.595800
204.809,3,-0.164214,1.665185,-0.275346,-0.027509,0.060137,0.023402,-0.997537,2.984575,353.025400,357.130300
204.920,3,-0.175042,1.661486,-0.273332,-0.046371,0.051876,0.023239,-0.997306,5.168260,353.911800,357.055200
205.031,3,-0.186680,1.656252,-0.273347,-0.073753,0.047447,0.021670,-0.995912,8.328438,354.333200,357.094100
205.142,3,-0.196329,1.653237,-0.273983,-0.088300,0.056590,0.022365,-0.994234,9.965168,353.208200,356.829900
205.252,3,-0.203682,1.653344,-0.275797,-0.087799,0.057950,0.016333,-0.994317,9.945242,353.113100,357.518000
205.364,3,-0.209380,1.652452,-0.277753,-0.092260,0.065434,0.016112,-0.993452,10.439910,352.228500,357.430600
205.475,4,-0.211991,1.651685,-0.279286,-0.093380,0.067469,0.015528,-0.993221,10.567720,351.993500,357.466900
205.586,4,-0.214319,1.650519,-0.281157,-0.095560,0.068520,0.014703,-0.992954,10.822010,351.871200,357.532100
205.697,4,-0.216439,1.649806,-0.283041,-0.096646,0.069731,0.014217,-0.992771,10.947640,351.731100,357.565300
205.808,4,-0.218324,1.651487,-0.285751,-0.091997,0.056994,0.012823,-0.994044,10.453450,353.245100,357.903200
205.920,4,-0.217395,1.655484,-0.289539,-0.078184,0.025292,0.019539,-0.996427,8.906365,356.898100,357.511700
206.031,4,-0.204485,1.664818,-0.298127,-0.036503,-0.092051,0.030855,-0.994607,4.490455,10.452080,356.857200
206.142,4,-0.201351,1.672436,-0.309254,0.000487,-0.159947,0.028679,-0.986709,0.470553,18.401950,356.746500
206.253,4,-0.205876,1.675627,-0.316303,0.018595,-0.172536,0.033537,-0.984257,358.565600,19.937420,355.844800
206.365,4,-0.211796,1.676318,-0.319769,0.020579,-0.171549,0.031473,-0.984458,358.296900,19.828800,356.040100
206.476,4,-0.216183,1.676487,-0.320822,0.020568,-0.168667,0.032009,-0.984939,358.297000,19.494560,355.984700
206.587,4,-0.221109,1.676498,-0.319233,0.019363,-0.164770,0.032563,-0.985604,358.427800,19.037090,355.951800
206.698,4,-0.223956,1.675666,-0.316570,0.014785,-0.161289,0.031878,-0.986282,358.918100,18.611600,356.120200
206.809,4,-0.226246,1.673844,-0.312889,0.005482,-0.161685,0.032504,-0.986292,359.982700,18.620170,356.222100
206.920,4,-0.226832,1.672288,-0.309616,-0.000020,-0.167034,0.032097,-0.985429,0.616663,19.221290,356.373300
207.031,4,-0.227162,1.671331,-0.305872,-0.004472,-0.173305,0.031201,-0.984364,1.124140,19.936430,356.566700
207.142,4,-0.226848,1.669677,-0.302959,-0.009543,-0.178942,0.032538,-0.983275,1.742686,20.575410,356.525700
207.253,4,-0.226207,1.667777,-0.302293,-0.016548,-0.189804,0.035310,-0.981047,2.629248,21.816500,356.384100
207.364,4,-0.225191,1.663218,-0.298065,-0.028189,-0.203608,0.038675,-0.977882,4.064565,23.392520,356.312100
207.475,4,-0.223712,1.652598,-0.288708,-0.071400,-0.207736,0.043803,-0.974592,9.054248,23.809160,356.765800
207.586,4,-0.220669,1.632381,-0.269745,-0.148462,-0.199844,0.055063,-0.966949,18.006070,22.904110,357.158400
207.697,4,-0.213646,1.617388,-0.251494,-0.198092,-0.194843,0.060058,-0.958743,23.781060,22.474500,357.622200
207.807,4,-0.197836,1.604266,-0.219477,-0.231026,-0.186990,0.064941,-0.952599,27.673730,21.616190,357.584400
207.918,4,-0.180476,1.594621,-0.188129,-0.253047,-0.183371,0.068518,-0.947443,30.306390,21.241730,357.541700
208.029,4,-0.152848,1.593469,-0.140807,-0.235971,-0.180014,0.077027,-0.951830,28.485710,20.397220,355.976000
208.140,4,-0.123755,1.608008,-0.100032,-0.168418,-0.198286,0.065182,-0.963364,20.508430,22.609780,356.400800
208.251,4,-0.082900,1.632483,-0.048485,-0.088861,-0.230216,0.051163,-0.967722,11.276490,26.427800,356.603100
208.363,4,-0.052529,1.646748,-0.008013,-0.061135,-0.244783,0.049269,-0.966393,8.179918,28.157100,356.217600
208.475,4,-0.032648,1.653638,0.025527,-0.046761,-0.252371,0.048190,-0.965298,6.580575,29.072870,355.992100
208.586,4,-0.013140,1.663882,0.072969,-0.035734,-0.265339,0.041274,-0.962609,5.203828,30.662920,356.517300
208.697,4,-0.004201,1.666767,0.115403,-0.023910,-0.276301,0.030406,-0.960292,3.596201,32.022370,357.405100
208.809,4,0.001473,1.662752,0.182659,-0.014442,-0.296055,0.016409,-0.954921,2.137467,34.425730,358.693300
208.921,4,0.001427,1.654049,0.252975,-0.011089,-0.318770,0.004567,-0.947756,1.371304,37.178770,359.909100
209.031,4,0.003026,1.648642,0.329253,-0.022732,-0.352177,0.009725,-0.935607,2.830736,41.251180,359.874600
209.144,4,0.013503,1.644025,0.403377,-0.070980,-0.401011,0.044634,-0.912228,9.514527,47.341580,358.576200
209.253,4,0.028992,1.638692,0.462671,-0.088885,-0.447075,0.064284,-0.887745,12.432840,53.238820,357.966100
209.365,4,0.049734,1.637270,0.510013,-0.104547,-0.482003,0.079956,-0.866228,14.963290,57.892540,357.761400
209.476,4,0.072394,1.636567,0.544401,-0.104269,-0.505224,0.089026,-0.852028,15.523650,60.957130,357.243000
209.587,4,0.106618,1.634663,0.578974,-0.101770,-0.523854,0.100509,-0.839713,16.034650,63.393340,356.291000
209.698,4,0.134758,1.632660,0.597043,-0.101684,-0.523273,0.107393,-0.839234,16.443190,63.249810,355.584500
209.809,4,0.169578,1.640187,0.611984,-0.077486,-0.524226,0.109036,-0.841008,14.161180,63.121220,353.952000
209.920,4,0.185869,1.650574,0.623592,-0.040906,-0.516346,0.084623,-0.851207,9.034473,62.014420,354.082300
210.032,4,0.192473,1.662040,0.636517,-0.016300,-0.529622,0.066299,-0.845482,5.611872,63.859050,354.531300
210.143,4,0.194720,1.666017,0.657411,0.001749,-0.563283,0.051652,-0.824646,3.170327,68.532140,354.992000
210.255,4,0.193876,1.662410,0.685760,-0.006871,-0.584700,0.052495,-0.809520,4.158311,71.518950,355.574700
210.363,4,0.185175,1.663119,0.730672,-0.013071,-0.572951,0.052250,-0.817818,4.660633,69.863890,355.944800
210.473,4,0.169309,1.667414,0.771525,-0.006790,-0.556550,0.053180,-0.829083,4.040108,67.582030,355.364000
210.578,4,0.145995,1.664414,0.816404,-0.014359,-0.517505,0.041347,-0.854560,3.860986,62.288410,356.793700
210.689,4,0.118392,1.659613,0.856950,-0.036745,-0.469313,0.033194,-0.881643,5.505860,55.987660,358.616100
210.803,4,0.095813,1.656558,0.883390,-0.049397,-0.446226,0.036894,-0.892794,6.957307,53.036120,358.742000
210.917,4,0.081616,1.654758,0.893197,-0.055088,-0.449023,0.039629,-0.890939,7.686331,53.413030,358.777600
211.037,4,0.068911,1.655447,0.884350,-0.048532,-0.461883,0.037958,-0.884798,6.946762,55.052770,358.710600
211.151,4,0.060210,1.654243,0.859039,-0.047014,-0.455352,0.044060,-0.887977,7.101047,54.170240,357.953700
211.272,4,0.051354,1.653520,0.812317,-0.038196,-0.445389,0.044806,-0.893399,6.209284,52.851600,357.345900
211.389,4,0.044300,1.649096,0.756739,-0.039604,-0.439769,0.051263,-0.895772,6.663631,52.104810,356.709700
211.509,4,0.034802,1.646079,0.689585,-0.041069,-0.434941,0.051959,-0.898020,6.832105,51.486330,356.674600
211.612,4,0.020256,1.641729,0.644521,-0.042672,-0.433451,0.054287,-0.898528,7.108294,51.288080,356.500900
211.723,4,-0.004916,1.645452,0.610837,-0.047520,-0.416180,0.052789,-0.906504,7.474935,49.107930,356.753400
211.833,4,-0.028559,1.651929,0.592309,-0.038155,-0.390891,0.053312,-0.918099,6.415504,45.904680,356.072600
211.943,4,-0.048501,1.654365,0.581442,-0.037939,-0.385820,0.052737,-0.920284,6.345475,45.273830,356.088900
212.055,4,-0.054929,1.658387,0.575866,-0.029058,-0.406804,0.055478,-0.911366,5.629897,47.889220,355.534700
212.166,4,-0.046567,1.663143,0.556248,-0.017304,-0.530477,0.055442,-0.845707,5.053752,64.005020,355.658000
212.277,4,-0.037950,1.664343,0.537635,-0.011991,-0.624701,0.051890,-0.779046,4.790564,77.292220,356.210000
212.388,4,-0.030367,1.664309,0.517228,-0.008154,-0.699465,0.060248,-0.712077,5.502809,88.770100,355.713700
212.499,4,-0.026228,1.664539,0.504567,-0.004332,-0.727952,0.064840,-0.682542,5.757271,93.449490,355.260700
212.610,4,-0.021302,1.665382,0.490619,0.003113,-0.742825,0.067050,-0.666112,5.478092,95.973780,354.584200
212.721,4,-0.016441,1.665539,0.480890,0.005672,-0.750790,0.068591,-0.656946,5.482564,97.355190,354.313100
212.832,4,-0.011275,1.664951,0.475037,0.005088,-0.753029,0.073803,-0.653816,5.998271,97.752570,353.987600
212.945,4,-0.007981,1.663299,0.475905,-0.006479,-0.738587,0.077174,-0.669695,7.046680,95.267070,354.576900
213.055,4,-0.007023,1.661188,0.480178,-0.017303,-0.721780,0.085017,-0.686663,8.423597,92.464210,354.676500
213.166,4,-0.008962,1.659109,0.487814,-0.027064,-0.704654,0.092530,-0.702971,9.697888,89.682590,354.647400
213.277,4,-0.011444,1.658741,0.492243,-0.029262,-0.700773,0.091163,-0.706930,9.737872,89.062800,354.884500
213.388,4,-0.014350,1.657675,0.496040,-0.032180,-0.698079,0.092772,-0.709255,10.088680,88.643960,354.949700
213.499,4,-0.017030,1.656493,0.497782,-0.036043,-0.695706,0.096294,-0.710931,10.674670,88.286220,354.934600
213.610,4,-0.020620,1.655961,0.500097,-0.037639,-0.695473,0.098814,-0.710730,11.008080,88.260170,354.850300
213.722,4,-0.022344,1.655930,0.502496,-0.040248,-0.691643,0.096104,-0.714685,10.980130,87.663600,355.226500
213.833,4,-0.022242,1.657469,0.504259,-0.038268,-0.698176,0.095062,-0.708554,10.775960,88.706710,355.254100
213.942,4,-0.019627,1.657055,0.507080,-0.039332,-0.712599,0.093289,-0.694228,10.810800,91.090220,355.710300
214.053,4,-0.017936,1.654579,0.506142,-0.039557,-0.741713,0.103696,-0.661471,11.897230,96.066090,355.398400
214.165,4,-0.015966,1.649147,0.494541,-0.037405,-0.790155,0.110080,-0.601779,12.649140,104.936200,355.687300
214.276,4,-0.011707,1.647144,0.470699,-0.032222,-0.831899,0.115525,-0.541811,13.127960,113.362900,355.785300
214.387,4,-0.000411,1.640608,0.426044,-0.027696,-0.865732,0.121109,-0.484844,13.683170,121.006700,355.899100
214.498,4,0.013462,1.634764,0.385845,-0.023063,-0.876760,0.127750,-0.463077,14.203770,123.742400,355.392400
214.609,4,0.044175,1.631389,0.327166,-0.021385,-0.886683,0.129417,-0.443382,14.386780,126.291200,355.450100
214.721,4,0.078549,1.632223,0.276016,-0.026025,-0.894154,0.124716,-0.429252,14.203850,128.265800,356.420300
214.832,4,0.107964,1.633457,0.236006,-0.027271,-0.893010,0.132793,-0.429133,15.104310,128.153100,356.123900
214.944,4,0.133802,1.635138,0.207323,-0.026631,-0.892025,0.139540,-0.429082,15.771350,128.026500,355.695100
215.055,4,0.157264,1.636034,0.190902,-0.029826,-0.892276,0.140263,-0.428113,16.012340,128.175400,356.010700
215.167,4,0.186374,1.635070,0.182080,-0.029768,-0.894230,0.150223,-0.420593,17.080100,128.961800,355.612600
215.278,4,0.206026,1.636039,0.184169,-0.030356,-0.896982,0.150791,-0.414444,17.198070,129.761500,355.765800
215.389,4,0.231272,1.636324,0.186481,-0.033096,-0.899025,0.150354,-0.409942,17.306240,130.392500,356.170500
215.500,4,0.247692,1.632898,0.186743,-0.034447,-0.900505,0.156419,-0.404273,18.033020,131.028800,356.114600
215.611,4,0.262980,1.629923,0.187428,-0.034243,-0.902980,0.160782,-0.396994,18.515120,131.885700,356.019900
215.722,4,0.272085,1.627304,0.188736,-0.035481,-0.907696,0.162996,-0.385048,18.858060,133.411200,356.297400
215.833,4,0.280013,1.625717,0.191963,-0.039357,-0.909977,0.162280,-0.379550,18.978810,134.195600,356.874500
215.944,4,0.287574,1.624443,0.195581,-0.041204,-0.909772,0.161999,-0.379967,19.030790,134.174900,357.081400
216.055,4,0.293338,1.624372,0.198395,-0.042350,-0.909241,0.163408,-0.380506,19.231410,134.095600,357.125900
216.167,4,0.300776,1.625826,0.202122,-0.040029,-0.909281,0.158850,-0.382586,18.633150,133.877600,357.050900
216.278,4,0.308343,1.625956,0.205415,-0.040234,-0.907870,0.156627,-0.386808,18.392150,133.375400,357.093700
216.389,4,0.320151,1.625939,0.211030,-0.042564,-0.904958,0.150285,-0.395796,17.800100,132.359100,357.476200
216.501,4,0.331167,1.626425,0.220591,-0.046154,-0.899743,0.146375,-0.408542,17.524410,130.819100,357.803600
216.612,4,0.343326,1.626333,0.237177,-0.057619,-0.891762,0.136737,-0.427485,17.045850,128.649600,359.152600
216.723,4,0.355898,1.626507,0.259461,-0.069181,-0.870255,0.122840,-0.471996,16.207190,123.090100,0.265547
216.834,4,0.362398,1.625535,0.273807,-0.074478,-0.853009,0.115078,-0.503573,15.743750,118.981000,0.664366
216.946,4,0.369566,1.629968,0.275961,-0.070393,-0.849654,0.110788,-0.510744,15.080030,118.028900,0.382826
217.057,4,0.380105,1.634026,0.271428,-0.067065,-0.854590,0.107026,-0.503711,14.506440,119.019500,0.402815
217.168,4,0.393926,1.632582,0.266299,-0.068063,-0.857476,0.105413,-0.498990,14.400830,119.693400,0.681736
217.279,4,0.400202,1.629079,0.264800,-0.069271,-0.854953,0.111888,-0.501736,15.119290,119.234800,0.366176
217.390,4,0.405217,1.629039,0.263344,-0.070797,-0.855801,0.108625,-0.500792,14.882160,119.425800,0.733930
217.502,4,0.406118,1.625337,0.261676,-0.067013,-0.855697,0.108407,-0.501538,14.640080,119.294700,0.352038
217.612,4,0.409598,1.619970,0.254484,-0.070193,-0.857272,0.107451,-0.498611,14.727830,119.734300,0.781782
217.724,4,0.421732,1.620382,0.241948,-0.065395,-0.855716,0.107377,-0.501940,14.443000,119.241400,0.244100
217.835,4,0.438562,1.617923,0.227619,-0.064983,-0.854500,0.107496,-0.504036,14.431230,118.950800,0.159282
217.947,4,0.469098,1.612209,0.205070,-0.064041,-0.849010,0.108956,-0.513040,14.520190,117.689400,359.819200
218.058,4,0.503936,1.612878,0.182273,-0.061116,-0.843484,0.112785,-0.521612,14.715730,116.423200,359.137500
218.169,4,0.551638,1.614401,0.154843,-0.064701,-0.835999,0.118170,-0.531936,15.450920,114.922300,358.957400
218.281,4,0.591909,1.613865,0.135078,-0.066381,-0.828767,0.120248,-0.542476,15.743690,113.417600,358.783400
218.391,4,0.627771,1.610744,0.118297,-0.070849,-0.821701,0.125142,-0.551477,16.487210,112.078700,358.709700
218.503,4,0.660278,1.607575,0.103966,-0.073189,-0.817628,0.128169,-0.556508,16.920780,111.314100,358.624200
218.614,4,0.687365,1.604055,0.093939,-0.076207,-0.812290,0.130728,-0.563284,17.351310,110.306100,358.591000
218.726,4,0.714795,1.600359,0.085310,-0.084114,-0.801780,0.138660,-0.575194,18.609310,108.444900,358.510700
218.837,4,0.726418,1.600288,0.081727,-0.087104,-0.796785,0.142383,-0.580753,19.151660,107.553700,358.388200
218.948,4,0.734479,1.603512,0.081016,-0.084778,-0.793137,0.139058,-0.586864,18.668390,106.716700,358.261900
219.059,4,0.740333,1.606907,0.080825,-0.084568,-0.787966,0.137842,-0.594102,18.524720,105.668900,358.156000
219.170,4,0.752701,1.608121,0.078665,-0.082411,-0.787197,0.138454,-0.595282,18.426970,105.462600,357.880300
219.281,4,0.764375,1.607182,0.079238,-0.079120,-0.780081,0.142374,-0.604105,18.525140,104.011600,357.063400
219.392,4,0.774984,1.606332,0.082086,-0.082510,-0.771940,0.145072,-0.613396,18.977420,102.544900,356.933500
219.504,4,0.788715,1.606060,0.085567,-0.081490,-0.770666,0.143011,-0.615614,18.708920,102.260400,356.945200
219.615,4,0.805164,1.604232,0.091599,-0.086225,-0.769920,0.144164,-0.615635,19.156850,102.249600,357.285800
219.726,4,0.832620,1.602932,0.103468,-0.088744,-0.767245,0.136499,-0.620345,18.636320,101.757200,357.993600
219.838,4,0.859165,1.602710,0.115848,-0.089984,-0.765687,0.133717,-0.622692,18.471640,101.478500,358.264200
219.949,4,0.900739,1.606389,0.136616,-0.090718,-0.763419,0.122736,-0.627612,17.533880,101.008200,359.065700
220.060,4,0.937961,1.611354,0.157471,-0.095602,-0.756902,0.117673,-0.635699,17.438480,99.903180,359.706500
220.170,4,0.967738,1.614449,0.177884,-0.093308,-0.749774,0.108778,-0.645988,16.479280,98.499800,359.963000
220.282,4,0.993018,1.617318,0.196840,-0.097996,-0.734323,0.102934,-0.663755,16.335700,95.841470,0.434365
220.391,4,1.016653,1.622105,0.213865,-0.094344,-0.700393,0.095230,-0.701056,15.407250,89.934800,359.918800
220.502,4,1.040172,1.622435,0.231274,-0.094866,-0.641593,0.093230,-0.755426,15.245750,80.531300,358.864000
220.612,4,1.062704,1.624385,0.250486,-0.093691,-0.548088,0.082070,-0.827095,14.178600,66.819160,358.046100
220.722,4,1.081805,1.626801,0.265722,-0.089057,-0.411340,0.067405,-0.904613,12.508090,48.590540,357.141600
220.832,4,1.099008,1.632215,0.269276,-0.092619,-0.263148,0.051725,-0.958905,11.820600,30.385320,357.045300
220.943,4,1.108788,1.637916,0.262607,-0.091181,-0.117921,0.028680,-0.988412,10.778550,13.413170,357.947100
221.063,4,1.101370,1.640201,0.247434,-0.091947,0.068286,0.013184,-0.993332,10.420310,351.929000,357.742100
221.169,4,1.089106,1.643275,0.223599,-0.088281,0.209590,-0.000594,-0.973796,9.914905,335.526200,357.914500
221.281,4,1.075260,1.644763,0.188948,-0.075319,0.328971,-0.013902,-0.941229,8.680917,321.366800,358.644400
221.384,4,1.062975,1.645454,0.158009,-0.069427,0.409960,-0.024926,-0.909116,8.434083,311.405000,359.327900
221.503,4,1.053028,1.647159,0.125346,-0.052869,0.481343,-0.034703,-0.874248,7.229764,302.363200,0.564956
221.606,4,1.048784,1.647155,0.100269,-0.047632,0.527352,-0.040142,-0.847360,7.068845,296.271600,1.027246
221.712,4,1.051187,1.645623,0.086343,-0.046988,0.541538,-0.044912,-0.838160,7.319897,294.356900,1.409343
221.815,4,1.057897,1.644784,0.081075,-0.048195,0.535252,-0.044972,-0.842116,7.429988,295.210300,1.395612
221.919,4,1.063918,1.645648,0.082975,-0.047742,0.525802,-0.045253,-0.848060,7.386631,296.500700,1.534112
222.022,4,1.069093,1.646737,0.087048,-0.051238,0.521230,-0.045019,-0.850686,7.706923,297.097300,1.340396
222.128,4,1.068555,1.647962,0.086051,-0.055378,0.502384,-0.040346,-0.861926,7.816489,299.582400,0.804393
222.231,4,1.058128,1.648097,0.076498,-0.056893,0.471439,-0.043763,-0.878973,8.121821,303.681700,1.348090
222.332,4,1.039110,1.646055,0.060310,-0.057125,0.450717,-0.047322,-0.889580,8.296260,306.398100,1.893685
222.448,4,1.002881,1.644063,0.030944,-0.061555,0.433588,-0.048558,-0.897694,8.779015,308.589100,1.960026
222.567,4,0.962742,1.641979,0.002373,-0.058835,0.416601,-0.044079,-0.906112,8.241657,310.745800,1.786879
222.677,4,0.919957,1.640834,-0.026975,-0.067259,0.389081,-0.037804,-0.917967,8.795017,314.136700,0.989575
222.778,4,0.890303,1.640679,-0.048279,-0.068702,0.360657,-0.029099,-0.929710,8.553620,317.614800,0.263786
222.884,4,0.854355,1.640803,-0.071908,-0.069366,0.316807,-0.019605,-0.945747,8.257824,322.931600,359.602300
222.990,4,0.822799,1.642166,-0.087836,-0.071116,0.276157,-0.011792,-0.958405,8.211607,327.782900,359.034600
223.096,4,0.800514,1.643549,-0.095881,-0.075573,0.246977,-0.005628,-0.966054,8.557047,331.203700,358.466900
223.207,4,0.778259,1.646313,-0.100790,-0.076515,0.216680,-0.001028,-0.973239,8.590994,334.761400,358.194300
223.318,4,0.765835,1.647997,-0.095814,-0.071506,0.197649,0.002428,-0.977659,7.981770,337.008400,358.089600
223.430,4,0.753369,1.646622,-0.072408,-0.058921,0.177614,0.004741,-0.982324,6.550262,339.402300,358.255500
223.541,4,0.741379,1.640698,-0.034036,-0.057011,0.174711,0.005801,-0.982951,6.318262,339.743200,358.193900
223.652,4,0.727260,1.635373,0.015037,-0.049128,0.183605,0.003590,-0.981765,5.459756,338.745500,358.555800
223.763,4,0.711885,1.636625,0.070971,-0.046786,0.190383,0.008149,-0.980561,5.085978,337.938300,358.055600
223.874,4,0.696392,1.645992,0.125481,-0.046437,0.201458,0.007146,-0.978370,5.047733,336.646600,358.119200
223.985,4,0.683475,1.647586,0.170555,-0.041643,0.218325,0.001136,-0.974987,4.629190,334.709000,358.827300
224.096,4,0.673477,1.647036,0.204055,-0.050021,0.225491,0.000943,-0.972960,5.561383,333.835100,358.595600
224.207,4,0.660029,1.652042,0.238757,-0.048948,0.231718,0.001220,-0.971550,5.425117,333.102400,358.557800
224.318,4,0.648864,1.651109,0.261478,-0.052657,0.233110,0.002707,-0.971020,5.796745,332.914400,358.283200
224.439,4,0.635366,1.651344,0.282035,-0.060175,0.225461,0.004166,-0.972383,6.612141,333.774200,357.967100
224.553,4,0.623032,1.652911,0.294645,-0.060773,0.211994,0.002676,-0.975376,6.743148,335.370100,358.211900
224.665,4,0.611619,1.655234,0.304132,-0.063787,0.207889,0.002631,-0.976067,7.089875,335.839600,358.171800
224.776,4,0.604425,1.656919,0.311385,-0.064801,0.206354,0.002875,-0.976325,7.200844,336.013800,358.130900
224.888,4,0.600603,1.655700,0.319400,-0.070748,0.198814,0.004403,-0.977471,7.848640,336.860300,357.874600
224.999,4,0.600038,1.656170,0.322842,-0.071701,0.196680,0.006155,-0.977823,7.920650,337.093200,357.671500
225.110,4,0.601959,1.656315,0.321895,-0.071250,0.204774,0.005806,-0.976195,7.858623,336.145000,357.656000
225.221,4,0.608008,1.656010,0.317466,-0.072873,0.213195,0.004318,-0.974279,8.056873,335.152900,357.714500
225.332,4,0.615214,1.656640,0.312724,-0.072319,0.214910,0.007679,-0.973922,7.906987,334.928400,357.335700
225.444,4,0.621128,1.657479,0.309562,-0.068184,0.210465,0.010125,-0.975168,7.395595,335.460900,357.199800
225.555,4,0.623943,1.657348,0.308824,-0.067614,0.207074,0.009432,-0.975941,7.358004,335.869000,357.317700
225.666,4,0.625450,1.656667,0.308719,-0.070318,0.205391,0.009329,-0.976106,7.668614,336.051900,357.276200
225.777,4,0.625435,1.657472,0.308905,-0.067508,0.202662,0.010960,-0.976858,7.322164,336.378600,357.181300
225.888,4,0.623109,1.658373,0.310061,-0.066570,0.199180,0.012325,-0.977622,7.195199,336.784600,357.075600
226.000,4,0.619982,1.659543,0.311884,-0.062722,0.195973,0.014729,-0.978491,6.717407,337.168200,356.917300
226.111,4,0.614070,1.660248,0.314602,-0.062750,0.194451,0.017715,-0.978743,6.658062,337.327800,356.589900
226.222,4,0.608958,1.660376,0.318234,-0.064895,0.187219,0.019326,-0.979982,6.889496,338.152500,356.409300
226.333,4,0.603327,1.661136,0.321575,-0.062839,0.180003,0.021183,-0.981428,6.645069,338.998700,356.294000
226.445,4,0.598223,1.661913,0.323322,-0.061903,0.173476,0.023232,-0.982616,6.522543,339.754900,356.125500
226.556,4,0.595030,1.662625,0.322820,-0.060890,0.165225,0.025229,-0.984051,6.401856,340.712300,355.973800
226.667,4,0.591544,1.662865,0.321380,-0.059143,0.157247,0.026076,-0.985442,6.220984,341.648000,355.962600
226.778,4,0.590148,1.662733,0.320822,-0.059826,0.153124,0.025328,-0.986069,6.328448,342.128500,356.061200
226.889,4,0.590260,1.662811,0.321329,-0.058782,0.145930,0.027033,-0.987177,6.209655,342.961500,355.931700
227.001,4,0.594993,1.662121,0.327043,-0.056869,0.118424,0.033416,-0.990770,6.014104,346.126300,355.404200
227.111,4,0.603078,1.657886,0.339155,-0.058247,0.051693,0.040815,-0.996127,6.420384,353.775800,354.957900
227.224,4,0.612914,1.651227,0.354336,-0.063975,-0.041114,0.044359,-0.996117,7.533179,4.410159,355.190900
227.335,4,0.618168,1.643315,0.367287,-0.076485,-0.101171,0.041558,-0.991054,9.207487,11.344620,356.114200
227.446,4,0.624624,1.641666,0.391035,-0.077568,-0.131950,0.044048,-0.987235,9.484449,14.904830,356.134100
227.557,4,0.632224,1.636211,0.415602,-0.082253,-0.133627,0.044501,-0.986609,10.031940,15.089960,356.166900
227.668,4,0.645007,1.634324,0.449605,-0.090983,-0.122198,0.047186,-0.987200,11.021020,13.712710,355.856100
227.780,4,0.656355,1.632223,0.478318,-0.092359,-0.124211,0.047760,-0.986793,11.194660,13.939780,355.831100
227.891,4,0.669448,1.628194,0.517093,-0.099476,-0.124473,0.049465,-0.985984,12.033180,13.940190,355.732500
228.000,4,0.677082,1.623271,0.549582,-0.106089,-0.122677,0.050225,-0.985481,12.792410,13.710660,355.709100
228.110,4,0.681831,1.619411,0.577847,-0.106733,-0.112557,0.047375,-0.986760,12.785620,12.556970,355.915100
228.223,4,0.684754,1.618306,0.598116,-0.108221,-0.093744,0.050584,-0.988404,12.909800,10.304970,355.309600
228.334,4,0.683118,1.621973,0.601479,-0.106947,-0.068165,0.049841,-0.990672,12.632350,7.324166,355.051500
228.447,4,0.677297,1.626387,0.592789,-0.101688,-0.033732,0.048626,-0.993055,11.843750,3.344951,354.740400
228.563,4,0.668991,1.632612,0.563395,-0.096721,-0.004151,0.046550,-0.994214,11.110910,359.956100,354.634400
228.670,4,0.664195,1.636065,0.530541,-0.093048,-0.011052,0.044163,-0.994620,10.723590,0.802818,354.990600
228.784,4,0.653029,1.636388,0.487802,-0.093813,-0.023280,0.041205,-0.994464,10.865650,2.250857,355.468800
228.887,4,0.636880,1.634105,0.445310,-0.093613,-0.035778,0.043005,-0.994036,10.905350,3.683086,355.397200
228.999,4,0.616347,1.631823,0.400528,-0.098486,-0.052250,0.044607,-0.992764,11.549080,5.561889,355.417600
229.109,4,0.588725,1.628502,0.346146,-0.107496,-0.073680,0.051783,-0.990118,12.738320,7.942063,354.900300
229.221,4,0.566427,1.626270,0.304062,-0.117309,-0.086788,0.049061,-0.988079,13.906380,9.487206,355.474500
229.332,4,0.548876,1.624371,0.268735,-0.117857,-0.093904,0.051116,-0.987258,14.022930,10.293540,355.341600
229.444,4,0.535169,1.625284,0.243300,-0.119844,-0.095344,0.049574,-0.986960,14.241890,10.481050,355.562000
229.555,4,0.526014,1.626183,0.226832,-0.118552,-0.091619,0.051689,-0.987360,14.097840,10.014820,355.248000
229.666,4,0.517481,1.624881,0.213282,-0.117316,-0.088126,0.051946,-0.987812,13.941280,9.603520,355.156400
229.777,4,0.511853,1.623538,0.207479,-0.114657,-0.081070,0.049900,-0.988833,13.582400,8.810742,355.273500
229.888,4,0.491926,1.628328,0.206227,-0.100806,-0.005082,0.031963,-0.994380,11.583960,0.214260,356.339600
230.000,4,0.463132,1.632493,0.208786,-0.088804,0.133128,0.029351,-0.986676,9.638278,344.231100,355.254400
230.110,4,0.427840,1.634611,0.213670,-0.085943,0.315276,0.037767,-0.944346,7.961366,322.568800,352.718600
230.222,4,0.406371,1.634855,0.220896,-0.092231,0.451784,0.050698,-0.885897,6.753945,305.365100,349.957700
230.333,4,0.392369,1.635014,0.234722,-0.102943,0.550787,0.057184,-0.826297,6.149913,291.976600,347.930200
230.445,4,0.383483,1.635244,0.252865,-0.111390,0.611475,0.056045,-0.781377,6.058029,283.218100,346.993300
230.556,4,0.377297,1.633709,0.272003,-0.120145,0.636760,0.048720,-0.760084,6.926379,279.287100,346.777200
230.667,4,0.370942,1.631157,0.293010,-0.128578,0.663250,0.045632,-0.735856,7.394447,275.040800,346.130600
230.778,4,0.366230,1.629493,0.303968,-0.133798,0.686088,0.046194,-0.713616,7.329417,271.315000,345.429000
230.889,4,0.361043,1.627700,0.313175,-0.136013,0.704098,0.046283,-0.695417,7.122809,268.353800,345.054800
231.000,4,0.357544,1.624679,0.318534,-0.138715,0.710037,0.041071,-0.689143,7.635168,267.294200,345.175400
231.111,4,0.357047,1.626062,0.320136,-0.133525,0.710302,0.037745,-0.690085,7.508110,267.414900,345.884800
231.223,4,0.359879,1.633931,0.314629,-0.110284,0.709601,0.035024,-0.695038,5.946342,268.191400,348.093800
231.334,4,0.367753,1.653374,0.302145,-0.048101,0.712140,0.066308,-0.697241,358.431900,268.915800,350.733000
231.446,4,0.392907,1.686811,0.280641,0.071681,0.693404,0.139357,-0.703302,342.897200,271.685100,354.198500
231.559,4,0.416526,1.705055,0.264276,0.152550,0.656949,0.179127,-0.716282,333.006300,275.815900,356.385400
231.671,4,0.439305,1.718041,0.243518,0.222934,0.601616,0.204909,-0.739169,324.821500,282.486300,357.568000
231.783,4,0.448085,1.722070,0.224698,0.246887,0.580046,0.208864,-0.747642,322.304300,285.029300,358.124300
231.894,4,0.447022,1.720556,0.210018,0.237953,0.560920,0.197121,-0.768044,324.080000,288.539500,357.462800
232.005,4,0.443624,1.710529,0.208169,0.174621,0.479089,0.171048,-0.843044,332.721200,302.685000,352.169900
232.115,4,0.447937,1.693037,0.212714,0.091197,0.330878,0.132017,-0.929933,345.109200,322.276100,348.952700
232.225,4,0.459743,1.673451,0.210128,0.023265,0.138121,0.095837,-0.985493,355.852200,344.426200,349.458600
232.335,4,0.462705,1.664502,0.201734,-0.000010,0.055604,0.093270,-0.994087,359.406800,353.652500,349.312800
232.446,4,0.457390,1.662278,0.189023,-0.004410,0.012100,0.091655,-0.995708,0.376045,358.572900,349.476800
232.557,4,0.449340,1.661427,0.181185,-0.007816,-0.001867,0.087984,-0.996090,0.910982,0.134363,349.905400
232.668,4,0.437272,1.660170,0.173845,-0.014346,-0.009784,0.078592,-0.996756,1.726948,0.988790,350.998300
232.779,4,0.428553,1.660758,0.170674,-0.012506,-0.007196,0.070993,-0.997373,1.488069,0.720920,351.866500
232.890,4,0.420708,1.661582,0.170700,-0.005559,-0.009920,0.062657,-0.997970,0.706976,1.094646,352.821700
233.002,4,0.416271,1.664167,0.173047,0.006022,-0.015228,0.055626,-0.998317,359.408200,1.780782,353.612300
233.113,4,0.413514,1.665839,0.175116,0.012617,-0.017152,0.050564,-0.998494,358.655600,2.036645,354.178100
233.224,4,0.412494,1.667775,0.176132,0.019112,-0.021032,0.047914,-0.998447,357.928400,2.513732,354.459700
233.335,4,0.412448,1.670130,0.176199,0.028672,-0.025948,0.044458,-0.998263,356.850700,3.120534,354.814200
233.447,4,0.412828,1.672169,0.176091,0.036280,-0.025201,0.043669,-0.998069,355.973400,3.072797,354.881400
233.559,4,0.413595,1.672400,0.176216,0.036866,-0.022362,0.043233,-0.998134,355.890600,2.748494,354.941100
233.669,4,0.414205,1.671894,0.176164,0.034411,-0.017604,0.042559,-0.998346,356.146300,2.187235,355.044300
233.780,4,0.412049,1.671006,0.175586,0.027823,-0.005348,0.037006,-0.998913,356.836200,0.731305,355.736500
233.891,4,0.407999,1.669745,0.173622,0.021377,0.012410,0.030574,-0.999227,357.508000,358.652500,356.524200
234.003,4,0.403388,1.666627,0.168630,0.009874,0.031291,0.023682,-0.999181,358.784500,356.440900,357.322300
234.114,4,0.401297,1.664569,0.163342,0.002234,0.044649,0.016433,-0.998865,359.660300,354.886700,358.130100
234.225,4,0.404154,1.664425,0.156936,0.002887,0.040360,0.011452,-0.999116,359.616500,355.377900,358.702100
234.336,4,0.409257,1.665770,0.150592,0.010067,0.027853,0.012666,-0.999481,358.806500,356.822200,358.581000
234.447,4,0.416749,1.668508,0.142491,0.024081,0.013605,0.014397,-0.999514,357.218400,358.479500,358.386500
234.559,4,0.423830,1.672780,0.136071,0.043532,0.002342,0.017146,-0.998902,355.006100,359.816700,358.041200
234.670,4,0.433556,1.676572,0.129042,0.060280,-0.009370,0.023411,-0.997863,353.115800,1.242151,357.237400
234.781,4,0.441235,1.679231,0.124523,0.071947,-0.017302,0.030500,-0.996792,351.814600,2.251270,356.333700
234.892,4,0.446314,1.681190,0.122461,0.081005,-0.018663,0.031199,-0.996051,350.781200,2.452200,356.214100
235.004,4,0.450685,1.681658,0.123300,0.080822,-0.015848,0.032104,-0.996085,350.793500,2.134216,356.136100
235.115,4,0.453680,1.681152,0.124881,0.077583,-0.014107,0.033768,-0.996314,351.162000,1.934120,355.968200
235.226,4,0.456112,1.680865,0.126494,0.076728,-0.010911,0.033141,-0.996441,351.246300,1.555564,356.071100
235.337,4,0.457147,1.680607,0.127324,0.076718,-0.006667,0.033293,-0.996475,351.231000,1.066494,356.091100
235.448,4,0.459385,1.680903,0.128719,0.077440,-0.006694,0.033274,-0.996419,351.148200,1.072464,356.091800
235.560,4,0.460960,1.681118,0.129678,0.078314,-0.006126,0.034159,-0.996325,351.046500,1.018437,355.993000
235.671,4,0.462270,1.680982,0.130766,0.077780,-0.007894,0.033879,-0.996364,351.114500,1.217978,356.010400
235.782,4,0.463325,1.680357,0.131476,0.073805,-0.008894,0.034167,-0.996648,351.575400,1.319066,355.975900
235.893,4,0.463618,1.680762,0.131110,0.075376,-0.008968,0.036176,-0.996459,351.398000,1.351864,355.740000
236.005,4,0.463744,1.681001,0.131584,0.076218,-0.008291,0.037036,-0.996369,351.299600,1.284946,355.644700
236.116,4,0.463830,1.680965,0.132811,0.075433,-0.008537,0.037281,-0.996417,351.391100,1.311918,355.615800
236.228,4,0.463631,1.680540,0.134306,0.074623,-0.009019,0.037523,-0.996465,351.486600,1.365849,355.585300
236.338,4,0.463865,1.680711,0.135158,0.075131,-0.010175,0.037203,-0.996428,351.432800,1.498942,355.611300
236.449,4,0.463507,1.680614,0.135870,0.075214,-0.009145,0.037348,-0.996426,351.419000,1.381640,355.603200
236.560,4,0.463378,1.680684,0.136979,0.075442,-0.007508,0.037688,-0.996410,351.386000,1.196708,355.577700
236.671,4,0.464269,1.679454,0.139908,0.069365,-0.008477,0.037367,-0.996855,352.087500,1.277652,355.618200
236.782,4,0.465150,1.677548,0.142977,0.058885,-0.009602,0.035925,-0.997572,353.292900,1.349429,355.796000
236.893,4,0.465760,1.676490,0.144418,0.055145,-0.008902,0.035313,-0.997814,353.718100,1.248556,355.877800
237.005,4,0.466713,1.676276,0.144997,0.054539,-0.008482,0.035766,-0.997835,353.786400,1.200543,355.829200
237.116,4,0.468571,1.675955,0.145037,0.053108,-0.010182,0.037272,-0.997841,353.959700,1.399027,355.647900
237.227,4,0.471219,1.675905,0.145034,0.052093,-0.013228,0.039229,-0.997784,354.092900,1.756231,355.406400
237.338,4,0.472026,1.676016,0.144600,0.052439,-0.012002,0.039667,-0.997764,354.048200,1.619586,355.362500
237.449,4,0.473025,1.675920,0.143999,0.052262,-0.010979,0.040594,-0.997748,354.065200,1.506586,355.262300
237.560,4,0.474170,1.675919,0.144106,0.051715,-0.013999,0.041287,-0.997710,354.143500,1.855192,355.165800
237.671,4,0.475770,1.675136,0.144807,0.049414,-0.015131,0.042402,-0.997763,354.414900,1.979864,355.036500
237.782,4,0.476114,1.674632,0.145635,0.047407,-0.013271,0.042220,-0.997895,354.635400,1.754879,355.072400
237.893,4,0.476625,1.674368,0.145616,0.046291,-0.012458,0.043175,-0.997917,354.760900,1.660758,354.969300
238.004,4,0.476594,1.673984,0.146458,0.044971,-0.012641,0.043043,-0.997981,354.912800,1.674222,354.986300
238.117,4,0.476431,1.672942,0.147651,0.040203,-0.011654,0.042133,-0.998235,355.452700,1.532157,355.105400
238.226,4,0.473746,1.671934,0.148772,0.034507,-0.005557,0.040226,-0.998579,356.073900,0.796844,355.359000
238.337,4,0.470637,1.671951,0.148762,0.033808,0.003035,0.038939,-0.998665,356.114600,359.803000,355.540900
238.448,4,0.466728,1.671472,0.148751,0.032182,0.013024,0.034717,-0.998794,356.262200,358.634300,356.063100
238.560,4,0.464822,1.671091,0.148570,0.030576,0.014893,0.032360,-0.998898,356.442600,358.405300,356.338600
238.670,4,0.463458,1.670783,0.148336,0.029256,0.014421,0.031310,-0.998977,356.597200,358.451200,356.455600
238.784,5,0.460799,1.670026,0.147595,0.025719,0.018813,0.029106,-0.999068,356.991500,357.928700,356.716900
238.893,5,0.455894,1.667962,0.146076,0.015514,0.030135,0.025518,-0.999100,358.135300,356.591400,357.129400
239.004,5,0.451151,1.666387,0.144796,0.008395,0.037312,0.021943,-0.999027,358.945100,355.745000,357.522600
239.116,5,0.448044,1.665273,0.142287,0.003515,0.037880,0.018653,-0.999102,359.516600,355.666400,357.879100
239.227,5,0.445895,1.665300,0.136890,0.004586,0.031679,0.017520,-0.999334,359.411300,356.378900,358.009800
239.338,5,0.444223,1.665767,0.132166,0.006823,0.029114,0.017972,-0.999391,359.158600,356.677600,357.963900
239.449,5,0.440097,1.666320,0.127174,0.009202,0.034834,0.017037,-0.999206,358.878300,356.025500,358.085300
239.560,5,0.436101,1.666267,0.125549,0.008591,0.041860,0.014198,-0.998986,358.948300,355.215700,358.415400
239.671,5,0.431757,1.664474,0.125795,0.001307,0.049535,0.010298,-0.998719,359.792000,354.323200,358.828800
239.782,5,0.425126,1.661633,0.127637,-0.012594,0.067828,0.003585,-0.997611,1.412037,352.214500,359.492100
239.892,5,0.416134,1.658115,0.129173,-0.028656,0.096926,-0.003103,-0.994874,3.303193,348.872000,0.035508
240.003,5,0.402694,1.651966,0.129899,-0.055459,0.146060,-0.010069,-0.987669,6.458914,343.187700,0.212704
240.113,5,0.388028,1.645956,0.130388,-0.077648,0.194139,-0.021741,-0.977655,9.222449,337.595000,0.717498
240.224,5,0.371689,1.640518,0.128403,-0.094785,0.245675,-0.035297,-0.964061,11.542820,331.533900,1.256529
240.336,5,0.357960,1.637892,0.126179,-0.098065,0.290876,-0.041698,-0.950808,12.165730,326.118500,1.303869
240.447,5,0.343904,1.636101,0.126120,-0.100682,0.333349,-0.048930,-0.936134,12.775090,320.960300,1.438647
240.558,5,0.334034,1.632359,0.129290,-0.111474,0.365918,-0.057976,-0.922126,14.360120,316.900500,1.498921
240.669,5,0.321360,1.619472,0.140471,-0.147777,0.400257,-0.083983,-0.900502,19.473870,312.415300,2.003192
240.780,5,0.309008,1.609218,0.157413,-0.172834,0.441866,-0.108475,-0.873565,23.442390,306.814500,2.297637
240.891,5,0.297833,1.600287,0.184046,-0.190827,0.482666,-0.128126,-0.845105,26.501500,301.023800,2.071563
241.002,5,0.286238,1.593111,0.217041,-0.209149,0.514514,-0.144325,-0.818964,29.411910,296.087300,1.392843
241.113,5,0.274737,1.583688,0.249923,-0.223053,0.540569,-0.158854,-0.795486,31.776940,291.826400,0.780536
241.224,5,0.263880,1.571497,0.276291,-0.233683,0.560054,-0.171748,-0.776038,33.715520,288.465800,0.331679
241.335,5,0.256063,1.559083,0.292126,-0.245969,0.574475,-0.183639,-0.758784,35.751290,285.652000,359.723100
241.446,5,0.248539,1.548080,0.304102,-0.257418,0.587346,-0.190110,-0.743384,37.303800,282.895600,358.578100
241.556,5,0.244410,1.542045,0.308755,-0.262557,0.589379,-0.191095,-0.739716,37.856790,282.240200,358.056300
241.668,5,0.236565,1.533535,0.311453,-0.267417,0.582311,-0.190981,-0.743592,38.324790,283.174600,357.997400
241.778,5,0.229769,1.527893,0.311448,-0.269920,0.573200,-0.191632,-0.749575,38.633510,284.620100,358.375000
241.889,5,0.220422,1.519708,0.307052,-0.275935,0.560281,-0.191478,-0.757154,39.228330,286.491000,358.576400
242.001,5,0.211664,1.509039,0.293452,-0.299472,0.550061,-0.202983,-0.752694,42.386440,286.963500,358.146700
242.112,5,0.202498,1.501195,0.272557,-0.312781,0.541447,-0.200869,-0.754092,43.570830,287.511500,357.170900
242.224,5,0.189041,1.490507,0.252105,-0.329088,0.521730,-0.191730,-0.763374,44.627580,289.622400,355.917500
242.332,5,0.170661,1.461769,0.249746,-0.329631,0.492604,-0.165596,-0.788202,43.061040,294.016900,354.997600
242.433,5,0.149511,1.416616,0.269081,-0.331375,0.455158,-0.145964,-0.813460,42.221070,299.622300,355.027900
242.543,5,0.127312,1.366582,0.301723,-0.321455,0.416240,-0.137178,-0.839401,40.833080,306.196200,357.173500
242.657,5,0.108874,1.299387,0.337851,-0.311222,0.379134,-0.129989,-0.861685,39.413850,312.183800,359.112200
242.766,5,0.097077,1.198800,0.376868,-0.298338,0.333993,-0.125332,-0.885288,37.730670,319.220200,1.639200
242.876,5,0.090040,1.124805,0.399473,-0.286669,0.307599,-0.119509,-0.899401,36.099010,323.131000,2.739269
242.986,5,0.089088,1.045459,0.418103,-0.277348,0.284442,-0.117197,-0.910185,34.858200,326.510200,3.882564
243.098,5,0.089916,0.991299,0.429896,-0.260646,0.255915,-0.104151,-0.925054,32.379860,330.241100,4.025396
243.209,5,0.083489,0.925108,0.440757,-0.236566,0.226186,-0.096313,-0.940000,29.229810,334.211000,4.867811
243.321,5,0.079255,0.871046,0.447267,-0.222569,0.210004,-0.087175,-0.948031,27.297960,336.145600,4.635017
243.432,5,0.077612,0.828653,0.447599,-0.196422,0.197274,-0.077555,-0.957333,23.996600,337.660200,4.457025
243.544,5,0.076462,0.791450,0.443103,-0.175772,0.197677,-0.064075,-0.962249,21.321710,337.405900,3.312057
243.655,5,0.076773,0.769648,0.436972,-0.163502,0.195161,-0.054554,-0.965507,19.695340,337.584100,2.527911
243.766,5,0.075089,0.766209,0.433642,-0.157399,0.199826,-0.049134,-0.965858,18.886050,336.944500,1.938685
243.877,5,0.074746,0.778277,0.433582,-0.152826,0.203581,-0.043215,-0.966091,18.233060,336.406700,1.283453
243.988,5,0.070170,0.796874,0.422353,-0.131614,0.228094,-0.041192,-0.963823,15.812920,333.531300,1.153144
244.099,5,0.060031,0.811798,0.399563,-0.110201,0.293729,-0.033364,-0.948929,13.223270,325.591800,359.916500
244.210,5,0.037281,0.831266,0.351323,-0.087309,0.441542,-0.019307,-0.892774,9.959036,307.152300,357.519500
244.322,5,0.020983,0.844940,0.293394,-0.077114,0.582529,-0.013628,-0.809029,8.085592,288.212000,356.073800
244.433,5,0.013561,0.854441,0.228884,-0.066043,0.694944,-0.017007,-0.715823,6.787547,271.464800,356.105400
244.545,5,0.011595,0.860007,0.163430,-0.053574,0.767028,-0.030507,-0.638645,6.616838,259.418900,357.506300
244.656,5,0.012160,0.860385,0.108949,-0.043649,0.809880,-0.043806,-0.583327,7.000509,251.458500,358.868700
244.767,5,0.022101,0.856988,0.051483,-0.041268,0.854110,-0.061078,-0.514843,8.443139,242.129200,359.559600
244.878,5,0.033828,0.857451,0.021481,-0.028368,0.877084,-0.063105,-0.475327,7.912765,236.951000,0.591707
244.990,5,0.038290,0.855598,-0.005849,-0.022766,0.896115,-0.064473,-0.438524,7.788573,232.212700,0.910496
245.101,5,0.037286,0.852757,-0.018680,-0.031161,0.902760,-0.074395,-0.422514,9.244903,230.192500,0.383351
245.212,5,0.039693,0.851693,-0.022566,-0.025647,0.904371,-0.069842,-0.420211,8.504150,229.896400,0.713032
245.323,5,0.038733,0.850146,-0.026354,-0.026843,0.909632,-0.073746,-0.407934,8.978533,228.360300,0.657420
245.435,5,0.036549,0.854852,-0.029775,-0.041705,0.920110,-0.064368,-0.384078,8.655155,225.194200,358.417600
245.546,5,0.037517,0.854016,-0.031954,-0.045963,0.930507,-0.054255,-0.359305,7.700705,222.045700,357.307700
245.657,5,0.037783,0.849839,-0.029700,-0.046484,0.930672,-0.058110,-0.358208,8.132587,221.917800,357.400900
245.768,5,0.037969,0.851742,-0.025832,-0.045461,0.926688,-0.053639,-0.369195,7.641908,223.272400,357.417900
245.879,5,0.036836,0.855838,-0.020735,-0.037098,0.918143,-0.050662,-0.391243,7.010897,226.059300,358.355700
245.990,5,0.024430,0.863319,0.006832,-0.036405,0.861562,-0.046710,-0.504186,6.730366,240.619300,359.098300
246.101,5,0.015236,0.868433,0.050502,-0.025120,0.741641,-0.046913,-0.668683,5.922285,264.153300,1.467918
246.212,5,0.020272,0.872576,0.088440,-0.022467,0.627175,-0.042951,-0.777369,5.094879,282.306200,2.220708
246.323,5,0.034025,0.875215,0.115919,-0.030104,0.546175,-0.030579,-0.836571,4.805392,293.765200,1.051059
246.434,5,0.048042,0.877067,0.131707,-0.035718,0.506630,-0.024246,-0.861082,4.938060,299.071800,0.319965
246.545,5,0.061249,0.879512,0.139663,-0.045054,0.500481,-0.021321,-0.864312,5.694487,299.830300,359.525500
246.656,5,0.074703,0.880817,0.143133,-0.047389,0.498067,-0.021235,-0.865582,5.922932,300.135500,359.398400
246.767,5,0.091353,0.878951,0.143368,-0.045987,0.505802,-0.016307,-0.861269,5.492209,299.099700,358.939100
246.878,5,0.100897,0.881354,0.143665,-0.052455,0.511419,-0.014712,-0.857603,6.028277,298.295500,358.362400
246.989,5,0.109593,0.883837,0.141844,-0.052247,0.510535,-0.013406,-0.858164,5.932767,298.411300,358.252100
247.100,5,0.114046,0.881861,0.136967,-0.055517,0.516761,-0.017770,-0.854143,6.500103,297.563200,358.441600
247.211,5,0.116095,0.882027,0.131157,-0.059415,0.526586,-0.019573,-0.847817,6.970634,296.207200,358.303600
247.322,5,0.114595,0.882488,0.125586,-0.053898,0.528987,-0.020669,-0.846665,6.496022,295.934600,358.729900
247.433,5,0.110134,0.883029,0.122042,-0.052574,0.536397,-0.026452,-0.841911,6.713406,294.955900,359.315700
247.544,5,0.107325,0.883209,0.119751,-0.051485,0.543014,-0.025944,-0.837743,6.571278,294.057300,359.282200
247.655,5,0.105740,0.881709,0.119090,-0.053551,0.546294,-0.027040,-0.835443,6.835564,293.592900,359.230900
247.767,5,0.103382,0.880197,0.120281,-0.057605,0.550040,-0.028352,-0.832667,7.303196,293.044800,359.066800
247.878,5,0.102134,0.879189,0.121533,-0.057576,0.551465,-0.028357,-0.831725,7.299160,292.848100,359.056500
247.988,5,0.100201,0.876826,0.125152,-0.061576,0.549884,-0.031535,-0.832371,7.885216,293.039900,359.119400
248.100,5,0.096391,0.874373,0.127578,-0.061926,0.550396,-0.033676,-0.831923,8.053951,292.973700,359.297700
248.211,5,0.086312,0.869019,0.125508,-0.060902,0.569158,-0.045433,-0.818710,8.710324,290.409100,0.293707
248.322,5,0.069372,0.868595,0.122567,-0.071143,0.586723,-0.055953,-0.804714,10.378920,287.842700,0.382718
248.433,5,0.038898,0.893148,0.126084,-0.092064,0.582038,-0.071554,-0.804759,13.383830,288.303000,0.471053
248.544,5,0.010906,0.936214,0.137942,-0.120473,0.559828,-0.092281,-0.814594,17.433410,291.144900,0.928164
248.655,5,-0.005416,0.983434,0.148104,-0.130942,0.544100,-0.101444,-0.822508,19.013590,293.277200,1.478017
248.766,5,-0.015430,1.050008,0.145809,-0.136346,0.533258,-0.121342,-0.826028,20.772830,294.928700,3.375247
248.877,5,-0.016871,1.105076,0.131393,-0.148256,0.545373,-0.135925,-0.813703,22.925430,293.088500,3.703774
248.988,5,-0.012646,1.181757,0.108662,-0.178602,0.561845,-0.144928,-0.794624,26.531950,289.922500,1.898113
249.099,5,-0.006139,1.247104,0.088710,-0.195130,0.567570,-0.152884,-0.785121,28.681930,288.583200,1.212607
249.210,5,0.012281,1.335709,0.058140,-0.215283,0.571334,-0.159126,-0.775829,31.055840,287.279800,0.061087
249.321,5,0.037073,1.407984,0.032361,-0.237635,0.575688,-0.169159,-0.763871,33.904530,285.674000,358.952300
249.432,5,0.058858,1.453613,0.016609,-0.267720,0.575392,-0.186508,-0.749977,38.038970,284.297400,357.938200
249.543,5,0.068189,1.471122,0.008732,-0.287500,0.572066,-0.207948,-0.739487,41.538700,283.928000,358.362600
249.654,5,0.059628,1.476737,0.005869,-0.308291,0.568954,-0.214637,-0.731559,44.051410,283.067100,357.067700
249.776,5,0.035220,1.479020,0.007920,-0.325164,0.550840,-0.220484,-0.736364,46.201610,285.219000,357.224500
249.877,5,0.012730,1.480473,0.011536,-0.333143,0.535146,-0.215019,-0.745924,46.646420,287.398200,357.012100
249.988,5,-0.034051,1.485616,0.022693,-0.335285,0.496226,-0.198992,-0.775723,45.862130,293.949700,358.022600
250.100,5,-0.082214,1.490779,0.032868,-0.337339,0.462933,-0.184813,-0.798586,45.226820,299.217800,358.604500
250.210,5,-0.145254,1.504494,0.040027,-0.346019,0.426730,-0.172673,-0.817531,45.490330,304.428300,358.938800
250.321,5,-0.197761,1.517473,0.041762,-0.341225,0.407033,-0.161151,-0.831817,44.335670,307.536200,359.224300
250.431,5,-0.247398,1.526513,0.042814,-0.345070,0.381181,-0.149373,-0.844580,44.167210,311.069700,359.141100
250.532,5,-0.298105,1.530087,0.041689,-0.340472,0.348827,-0.135423,-0.862589,42.988560,315.843200,359.694300
250.640,5,-0.344398,1.526155,0.035313,-0.344851,0.317793,-0.123872,-0.874495,42.990060,319.979500,359.801700
250.752,5,-0.398619,1.521753,0.026897,-0.346660,0.268849,-0.101180,-0.892922,42.336670,326.315700,359.557700
250.863,5,-0.455175,1.524755,0.019405,-0.360268,0.176274,-0.061813,-0.913955,42.869350,337.736400,358.903700
250.972,5,-0.494155,1.532464,0.015108,-0.355693,0.107093,-0.041251,-0.927530,41.964320,346.837600,0.026068
251.083,5,-0.521126,1.536897,0.013703,-0.366035,0.035210,-0.019196,-0.929737,42.998910,355.968500,0.777085
251.194,5,-0.544351,1.536037,0.017092,-0.365785,-0.012130,0.000212,-0.930621,42.907620,1.754248,0.663320
251.305,5,-0.573609,1.531420,0.032314,-0.367872,-0.055436,0.020434,-0.927998,43.238230,6.926446,0.225076
251.417,5,-0.595965,1.526649,0.050781,-0.366988,-0.081059,0.040690,-0.925794,43.322700,9.511971,358.751900
251.530,5,-0.625197,1.520936,0.085496,-0.368261,-0.110373,0.062310,-0.921042,43.798430,12.597780,357.340700
251.631,5,-0.648909,1.520881,0.120788,-0.359445,-0.127871,0.076177,-0.921220,42.979570,14.310300,356.204700
251.733,5,-0.676455,1.526777,0.158075,-0.372645,-0.145421,0.092847,-0.911794,44.955250,16.078660,355.060400
251.834,5,-0.700699,1.530451,0.184826,-0.365310,-0.155225,0.092911,-0.913138,44.107110,17.473380,355.505300
251.937,5,-0.720060,1.533508,0.204695,-0.367620,-0.169986,0.097058,-0.909143,44.542200,19.483540,355.856500
252.039,5,-0.744798,1.537850,0.229479,-0.361165,-0.206163,0.105449,-0.903292,44.103340,24.368280,356.680100
252.140,5,-0.772593,1.536474,0.248970,-0.353047,-0.246854,0.112036,-0.895471,43.440420,29.995360,357.920500
252.244,5,-0.800847,1.538173,0.256966,-0.348954,-0.284586,0.129006,-0.883515,43.633210,34.777960,357.676500
252.348,5,-0.830733,1.546922,0.264786,-0.324849,-0.340865,0.147819,-0.869732,41.746400,41.757290,357.260000
252.452,5,-0.853230,1.550236,0.270568,-0.312807,-0.376597,0.159749,-0.857209,41.041400,46.345680,357.091400
252.557,5,-0.861973,1.552523,0.274460,-0.298373,-0.398871,0.168630,-0.850552,39.947660,48.921160,356.347900
252.662,5,-0.862311,1.551068,0.288586,-0.284137,-0.414272,0.164384,-0.848895,38.214270,50.922020,356.813900
252.764,5,-0.845732,1.533240,0.317867,-0.275491,-0.426025,0.164213,-0.845956,37.302570,52.411090,356.893900
252.867,5,-0.818770,1.500705,0.351971,-0.263293,-0.436959,0.159678,-0.845131,35.773290,53.773050,357.188100
252.967,5,-0.790171,1.456627,0.383829,-0.229858,-0.453118,0.149276,-0.848273,31.684570,55.359870,356.972200
253.078,5,-0.762773,1.401971,0.408782,-0.206079,-0.468680,0.131509,-0.848867,28.238200,57.315830,358.042300
253.186,5,-0.733446,1.324373,0.426678,-0.161257,-0.487567,0.102061,-0.851973,21.980870,59.363290,358.970600
253.292,5,-0.712168,1.253042,0.435610,-0.135966,-0.497216,0.090741,-0.852089,18.780650,60.334820,358.824100
253.402,5,-0.695972,1.177481,0.441780,-0.124829,-0.499817,0.091255,-0.852217,17.697050,60.494380,358.150000
253.512,5,-0.679520,1.121902,0.449301,-0.131508,-0.499786,0.097179,-0.850574,18.714420,60.538220,357.951000
253.624,5,-0.663351,1.090511,0.453989,-0.133366,-0.504064,0.106051,-0.846691,19.435900,61.063670,357.256600
253.735,5,-0.651486,1.077716,0.455492,-0.148942,-0.511157,0.113849,-0.838793,21.484620,62.263320,357.614700
253.846,5,-0.639267,1.084532,0.451269,-0.145705,-0.522531,0.122236,-0.831138,21.712240,63.711930,356.858200
253.951,5,-0.631489,1.098158,0.445455,-0.148470,-0.536017,0.133127,-0.820317,22.724550,65.583080,356.317100
254.065,5,-0.622201,1.132707,0.436877,-0.150298,-0.548873,0.148850,-0.808698,23.984530,67.319500,355.243500
254.177,5,-0.616055,1.175244,0.426580,-0.135841,-0.570784,0.160602,-0.793700,23.513940,70.140530,353.747400
254.288,5,-0.603533,1.213929,0.420876,-0.123046,-0.584990,0.172688,-0.782832,23.246640,71.910550,352.092200
254.400,5,-0.594479,1.215412,0.423986,-0.116642,-0.577983,0.189134,-0.785212,23.691330,70.567350,349.798400
254.511,5,-0.598643,1.195771,0.433660,-0.075056,-0.569744,0.165405,-0.801499,17.986400,69.086240,349.114400
254.623,5,-0.610795,1.173028,0.437361,-0.076495,-0.592952,0.169646,-0.783440,18.725960,72.479310,349.345600
254.733,5,-0.624966,1.169626,0.439656,-0.100729,-0.635445,0.176969,-0.744812,22.021630,79.299610,351.589000
254.845,5,-0.641861,1.183327,0.440862,-0.127583,-0.689364,0.194584,-0.686030,26.316520,88.913230,354.168200
254.956,5,-0.658224,1.197262,0.443480,-0.148237,-0.727941,0.205612,-0.637065,29.223640,96.827220,356.968000
255.066,5,-0.678233,1.213143,0.450075,-0.160447,-0.749850,0.214616,-0.604916,31.062440,101.858900,358.727200
255.167,5,-0.692707,1.227536,0.452442,-0.164505,-0.758022,0.223879,-0.590101,32.246270,103.910000,358.995600
255.267,5,-0.705809,1.244902,0.454431,-0.163084,-0.761904,0.231115,-0.582659,32.834910,104.768500,358.580600
255.375,5,-0.715541,1.255248,0.457554,-0.164414,-0.762808,0.237207,-0.578640,33.515280,105.144400,358.372300
255.475,5,-0.719929,1.257564,0.461588,-0.167733,-0.757034,0.242994,-0.582854,34.293850,104.186300,357.967500
255.578,5,-0.724282,1.257498,0.466340,-0.178827,-0.744516,0.254616,-0.590667,36.184360,102.345400,357.549700
255.683,5,-0.728052,1.259556,0.469130,-0.182253,-0.745957,0.259876,-0.585488,36.950660,102.968100,357.676200
255.790,5,-0.731136,1.263989,0.472594,-0.184443,-0.746607,0.260629,-0.583636,37.190730,103.271800,357.927300
255.899,5,-0.734374,1.267252,0.476564,-0.187095,-0.748409,0.254851,-0.583035,36.843520,103.752100,358.773700
256.003,5,-0.736907,1.263618,0.477795,-0.193586,-0.746903,0.258804,-0.581103,37.704500,103.946100,359.159700
256.127,5,-0.738498,1.260722,0.476272,-0.195665,-0.744774,0.262769,-0.581360,38.236630,103.693900,358.973300
256.250,5,-0.739574,1.259631,0.472066,-0.198357,-0.745203,0.267021,-0.577951,38.847630,104.070700,359.042300
256.370,5,-0.740536,1.258150,0.467915,-0.205656,-0.742861,0.270958,-0.576581,39.771220,104.179100,359.484800
256.495,5,-0.741031,1.256674,0.463404,-0.207882,-0.738791,0.275484,-0.578862,40.369900,103.515200,359.114600
256.616,5,-0.741168,1.258378,0.462785,-0.205733,-0.734613,0.276027,-0.584660,40.249190,102.405400,358.461300
256.724,5,-0.740877,1.260655,0.464940,-0.208039,-0.732348,0.273574,-0.587830,40.187040,102.030200,358.731100
256.843,5,-0.740768,1.261992,0.468973,-0.207989,-0.727868,0.272622,-0.593823,40.081980,101.008400,358.427000
256.948,5,-0.740655,1.262555,0.472627,-0.210579,-0.725443,0.271820,-0.596241,40.202480,100.655400,358.603500
257.051,5,-0.741115,1.263017,0.475314,-0.209685,-0.722507,0.273125,-0.599515,40.247340,99.956470,358.161500
257.161,5,-0.742973,1.263705,0.477126,-0.210934,-0.721175,0.276065,-0.599334,40.618680,99.798050,357.986500
257.267,5,-0.744535,1.264818,0.479118,-0.211365,-0.719274,0.274885,-0.602003,40.535520,99.394840,357.971300
257.384,5,-0.746086,1.267376,0.481159,-0.209540,-0.717067,0.273741,-0.605783,40.274720,98.759250,357.660300
257.509,5,-0.751413,1.281632,0.482186,-0.208499,-0.712138,0.273531,-0.612020,40.150280,97.610050,357.161400
257.629,5,-0.762361,1.313861,0.479022,-0.204836,-0.709128,0.261776,-0.621814,38.756050,96.600720,357.424400
257.746,5,-0.783913,1.361572,0.474554,-0.209629,-0.693160,0.246938,-0.643900,37.755580,93.540780,358.014400
257.864,5,-0.817321,1.416440,0.467585,-0.228919,-0.671525,0.242421,-0.661728,38.942960,90.493390,359.014000
257.976,5,-0.853204,1.453608,0.457505,-0.241112,-0.655884,0.250736,-0.669935,40.689990,88.234270,358.513400
258.087,5,-0.884881,1.482167,0.443464,-0.262455,-0.637282,0.254161,-0.678521,42.852010,86.091040,359.187800
258.203,5,-0.909619,1.500973,0.419955,-0.267419,-0.617254,0.256314,-0.694109,43.444990,82.483950,357.972300
258.314,5,-0.918879,1.510424,0.384589,-0.261153,-0.602216,0.240963,-0.714893,41.576190,79.348460,357.702800
258.434,5,-0.921748,1.512261,0.333497,-0.264790,-0.582170,0.238157,-0.730921,41.634510,75.911750,356.944200
258.548,5,-0.915732,1.513517,0.274115,-0.269713,-0.558828,0.233042,-0.748771,41.633820,72.082860,356.352800
258.649,5,-0.905794,1.514737,0.223939,-0.273334,-0.541704,0.219602,-0.763951,40.961020,69.562340,357.009400
258.761,5,-0.895311,1.515927,0.176482,-0.281087,-0.523236,0.215090,-0.775210,41.367670,66.901220,356.996000
258.876,5,-0.886634,1.519793,0.142752,-0.288459,-0.508898,0.213186,-0.782538,41.946750,64.889480,356.912500
258.985,5,-0.879084,1.523593,0.121059,-0.293446,-0.490794,0.215635,-0.791525,42.547790,61.986320,355.849800
259.093,5,-0.873738,1.526199,0.104738,-0.291256,-0.477080,0.217455,-0.800174,42.345340,59.499140,354.557600
259.200,6,-0.867984,1.528787,0.090710,-0.289279,-0.472312,0.215543,-0.804226,41.982140,58.673730,354.330900
259.308,6,-0.864436,1.531453,0.073501,-0.292567,-0.465449,0.214789,-0.807234,42.243790,57.704870,354.230400
259.416,6,-0.862412,1.537530,0.058150,-0.284578,-0.461032,0.210031,-0.813850,41.061520,56.794110,353.950100
259.525,6,-0.854385,1.556105,0.042674,-0.240020,-0.466382,0.178915,-0.832387,34.504010,56.923050,354.850100
259.630,6,-0.843577,1.569009,0.037210,-0.207755,-0.466145,0.157022,-0.845513,29.848510,56.470300,355.248900
259.732,6,-0.826419,1.570536,0.038811,-0.210917,-0.453961,0.156278,-0.851475,30.070830,54.798580,355.052400
259.832,6,-0.801402,1.558321,0.049992,-0.250434,-0.437897,0.161950,-0.848116,34.515450,53.418630,356.146500
259.933,6,-0.769594,1.543962,0.069381,-0.280242,-0.421002,0.167157,-0.846333,37.959450,51.720310,356.584200
260.037,6,-0.737431,1.535539,0.090097,-0.309982,-0.402973,0.172761,-0.843610,41.471170,49.858550,356.812900
260.143,6,-0.688371,1.530855,0.121036,-0.340916,-0.379172,0.167350,-0.843800,44.606930,47.605870,358.077100
260.250,6,-0.655564,1.528263,0.140862,-0.353687,-0.357307,0.161615,-0.849187,45.740390,44.886390,358.215500
260.362,6,-0.628704,1.529172,0.156348,-0.366117,-0.331056,0.161156,-0.854628,47.095620,41.136940,357.217700
260.471,6,-0.604363,1.525836,0.168873,-0.380610,-0.311345,0.162506,-0.855449,48.796560,38.378400,356.429100
260.580,6,-0.583343,1.526336,0.176177,-0.386926,-0.293622,0.158692,-0.859588,49.322050,35.876340,355.988400
260.689,6,-0.555975,1.534429,0.177616,-0.368267,-0.277725,0.147070,-0.874996,46.564960,33.322410,355.594100
260.796,6,-0.527606,1.538550,0.172564,-0.361353,-0.263670,0.143611,-0.882768,45.537800,31.093320,354.840100
260.902,6,-0.477089,1.560208,0.158363,-0.299893,-0.271444,0.116958,-0.907030,37.410330,32.114710,356.437200
261.006,6,-0.432245,1.589262,0.138602,-0.210007,-0.286548,0.076565,-0.931625,25.796400,33.868470,358.580400
261.119,6,-0.389427,1.613649,0.114867,-0.142933,-0.301507,0.050282,-0.941348,17.422820,35.441760,359.491100
261.223,6,-0.341200,1.631002,0.094035,-0.112046,-0.302980,0.042949,-0.945412,13.761690,35.443850,359.214600
261.332,6,-0.304023,1.637112,0.089925,-0.102177,-0.286263,0.045056,-0.951622,12.724440,33.305760,358.399000
261.443,6,-0.270632,1.638973,0.098423,-0.104049,-0.265682,0.046499,-0.957301,12.939440,30.797160,358.016100
261.554,6,-0.245154,1.637969,0.113188,-0.106893,-0.257299,0.045974,-0.959300,13.223110,29.801940,358.045700
261.665,6,-0.221484,1.634622,0.138547,-0.106616,-0.257311,0.040452,-0.959577,13.028150,29.868610,358.660900
261.777,6,-0.205932,1.637712,0.161833,-0.104856,-0.266194,0.048441,-0.956974,13.089870,30.840050,357.829500
261.888,6,-0.172500,1.630720,0.180258,-0.114180,-0.320474,0.070619,-0.937695,15.034140,37.273260,356.482500
261.999,6,-0.139503,1.621800,0.175338,-0.116130,-0.430042,0.092811,-0.890486,16.657420,50.981150,356.085000
262.110,6,-0.096253,1.615063,0.156954,-0.123308,-0.580978,0.111842,-0.796713,19.052610,71.845010,357.882000
262.221,6,-0.050745,1.599877,0.142677,-0.128423,-0.697943,0.134960,-0.691498,21.468910,90.445380,359.545300
262.332,6,-0.003953,1.579609,0.142251,-0.138974,-0.742942,0.154020,-0.636397,23.937560,98.972950,0.655941
262.444,6,0.036032,1.561716,0.146073,-0.153242,-0.747336,0.173666,-0.622772,26.772120,100.584100,0.817462
262.550,6,0.059795,1.545401,0.149659,-0.169527,-0.746267,0.182415,-0.617309,28.787460,101.272000,1.818597
262.664,6,0.078486,1.535086,0.153469,-0.186274,-0.750380,0.187871,-0.605753,30.505510,103.117600,3.456554
262.775,6,0.091336,1.530892,0.156320,-0.190977,-0.752918,0.192870,-0.599536,31.293730,103.999200,3.778670
262.886,6,0.103537,1.524050,0.160780,-0.197666,-0.753428,0.202097,-0.593659,32.630740,104.682100,3.942366
262.998,6,0.110543,1.520410,0.165591,-0.201967,-0.750174,0.207711,-0.594395,33.486080,104.378000,3.856645
263.109,6,0.119082,1.518282,0.169039,-0.202945,-0.747384,0.211647,-0.596184,33.941660,103.917500,3.524143
263.220,6,0.125235,1.514812,0.170462,-0.206905,-0.747969,0.215917,-0.592547,34.624810,104.392100,3.737115
263.331,6,0.130019,1.512447,0.175187,-0.210613,-0.745223,0.215511,-0.594845,34.873830,104.068600,4.020113
263.444,6,0.129789,1.506169,0.189910,-0.213468,-0.738642,0.205226,-0.605576,34.174760,102.730900,4.630650
263.553,6,0.124261,1.491714,0.212844,-0.225922,-0.740340,0.193424,-0.602863,33.972750,103.833500,7.016354
263.665,6,0.118649,1.468042,0.235779,-0.216140,-0.742563,0.183460,-0.606816,32.328740,103.428400,6.683370
263.776,6,0.112025,1.432092,0.251602,-0.213705,-0.745303,0.177715,-0.606029,31.595920,103.738900,6.955612
263.888,6,0.100087,1.370380,0.266611,-0.206072,-0.746377,0.176006,-0.607848,30.880790,103.413200,6.264141
263.999,6,0.092575,1.321422,0.273235,-0.196466,-0.748388,0.173411,-0.609299,29.931900,103.164300,5.479050
264.110,6,0.084745,1.262154,0.280244,-0.194411,-0.753673,0.170162,-0.604339,29.437480,104.064500,5.758012
264.221,6,0.080052,1.214333,0.287062,-0.190565,-0.755168,0.165049,-0.605116,28.679350,104.063600,5.761302
264.332,6,0.079407,1.170851,0.294591,-0.188480,-0.751631,0.161360,-0.611138,28.225280,103.183200,5.608416
264.444,6,0.079963,1.138550,0.302107,-0.197317,-0.747232,0.164345,-0.612944,29.176100,102.876700,6.141726
264.555,6,0.079220,1.122476,0.307339,-0.204254,-0.744599,0.162587,-0.614344,29.543800,102.769700,6.892688
264.666,6,0.076938,1.110678,0.312103,-0.211637,-0.741608,0.163727,-0.615160,30.213450,102.670200,7.478002
264.777,6,0.074262,1.110049,0.314919,-0.213541,-0.737071,0.168196,-0.618738,30.810290,101.944000,7.133208
264.888,6,0.070841,1.117671,0.312617,-0.207756,-0.736819,0.169361,-0.620687,30.496060,101.523200,6.391202
265.000,6,0.069585,1.120227,0.309009,-0.208224,-0.739243,0.164281,-0.619010,30.044550,101.979700,6.931860
265.111,6,0.068159,1.115904,0.306139,-0.210639,-0.735815,0.171195,-0.620403,30.883690,101.533000,6.527588
265.222,6,0.067756,1.113237,0.304623,-0.212384,-0.733292,0.174922,-0.621754,31.375190,101.187500,6.318486
265.333,6,0.067782,1.113501,0.302575,-0.213693,-0.732644,0.174845,-0.622091,31.471270,101.145300,6.434577
265.445,6,0.068791,1.112457,0.300246,-0.212215,-0.734740,0.176088,-0.619770,31.453510,101.478300,6.297851
265.556,6,0.069761,1.110314,0.298869,-0.213838,-0.736320,0.176496,-0.617216,31.593080,101.910000,6.541228
265.667,6,0.071621,1.108336,0.298366,-0.214269,-0.736674,0.177483,-0.616361,31.710480,102.022300,6.540773
265.778,6,0.072424,1.107913,0.298320,-0.214202,-0.737329,0.178261,-0.615375,31.769530,102.159400,6.516141
265.888,6,0.072730,1.107778,0.297964,-0.208763,-0.738735,0.185811,-0.613322,32.046450,102.165300,5.450856
266.000,6,0.073140,1.106873,0.298509,-0.210307,-0.735777,0.189481,-0.615224,32.520570,101.714100,5.193897
266.111,6,0.073438,1.106088,0.297596,-0.210227,-0.736609,0.190872,-0.613824,32.634610,101.894900,5.135962
266.222,6,0.073459,1.105201,0.296354,-0.210313,-0.737163,0.192238,-0.612703,32.761210,102.030700,5.082634
266.333,6,0.073305,1.104659,0.295286,-0.210414,-0.737960,0.191938,-0.611801,32.734560,102.196900,5.163105
266.444,6,0.072911,1.104803,0.294350,-0.210043,-0.738174,0.192043,-0.611638,32.715140,102.216400,5.126201
266.556,6,0.071971,1.107524,0.294050,-0.208516,-0.735040,0.194189,-0.615246,32.823360,101.499200,4.613150
266.667,6,0.065918,1.134935,0.299006,-0.199717,-0.709697,0.202953,-0.644402,33.056530,95.965850,1.497915
266.778,6,0.054622,1.182969,0.308257,-0.182403,-0.653851,0.200624,-0.706370,31.335190,84.732470,356.986700
266.890,6,0.023650,1.264523,0.321560,-0.146774,-0.536630,0.201429,-0.806171,26.925750,64.704120,349.188300
267.001,6,-0.016955,1.345076,0.317770,-0.127705,-0.464844,0.186521,-0.856050,23.082160,54.422760,347.404000
267.112,6,-0.060159,1.419135,0.305552,-0.130815,-0.433750,0.166876,-0.875729,21.955160,50.536080,348.885300
267.223,6,-0.102461,1.480335,0.294876,-0.151129,-0.410935,0.160241,-0.884656,23.521390,47.742820,349.994500
267.333,6,-0.137663,1.526518,0.285833,-0.151176,-0.410366,0.145254,-0.887495,22.802140,47.945250,351.657500
267.445,6,-0.167055,1.556344,0.278070,-0.154737,-0.414453,0.136915,-0.886307,22.816350,48.682480,352.868400
267.556,6,-0.187096,1.570074,0.271575,-0.173194,-0.412718,0.139815,-0.883243,24.920110,48.634250,353.413700
267.667,6,-0.199702,1.574817,0.266363,-0.189693,-0.408724,0.140624,-0.881582,26.705960,48.329560,354.032200
267.778,6,-0.203173,1.574345,0.262641,-0.203779,-0.406994,0.146878,-0.878212,28.520900,48.198650,353.982800
267.888,6,-0.203258,1.576917,0.260165,-0.207533,-0.409788,0.140832,-0.877023,28.649220,48.803450,354.970400
268.000,6,-0.203985,1.579956,0.260742,-0.204248,-0.394413,0.135147,-0.885696,27.931130,46.743260,354.916700
268.111,6,-0.204721,1.583207,0.261064,-0.202008,-0.372401,0.133894,-0.895870,27.494890,43.726910,354.212600
268.222,6,-0.204472,1.585279,0.261502,-0.200228,-0.366447,0.127105,-0.899705,26.965070,43.055880,354.723300
268.333,6,-0.206113,1.587129,0.263134,-0.196493,-0.361238,0.123061,-0.903191,26.349790,42.393810,354.856600
268.444,6,-0.207879,1.588483,0.264405,-0.192454,-0.356578,0.118587,-0.906505,25.689330,41.815620,355.050400
268.556,6,-0.209162,1.589738,0.265265,-0.187099,-0.354982,0.116447,-0.908527,25.001490,41.577530,355.014800
268.667,6,-0.211130,1.591173,0.266546,-0.183337,-0.353426,0.112876,-0.910350,24.430400,41.399430,355.216800
268.778,6,-0.212501,1.591920,0.267977,-0.181451,-0.351008,0.111527,-0.911828,24.154430,41.085480,355.221800
268.889,6,-0.215172,1.595159,0.270282,-0.173512,-0.347812,0.110081,-0.914769,23.205000,40.600620,354.962900
269.001,6,-0.217307,1.596974,0.272293,-0.168588,-0.342495,0.107232,-0.918029,22.519000,39.911630,354.944500
269.112,6,-0.217532,1.597155,0.273816,-0.168053,-0.338018,0.107200,-0.919788,22.433900,39.326620,354.811300
269.223,6,-0.214595,1.596301,0.273937,-0.166806,-0.340453,0.108207,-0.918999,22.350330,39.609180,354.707900
269.334,6,-0.212131,1.596016,0.273899,-0.166340,-0.345939,0.109574,-0.916870,22.385470,40.288640,354.673100
269.446,6,-0.210757,1.595639,0.274917,-0.167611,-0.347475,0.109006,-0.916125,22.510910,40.512640,354.830000
269.557,6,-0.210853,1.595117,0.276773,-0.171050,-0.344733,0.109379,-0.916481,22.888690,40.185980,354.858800
269.668,7,-0.211529,1.593609,0.278672,-0.177689,-0.343470,0.110301,-0.915581,23.649980,40.077530,354.994900
269.779,7,-0.212221,1.592581,0.280884,-0.183333,-0.342873,0.111068,-0.914599,24.300200,40.050900,355.125500
269.890,7,-0.213287,1.593055,0.283751,-0.185091,-0.339829,0.108968,-0.915633,24.394150,39.719350,355.355100
270.002,7,-0.214958,1.595359,0.284517,-0.180366,-0.341671,0.106483,-0.916183,23.782130,39.954990,355.495800
270.112,7,-0.217634,1.597319,0.285965,-0.177103,-0.340089,0.102886,-0.917818,23.270800,39.783770,355.730000
270.224,7,-0.219364,1.598582,0.288283,-0.173885,-0.337566,0.099908,-0.919691,22.786140,39.478330,355.871600
270.335,7,-0.219587,1.599213,0.290608,-0.172642,-0.338142,0.097796,-0.919940,22.567990,39.580760,356.076900
270.446,7,-0.218724,1.610166,0.291431,-0.133452,-0.351924,0.081365,-0.922887,17.673430,41.220360,356.615400
270.558,7,-0.220286,1.628665,0.286749,-0.066016,-0.378747,0.056334,-0.921423,9.458278,44.431040,356.873000
270.669,7,-0.227141,1.653184,0.275646,0.027677,-0.412348,0.024567,-0.910275,358.273600,48.798770,356.124900
270.782,7,-0.235742,1.666479,0.266630,0.079627,-0.419309,0.007759,-0.904312,352.096300,50.075640,355.320400
270.893,7,-0.243652,1.672148,0.261603,0.098988,-0.410635,-0.002906,-0.906406,349.523400,49.151310,355.565600
271.004,7,-0.249520,1.672797,0.260512,0.095397,-0.395242,-0.004103,-0.913601,349.772700,47.142740,356.042900
271.116,7,-0.253653,1.672701,0.261114,0.090788,-0.381504,-0.002863,-0.919893,350.257800,45.367600,356.276600
271.228,7,-0.259571,1.673376,0.262814,0.088938,-0.374248,-0.001961,-0.923052,350.464600,44.445220,356.340200
271.338,7,-0.262275,1.673103,0.264833,0.087042,-0.382689,0.002094,-0.919766,350.879300,45.508240,355.907100
271.449,7,-0.257605,1.670773,0.260133,0.080175,-0.461590,0.009979,-0.883407,352.389300,55.528310,354.694800
271.560,7,-0.247920,1.666339,0.241033,0.074712,-0.611784,0.019635,-0.787244,354.628800,76.034510,352.942200
271.671,7,-0.246594,1.658191,0.207741,0.069646,-0.764957,0.034422,-0.639379,357.914100,100.377800,351.334200
271.782,7,-0.258279,1.656219,0.166701,0.083668,-0.856247,0.037938,-0.508333,358.848700,118.712500,349.520300
271.893,7,-0.275561,1.654752,0.123655,0.091145,-0.918007,0.035757,-0.384288,359.747800,134.595400,348.765400
272.005,7,-0.294278,1.652970,0.081575,0.089057,-0.966375,0.035532,-0.238591,1.500027,152.119700,349.097200
272.116,7,-0.311440,1.652877,0.049809,0.083666,-0.990738,0.035782,-0.100786,3.097618,168.112300,350.023200
272.227,7,-0.332812,1.648242,0.022223,0.079291,-0.994822,0.043118,0.046731,5.347685,184.963300,351.117800
272.338,7,-0.340283,1.645376,0.007424,0.081842,-0.990213,0.054971,0.098787,7.182858,190.843000,351.233000
272.449,7,-0.336288,1.644005,-0.003482,0.083762,-0.990185,0.060696,0.093985,7.813287,190.230400,351.030000
272.560,7,-0.318639,1.649098,-0.005403,0.085121,-0.994796,0.055205,0.009350,6.397584,180.530700,350.248300
272.671,7,-0.271911,1.662895,0.015457,0.079064,-0.962145,0.030235,-0.259059,0.986546,149.777500,350.338200
272.783,7,-0.237663,1.671739,0.065779,0.091522,-0.849641,0.011019,-0.519242,355.623000,117.508500,350.360200
272.894,7,-0.228030,1.674005,0.119065,0.112207,-0.696473,0.003792,-0.708746,351.154500,89.729240,350.583000
273.005,7,-0.236869,1.679030,0.172240,0.141771,-0.486313,-0.002237,-0.862204,345.720800,59.846320,352.050200
273.117,7,-0.245507,1.685082,0.194580,0.164828,-0.334222,-0.009206,-0.927924,341.817300,40.516770,354.376800
273.228,7,-0.253384,1.688809,0.206777,0.183880,-0.128351,-0.011066,-0.974470,338.825400,15.301340,358.424700
273.340,7,-0.261662,1.691301,0.204581,0.179413,0.071290,-0.003669,-0.981181,339.417900,351.324300,2.006660
273.450,7,-0.265633,1.691198,0.187562,0.164971,0.295590,0.017116,-0.940807,341.305000,324.464700,3.954239
273.562,7,-0.262626,1.685805,0.165268,0.138444,0.449845,0.037816,-0.881500,343.853200,305.437800,3.454986
273.673,7,-0.257904,1.683239,0.145608,0.120959,0.537559,0.046423,-0.833213,345.434900,293.943800,3.120309
273.784,7,-0.254499,1.685804,0.130080,0.113908,0.587885,0.049881,-0.799330,346.069200,286.942000,3.200443
273.895,7,-0.253784,1.686475,0.122167,0.108266,0.607572,0.053451,-0.785034,346.412200,284.189600,2.809148
274.006,7,-0.256364,1.685668,0.116104,0.098149,0.617008,0.050718,-0.779163,347.553100,282.980200,2.469897
274.117,7,-0.259462,1.684631,0.115090,0.090317,0.614027,0.051698,-0.782395,348.181400,283.568100,1.757439
274.228,7,-0.257982,1.680113,0.126411,0.045774,0.545648,0.044561,-0.835576,352.812100,293.798300,358.584100
274.339,7,-0.239135,1.675456,0.148677,0.009319,0.374334,0.046720,-0.926069,357.005700,316.100600,355.430700
274.447,7,-0.192745,1.669530,0.167502,-0.014451,0.081653,0.042873,-0.995633,1.247731,350.568300,354.965700
274.558,7,-0.158321,1.665506,0.165597,-0.020445,-0.101124,0.055351,-0.993123,2.969391,11.470310,353.918200
274.669,7,-0.131136,1.661323,0.155124,-0.029145,-0.229681,0.068396,-0.970422,5.047677,26.327970,353.118100
274.781,7,-0.119495,1.663275,0.146349,-0.017744,-0.264771,0.074056,-0.961300,4.205262,30.516590,352.337200
274.892,7,-0.112365,1.663788,0.140959,-0.013190,-0.266681,0.077419,-0.960580,3.820604,30.759160,351.835600
275.003,7,-0.105540,1.665155,0.136869,-0.004384,-0.267983,0.078788,-0.960187,2.903077,30.970550,351.422600
275.114,7,-0.099818,1.666388,0.134865,0.002636,-0.266079,0.077488,-0.960828,2.072868,30.800900,351.349500
275.226,7,-0.093291,1.668676,0.134262,0.018008,-0.259147,0.075447,-0.962718,0.253783,30.112130,351.106200
275.337,7,-0.089500,1.671404,0.135118,0.033032,-0.254489,0.069737,-0.963992,358.384600,29.699780,351.296400
275.448,7,-0.088501,1.678287,0.135641,0.068565,-0.241677,0.056462,-0.966283,353.960400,28.518920,351.775500
275.560,7,-0.095743,1.694340,0.132523,0.140455,-0.215149,0.030519,-0.965946,345.036000,26.047070,352.900800
275.672,7,-0.110275,1.711396,0.126201,0.233438,-0.193296,0.002691,-0.952962,333.648600,24.363880,353.890200
275.784,7,-0.131135,1.723976,0.116196,0.321526,-0.183221,-0.021054,-0.928767,322.774000,24.231370,354.326900
275.896,7,-0.151544,1.732894,0.108084,0.381054,-0.178795,-0.033415,-0.906484,315.348900,24.825370,353.893200
276.007,7,-0.175688,1.738803,0.106338,0.423258,-0.176334,-0.056952,-0.886857,309.572100,24.537130,355.656000
276.117,7,-0.190022,1.740833,0.111203,0.436407,-0.175822,-0.067289,-0.879834,307.665400,24.217990,356.711300
276.228,7,-0.201774,1.739928,0.122672,0.433901,-0.187427,-0.070783,-0.878402,307.925300,25.835070,356.427700
276.339,7,-0.206063,1.739565,0.133908,0.427877,-0.202129,-0.067563,-0.878351,308.834100,28.297680,355.033700
276.450,7,-0.204629,1.735840,0.156585,0.373523,-0.222817,-0.052306,-0.898943,315.983900,30.179710,354.220900
276.562,7,-0.199086,1.729228,0.174933,0.311805,-0.247324,-0.030801,-0.916875,324.055000,32.444220,353.064900
276.672,7,-0.193547,1.723727,0.188781,0.266801,-0.264881,-0.014548,-0.926523,329.860900,33.958270,352.399600
276.784,7,-0.190163,1.720728,0.198121,0.236123,-0.264792,-0.008329,-0.934913,333.517800,33.282060,352.974800
276.895,7,-0.188808,1.716504,0.204100,0.208192,-0.262115,-0.003774,-0.942304,336.775200,32.400530,353.625600
277.006,7,-0.187801,1.712324,0.210571,0.178881,-0.255419,-0.006195,-0.950118,339.935300,30.954610,355.138300
277.115,7,-0.187699,1.707052,0.215136,0.144112,-0.247866,-0.007823,-0.957984,343.740200,29.494520,356.628800
277.226,7,-0.188244,1.702057,0.217670,0.112417,-0.239098,-0.008111,-0.964432,347.248900,28.097830,357.760500
277.337,7,-0.189022,1.701495,0.216471,0.106901,-0.238554,-0.011413,-0.965160,347.772300,27.948520,358.301200
277.448,7,-0.189152,1.700750,0.214619,0.101712,-0.241113,-0.010547,-0.965095,348.380600,28.225370,358.321500
277.559,7,-0.188211,1.701109,0.212840,0.103991,-0.241462,-0.010268,-0.964768,348.134600,28.287710,358.219500
277.670,7,-0.186062,1.701510,0.211149,0.099891,-0.238445,-0.014239,-0.965900,348.477100,27.852660,358.822800
277.781,7,-0.183520,1.701322,0.208870,0.098601,-0.237114,-0.013848,-0.966366,348.630400,27.688600,358.831300
277.892,7,-0.180615,1.701006,0.207792,0.098044,-0.239368,-0.013155,-0.965876,348.714800,27.962080,358.742200
278.003,7,-0.178507,1.700881,0.207016,0.097503,-0.238279,-0.012545,-0.966209,348.790600,27.834280,358.701800
278.115,7,-0.176449,1.701270,0.206929,0.099337,-0.236064,-0.012232,-0.966569,348.591200,27.585040,358.640700
278.226,7,-0.174225,1.700712,0.207280,0.096054,-0.232664,-0.010988,-0.967740,348.987500,27.168870,358.632200
278.337,7,-0.172768,1.700558,0.207489,0.096312,-0.231304,-0.010775,-0.968043,348.962400,27.010190,358.616700
278.448,7,-0.170824,1.700453,0.206133,0.096708,-0.229489,-0.012045,-0.968420,348.881700,26.782940,358.770400
278.559,7,-0.168254,1.700504,0.204429,0.097131,-0.229959,-0.013029,-0.968254,348.808600,26.831540,358.864400
278.670,7,-0.162447,1.699272,0.200599,0.091870,-0.239095,-0.010959,-0.966578,349.464800,27.910060,358.674300
278.781,7,-0.156953,1.698368,0.195684,0.089435,-0.251694,-0.004205,-0.963657,349.951200,29.464610,357.851400
278.892,7,-0.153272,1.697969,0.191405,0.089088,-0.259943,-0.001524,-0.961504,350.089500,30.475440,357.475800
279.003,7,-0.151401,1.697855,0.187962,0.089341,-0.259717,-0.000248,-0.961543,350.099400,30.461740,357.327700
279.114,7,-0.149877,1.698165,0.185132,0.092281,-0.256723,-0.000357,-0.962069,349.761600,30.125570,357.280300
279.225,7,-0.147078,1.698672,0.182601,0.095707,-0.253772,0.000304,-0.962518,349.392200,29.806510,357.133100
279.337,7,-0.144313,1.698697,0.181188,0.095789,-0.252813,0.001171,-0.962761,349.405800,29.700530,357.044100
279.448,7,-0.140310,1.698438,0.180660,0.094450,-0.250471,0.002073,-0.963504,349.573800,29.416870,357.009600
279.559,7,-0.136635,1.697378,0.181680,0.090265,-0.246208,0.001164,-0.965004,350.000500,28.863610,357.282300
279.670,7,-0.133412,1.696136,0.185572,0.090425,-0.240065,-0.001035,-0.966536,349.904100,28.110310,357.589100
279.781,7,-0.137621,1.693445,0.193615,0.088802,-0.236019,-0.002741,-0.967679,350.028500,27.599770,357.869500
279.892,7,-0.154574,1.692490,0.205972,0.087919,-0.245098,-0.004648,-0.965493,350.093100,28.660250,358.014900
280.004,7,-0.182535,1.691866,0.223800,0.099316,-0.264985,-0.012937,-0.959037,348.617900,31.053410,358.373800
280.115,7,-0.214439,1.691092,0.245347,0.103997,-0.284534,-0.010341,-0.952952,348.223500,33.487660,357.689100
280.226,7,-0.260970,1.697906,0.277867,0.114291,-0.311574,-0.012926,-0.943235,347.075900,36.871380,357.245700
280.337,7,-0.294367,1.699360,0.304797,0.117176,-0.330396,-0.017913,-0.936370,346.627800,39.173610,357.414800
280.448,7,-0.329654,1.699590,0.334760,0.109370,-0.359300,-0.022637,-0.926515,347.353600,42.630830,357.847600
280.560,7,-0.348992,1.696329,0.351073,0.104697,-0.389606,-0.024278,-0.914689,347.851400,46.374380,357.821100
280.670,7,-0.363502,1.693062,0.363880,0.101336,-0.430740,-0.022348,-0.896490,348.407700,51.606720,357.236500
280.782,7,-0.365665,1.689644,0.369329,0.093069,-0.467438,-0.013518,-0.879009,349.848300,56.333420,356.316300
280.892,7,-0.355848,1.681856,0.367912,0.067304,-0.519804,0.013564,-0.851522,354.230800,63.073890,354.632500
281.003,7,-0.336403,1.672450,0.362387,0.029493,-0.566747,0.041673,-0.822308,359.927300,69.154110,354.147600
281.114,7,-0.316121,1.669281,0.355953,0.018853,-0.584365,0.051992,-0.809604,1.732758,71.550440,353.899700
281.226,7,-0.286492,1.665369,0.340337,0.006987,-0.600602,0.064532,-0.796909,3.806093,73.795200,353.598800
281.337,7,-0.262619,1.664306,0.324400,0.000902,-0.612847,0.072313,-0.786885,5.003417,75.535110,353.376300
281.448,7,-0.232773,1.665536,0.305650,0.009245,-0.620813,0.076250,-0.780188,4.602767,76.717420,352.479600
281.559,7,-0.208694,1.664092,0.291851,0.003285,-0.618459,0.077903,-0.781939,5.233949,76.350670,352.737200
281.670,7,-0.179911,1.660671,0.278246,-0.015311,-0.596775,0.084549,-0.797795,7.200563,73.169900,353.248800
281.781,7,-0.160917,1.660034,0.270221,-0.021082,-0.565882,0.082048,-0.820123,7.321579,68.800540,353.590700
281.892,7,-0.147797,1.663602,0.260356,-0.011845,-0.550244,0.068663,-0.832092,5.467191,66.672600,354.163200
282.004,7,-0.136829,1.667929,0.247473,0.003529,-0.547293,0.050241,-0.835424,2.814151,66.334310,354.956400
282.115,7,-0.128266,1.670234,0.236323,0.017992,-0.553120,0.044473,-0.831719,1.104056,67.198450,354.612000
282.226,7,-0.114255,1.668708,0.225348,0.027050,-0.564501,0.038771,-0.824078,359.953600,68.825210,354.580900
282.338,7,-0.098581,1.664108,0.218977,0.024796,-0.584545,0.043497,-0.809815,0.612608,71.614820,354.292800
282.449,7,-0.071979,1.661404,0.212932,0.023796,-0.634526,0.044212,-0.771269,1.111709,78.833690,354.352100
282.561,7,-0.041324,1.657304,0.214552,0.021371,-0.684124,0.041190,-0.727889,1.446682,86.384730,354.880500
282.671,7,-0.003799,1.651522,0.226691,0.010496,-0.722731,0.033977,-0.690214,1.984212,92.574980,356.439000
282.783,7,0.040110,1.647861,0.248258,0.001050,-0.754183,0.030937,-0.655934,2.595586,97.916400,357.580700
282.893,7,0.089551,1.651088,0.276199,-0.000720,-0.783128,0.035204,-0.620863,3.212058,103.116700,357.555400
283.004,7,0.138623,1.655549,0.301596,-0.006958,-0.815429,0.043176,-0.577203,4.499327,109.327300,357.787000
283.115,7,0.172886,1.656823,0.315831,0.001329,-0.848763,0.056729,-0.525720,5.445688,116.282600,356.434800
283.227,7,0.205025,1.657055,0.323968,0.006928,-0.902650,0.051555,-0.427220,4.999811,129.201900,356.745400
283.338,7,0.231736,1.652629,0.329979,-0.001109,-0.920150,0.057028,-0.387390,6.073723,134.208200,357.571000
283.449,7,0.268468,1.639930,0.340392,-0.037385,-0.906782,0.088910,-0.410419,11.065450,131.266700,359.697500
283.559,7,0.297830,1.625960,0.354056,-0.079620,-0.867186,0.130831,-0.473849,17.599720,122.825000,0.847776
283.670,7,0.335572,1.606691,0.370439,-0.121797,-0.809014,0.169019,-0.549631,24.039370,111.767400,0.707307
283.781,7,0.366130,1.594864,0.377104,-0.147362,-0.775953,0.187102,-0.584102,27.549350,106.218800,0.653926
283.891,7,0.398112,1.589206,0.378173,-0.153419,-0.754843,0.190859,-0.608480,28.349020,102.244600,359.957500
284.003,7,0.435751,1.589249,0.381094,-0.154858,-0.721937,0.172823,-0.651888,26.835690,95.811360,359.889100
284.114,7,0.472358,1.593239,0.383304,-0.141854,-0.680384,0.154195,-0.702267,24.145920,87.870260,358.521600
284.226,7,0.523955,1.606242,0.381821,-0.131941,-0.636725,0.120055,-0.750173,20.538780,80.513090,359.259400
284.338,7,0.560899,1.615643,0.380875,-0.131648,-0.610044,0.098266,-0.775151,18.904210,76.488980,0.501504
284.449,7,0.604241,1.624734,0.386265,-0.122358,-0.565610,0.084993,-0.811105,17.135680,69.783500,0.032177
284.561,7,0.644575,1.632274,0.397351,-0.122194,-0.526501,0.072467,-0.838221,16.329350,64.328770,0.428929
284.671,7,0.685876,1.633185,0.416255,-0.118535,-0.483525,0.056830,-0.865404,15.077110,58.514400,0.965292
284.783,7,0.720552,1.627619,0.438540,-0.113946,-0.453643,0.063050,-0.881618,14.958400,54.396150,359.537900
284.894,7,0.744284,1.625568,0.458567,-0.125684,-0.435739,0.049479,-0.889880,15.474380,52.351720,1.276552
285.003,7,0.770184,1.627414,0.479603,-0.126485,-0.393863,0.043801,-0.909371,15.340060,46.996200,1.186706
285.112,7,0.791801,1.631400,0.497502,-0.124244,-0.339942,0.044612,-0.931135,15.171400,40.123630,0.082627
285.221,7,0.812985,1.630714,0.516534,-0.115043,-0.252267,0.030814,-0.960300,13.680010,29.429570,359.932800
285.324,7,0.834499,1.628885,0.531234,-0.105126,-0.121117,0.025451,-0.986728,12.334980,13.838660,358.547600
285.425,7,0.857130,1.629605,0.536671,-0.097276,0.003966,0.010914,-0.995190,11.158780,359.415000,358.686200
285.531,7,0.884741,1.633536,0.532673,-0.089748,0.149247,-0.016945,-0.984573,10.473730,342.796000,0.383303
285.646,7,0.915936,1.638006,0.513481,-0.087368,0.297851,-0.033099,-0.950030,10.703230,325.245000,0.632304
285.755,7,0.932785,1.645970,0.483614,-0.071459,0.428121,-0.032530,-0.900304,9.005210,309.123100,359.848400
285.858,7,0.945981,1.645998,0.449543,-0.051225,0.523143,-0.022821,-0.850398,6.373009,296.755000,359.147700
285.973,7,0.962263,1.646868,0.413109,-0.030680,0.593736,-0.017688,-0.803881,4.032938,287.085700,359.540900
286.086,7,0.975915,1.649089,0.382456,-0.010634,0.652492,-0.011795,-0.757629,1.805435,278.531600,0.228999
286.188,7,0.985928,1.651289,0.361160,-0.006490,0.685288,-0.015831,-0.728072,1.784881,273.480400,0.811543
286.309,7,0.990657,1.656411,0.337565,0.019341,0.705283,-0.011390,-0.708571,359.350100,270.252400,2.488861
286.411,7,0.987646,1.666094,0.321341,0.052716,0.696558,0.009562,-0.715497,354.907800,271.383900,3.439405
286.513,7,0.982378,1.676398,0.306791,0.081435,0.676632,0.033958,-0.731017,350.502000,274.132600,3.520009
286.623,7,0.965805,1.682505,0.284829,0.091876,0.657864,0.045951,-0.746098,348.606000,276.887000,3.059188
286.734,7,0.937422,1.687617,0.253564,0.095916,0.655881,0.052404,-0.746910,347.759000,277.126500,2.788122
286.845,7,0.899771,1.689204,0.215949,0.090845,0.665226,0.041194,-0.739949,349.091100,275.753900,3.497438
286.955,7,0.853847,1.682473,0.177641,0.067773,0.678428,0.020009,-0.731261,352.746000,274.062900,3.623542
287.067,7,0.802312,1.668709,0.144427,0.029580,0.676829,-0.012429,-0.735441,358.470900,274.708400,3.344767
287.182,7,0.756745,1.658563,0.114048,-0.002422,0.682051,-0.036825,-0.730373,3.082341,273.996900,2.898147
287.291,7,0.725171,1.651315,0.096025,-0.027283,0.658161,-0.051199,-0.750639,6.220443,277.639600,2.360889
287.403,7,0.704920,1.639925,0.083491,-0.062070,0.634937,-0.076169,-0.766290,11.060850,280.925000,2.213947
287.513,7,0.690631,1.627759,0.072101,-0.104874,0.631195,-0.104123,-0.761416,16.926740,280.917500,1.567526
287.624,7,0.682831,1.625436,0.067955,-0.119113,0.626773,-0.102381,-0.763208,18.068570,281.278600,0.419569
287.735,7,0.683937,1.633915,0.075339,-0.094680,0.582662,-0.085164,-0.802675,14.550830,288.247700,1.562088
287.846,7,0.702291,1.652932,0.097857,-0.020618,0.426182,-0.050548,-0.902989,4.607043,309.639000,4.241028
287.958,7,0.719679,1.657677,0.109084,-0.014966,0.334486,-0.032887,-0.941708,2.876739,320.965700,2.980354
288.069,7,0.736269,1.660357,0.118237,-0.019976,0.259442,-0.006350,-0.965531,2.399682,329.921600,0.108790
288.180,7,0.744061,1.661258,0.121116,-0.017995,0.229021,0.000640,-0.973255,1.990543,333.507300,359.456000
288.291,7,0.747306,1.660238,0.122978,-0.025478,0.214039,0.000176,-0.976493,2.847792,335.257500,359.354600
288.402,7,0.743475,1.660094,0.120403,-0.028792,0.245168,-0.000434,-0.969053,3.211045,331.583100,359.238100
288.513,7,0.718194,1.662861,0.097253,-0.008569,0.410082,-0.023717,-0.911700,2.010147,311.600100,2.076801
288.624,7,0.699887,1.654904,0.056261,-0.018062,0.618278,-0.042343,-0.784611,4.629002,283.625900,2.536442
288.735,7,0.695283,1.650040,0.024842,-0.028260,0.753255,-0.052962,-0.654983,6.707813,262.107000,1.546563
288.846,7,0.696790,1.646962,0.003951,-0.027696,0.861356,-0.064559,-0.503121,7.994927,240.648400,0.998059
288.957,7,0.697616,1.644703,0.007001,-0.028229,0.904004,-0.066648,-0.421354,8.296102,230.001700,0.296787
289.068,7,0.698398,1.642870,0.021201,-0.029895,0.942244,-0.079983,-0.323861,9.793139,217.914400,359.736600
289.177,7,0.700548,1.641392,0.031004,-0.026640,0.966062,-0.106461,-0.233838,12.600640,207.202900,359.901200
289.289,7,0.700999,1.637660,0.048728,-0.029726,0.983676,-0.133359,-0.117102,15.624200,193.355300,358.378700
289.401,7,0.696430,1.634040,0.066285,-0.034703,0.987426,-0.143460,-0.056620,16.692880,186.104400,356.870800
289.512,7,0.683390,1.633795,0.084203,-0.034225,0.987485,-0.146586,-0.047062,17.021150,184.974400,356.774900
289.623,7,0.652843,1.638678,0.102541,-0.039272,0.982972,-0.130467,-0.123301,15.436790,193.936300,357.322200
289.735,7,0.613325,1.643133,0.123030,-0.033045,0.952553,-0.111977,-0.281091,13.409320,212.881900,-0.000190
289.846,7,0.567733,1.651463,0.156108,-0.020204,0.852443,-0.087344,-0.515076,9.771802,242.559900,3.230309
289.957,7,0.546252,1.658228,0.172794,-0.013818,0.760198,-0.052803,-0.647395,5.633976,260.970600,2.727670
290.068,7,0.529970,1.660816,0.173574,-0.011233,0.637876,-0.022452,-0.769730,2.632897,280.729600,1.160567
290.180,7,0.525286,1.659956,0.163198,-0.016524,0.514496,0.001922,-0.857332,1.510195,298.047600,358.836500
290.291,7,0.535870,1.665383,0.140734,-0.006662,0.282449,0.021928,-0.959009,0.022433,327.177700,357.373700
290.403,7,0.556543,1.667908,0.110252,0.008407,0.060415,0.025919,-0.997801,358.859200,353.099100,357.092700
290.514,7,0.571146,1.666170,0.076663,0.004791,-0.084680,0.023884,-0.996110,359.684900,9.725818,357.226100
290.626,7,0.579650,1.668376,0.034396,0.015366,-0.183639,0.029785,-0.982422,358.896800,21.211020,356.320300
290.738,7,0.588631,1.666337,0.005332,0.017741,-0.248861,0.040428,-0.967533,359.185900,28.884520,355.005000
290.849,7,0.598086,1.661939,-0.019850,-0.002274,-0.310518,0.055340,-0.948953,2.216991,36.123120,354.048000
290.960,7,0.592838,1.655021,-0.025492,-0.032930,-0.294170,0.049409,-0.953907,5.272590,34.079190,355.686800
291.070,7,0.570009,1.640317,-0.015929,-0.100447,-0.176469,0.035042,-0.978540,12.060920,20.240410,358.058600
291.181,7,0.542116,1.622722,-0.005494,-0.169796,-0.051905,0.030117,-0.983650,19.704300,5.601044,357.466000
291.291,7,0.526496,1.615728,-0.000523,-0.192746,0.013988,0.020667,-0.980931,22.182760,357.808500,357.156400
291.402,7,0.514754,1.619781,0.002025,-0.177249,0.059784,0.006005,-0.982330,20.335460,352.672900,357.983700
291.513,7,0.493841,1.620889,-0.001561,-0.171110,0.149216,-0.013532,-0.973793,19.711840,342.315100,358.495900
291.624,7,0.476554,1.618200,-0.010598,-0.184092,0.222910,-0.026456,-0.956933,21.353580,333.409800,358.065600
291.734,7,0.473938,1.616066,-0.016212,-0.190896,0.225694,-0.044195,-0.954289,22.599570,333.365000,359.887200
291.846,7,0.475663,1.607962,-0.017841,-0.218146,0.206685,-0.049387,-0.952499,25.847890,335.571200,0.248771
291.956,7,0.476389,1.603471,-0.018901,-0.233532,0.196124,-0.051741,-0.950958,27.674830,336.802100,0.440237
292.068,7,0.474834,1.602568,-0.019816,-0.235659,0.196862,-0.054905,-0.950103,27.996550,336.774700,0.749303
292.180,7,0.471016,1.600294,-0.021469,-0.243844,0.212873,-0.055155,-0.944555,28.955500,334.605500,0.024785
292.292,7,0.466434,1.595448,-0.022846,-0.258889,0.232087,-0.058656,-0.935773,30.780470,331.950800,359.306900
292.403,7,0.464018,1.592827,-0.023590,-0.267799,0.241203,-0.061773,-0.930747,31.890990,330.669100,359.041900
292.515,7,0.463206,1.593055,-0.023702,-0.267184,0.241985,-0.063579,-0.930599,31.873930,330.636700,359.259400
292.626,7,0.461623,1.610373,-0.024296,-0.207245,0.249039,-0.048324,-0.944825,24.562720,330.304100,359.249800
292.736,7,0.463118,1.627340,-0.027044,-0.141895,0.253161,-0.036785,-0.956254,16.857950,330.329800,359.910600
292.846,7,0.467450,1.635947,-0.030654,-0.112146,0.248959,-0.030139,-0.961527,13.336480,330.982000,0.124747
292.958,7,0.469346,1.633748,-0.031278,-0.123287,0.242101,-0.030828,-0.961892,14.602090,331.742100,359.976900
293.068,7,0.469366,1.631245,-0.031262,-0.130209,0.241613,-0.036021,-0.960922,15.524310,331.823500,0.375030
293.180,7,0.466746,1.629351,-0.031455,-0.128880,0.251879,-0.040541,-0.958281,15.511410,330.649900,0.759644
293.291,7,0.464864,1.629199,-0.029309,-0.125704,0.257549,-0.040906,-0.957180,15.171710,329.987300,0.804922
293.402,7,0.461219,1.629626,-0.021789,-0.125765,0.254487,-0.041595,-0.957961,15.196300,330.369700,0.931137
293.514,7,0.453494,1.631240,-0.005322,-0.122602,0.253832,-0.036967,-0.958734,14.705610,330.407600,0.511934
293.625,7,0.441030,1.634012,0.022650,-0.113240,0.256130,-0.026906,-0.959610,13.362730,330.067200,359.624900
293.736,7,0.426312,1.634931,0.056663,-0.102597,0.265433,-0.018604,-0.958474,11.920160,328.926700,358.898900
293.848,7,0.402866,1.640215,0.112153,-0.084611,0.278056,-0.006752,-0.956807,9.536023,327.426000,358.016500
293.959,7,0.383198,1.644002,0.155898,-0.072101,0.287417,0.000635,-0.955088,7.895094,326.333100,357.531600
294.070,7,0.357817,1.645310,0.205009,-0.065242,0.293674,0.005268,-0.953662,6.969642,325.598100,357.207000
294.182,7,0.340392,1.646675,0.236405,-0.063705,0.303435,0.004409,-0.950710,6.802904,324.435800,357.284400
294.293,7,0.330058,1.649211,0.255119,-0.052002,0.315462,0.009405,-0.947466,5.313589,323.034000,357.085300
294.405,7,0.327832,1.654275,0.260882,-0.041287,0.312726,0.008376,-0.948909,4.192978,323.431500,357.602600
294.516,7,0.330665,1.661263,0.255385,-0.019219,0.301348,0.008610,-0.953282,1.802463,324.889500,358.394700
294.627,7,0.342267,1.670731,0.235754,0.017470,0.280337,0.016920,-0.959594,357.534700,327.457500,358.699400
294.739,7,0.354267,1.676721,0.212150,0.035983,0.262651,0.021575,-0.963978,355.370800,329.570400,358.695400
294.850,7,0.369311,1.682075,0.175930,0.056415,0.239596,0.023149,-0.968956,353.083700,332.284100,358.971100
294.962,7,0.381050,1.682674,0.142189,0.064911,0.233106,0.019411,-0.970088,352.242100,333.005700,359.572200
295.073,7,0.391605,1.683836,0.109686,0.073253,0.235636,0.012487,-0.968996,351.497700,332.620300,0.597988
295.184,7,0.401456,1.684789,0.083054,0.079743,0.237538,0.012378,-0.968021,350.777700,332.360600,0.807999
295.295,7,0.409960,1.685891,0.066725,0.083241,0.229667,0.014740,-0.969591,350.317400,333.300400,0.561042
295.407,7,0.419086,1.686142,0.056631,0.085551,0.209872,0.021481,-0.973742,349.884900,335.704600,359.655200
295.518,7,0.425947,1.685938,0.060127,0.090473,0.178622,0.033708,-0.979169,349.092700,339.511100,358.033800
295.629,7,0.440748,1.682227,0.083647,0.077944,0.109280,0.049257,-0.989725,350.499700,347.787500,355.320300
295.740,7,0.459784,1.674056,0.121686,0.056601,0.027803,0.072693,-0.995359,353.297200,357.280600,351.805300
295.851,7,0.483937,1.664200,0.171269,0.038973,-0.069066,0.093502,-0.992456,356.305100,8.318673,348.967000
295.963,7,0.513471,1.656198,0.224237,0.029306,-0.184046,0.109307,-0.976381,359.026400,21.460370,347.040000
296.074,7,0.534005,1.651978,0.272130,0.026972,-0.253070,0.126311,-0.958788,0.699587,29.480710,345.174200
296.185,7,0.544823,1.652387,0.335811,0.019280,-0.278320,0.131509,-0.951247,2.093091,32.339220,344.864500
296.297,7,0.548017,1.652561,0.376221,0.020001,-0.287180,0.141296,-0.947187,2.479645,33.380280,343.774600
296.408,7,0.551776,1.650680,0.418740,0.019497,-0.310785,0.180415,-0.932997,4.344798,36.061270,339.526300
296.519,7,0.550811,1.642764,0.446742,0.021555,-0.311329,0.215502,-0.925294,5.410673,36.018840,335.539200
296.629,7,0.546161,1.635225,0.472761,0.022524,-0.321349,0.248969,-0.913369,6.826715,37.049650,331.795000
296.740,7,0.539145,1.628312,0.486897,0.022210,-0.350744,0.246473,-0.903181,7.630241,40.562440,332.295200
296.851,7,0.530729,1.620654,0.497105,0.013764,-0.387307,0.241535,-0.889643,9.358177,44.842820,333.489400
296.963,7,0.519146,1.615088,0.506696,0.003931,-0.409685,0.229399,-0.882904,10.429270,47.511330,335.471000
297.074,7,0.501100,1.611929,0.518851,0.000431,-0.413997,0.210734,-0.885549,10.004330,48.136330,337.706200
297.185,7,0.479335,1.609831,0.533644,-0.008683,-0.398801,0.194917,-0.896041,9.847544,46.214570,339.665500
297.296,7,0.467569,1.609177,0.550037,-0.007771,-0.386013,0.178715,-0.904983,8.745058,44.755170,341.264300
297.407,7,0.470002,1.610046,0.584290,-0.005290,-0.364742,0.167772,-0.915854,7.589618,42.238240,342.173700
297.518,7,0.483227,1.605783,0.622204,-0.005450,-0.344041,0.166260,-0.924102,7.150328,39.718360,342.187000
297.629,7,0.515521,1.602661,0.682944,-0.009438,-0.318313,0.166837,-0.933142,7.112969,36.548000,342.077800
297.739,7,0.543224,1.604265,0.735386,-0.007680,-0.298480,0.161291,-0.940657,6.357577,34.229980,342.500200
297.848,7,0.573657,1.606695,0.800420,-0.013080,-0.276670,0.155062,-0.948282,6.350374,31.592890,343.224800
297.959,7,0.589242,1.604741,0.843309,-0.021730,-0.259067,0.148291,-0.954160,6.794185,29.431930,344.118500
298.070,7,0.599849,1.604871,0.880048,-0.025501,-0.238292,0.140878,-0.960583,6.668860,26.980180,344.914600
298.182,7,0.599212,1.606299,0.894217,-0.034058,-0.216839,0.133333,-0.966459,7.103030,24.407370,345.828200
298.292,7,0.592438,1.615301,0.889201,-0.029688,-0.188096,0.126917,-0.973463,6.058627,21.142430,346.275500
298.404,7,0.580425,1.624792,0.865586,-0.022662,-0.165447,0.123687,-0.978169,4.891101,18.616210,346.388800
298.516,7,0.564077,1.631966,0.832315,-0.014999,-0.148008,0.111583,-0.982557,3.583567,16.742320,347.569600
298.627,7,0.533722,1.638976,0.768996,-0.005821,-0.100607,0.093809,-0.990477,1.742460,11.437380,349.353800
298.738,7,0.504021,1.641110,0.702557,-0.006982,-0.038667,0.081421,-0.995905,1.157614,4.352659,350.696300
298.848,7,0.460530,1.642173,0.597911,-0.000848,0.082761,0.062070,-0.994634,359.508000,350.517500,352.899000
298.959,7,0.431395,1.644292,0.509380,0.003576,0.185835,0.054399,-0.981067,358.439400,338.630600,353.947000
299.068,7,0.409591,1.655128,0.407818,0.011327,0.277846,0.054044,-0.959038,357.033200,327.831000,354.405000
299.169,7,0.403743,1.664502,0.342602,0.025904,0.310459,0.062116,-0.948202,354.969100,323.998900,354.139500
299.282,7,0.403310,1.671872,0.287855,0.034478,0.301102,0.055869,-0.951329,354.304400,325.119600,355.068600
299.393,7,0.405606,1.677018,0.251846,0.042566,0.290013,0.059708,-0.954210,353.346500,326.488700,354.844200
299.504,7,0.408449,1.678145,0.229191,0.042969,0.289778,0.056270,-0.954472,353.417300,326.497500,355.235500
299.616,7,0.412952,1.676184,0.216277,0.038775,0.287941,0.060089,-0.954974,353.761800,326.733100,354.664500
299.726,7,0.421007,1.675441,0.208189,0.033244,0.272219,0.062948,-0.959599,354.371800,328.616300,354.076000
299.838,7,0.425384,1.674126,0.206050,0.032376,0.265206,0.065404,-0.961426,354.436700,329.462000,353.736400
299.949,7,0.428634,1.672968,0.207012,0.027645,0.269181,0.068624,-0.960244,354.834300,328.985400,353.258800
300.060,7,0.428554,1.673620,0.210237,0.028013,0.275754,0.072127,-0.958109,354.637400,328.219400,352.917300
300.170,7,0.426284,1.672836,0.217336,0.027120,0.287492,0.069033,-0.954907,354.750800,326.796900,353.296300
300.282,7,0.425694,1.672770,0.227763,0.032325,0.301091,0.065443,-0.950798,354.210300,325.163500,353.942900
300.393,7,0.426438,1.672725,0.245560,0.038126,0.327385,0.064157,-0.941939,353.463700,321.985200,354.460700
300.504,7,0.425841,1.671947,0.273328,0.042425,0.379427,0.065682,-0.921912,352.642100,315.590100,354.856500
300.616,7,0.422736,1.668023,0.304697,0.041610,0.451327,0.061249,-0.889281,352.571300,306.450800,355.872300
300.727,7,0.417323,1.663481,0.348772,0.042757,0.579842,0.047651,-0.812209,352.835700,289.054000,358.393300
300.838,7,0.417098,1.666954,0.379512,0.050701,0.695647,0.032562,-0.715853,353.229500,271.558700,1.380340
300.948,7,0.427268,1.672211,0.418164,0.041626,0.807524,0.031750,-0.587506,354.249900,251.988200,1.723335
301.059,7,0.437461,1.676808,0.448847,0.041411,0.846977,0.036301,-0.528770,353.956300,243.856700,1.830161
301.168,7,0.448907,1.678783,0.482508,0.027653,0.870684,0.038467,-0.489555,354.602800,238.666600,0.603716
301.277,7,0.456692,1.679884,0.500274,0.021098,0.871579,0.046634,-0.487577,354.153500,238.472400,359.499000
301.390,7,0.469154,1.678488,0.509730,0.012021,0.857083,0.057969,-0.511765,353.588300,241.808000,357.766600
301.492,7,0.478723,1.674707,0.512553,0.017973,0.843653,0.054843,-0.533778,353.585300,244.734100,358.372600
301.597,7,0.491188,1.673395,0.524979,0.007696,0.834533,0.048607,-0.548755,354.860900,246.759200,357.669400
301.703,7,0.503354,1.677244,0.544611,0.007259,0.825230,0.056913,-0.561875,354.140400,248.653000,357.005000
301.815,7,0.516974,1.676863,0.573441,0.011636,0.824638,0.058188,-0.562540,353.738900,248.746900,357.331800
301.923,7,0.527300,1.674027,0.608449,0.008315,0.833659,0.057804,-0.549184,353.943500,246.902200,357.139500
302.034,7,0.530964,1.676702,0.640935,0.011552,0.844987,0.056250,-0.531695,353.837800,244.484100,357.677300
302.142,7,0.530531,1.675724,0.671338,0.016797,0.856851,0.047892,-0.513060,354.300700,241.882400,358.827700
302.255,7,0.529302,1.676041,0.693755,0.012464,0.861386,0.039503,-0.506259,355.372700,240.930700,358.935100
302.365,7,0.528527,1.677350,0.709611,0.010980,0.864406,0.036395,-0.501356,355.760300,240.264800,358.993800
302.474,7,0.526257,1.677522,0.715941,0.009150,0.867098,0.036029,-0.496748,355.895700,239.656600,358.855200
302.582,7,0.524433,1.676343,0.715168,0.009123,0.872321,0.028370,-0.488025,356.651900,238.470000,359.324200
302.693,7,0.522885,1.675602,0.708985,0.006919,0.876952,0.018408,-0.480176,357.768900,237.412100,359.682100
302.803,7,0.524299,1.674144,0.692609,0.009093,0.875984,0.016035,-0.481989,357.887600,237.640900,0.027138
302.916,7,0.529844,1.670371,0.660927,0.007953,0.861017,0.018643,-0.508173,357.696800,241.104400,359.698700
303.030,7,0.539790,1.661718,0.612959,0.016800,0.842256,0.014344,-0.538625,357.577900,245.182500,0.736859
303.141,7,0.552725,1.652951,0.552008,0.017745,0.818482,0.018689,-0.573955,357.078800,250.068500,0.435674
303.253,7,0.567927,1.657396,0.470942,-0.001187,0.781734,0.019235,-0.623315,358.361500,257.155300,358.519000
303.367,7,0.579113,1.659020,0.401762,-0.003826,0.755169,0.013308,-0.655384,359.135700,261.917100,358.669200
303.480,7,0.582767,1.664005,0.343800,-0.009709,0.736941,0.012182,-0.675777,359.723100,265.046100,358.236500
303.583,7,0.580003,1.664955,0.304079,-0.010638,0.708789,0.009751,-0.705273,0.067749,269.714100,358.347700
303.694,7,0.573767,1.667979,0.274089,-0.007544,0.670165,0.019059,-0.741929,359.177700,275.834400,357.799500
303.805,7,0.565157,1.670636,0.259844,-0.009828,0.642600,0.025139,-0.765727,359.011100,280.018400,357.068800
303.916,7,0.560051,1.674962,0.256546,-0.015352,0.624355,0.028480,-0.780471,359.335400,282.703500,356.351800
304.027,7,0.560902,1.671525,0.258608,-0.015978,0.597344,0.032345,-0.801173,359.252800,286.611100,355.933000
304.138,7,0.564610,1.673367,0.262728,-0.016431,0.583534,0.037768,-0.811044,359.001500,288.571300,355.385600
304.249,7,0.569661,1.671856,0.271302,-0.009900,0.564982,0.049886,-0.823534,357.703900,291.203700,354.639200
304.360,7,0.568165,1.674267,0.283190,-0.000421,0.547212,0.068170,-0.834213,355.761700,293.716800,353.424600
304.472,7,0.561151,1.674741,0.295737,-0.000752,0.543823,0.067472,-0.836483,355.863800,294.178400,353.454500
304.583,7,0.552611,1.680501,0.308764,0.002992,0.537181,0.071317,-0.840442,355.316600,295.104600,353.278000
304.694,7,0.545304,1.681935,0.320919,0.002861,0.535398,0.075599,-0.841205,355.080000,295.357200,352.843300
304.803,7,0.538282,1.684606,0.331632,0.008933,0.538288,0.082651,-0.838651,354.032600,295.000300,352.546800
304.915,7,0.530612,1.686204,0.341764,0.014429,0.543107,0.087193,-0.834999,353.176700,294.366700,352.480300
305.027,7,0.519084,1.686030,0.354296,0.013316,0.547571,0.087280,-0.832088,353.238000,293.752000,352.439100
305.139,7,0.508644,1.685571,0.361878,0.011001,0.550869,0.086189,-0.830056,353.499000,293.290100,352.425800
305.249,7,0.495879,1.685820,0.367769,0.014936,0.556325,0.084026,-0.826571,353.212700,292.534900,352.926000
305.361,7,0.486332,1.684514,0.370372,0.016450,0.561461,0.079857,-0.823476,353.294600,291.809500,353.464000
305.472,7,0.479159,1.683137,0.371702,0.015554,0.563175,0.073350,-0.822929,353.787400,291.551800,354.041200
305.583,7,0.474786,1.682847,0.372852,0.015992,0.566905,0.072331,-0.820446,353.785500,291.028700,354.194500
305.695,7,0.472603,1.682846,0.374542,0.017917,0.565087,0.073164,-0.821586,353.562000,291.284600,354.225900
305.806,7,0.472131,1.682764,0.378119,0.019868,0.561271,0.078131,-0.823696,353.082800,291.830700,353.846600
305.917,7,0.472358,1.683479,0.382523,0.023852,0.554588,0.085954,-0.827330,352.252600,292.784200,353.290600
306.028,7,0.470067,1.683284,0.390000,0.025826,0.549476,0.093851,-0.829820,351.604800,293.521600,352.602200
306.140,7,0.466254,1.681702,0.396620,0.022475,0.545210,0.097272,-0.832334,351.750700,294.123900,352.018500
306.250,7,0.459253,1.679036,0.402927,0.015199,0.543918,0.095407,-0.833559,352.580900,294.285800,351.736600
306.362,7,0.452910,1.677929,0.404356,0.011367,0.549296,0.090360,-0.830650,353.214500,293.520900,352.033300
306.473,7,0.446497,1.677226,0.402033,0.010255,0.561926,0.085147,-0.822730,353.536700,291.754200,352.564900
306.584,7,0.441234,1.676623,0.398209,0.008943,0.573391,0.078174,-0.815495,354.016900,290.130500,353.229800
306.695,7,0.437761,1.675175,0.394361,0.004945,0.584172,0.071145,-0.808491,354.772100,288.588200,353.700900
306.807,7,0.433311,1.673361,0.388722,-0.003121,0.598559,0.060748,-0.798766,356.116000,286.504300,354.202300
306.917,7,0.430644,1.670750,0.383726,-0.011169,0.609474,0.048202,-0.791261,357.645600,284.895200,354.838100
307.028,8,0.429230,1.668409,0.375515,-0.019718,0.625643,0.031979,-0.779204,359.467900,282.496100,355.726800
307.140,8,0.430173,1.666796,0.369121,-0.024584,0.635512,0.020419,-0.771429,0.686229,281.014300,356.402100
307.250,8,0.432777,1.666806,0.363037,-0.022708,0.640496,0.010683,-0.767552,1.213303,280.284700,357.392300
307.362,8,0.436967,1.669449,0.361677,-0.014095,0.629629,0.014253,-0.776637,0.226070,281.931300,357.714000
307.473,8,0.439610,1.671319,0.361408,-0.008696,0.615525,0.018284,-0.787858,359.495500,284.011500,357.735300
307.584,8,0.439549,1.672100,0.361301,-0.005116,0.607597,0.018722,-0.794009,359.161900,285.166700,357.939700
307.695,8,0.436548,1.673298,0.363238,-0.001307,0.601370,0.022927,-0.798641,358.539600,286.069000,357.810400
307.807,8,0.430789,1.673834,0.369471,-0.003727,0.588338,0.025295,-0.808211,358.639600,287.925200,357.404400
307.918,8,0.424129,1.673868,0.374647,-0.006881,0.581281,0.027686,-0.813203,358.797000,288.917300,356.959600
308.029,8,0.414497,1.674619,0.381500,-0.004955,0.564700,0.028591,-0.824786,358.618000,291.240500,356.974800
308.140,8,0.406958,1.671202,0.389518,-0.005927,0.518019,0.026358,-0.854942,359.016000,297.600900,357.064200
308.251,8,0.400018,1.669347,0.391615,-0.009433,0.460345,0.021370,-0.887433,359.832000,305.169000,357.328200
308.362,8,0.391379,1.669335,0.383917,-0.003370,0.402161,0.028900,-0.915107,359.021500,312.579200,356.812000
308.474,8,0.378118,1.667827,0.367495,0.002567,0.332503,0.033442,-0.942506,358.448300,321.183300,356.482500
308.585,8,0.363720,1.669794,0.340445,0.013599,0.267318,0.029911,-0.963048,357.582300,329.034300,357.111800
308.698,8,0.351978,1.674713,0.314799,0.018820,0.217645,0.038610,-0.975083,356.932700,334.938200,356.146800
308.808,8,0.338533,1.678648,0.286713,0.025390,0.166095,0.035453,-0.985145,356.456700,340.969100,356.472000
308.919,8,0.332039,1.679476,0.269808,0.025772,0.139630,0.035473,-0.989233,356.508800,344.041900,356.382100
309.031,8,0.329559,1.680017,0.252877,0.027028,0.113311,0.040561,-0.992363,356.397400,347.106500,355.726100
309.142,8,0.328120,1.681079,0.243682,0.031025,0.096481,0.042194,-0.993956,355.996500,349.068200,355.521700
309.252,8,0.327081,1.680528,0.240708,0.033092,0.077435,0.042788,-0.995529,355.841500,351.271900,355.395300
309.364,8,0.325773,1.679618,0.242678,0.029669,0.063415,0.041389,-0.996687,356.308100,352.864700,355.474400
309.475,8,0.325451,1.679230,0.243863,0.029497,0.052123,0.041712,-0.997333,356.377300,354.162300,355.395000
309.587,8,0.323850,1.679696,0.244734,0.031874,0.039005,0.042546,-0.997824,356.162400,355.681700,355.261600
309.698,8,0.319293,1.679122,0.245205,0.030476,0.037275,0.040051,-0.998037,356.341000,355.864900,355.536100
309.809,8,0.307254,1.677837,0.246412,0.028214,0.056288,0.034655,-0.997414,356.549700,353.654200,356.211500
309.920,8,0.289364,1.673241,0.248124,0.013203,0.109660,0.033346,-0.993322,358.077800,347.461500,356.365800
310.031,8,0.256757,1.666301,0.251551,-0.005972,0.222024,0.042203,-0.974109,359.592900,334.337600,355.131200
310.142,8,0.226984,1.663379,0.258828,-0.019279,0.331192,0.050596,-0.942009,0.160941,321.249800,353.794600
310.253,8,0.197471,1.662039,0.272222,-0.014821,0.420112,0.050895,-0.905923,359.088400,310.289900,353.991200
310.364,8,0.166807,1.660084,0.294968,-0.004667,0.477453,0.019756,-0.878423,359.388900,302.960800,357.755300
310.476,8,0.142339,1.660570,0.324510,-0.005645,0.510292,0.004011,-0.859974,0.321785,298.629800,359.274600
310.587,8,0.114051,1.661262,0.369234,-0.012254,0.545118,0.000475,-0.838270,1.147510,293.920800,359.188700
310.699,8,0.095523,1.660113,0.404591,-0.020715,0.560038,-0.001989,-0.828206,2.094105,291.845600,358.858500
310.809,8,0.078371,1.657605,0.442209,-0.030323,0.572527,-0.009415,-0.819271,3.466605,290.072800,358.892400
310.921,8,0.069603,1.657232,0.467854,-0.034734,0.578883,-0.013018,-0.814567,4.109181,289.160800,358.908200
311.032,8,0.065745,1.656960,0.485875,-0.037319,0.576046,-0.015790,-0.816412,4.538381,289.548600,359.010600
311.143,8,0.062151,1.654500,0.499910,-0.045270,0.557968,-0.020600,-0.828371,5.623364,292.027400,359.056400
311.254,8,0.055846,1.654110,0.508043,-0.042357,0.534824,-0.022485,-0.843602,5.480951,295.232200,359.575800
311.365,8,0.038390,1.650663,0.516189,-0.043561,0.489344,-0.026340,-0.870604,5.832873,301.331100,0.186148
311.476,8,0.021160,1.647498,0.524002,-0.049026,0.420971,-0.027393,-0.905334,6.420956,310.151100,0.479845
311.588,8,-0.001336,1.647609,0.535209,-0.041018,0.284083,-0.029338,-0.957473,5.463751,327.039000,1.892588
311.699,8,-0.013145,1.651065,0.542985,-0.038507,0.131620,-0.016901,-0.990408,4.630159,344.914400,1.341829
311.810,8,-0.018973,1.657072,0.541144,-0.031925,-0.096181,-0.001103,-0.994851,3.629738,11.059370,0.478548
311.921,8,-0.026270,1.661161,0.530928,-0.021420,-0.249140,0.007584,-0.968201,2.593857,28.855670,359.769900
312.032,8,-0.035844,1.662567,0.520334,-0.015369,-0.359482,0.014942,-0.932906,2.259054,42.127910,359.035000
312.142,8,-0.045255,1.662858,0.515037,-0.009108,-0.438345,0.019744,-0.898544,1.929970,51.983360,358.423400
312.253,8,-0.048908,1.664282,0.513768,0.002512,-0.498962,0.021157,-0.866362,0.960351,59.858860,357.755100
312.364,8,-0.046597,1.664862,0.516637,0.004904,-0.540517,0.017484,-0.841137,0.610225,65.439200,358.010500
312.476,8,-0.038137,1.666822,0.522376,0.015495,-0.556218,0.015051,-0.830756,359.484200,67.618070,357.578800
312.587,8,-0.024386,1.667310,0.529374,0.015933,-0.560130,0.021942,-0.827961,359.896800,68.160860,356.894000
312.697,8,-0.017924,1.667453,0.534083,0.019619,-0.560647,0.020866,-0.827560,359.480000,68.247590,356.758900
312.808,8,-0.017768,1.665884,0.540870,0.021574,-0.562999,0.018895,-0.825960,359.177100,68.581940,356.817800
312.920,8,-0.025474,1.667516,0.546400,0.022133,-0.572839,0.017360,-0.819185,359.061900,69.953880,356.915600
313.031,8,-0.047974,1.669409,0.552682,0.027155,-0.594719,0.016442,-0.803307,358.620700,73.068530,356.633000
313.142,8,-0.073338,1.674495,0.560030,0.033521,-0.610601,0.012982,-0.791123,357.869000,75.388630,356.473000
313.253,8,-0.096592,1.676497,0.566282,0.040525,-0.619559,0.007984,-0.783863,356.925300,76.741800,356.398200
313.365,8,-0.115115,1.677806,0.570083,0.043882,-0.630254,0.006291,-0.775123,356.554600,78.341700,356.262600
313.475,8,-0.125591,1.679205,0.572154,0.050817,-0.638318,0.003691,-0.768085,355.793500,79.605730,355.943800
313.586,8,-0.133942,1.680192,0.574444,0.055195,-0.645757,0.004482,-0.761532,355.510400,80.770200,355.506200
313.698,8,-0.138434,1.680314,0.576959,0.057011,-0.650401,0.004036,-0.757438,355.347400,81.492230,355.380400
313.809,8,-0.141571,1.680873,0.581403,0.057545,-0.649754,0.001663,-0.757962,355.119800,81.398610,355.550400
313.920,8,-0.141861,1.681846,0.584799,0.059944,-0.646356,-0.000582,-0.760678,354.724300,80.913180,355.587800
314.031,8,-0.140679,1.682057,0.586841,0.060620,-0.646482,-0.001575,-0.760515,354.592300,80.939770,355.622700
314.142,8,-0.138680,1.681916,0.587926,0.059065,-0.648867,-0.002434,-0.758602,354.676900,81.279140,355.797900
314.253,8,-0.135769,1.681704,0.588348,0.056612,-0.650043,-0.002591,-0.757781,354.884300,81.426820,355.988800
314.364,8,-0.132429,1.679821,0.589784,0.048759,-0.648402,0.001805,-0.759733,355.885700,81.095140,356.207500
314.475,8,-0.129940,1.675040,0.590805,0.029519,-0.646605,0.018001,-0.762041,358.756000,80.671240,356.237200
314.586,8,-0.128544,1.665135,0.589744,-0.006218,-0.649309,0.048670,-0.758941,4.165759,80.959370,356.217100
314.697,8,-0.129480,1.655060,0.584676,-0.037884,-0.659806,0.077155,-0.746504,9.112650,82.642600,356.213700
314.808,8,-0.133124,1.645813,0.575353,-0.059981,-0.676669,0.102695,-0.726619,13.070350,85.463580,355.993100
314.919,8,-0.137491,1.643041,0.570565,-0.064456,-0.682123,0.109247,-0.720152,13.997300,86.389230,355.897600
315.031,8,-0.141776,1.644413,0.568060,-0.057079,-0.683347,0.104822,-0.720272,13.031310,86.495150,355.703400
315.142,8,-0.140827,1.647090,0.565100,-0.035499,-0.694929,0.091473,-0.712353,10.236380,88.158260,355.279600
315.252,8,-0.127720,1.649737,0.555743,-0.019607,-0.714161,0.076641,-0.695497,7.859344,91.204390,355.448900
315.364,8,-0.098491,1.649800,0.537476,-0.004828,-0.726035,0.074725,-0.683568,6.609813,93.133610,354.503500
315.475,8,-0.060761,1.647325,0.514177,0.003348,-0.738508,0.080145,-0.669456,6.539796,95.244500,353.512500
315.586,8,0.000803,1.645221,0.476803,0.013664,-0.754693,0.093028,-0.649306,7.046268,98.080120,351.807000
315.697,8,0.052590,1.644207,0.447981,0.021060,-0.762310,0.100384,-0.639033,7.246102,99.464310,350.694600
315.809,8,0.116470,1.644301,0.416499,0.020415,-0.761832,0.104873,-0.638903,7.683760,99.385280,350.409300
315.920,8,0.165684,1.642073,0.395034,0.015708,-0.756560,0.106649,-0.644978,8.112124,98.437370,350.620600
316.031,8,0.204930,1.639516,0.381367,0.012604,-0.748931,0.111420,-0.653092,8.651806,97.095160,350.426800
316.143,8,0.237964,1.639315,0.373620,0.010815,-0.746688,0.112825,-0.655447,8.877003,96.702770,350.442300
316.254,8,0.265503,1.637103,0.371854,0.008306,-0.743470,0.114685,-0.658811,9.182878,96.142590,350.468800
316.366,8,0.302322,1.632019,0.377686,0.007441,-0.739052,0.120907,-0.662668,9.721019,95.385270,349.994900
316.477,8,0.332016,1.628776,0.387375,0.002776,-0.737476,0.118462,-0.664897,9.847972,95.110090,350.558500
316.588,8,0.373659,1.626186,0.402753,0.001995,-0.738783,0.116769,-0.663748,9.781219,95.333840,350.776400
316.699,8,0.409179,1.624888,0.416041,-0.000395,-0.742965,0.115868,-0.659225,9.944382,96.060650,351.112200
316.810,8,0.454416,1.625741,0.432906,-0.002260,-0.742748,0.116079,-0.659429,10.102840,96.026380,351.251800
316.922,8,0.491741,1.626315,0.445095,-0.000199,-0.744335,0.118445,-0.657219,10.171000,96.303390,350.916500
317.033,8,0.524416,1.624476,0.455940,0.000570,-0.746281,0.119343,-0.654845,10.217200,96.644370,350.811300
317.144,8,0.555331,1.620854,0.465812,-0.000367,-0.745908,0.120296,-0.655095,10.366280,96.582280,350.812300
317.255,8,0.580970,1.616292,0.474083,-0.001616,-0.746629,0.120969,-0.654148,10.530040,96.712270,350.879000
317.366,8,0.611082,1.609257,0.485630,-0.003835,-0.749809,0.119831,-0.650702,10.643110,97.275090,351.209200
317.475,8,0.631500,1.603100,0.495967,-0.007048,-0.750650,0.117264,-0.650173,10.673500,97.428400,351.697400
317.586,8,0.656429,1.598735,0.508943,-0.009495,-0.751348,0.111126,-0.650413,10.331300,97.548070,352.389700
317.694,8,0.673730,1.594650,0.516652,-0.012714,-0.752252,0.108829,-0.649701,10.384570,97.717540,352.858400
317.799,8,0.687857,1.590157,0.523524,-0.017097,-0.751064,0.109635,-0.650839,10.774310,97.532520,353.158300
317.899,8,0.690309,1.589069,0.525424,-0.022574,-0.747671,0.110521,-0.654419,11.233810,96.971080,353.508000
318.005,8,0.682061,1.595410,0.520892,-0.017803,-0.746194,0.103087,-0.657458,10.209920,96.666120,353.642200
318.108,8,0.669289,1.598169,0.513547,-0.020105,-0.741633,0.099254,-0.663118,10.013720,95.877770,354.065800
318.209,8,0.644266,1.601477,0.499163,-0.020480,-0.724872,0.099156,-0.681402,9.884382,93.009310,353.856000
318.315,8,0.617367,1.606889,0.483484,-0.017281,-0.707176,0.096323,-0.700233,9.232244,90.045970,353.574900
318.428,8,0.565919,1.618210,0.453181,-0.000077,-0.666702,0.074414,-0.741600,5.701095,83.594280,353.637600
318.541,8,0.506410,1.621135,0.416741,0.005805,-0.597878,0.065765,-0.798864,3.977539,73.399030,353.552900
318.654,8,0.447990,1.623992,0.377510,0.006010,-0.511088,0.055814,-0.857694,2.679142,61.443240,354.145800
318.766,8,0.368697,1.631062,0.321072,0.006618,-0.381691,0.035980,-0.923566,0.873380,44.877360,355.898700
318.877,8,0.315283,1.641037,0.275091,0.001889,-0.306290,0.030742,-0.951440,0.873105,35.663010,356.579600
318.987,8,0.264231,1.654487,0.223819,0.020604,-0.247527,0.020857,-0.968438,358.304800,28.717920,357.098500
319.099,8,0.238028,1.659194,0.188439,0.025569,-0.230530,0.022062,-0.972479,357.732800,26.734130,356.862000
319.210,8,0.219133,1.661441,0.155100,0.032665,-0.238569,0.033979,-0.969981,357.297100,27.746020,355.319800
319.321,8,0.209431,1.664180,0.140639,0.039273,-0.251954,0.040839,-0.966079,356.829700,29.391500,354.327100
319.432,8,0.202846,1.668961,0.137156,0.040802,-0.253847,0.043869,-0.965387,356.760600,29.636170,353.939200
319.544,8,0.197199,1.671099,0.139881,0.041030,-0.251575,0.047897,-0.965781,356.838400,29.380700,353.492600
319.654,8,0.191267,1.673385,0.143647,0.043433,-0.247644,0.046003,-0.966783,356.491600,28.929920,353.646100
319.766,8,0.184864,1.675070,0.148767,0.047052,-0.246393,0.046378,-0.966916,356.093100,28.813880,353.503900
319.877,8,0.180793,1.675916,0.152642,0.048964,-0.249233,0.046252,-0.966099,355.896800,29.166240,353.450100
319.988,8,0.176674,1.677335,0.157360,0.049952,-0.246632,0.044545,-0.966795,355.720900,28.860620,353.622300
320.100,8,0.175530,1.677545,0.160607,0.049195,-0.242028,0.045770,-0.967940,355.809100,28.314310,353.527900
320.211,8,0.175362,1.676922,0.163830,0.044350,-0.242071,0.047694,-0.968070,356.400700,28.284360,353.451800
320.322,8,0.177653,1.673767,0.167109,0.027994,-0.253158,0.053031,-0.965565,358.440900,29.474170,353.302500
320.432,8,0.180732,1.661346,0.168959,-0.027240,-0.282014,0.076862,-0.955939,5.476213,32.509590,352.403800
320.543,8,0.183865,1.642796,0.166557,-0.100990,-0.325413,0.104172,-0.934375,14.863840,37.401700,352.333400
320.657,8,0.183357,1.633134,0.162842,-0.131273,-0.349077,0.111583,-0.921120,18.647140,40.375450,353.095000
320.764,8,0.175995,1.629638,0.156456,-0.143783,-0.353819,0.111414,-0.917456,20.039630,41.068650,353.724700
320.875,8,0.166941,1.642355,0.152099,-0.091332,-0.336166,0.091816,-0.932856,13.422540,38.870270,353.512700
320.987,8,0.150895,1.664940,0.145026,0.003658,-0.299185,0.049931,-0.952881,1.312566,34.798420,354.412200
321.101,8,0.140363,1.670436,0.137459,0.024733,-0.291113,0.032500,-0.955817,358.375000,33.940620,355.609200
321.210,8,0.135062,1.669562,0.132258,0.022023,-0.295228,0.028969,-0.954734,358.570400,34.414840,356.081300
321.322,8,0.131435,1.667207,0.128428,0.014254,-0.299672,0.033318,-0.953354,359.586900,34.914360,355.867000
321.433,8,0.127735,1.664163,0.125521,0.002189,-0.302033,0.035288,-0.952642,0.982402,35.148450,356.068400
321.544,8,0.124122,1.662009,0.123429,-0.007881,-0.302842,0.036603,-0.952305,2.130794,35.212980,356.274000
321.655,8,0.121417,1.660395,0.122098,-0.014480,-0.303065,0.038070,-0.952099,2.903192,35.221150,356.342100
321.766,8,0.118237,1.658751,0.120622,-0.019560,-0.302460,0.039497,-0.952143,3.505260,35.134760,356.359300
321.877,9,0.115971,1.657355,0.119204,-0.024693,-0.304160,0.040016,-0.951460,4.090496,35.330270,356.486600
321.988,9,0.113932,1.657053,0.117661,-0.025905,-0.304404,0.039690,-0.951363,4.212369,35.359450,356.565300
322.100,9,0.112424,1.658335,0.116261,-0.017452,-0.305075,0.036553,-0.951466,3.182273,35.461570,356.617600
322.211,9,0.111607,1.661296,0.113264,-0.001966,-0.308149,0.032304,-0.950788,1.355019,35.873980,356.546800
322.323,9,0.111205,1.662481,0.110586,0.004413,-0.314889,0.033905,-0.948513,0.743786,36.705420,356.152400
322.434,9,0.109874,1.662979,0.111151,0.003790,-0.315172,0.033986,-0.948418,0.815533,36.737340,356.166200
322.545,9,0.106451,1.663098,0.115866,-0.000500,-0.301394,0.029166,-0.953054,1.061980,35.068710,356.829900
322.656,9,0.102955,1.661825,0.122574,-0.012753,-0.280008,0.023144,-0.959634,2.145547,32.492980,357.862100
322.767,9,0.091533,1.659032,0.140128,-0.030576,-0.217273,0.005179,-0.975618,3.549561,25.115760,0.182630
322.879,9,0.080546,1.656563,0.159124,-0.047320,-0.171187,-0.000620,-0.984101,5.331824,19.782700,1.002576
322.989,9,0.063394,1.652522,0.187813,-0.073499,-0.117982,-0.009103,-0.990250,8.245613,13.736450,2.048244
323.100,9,0.044369,1.652241,0.217883,-0.090357,-0.063933,-0.014530,-0.993749,10.237350,7.573091,2.354724
323.211,9,0.024404,1.652585,0.247166,-0.090336,0.001480,-0.023224,-0.995640,10.366980,0.072729,2.679054
323.323,9,0.004584,1.643207,0.267648,-0.090169,0.081949,-0.027359,-0.992172,10.568440,350.769800,2.303536
323.435,9,-0.008926,1.641997,0.278174,-0.090578,0.158328,-0.025430,-0.982894,10.725840,341.815100,1.242651
323.545,9,-0.020813,1.644316,0.284352,-0.077225,0.267247,-0.031061,-0.960026,9.490144,328.976800,1.066747
323.656,9,-0.023424,1.642425,0.286674,-0.076237,0.354365,-0.039783,-0.931145,9.797716,318.429400,1.166254
323.767,9,-0.016993,1.636611,0.286234,-0.092792,0.465370,-0.058638,-0.878283,12.566490,304.272600,0.976588
323.878,9,-0.006816,1.629047,0.284437,-0.119920,0.543553,-0.084019,-0.826505,16.832030,293.413400,0.509928
323.989,9,0.009182,1.604526,0.282490,-0.181727,0.608242,-0.140634,-0.759762,26.565270,282.529100,359.527800
324.100,9,0.019879,1.581529,0.280856,-0.227646,0.631478,-0.181706,-0.718607,33.825370,276.832200,358.181900
324.210,9,0.030487,1.554127,0.274036,-0.266642,0.657222,-0.226083,-0.667719,40.787620,269.540100,356.322200
324.321,9,0.035452,1.538974,0.266150,-0.280959,0.681389,-0.255599,-0.625652,44.418160,263.047500,354.935400
324.432,9,0.033587,1.536278,0.262250,-0.279100,0.705916,-0.263800,-0.595143,44.801280,257.594800,353.522600
324.543,9,0.024716,1.543228,0.262343,-0.260855,0.736319,-0.246418,-0.573645,41.464810,252.893800,352.220600
324.654,9,0.010049,1.558758,0.266345,-0.217871,0.777316,-0.199946,-0.555278,33.559330,248.650200,351.952600
324.765,9,-0.005953,1.572866,0.273775,-0.187879,0.804811,-0.165943,-0.538000,27.986480,245.511400,351.937000
324.877,9,-0.027953,1.577060,0.279833,-0.174035,0.815391,-0.162592,-0.527648,26.667370,244.102500,352.785200
324.988,9,-0.069748,1.580490,0.282860,-0.150979,0.828303,-0.148081,-0.518837,23.701940,242.854900,353.953400
325.099,9,-0.106051,1.579282,0.280081,-0.143796,0.837727,-0.147300,-0.505805,23.095220,241.073100,354.265400
325.210,9,-0.161703,1.580053,0.267754,-0.127458,0.849006,-0.146561,-0.491390,21.970290,239.253600,355.523200
325.322,9,-0.223060,1.585557,0.243215,-0.115269,0.860822,-0.157994,-0.469825,22.353600,236.637900,356.901400
325.433,9,-0.286612,1.592332,0.213077,-0.107545,0.873850,-0.173743,-0.441173,23.487060,233.124600,357.834500
325.544,9,-0.339878,1.593384,0.187448,-0.102605,0.884221,-0.187263,-0.415402,24.608040,229.972100,358.369400
325.656,9,-0.379844,1.596984,0.168126,-0.093133,0.890663,-0.201525,-0.396780,25.651010,227.938300,359.620100
325.766,9,-0.424322,1.595584,0.148018,-0.089316,0.896205,-0.217911,-0.375972,27.241760,225.576400,0.242727
325.878,9,-0.454971,1.592968,0.134804,-0.084164,0.906252,-0.227654,-0.346119,28.091700,221.888000,0.327523
325.989,9,-0.489871,1.590434,0.116575,-0.065775,0.937830,-0.219007,-0.261121,26.431880,210.982500,359.424400
326.100,9,-0.520517,1.592349,0.100983,-0.051017,0.969500,-0.190530,-0.145486,22.599120,196.529100,357.300400
326.211,9,-0.555733,1.601168,0.088982,-0.021189,0.988828,-0.146987,0.012878,16.866550,178.101800,357.263400
326.323,9,-0.586546,1.616550,0.089046,-0.007414,0.969422,-0.121835,0.212891,13.477440,154.766500,356.093700
326.433,9,-0.618813,1.631942,0.102872,-0.001104,0.926366,-0.093299,0.364884,9.907211,136.648300,355.917400
326.544,9,-0.652980,1.637965,0.121175,0.008562,0.881038,-0.085325,0.465208,9.109160,124.032300,356.266100
326.655,9,-0.676406,1.635921,0.133449,0.027750,0.848244,-0.098302,0.519663,11.280290,116.695800,356.779600
326.766,9,-0.704516,1.649625,0.145431,0.016587,0.827545,-0.052401,0.558702,6.042309,111.856300,358.207800
326.877,9,-0.732630,1.668685,0.148684,-0.029084,0.837848,0.016789,0.544870,356.570100,113.978700,358.252600
326.989,9,-0.763220,1.677259,0.150315,-0.060020,0.848124,0.057899,0.523194,350.734200,116.854500,357.606100
327.101,9,-0.773728,1.653145,0.139484,-0.026921,0.874428,-0.051342,0.481680,3.661050,122.125900,354.448500
327.211,9,-0.781936,1.614071,0.125666,0.035318,0.894771,-0.197751,0.398788,22.460910,130.789500,354.129700
327.321,9,-0.785090,1.595939,0.113995,0.055604,0.904455,-0.245143,0.344635,28.800980,137.132300,355.524000
327.431,9,-0.783815,1.591673,0.106730,0.059163,0.909416,-0.249382,0.327524,29.494340,139.420400,356.327700
327.542,9,-0.781444,1.589808,0.101670,0.059277,0.912010,-0.249902,0.319801,29.586650,140.452400,356.590600
327.652,9,-0.778201,1.590563,0.098311,0.059876,0.915970,-0.246515,0.310877,29.263660,141.758100,357.136400
327.764,9,-0.770560,1.599700,0.096296,0.052210,0.921773,-0.204044,0.325537,24.214690,140.603900,357.700300
327.875,9,-0.761435,1.620991,0.095709,0.027028,0.931593,-0.111812,0.344821,13.118510,139.195800,358.425900
327.987,9,-0.747982,1.652310,0.098355,-0.018179,0.936328,0.036695,0.348730,355.331200,139.164700,359.514300
328.100,9,-0.732724,1.668097,0.098159,-0.052063,0.933366,0.123904,0.332814,344.576600,140.868600,359.125400
328.213,9,-0.702310,1.672213,0.089523,-0.080011,0.934840,0.195024,0.285722,335.772900,146.524400,357.602400
328.325,9,-0.656421,1.665637,0.073649,-0.089843,0.936239,0.225221,0.254284,332.133500,150.474000,356.518200
328.437,9,-0.602397,1.667601,0.056252,-0.100536,0.933977,0.240724,0.244194,330.081800,151.937800,355.352400
328.548,9,-0.520013,1.686865,0.033866,-0.114437,0.920462,0.276613,0.251275,325.477200,151.013200,355.010500
328.660,9,-0.456042,1.699057,0.017373,-0.111154,0.914981,0.293309,0.253820,323.617700,150.267700,356.117500
328.771,9,-0.392472,1.713165,-0.000062,-0.110401,0.906057,0.316078,0.258778,320.956600,149.074800,357.308500
328.882,9,-0.356046,1.720721,-0.009898,-0.117593,0.899436,0.332713,0.257856,318.764800,149.152200,356.954700
328.993,9,-0.335856,1.723010,-0.015284,-0.126680,0.890570,0.351394,0.259539,316.240100,148.883000,356.568300
329.105,9,-0.326954,1.724733,-0.018518,-0.131130,0.882807,0.363220,0.267449,314.647200,147.560700,356.962500
329.215,9,-0.324343,1.726231,-0.021117,-0.137758,0.881034,0.363803,0.269164,314.340100,147.643300,356.152800
329.327,9,-0.323977,1.727518,-0.022784,-0.138555,0.881983,0.364440,0.264749,314.256300,148.366700,355.773300
329.438,9,-0.327057,1.728077,-0.023323,-0.139420,0.882216,0.365078,0.262631,314.160800,148.732700,355.535000
329.549,9,-0.343768,1.728155,-0.026524,-0.161575,0.889794,0.356000,0.235424,314.796800,154.447700,350.201100
329.660,9,-0.370692,1.726125,-0.035128,-0.198309,0.902640,0.343872,0.166332,316.626100,166.969600,340.418900
329.771,9,-0.402884,1.719856,-0.049408,-0.233845,0.914378,0.315501,0.098435,321.463600,177.621900,332.140500
329.882,9,-0.413559,1.719772,-0.055604,-0.228097,0.918930,0.303205,0.107738,322.670600,175.695200,333.574300
329.993,9,-0.408039,1.723751,-0.050765,-0.212808,0.909495,0.308694,0.179553,320.362200,165.315200,338.978900
330.104,9,-0.397064,1.728503,-0.038819,-0.194299,0.889908,0.322937,0.256949,317.575500,153.286300,345.897600
330.214,9,-0.391750,1.731425,-0.031350,-0.186713,0.878896,0.331360,0.287892,316.372400,148.117700,349.056800
330.325,9,-0.389322,1.733161,-0.027267,-0.186150,0.873010,0.338879,0.297259,315.383400,146.502500,350.004500
330.436,9,-0.388739,1.733494,-0.028029,-0.187395,0.870474,0.339042,0.303659,315.246200,145.562800,350.243700
330.548,9,-0.388268,1.734184,-0.030694,-0.194623,0.869387,0.335637,0.306002,315.355500,145.652700,349.226600
330.659,9,-0.385843,1.734322,-0.031511,-0.196880,0.866873,0.335261,0.312042,315.241000,144.831600,349.277700
330.769,9,-0.381729,1.735230,-0.029320,-0.196129,0.862231,0.337323,0.322963,314.896300,143.016000,350.184100
330.881,9,-0.376672,1.735873,-0.025650,-0.193096,0.858190,0.340798,0.331784,314.514600,141.352200,351.363300
330.992,9,-0.372074,1.736583,-0.022667,-0.190492,0.855515,0.342346,0.338535,314.378100,140.079500,352.263800
331.103,9,-0.367202,1.736504,-0.020141,-0.188694,0.854298,0.340307,0.344618,314.642800,139.066700,352.818100
331.215,9,-0.364530,1.736126,-0.017943,-0.186797,0.853718,0.338447,0.348893,314.909700,138.340800,353.266400
331.325,9,-0.364448,1.735830,-0.015772,-0.187545,0.852841,0.339789,0.349333,314.716000,138.262200,353.266800
331.436,9,-0.364699,1.736171,-0.014530,-0.190267,0.851461,0.343496,0.347596,314.174600,138.558000,352.976000
331.550,9,-0.364203,1.736107,-0.013501,-0.192321,0.851323,0.343611,0.346689,314.077500,138.809100,352.632600
331.658,9,-0.362476,1.735496,-0.011963,-0.191589,0.851607,0.341947,0.348041,314.293700,138.606200,352.736400
331.769,9,-0.359867,1.735290,-0.010766,-0.192149,0.852186,0.338979,0.349215,314.606300,138.542500,352.575600
331.881,9,-0.357806,1.734679,-0.011980,-0.190016,0.854876,0.335268,0.347385,315.150800,138.849300,352.548200
331.992,9,-0.356739,1.734499,-0.014573,-0.190528,0.856629,0.330012,0.347820,315.738500,138.967400,352.227500
332.103,9,-0.356409,1.734189,-0.016477,-0.190103,0.858065,0.326922,0.347429,316.121200,139.100600,352.099600
332.214,9,-0.357047,1.734130,-0.017040,-0.191567,0.858521,0.326733,0.345672,316.095900,139.455800,351.777600
332.325,9,-0.357117,1.733854,-0.016287,-0.191812,0.859197,0.327128,0.343476,316.060300,139.804400,351.624400
332.436,9,-0.356909,1.734060,-0.014214,-0.193186,0.856222,0.330283,0.347097,315.597100,139.205900,351.829200
332.548,9,-0.358689,1.734116,-0.012820,-0.196228,0.854210,0.333590,0.347186,315.076100,139.246100,351.586000
332.658,9,-0.360688,1.734228,-0.013195,-0.200405,0.853515,0.334002,0.346112,314.856500,139.620100,350.954300
332.769,9,-0.362599,1.734024,-0.014430,-0.206535,0.853144,0.332246,0.345111,314.808800,140.146600,349.941600
332.880,9,-0.362540,1.733911,-0.014880,-0.207643,0.851569,0.331000,0.349504,314.855900,139.529700,350.016900
332.992,9,-0.361731,1.734324,-0.015540,-0.212034,0.850422,0.330527,0.350110,314.712600,139.671500,349.418600
333.103,9,-0.358885,1.734241,-0.015174,-0.210663,0.850107,0.329476,0.352682,314.864700,139.213700,349.729900
333.214,9,-0.356666,1.734595,-0.013702,-0.209457,0.846875,0.331968,0.358787,314.555500,138.091500,350.437100
333.325,9,-0.355393,1.734982,-0.012853,-0.209097,0.845041,0.334536,0.360930,314.247600,137.644500,350.771400
333.436,9,-0.355052,1.734894,-0.013047,-0.209113,0.844390,0.336281,0.360823,314.043700,137.607900,350.856800
333.548,9,-0.355840,1.734847,-0.014392,-0.210534,0.844521,0.336097,0.359859,314.011000,137.845800,350.581000
333.658,9,-0.356149,1.734760,-0.015369,-0.211638,0.844759,0.335788,0.358939,314.007400,138.063800,350.345700
333.769,9,-0.356341,1.734776,-0.016985,-0.211875,0.844820,0.336498,0.357991,313.924100,138.210300,350.284500
333.881,9,-0.357422,1.734945,-0.018508,-0.213034,0.844250,0.337705,0.357511,313.735500,138.313700,350.151900
333.992,9,-0.358809,1.734941,-0.019798,-0.214875,0.843971,0.339735,0.355135,313.441800,138.742400,349.831600
334.103,9,-0.360352,1.735043,-0.020763,-0.216044,0.842844,0.342663,0.354289,313.054300,138.858000,349.758700
334.214,9,-0.361772,1.735263,-0.021838,-0.217443,0.841777,0.345523,0.353190,312.667100,139.031800,349.629100
334.325,9,-0.362936,1.735616,-0.023296,-0.220317,0.839883,0.350852,0.350656,311.938700,139.457800,349.305500
334.436,9,-0.362501,1.735648,-0.024334,-0.220477,0.839979,0.350338,0.350841,311.990400,139.451500,349.269200
334.547,9,-0.362699,1.736663,-0.024962,-0.222940,0.840186,0.349353,0.349768,312.012600,139.803400,348.779300
334.658,9,-0.362881,1.737216,-0.024005,-0.222899,0.839895,0.352399,0.347429,311.682600,140.106400,348.765700
334.769,9,-0.362785,1.737466,-0.022818,-0.224150,0.840063,0.350981,0.347654,311.794000,140.182900,348.527100
334.881,9,-0.361055,1.738841,-0.020291,-0.221327,0.840062,0.352553,0.347874,311.727400,139.934500,349.037900
334.992,9,-0.357145,1.739143,-0.017186,-0.217858,0.837282,0.356499,0.352711,311.352200,138.786400,350.122500
335.103,9,-0.352652,1.738606,-0.015089,-0.210619,0.835920,0.357055,0.359707,311.542800,137.155600,351.742200
335.214,9,-0.350268,1.738436,-0.014790,-0.207999,0.835653,0.356155,0.362731,311.742900,136.526600,352.296000
335.325,9,-0.347991,1.738436,-0.016335,-0.205931,0.835467,0.355205,0.365263,311.930000,136.018100,352.725600
335.436,9,-0.346866,1.738594,-0.019873,-0.203951,0.836914,0.354551,0.363694,312.114300,136.202500,352.848800
335.547,9,-0.345432,1.738251,-0.024106,-0.203737,0.839874,0.348494,0.362843,312.842000,136.567900,352.451200
335.658,9,-0.344716,1.737185,-0.025488,-0.202275,0.841361,0.341266,0.367061,313.718000,136.055600,352.530600
335.769,9,-0.348170,1.736866,-0.026041,-0.204559,0.841342,0.340643,0.366418,313.688800,136.302200,352.130700
335.881,9,-0.350838,1.736681,-0.027327,-0.206030,0.842459,0.340467,0.363176,313.671600,136.921500,351.686300
335.991,9,-0.353773,1.736501,-0.029477,-0.210986,0.841616,0.339178,0.363491,313.589500,137.171700,350.940800
336.103,9,-0.355375,1.736279,-0.032071,-0.211603,0.842440,0.337202,0.363063,313.797200,137.339100,350.714500
336.214,9,-0.355695,1.736043,-0.034113,-0.211006,0.842273,0.334960,0.365862,314.056600,136.919600,350.868800
336.325,9,-0.353343,1.735571,-0.035148,-0.208022,0.841254,0.329358,0.374890,314.755500,135.473800,351.583700
336.436,9,-0.350820,1.734905,-0.035155,-0.202368,0.838987,0.325497,0.386264,315.371300,133.480000,352.887900
336.547,9,-0.347543,1.734215,-0.035323,-0.192877,0.838659,0.320633,0.395784,316.332100,131.689800,354.469500
336.659,9,-0.344402,1.733973,-0.034042,-0.179130,0.838954,0.316757,0.404641,317.432700,129.843700,356.557900
336.769,9,-0.342461,1.732604,-0.031476,-0.165682,0.839894,0.306998,0.415789,319.196300,127.972800,358.257400
336.881,9,-0.343216,1.730879,-0.029384,-0.153696,0.842077,0.301100,0.420265,320.484600,127.107900,359.571900
336.992,9,-0.345894,1.729511,-0.028906,-0.145607,0.842627,0.297039,0.424908,321.367400,126.298400,0.516659
337.103,9,-0.348104,1.730006,-0.029661,-0.138031,0.843171,0.295207,0.427624,321.984700,125.721400,1.433477
337.214,9,-0.349051,1.729877,-0.029085,-0.129958,0.841212,0.294413,0.434504,322.536000,124.454200,2.686494
337.326,9,-0.343592,1.726525,-0.024740,-0.130324,0.842627,0.293094,0.432540,322.650200,124.828300,2.445595
337.436,9,-0.328669,1.725068,-0.015979,-0.126534,0.855705,0.299294,0.402718,322.111300,128.983200,1.779790
337.547,9,-0.293990,1.720883,-0.000248,-0.112865,0.871492,0.319561,0.354464,320.431400,134.936000,2.217245
337.659,9,-0.258366,1.719820,0.012859,-0.111667,0.878638,0.329875,0.326663,319.259300,138.669800,1.458564
337.769,9,-0.209051,1.723738,0.028791,-0.111502,0.889511,0.342710,0.280869,317.753300,145.127300,359.547100
337.881,9,-0.167440,1.721720,0.038524,-0.106325,0.901252,0.345127,0.239433,317.700400,151.034900,357.956000
337.992,9,-0.132161,1.720913,0.044570,-0.106476,0.910837,0.343573,0.202476,318.010400,156.558500,355.769200
338.103,9,-0.101480,1.719632,0.049847,-0.096819,0.920234,0.341020,0.165835,318.719300,161.441300,355.031400
338.214,9,-0.078104,1.720748,0.055068,-0.091273,0.924005,0.342852,0.142610,318.728600,164.491800,354.588300
338.326,9,-0.053873,1.722195,0.059616,-0.077152,0.929156,0.346685,0.102595,318.694100,169.479500,354.481800
338.436,9,-0.037880,1.722760,0.063273,-0.060791,0.934137,0.348487,0.047441,318.941000,176.482500,353.870800
338.548,9,-0.016094,1.723444,0.069406,-0.037261,0.934861,0.352953,-0.008475,318.754200,183.213500,354.225500
338.658,9,-0.002295,1.722635,0.072669,-0.022114,0.933482,0.355940,-0.037802,318.481900,186.619900,354.774200
338.769,9,0.014236,1.721497,0.075220,-0.005007,0.931477,0.358901,-0.059300,318.085400,188.817500,356.001100
338.881,9,0.027138,1.720038,0.075304,0.008667,0.931870,0.355863,-0.070035,318.359900,189.578800,357.416000
338.991,9,0.038149,1.718580,0.074541,0.021127,0.931362,0.353265,-0.085572,318.574100,191.108900,358.387100
339.103,9,0.049020,1.717258,0.072922,0.034841,0.929903,0.353547,-0.095242,318.381700,191.770100,359.804700
339.214,9,0.057931,1.716240,0.071516,0.044821,0.928635,0.353498,-0.103284,318.256300,192.393500,0.785064
339.325,9,0.067897,1.715019,0.069009,0.055248,0.927924,0.351781,-0.110246,318.315000,192.821500,1.915790
339.437,9,0.074187,1.713715,0.066762,0.063745,0.927740,0.349608,-0.114061,318.453100,192.898600,2.950593
339.548,9,0.080600,1.711956,0.064203,0.071169,0.927446,0.347164,-0.119403,318.627900,193.255200,3.751890
339.659,9,0.083927,1.711139,0.062424,0.075401,0.926267,0.347352,-0.125262,318.519100,193.876200,4.030947
339.769,9,0.085208,1.711678,0.061148,0.080484,0.924607,0.347008,-0.134940,318.439200,195.001000,4.229333
339.881,9,0.084177,1.712242,0.061593,0.082799,0.923179,0.345122,-0.147565,318.573800,196.687400,3.901671
339.992,9,0.084188,1.712239,0.063912,0.082581,0.921691,0.346639,-0.153324,318.370500,197.549700,3.523075
340.103,9,0.085507,1.712442,0.066300,0.085349,0.919521,0.351174,-0.154511,317.763100,197.627700,3.751300
340.214,9,0.085647,1.712633,0.067636,0.085419,0.918341,0.353698,-0.155729,317.449900,197.832500,3.636482
340.325,9,0.087468,1.712998,0.067545,0.090727,0.916933,0.354645,-0.158836,317.219400,198.010400,4.197424
340.436,9,0.087360,1.715160,0.065577,0.091838,0.917459,0.354306,-0.155890,317.253500,197.511400,4.533877
340.547,9,0.082022,1.720434,0.059680,0.091840,0.916976,0.353212,-0.161128,317.361500,198.270300,4.256835
340.659,9,0.075499,1.722458,0.052736,0.090424,0.917325,0.350565,-0.165658,317.691400,198.980100,3.857223
340.769,9,0.063184,1.722507,0.040199,0.085191,0.919728,0.346338,-0.163993,318.316600,198.959700,3.309258
340.881,9,0.050196,1.724151,0.026435,0.079751,0.918099,0.353519,-0.160495,317.566800,198.837800,2.559725
340.992,9,0.034375,1.728999,0.008683,0.075786,0.915012,0.363468,-0.157803,316.443200,198.812300,1.896086
341.103,9,0.014831,1.747910,-0.009227,0.073529,0.910258,0.378074,-0.151935,314.713600,198.307400,1.545497
341.214,9,-0.004431,1.782499,-0.023813,0.063533,0.907456,0.389952,-0.142914,313.457300,197.762000,0.320566
341.325,9,-0.026326,1.818268,-0.043409,0.054881,0.906730,0.395666,-0.135196,312.915100,197.234500,359.372300
341.436,9,-0.037168,1.824507,-0.054025,0.050488,0.908213,0.393916,-0.132027,313.209900,196.987900,358.970000
341.547,9,-0.042535,1.829125,-0.060376,0.050401,0.905690,0.400777,-0.128702,312.359500,196.621100,358.990900
341.659,9,-0.043972,1.833465,-0.062067,0.053423,0.906706,0.400333,-0.121509,312.357800,195.281000,359.965100
341.769,9,-0.046921,1.833258,-0.060019,0.051172,0.908989,0.395546,-0.121098,312.988700,195.278000,359.767200
341.881,9,-0.048375,1.831964,-0.053697,0.053835,0.910097,0.392743,-0.120740,313.292000,195.000600,0.263198
341.992,9,-0.050276,1.821156,-0.043720,0.055354,0.915767,0.381358,-0.113459,314.681200,193.620300,1.209799
342.103,9,-0.055102,1.782573,-0.026699,0.049333,0.926041,0.358245,-0.108052,317.611000,192.890800,1.082313
342.214,9,-0.055557,1.748080,-0.007123,0.054486,0.934070,0.340672,-0.092128,319.724600,190.190800,2.931279
342.325,9,-0.061792,1.739031,0.025380,0.037043,0.938942,0.329773,-0.090916,321.243600,190.813200,0.705251
342.436,9,-0.062292,1.739698,0.051570,0.041042,0.942938,0.319536,-0.084145,322.445800,189.618100,1.707722
342.547,9,-0.054864,1.739783,0.081349,0.035225,0.940866,0.328516,-0.074882,321.431200,188.662900,1.251986
342.659,9,-0.039987,1.736977,0.100635,0.035044,0.941295,0.327094,-0.075802,321.603800,188.791000,1.197946
342.769,9,-0.011701,1.732884,0.121609,0.038175,0.940219,0.326041,-0.090706,321.682000,190.700300,0.922979
342.881,9,0.019443,1.733184,0.138066,0.039397,0.940119,0.321757,-0.105339,322.173000,192.630200,0.456215
342.992,9,0.052192,1.732764,0.153060,0.039465,0.938514,0.321748,-0.118792,322.171000,194.486500,359.828400
343.103,9,0.081897,1.730440,0.165379,0.039929,0.937087,0.321135,-0.130941,322.242600,196.138700,359.328600
343.214,9,0.102472,1.728438,0.174182,0.042793,0.937566,0.316463,-0.137804,322.756500,196.892200,359.497800
343.325,9,0.120868,1.727083,0.184399,0.043032,0.937185,0.314766,-0.144068,322.958900,197.720100,359.279500
343.436,9,0.129968,1.726400,0.190879,0.043959,0.935922,0.316415,-0.148318,322.748100,198.290700,359.166700
343.548,9,0.136691,1.725264,0.197157,0.043429,0.934964,0.315269,-0.156719,322.904600,199.455400,358.735100
343.659,9,0.140087,1.724144,0.200882,0.041373,0.934112,0.316399,-0.160050,322.818200,200.025500,358.274900
343.769,9,0.141580,1.723761,0.202396,0.041620,0.931295,0.323253,-0.162682,322.002300,200.509800,357.988900
343.881,9,0.140408,1.724322,0.200641,0.042639,0.930516,0.324897,-0.163596,321.786400,200.623700,358.034300
343.992,9,0.138148,1.725153,0.196646,0.042078,0.930945,0.321686,-0.167599,322.189800,201.143900,357.861300
344.103,9,0.138359,1.725739,0.192642,0.041105,0.931567,0.320378,-0.166887,322.365100,201.061700,357.803600
344.214,9,0.140409,1.725936,0.189234,0.041010,0.930570,0.324491,-0.164509,321.872300,200.817100,357.782500
344.326,9,0.142282,1.726435,0.183931,0.044436,0.930285,0.326129,-0.161976,321.597700,200.339100,358.320100
344.436,9,0.142460,1.726558,0.180433,0.045556,0.929507,0.325388,-0.167523,321.671800,201.050900,358.222700
344.547,9,0.143669,1.726478,0.177833,0.048576,0.928827,0.326102,-0.169050,321.522500,201.141600,358.534700
344.658,9,0.143380,1.726089,0.176460,0.047958,0.929885,0.323267,-0.168858,321.873600,201.087400,358.544500
344.769,9,0.142101,1.725522,0.175835,0.047362,0.930585,0.319534,-0.172241,322.336500,201.513600,358.412900
344.881,9,0.140886,1.724969,0.176612,0.046560,0.930594,0.317500,-0.176129,322.603400,202.049500,358.183400
344.991,9,0.141592,1.724807,0.177120,0.047065,0.930043,0.319434,-0.175405,322.360900,201.965500,358.225900
345.103,9,0.141734,1.724186,0.177412,0.045673,0.930755,0.317516,-0.175479,322.620700,201.998100,358.095200
345.214,9,0.142664,1.723424,0.176947,0.045419,0.932489,0.312043,-0.176154,323.276500,201.993700,358.196300
345.325,9,0.143440,1.722492,0.176411,0.046107,0.934571,0.307444,-0.173004,323.799700,201.444100,358.565700
345.436,9,0.142278,1.721915,0.176491,0.045088,0.934887,0.305444,-0.175094,324.062700,201.736000,358.396300
345.547,9,0.138565,1.721667,0.177428,0.041776,0.935093,0.303012,-0.178998,324.433700,202.359100,357.861900
345.659,9,0.136404,1.721105,0.178794,0.038347,0.934930,0.301278,-0.183485,324.730700,203.074300,357.272100
345.769,9,0.136058,1.720424,0.181080,0.035816,0.935864,0.299847,-0.181570,324.953700,202.884800,357.070000
345.881,9,0.136890,1.720366,0.182252,0.035786,0.936835,0.299244,-0.177519,325.013000,202.323600,357.258100
345.992,9,0.138193,1.719627,0.181174,0.037106,0.939040,0.294584,-0.173343,325.520200,201.617600,357.744600
346.103,9,0.138897,1.718113,0.178053,0.036743,0.942396,0.286479,-0.168730,326.471400,200.869700,358.114900
346.214,9,0.138673,1.716793,0.174726,0.034562,0.945736,0.276054,-0.167880,327.740700,200.667000,358.149000
346.325,9,0.138172,1.715035,0.170760,0.033690,0.949701,0.263869,-0.165246,329.181000,200.168100,358.450900
346.436,10,0.137344,1.713798,0.168661,0.032049,0.951971,0.255645,-0.165439,330.175900,200.132000,358.443300
346.548,10,0.137253,1.712651,0.166918,0.031046,0.953142,0.249176,-0.168723,330.956300,200.499600,358.367800
346.659,10,0.137085,1.712685,0.167077,0.031382,0.952411,0.250405,-0.170958,330.810100,200.794100,358.303900
346.770,10,0.136922,1.712784,0.167153,0.031088,0.952028,0.250680,-0.172729,330.787600,201.035800,358.200700
346.882,10,0.138452,1.712320,0.165649,0.031936,0.953370,0.247280,-0.170055,331.160400,200.617600,358.481800
346.992,10,0.141373,1.709438,0.160906,0.033079,0.961163,0.225490,-0.155647,333.655800,198.495600,359.577700
347.103,10,0.143991,1.701223,0.150665,0.026011,0.977140,0.168254,-0.127321,340.400800,194.763700,0.485825
347.214,10,0.145975,1.690951,0.139100,0.020463,0.989460,0.103295,-0.099403,347.966700,191.350300,1.169400
347.323,10,0.148020,1.674301,0.122161,0.016803,0.998401,0.014856,-0.051889,358.200200,185.921400,1.835288
347.433,10,0.148386,1.654664,0.105883,0.019497,0.997331,-0.070345,-0.001355,8.063013,180.315100,2.262144
347.543,10,0.145344,1.635055,0.091558,0.026600,0.988054,-0.142909,0.051184,16.566370,174.399400,2.268226
347.655,10,0.138213,1.620607,0.080901,0.030629,0.976166,-0.190031,0.100247,22.156980,168.536000,1.342446
347.766,10,0.123071,1.609294,0.068043,0.041292,0.960814,-0.217636,0.166633,25.593110,160.420600,0.433110
347.877,10,0.107075,1.609998,0.059195,0.047285,0.947936,-0.211611,0.233242,25.039670,152.226300,359.426600
347.988,10,0.083881,1.624708,0.052347,0.045068,0.922412,-0.163394,0.347028,19.433490,138.450700,358.161100
348.100,10,0.066573,1.642563,0.058074,0.027758,0.876512,-0.086124,0.472798,10.208220,123.143900,358.091400
348.212,10,0.039087,1.660064,0.076826,-0.004750,0.781756,-0.015224,0.623380,1.024488,102.848100,358.486500
348.325,10,0.015404,1.660392,0.096989,0.002194,0.692302,-0.008451,0.721555,0.851886,87.625460,359.475300
348.435,10,0.001669,1.649800,0.115209,0.046570,0.627254,-0.036999,0.776540,6.819545,77.862700,0.055354
348.546,10,-0.012728,1.627977,0.140041,0.111815,0.549914,-0.096747,0.822030,16.872000,67.242230,357.839200
348.657,10,-0.020468,1.615688,0.152888,0.147277,0.512974,-0.123659,0.836586,21.918440,62.363180,356.551400
348.767,10,-0.026484,1.612317,0.158671,0.152773,0.498927,-0.122981,0.844161,22.373750,60.492120,356.578600
348.878,10,-0.026147,1.617498,0.151701,0.131210,0.528863,-0.117524,0.830226,20.009570,64.388370,356.561300
348.989,10,-0.019868,1.629471,0.123435,0.100001,0.644776,-0.097206,0.751542,16.001460,81.111350,358.977600
349.101,10,-0.015141,1.636907,0.083204,0.082817,0.792226,-0.086581,0.598351,13.667710,106.069200,1.628096
349.212,10,-0.017202,1.640983,0.045801,0.061942,0.910506,-0.088594,0.399116,12.167820,132.923000,2.467130
349.323,10,-0.017200,1.642185,0.024162,0.034757,0.971666,-0.098190,0.212168,11.862590,155.522400,1.515244
349.434,10,-0.013609,1.645027,0.015207,-0.003504,0.992882,-0.103721,0.058447,11.862000,173.146200,358.882800
349.545,10,-0.014373,1.642445,0.015739,-0.039518,0.982184,-0.104662,-0.150995,12.563930,197.182200,357.297500
349.657,10,-0.016305,1.637123,0.025791,-0.061848,0.950617,-0.110761,-0.283255,14.218450,212.780300,356.756800
349.768,10,-0.021193,1.632133,0.048001,-0.076195,0.897455,-0.116077,-0.418682,15.792260,229.693200,357.643600
349.879,10,-0.023426,1.631433,0.066691,-0.079533,0.859660,-0.107460,-0.493063,15.259340,239.428400,358.172100
349.990,10,-0.025740,1.631009,0.087732,-0.081771,0.821363,-0.093649,-0.556693,14.174850,248.035400,358.223300
350.101,10,-0.026104,1.630585,0.101265,-0.086980,0.799345,-0.087361,-0.588091,14.002640,252.421700,357.855900
350.212,10,-0.026328,1.630956,0.108501,-0.089045,0.790610,-0.083602,-0.600014,13.830500,254.101800,357.611000
350.324,10,-0.025818,1.631939,0.111854,-0.087661,0.792683,-0.079559,-0.598030,13.354640,253.762400,357.418900
350.435,10,-0.025698,1.639373,0.113862,-0.072607,0.794645,-0.054470,-0.600250,10.004990,253.877700,357.089600
350.546,10,-0.020880,1.662905,0.112253,-0.018480,0.805917,0.033761,-0.590776,358.132900,252.551600,356.002500
350.658,10,-0.008038,1.691003,0.116481,0.056889,0.797429,0.135241,-0.585304,343.603400,253.138800,355.960100
350.771,10,0.022574,1.715016,0.126671,0.144557,0.768124,0.245986,-0.573219,327.069500,254.675600,355.905300
350.883,10,0.041264,1.720319,0.131797,0.167834,0.754245,0.292462,-0.563393,320.928500,255.521100,354.355000
350.995,10,0.048027,1.718847,0.132748,0.167630,0.746592,0.287153,-0.576233,321.540600,257.386500,354.089600
351.106,10,0.031900,1.700161,0.129688,0.092738,0.751609,0.187075,-0.625689,336.592700,260.780500,354.077100
351.216,10,0.008427,1.666583,0.127227,-0.000143,0.742407,0.052322,-0.667903,355.555300,264.108500,355.967900
351.323,10,-0.011172,1.613823,0.129315,-0.120574,0.708939,-0.105791,-0.686786,18.398010,267.930500,358.451100
351.433,10,-0.023332,1.583852,0.132030,-0.175234,0.681094,-0.180861,-0.687527,29.164740,270.709200,0.655636
351.544,10,-0.035235,1.563567,0.135482,-0.211034,0.660666,-0.226396,-0.683908,36.000950,272.690100,2.183410
351.654,10,-0.044959,1.549196,0.137734,-0.229452,0.647215,-0.251946,-0.681900,39.721300,274.244500,3.472965
351.765,10,-0.052951,1.538402,0.139146,-0.243808,0.638125,-0.268044,-0.679343,42.326140,275.176800,4.113081
351.876,10,-0.055950,1.536177,0.136891,-0.244060,0.643002,-0.269753,-0.673956,42.522060,274.199100,3.869799
351.987,10,-0.057471,1.543904,0.125841,-0.224881,0.671899,-0.259118,-0.656383,40.047160,269.697700,2.842819
352.098,10,-0.056065,1.558587,0.108629,-0.196658,0.725498,-0.229724,-0.618227,35.203900,260.842300,359.908400
352.209,10,-0.052632,1.578293,0.079647,-0.156749,0.798516,-0.194071,-0.547849,28.795610,248.273900,357.535000
352.321,10,-0.049620,1.594367,0.048273,-0.117659,0.870211,-0.162708,-0.449906,22.895490,233.942800,356.367200
352.433,10,-0.045514,1.605271,0.014349,-0.086445,0.936451,-0.139518,-0.310036,18.355130,215.900400,355.444000
352.544,10,-0.049305,1.610583,-0.013806,-0.060073,0.974645,-0.136138,-0.167107,16.585720,198.833200,355.715500
352.655,10,-0.061696,1.616629,-0.034126,-0.031219,0.990258,-0.127671,-0.045995,14.816600,184.932500,357.030300
352.767,10,-0.086136,1.622487,-0.058084,-0.002572,0.988459,-0.117416,0.095690,13.392970,168.750600,358.376800
352.879,10,-0.103941,1.626041,-0.071765,0.017551,0.976128,-0.107598,0.187856,12.512520,158.173600,359.638300
352.989,10,-0.118095,1.634893,-0.075243,0.031623,0.953468,-0.093578,0.284853,11.330240,146.773000,0.408481
353.101,10,-0.125605,1.634693,-0.057807,0.039307,0.920781,-0.091577,0.377135,11.437130,135.473200,0.193592
353.212,10,-0.130178,1.635357,-0.023162,0.045825,0.877891,-0.079240,0.470031,10.498340,123.702000,0.347800
353.323,10,-0.133542,1.638535,0.023501,0.045318,0.827828,-0.063525,0.555528,8.947266,112.291700,0.258172
353.434,10,-0.139175,1.642004,0.067516,0.043568,0.786740,-0.049919,0.613718,7.586547,104.114000,0.420794
353.545,10,-0.157791,1.651128,0.118157,0.024191,0.749291,-0.014917,0.661631,3.116430,97.136120,0.947632
353.656,10,-0.181113,1.663922,0.142250,-0.012724,0.751503,0.031330,0.658862,356.338800,97.475590,1.272388
353.768,10,-0.212416,1.683037,0.154522,-0.060060,0.781078,0.077976,0.616628,348.703800,103.407300,0.136784
353.880,10,-0.226790,1.680749,0.162805,-0.052848,0.797764,0.068162,0.596770,350.105800,106.418000,359.827500
353.991,10,-0.227974,1.674283,0.189081,-0.023990,0.720298,0.048888,0.691524,354.053000,92.236120,1.904475
354.102,10,-0.230683,1.663009,0.217852,0.015716,0.585465,0.020474,0.810287,0.085730,71.701530,2.956741
354.213,10,-0.234416,1.647868,0.236649,0.071112,0.442488,-0.006136,0.893929,7.618002,52.870260,3.005115
354.324,10,-0.237551,1.632901,0.239272,0.121109,0.315417,-0.023304,0.940905,14.040320,37.301910,1.922500
354.435,10,-0.235849,1.620341,0.229515,0.156475,0.231542,-0.025981,0.959807,18.204130,27.343830,1.362545
354.545,10,-0.236204,1.597931,0.206542,0.215207,0.125946,-0.026838,0.968041,25.050670,14.857170,0.142158
354.656,10,-0.241564,1.570479,0.183567,0.289134,0.056232,-0.039227,0.954830,33.818220,5.851483,357.075100
354.767,10,-0.251477,1.545005,0.151791,0.338058,-0.004551,-0.040348,0.940249,39.445980,357.340000,354.131900
354.877,10,-0.260165,1.530854,0.129931,0.359312,-0.032102,-0.032183,0.932110,41.895200,353.600200,353.592900
354.988,10,-0.273123,1.504987,0.108741,0.421696,-0.052022,-0.017141,0.905081,49.601510,350.351300,353.363300
355.099,10,-0.282546,1.491145,0.099856,0.454006,-0.062141,-0.006501,0.888805,53.729960,348.655900,353.401400
355.209,10,-0.291367,1.496894,0.095990,0.438683,-0.078617,0.000102,0.895196,51.760620,346.863900,353.618700
355.320,10,-0.296444,1.519258,0.097905,0.354337,-0.096065,-0.013005,0.930079,41.042990,345.572900,352.973000
355.431,10,-0.298093,1.572251,0.094820,0.168417,-0.109997,-0.033707,0.978979,18.804380,346.142500,353.750500
355.544,10,-0.297318,1.604475,0.080612,0.076161,-0.110625,-0.030036,0.990484,8.292556,346.933400,355.574800
355.656,10,-0.299502,1.613382,0.077151,0.053196,-0.105854,-0.026094,0.992615,5.743896,347.643400,356.366000
355.768,10,-0.307557,1.614903,0.091109,0.051186,-0.092569,-0.022355,0.994139,5.602867,349.208500,356.894100
355.879,10,-0.319180,1.618991,0.115099,0.034211,-0.072068,-0.021724,0.996576,3.730141,351.637400,357.229700
355.990,10,-0.344323,1.630242,0.157937,0.005674,-0.029981,-0.020054,0.999333,0.580858,356.551500,357.683300
356.102,10,-0.375691,1.641481,0.204020,-0.004651,0.007121,-0.021033,0.999743,359.484300,0.827052,357.585800
356.213,10,-0.406103,1.641199,0.254390,0.022557,0.054254,-0.035454,0.997643,2.800304,6.129747,356.079300
356.324,10,-0.425542,1.626183,0.304170,0.101473,0.128374,-0.058934,0.984759,12.414630,14.278840,354.711400
356.435,10,-0.435883,1.612490,0.339221,0.169420,0.182208,-0.072805,0.965814,20.719100,20.482450,355.161500
356.545,10,-0.435284,1.606547,0.380431,0.198931,0.234187,-0.099705,0.946384,25.038580,26.452410,353.946600
356.655,10,-0.423167,1.604579,0.408497,0.199233,0.269766,-0.103490,0.936388,25.401280,30.905870,354.516500
356.766,10,-0.390878,1.605489,0.435816,0.176054,0.319270,-0.096925,0.926109,22.828870,37.199230,355.824500
356.878,10,-0.359342,1.609823,0.447192,0.160604,0.370033,-0.092964,0.910296,21.173580,43.664100,356.902200
356.989,10,-0.321532,1.616964,0.453620,0.135679,0.446557,-0.093169,0.879487,18.775790,53.410630,357.414800
357.100,10,-0.297794,1.626642,0.453084,0.105409,0.518496,-0.081063,0.844677,15.196750,62.867520,358.359000
357.211,10,-0.276226,1.637909,0.454401,0.068556,0.599896,-0.065677,0.794425,10.819990,73.993150,358.710800
357.323,10,-0.261634,1.637696,0.463988,0.056538,0.658230,-0.067369,0.747662,9.975751,82.586850,358.469300
357.434,10,-0.252549,1.638195,0.474448,0.039220,0.742598,-0.061945,0.665712,8.292025,96.148140,358.597200
357.544,10,-0.254367,1.640023,0.490958,0.018160,0.830853,-0.050362,0.553911,5.958314,112.542200,358.524100
357.655,10,-0.268418,1.640600,0.514008,0.002714,0.903607,-0.047787,0.425681,5.087250,129.459100,357.941400
357.766,10,-0.296875,1.646560,0.558250,-0.005423,0.967676,-0.055046,0.246058,5.961737,151.353900,357.834400
357.877,10,-0.315642,1.648450,0.596399,-0.009791,0.986341,-0.050906,0.156350,5.587139,161.886400,357.971200
357.988,10,-0.335741,1.635447,0.638934,-0.001372,0.988299,-0.112942,0.102506,12.882890,167.985300,358.479600
358.100,10,-0.345715,1.622851,0.668295,0.002661,0.983876,-0.144880,0.104836,16.597480,167.616400,358.496700
358.202,10,-0.351655,1.617695,0.681624,0.005972,0.979222,-0.167944,0.113504,19.284870,166.503800,358.395500
358.308,10,-0.355454,1.615435,0.689768,0.012161,0.975732,-0.176698,0.128756,20.362020,164.726600,358.669400
358.416,10,-0.355622,1.614317,0.690370,0.012177,0.973278,-0.182533,0.138796,21.019830,163.460700,358.344500
358.528,10,-0.352079,1.612855,0.685076,0.013623,0.969958,-0.185212,0.157142,21.319990,161.227100,358.045000
358.652,10,-0.348269,1.608980,0.667409,0.017141,0.966786,-0.190454,0.169585,21.966800,159.724500,358.056400
358.756,10,-0.344963,1.606875,0.637107,0.018929,0.965204,-0.188625,0.180124,21.773730,158.485600,358.061700
358.867,10,-0.342441,1.602625,0.589515,0.018212,0.961570,-0.189109,0.198218,21.771300,156.230300,357.534800
358.975,10,-0.342753,1.598414,0.534772,0.022897,0.956935,-0.197628,0.211410,22.824910,154.585300,357.528900
359.089,10,-0.344154,1.600465,0.466334,0.027716,0.953295,-0.192239,0.231313,22.293020,152.281500,357.764500
359.208,10,-0.346787,1.601987,0.405755,0.037303,0.942774,-0.200706,0.263634,23.460070,148.293700,357.782800
359.309,10,-0.347628,1.603981,0.362371,0.044711,0.933887,-0.209437,0.286342,24.631850,145.406100,357.703100
359.414,10,-0.347057,1.603020,0.327125,0.053872,0.925496,-0.214775,0.307289,25.509160,142.800900,357.950300
359.514,10,-0.347867,1.602656,0.307937,0.059765,0.918543,-0.223128,0.320813,26.631560,140.988800,357.860600
359.627,10,-0.346521,1.602096,0.293369,0.062219,0.913408,-0.231634,0.328879,27.650510,139.780200,357.496200
359.739,10,-0.340360,1.599366,0.286040,0.065053,0.911373,-0.240621,0.327520,28.764040,139.811500,357.447300
359.850,10,-0.331250,1.594333,0.286422,0.076699,0.909432,-0.251886,0.321877,30.498870,140.608400,358.493800
359.963,10,-0.321835,1.596261,0.293294,0.080180,0.909549,-0.255712,0.317651,31.071330,141.188800,358.889600
360.064,10,-0.312910,1.599601,0.300935,0.078349,0.913577,-0.247755,0.312818,30.112860,141.985400,359.215100
360.166,10,-0.300841,1.597509,0.310210,0.084697,0.915961,-0.245001,0.306293,30.046860,143.110800,0.335912
360.280,10,-0.292463,1.592809,0.319172,0.087011,0.917754,-0.245685,0.299659,30.205560,144.057900,0.826434
360.392,10,-0.287006,1.591169,0.323711,0.086477,0.920380,-0.245953,0.291427,30.208200,145.143800,1.049560
360.493,10,-0.283438,1.590618,0.323434,0.085830,0.921728,-0.246813,0.286589,30.277300,145.757200,1.111781
360.593,10,-0.280819,1.589360,0.319899,0.084143,0.923472,-0.247209,0.281082,30.257280,146.436800,1.090220
360.694,10,-0.280077,1.588855,0.312572,0.084017,0.924045,-0.244872,0.281282,29.987420,146.449500,1.158697
360.807,10,-0.281821,1.589286,0.298067,0.079931,0.922923,-0.240327,0.289944,29.337820,145.259500,0.537464
360.919,10,-0.287982,1.592311,0.281424,0.071897,0.922773,-0.226818,0.303107,27.528360,143.555800,359.689100
361.030,10,-0.304062,1.597159,0.255939,0.064815,0.922053,-0.211313,0.317750,25.522980,141.758600,359.062600
361.140,10,-0.325099,1.604621,0.227594,0.063903,0.921484,-0.200311,0.326589,24.261770,140.793200,359.178700
361.250,10,-0.349634,1.610797,0.197972,0.064266,0.920616,-0.189138,0.335504,23.039760,139.844100,359.465500
361.361,10,-0.373737,1.615149,0.170126,0.062756,0.916292,-0.185127,0.349569,22.528060,138.057700,359.105300
361.471,10,-0.392970,1.617456,0.145864,0.057721,0.913165,-0.177409,0.362386,21.459370,136.438800,358.573800
361.582,10,-0.409334,1.615800,0.130360,0.060437,0.909900,-0.177245,0.370154,21.548720,135.477400,358.692000
361.693,10,-0.421724,1.617305,0.122310,0.058270,0.902792,-0.180037,0.386210,21.720640,133.277200,357.911600
361.804,10,-0.429741,1.618654,0.118987,0.052026,0.894469,-0.174241,0.408483,20.745020,130.356900,356.979400
361.915,10,-0.434943,1.616330,0.115727,0.058175,0.885987,-0.183274,0.421965,21.953400,128.447800,356.811600
362.027,10,-0.441522,1.616296,0.111037,0.060345,0.885762,-0.183957,0.421835,22.135280,128.483900,357.011300
362.138,10,-0.444155,1.615962,0.109870,0.063535,0.886451,-0.182713,0.420457,22.170240,128.751300,357.462200
362.249,10,-0.443000,1.614034,0.110533,0.066901,0.879685,-0.185318,0.432824,22.578910,127.074200,357.348400
362.349,10,-0.442512,1.614129,0.111405,0.067512,0.874502,-0.182698,0.444195,22.303750,125.604000,357.259900
362.460,10,-0.442071,1.614959,0.111333,0.068483,0.872793,-0.177748,0.449386,21.828220,125.034900,357.517300
362.572,10,-0.442998,1.614030,0.111477,0.070203,0.870109,-0.180508,0.453210,22.194770,124.469700,357.434300
362.685,10,-0.445707,1.614429,0.111586,0.067331,0.871647,-0.178771,0.451376,21.865770,124.720800,357.282000
362.798,10,-0.447208,1.614597,0.110796,0.065998,0.871025,-0.181168,0.451816,22.039280,124.579900,356.986100
362.910,10,-0.450141,1.610908,0.110478,0.067975,0.867674,-0.195562,0.451970,23.628970,124.199900,356.319200
363.023,10,-0.451829,1.609850,0.110555,0.064421,0.866246,-0.205239,0.450938,24.435910,123.997000,355.369900
363.134,10,-0.450954,1.611832,0.110641,0.064604,0.868982,-0.200842,0.447616,24.009680,124.591800,355.761000
363.247,10,-0.448922,1.610608,0.111001,0.067842,0.867389,-0.203603,0.448975,24.464200,124.376300,355.896500
363.358,10,-0.448106,1.610059,0.109866,0.067678,0.865804,-0.201854,0.452834,24.256720,123.891600,355.872500
363.469,10,-0.449957,1.609418,0.107609,0.068069,0.866777,-0.205018,0.449481,24.620170,124.267500,355.817600
363.580,10,-0.452104,1.608682,0.105642,0.066271,0.867553,-0.204559,0.448459,24.479760,124.392300,355.684400
363.690,10,-0.451641,1.609443,0.100510,0.059748,0.868689,-0.199781,0.449330,23.627460,124.307200,355.258600
363.802,10,-0.452191,1.606449,0.094296,0.063240,0.865322,-0.212654,0.449440,25.142660,123.950600,354.821700
363.913,10,-0.454112,1.604304,0.092058,0.065843,0.869229,-0.220898,0.437389,26.207290,125.404500,354.963100
364.025,10,-0.451014,1.602266,0.091942,0.071439,0.866266,-0.225541,0.440013,26.976490,124.990000,355.191000
364.136,10,-0.445347,1.599350,0.091654,0.077523,0.857794,-0.229762,0.453198,27.674210,123.100900,355.125200
364.248,10,-0.437105,1.595166,0.086958,0.080830,0.848096,-0.234305,0.468297,28.237700,120.837400,354.636800
364.359,10,-0.430830,1.591312,0.080836,0.086130,0.844901,-0.240599,0.469932,29.177410,120.455300,354.704200
364.471,10,-0.423351,1.589787,0.076581,0.091769,0.848832,-0.240867,0.461569,29.579220,121.768600,355.610600
364.590,10,-0.415555,1.588971,0.081926,0.093931,0.856149,-0.246944,0.444077,30.415470,124.111700,356.111200
364.704,10,-0.402159,1.592565,0.093536,0.091738,0.867311,-0.240340,0.426137,29.675350,126.868400,356.984600
364.817,10,-0.384491,1.596121,0.106779,0.091535,0.873298,-0.237706,0.415292,29.419740,128.484800,357.528600
364.929,10,-0.358784,1.594419,0.121784,0.098026,0.872965,-0.245959,0.409667,30.646690,129.165800,357.976600
365.029,10,-0.340535,1.594052,0.128680,0.096127,0.876718,-0.247174,0.401286,30.700620,130.265900,358.012400
365.141,10,-0.324769,1.592894,0.136999,0.098156,0.880719,-0.250925,0.389534,31.228950,131.858100,358.486100
365.253,10,-0.312839,1.591159,0.148156,0.099377,0.881026,-0.257289,0.384344,31.988290,132.423000,358.468500
365.372,10,-0.302988,1.588788,0.163493,0.104693,0.879281,-0.269237,0.378703,33.556910,132.986500,358.637600
365.487,10,-0.296291,1.585825,0.176136,0.108947,0.877719,-0.283521,0.370616,35.342170,133.793200,358.672000
365.595,10,-0.290344,1.586076,0.184422,0.106488,0.883791,-0.277469,0.361366,34.569860,135.256000,359.143500
365.696,10,-0.285281,1.586280,0.191770,0.108101,0.887692,-0.272854,0.354778,34.133580,136.394700,359.883500
365.804,10,-0.281893,1.585621,0.201268,0.109251,0.890749,-0.270251,0.348706,33.893060,137.371200,0.424768
365.904,10,-0.280342,1.585687,0.209149,0.108901,0.892387,-0.270936,0.344063,33.951890,137.998500,0.547407
366.012,10,-0.277514,1.585548,0.218583,0.108211,0.893838,-0.268754,0.342221,33.676930,138.297600,0.654008
366.112,10,-0.273613,1.585015,0.226718,0.109250,0.894187,-0.266733,0.342561,33.495310,138.337800,0.868156
366.220,10,-0.269729,1.583632,0.235160,0.110382,0.895791,-0.266291,0.338324,33.488620,138.982000,1.207406
366.320,10,-0.267205,1.582711,0.241283,0.110495,0.895764,-0.267060,0.337753,33.578960,139.045800,1.207352
366.428,10,-0.264742,1.582046,0.249005,0.108601,0.897769,-0.264392,0.335131,33.196840,139.422500,1.217839
366.542,10,-0.261987,1.582063,0.254047,0.106471,0.900382,-0.261321,0.331192,32.758670,139.982700,1.269730
366.642,10,-0.258464,1.580499,0.257057,0.108247,0.898511,-0.270616,0.328217,33.873470,140.221300,1.165026
366.757,10,-0.254240,1.578995,0.258395,0.109068,0.900059,-0.272219,0.322329,34.079130,141.035100,1.442254
366.860,10,-0.248998,1.576795,0.259583,0.112354,0.900443,-0.276338,0.316570,34.665740,141.854900,1.907382
366.973,10,-0.244310,1.575266,0.260215,0.113708,0.901555,-0.278052,0.311377,34.901780,142.592700,2.227053
367.075,10,-0.243066,1.573963,0.259913,0.116191,0.901632,-0.279131,0.309267,35.114700,142.952800,2.583476
367.177,10,-0.243746,1.572680,0.258952,0.117251,0.902697,-0.281863,0.303222,35.449160,143.781500,2.867291
367.279,10,-0.246377,1.572662,0.257760,0.116659,0.904991,-0.282672,0.295767,35.495490,144.793900,3.093766
367.381,10,-0.248160,1.571851,0.257262,0.116650,0.905235,-0.284161,0.293591,35.658910,145.067900,3.128086
367.485,10,-0.249239,1.571638,0.257177,0.113539,0.904322,-0.285913,0.295913,35.754220,144.585100,2.552529
367.586,10,-0.250156,1.572116,0.256822,0.113099,0.905381,-0.283888,0.294791,35.502200,144.773200,2.634514
367.690,10,-0.251972,1.571764,0.256637,0.112370,0.905243,-0.284691,0.294720,35.567630,144.738200,2.510906
367.792,10,-0.254059,1.571715,0.256021,0.108067,0.906480,-0.286150,0.291090,35.569740,145.057100,2.066430
367.893,10,-0.253912,1.572161,0.254847,0.106621,0.906220,-0.284722,0.293820,35.358890,144.652800,1.822089
367.997,10,-0.252347,1.572489,0.253995,0.105698,0.905540,-0.282887,0.297993,35.122430,144.075900,1.599573
368.099,10,-0.250204,1.571855,0.252551,0.106952,0.904197,-0.283850,0.300695,35.284230,143.717400,1.594020
368.200,10,-0.248925,1.570875,0.251551,0.109147,0.902495,-0.286378,0.302619,35.659570,143.463300,1.670262
368.302,10,-0.248229,1.571278,0.249309,0.108243,0.903410,-0.285708,0.300841,35.545590,143.698300,1.666999
368.404,10,-0.247571,1.571157,0.247617,0.107874,0.903397,-0.285875,0.300854,35.550840,143.678900,1.612391
368.505,10,-0.246872,1.571052,0.246568,0.107797,0.902495,-0.286124,0.303342,35.580700,143.317900,1.478590
368.608,10,-0.246547,1.570996,0.245600,0.106384,0.902546,-0.285162,0.304593,35.418920,143.114100,1.287851
368.709,10,-0.247547,1.571244,0.245081,0.105846,0.903362,-0.284624,0.302857,35.334550,143.353300,1.322793
368.810,10,-0.248471,1.572173,0.245122,0.104885,0.904528,-0.282363,0.301828,35.038320,143.520000,1.350240
368.912,10,-0.248337,1.573444,0.245786,0.103843,0.906457,-0.277887,0.300551,34.486030,143.770300,1.475227
369.013,10,-0.247011,1.573898,0.246723,0.105203,0.907834,-0.275419,0.298185,34.250330,144.205300,1.855300
369.114,10,-0.245791,1.572875,0.248037,0.108465,0.906100,-0.276553,0.301225,34.507530,143.869100,2.082851
369.214,10,-0.247591,1.570873,0.249286,0.111439,0.903343,-0.285788,0.299797,35.672190,143.961100,2.114786
369.317,10,-0.250367,1.570064,0.249789,0.108913,0.903847,-0.292335,0.292813,36.315680,144.698300,1.826513
369.419,10,-0.252215,1.569865,0.250470,0.108792,0.907135,-0.291265,0.283610,36.167080,146.022700,2.283576
369.521,10,-0.251863,1.569506,0.252468,0.109187,0.905691,-0.292138,0.287156,36.290550,145.516000,2.133124
369.624,10,-0.250970,1.570837,0.254963,0.106986,0.905637,-0.288540,0.291754,35.806710,144.867100,1.795869
369.725,10,-0.250254,1.572651,0.258132,0.106312,0.906543,-0.281340,0.296185,34.964580,144.388300,1.824814
369.828,10,-0.251403,1.573200,0.261133,0.105277,0.906880,-0.281284,0.295578,34.918820,144.437700,1.723687
369.929,10,-0.253249,1.574374,0.263693,0.105282,0.908530,-0.280045,0.291656,34.769140,145.015200,1.949886
370.030,10,-0.254189,1.576062,0.265861,0.104373,0.909547,-0.276366,0.292321,34.316050,144.972200,1.962814
370.131,10,-0.254754,1.577312,0.267226,0.103038,0.909863,-0.274477,0.293589,34.054090,144.790900,1.821500
370.233,10,-0.255119,1.578836,0.267787,0.100619,0.909887,-0.271527,0.297078,33.635060,144.289300,1.498642
370.347,10,-0.254436,1.580525,0.267156,0.098142,0.910446,-0.268222,0.299190,33.170210,143.988200,1.246400
370.461,10,-0.251543,1.582972,0.265538,0.092830,0.913423,-0.262281,0.297070,32.296460,144.238100,0.932411
370.574,10,-0.248698,1.587220,0.262523,0.087547,0.920211,-0.248848,0.289174,30.571860,145.422500,1.144810
370.688,10,-0.248281,1.591526,0.259332,0.087561,0.923273,-0.232267,0.293176,28.700650,145.192700,1.665654
370.801,10,-0.253855,1.595701,0.252680,0.081473,0.926998,-0.218904,0.293460,26.979060,145.215700,1.451308
370.910,10,-0.265028,1.598513,0.240849,0.076587,0.932277,-0.209492,0.284792,25.736400,146.367500,1.493485
371.020,10,-0.277713,1.601138,0.226968,0.068886,0.937971,-0.203013,0.272490,24.732520,147.858800,1.172635
371.130,10,-0.293480,1.604647,0.202896,0.049500,0.942344,-0.197861,0.265307,23.526470,148.399800,359.269200
371.240,10,-0.303936,1.604659,0.177930,0.043574,0.942180,-0.195124,0.268934,23.024310,147.848800,358.577900
371.350,10,-0.318787,1.604802,0.139326,0.048622,0.937516,-0.193363,0.285149,22.972580,145.923700,358.810900
371.458,10,-0.333130,1.608148,0.105373,0.051098,0.933174,-0.186033,0.303260,22.221940,143.781800,358.918900
371.568,10,-0.354054,1.613899,0.060646,0.052899,0.923878,-0.179804,0.333650,21.563610,140.025600,358.629800
371.674,10,-0.369520,1.617479,0.027676,0.049650,0.914898,-0.172286,0.361683,20.558480,136.484700,357.932700
371.787,10,-0.385098,1.618172,-0.005728,0.044828,0.903454,-0.169365,0.391250,19.944230,132.616300,356.857800
371.899,10,-0.396561,1.616770,-0.028806,0.043466,0.896971,-0.161978,0.409043,19.034570,130.416900,356.692700
372.010,10,-0.408917,1.618294,-0.048731,0.046604,0.886583,-0.160292,0.431398,18.931300,127.543600,356.626400
372.122,10,-0.421429,1.624212,-0.062745,0.041812,0.884390,-0.139796,0.443355,16.519550,126.315600,357.010400
372.233,10,-0.436480,1.628327,-0.073128,0.034101,0.883030,-0.133238,0.448713,15.421000,125.647000,356.470500
372.345,10,-0.447265,1.631080,-0.081535,0.021932,0.882312,-0.126980,0.452682,14.118530,125.119700,355.489800
372.456,10,-0.449991,1.632331,-0.088379,0.015975,0.881673,-0.123843,0.455039,13.468890,124.813500,355.013100
372.568,10,-0.450917,1.627145,-0.096592,0.030902,0.884851,-0.132369,0.445604,15.176480,126.040000,356.240600
372.678,10,-0.452809,1.626955,-0.102260,0.029844,0.890177,-0.139073,0.432843,15.868740,127.578800,355.990300
372.790,10,-0.452734,1.626786,-0.107550,0.030853,0.892630,-0.140472,0.427232,16.089710,128.298400,356.124100
372.901,10,-0.451291,1.624852,-0.112673,0.033118,0.893170,-0.143328,0.424979,16.509910,128.565000,356.252600
373.012,10,-0.450655,1.622479,-0.117369,0.034761,0.894849,-0.148094,0.419650,17.110650,129.189900,356.275500
373.123,10,-0.448550,1.620390,-0.119675,0.037543,0.892265,-0.154596,0.422557,17.915170,128.712800,356.164200
373.234,10,-0.449548,1.618500,-0.121137,0.038585,0.890080,-0.161771,0.424381,18.706940,128.332700,355.845600
373.346,10,-0.460008,1.611632,-0.127284,0.032015,0.900189,-0.199142,0.385976,22.534850,132.392600,354.028600
373.457,10,-0.471641,1.604688,-0.131711,0.028466,0.912439,-0.228345,0.338382,25.846860,137.801500,353.454400
373.567,10,-0.483975,1.602313,-0.133186,0.024950,0.921768,-0.234086,0.308100,26.546250,141.546800,353.694700
373.679,10,-0.489731,1.600871,-0.131837,0.023646,0.921115,-0.235980,0.308710,26.700610,141.383500,353.435200
373.790,10,-0.494295,1.601039,-0.130056,0.029679,0.921807,-0.233204,0.308233,26.630470,141.668200,354.283100
373.901,10,-0.495452,1.601990,-0.130417,0.030976,0.925712,-0.227047,0.300911,26.040280,142.814100,354.937000
374.012,10,-0.494544,1.603388,-0.130412,0.035552,0.928552,-0.221392,0.295825,25.606100,143.718400,355.869000
374.123,10,-0.490448,1.606295,-0.130394,0.038847,0.928446,-0.210245,0.303770,24.456530,143.006600,356.498400
374.235,10,-0.485675,1.610076,-0.127874,0.044797,0.926045,-0.195805,0.319522,23.033840,141.391900,357.374200
374.346,10,-0.477325,1.616402,-0.121565,0.044598,0.917553,-0.175031,0.354221,20.658360,137.311100,357.417700
374.457,10,-0.471301,1.620873,-0.117980,0.042445,0.916091,-0.156078,0.366901,18.488160,135.985400,357.778400
374.568,10,-0.464878,1.622893,-0.111338,0.046912,0.910149,-0.151553,0.382702,18.166430,134.093100,358.154200
374.679,10,-0.462181,1.623667,-0.105653,0.050027,0.905370,-0.150582,0.393862,18.184170,132.708600,358.309300
374.790,10,-0.461546,1.625265,-0.102000,0.049938,0.905152,-0.144853,0.396514,17.567560,132.459800,358.529300
374.902,10,-0.461601,1.625435,-0.101496,0.047789,0.905439,-0.142430,0.397000,17.209590,132.407800,358.407300
375.013,10,-0.462104,1.623843,-0.102798,0.044738,0.906552,-0.148420,0.392598,17.711830,132.836200,357.868900
375.124,10,-0.462067,1.624129,-0.104275,0.044114,0.906934,-0.147100,0.392284,17.543550,132.891000,357.872700
375.235,10,-0.463006,1.626546,-0.106798,0.038254,0.910932,-0.139728,0.386284,16.506180,133.709200,357.713300
375.347,10,-0.465038,1.627600,-0.108584,0.035322,0.916071,-0.133141,0.376616,15.696260,135.010900,357.882500
375.458,10,-0.465726,1.624981,-0.108267,0.037402,0.913568,-0.145063,0.378090,17.057570,134.662700,357.520800
375.568,10,-0.465138,1.625102,-0.109659,0.037032,0.913361,-0.144832,0.378713,17.014710,134.581500,357.479500
375.680,10,-0.464933,1.625493,-0.111724,0.034970,0.914454,-0.142482,0.377162,16.676280,134.791400,357.396100
375.791,10,-0.464794,1.624314,-0.113829,0.036136,0.914653,-0.149203,0.373956,17.455430,135.105900,357.266900
375.902,10,-0.463047,1.621928,-0.114982,0.041900,0.912439,-0.158159,0.375081,18.666040,134.887900,357.448100
376.013,10,-0.461739,1.619763,-0.115675,0.044582,0.909703,-0.168074,0.377100,19.841470,134.482300,357.218300
376.124,10,-0.462521,1.618095,-0.115335,0.047758,0.909309,-0.174557,0.374709,20.685760,134.717100,357.306500
376.235,10,-0.463280,1.617985,-0.114784,0.047264,0.909566,-0.176055,0.373444,20.828280,134.843400,357.208800
376.347,10,-0.461811,1.617038,-0.113405,0.045390,0.907603,-0.179309,0.376889,21.081540,134.294500,356.758000
376.458,10,-0.460321,1.616332,-0.111432,0.042509,0.905083,-0.180885,0.382489,21.097180,133.478800,356.225000
376.568,10,-0.459530,1.618559,-0.110180,0.036415,0.906106,-0.173039,0.384322,19.972800,133.311600,355.911200
376.680,10,-0.459804,1.620153,-0.110024,0.035143,0.908701,-0.165766,0.381508,19.152220,133.809500,356.199600
376.791,10,-0.459317,1.619976,-0.111704,0.034653,0.909529,-0.163284,0.380651,18.868890,133.962800,356.287300
376.902,10,-0.459343,1.619090,-0.111827,0.032835,0.908987,-0.167475,0.380284,19.234700,133.898200,355.889200
377.013,10,-0.458525,1.617846,-0.111652,0.030927,0.906391,-0.174542,0.383450,19.884480,133.306100,355.254800
377.125,10,-0.458402,1.618436,-0.112520,0.029399,0.907617,-0.172805,0.381452,19.640090,133.580400,355.220900
377.236,10,-0.458647,1.618898,-0.113861,0.024863,0.908595,-0.173365,0.379184,19.505210,133.792100,354.747400
377.347,10,-0.458217,1.616625,-0.115401,0.025384,0.907177,-0.182703,0.378160,20.529280,133.718900,354.354500
377.458,10,-0.457610,1.615429,-0.116350,0.026860,0.906881,-0.186106,0.377109,20.965700,133.799000,354.367600
377.569,10,-0.456873,1.614388,-0.116830,0.028363,0.905201,-0.191489,0.378336,21.600520,133.531800,354.225600
377.680,10,-0.456295,1.614012,-0.117326,0.029712,0.904347,-0.192915,0.379549,21.806850,133.360300,354.269700
377.791,10,-0.456841,1.612984,-0.116902,0.028725,0.903601,-0.196910,0.379350,22.188180,133.266600,353.956700
377.902,10,-0.457738,1.612834,-0.114804,0.030382,0.903752,-0.197103,0.378761,22.289060,133.368700,354.144700
378.013,10,-0.456911,1.614190,-0.111946,0.028284,0.902288,-0.193420,0.384273,21.763690,132.702100,353.966900
378.125,10,-0.456115,1.616471,-0.109313,0.031050,0.900925,-0.182393,0.392560,20.672310,131.934900,354.648900
378.236,10,-0.456394,1.618590,-0.108015,0.029075,0.899767,-0.173052,0.399533,19.551040,131.211400,354.766300
378.348,10,-0.457277,1.619306,-0.107527,0.027738,0.898435,-0.169798,0.403999,19.118170,130.682100,354.695200
378.459,10,-0.457135,1.620007,-0.108302,0.026375,0.900046,-0.164347,0.402756,18.486730,130.948000,354.863600
378.570,10,-0.456658,1.622004,-0.107243,0.027746,0.899436,-0.157561,0.406718,17.818430,130.596300,355.285100
378.681,10,-0.455985,1.622408,-0.106216,0.026271,0.895629,-0.156714,0.415451,17.610430,129.454400,354.995000
378.792,10,-0.454949,1.621944,-0.105224,0.029886,0.892535,-0.155765,0.422168,17.655030,128.640700,355.294600
378.904,10,-0.454506,1.620468,-0.103776,0.032453,0.888155,-0.158551,0.430104,18.032230,127.567200,355.250000
379.015,10,-0.455042,1.618240,-0.103152,0.039712,0.887397,-0.166450,0.428070,19.233200,127.754200,355.625200
379.126,10,-0.455595,1.615219,-0.102252,0.044974,0.883548,-0.177498,0.431063,20.635930,127.165500,355.492200
379.237,10,-0.456384,1.613389,-0.102013,0.047768,0.884629,-0.182268,0.426531,21.298510,127.695300,355.631300
379.348,10,-0.457589,1.609153,-0.100685,0.057405,0.883276,-0.193681,0.423103,22.999550,128.017600,356.107800
379.459,10,-0.459967,1.606191,-0.098636,0.063379,0.882578,-0.202659,0.419487,24.261290,128.370400,356.342900
379.569,10,-0.463248,1.605411,-0.095020,0.066501,0.882179,-0.206419,0.418005,24.821500,128.525700,356.510900
379.681,10,-0.465924,1.608546,-0.094024,0.060330,0.887176,-0.194253,0.414180,23.243960,129.257400,356.639200
379.792,10,-0.468285,1.610047,-0.093171,0.057446,0.890561,-0.189215,0.409633,22.586560,129.944200,356.728000
379.904,10,-0.468699,1.608848,-0.092493,0.059356,0.889751,-0.194771,0.408516,23.271620,129.989200,356.660700
380.015,10,-0.467917,1.607623,-0.092032,0.061999,0.888020,-0.196290,0.411154,23.553220,129.642700,356.792100
380.126,10,-0.467342,1.605570,-0.091889,0.063268,0.884942,-0.204449,0.413612,24.468230,129.117500,356.400300
380.237,10,-0.467099,1.604606,-0.092572,0.063636,0.885375,-0.208253,0.410721,24.900110,129.412200,356.309400
380.348,10,-0.465959,1.603653,-0.093277,0.062376,0.883086,-0.212783,0.413513,25.302470,128.879100,355.825600
380.459,10,-0.465118,1.602357,-0.094801,0.065262,0.880751,-0.218195,0.415222,26.011170,128.541100,355.773200
380.570,10,-0.465385,1.602721,-0.096286,0.061860,0.882395,-0.219966,0.411299,26.045200,128.957700,355.418000
380.681,10,-0.464959,1.602492,-0.097291,0.062047,0.881890,-0.220336,0.412157,26.089240,128.832600,355.389600
380.792,10,-0.462779,1.603048,-0.100274,0.062082,0.881683,-0.216441,0.414650,25.667600,128.609800,355.544300
380.904,10,-0.461716,1.601925,-0.102374,0.059821,0.879862,-0.224145,0.414758,26.362920,128.312100,354.834900
381.015,10,-0.460283,1.602166,-0.101846,0.059887,0.881420,-0.222481,0.412329,26.205050,128.699500,355.019100
381.126,10,-0.457317,1.604012,-0.100611,0.056760,0.882881,-0.215110,0.413555,25.263350,128.696700,355.071600
381.237,10,-0.456040,1.604301,-0.100388,0.056674,0.881611,-0.214336,0.416665,25.160190,128.293900,355.012900
381.348,10,-0.458500,1.604486,-0.099911,0.055116,0.884328,-0.212715,0.411921,24.937270,128.959200,355.080400
381.460,10,-0.460694,1.605033,-0.099546,0.053532,0.886496,-0.209144,0.409289,24.496040,129.390600,355.191000
381.571,10,-0.461101,1.606296,-0.100170,0.049423,0.886648,-0.206305,0.410915,23.982470,129.176500,354.856900
381.682,10,-0.461599,1.606061,-0.100347,0.049369,0.885495,-0.207217,0.412944,24.063740,128.874900,354.740100
381.793,10,-0.461960,1.605153,-0.098359,0.051409,0.885020,-0.207001,0.413822,24.138820,128.799400,354.950000
381.904,10,-0.459182,1.605043,-0.096653,0.053245,0.880649,-0.203896,0.424322,23.847770,127.497500,355.028900
382.015,10,-0.455715,1.604315,-0.095723,0.057046,0.875723,-0.204659,0.433556,24.073830,126.282000,355.127600
382.126,10,-0.444507,1.601790,-0.092712,0.066432,0.858244,-0.209716,0.463707,24.934650,122.109300,354.909200
382.238,10,-0.433276,1.598968,-0.086708,0.074799,0.846575,-0.212082,0.482429,25.547370,119.521100,355.041600
382.348,10,-0.418606,1.596557,-0.071490,0.092703,0.835260,-0.220760,0.494988,27.423120,117.692500,355.885700
382.459,10,-0.406568,1.594936,-0.055366,0.093321,0.834093,-0.223755,0.495494,27.758390,117.516700,355.718700
382.570,10,-0.390011,1.594761,-0.030815,0.101189,0.839557,-0.233865,0.479805,29.326570,119.566000,356.415300
382.681,10,-0.376759,1.594103,-0.006622,0.103554,0.835603,-0.244108,0.481099,30.503730,119.015200,355.885400
382.793,10,-0.372980,1.590829,0.016079,0.117507,0.836412,-0.250213,0.473288,31.991320,120.212500,357.278000
382.904,10,-0.378814,1.591426,0.038332,0.127218,0.842646,-0.251307,0.458921,32.703540,122.528100,358.892800
383.015,10,-0.387478,1.592211,0.056051,0.122571,0.849869,-0.244920,0.450237,31.780850,123.939000,359.177300
383.127,10,-0.400368,1.587086,0.072642,0.122256,0.855173,-0.248530,0.438140,32.154320,125.574800,359.412400
383.238,10,-0.407901,1.587550,0.078841,0.118329,0.858646,-0.245352,0.434199,31.607430,126.162800,359.336800
383.349,10,-0.417513,1.586309,0.080779,0.118857,0.853982,-0.248210,0.441565,31.931170,125.003200,358.906300
383.460,10,-0.426821,1.585076,0.078112,0.123212,0.845340,-0.251284,0.455055,32.478120,123.008600,358.615400
383.571,10,-0.438607,1.583799,0.067236,0.131955,0.829934,-0.253035,0.479345,33.127760,119.501700,358.388300
383.683,10,-0.451800,1.583303,0.049915,0.140636,0.818449,-0.254535,0.495555,33.781950,117.149900,358.478800
383.793,10,-0.465527,1.584531,0.029627,0.154885,0.804509,-0.255353,0.513391,34.743320,114.629500,359.094900
383.905,10,-0.483364,1.585547,0.010528,0.160304,0.790376,-0.257623,0.532201,35.300610,111.626100,358.538600
384.013,10,-0.505509,1.584869,-0.006041,0.170767,0.776402,-0.257995,0.549070,36.025190,109.046100,358.714300
384.124,10,-0.531756,1.581487,-0.017912,0.178064,0.761084,-0.259688,0.567104,36.673150,106.062000,358.321200
384.225,10,-0.556998,1.578281,-0.023936,0.182862,0.750017,-0.262338,0.578977,37.247750,103.952000,357.877900
384.335,10,-0.579184,1.574893,-0.027134,0.189609,0.742726,-0.260080,0.587167,37.517300,102.760000,358.283000
384.447,10,-0.600274,1.569934,-0.029472,0.195093,0.735548,-0.262809,0.593160,38.174600,101.608300,358.194000
384.559,10,-0.610240,1.569310,-0.029953,0.197196,0.733359,-0.259627,0.596567,38.030460,101.230300,358.505900
384.679,10,-0.621362,1.572389,-0.029031,0.191139,0.733474,-0.245272,0.604420,36.217880,100.645400,358.856200
384.792,10,-0.626046,1.575127,-0.029408,0.185562,0.736237,-0.238498,0.605509,35.162710,100.783400,358.907200
384.894,10,-0.625780,1.576162,-0.030410,0.185759,0.738455,-0.236688,0.603454,35.012960,101.240100,359.208700
384.999,10,-0.621110,1.576155,-0.031607,0.186924,0.738088,-0.235722,0.603921,35.011590,101.224600,359.385600
385.100,10,-0.610455,1.578587,-0.032696,0.182448,0.738030,-0.224301,0.609683,33.611090,100.792800,359.711100
385.202,10,-0.596446,1.584391,-0.034519,0.168394,0.741341,-0.198508,0.618588,30.176000,100.388500,0.270726
385.304,10,-0.582087,1.581913,-0.036546,0.175415,0.737082,-0.205795,0.619345,31.376610,99.990820,0.246592
385.418,10,-0.568432,1.576531,-0.038996,0.190063,0.731036,-0.222512,0.616402,34.030820,99.801160,0.247035
385.532,10,-0.554992,1.572731,-0.040252,0.201413,0.724170,-0.229627,0.618290,35.566010,99.194530,0.546796
385.633,10,-0.545956,1.571223,-0.041845,0.204678,0.717833,-0.230759,0.624157,35.929960,98.118760,0.409610
385.736,10,-0.537962,1.568437,-0.044919,0.206622,0.712868,-0.236832,0.626927,36.636310,97.284630,359.831300
385.836,10,-0.529982,1.566912,-0.052228,0.201452,0.715785,-0.247787,0.621024,37.224320,97.639970,358.606100
385.938,10,-0.518975,1.564169,-0.064558,0.192519,0.727126,-0.254239,0.607937,37.143010,99.499050,357.904300
386.041,10,-0.500096,1.560506,-0.088445,0.169725,0.758070,-0.270249,0.568762,37.070730,105.032800,356.400800
386.143,10,-0.483160,1.553462,-0.115530,0.153628,0.807066,-0.281320,0.495886,37.333290,116.108600,357.763400
386.247,10,-0.461801,1.528295,-0.149204,0.138149,0.857243,-0.300413,0.394717,38.617100,130.545000,359.977900
386.349,10,-0.443102,1.486358,-0.179521,0.125859,0.887826,-0.327260,0.298036,41.004650,143.693900,2.157538
386.450,10,-0.426390,1.437702,-0.204538,0.120478,0.914085,-0.325271,0.210078,40.185950,156.413600,6.281703
386.551,10,-0.413128,1.380384,-0.216520,0.121085,0.928222,-0.313793,0.158985,38.392130,163.762800,9.177763
386.659,10,-0.402426,1.319955,-0.215488,0.106250,0.932038,-0.321663,0.128644,38.824770,167.286800,8.510685
386.765,10,-0.387166,1.253490,-0.203765,0.090503,0.933329,-0.327223,0.116755,39.193900,168.182900,6.856800
386.873,10,-0.378406,1.205880,-0.186754,0.085632,0.933353,-0.330037,0.112226,39.442460,168.575400,6.376860
386.985,10,-0.371790,1.173206,-0.171608,0.081268,0.934541,-0.329780,0.106180,39.319520,169.207900,6.074345
387.096,10,-0.365271,1.152310,-0.160695,0.083857,0.934460,-0.331089,0.100658,39.468980,170.109800,6.700160
387.207,10,-0.356605,1.136225,-0.150021,0.086242,0.932776,-0.334918,0.101599,39.965820,170.100100,6.957046
387.318,10,-0.351100,1.130838,-0.143792,0.088468,0.931194,-0.337674,0.105014,40.350450,169.733300,7.073071
387.429,10,-0.348048,1.126435,-0.137759,0.091333,0.931710,-0.335845,0.103839,40.149780,170.044400,7.551090
387.540,10,-0.346697,1.125029,-0.134142,0.093398,0.931772,-0.336620,0.098822,40.223070,170.860500,8.095243
387.652,10,-0.344649,1.124941,-0.132390,0.093800,0.931279,-0.336206,0.104336,40.223950,170.101000,7.870368
387.763,10,-0.344064,1.127433,-0.130918,0.093808,0.931039,-0.335821,0.107658,40.204980,169.631100,7.702949
387.874,10,-0.342288,1.142269,-0.127617,0.089335,0.931662,-0.333398,0.113452,39.903680,168.584600,6.798508
387.980,10,-0.337699,1.170969,-0.121140,0.086853,0.933065,-0.321336,0.136344,38.560350,165.285500,5.463689
388.093,10,-0.331413,1.209776,-0.106836,0.085908,0.932708,-0.309775,0.163447,37.296630,161.556700,4.252668
388.204,10,-0.326325,1.246733,-0.084628,0.087091,0.932229,-0.290943,0.196765,35.220480,157.230000,3.360238
388.316,10,-0.330741,1.270311,-0.059583,0.090305,0.928121,-0.282853,0.224568,34.444190,153.670900,2.821026
388.427,10,-0.340404,1.297419,-0.029442,0.080372,0.928253,-0.272747,0.239784,33.017880,151.405200,1.258155
388.538,10,-0.347752,1.314636,-0.003066,0.076779,0.926597,-0.273935,0.245932,33.053290,150.424300,0.515995
388.648,10,-0.354719,1.338672,0.028431,0.067366,0.931746,-0.258148,0.246314,30.946840,150.354200,359.890800
388.760,10,-0.358615,1.351079,0.057409,0.058296,0.940820,-0.249980,0.221290,29.747150,153.511600,359.937700
388.872,10,-0.358974,1.354999,0.093097,0.050578,0.949571,-0.243900,0.190447,28.846530,157.371400,0.206387
388.983,10,-0.359965,1.356534,0.129702,0.048823,0.951037,-0.253446,0.170030,29.912380,159.845000,0.441379
389.094,10,-0.364867,1.361571,0.157846,0.040721,0.957314,-0.247526,0.143604,29.052850,163.054400,0.450567
389.206,10,-0.370507,1.372215,0.191862,0.031573,0.962634,-0.239758,0.121886,27.988530,165.605400,0.151808
389.317,10,-0.375930,1.377861,0.217143,0.019755,0.965613,-0.232273,0.115111,26.943970,166.167800,359.015100
389.428,10,-0.384159,1.379304,0.246363,0.013163,0.968529,-0.228779,0.097149,26.469120,168.258700,358.786700
389.539,10,-0.389963,1.378979,0.266520,0.007379,0.970343,-0.225650,0.086380,26.052230,169.461900,358.426900
389.651,10,-0.396482,1.380392,0.287357,0.004797,0.971681,-0.226451,0.067323,26.149970,171.759400,358.648700
389.762,10,-0.400155,1.382449,0.302805,0.002672,0.971701,-0.229154,0.057255,26.464630,172.939000,358.652800
389.873,10,-0.402914,1.386750,0.317479,0.003202,0.972313,-0.228277,0.049863,26.374240,173.880800,358.942300
389.984,10,-0.404822,1.395958,0.328564,0.005212,0.972926,-0.225075,0.052234,26.008680,173.656900,359.147600
390.096,10,-0.407794,1.402809,0.334756,0.002452,0.973265,-0.223918,0.051091,25.856220,173.725400,358.847100
390.208,10,-0.409337,1.408472,0.339634,0.004398,0.973575,-0.223451,0.046927,25.817410,174.299800,359.210100
390.318,10,-0.408985,1.410179,0.342329,0.007728,0.974003,-0.221516,0.046786,25.609630,174.417900,359.639600
390.429,10,-0.408792,1.407469,0.344930,0.009797,0.973162,-0.224298,0.050498,25.947390,174.006500,359.771500
390.540,10,-0.409404,1.406078,0.346691,0.011989,0.972566,-0.225442,0.056102,26.094920,173.367900,359.873900
390.651,10,-0.408896,1.407634,0.348996,0.008405,0.972166,-0.226307,0.060067,26.169380,172.767800,359.307700
390.763,10,-0.405871,1.409218,0.351110,0.013034,0.972614,-0.222033,0.067477,25.700330,171.995900,359.706900
390.873,10,-0.403280,1.409129,0.351360,0.015142,0.972313,-0.222445,0.069976,25.765690,171.742600,359.892700
390.985,10,-0.400662,1.409564,0.352462,0.015345,0.971967,-0.223608,0.071023,25.903600,171.613100,359.876800
391.096,10,-0.393133,1.416990,0.356902,0.017027,0.972610,-0.217752,0.079523,25.231930,170.630100,359.904300
391.207,10,-0.368243,1.438617,0.375406,0.027443,0.970543,-0.203953,0.125288,23.751230,165.317100,0.135452
391.318,10,-0.339786,1.460575,0.398662,0.033710,0.964558,-0.186387,0.183713,21.835830,158.391700,359.786800
391.429,10,-0.299927,1.484228,0.434777,0.044384,0.945403,-0.169347,0.274891,20.157630,147.475100,359.439500
391.541,10,-0.268770,1.497479,0.467130,0.058769,0.919111,-0.166308,0.352310,20.311280,137.954600,359.440800
391.652,10,-0.241489,1.504347,0.492806,0.071898,0.888348,-0.174088,0.418763,21.685860,129.308700,358.886200
391.763,10,-0.214871,1.506076,0.507132,0.077843,0.858618,-0.179229,0.473912,22.430380,121.762100,357.755400
391.873,10,-0.188050,1.504500,0.508583,0.083268,0.832482,-0.190387,0.513609,23.735890,115.904500,356.434400
391.985,10,-0.159530,1.509734,0.500062,0.082229,0.807260,-0.200092,0.549121,24.416030,110.363800,354.518100
392.096,10,-0.132417,1.522478,0.484571,0.073163,0.787751,-0.199191,0.578289,23.480970,105.934800,352.790100
392.208,10,-0.102132,1.545980,0.456566,0.068779,0.768394,-0.189423,0.607420,22.003210,101.845400,352.288000
392.319,10,-0.082246,1.560698,0.433827,0.059623,0.762725,-0.181878,0.617751,20.555190,100.498500,351.787000
392.431,10,-0.057097,1.566170,0.412921,0.059077,0.755276,-0.188418,0.624954,21.005390,99.113410,350.986000
392.542,10,-0.032293,1.567194,0.402856,0.057562,0.746493,-0.191041,0.634774,20.995820,97.454900,350.344000
392.653,10,-0.005744,1.567611,0.398891,0.066202,0.739471,-0.193681,0.641317,21.799290,96.331900,350.670900
392.765,10,0.023389,1.565682,0.396922,0.062303,0.733848,-0.199418,0.646388,21.914870,95.246280,349.669900
392.875,10,0.050859,1.561117,0.393450,0.052296,0.734822,-0.212132,0.642107,22.266610,95.294710,347.800000
392.987,10,0.087807,1.559334,0.387833,0.032165,0.747177,-0.215624,0.627852,21.260490,97.312290,346.175000
393.098,10,0.118179,1.556669,0.384265,0.024955,0.765021,-0.224299,0.603166,21.918780,100.669500,345.492600
393.209,10,0.159113,1.557078,0.381698,0.010625,0.794687,-0.230575,0.561422,22.234660,106.524800,344.843700
393.321,10,0.192922,1.559205,0.382857,-0.001929,0.812116,-0.236638,0.533355,22.476010,110.200100,343.944700
393.432,10,0.219981,1.557045,0.384600,-0.017506,0.830164,-0.241915,0.501994,22.586800,114.232400,342.870200
393.543,10,0.241215,1.552024,0.389792,-0.021546,0.843032,-0.246786,0.477420,23.298640,117.376200,342.775700
393.654,10,0.255162,1.548008,0.392771,-0.022746,0.851339,-0.246970,0.462288,23.545700,119.440200,343.062700
393.766,10,0.267309,1.543334,0.393092,-0.024882,0.858859,-0.250914,0.445851,24.130300,121.476100,343.022500
393.877,10,0.273283,1.541092,0.392406,-0.027515,0.864201,-0.252003,0.434620,24.308210,122.913600,342.989800
393.988,10,0.279868,1.538898,0.391659,-0.030606,0.867406,-0.255525,0.425884,24.659110,123.883000,342.667800
394.099,10,0.283155,1.537640,0.389586,-0.030551,0.872794,-0.258728,0.412744,25.240100,125.511100,342.837800
394.210,10,0.280634,1.535348,0.382234,-0.033658,0.883587,-0.271169,0.380275,26.975210,129.237300,342.653200
394.321,10,0.267715,1.530396,0.370086,-0.035953,0.903328,-0.286565,0.317155,29.664340,136.911600,343.504500
394.432,10,0.251972,1.525298,0.357021,-0.046120,0.915885,-0.292187,0.271393,30.676260,142.457400,343.582900
394.543,10,0.235887,1.519918,0.345971,-0.057029,0.917083,-0.302799,0.253021,31.770910,144.091000,342.345700
394.654,10,0.221069,1.514437,0.334078,-0.071704,0.915997,-0.309275,0.245271,32.101120,144.353000,340.478400
394.765,10,0.199336,1.502558,0.313571,-0.106585,0.907867,-0.321733,0.246792,32.111730,142.409400,335.419600
394.876,10,0.182324,1.490669,0.294738,-0.132141,0.901243,-0.324793,0.254578,31.208550,140.440900,331.846700
394.988,10,0.163440,1.473056,0.268753,-0.161085,0.890263,-0.330633,0.268637,30.142600,137.446100,327.514900
395.099,10,0.153272,1.460463,0.251211,-0.178255,0.879275,-0.333325,0.289819,28.871460,134.135000,324.648300
395.210,10,0.140730,1.444541,0.232607,-0.178381,0.874629,-0.341686,0.294033,29.524530,133.013800,323.877000
395.321,10,0.129058,1.430336,0.220320,-0.174855,0.869913,-0.360842,0.287178,31.828060,132.558600,322.987700
395.432,10,0.117158,1.418599,0.209783,-0.184441,0.865335,-0.371028,0.281986,32.554860,132.151100,321.173300
395.543,10,0.105723,1.411669,0.202623,-0.229478,0.849418,-0.379530,0.285985,30.897480,129.719300,314.984400
395.655,10,0.095500,1.407032,0.199307,-0.237007,0.845701,-0.384510,0.284200,31.040640,129.307200,313.701000
395.766,10,0.083972,1.403706,0.199717,-0.223865,0.850063,-0.391792,0.271618,32.989420,130.563600,314.967800
395.877,10,0.076752,1.403953,0.201562,-0.215902,0.855692,-0.390063,0.262734,33.648520,132.057900,316.363700
395.987,10,0.069860,1.405133,0.206253,-0.207558,0.861132,-0.388584,0.253720,34.327400,133.576000,317.806800
396.099,10,0.065120,1.407064,0.210322,-0.201200,0.864874,-0.386465,0.249314,34.622190,134.518200,318.922000
396.210,10,0.060981,1.409735,0.216697,-0.185638,0.872149,-0.383104,0.241094,35.361560,136.363100,321.422300
396.321,10,0.057590,1.411502,0.225076,-0.178375,0.871901,-0.385342,0.243892,35.799530,136.063400,322.029600
396.432,10,0.052728,1.410661,0.231565,-0.178918,0.872161,-0.382500,0.247018,35.366950,135.874500,322.088100
396.543,10,0.046807,1.403694,0.237648,-0.181007,0.866367,-0.392397,0.250338,36.106950,134.543100,320.848300
396.654,10,0.042028,1.398950,0.241046,-0.181467,0.859385,-0.403065,0.257034,36.833350,132.715400,319.566300
396.765,10,0.035136,1.392355,0.237346,-0.197407,0.853017,-0.402911,0.266561,35.601100,130.979600,317.282800
396.876,10,0.033587,1.381539,0.234623,-0.193984,0.841080,-0.415893,0.286334,36.051430,127.313900,315.717900
396.987,10,0.030681,1.373436,0.230563,-0.198304,0.831449,-0.421462,0.302882,35.501470,124.513100,314.055600
397.098,10,0.026768,1.371996,0.228381,-0.196630,0.829660,-0.422880,0.306879,35.521560,123.904300,313.964700
397.209,10,0.020867,1.380457,0.228286,-0.183426,0.834155,-0.418503,0.308861,35.795020,124.457100,315.893700
397.321,10,0.013757,1.406996,0.231046,-0.143936,0.857621,-0.394858,0.296404,36.295620,129.481600,323.362900
397.432,10,0.005133,1.442913,0.241418,-0.088320,0.884162,-0.379763,0.257367,38.761670,137.957400,333.193300
397.543,10,0.001101,1.474165,0.259165,-0.038046,0.897386,-0.388420,0.205867,42.957830,146.958700,341.830800
397.655,10,0.005187,1.496982,0.266338,-0.017580,0.914913,-0.376049,0.145643,43.077220,157.483200,348.813500
397.766,10,0.020906,1.515498,0.272428,-0.025420,0.932395,-0.351671,0.079505,40.673680,167.346500,352.170300
397.877,10,0.040649,1.522189,0.279696,-0.032920,0.936844,-0.346912,0.029878,40.393770,174.059500,353.788000
397.988,10,0.084692,1.526523,0.289164,-0.048878,0.937469,-0.341364,-0.047271,40.139930,184.145200,355.545900
398.099,10,0.128813,1.533069,0.291322,-0.067525,0.937015,-0.331088,-0.088454,39.228520,188.990500,354.965900
398.210,10,0.176638,1.529398,0.294881,-0.086060,0.928511,-0.335908,-0.132766,40.288700,194.325100,354.687900
398.319,10,0.199871,1.524458,0.295369,-0.106760,0.924790,-0.325104,-0.166353,39.555500,198.001000,353.349200
398.420,10,0.207467,1.516725,0.291397,-0.106238,0.924124,-0.315433,-0.187646,38.525880,200.955600,354.279800
398.529,10,0.196692,1.501406,0.277933,-0.107293,0.924103,-0.296458,-0.215950,36.459580,204.654700,354.988300
398.653,10,0.176076,1.483895,0.256667,-0.099284,0.936494,-0.255302,-0.218957,31.443380,204.914800,355.013500
398.765,10,0.162799,1.460386,0.248387,-0.083926,0.940661,-0.233717,-0.231281,28.588570,206.798400,356.749800
398.877,10,0.154774,1.431023,0.251868,-0.056854,0.944916,-0.198251,-0.254159,23.801040,210.021700,359.582300
398.987,10,0.150882,1.375236,0.256466,-0.039355,0.956351,-0.135916,-0.255676,16.265700,209.886100,359.655400
399.099,10,0.151262,1.316354,0.256996,-0.041086,0.960404,-0.099691,-0.256901,12.274630,209.776600,358.375800
399.209,10,0.161222,1.228451,0.253971,-0.031936,0.960003,-0.079605,-0.266529,9.779997,210.938900,358.902100
399.321,10,0.173853,1.152487,0.255251,-0.023162,0.963566,-0.057255,-0.260243,7.030269,210.175400,359.143500
399.432,10,0.185155,1.081307,0.262665,-0.015774,0.967073,-0.046355,-0.249745,5.597333,208.939700,359.576500
399.543,10,0.186654,1.017154,0.278564,-0.010556,0.970781,-0.017328,-0.239110,2.217374,207.660200,359.300000
399.655,10,0.183916,0.969332,0.294959,-0.010478,0.971776,0.005779,-0.235603,359.639400,207.260400,358.677000
399.766,10,0.185540,0.936132,0.316510,-0.008972,0.974801,0.029701,-0.220907,356.907900,205.584600,358.243200
399.878,10,0.187925,0.937264,0.328397,-0.010400,0.976745,0.034603,-0.211338,356.376500,204.481300,357.993600
399.988,10,0.191224,0.945998,0.334429,-0.018415,0.976044,0.045015,-0.212069,355.407900,204.643600,356.834700
400.100,10,0.197572,0.940458,0.332534,-0.016855,0.975871,0.034005,-0.215025,356.610700,204.932900,357.271400
400.210,10,0.208680,0.933361,0.332569,-0.011908,0.978414,0.027154,-0.204515,357.233500,203.660400,358.025800
400.322,10,0.215258,0.935510,0.335099,-0.008030,0.978442,0.027126,-0.204574,357.145700,203.657100,358.461700
400.433,10,0.220831,0.943333,0.338873,-0.006900,0.974752,0.043999,-0.218805,355.253000,205.381200,358.119300
400.544,10,0.231909,0.952261,0.343349,0.004356,0.969505,0.061764,-0.237122,353.002500,207.560900,358.796600
400.656,10,0.245173,0.958421,0.343810,0.009246,0.964886,0.073233,-0.252083,351.605700,209.364300,358.895000
400.767,10,0.262456,0.963671,0.336225,0.023739,0.962072,0.077615,-0.260441,350.694000,210.270000,0.304701
400.878,10,0.267569,0.961633,0.331921,0.023771,0.963392,0.078049,-0.255382,350.646500,209.665500,0.344767
400.989,10,0.261929,0.959150,0.336429,0.023466,0.967510,0.088519,-0.235665,349.493500,207.359200,0.214813
401.100,10,0.251797,0.961566,0.342021,0.030891,0.972583,0.102462,-0.206468,347.756800,203.858800,1.042349
401.211,10,0.247849,0.989901,0.325433,0.037906,0.977518,0.082193,-0.190434,349.913900,201.828000,2.491693
401.323,10,0.256150,1.048363,0.296903,0.033918,0.984395,0.061762,-0.161251,352.383900,198.425300,2.709701
401.434,10,0.280568,1.109874,0.267277,0.034239,0.994065,0.048341,-0.091241,354.125200,190.313300,3.414779
401.545,10,0.315628,1.164049,0.238326,-0.013338,0.999109,0.032710,0.023110,356.216900,177.397600,358.556300
401.656,10,0.344978,1.209371,0.217255,-0.052542,0.991528,0.004105,0.118722,358.818700,166.405400,354.074200
401.768,10,0.373813,1.274592,0.199467,-0.106900,0.973350,-0.023346,0.201539,0.135202,156.588800,347.437000
401.880,10,0.389398,1.320671,0.187674,-0.126514,0.965932,-0.034539,0.223105,0.588620,153.910700,344.939900
401.991,10,0.406623,1.366544,0.180067,-0.125566,0.965613,-0.048947,0.222326,2.217613,153.769400,344.665300
402.102,10,0.411185,1.390763,0.174966,-0.124629,0.962369,-0.042730,0.237670,1.318089,152.080700,344.914600
402.213,10,0.402536,1.394875,0.148785,-0.117581,0.957091,-0.059459,0.258100,3.045003,149.419400,345.159700
402.325,10,0.384276,1.387163,0.113229,-0.103839,0.953176,-0.066146,0.276222,3.941130,147.207800,346.405300
402.436,10,0.369033,1.372932,0.081697,-0.104513,0.950789,-0.072466,0.282536,4.516264,146.349100,346.087800
402.547,10,0.352743,1.346771,0.049318,-0.099272,0.948255,-0.084949,0.289382,5.949468,145.337200,346.188900
402.658,10,0.342230,1.326566,0.030861,-0.097836,0.945714,-0.099233,0.293610,7.483530,144.570800,345.793900
402.768,10,0.330312,1.307345,0.014231,-0.097534,0.944575,-0.109953,0.293559,8.653170,144.362400,345.423300
402.880,10,0.323842,1.298175,0.006962,-0.099156,0.942743,-0.119755,0.295063,9.629838,143.958200,344.852200
402.990,10,0.317819,1.296517,0.005473,-0.097948,0.941836,-0.118113,0.299001,9.434026,143.530400,345.011100
403.102,10,0.314530,1.298188,0.006720,-0.098583,0.941749,-0.115567,0.300059,9.120370,143.453600,345.030800
403.213,10,0.312208,1.302004,0.007440,-0.100085,0.942042,-0.115685,0.298593,9.101938,143.615600,344.874200
403.324,10,0.308262,1.322317,0.010310,-0.099781,0.945828,-0.118510,0.285322,9.627435,145.150100,344.927500
403.435,10,0.301289,1.357000,0.019735,-0.090023,0.958690,-0.130545,0.236151,11.992710,150.861500,346.143500
403.546,10,0.285081,1.403354,0.038899,-0.073437,0.978127,-0.182528,0.067512,20.313410,170.246100,349.661100
403.656,10,0.278280,1.438911,0.057843,-0.065143,0.973180,-0.200913,-0.091171,23.761300,189.513900,354.346800
403.766,10,0.288554,1.475936,0.088810,-0.068774,0.941526,-0.222130,-0.243841,26.860610,208.714600,358.639800
403.876,10,0.311160,1.501101,0.111837,-0.084397,0.917149,-0.226983,-0.316535,28.020200,217.902200,359.278700
403.988,10,0.348304,1.526838,0.138364,-0.108332,0.894489,-0.221738,-0.372809,28.519470,224.779300,358.143100
404.098,10,0.376885,1.539281,0.155527,-0.123946,0.879445,-0.227693,-0.399211,29.963460,228.188700,357.604400
404.209,10,0.407475,1.554312,0.170766,-0.138778,0.872063,-0.222171,-0.413384,30.147730,229.682100,356.130100
404.320,10,0.427909,1.561600,0.177977,-0.143951,0.864252,-0.224232,-0.426692,30.692570,231.500300,356.168400
404.431,10,0.441668,1.564607,0.180240,-0.147715,0.857637,-0.228132,-0.436572,31.351410,232.934800,356.362500
404.543,10,0.450859,1.566826,0.181336,-0.154008,0.853325,-0.228050,-0.442844,31.708930,233.689800,355.897800
404.654,10,0.455439,1.569489,0.182970,-0.153128,0.848651,-0.226615,-0.452757,31.553380,235.119800,356.319500
404.765,10,0.455469,1.572869,0.184476,-0.155990,0.847059,-0.225179,-0.455471,31.572460,235.408900,356.019600
404.877,10,0.454378,1.575068,0.186962,-0.159989,0.843288,-0.221879,-0.462644,31.483350,236.276200,355.660200
404.988,10,0.456198,1.575949,0.191518,-0.163795,0.839782,-0.221664,-0.467764,31.704200,236.938900,355.433800
405.098,10,0.461827,1.577077,0.196014,-0.166751,0.836923,-0.220337,-0.472447,31.760630,237.528000,355.215400
405.210,10,0.471910,1.579884,0.202561,-0.165525,0.837233,-0.218247,-0.473298,31.475400,237.621700,355.253400
405.321,10,0.479522,1.582164,0.209957,-0.166144,0.835171,-0.212503,-0.479299,30.945220,238.335000,355.062900
405.432,10,0.485315,1.583935,0.218404,-0.168113,0.831231,-0.208990,-0.486946,30.741280,239.330300,354.930500
405.544,10,0.490034,1.585302,0.223690,-0.170684,0.828891,-0.204408,-0.491960,30.451110,239.895900,354.552600
405.656,10,0.494590,1.585914,0.225788,-0.172678,0.829274,-0.202999,-0.491202,30.419150,239.704100,354.211900
405.767,10,0.499422,1.586193,0.225364,-0.171415,0.829795,-0.203916,-0.490383,30.433340,239.632800,354.376800
405.876,10,0.502528,1.586358,0.223516,-0.169541,0.830705,-0.204779,-0.489133,30.402920,239.509000,354.588000
405.989,10,0.504859,1.586397,0.221655,-0.168173,0.830792,-0.206108,-0.488899,30.457880,239.538900,354.815000
406.101,10,0.506997,1.585592,0.220722,-0.166693,0.831048,-0.208588,-0.487917,30.621120,239.493000,355.099600
406.209,10,0.508311,1.585370,0.220031,-0.165366,0.832468,-0.208958,-0.485785,30.568360,239.214100,355.182700
406.323,10,0.508476,1.584884,0.220619,-0.165568,0.832321,-0.209704,-0.485647,30.656990,239.210500,355.203700
406.434,10,0.508327,1.584330,0.221969,-0.165604,0.831830,-0.209061,-0.486752,30.598810,239.355600,355.202600
406.542,10,0.509507,1.585246,0.223487,-0.164850,0.834003,-0.208238,-0.483633,30.450610,238.885500,355.105700
406.656,10,0.512960,1.586384,0.225334,-0.161241,0.835810,-0.208267,-0.481713,30.231030,238.677500,355.427200
406.767,10,0.519081,1.586635,0.227930,-0.160126,0.835842,-0.210813,-0.480922,30.426240,238.655500,355.682800
406.877,10,0.523307,1.586153,0.229884,-0.161886,0.835087,-0.213955,-0.480257,30.852850,238.609900,355.666400
406.988,10,0.527700,1.585252,0.232261,-0.161708,0.835002,-0.216005,-0.479545,31.052370,238.567800,355.790400
407.110,10,0.530427,1.585435,0.233694,-0.160039,0.836753,-0.213630,-0.478116,30.700130,238.322800,355.761700
407.225,10,0.532971,1.584689,0.235122,-0.161263,0.836690,-0.215546,-0.476953,30.965410,238.179700,355.703300
407.333,11,0.534749,1.585137,0.236216,-0.158801,0.837091,-0.212119,-0.478609,30.473070,238.378800,355.820300
407.434,11,0.536424,1.585445,0.237498,-0.157371,0.836839,-0.211561,-0.479769,30.337150,238.564100,355.987800
407.543,11,0.538059,1.586579,0.238285,-0.153993,0.837301,-0.207653,-0.481761,29.743100,238.816000,356.183100
407.656,11,0.539897,1.587001,0.239179,-0.153460,0.837648,-0.206916,-0.481645,29.634970,238.789100,356.189100
407.764,11,0.540898,1.587254,0.240798,-0.153549,0.835957,-0.207111,-0.484462,29.672970,239.207100,356.301600
407.878,11,0.541956,1.587587,0.241480,-0.152728,0.836109,-0.206126,-0.484880,29.524620,239.257000,356.342900
407.990,11,0.541743,1.588209,0.241794,-0.153173,0.836628,-0.204490,-0.484536,29.379990,239.151700,356.174800
408.098,11,0.540043,1.589549,0.243586,-0.153239,0.834043,-0.199045,-0.491194,28.853030,239.978200,356.066900
408.211,11,0.533696,1.591083,0.246921,-0.151413,0.824027,-0.193404,-0.510537,28.251640,242.708800,356.612000
408.323,11,0.527304,1.592915,0.251107,-0.153337,0.814822,-0.184696,-0.527675,27.568770,244.981500,356.445100
408.433,11,0.516266,1.593572,0.257755,-0.153773,0.798239,-0.176945,-0.554850,26.944690,248.848600,356.840000
408.543,11,0.499682,1.592831,0.270401,-0.155416,0.773828,-0.169417,-0.590198,26.465070,254.054800,357.403700
408.653,11,0.479861,1.591755,0.290887,-0.161218,0.741903,-0.164352,-0.629744,26.546090,260.163700,357.936100
408.764,11,0.455650,1.589006,0.321151,-0.170368,0.689823,-0.158683,-0.685521,26.904710,269.372800,358.876500
408.875,11,0.428893,1.584350,0.350955,-0.178455,0.635644,-0.156613,-0.734563,27.469280,278.309100,0.207779
408.985,11,0.383391,1.569146,0.388429,-0.190624,0.567733,-0.156473,-0.785403,28.496420,288.762900,1.913303
409.096,11,0.347283,1.547802,0.412425,-0.201981,0.526458,-0.160840,-0.810047,29.773920,294.800800,3.163968
409.207,11,0.310227,1.508229,0.430432,-0.212893,0.495677,-0.159460,-0.826773,30.671170,299.074100,3.507532
409.318,11,0.285611,1.473632,0.436412,-0.212042,0.477256,-0.165877,-0.836511,30.869300,301.974800,5.020768
409.429,11,0.258342,1.426041,0.435541,-0.207683,0.471885,-0.163725,-0.841063,30.256190,302.836900,5.274249
409.540,11,0.244684,1.383052,0.428751,-0.201937,0.475460,-0.148695,-0.843237,28.813430,302.154800,3.844289
409.652,11,0.244683,1.357785,0.419013,-0.203373,0.475895,-0.142148,-0.843776,28.587320,301.924000,3.023399
409.763,11,0.255637,1.377936,0.403744,-0.186592,0.492940,-0.121160,-0.841139,25.680270,299.544000,1.263117
409.874,11,0.281898,1.441297,0.381523,-0.128972,0.524629,-0.068584,-0.838706,16.756340,295.767500,358.786300
409.985,11,0.324267,1.524804,0.347488,-0.040990,0.571616,0.014100,-0.819375,2.926362,290.096200,355.982700
410.096,11,0.375342,1.594596,0.315576,0.042657,0.617987,0.098301,-0.778852,349.167100,283.695700,354.132800
410.206,11,0.431809,1.647057,0.290590,0.089508,0.641865,0.147440,-0.747168,341.153900,279.733100,353.604500
410.306,11,0.458048,1.654912,0.278059,0.024343,0.651957,0.095081,-0.751877,350.759200,278.666000,353.529000
410.416,11,0.473440,1.641674,0.269898,-0.062681,0.650385,0.006183,-0.756989,4.982703,278.435400,354.765100
410.526,11,0.485599,1.621084,0.265120,-0.135066,0.637770,-0.066286,-0.755389,16.774500,279.014200,355.679000
410.636,11,0.491749,1.610541,0.262400,-0.158863,0.632555,-0.089437,-0.752753,20.629160,279.177900,355.935700
410.747,11,0.494387,1.602089,0.261367,-0.180136,0.635215,-0.110126,-0.742917,24.051660,278.064400,355.904300
410.858,11,0.491944,1.601527,0.264365,-0.177226,0.635254,-0.111574,-0.743367,23.906410,278.180600,356.281800
410.969,11,0.483426,1.597043,0.270586,-0.186330,0.639769,-0.118445,-0.736171,25.207410,277.107800,355.942100
411.081,11,0.469376,1.594523,0.280597,-0.188267,0.655784,-0.125942,-0.720168,25.871140,274.398500,355.823700
411.191,11,0.448164,1.594186,0.298987,-0.187940,0.677793,-0.123053,-0.700095,25.465100,270.669600,354.758900
411.303,11,0.417409,1.593969,0.327357,-0.180770,0.702471,-0.116168,-0.678499,24.111510,266.716000,353.941700
411.414,11,0.382231,1.598598,0.360002,-0.153183,0.731236,-0.093313,-0.658120,19.760760,262.898900,353.826700
411.526,11,0.329989,1.614881,0.408698,-0.091652,0.788635,-0.047111,-0.606165,10.685600,254.615800,354.894600
411.638,11,0.289475,1.640112,0.446451,-0.036259,0.830638,0.017345,-0.555360,0.656573,247.506700,355.439800
411.750,11,0.243489,1.665237,0.486910,-0.005212,0.866350,0.063481,-0.495360,353.982600,239.738000,355.852700
411.862,11,0.197288,1.671627,0.508524,-0.005265,0.888488,0.065157,-0.454220,353.627100,234.375000,356.045000
411.973,11,0.140600,1.657975,0.513606,-0.039876,0.899313,0.003042,-0.435474,1.676601,231.612800,355.733000
412.083,11,0.077392,1.631686,0.501760,-0.068468,0.892902,-0.081623,-0.437467,11.868500,231.894300,357.021200
412.193,11,0.014691,1.608003,0.474013,-0.072011,0.888301,-0.134033,-0.433325,17.489480,231.898700,359.292600
412.304,11,-0.044160,1.594499,0.433123,-0.055207,0.893508,-0.156791,-0.417147,19.041130,230.379300,1.949299
412.416,11,-0.094105,1.601318,0.392976,-0.046722,0.902911,-0.165193,-0.394056,19.580470,227.636700,2.787431
412.528,11,-0.149004,1.608276,0.354129,-0.038378,0.922975,-0.154011,-0.350605,18.132050,221.957500,2.240334
412.638,11,-0.183219,1.612972,0.333234,-0.043059,0.939798,-0.151862,-0.303091,18.152060,215.856800,0.670595
412.750,11,-0.223767,1.622635,0.307328,-0.037936,0.964747,-0.128176,-0.226703,15.338170,206.327100,359.104000
412.861,11,-0.256767,1.626669,0.282020,-0.032972,0.987121,-0.103826,-0.117158,12.280830,193.279800,357.608900
412.972,11,-0.292204,1.629630,0.257320,-0.027984,0.996746,-0.071867,0.023445,8.160972,177.060700,356.573900
413.083,11,-0.338943,1.629807,0.235941,-0.019503,0.985848,-0.052303,0.158076,5.564112,161.626900,356.832800
413.194,11,-0.386366,1.631126,0.219141,0.002535,0.960694,-0.076764,0.266775,8.560003,148.804600,357.908700
413.305,11,-0.439397,1.627543,0.204162,0.045236,0.908971,-0.129965,0.393492,15.775430,133.019200,358.806500
413.416,11,-0.469805,1.626885,0.198917,0.059964,0.871219,-0.140279,0.466588,17.480650,123.412700,358.412700
413.527,11,-0.493763,1.627502,0.198671,0.076416,0.830044,-0.136705,0.535257,17.983710,114.182000,358.826000
413.637,11,-0.503662,1.627831,0.202055,0.083850,0.807526,-0.140470,0.566692,18.777930,109.642400,358.560500
413.748,11,-0.507440,1.626784,0.209857,0.087568,0.793309,-0.137290,0.586638,18.697310,106.815000,358.660500
413.860,11,-0.505198,1.626570,0.217152,0.091070,0.789511,-0.137053,0.591266,18.911170,106.156500,358.893500
413.971,11,-0.500353,1.625171,0.224627,0.102668,0.787667,-0.139998,0.591135,19.994180,106.183800,359.769500
414.082,11,-0.494214,1.627901,0.227978,0.103708,0.792165,-0.134244,0.586258,19.529120,107.064200,0.419750
414.193,11,-0.484795,1.634140,0.230947,0.097127,0.800442,-0.116283,0.579946,17.386300,108.340100,1.237706
414.305,11,-0.474155,1.658808,0.237143,0.044618,0.810702,-0.034716,0.582723,6.216648,108.683500,1.838001
414.417,11,-0.471112,1.685999,0.247264,-0.026800,0.814074,0.064862,0.576506,352.154300,109.266200,1.802057
414.529,11,-0.472899,1.709836,0.264686,-0.100897,0.809574,0.163703,0.554627,337.853300,110.950500,1.127203
414.643,11,-0.472374,1.718468,0.282257,-0.135149,0.802394,0.215935,0.539696,330.501000,111.869200,1.066088
414.755,11,-0.465110,1.718084,0.295607,-0.144655,0.800926,0.225057,0.535670,328.970300,112.275300,0.628360
414.866,11,-0.446308,1.708004,0.306572,-0.132332,0.812792,0.189517,0.534734,333.281900,113.507700,359.202400
414.977,11,-0.425632,1.691163,0.306016,-0.093158,0.841627,0.098954,0.522680,344.695600,116.742800,356.828300
415.087,11,-0.400382,1.659028,0.300088,-0.014381,0.871068,-0.038431,0.489446,3.030928,121.242200,356.401600
415.196,11,-0.384204,1.645511,0.293194,0.006849,0.874515,-0.088048,0.476890,9.237739,122.452900,355.816800
415.306,11,-0.369921,1.639182,0.281026,0.019868,0.873461,-0.108543,0.474226,12.032090,122.580700,355.999100
415.417,11,-0.362593,1.634521,0.265425,0.031878,0.869724,-0.118386,0.478067,13.674580,121.998200,356.593100
415.528,11,-0.354135,1.630084,0.233914,0.035573,0.857741,-0.126152,0.497092,14.582740,119.324000,356.184800
415.640,11,-0.349449,1.630295,0.191844,0.026111,0.850002,-0.109917,0.514522,12.340910,117.189100,355.966100
415.750,11,-0.349483,1.636647,0.133444,-0.005293,0.841979,-0.058024,0.536355,5.280552,114.815200,355.902200
415.862,11,-0.355044,1.648833,0.058340,-0.038283,0.831787,-0.008454,0.553708,358.376600,112.757200,355.809200
415.973,11,-0.358070,1.659185,-0.022640,-0.048816,0.821111,-0.007487,0.568628,357.522800,110.704200,354.907500
416.085,11,-0.358520,1.670671,-0.095935,-0.057935,0.811914,-0.000428,0.580895,356.180500,109.016900,354.561200
416.197,11,-0.358417,1.679572,-0.145774,-0.057538,0.807792,0.026382,0.586059,353.681000,108.275300,356.421600
416.308,11,-0.356786,1.685130,-0.190283,-0.062651,0.797256,0.044724,0.598713,351.585500,106.386900,357.314800
416.420,11,-0.352335,1.687284,-0.214955,-0.071785,0.786006,0.053247,0.611725,350.123100,104.454700,357.224700
416.531,11,-0.347935,1.692827,-0.227301,-0.079605,0.773944,0.069459,0.624379,348.057900,102.433800,357.862900
416.643,11,-0.344503,1.697371,-0.237992,-0.091784,0.756435,0.074603,0.643285,346.646900,99.538930,357.474400
416.755,11,-0.339822,1.692316,-0.256936,-0.092855,0.750726,0.063660,0.650950,347.498200,98.507030,356.680000
416.865,11,-0.326598,1.682707,-0.286937,-0.088194,0.757818,0.033746,0.645596,350.501500,99.579410,354.758700
416.976,11,-0.306530,1.673551,-0.304565,-0.065110,0.769060,0.000919,0.635851,355.169200,101.073500,354.299300
417.087,11,-0.271344,1.657394,-0.317941,-0.024044,0.776955,-0.039900,0.627830,1.822825,102.039100,354.979700
417.197,11,-0.237345,1.644019,-0.325033,0.008995,0.780100,-0.075018,0.621076,7.366521,102.655200,355.422500
417.308,11,-0.183681,1.626448,-0.331954,0.048831,0.783352,-0.101905,0.611221,12.670780,103.759100,357.176000
417.419,11,-0.137715,1.618723,-0.338298,0.073259,0.783405,-0.122147,0.604971,16.261370,104.365400,358.029600
417.530,11,-0.082249,1.619095,-0.347366,0.093257,0.776247,-0.136358,0.608400,18.975890,103.609300,358.719100
417.641,11,-0.045831,1.612562,-0.353990,0.110413,0.770126,-0.152104,0.609574,21.647090,103.093800,359.052300
417.752,11,-0.015224,1.611257,-0.356888,0.130717,0.760101,-0.166622,0.614326,24.450350,102.026700,359.622100
417.863,11,0.012881,1.609855,-0.357671,0.135855,0.748759,-0.168065,0.626624,24.957130,100.048700,359.546100
417.975,11,0.035771,1.607979,-0.357398,0.143722,0.732969,-0.167259,0.643525,25.478190,97.369900,359.709100
418.086,11,0.064960,1.605600,-0.358419,0.144714,0.705231,-0.158278,0.675763,24.760720,92.309010,359.381500
418.197,11,0.089145,1.604233,-0.362067,0.148021,0.671384,-0.148360,0.710861,24.183280,86.564410,359.235700
418.308,11,0.121409,1.605078,-0.372108,0.153661,0.605506,-0.130163,0.769940,23.219150,76.181510,359.105300
418.419,11,0.143561,1.613145,-0.383448,0.155524,0.532311,-0.106144,0.825343,21.698680,65.526680,359.405800
418.530,11,0.164280,1.631123,-0.395964,0.137239,0.408356,-0.073897,0.899417,17.891990,48.640710,358.744900
418.641,11,0.164308,1.637403,-0.396643,0.134462,0.242996,-0.051980,0.959256,16.452940,28.132940,357.945800
418.752,11,0.159026,1.636837,-0.400625,0.142968,0.117378,-0.044570,0.981731,16.928360,13.154850,356.767200
418.863,11,0.161973,1.636630,-0.407640,0.146132,0.075799,-0.037394,0.985648,17.081930,8.330621,356.908000
418.974,11,0.170507,1.638298,-0.413857,0.140691,0.073796,-0.033309,0.986738,16.413390,8.166526,357.313000
419.085,11,0.179449,1.639322,-0.416711,0.135961,0.078285,-0.029411,0.987178,15.845270,8.763381,357.808900
419.196,11,0.184526,1.639273,-0.417581,0.136366,0.073184,-0.029716,0.987505,15.882950,8.154971,357.692300
419.307,11,0.189063,1.638442,-0.420192,0.137071,0.069550,-0.029404,0.987679,15.953310,7.730079,357.674300
419.418,11,0.191948,1.638658,-0.423503,0.135140,0.070076,-0.027756,0.987956,15.718700,7.819307,357.862500
419.529,11,0.197164,1.641124,-0.431783,0.123539,0.075029,-0.025011,0.989183,14.368530,8.444331,358.169600
419.641,11,0.205862,1.644997,-0.444470,0.104988,0.088504,-0.024726,0.990219,12.257090,10.023510,358.218200
419.752,11,0.217831,1.645465,-0.460494,0.096966,0.101264,-0.030282,0.989660,11.423560,11.448910,357.643600
419.863,11,0.229039,1.643815,-0.478177,0.103165,0.103903,-0.035749,0.988577,12.204480,11.691090,357.112200
419.975,11,0.237064,1.641674,-0.493768,0.105743,0.104073,-0.037869,0.988207,12.525500,11.683280,356.897500
420.085,11,0.244325,1.640762,-0.509274,0.106090,0.105468,-0.040223,0.987929,12.597610,11.816930,356.645900
420.196,11,0.254481,1.640938,-0.519352,0.100683,0.119829,-0.051551,0.986330,12.179070,13.368070,355.448900
420.307,11,0.287072,1.638891,-0.537280,0.091844,0.230928,-0.078783,0.965417,12.340510,26.206980,353.552500
420.419,11,0.317337,1.632696,-0.552946,0.101225,0.363477,-0.097816,0.920907,14.924420,42.247550,353.667800
420.530,11,0.346746,1.625243,-0.567907,0.099777,0.499788,-0.134444,0.849812,17.696220,59.709850,352.231800
420.642,11,0.365333,1.615857,-0.569895,0.097778,0.589236,-0.163441,0.785192,20.252570,72.220260,351.329200
420.753,11,0.378393,1.611543,-0.560346,0.103268,0.659434,-0.174434,0.723917,22.307070,83.235980,352.774900
420.865,11,0.384858,1.611552,-0.543703,0.106888,0.710251,-0.176282,0.673085,23.222270,91.980650,354.663400
420.976,11,0.388394,1.613288,-0.524924,0.101407,0.734705,-0.179418,0.646323,23.248610,96.257760,354.822400
421.087,11,0.391889,1.612702,-0.499104,0.106732,0.747976,-0.176837,0.630769,23.527250,98.891710,356.033600
421.199,11,0.393165,1.609359,-0.479869,0.113427,0.750972,-0.182467,0.624405,24.563630,99.726000,356.374800
421.309,11,0.392497,1.603373,-0.465011,0.119612,0.762576,-0.192217,0.605990,25.984430,102.310600,356.777200
421.421,11,0.380284,1.602491,-0.461849,0.104806,0.771569,-0.193971,0.596718,25.112830,103.579900,355.581300
421.532,11,0.352858,1.615733,-0.466814,0.079033,0.769145,-0.160115,0.613622,20.077860,102.024000,355.424500
421.643,11,0.308862,1.647282,-0.484114,-0.006854,0.749319,-0.080598,0.657251,6.417805,97.112980,353.283800
421.755,11,0.266802,1.665364,-0.508368,-0.044479,0.726973,-0.036663,0.684243,359.566700,93.493580,353.405200
421.867,11,0.239429,1.656096,-0.537447,-0.005044,0.732255,-0.031627,0.680277,2.261246,94.157760,357.107800
421.978,11,0.237662,1.638190,-0.550512,0.023768,0.738509,-0.037727,0.672768,5.031535,95.294580,359.099500
422.088,11,0.247263,1.594247,-0.557995,0.041377,0.731549,-0.041823,0.679246,6.742124,94.258960,0.214756
422.200,11,0.255513,1.534271,-0.561932,0.048133,0.721376,-0.034108,0.690027,6.640266,92.619660,1.290616
422.311,11,0.264465,1.437766,-0.562915,0.057066,0.716971,-0.036702,0.693793,7.574347,92.000780,1.786414
422.422,11,0.255571,1.337371,-0.556520,0.066327,0.713620,-0.039650,0.696258,8.566111,91.582390,2.286481
422.532,11,0.240956,1.248393,-0.552706,0.073172,0.697223,-0.035737,0.712214,8.862352,89.011180,2.966190
422.644,11,0.243732,1.173870,-0.560404,0.083943,0.684135,-0.036141,0.723607,9.842148,87.101330,3.639952
422.755,11,0.236051,1.119857,-0.573911,0.088509,0.683980,-0.048867,0.722461,11.229340,87.155530,2.949280
422.865,11,0.207567,1.054803,-0.583614,0.078124,0.685594,-0.040226,0.722662,9.675781,87.225550,2.848168
422.977,11,0.189425,0.992376,-0.579864,0.072454,0.703432,-0.045021,0.705626,9.531449,90.007600,2.231348
423.088,11,0.169134,0.923507,-0.564326,0.065827,0.713155,-0.045759,0.696407,9.029997,91.499670,1.749779
423.199,11,0.154711,0.879216,-0.546591,0.060361,0.712706,-0.047727,0.697229,8.754525,91.344350,1.129656
423.310,11,0.137331,0.844274,-0.519373,0.059331,0.708091,-0.045374,0.702159,8.486552,90.569290,1.176253
423.421,11,0.133965,0.850730,-0.501391,0.076106,0.695175,-0.040087,0.713676,9.460327,88.728990,2.823821
423.532,11,0.133687,0.866849,-0.489454,0.076185,0.686535,-0.038013,0.722095,9.335780,87.343650,2.887573
423.643,11,0.125065,0.863976,-0.458522,0.085299,0.655191,-0.024942,0.750218,9.245706,82.613200,4.320177
423.754,11,0.103602,0.856395,-0.416891,0.089492,0.588502,-0.008584,0.803482,8.853823,72.852830,5.315628
423.864,11,0.066211,0.853254,-0.363206,0.080370,0.492886,0.001044,0.866374,7.945576,59.597770,4.693268
423.976,11,0.028890,0.862796,-0.324671,0.070752,0.395023,0.009309,0.915896,7.021862,46.919480,4.215061
424.087,11,-0.013858,0.866889,-0.295114,0.055290,0.303891,-0.003979,0.951093,6.176461,35.520130,1.500563
424.198,11,-0.031939,0.867017,-0.290814,0.032494,0.258727,-0.005602,0.965388,3.763384,30.017040,0.344437
424.308,11,-0.029460,0.912206,-0.305535,-0.029273,0.197785,-0.014406,0.979702,357.038800,22.886300,357.715600
424.419,11,-0.019760,0.980947,-0.315315,-0.049985,0.172729,-0.022004,0.983454,354.795200,20.081540,356.514400
424.531,11,-0.015079,1.075903,-0.317420,-0.046833,0.189326,-0.012722,0.980714,355.006500,21.960060,357.544200
424.642,11,-0.010968,1.147045,-0.300643,-0.011414,0.234691,-0.027696,0.971608,359.474000,27.174800,356.607300
424.753,11,-0.002786,1.208657,-0.275087,0.036629,0.348020,-0.062804,0.934664,6.441351,40.546620,354.693100
424.864,11,0.004433,1.262401,-0.258145,0.085652,0.481166,-0.098960,0.866805,14.106200,57.416660,354.726900
424.975,11,0.007069,1.306762,-0.244866,0.116952,0.558509,-0.105880,0.814358,17.984020,68.488080,357.480600
425.086,11,0.008781,1.348467,-0.229384,0.130764,0.605276,-0.102262,0.778515,19.110850,75.718860,359.943700
425.197,11,0.013759,1.362944,-0.219833,0.140361,0.632192,-0.096466,0.755861,19.521300,80.148250,1.923795
425.308,11,0.033329,1.381485,-0.202663,0.146311,0.652252,-0.090759,0.738189,19.536450,83.522290,3.459470
425.420,11,0.053896,1.394768,-0.184235,0.141490,0.648447,-0.096836,0.741700,19.601310,82.743380,2.424440
425.531,11,0.072227,1.408794,-0.156162,0.142224,0.651159,-0.094667,0.739461,19.488880,83.205650,2.749147
425.642,11,0.080226,1.410456,-0.126247,0.153306,0.645226,-0.091349,0.742857,20.221480,82.630460,3.795559
425.753,11,0.084736,1.415926,-0.094077,0.156176,0.638352,-0.090897,0.748233,20.472710,81.638650,3.878309
425.865,11,0.084514,1.416755,-0.059514,0.155730,0.642734,-0.088666,0.744835,20.240660,82.326550,4.162463
425.976,11,0.080593,1.415685,-0.025297,0.159318,0.647514,-0.084756,0.740379,20.222850,83.225650,4.940781
426.087,11,0.077094,1.416430,0.021366,0.166796,0.654621,-0.086587,0.732225,20.954540,84.635990,5.627418
426.198,11,0.073631,1.419458,0.054363,0.164521,0.661600,-0.092292,0.725741,21.156750,85.668460,5.151287
426.309,11,0.067463,1.423780,0.095523,0.164159,0.669948,-0.093130,0.718017,21.132320,87.022890,5.303636
426.420,11,0.062746,1.426523,0.127778,0.164705,0.673385,-0.088627,0.715242,20.791430,87.618270,5.834783
426.531,11,0.057810,1.424801,0.168051,0.166727,0.676874,-0.084687,0.711949,20.612600,88.280380,6.448506
426.643,11,0.053129,1.420210,0.205434,0.171978,0.676713,-0.079324,0.711471,20.614180,88.471460,7.359103
426.753,11,0.047758,1.414616,0.243136,0.180441,0.669614,-0.072381,0.716812,20.831360,87.662720,8.483764
426.865,11,0.040787,1.410528,0.274474,0.181751,0.665355,-0.067380,0.720922,20.592620,87.027820,8.892630
426.976,11,0.035470,1.405833,0.295545,0.185274,0.672579,-0.062478,0.713728,20.396370,88.372340,9.830997
427.087,11,0.028539,1.397812,0.323112,0.192843,0.671388,-0.053085,0.713605,20.273920,88.527780,11.260970
427.198,11,0.021966,1.392203,0.345783,0.197851,0.657292,-0.050598,0.725439,20.706030,86.466920,11.511940
427.308,11,0.016158,1.400130,0.370190,0.198908,0.632481,-0.063417,0.745911,22.145150,82.505570,9.759212
427.420,11,0.011671,1.419545,0.378495,0.186005,0.622056,-0.076376,0.756714,22.118630,80.249290,7.181976
427.531,11,0.015323,1.454750,0.383332,0.166417,0.623744,-0.087181,0.758715,21.179020,79.714260,4.632707
427.642,11,0.029941,1.481085,0.389239,0.156159,0.628982,-0.102878,0.754594,21.413170,80.104240,2.535195
427.754,11,0.050454,1.499210,0.399354,0.147394,0.640489,-0.125887,0.743103,22.353240,81.537890,0.106264
427.865,11,0.076738,1.511070,0.424368,0.139067,0.652798,-0.150814,0.729226,23.560990,83.168690,357.599700
427.976,11,0.086402,1.516167,0.456915,0.151033,0.647882,-0.167295,0.727634,25.885050,82.664070,356.957200
428.087,11,0.096148,1.529538,0.501072,0.145342,0.657656,-0.173832,0.718433,25.943240,84.081150,356.263400
428.199,11,0.099838,1.534831,0.540347,0.140721,0.676960,-0.173316,0.701345,25.597330,87.213350,356.657400
428.309,11,0.091664,1.532415,0.604844,0.139593,0.698127,-0.166439,0.682225,25.015200,90.868430,357.964300
428.420,11,0.081670,1.533915,0.668100,0.134795,0.721445,-0.176401,0.655920,25.553700,94.915470,357.654900
428.529,11,0.070123,1.536904,0.729675,0.132377,0.737962,-0.185534,0.635190,26.231810,97.960160,357.423700
428.641,11,0.059750,1.538660,0.793821,0.133040,0.746905,-0.183565,0.625090,26.138000,99.691890,358.036900
428.744,11,0.051821,1.541528,0.841514,0.134575,0.744362,-0.179504,0.628963,25.881860,99.233830,358.378500
428.852,11,0.044877,1.544667,0.878705,0.129368,0.750445,-0.175117,0.624043,25.106040,100.164900,358.456300
428.963,11,0.039765,1.543908,0.906994,0.132184,0.753547,-0.170367,0.621024,24.893740,100.841000,359.217300
429.082,11,0.033233,1.544776,0.925572,0.131258,0.755757,-0.169987,0.618633,24.792830,101.229800,359.247600
429.196,11,0.028147,1.547411,0.931656,0.124896,0.757215,-0.171157,0.617845,24.427280,101.270400,358.593300
429.309,11,0.027785,1.550640,0.929175,0.125084,0.762091,-0.166233,0.613138,24.001250,102.187400,359.172300
429.423,11,0.034868,1.555448,0.918972,0.121560,0.767522,-0.165496,0.607244,23.683040,103.110900,359.099500
429.536,11,0.058229,1.559595,0.900444,0.118091,0.775139,-0.158723,0.600018,22.816320,104.421900,359.540100
429.649,11,0.094536,1.556700,0.878239,0.116120,0.774463,-0.162872,0.600163,23.057790,104.254200,359.026100
429.762,11,0.145457,1.552587,0.848732,0.106984,0.777729,-0.173400,0.594664,23.387960,104.681000,357.513500
429.875,11,0.214629,1.547538,0.814266,0.098268,0.780281,-0.176145,0.592012,23.031460,104.922800,356.560900
429.985,11,0.305112,1.543387,0.774960,0.093851,0.781021,-0.187705,0.588188,23.803930,105.051900,355.347500
430.093,11,0.396569,1.545267,0.737920,0.095783,0.781663,-0.194510,0.584803,24.589280,105.326100,355.094300
430.201,11,0.470688,1.551782,0.711022,0.098884,0.785546,-0.193294,0.579462,24.726180,106.220300,355.665000
430.307,11,0.522632,1.557559,0.694727,0.103125,0.782588,-0.198936,0.580815,25.541330,105.832000,355.570700
430.412,11,0.574254,1.561461,0.680244,0.097905,0.788030,-0.198146,0.574597,25.138110,106.766700,355.349100
430.518,11,0.610119,1.560228,0.675679,0.099961,0.792036,-0.203450,0.566829,25.823470,107.763700,355.393200
430.623,11,0.663911,1.558664,0.676706,0.101604,0.799340,-0.196175,0.558792,25.288170,109.279400,356.397700
430.729,11,0.711729,1.551802,0.683900,0.109441,0.806103,-0.193601,0.548397,25.604660,111.026100,357.718500
430.833,11,0.757612,1.550692,0.693946,0.108311,0.815738,-0.200330,0.531703,26.232380,113.266000,357.679100
430.936,11,0.817284,1.557715,0.707306,0.109872,0.828411,-0.195167,0.513395,25.859950,116.155800,358.831100
431.040,11,0.860494,1.562910,0.718201,0.111404,0.837481,-0.193148,0.498907,25.764650,118.344400,359.610100
431.140,11,0.913740,1.565163,0.731302,0.114698,0.846516,-0.189860,0.483950,25.623500,120.637700,0.662252
431.240,11,0.954392,1.563320,0.740490,0.118314,0.855774,-0.189750,0.466528,25.795450,123.176700,1.619989
431.340,11,0.995395,1.562383,0.750187,0.122913,0.863710,-0.186154,0.451934,25.636650,125.396100,2.801424
431.442,11,1.024804,1.560175,0.755901,0.125233,0.867731,-0.190386,0.441717,26.170360,126.773200,3.138928
431.557,11,1.048543,1.555962,0.756092,0.129261,0.868128,-0.198405,0.436212,27.209910,127.444400,3.309229
431.658,11,1.065569,1.553282,0.753701,0.127463,0.872275,-0.207268,0.424181,28.016380,128.887200,3.021087
431.759,11,1.078746,1.553062,0.751146,0.126634,0.879369,-0.207625,0.409348,27.958580,130.928200,3.422669
431.859,11,-1.815017,1.659391,-0.038430,0.242067,0.014496,0.032429,0.969609,27.935680,2.842467,4.538235
431.976,11,-1.752156,1.656566,-0.117168,0.265819,0.007593,0.005965,0.963975,30.823470,1.188346,1.036644
432.085,11,-1.720877,1.661680,-0.053153,0.242315,0.026458,-0.008182,0.969802,28.062050,3.076085,359.802200
432.197,11,-1.697497,1.674359,0.001650,0.208458,0.041416,-0.013250,0.977064,24.107530,4.738809,359.458600
432.308,11,-1.674975,1.681546,0.045395,0.203191,0.052956,-0.025714,0.977368,23.572390,5.827719,358.202900
432.421,11,-1.647946,1.682121,0.054710,0.207306,0.099496,-0.034491,0.972592,24.211890,11.333830,358.376600
432.528,11,-1.609431,1.677917,0.030905,0.207982,0.223300,-0.038132,0.951539,24.383100,26.689620,1.278118
432.650,11,-1.570429,1.670175,-0.025506,0.216301,0.370239,-0.041456,0.902451,24.904030,45.805740,5.398980
432.765,11,-1.535610,1.660114,-0.100877,0.242128,0.454469,-0.053235,0.855569,27.561580,58.008990,8.366231
432.887,11,-1.504839,1.662559,-0.160305,0.250080,0.512219,-0.076237,0.818095,29.161900,66.358410,8.657861
433.001,11,-1.480557,1.670168,-0.205187,0.245213,0.547462,-0.089742,0.795049,29.220580,71.265530,8.287099
433.109,11,-1.465863,1.675513,-0.227979,0.244306,0.553863,-0.100584,0.789578,29.816080,72.070100,7.402616
433.224,11,-1.446895,1.680980,-0.237345,0.228934,0.541732,-0.096079,0.803047,28.150360,69.538230,6.102279
433.344,11,-1.410825,1.680806,-0.238461,0.214946,0.533998,-0.093956,0.812291,26.714300,67.815280,4.940089
433.452,11,-1.367090,1.678187,-0.229073,0.173728,0.517310,-0.075444,0.834576,21.594420,64.218110,3.317958
433.557,11,-1.309837,1.663002,-0.216954,0.164861,0.495283,-0.073550,0.849768,20.673540,60.899100,2.346359
433.670,11,-1.218767,1.653706,-0.192896,0.167786,0.464239,-0.071679,0.866713,20.940380,56.707460,1.934958
433.784,11,-1.110537,1.666072,-0.154520,0.167775,0.435015,-0.063285,0.882388,20.557410,52.866920,2.098527
433.900,11,-1.004771,1.684217,-0.116670,0.163541,0.394428,-0.045742,0.903100,19.358100,47.667250,2.818417
434.011,11,-0.945018,1.692460,-0.104381,0.174270,0.358667,-0.039955,0.916183,20.364210,43.327660,3.167286
434.120,11,-0.891959,1.701441,-0.109167,0.172061,0.344595,-0.038833,0.922031,20.124110,41.493880,2.867515
434.230,11,-0.854568,1.702701,-0.127051,0.191582,0.329759,-0.039215,0.923590,22.318200,39.956510,3.341098
434.334,11,-0.822073,1.705080,-0.145922,0.194071,0.311543,-0.044369,0.929144,22.847850,37.556320,2.392734
434.444,11,-0.791923,1.702930,-0.160806,0.203873,0.304050,-0.045894,0.929453,24.009550,36.744610,2.425788
434.548,11,-0.751644,1.690011,-0.181023,0.211401,0.304808,-0.040647,0.927766,24.647880,37.111630,3.371516
434.652,11,-0.707558,1.673956,-0.206587,0.233779,0.321650,-0.034259,0.916905,26.791550,40.003440,5.629558
434.757,11,-0.651432,1.670413,-0.237291,0.247888,0.361656,-0.039641,0.897878,28.282500,45.656970,7.052033
434.863,11,-0.603470,1.677306,-0.260032,0.260804,0.374474,-0.048506,0.888481,29.984610,47.649480,7.238435
434.970,11,-0.550752,1.689310,-0.281878,0.242252,0.390920,-0.060896,0.885882,28.478230,48.972740,5.320611
435.077,11,-0.501006,1.696393,-0.296428,0.222901,0.408633,-0.059822,0.883038,26.266740,50.808240,4.894976
435.183,11,-0.458791,1.698070,-0.299420,0.219769,0.407708,-0.071894,0.883350,26.544290,50.340220,3.344446
435.289,11,-0.408304,1.700328,-0.293304,0.218886,0.394975,-0.074085,0.889154,26.600690,48.526770,2.638625
435.391,11,-0.356987,1.701360,-0.285573,0.212729,0.391692,-0.076006,0.891935,26.041500,47.875390,1.981240
435.494,11,-0.288681,1.706011,-0.277457,0.198655,0.399263,-0.064180,0.892752,23.950530,48.776940,2.761992
435.594,11,-0.225344,1.715960,-0.271065,0.180432,0.411021,-0.061173,0.891495,21.838770,49.971450,2.423546
435.710,11,-0.166253,1.716660,-0.267390,0.185799,0.417402,-0.056629,0.887721,22.157220,51.026860,3.377547
435.825,11,-0.119112,1.721297,-0.264711,0.189347,0.419851,-0.059111,0.885652,22.645390,51.402840,3.372449
435.940,11,-0.093349,1.723202,-0.259404,0.189029,0.415271,-0.058125,0.887941,22.579760,50.795600,3.338639
436.054,11,-0.078189,1.722377,-0.257637,0.204433,0.406313,-0.065814,0.888136,24.620750,49.844680,3.103828
436.166,11,-0.067228,1.725551,-0.257034,0.197517,0.403308,-0.064433,0.891167,23.829280,49.287600,2.787071
436.270,11,-0.060555,1.731055,-0.256579,0.180638,0.387195,-0.062556,0.901963,21.981020,46.790250,1.670815
436.382,11,-0.056184,1.746899,-0.257022,0.119739,0.361952,-0.047232,0.923267,14.790960,42.809600,359.968300
436.488,11,-0.055539,1.770775,-0.262393,0.018707,0.325237,-0.020778,0.945219,2.801741,37.937250,358.444500
436.593,11,-0.056436,1.793068,-0.278116,-0.080795,0.294038,0.002981,0.952368,351.045700,34.505550,357.572700
436.705,11,-0.055640,1.799655,-0.294135,-0.104852,0.277021,0.011530,0.955056,348.072800,32.571080,357.887300
436.816,11,-0.051902,1.792219,-0.301222,-0.057053,0.265508,-0.004458,0.962409,353.831700,30.966800,357.759000
436.927,11,-0.049938,1.775810,-0.304476,0.029828,0.241294,-0.022662,0.969729,3.944274,27.887350,358.302200
437.039,11,-0.049633,1.768488,-0.303634,0.062197,0.214182,-0.026377,0.974455,7.614971,24.697330,358.568400
437.150,11,-0.050923,1.766645,-0.302759,0.063919,0.204867,-0.025422,0.976370,7.772141,23.608290,358.643600
437.262,11,-0.057929,1.769815,-0.303373,0.059057,0.195151,-0.029625,0.978545,7.304513,22.428210,357.982000
437.372,11,-0.073117,1.782197,-0.305632,0.012514,0.194040,-0.016362,0.980777,1.770515,22.357990,358.438400
437.484,11,-0.094384,1.799405,-0.309009,-0.067010,0.201175,-0.009010,0.977219,352.684000,23.430010,357.424400
437.595,11,-0.111612,1.810158,-0.309122,-0.120985,0.216325,0.010015,0.968745,346.187800,25.411200,358.056100
437.705,11,-0.130663,1.809743,-0.290951,-0.130942,0.167041,0.017206,0.977065,344.833500,19.483220,359.399100
437.817,11,-0.144191,1.809149,-0.265703,-0.120128,0.058164,0.012884,0.990969,346.138000,6.635175,0.682292
437.928,11,-0.149404,1.809217,-0.226495,-0.131098,-0.047710,0.004007,0.990213,344.974600,354.323100,1.212981
438.039,11,-0.144047,1.808957,-0.188976,-0.142124,-0.112701,0.003652,0.983405,343.817000,346.591800,2.340352
438.162,11,-0.121233,1.819444,-0.142492,-0.170331,-0.161047,0.001532,0.972136,340.690200,340.589400,3.513762
438.264,11,-0.097482,1.842744,-0.107329,-0.180390,-0.189282,-0.008982,0.965169,339.413900,337.242000,3.119883
438.375,11,-0.068885,1.865287,-0.076025,-0.189282,-0.216681,-0.018288,0.957542,338.258700,333.941600,2.900598
438.487,11,-0.027843,1.880043,-0.033103,-0.198298,-0.245662,-0.038540,0.948073,336.737900,330.633800,1.518807
438.598,11,-0.000022,1.891243,-0.000126,-0.202964,-0.256057,-0.049142,0.943836,335.902200,329.493000,0.701460
438.709,11,0.025330,1.900050,0.030624,-0.201842,-0.259725,-0.061736,0.942333,335.639700,329.337700,359.276400
438.820,11,0.039576,1.892863,0.050556,-0.192772,-0.258242,-0.063677,0.944508,336.606900,329.684300,358.706200
438.931,11,0.048874,1.876659,0.071143,-0.167277,-0.234951,-0.068131,0.955079,339.418500,332.932300,356.844300
439.043,11,0.048482,1.868872,0.082957,-0.142183,-0.207075,-0.060221,0.966063,342.563100,336.333300,356.546600
439.154,11,0.041727,1.866925,0.081812,-0.127679,-0.196891,-0.055572,0.970487,344.353400,337.534400,356.571500
439.265,11,0.034452,1.851658,0.079104,-0.070448,-0.173503,-0.058769,0.980551,350.877300,340.352700,354.723100
439.374,11,0.027983,1.822204,0.076033,0.004085,-0.112062,-0.051293,0.992368,359.805800,347.124500,354.104200
439.484,11,0.025791,1.770460,0.061957,0.060886,-0.002645,-0.033064,0.997594,6.967348,359.463000,356.170700
439.594,11,0.032123,1.714290,0.035702,0.100821,0.089054,-0.032367,0.990382,11.856820,9.995535,357.296900
439.705,11,0.059233,1.647943,0.003437,0.153924,0.195589,-0.060981,0.966609,18.749000,22.301540,356.508000
439.817,11,0.094274,1.598649,-0.028943,0.189228,0.272917,-0.072845,0.940427,23.307820,31.931950,357.895600
439.928,11,0.142865,1.528786,-0.067001,0.204499,0.345794,-0.083678,0.911924,25.521190,41.371770,359.289700
440.039,11,0.176477,1.460676,-0.087779,0.198565,0.383073,-0.071019,0.899324,24.302840,46.474000,1.533629
440.150,11,0.200489,1.364860,-0.111913,0.186201,0.407028,-0.065890,0.891805,22.690190,49.489290,2.115437
440.262,11,0.214296,1.283557,-0.119442,0.181684,0.412952,-0.060468,0.890396,21.930520,50.269630,2.618004
440.373,11,0.225090,1.219049,-0.120155,0.175136,0.412011,-0.062314,0.892016,21.333460,49.967330,2.039245
440.484,11,0.233864,1.180380,-0.121262,0.172028,0.414373,-0.074081,0.890625,21.581210,50.026040,0.653760
440.596,11,0.238060,1.171914,-0.122004,0.176910,0.411247,-0.076440,0.890919,22.215760,49.669030,0.575845
440.707,11,0.238341,1.198946,-0.126193,0.173428,0.403196,-0.076209,0.895292,21.838510,48.529320,0.209350
440.818,11,0.231499,1.253188,-0.130937,0.171386,0.366414,-0.079782,0.911045,21.761670,43.584500,358.779900
440.929,11,0.211005,1.352928,-0.143535,0.198638,0.297537,-0.083616,0.930067,24.787260,34.961930,357.643300
441.040,11,0.180440,1.433005,-0.156698,0.251278,0.217195,-0.086982,0.939213,30.649860,25.050900,356.385400
441.150,11,0.135622,1.525742,-0.176601,0.290763,0.149163,-0.080196,0.941688,34.857730,16.590170,355.506000
441.260,11,0.098787,1.577520,-0.193445,0.305510,0.131483,-0.076582,0.939953,36.474790,14.429880,355.461600
441.371,11,0.051891,1.621896,-0.218633,0.311133,0.140929,-0.070077,0.937243,37.082670,16.049970,356.862600
441.484,11,0.009698,1.647667,-0.239930,0.308191,0.162610,-0.060455,0.935372,36.598830,19.420390,359.081800
441.596,11,-0.027627,1.672252,-0.258788,0.268899,0.190276,-0.052611,0.942720,31.803920,22.882410,0.211339
441.706,11,-0.075001,1.710583,-0.286608,0.170858,0.230601,-0.034811,0.957298,20.070660,27.218810,0.741207
441.816,11,-0.109690,1.728519,-0.309657,0.136302,0.250974,-0.025864,0.958001,15.910580,29.517540,1.123756
441.928,11,-0.141225,1.743786,-0.326474,0.105101,0.271400,-0.020432,0.956493,12.248200,31.795090,1.053217
442.040,11,-0.157560,1.750599,-0.333523,0.102626,0.277816,-0.023247,0.954854,12.058050,32.523010,0.739829
442.150,11,-0.170609,1.753781,-0.339250,0.105143,0.280059,-0.029916,0.953738,12.551370,32.740880,0.107380
442.262,11,-0.175848,1.750658,-0.341642,0.123402,0.287343,-0.037225,0.949116,14.811410,33.689170,0.015154
442.373,11,-0.176623,1.746855,-0.340930,0.136191,0.292483,-0.041828,0.945598,16.381480,34.379550,0.033537
442.484,11,-0.173906,1.739827,-0.338545,0.155809,0.289142,-0.050348,0.943178,18.846100,34.038080,359.705000
442.595,11,-0.168099,1.733295,-0.335498,0.172074,0.288381,-0.054329,0.940359,20.790830,34.065600,359.820300
442.706,11,-0.159251,1.725487,-0.332482,0.188480,0.286429,-0.058896,0.937532,22.777350,33.946410,359.847000
442.817,11,-0.153543,1.721522,-0.331381,0.196767,0.287151,-0.062373,0.935380,23.823770,34.083160,359.769400
442.928,11,-0.149099,1.718834,-0.329812,0.202871,0.285853,-0.064203,0.934350,24.570360,33.966950,359.748500
443.039,11,-0.147977,1.718298,-0.328677,0.203789,0.285320,-0.063053,0.934391,24.633870,33.939320,359.902800
443.150,11,-0.147668,1.717898,-0.327658,0.205618,0.285340,-0.061317,0.934100,24.779540,34.011430,0.176084
443.261,11,-0.147544,1.717547,-0.327431,0.206742,0.287185,-0.060179,0.933360,24.865830,34.294420,0.404759
443.373,11,-0.143584,1.716222,-0.327981,0.207505,0.295673,-0.064518,0.930246,25.100920,35.302680,0.169095
443.484,11,-0.127643,1.710700,-0.324542,0.205146,0.314296,-0.072770,0.924033,25.142200,37.491860,359.649900
443.595,11,-0.096430,1.704238,-0.320334,0.210116,0.349475,-0.087182,0.908910,26.288400,41.890000,359.257400
443.706,11,-0.034817,1.684913,-0.311430,0.199565,0.428902,-0.101782,0.875133,25.887130,52.117020,359.556900
443.817,11,0.010704,1.653207,-0.298878,0.195754,0.480272,-0.100257,0.849098,25.387000,59.241110,1.127300
443.928,11,0.062523,1.603120,-0.267761,0.190986,0.512922,-0.097427,0.831230,24.673790,63.822900,2.141355
444.040,11,0.099777,1.562331,-0.240664,0.181975,0.534280,-0.104939,0.818790,24.213140,66.555480,1.420324
444.151,11,0.133477,1.506961,-0.210008,0.178517,0.569397,-0.106149,0.795394,23.882580,71.651790,2.158144
444.263,11,0.149721,1.466837,-0.185287,0.177728,0.590073,-0.116291,0.778911,24.463230,74.682500,1.799540
444.375,11,0.157632,1.444167,-0.167534,0.184434,0.606618,-0.119254,0.764053,25.246800,77.484890,2.631602
444.486,11,0.161584,1.429994,-0.150646,0.186757,0.617624,-0.124647,0.753741,25.817280,79.287610,2.724336
444.597,11,0.162461,1.426968,-0.143020,0.191860,0.621507,-0.125763,0.749068,26.343850,80.115300,3.203226
444.708,11,0.160738,1.438978,-0.140944,0.195172,0.611037,-0.133016,0.755545,27.224520,78.513140,2.418021
444.819,11,0.157483,1.455420,-0.148840,0.200692,0.604477,-0.135735,0.758885,27.950040,77.668190,2.375493
444.930,11,0.151036,1.487494,-0.168295,0.205377,0.591708,-0.130801,0.768501,28.063960,75.870990,2.728443
445.042,11,0.135633,1.536655,-0.190160,0.206712,0.536083,-0.118615,0.809825,27.514680,67.474010,1.907070
445.152,11,0.109429,1.598391,-0.217098,0.198653,0.448003,-0.103658,0.865497,25.896370,54.713390,359.908400
445.263,11,0.076084,1.654600,-0.255286,0.186394,0.372372,-0.086410,0.905058,23.687440,44.496990,358.899000
445.374,11,0.048139,1.690569,-0.289467,0.189829,0.328929,-0.082065,0.921431,23.816950,38.942580,358.349300
445.485,11,0.016141,1.719703,-0.331115,0.189313,0.298173,-0.076075,0.932452,23.479250,35.089510,358.189600
445.596,11,-0.008918,1.729337,-0.359114,0.202065,0.270452,-0.070357,0.938656,24.670280,31.832070,358.563200
445.706,11,-0.038961,1.738954,-0.388658,0.181109,0.247038,-0.063075,0.949839,22.037400,28.792130,358.124200
445.818,11,-0.062499,1.739207,-0.405910,0.181135,0.232949,-0.059347,0.953626,21.908100,27.110180,358.221200
445.929,11,-0.097475,1.739613,-0.425977,0.176276,0.214887,-0.055712,0.958982,21.225240,24.901970,358.088400
446.039,12,-0.125815,1.742071,-0.443425,0.171975,0.201672,-0.053243,0.962766,20.647550,23.291600,357.969500
446.151,12,-0.158208,1.743227,-0.467944,0.166761,0.198541,-0.048254,0.964595,19.930210,22.973520,358.362000
446.263,12,-0.181445,1.742137,-0.490234,0.156620,0.204292,-0.042467,0.965366,18.647320,23.718770,358.911500
446.374,12,-0.198933,1.741449,-0.509974,0.160993,0.205363,-0.041345,0.964468,19.118690,23.901590,359.173600
446.485,12,-0.210515,1.741580,-0.527723,0.164534,0.197967,-0.043333,0.965329,19.561360,22.984700,358.874100
446.596,12,-0.216264,1.740749,-0.538483,0.166699,0.195788,-0.047246,0.965218,19.895280,22.655850,358.419800
446.707,12,-0.218109,1.738687,-0.546963,0.175771,0.201274,-0.041778,0.962729,20.809260,23.507990,359.406400
446.818,12,-0.219232,1.738355,-0.549224,0.176166,0.188989,-0.043089,0.965087,20.874240,21.972260,358.983100
446.929,12,-0.220565,1.739924,-0.549009,0.172531,0.162972,-0.038778,0.970654,20.339120,18.853250,358.836200
447.041,12,-0.220315,1.742472,-0.549215,0.166607,0.141141,-0.037805,0.975137,19.609140,16.190850,358.375800
447.151,12,-0.214390,1.744698,-0.553065,0.161286,0.114266,-0.035111,0.979641,18.906740,12.983800,358.065700
447.263,12,-0.195316,1.746732,-0.556841,0.150962,0.080787,-0.024502,0.984928,17.537590,9.156899,358.565300
447.374,12,-0.166165,1.746075,-0.559313,0.145367,0.040953,-0.017627,0.988373,16.785970,4.542778,358.627100
447.485,12,-0.111512,1.745976,-0.561206,0.132780,-0.021645,-0.003419,0.990903,15.247920,357.397800,359.256200
447.596,12,-0.061484,1.746426,-0.563396,0.130738,-0.071973,0.010552,0.988745,15.073130,351.689300,0.121488
447.707,12,-0.003868,1.747370,-0.569860,0.131873,-0.134865,0.017974,0.981885,15.296610,344.356200,359.983800
447.818,12,0.027601,1.747842,-0.579346,0.133715,-0.192806,0.026732,0.971716,15.674580,337.557700,0.023194
447.929,12,0.044411,1.747507,-0.601860,0.139839,-0.294162,0.044590,0.944418,16.879900,325.416400,0.116902
448.041,12,0.042893,1.745470,-0.627390,0.136791,-0.397001,0.069526,0.904900,17.623940,312.784100,1.035018
448.152,12,0.037045,1.741353,-0.653847,0.139212,-0.456948,0.083166,0.874587,18.633390,305.009300,1.103305
448.263,12,0.029820,1.738487,-0.683218,0.141795,-0.477105,0.095494,0.862059,19.608560,302.384000,1.784900
448.374,12,0.020947,1.737732,-0.711313,0.141420,-0.486589,0.100216,0.856264,19.859400,301.146200,2.071457
448.485,12,0.006233,1.736322,-0.751014,0.144374,-0.490681,0.101509,0.853279,20.242890,300.541600,1.926926
448.596,12,-0.007387,1.734152,-0.784062,0.154221,-0.485738,0.100105,0.854549,21.151040,301.015000,1.306634
448.707,12,-0.025382,1.731776,-0.829052,0.170737,-0.466990,0.098930,0.861964,22.751610,303.243100,0.688616
448.818,12,-0.037694,1.727914,-0.864285,0.179381,-0.450323,0.098289,0.869121,23.598830,305.340800,0.580947
448.929,12,-0.050440,1.723793,-0.906647,0.189116,-0.428654,0.096028,0.878220,24.487570,308.055800,0.411597
449.042,12,-0.060852,1.720170,-0.935210,0.196596,-0.405524,0.091399,0.888002,25.042120,310.950900,0.181909
449.153,12,-0.072636,1.719870,-0.952628,0.203041,-0.378168,0.084694,0.899217,25.417590,314.363500,359.920700
449.264,12,-0.086279,1.721849,-0.957534,0.202337,-0.337952,0.074738,0.916113,24.913060,319.504600,0.011145
449.376,12,-0.099391,1.722941,-0.951314,0.199800,-0.294148,0.067275,0.932218,24.336350,325.082200,0.496025
449.485,12,-0.120329,1.722249,-0.930490,0.192309,-0.241011,0.048807,0.950026,22.887510,331.530500,0.002339
449.598,12,-0.138262,1.721120,-0.904760,0.185408,-0.190863,0.031483,0.963434,21.670860,337.469500,359.376500
449.710,12,-0.161821,1.725300,-0.861757,0.173877,-0.119897,0.004470,0.977431,19.936450,345.660400,357.990900
449.821,12,-0.185528,1.733941,-0.825381,0.170865,-0.073594,-0.019832,0.982342,19.437370,350.763200,356.101500
449.929,12,-0.214967,1.737232,-0.798236,0.165297,-0.048568,-0.030556,0.984573,18.815700,353.586200,355.381000
450.041,12,-0.250152,1.739691,-0.777520,0.166647,-0.033819,-0.025796,0.985099,19.061440,355.434900,356.233100
450.151,12,-0.291382,1.742127,-0.756161,0.157755,-0.025428,-0.022593,0.986892,18.072830,356.543400,356.827200
450.263,12,-0.340081,1.739470,-0.733573,0.160110,-0.021416,-0.014914,0.986754,18.381280,357.158700,357.808300
450.375,12,-0.387698,1.736165,-0.714895,0.154446,-0.018775,-0.009936,0.987773,17.742600,357.583400,358.470100
450.486,12,-0.454935,1.731514,-0.690783,0.150898,-0.002444,-0.010692,0.988489,17.353690,359.516300,358.686800
450.597,12,-0.509471,1.731226,-0.670976,0.150068,0.020504,-0.020107,0.988259,17.303650,2.070329,357.983900
450.707,12,-0.581510,1.736640,-0.644947,0.158247,0.043666,-0.026935,0.986066,18.326810,4.688349,357.627300
450.818,12,-0.635414,1.738850,-0.627355,0.164087,0.051157,-0.028946,0.984693,19.032960,5.539148,357.561700
450.929,12,-0.697314,1.737848,-0.606898,0.168088,0.047276,-0.023865,0.984349,19.461290,5.175311,358.110400
451.041,12,-0.739980,1.737143,-0.588603,0.170940,0.035939,-0.015818,0.984499,19.737860,3.981575,358.852000
451.152,12,-0.769980,1.734315,-0.566849,0.169458,0.032628,-0.018035,0.984832,19.569590,3.538452,358.512100
451.264,12,-0.791451,1.730347,-0.539244,0.174559,0.033214,-0.016602,0.983946,20.158350,3.637975,358.713600
451.375,12,-0.804544,1.725781,-0.510876,0.183132,0.028412,-0.016363,0.982541,21.149320,3.063248,358.663800
451.487,12,-0.809576,1.718377,-0.466729,0.189506,0.026382,-0.026053,0.981179,21.916400,2.588317,357.459200
451.598,12,-0.804930,1.711155,-0.424169,0.194220,0.030204,-0.038552,0.979735,22.513240,2.742946,356.039200
451.709,12,-0.789335,1.706480,-0.356048,0.196898,0.044129,-0.056375,0.977807,22.956460,3.991755,354.211500
451.821,12,-0.772308,1.706830,-0.291583,0.198548,0.059236,-0.064607,0.976164,23.283780,5.622367,353.586100
451.931,12,-0.759163,1.712070,-0.234190,0.198396,0.068056,-0.064453,0.975630,23.321820,6.705156,353.826100
452.043,12,-0.751281,1.716109,-0.188850,0.196253,0.063935,-0.067259,0.976152,23.063170,6.140707,353.370800
452.154,12,-0.743665,1.721156,-0.154907,0.194543,0.069075,-0.070228,0.975935,22.918670,6.702559,353.128400
452.265,12,-0.730814,1.724968,-0.114181,0.182664,0.088445,-0.079270,0.975975,21.751000,8.899018,352.426200
452.376,12,-0.723037,1.723130,-0.082561,0.183630,0.107586,-0.083176,0.973544,22.051540,11.131160,352.408900
452.487,12,-0.719225,1.721891,-0.040347,0.177084,0.135161,-0.079476,0.971626,21.444710,14.592620,353.425200
452.599,12,-0.721056,1.721298,-0.004416,0.166136,0.161100,-0.071734,0.970206,20.211370,17.921440,354.762500
452.709,12,-0.728919,1.722463,0.051752,0.152599,0.203540,-0.059879,0.965246,18.600420,23.285010,356.765400
452.820,12,-0.740091,1.728895,0.111122,0.147289,0.242288,-0.042770,0.958005,17.633760,28.287360,359.364200
452.932,12,-0.748786,1.736728,0.166309,0.147158,0.280342,-0.033136,0.947974,17.312450,33.128680,1.181445
453.043,12,-0.749433,1.740664,0.209512,0.138446,0.314186,-0.034104,0.938593,16.338920,37.212080,1.371998
453.154,12,-0.737103,1.741673,0.239309,0.136745,0.354336,-0.037945,0.924287,16.240720,42.177700,1.597340
453.265,12,-0.704752,1.746428,0.267293,0.118019,0.427211,-0.042083,0.895428,14.318440,51.201070,1.506515
453.376,12,-0.670253,1.749331,0.281943,0.095563,0.495292,-0.044343,0.862315,12.048280,59.856360,1.065670
453.488,12,-0.616402,1.747178,0.296207,0.085615,0.576995,-0.042646,0.811128,10.842050,71.016210,1.727913
453.599,12,-0.568907,1.742257,0.306201,0.084919,0.610216,-0.050448,0.786054,11.248830,75.784580,1.421317
453.710,12,-0.502621,1.743035,0.317216,0.072033,0.642298,-0.062502,0.760498,10.944120,80.353080,359.852200
453.821,12,-0.446866,1.742576,0.329008,0.072867,0.666657,-0.074145,0.738079,11.912810,84.103610,359.280000
453.932,12,-0.398568,1.744294,0.330911,0.064500,0.722082,-0.072474,0.684971,11.129430,92.986710,359.641600
454.043,12,-0.361593,1.746588,0.319052,0.069873,0.825835,-0.069553,0.555226,11.096900,112.389000,2.229302
454.154,12,-0.340850,1.746551,0.311413,0.068763,0.899797,-0.070825,0.424994,10.713850,129.783000,3.708063
454.265,12,-0.319743,1.742375,0.323306,0.062694,0.943267,-0.080495,0.315972,11.038930,143.341500,3.937998
454.376,12,-0.308575,1.742197,0.341610,0.058501,0.961543,-0.089814,0.252875,11.671950,150.932600,3.927604
454.487,12,-0.291021,1.748340,0.368593,0.051910,0.974225,-0.091172,0.199699,11.442040,157.211200,3.786765
454.598,12,-0.274683,1.750804,0.385381,0.051323,0.980363,-0.087781,0.168965,10.921170,160.838700,4.144733
454.709,12,-0.255115,1.750424,0.398126,0.051586,0.985143,-0.087734,0.138331,10.785460,164.440600,4.517188
454.820,12,-0.240637,1.747188,0.398899,0.052324,0.987527,-0.088749,0.119063,10.821120,166.705400,4.801096
454.931,12,-0.217997,1.742687,0.384609,0.047865,0.988279,-0.101216,0.103773,12.121930,168.470000,4.317318
455.042,12,-0.190999,1.737715,0.354229,0.040236,0.988101,-0.101225,0.108589,12.050770,167.813200,3.372492
455.153,12,-0.156296,1.728757,0.304830,0.022209,0.982011,-0.105862,0.154775,12.403190,162.155700,0.636451
455.265,12,-0.110232,1.720854,0.232650,-0.003170,0.966964,-0.114576,0.227689,12.717190,153.118100,356.573200
455.376,12,-0.064474,1.722639,0.156941,-0.024443,0.951824,-0.121811,0.280350,12.602160,146.429400,353.242600
455.487,12,-0.013314,1.729820,0.076513,-0.020305,0.937322,-0.130503,0.322466,13.388390,141.182300,352.782000
455.599,12,0.019823,1.735359,0.029340,-0.018726,0.933975,-0.135523,0.330111,13.933050,140.167000,352.632900
455.710,12,0.056131,1.738810,-0.020011,-0.015437,0.933272,-0.139715,0.330521,14.511820,140.079800,352.809700
455.822,12,0.086083,1.736172,-0.058090,-0.022482,0.936656,-0.145234,0.317928,14.937950,141.452200,352.000300
455.933,12,0.116869,1.730456,-0.092466,-0.019336,0.942762,-0.154115,0.295084,16.211030,144.152300,352.375100
456.044,12,0.138890,1.723274,-0.124836,-0.019226,0.955773,-0.156894,0.248019,16.880280,149.884000,353.123100
456.156,12,0.146077,1.715586,-0.157600,-0.025022,0.968894,-0.161477,0.185861,17.674390,157.264200,353.460500
456.266,12,0.138967,1.700529,-0.204520,-0.026889,0.974282,-0.170416,0.144950,18.921420,162.045300,353.822200
456.378,12,0.122216,1.681695,-0.238838,-0.026944,0.974639,-0.180080,0.130089,20.121760,163.716000,353.924700
456.488,12,0.090055,1.652886,-0.272635,-0.022025,0.973611,-0.195369,0.115876,22.044230,165.361600,354.541800
456.600,12,0.059845,1.634438,-0.293081,-0.019289,0.971298,-0.208832,0.112240,23.662370,165.709000,354.716000
456.710,12,0.023270,1.615688,-0.312026,-0.017282,0.970973,-0.215494,0.102348,24.515580,166.901000,355.102800
456.822,12,-0.004186,1.605464,-0.323246,-0.017576,0.970639,-0.214075,0.108273,24.316250,166.178000,354.933600
456.933,12,-0.030228,1.598544,-0.331082,-0.026643,0.970159,-0.213009,0.112731,24.035220,165.408400,353.731500
457.044,12,-0.054227,1.594799,-0.337583,-0.029607,0.969888,-0.213091,0.114158,23.990790,165.155900,353.332200
457.155,12,-0.073521,1.592413,-0.343680,-0.034476,0.970057,-0.211948,0.113487,23.789520,165.132000,352.780400
457.266,12,-0.095148,1.587562,-0.352535,-0.039598,0.969846,-0.213530,0.110618,23.917610,165.331900,352.200900
457.377,12,-0.109458,1.582114,-0.358525,-0.044288,0.969675,-0.216287,0.104830,24.215550,165.881800,351.726500
457.488,12,-0.125741,1.576030,-0.365430,-0.048947,0.969397,-0.219437,0.098598,24.569120,166.478500,351.261500
457.599,12,-0.136903,1.572033,-0.370364,-0.054313,0.969108,-0.220243,0.096813,24.605090,166.544000,350.637100
457.710,12,-0.149269,1.566251,-0.377599,-0.061272,0.969224,-0.217991,0.096591,24.250560,166.428600,349.836600
457.822,12,-0.158412,1.559109,-0.384794,-0.067100,0.968325,-0.219631,0.098015,24.342740,166.072500,349.053900
457.932,12,-0.166377,1.552048,-0.391612,-0.070220,0.967587,-0.221640,0.098596,24.523360,165.881300,348.615000
458.044,12,-0.175261,1.545610,-0.398221,-0.075151,0.967057,-0.221830,0.099723,24.459830,165.610000,347.978000
458.155,12,-0.184002,1.539581,-0.404342,-0.079767,0.966582,-0.223053,0.097996,24.554880,165.676200,347.432000
458.266,12,-0.195823,1.531040,-0.411993,-0.084361,0.965947,-0.226292,0.092851,24.929700,166.118600,346.934600
458.377,12,-0.204107,1.529236,-0.416521,-0.087728,0.964963,-0.232658,0.083792,25.741460,167.006100,346.629500
458.488,12,-0.212985,1.539264,-0.417191,-0.087076,0.965365,-0.239960,0.053929,26.994530,170.575300,347.424700
458.600,12,-0.218246,1.548641,-0.408991,-0.081945,0.964084,-0.252071,0.016960,28.898260,175.150500,349.033100
458.710,12,-0.219295,1.556583,-0.392550,-0.058379,0.973276,-0.220051,-0.030070,25.585080,182.086600,353.608700
458.821,12,-0.211449,1.547275,-0.381024,-0.052059,0.980804,-0.184003,-0.038172,21.402450,183.431100,354.572100
458.933,12,-0.201305,1.523852,-0.376230,-0.052027,0.984564,-0.166271,-0.016766,19.217430,180.953500,354.111700
459.044,12,-0.202856,1.486697,-0.380673,-0.053683,0.985871,-0.158503,0.007264,18.164560,178.109800,353.464200
459.155,12,-0.213177,1.449207,-0.386488,-0.050898,0.986499,-0.154732,0.016977,17.671420,177.037300,353.632400
459.267,12,-0.234912,1.415098,-0.397682,-0.050815,0.985761,-0.157967,0.027213,17.979060,175.797400,353.433100
459.378,12,-0.252844,1.391336,-0.408412,-0.059301,0.985609,-0.157209,0.018523,17.920460,176.676700,352.589600
459.489,12,-0.266703,1.359505,-0.423614,-0.061694,0.984079,-0.166616,0.004678,19.108000,178.194800,352.521500
459.600,12,-0.273766,1.337137,-0.435246,-0.064436,0.983347,-0.169909,-0.002794,19.543320,179.002800,352.330100
459.710,12,-0.281604,1.310617,-0.445865,-0.064651,0.982753,-0.173016,-0.009109,19.952540,179.727700,352.424400
459.822,12,-0.289178,1.287325,-0.453468,-0.068680,0.981476,-0.178042,-0.017015,20.599020,180.547400,352.093800
459.933,12,-0.295562,1.267546,-0.459807,-0.070460,0.980468,-0.182340,-0.021695,21.137880,181.034900,351.972300
460.044,12,-0.301681,1.250454,-0.465129,-0.071485,0.979749,-0.185296,-0.025455,21.513830,181.440500,351.927600
460.155,12,-0.306209,1.237784,-0.468907,-0.071417,0.979212,-0.187576,-0.029309,21.810620,181.889200,352.021200
460.266,12,-0.311065,1.226208,-0.474479,-0.072140,0.977967,-0.193531,-0.030381,22.514460,181.954200,351.951400
460.378,12,-0.313900,1.225181,-0.478633,-0.072794,0.976485,-0.200276,-0.032686,23.321610,182.164200,351.920000
460.488,12,-0.312478,1.232712,-0.480442,-0.070479,0.977043,-0.198907,-0.029259,23.129130,181.815600,352.119800
460.600,12,-0.304762,1.238029,-0.478789,-0.071864,0.977991,-0.194208,-0.025543,22.553060,181.368000,351.867600
460.710,12,-0.284026,1.242867,-0.474964,-0.060309,0.979811,-0.189999,-0.015266,21.972860,180.432400,353.039600
460.822,12,-0.266157,1.248229,-0.470491,-0.053266,0.981350,-0.184680,-0.002978,21.271560,179.149700,353.626600
460.933,12,-0.255208,1.253552,-0.466942,-0.045991,0.981193,-0.187318,-0.007620,21.610280,179.859700,354.605900
461.044,12,-0.241712,1.257912,-0.460684,-0.039568,0.982130,-0.183748,-0.009580,21.203770,180.262800,355.435000
461.156,12,-0.226125,1.258126,-0.453443,-0.028803,0.983385,-0.179004,-0.009090,20.645380,180.463200,356.729000
461.267,12,-0.205345,1.255108,-0.445867,-0.017363,0.983610,-0.179128,-0.011119,20.656790,180.958600,358.152100
461.378,12,-0.191129,1.253698,-0.442390,-0.015074,0.983337,-0.180898,-0.009883,20.858720,180.857300,358.401300
461.489,12,-0.176874,1.252726,-0.439395,-0.009952,0.982534,-0.185577,-0.009414,21.398930,180.911100,359.011500
461.600,12,-0.169435,1.252201,-0.436861,-0.011717,0.981893,-0.188864,-0.008923,21.783350,180.808200,358.788100
461.710,12,-0.158714,1.252997,-0.431980,-0.006656,0.982116,-0.187659,-0.013731,21.640900,181.508600,359.511700
461.822,12,-0.149188,1.252279,-0.427981,-0.001229,0.982567,-0.185733,-0.007957,21.408140,180.934300,0.033314
461.933,12,-0.142830,1.249644,-0.426154,-0.002404,0.982451,-0.186460,-0.004081,21.493520,180.438600,359.802900
462.045,12,-0.136055,1.245255,-0.423755,0.003241,0.982567,-0.185813,-0.005041,21.414670,180.683800,0.507320
462.156,12,-0.129073,1.240740,-0.421471,0.009427,0.982464,-0.186205,-0.001775,21.459700,180.430900,1.181139
462.267,12,-0.121401,1.237467,-0.418656,0.014810,0.982258,-0.186911,0.003769,21.549320,179.884900,1.705667
462.378,12,-0.116702,1.237105,-0.417052,0.017390,0.982032,-0.187807,0.006251,21.659080,179.645800,1.961260
462.488,12,-0.112403,1.236038,-0.415824,0.015313,0.981197,-0.191744,0.015899,22.133390,178.433200,1.481753
462.599,12,-0.113281,1.235314,-0.414424,0.016417,0.980235,-0.196456,0.016587,22.686630,178.381000,1.594159
462.710,12,-0.113788,1.236288,-0.411529,0.013964,0.979424,-0.200346,0.019902,23.141460,177.919100,1.207515
462.821,12,-0.112569,1.237739,-0.408494,0.012668,0.979172,-0.201380,0.022531,23.262330,177.565700,0.981319
462.932,12,-0.108303,1.237351,-0.405595,0.009530,0.978503,-0.204045,0.028412,23.569310,176.765700,0.441040
463.043,12,-0.102663,1.236157,-0.402118,0.009594,0.977863,-0.206165,0.034469,23.819970,176.022500,0.285055
463.155,12,-0.098142,1.235908,-0.397710,0.007496,0.977507,-0.207548,0.036717,23.973160,175.689900,359.963300
463.266,12,-0.092519,1.239635,-0.388321,0.006099,0.977832,-0.205664,0.038863,23.746040,175.394700,359.746000
463.377,12,-0.089893,1.247235,-0.378259,0.008415,0.977622,-0.207328,0.034641,23.951320,175.969100,0.131020
463.488,12,-0.087310,1.258549,-0.361974,0.002260,0.978045,-0.206633,0.026924,23.848210,176.757500,359.579900
463.599,12,-0.084765,1.263906,-0.347077,-0.001388,0.976739,-0.213181,0.023106,24.606290,177.117100,359.208300
463.710,12,-0.081157,1.274901,-0.319568,-0.007667,0.975530,-0.219067,0.017084,25.286890,177.674300,358.577600
463.821,12,-0.079275,1.298994,-0.289611,-0.007267,0.975371,-0.220142,0.011713,25.421180,178.347300,358.773500
463.932,12,-0.080044,1.339669,-0.256128,-0.004857,0.975320,-0.220480,0.010811,25.465750,178.525600,359.096200
464.044,12,-0.084401,1.393766,-0.213419,-0.005954,0.975041,-0.221233,0.017755,25.544410,177.633300,358.763700
464.155,12,-0.090950,1.442408,-0.171477,-0.002325,0.975914,-0.215949,0.030859,24.919980,176.128300,358.871200
464.266,12,-0.105884,1.493181,-0.114094,0.003240,0.975435,-0.214010,0.052117,24.698520,173.662500,358.991800
464.377,12,-0.121633,1.522658,-0.066858,0.006362,0.974942,-0.211940,0.067302,24.463620,171.882000,358.985000
464.488,12,-0.143391,1.566575,-0.002890,0.011767,0.974412,-0.208496,0.083143,24.096760,170.088700,359.263300
464.598,12,-0.159580,1.602200,0.048891,0.011777,0.974899,-0.201045,0.094939,23.218220,168.680900,359.051700
464.708,12,-0.179224,1.637718,0.114839,0.015714,0.972193,-0.209176,0.104112,24.204210,167.599900,359.183300
464.819,12,-0.193459,1.661139,0.160443,0.013369,0.973894,-0.201643,0.103402,23.298590,167.677400,359.023000
464.930,12,-0.210863,1.687242,0.208035,0.013987,0.977570,-0.190118,0.089537,21.975630,169.453200,359.586100
465.042,12,-0.222672,1.701165,0.239185,0.010073,0.978236,-0.187885,0.087482,21.675810,169.624100,359.188200
465.152,12,-0.231185,1.706964,0.257567,0.010319,0.977291,-0.193515,0.085716,22.334270,169.816100,359.194400
465.264,12,-0.237047,1.710534,0.265464,0.009525,0.978580,-0.188009,0.083328,21.687900,170.115800,359.217400
465.375,12,-0.240069,1.710235,0.265896,0.009824,0.978392,-0.188017,0.085448,21.690240,169.865000,359.204100
465.486,12,-0.244092,1.710652,0.257833,0.004838,0.979172,-0.186046,0.081154,21.415410,170.283100,358.724500
465.597,12,-0.249499,1.705464,0.239676,-0.001313,0.980679,-0.183313,0.068286,21.061070,171.718500,358.304500
465.708,12,-0.261661,1.681967,0.195736,-0.006032,0.982061,-0.185550,0.033037,21.348750,175.866900,358.516800
465.820,12,-0.274230,1.649107,0.147033,-0.007867,0.982145,-0.187680,-0.010309,21.642880,181.066200,359.285900
465.930,12,-0.289005,1.603945,0.098265,-0.011555,0.981064,-0.188382,-0.043491,21.754760,185.002000,359.612200
466.042,12,-0.304437,1.553047,0.050952,-0.023704,0.980741,-0.173660,-0.086188,20.164470,189.864800,358.989200
466.154,12,-0.315435,1.503515,0.002889,-0.052061,0.977683,-0.159502,-0.126434,18.968560,194.114500,356.273500
466.266,12,-0.319459,1.463696,-0.042931,-0.077007,0.973494,-0.154239,-0.150300,18.871640,196.508200,353.716400
466.377,12,-0.319053,1.439693,-0.076544,-0.083469,0.971179,-0.151789,-0.163723,18.793550,198.008000,353.179700
466.488,12,-0.317469,1.418174,-0.115410,-0.101874,0.968099,-0.148792,-0.173972,18.876980,198.902100,351.155900
466.600,12,-0.316249,1.408007,-0.141828,-0.106896,0.965370,-0.151136,-0.183829,19.335840,199.992600,350.802500
466.710,12,-0.313924,1.398814,-0.166837,-0.113445,0.962934,-0.157260,-0.187502,20.206470,200.289600,350.214100
466.822,12,-0.313129,1.391430,-0.181809,-0.115361,0.960214,-0.164129,-0.194274,21.101460,201.058200,350.263900
466.933,12,-0.312251,1.385905,-0.193097,-0.115992,0.959817,-0.166259,-0.194051,21.356740,201.011700,350.224000
467.044,12,-0.313027,1.383879,-0.198866,-0.115984,0.959504,-0.167564,-0.194482,21.510350,201.061600,350.259800
467.155,12,-0.314818,1.383960,-0.201238,-0.114720,0.959306,-0.167778,-0.196014,21.522940,201.277300,350.450600
467.266,12,-0.317579,1.383476,-0.203191,-0.113686,0.958498,-0.169824,-0.198790,21.761950,201.638200,350.679300
467.377,12,-0.319696,1.382305,-0.203248,-0.113094,0.957419,-0.173222,-0.201378,22.162890,201.966400,350.880100
467.488,12,-0.321485,1.381275,-0.203340,-0.112843,0.956845,-0.175543,-0.202235,22.431400,202.075900,350.978300
467.600,12,-0.321379,1.380297,-0.203701,-0.112167,0.956665,-0.176837,-0.202336,22.565460,202.102900,351.088400
467.710,12,-0.320309,1.379316,-0.203743,-0.110496,0.956688,-0.177783,-0.202317,22.636030,202.138600,351.307900
467.822,12,-0.320056,1.381234,-0.202431,-0.110678,0.956588,-0.177736,-0.202732,22.638510,202.186000,351.295300
467.932,12,-0.317050,1.389597,-0.197202,-0.112748,0.958104,-0.178170,-0.193858,22.651440,201.037900,350.836400
468.044,12,-0.309084,1.415044,-0.178311,-0.109679,0.964881,-0.166845,-0.170701,21.064280,198.287300,350.458000
468.155,12,-0.298184,1.451312,-0.147411,-0.100343,0.974269,-0.153518,-0.131012,18.991510,193.732900,350.547200
468.266,12,-0.282799,1.513447,-0.088120,-0.084678,0.984723,-0.137735,-0.064653,16.392180,186.223700,351.067500
468.377,12,-0.273320,1.564064,-0.032075,-0.072210,0.987839,-0.137453,-0.008133,15.827260,179.774700,351.607100
468.488,12,-0.264965,1.615788,0.035041,-0.045640,0.985980,-0.151287,0.053591,17.064000,172.819800,353.620900
468.598,12,-0.262466,1.642934,0.080461,-0.035464,0.981258,-0.170237,0.083038,19.159690,169.321300,354.053000
468.709,12,-0.264497,1.666049,0.123420,-0.018157,0.980807,-0.174808,0.084441,19.867070,169.462800,356.028400
468.820,12,-0.265136,1.676966,0.147571,-0.018162,0.980970,-0.172363,0.087523,19.571690,169.112000,355.995200
468.931,12,-0.266081,1.681390,0.163971,-0.015233,0.980342,-0.174499,0.090814,19.838510,168.758500,356.247600
469.042,12,-0.269137,1.683619,0.174237,-0.011336,0.980123,-0.174649,0.093424,19.891330,168.523700,356.655800
469.153,12,-0.270295,1.684928,0.179433,-0.010381,0.979650,-0.175833,0.096233,20.029920,168.195500,356.694000
469.265,12,-0.271497,1.689621,0.180655,-0.007718,0.981709,-0.164067,0.096281,18.702040,168.331300,357.171200
469.375,12,-0.271644,1.692777,0.178628,-0.007866,0.982656,-0.160321,0.092860,18.277560,168.764000,357.269600
469.487,12,-0.270217,1.697113,0.169416,-0.010923,0.984209,-0.153556,0.087374,17.478780,169.407000,357.095300
469.598,12,-0.266619,1.699277,0.156350,-0.012100,0.985255,-0.149198,0.082862,16.977230,169.950700,357.089200
469.709,12,-0.263054,1.698844,0.128522,-0.021945,0.987056,-0.145355,0.064108,16.507110,172.030200,356.294800
469.820,12,-0.270000,1.690551,0.094931,-0.043021,0.988746,-0.142790,0.011932,16.340130,177.857100,354.709400
469.931,12,-0.292924,1.663814,0.042419,-0.080330,0.980378,-0.140352,-0.112731,17.056080,191.982900,352.434800
470.043,12,-0.312037,1.628557,-0.005234,-0.107651,0.959246,-0.152391,-0.212216,19.758190,203.437000,351.331300
470.154,12,-0.321471,1.598658,-0.044762,-0.122792,0.945050,-0.159666,-0.257507,21.409010,208.729100,350.737100
470.266,12,-0.326508,1.566416,-0.089529,-0.136634,0.938601,-0.163082,-0.271595,22.355770,210.204300,349.539900
470.377,12,-0.326124,1.548980,-0.118399,-0.145202,0.938734,-0.159906,-0.268562,22.222870,209.637500,348.363300
470.488,12,-0.319921,1.536177,-0.149001,-0.142650,0.942043,-0.157250,-0.259765,21.739310,208.593700,348.381700
470.600,12,-0.312248,1.527754,-0.171659,-0.138165,0.943240,-0.162917,-0.254296,22.185660,207.999400,348.930400
470.711,12,-0.300620,1.510280,-0.204721,-0.125523,0.944482,-0.177019,-0.246701,23.348090,207.333500,350.611700
470.821,12,-0.288107,1.488237,-0.234540,-0.113972,0.947493,-0.194101,-0.227138,24.808900,205.178600,351.906300
470.932,12,-0.277887,1.463908,-0.260882,-0.103666,0.949207,-0.207395,-0.212712,25.965070,203.661000,353.064100
471.044,12,-0.267923,1.438844,-0.281220,-0.094062,0.950486,-0.214611,-0.204136,26.511210,202.863600,354.151100
471.155,12,-0.258309,1.413996,-0.294080,-0.083888,0.952629,-0.216681,-0.196240,26.471850,202.152200,355.207700
471.266,12,-0.247348,1.380830,-0.309919,-0.072173,0.953460,-0.224317,-0.188112,27.059030,201.496700,356.572900
471.377,12,-0.239716,1.351972,-0.320728,-0.063183,0.952938,-0.232953,-0.183442,27.850070,201.230700,357.734500
471.488,12,-0.229461,1.313177,-0.326817,-0.063174,0.953982,-0.239570,-0.168918,28.583080,199.423700,357.415400
471.600,12,-0.223354,1.293850,-0.331638,-0.071730,0.951033,-0.251661,-0.164496,30.150520,198.667900,356.443400
471.710,12,-0.212241,1.282992,-0.336086,-0.067834,0.953115,-0.254210,-0.149493,30.322280,196.868500,356.459700
471.822,12,-0.202763,1.288356,-0.340015,-0.063243,0.954371,-0.249819,-0.150890,29.730770,197.174300,357.008100
471.932,12,-0.191993,1.308805,-0.343481,-0.066400,0.958005,-0.238448,-0.144778,28.430630,196.226300,356.206700
472.044,12,-0.181896,1.338862,-0.345148,-0.073470,0.960675,-0.226009,-0.143615,27.087100,195.820800,355.087300
472.155,12,-0.170430,1.364786,-0.346584,-0.076568,0.962993,-0.218662,-0.137727,26.246310,194.976200,354.418300
472.266,12,-0.154518,1.391864,-0.347545,-0.081047,0.965628,-0.209834,-0.130242,25.236450,193.914200,353.534100
472.377,12,-0.139724,1.405782,-0.347461,-0.078562,0.967641,-0.207976,-0.119354,24.913230,192.629900,353.517500
472.489,12,-0.118519,1.414162,-0.345968,-0.069052,0.971607,-0.202808,-0.100404,24.077110,190.545800,354.124700
472.600,12,-0.101830,1.415196,-0.345135,-0.060118,0.973488,-0.204274,-0.083541,24.064300,188.698500,354.789800
472.711,12,-0.080938,1.415495,-0.343910,-0.051696,0.975439,-0.204190,-0.064441,23.891900,186.569500,355.324000
472.822,12,-0.062948,1.413407,-0.341754,-0.042087,0.976830,-0.205290,-0.043451,23.873850,184.240000,355.962600
472.932,12,-0.048655,1.408730,-0.338285,-0.036796,0.976681,-0.209884,-0.026237,24.324890,182.251900,356.170300
473.044,12,-0.036317,1.405128,-0.335382,-0.036761,0.976471,-0.212167,-0.011782,24.532950,180.466700,355.789500
473.155,12,-0.026251,1.403023,-0.333086,-0.033237,0.976227,-0.214186,-0.000564,24.722620,179.171300,355.918400
473.267,12,-0.016500,1.401802,-0.330593,-0.030088,0.976223,-0.214579,0.006246,24.744840,178.415900,356.121800
473.377,12,-0.011061,1.401459,-0.329467,-0.029173,0.976244,-0.214536,0.008441,24.732730,178.170400,356.175600
473.488,12,-0.006398,1.403218,-0.327264,-0.028797,0.976458,-0.213581,0.009202,24.618570,178.091800,356.205200
473.600,12,-0.004393,1.406212,-0.324341,-0.026754,0.977289,-0.210061,0.008120,24.213990,178.296500,356.498400
473.710,12,-0.003763,1.408963,-0.320690,-0.023883,0.978085,-0.206785,0.004337,23.847270,178.849700,356.959500
473.822,12,-0.004002,1.410849,-0.318768,-0.024689,0.978300,-0.205711,0.001766,23.728770,179.148000,356.929700
473.932,12,-0.004943,1.413178,-0.316440,-0.025097,0.978180,-0.206239,-0.000604,23.797600,179.425700,356.939500
474.044,12,-0.006511,1.417827,-0.313362,-0.023780,0.978089,-0.206802,-0.003228,23.871990,179.779400,357.167900
474.155,12,-0.009117,1.425600,-0.308270,-0.023289,0.978660,-0.204122,-0.004162,23.561040,179.914900,357.255900
474.267,12,-0.016207,1.433813,-0.300785,-0.017441,0.980196,-0.197086,-0.008288,22.746480,180.582400,358.078400
474.377,12,-0.023982,1.433950,-0.296973,-0.011607,0.979135,-0.202339,-0.014806,23.364450,181.516600,358.955300
474.488,12,-0.032047,1.437184,-0.290271,-0.011203,0.979009,-0.202643,-0.018750,23.403140,182.009000,359.104900
474.599,12,-0.033656,1.440204,-0.283954,-0.012282,0.980053,-0.197616,-0.017129,22.815780,181.785500,358.924300
474.710,12,-0.033431,1.441103,-0.276828,-0.011398,0.979901,-0.198602,-0.014873,22.927150,181.531800,358.977800
474.821,12,-0.031610,1.442527,-0.270742,-0.009554,0.980041,-0.198382,-0.008593,22.892890,180.811800,359.047300
474.932,12,-0.033040,1.449044,-0.260375,-0.009106,0.979866,-0.199354,-0.006208,23.003810,180.531200,359.043200
475.044,12,-0.035912,1.466270,-0.240340,-0.010127,0.980385,-0.196831,-0.001124,22.703480,179.889300,358.794100
475.155,12,-0.039335,1.488826,-0.212642,-0.011474,0.980464,-0.196243,0.006879,22.622710,178.883200,358.435700
475.266,12,-0.048213,1.525195,-0.164689,-0.014790,0.980423,-0.195400,0.019278,22.493510,177.296400,357.733700
475.377,12,-0.059733,1.552682,-0.118184,-0.011318,0.975859,-0.216091,0.029599,24.902720,176.038600,357.796000
475.487,12,-0.078667,1.585789,-0.055453,-0.011699,0.972079,-0.230182,0.044061,26.517970,174.159900,357.243700
475.598,12,-0.094767,1.605026,-0.009005,-0.009383,0.969427,-0.239361,0.053207,27.586440,173.023600,357.176200
475.709,12,-0.115105,1.623615,0.046903,-0.006220,0.967284,-0.244123,0.068761,28.126300,171.125100,357.035800
475.820,12,-0.130497,1.632877,0.086743,-0.008397,0.968342,-0.237274,0.077100,27.272970,170.068100,356.591200
475.930,12,-0.148759,1.640230,0.132904,-0.004243,0.971293,-0.222787,0.083299,25.599420,169.541400,357.117100
476.041,12,-0.161210,1.644568,0.165299,-0.005862,0.974286,-0.207724,0.087083,23.812500,169.155800,357.017600
476.152,12,-0.169709,1.648779,0.192446,-0.005811,0.974406,-0.205620,0.090661,23.556970,168.734800,356.960400
476.264,12,-0.178755,1.656038,0.214018,-0.004428,0.977161,-0.193178,0.088421,22.132430,169.140800,357.350800
476.375,12,-0.186572,1.659873,0.226441,-0.007079,0.978096,-0.190980,0.082493,21.865290,169.816900,357.198700
476.486,12,-0.192395,1.662041,0.232454,-0.007053,0.978496,-0.193542,0.070975,22.194900,171.201400,357.444900
476.597,12,-0.192581,1.662113,0.232371,-0.006806,0.978246,-0.194556,0.071677,22.313270,171.115200,357.447100
476.708,12,-0.191010,1.659517,0.227700,-0.006616,0.976939,-0.198913,0.077329,22.807060,170.400500,357.283400
476.819,12,-0.190964,1.657684,0.222939,-0.008120,0.976790,-0.200672,0.074476,23.005510,170.699900,357.150800
476.930,12,-0.190978,1.654757,0.215134,-0.008889,0.976250,-0.203705,0.073222,23.355360,170.812300,357.053800
477.042,12,-0.189841,1.651452,0.207709,-0.010296,0.975220,-0.207129,0.077059,23.728700,170.279700,356.743500
477.153,12,-0.187409,1.648091,0.198844,-0.009826,0.974231,-0.209877,0.082037,24.036860,169.657100,356.636700
477.264,12,-0.185962,1.643177,0.184866,-0.003643,0.975115,-0.209245,0.073168,24.050590,170.913200,357.632300
477.375,12,-0.188003,1.632399,0.164339,-0.005261,0.976724,-0.208046,0.051962,23.945010,173.485300,357.999900
477.486,12,-0.198482,1.606221,0.117331,-0.019825,0.977389,-0.210506,-0.002397,24.304580,179.769900,357.626400
477.597,12,-0.205682,1.575430,0.070139,-0.031452,0.975975,-0.211667,-0.040994,24.566040,184.206000,357.224600
477.708,12,-0.213523,1.534222,0.004401,-0.044593,0.971730,-0.214504,-0.087977,25.133340,189.655800,356.902300
477.820,12,-0.223568,1.497543,-0.050727,-0.066236,0.963029,-0.220828,-0.139368,26.345930,195.479900,355.775000
477.931,12,-0.234500,1.465759,-0.100113,-0.089490,0.951588,-0.219027,-0.196210,26.869850,202.004000,354.573100
478.043,12,-0.243253,1.440219,-0.145747,-0.112390,0.944433,-0.216579,-0.220245,27.296500,204.416100,352.441700
478.154,12,-0.247688,1.422084,-0.179794,-0.120463,0.939951,-0.212180,-0.238665,27.153630,206.537800,351.912500
478.266,12,-0.248264,1.402300,-0.217703,-0.123473,0.934772,-0.216793,-0.252896,27.888730,208.317400,352.119300
478.377,12,-0.246880,1.390266,-0.242838,-0.121889,0.933260,-0.218578,-0.257669,28.085860,208.995500,352.518900
478.488,12,-0.244256,1.377151,-0.268708,-0.119122,0.932709,-0.222295,-0.257777,28.430090,209.116300,352.971300
478.599,12,-0.242323,1.367770,-0.283395,-0.117249,0.931844,-0.226915,-0.257740,28.903590,209.203500,353.339100
478.710,12,-0.238906,1.358834,-0.296967,-0.115429,0.930170,-0.233817,-0.258438,29.646140,209.412100,353.798700
478.821,12,-0.234998,1.355375,-0.305277,-0.112104,0.930320,-0.236965,-0.256486,29.894980,209.287300,354.238600
478.932,12,-0.228693,1.356094,-0.309643,-0.111279,0.930849,-0.242056,-0.250094,30.417350,208.518500,354.270300
479.044,12,-0.211943,1.359616,-0.312678,-0.099296,0.941701,-0.243357,-0.210042,30.003420,203.640700,354.381600
479.155,12,-0.186417,1.362039,-0.316322,-0.093278,0.957561,-0.231571,-0.144055,28.057680,195.288000,352.713800
479.266,12,-0.153362,1.358994,-0.322724,-0.083689,0.965629,-0.226432,-0.096364,26.963850,189.571600,352.393200
479.377,12,-0.125967,1.354451,-0.328606,-0.075837,0.968190,-0.230274,-0.061898,27.083350,185.473900,352.361800
479.488,12,-0.096431,1.350166,-0.334919,-0.063296,0.969964,-0.231385,-0.040312,26.998830,183.146700,353.288500
479.599,12,-0.077691,1.347648,-0.339208,-0.053404,0.970622,-0.232636,-0.030358,27.054970,182.193500,354.229200
479.710,12,-0.059605,1.345175,-0.345573,-0.047483,0.972335,-0.227804,-0.020374,26.419410,181.150800,354.678700
479.821,12,-0.048422,1.340048,-0.352362,-0.043868,0.972220,-0.229310,-0.016741,26.573700,180.796600,355.021100
479.932,12,-0.039865,1.333966,-0.359359,-0.042782,0.971479,-0.232826,-0.013783,26.971660,180.440900,355.062600
480.044,12,-0.033578,1.328915,-0.364963,-0.042344,0.970875,-0.235552,-0.011155,27.279280,180.110400,355.032200
480.155,12,-0.030156,1.325819,-0.368564,-0.041038,0.970368,-0.237908,-0.010060,27.551260,179.999800,355.156600
480.266,12,-0.028798,1.324328,-0.371735,-0.041147,0.969671,-0.240782,-0.008327,27.881460,179.762300,355.081400
480.377,12,-0.030242,1.326117,-0.372006,-0.041185,0.970206,-0.238608,-0.008395,27.625370,179.782500,355.085100
480.488,12,-0.034091,1.332061,-0.367395,-0.041591,0.970576,-0.236995,-0.009272,27.439640,179.889300,355.065500
480.599,12,-0.038069,1.346688,-0.354174,-0.040172,0.972104,-0.230906,-0.009093,26.721890,179.944000,355.253900
480.710,12,-0.043649,1.380922,-0.320268,-0.034444,0.976301,-0.213597,-0.005150,24.672050,179.706300,355.894700
480.822,12,-0.050375,1.423851,-0.271185,-0.029355,0.979858,-0.197420,0.006498,22.737190,178.488700,356.264200
480.933,12,-0.063035,1.468140,-0.210588,-0.029670,0.984016,-0.174461,0.019919,20.008690,176.977000,356.012500
481.044,12,-0.078397,1.509552,-0.146560,-0.029345,0.986535,-0.159005,0.024583,18.196950,176.509700,356.033300
481.155,12,-0.090236,1.544054,-0.085236,-0.021285,0.987454,-0.154603,0.024091,17.716070,176.740700,357.022200
481.266,12,-0.103703,1.588286,-0.003138,-0.014593,0.987410,-0.155597,0.024472,17.852120,176.816000,357.806300
481.377,12,-0.111695,1.618572,0.059282,-0.015742,0.985904,-0.163585,0.031388,18.757930,175.940000,357.499600
481.487,12,-0.120731,1.650136,0.136663,-0.016218,0.983741,-0.174663,0.038514,20.022990,175.027400,357.232700
481.598,12,-0.126694,1.668380,0.189236,-0.014479,0.982811,-0.178991,0.042831,20.523310,174.523900,357.319800
481.709,12,-0.132944,1.682348,0.236114,-0.014393,0.981461,-0.185926,0.044254,21.326660,174.318600,357.249100
481.820,12,-0.134574,1.688698,0.260575,-0.012783,0.979927,-0.192741,0.049291,22.116130,173.708000,357.274500
481.931,12,-0.133235,1.694409,0.272026,-0.009519,0.979032,-0.197765,0.047901,22.726020,173.928500,357.664600
482.042,12,-0.128304,1.704301,0.276743,-0.009737,0.978493,-0.201145,0.044687,23.126800,174.298100,357.692200
482.153,12,-0.120902,1.715723,0.277633,-0.007865,0.980638,-0.193837,0.026727,22.318070,176.562500,358.402700
482.265,12,-0.108894,1.727394,0.272372,-0.013814,0.983840,-0.178473,-0.004021,20.566100,180.182400,358.424300
482.376,12,-0.093711,1.734570,0.264405,-0.015976,0.983931,-0.174382,-0.034871,20.137470,183.850600,358.823500
482.487,12,-0.070812,1.742685,0.254117,-0.019509,0.982866,-0.171206,-0.065434,19.821940,187.448000,359.028900
482.598,12,-0.052276,1.743573,0.247980,-0.026211,0.981609,-0.174707,-0.072346,20.290570,188.144100,358.400600
482.709,12,-0.034223,1.742445,0.239814,-0.026402,0.978701,-0.183659,-0.087842,21.354260,190.032300,358.805600
482.820,12,-0.023767,1.741565,0.234096,-0.027198,0.977424,-0.184708,-0.098924,21.497240,191.364000,358.976300
482.930,13,-0.013045,1.738340,0.228428,-0.031078,0.974878,-0.192207,-0.108182,22.425490,192.430800,358.821700
483.042,13,-0.005163,1.736811,0.224839,-0.029529,0.974797,-0.191422,-0.110705,22.317220,192.772800,359.059300
483.153,13,0.001141,1.735470,0.224637,-0.027131,0.974101,-0.192589,-0.115328,22.424160,193.400500,359.477200
483.264,13,0.006611,1.731853,0.224893,-0.028063,0.971346,-0.204516,-0.117785,23.823580,193.744100,359.603000
483.375,13,0.010886,1.728324,0.225672,-0.032385,0.968745,-0.216268,-0.117099,25.252070,193.612900,359.233600
483.486,13,0.016878,1.722215,0.228043,-0.034271,0.964126,-0.235108,-0.118365,27.481440,193.833600,359.326600
483.597,13,0.021902,1.716298,0.232555,-0.036658,0.960196,-0.251682,-0.115482,29.458560,193.503800,359.192700
483.708,13,0.025137,1.710334,0.239348,-0.036621,0.956502,-0.267556,-0.110347,31.326730,192.954700,359.261700
483.819,13,0.025896,1.706026,0.244068,-0.038905,0.953058,-0.279181,-0.110565,32.735030,192.986200,359.153900
483.930,13,0.026574,1.701957,0.246610,-0.037222,0.950009,-0.289516,-0.110804,33.940630,193.166900,359.546700
484.041,13,0.026934,1.697615,0.247202,-0.038044,0.946202,-0.301996,-0.109787,35.440070,193.109000,359.600200
484.153,13,0.025803,1.693835,0.246695,-0.038966,0.943130,-0.310487,-0.112183,36.470070,193.476600,359.726600
484.264,13,0.024763,1.691336,0.245423,-0.040673,0.941965,-0.313007,-0.114346,36.797210,193.722700,359.639200
484.375,13,0.024978,1.687573,0.244461,-0.040578,0.938294,-0.325370,-0.109962,38.280300,193.252100,359.664900
484.486,13,0.023967,1.682125,0.241971,-0.042505,0.934199,-0.337411,-0.107795,39.760580,192.984400,359.502500
484.599,13,0.020356,1.677318,0.240648,-0.045030,0.929801,-0.347302,-0.113243,40.998650,193.743900,359.614500
484.708,13,0.011571,1.673240,0.239279,-0.049013,0.925124,-0.353557,-0.129386,41.824550,195.947000,0.061879
484.818,13,0.003499,1.669891,0.238848,-0.052280,0.921635,-0.358526,-0.138975,42.484640,197.249500,0.255270
484.929,13,-0.006533,1.665601,0.238475,-0.056268,0.920144,-0.362996,-0.135655,43.100780,196.616300,359.602600
485.029,13,-0.019113,1.665151,0.242984,-0.057213,0.920130,-0.364794,-0.130430,43.333320,195.819100,359.202200
485.141,13,-0.033381,1.666509,0.246470,-0.056252,0.923146,-0.361669,-0.117610,42.920120,193.943000,358.530000
485.251,13,-0.054581,1.669998,0.246717,-0.048997,0.926400,-0.361675,-0.092593,42.779990,190.687400,358.141500
485.373,13,-0.074694,1.668305,0.246406,-0.049042,0.924533,-0.371613,-0.068830,43.938700,187.245900,356.853500
485.475,13,-0.087102,1.667947,0.246136,-0.053255,0.923750,-0.375184,-0.055555,44.352470,185.028700,355.451800
485.579,13,-0.102895,1.663923,0.247926,-0.055860,0.921771,-0.381091,-0.044580,45.034920,183.213100,354.396500
485.682,13,-0.115089,1.660860,0.252786,-0.057752,0.920085,-0.385451,-0.039201,45.546850,182.259900,353.765600
485.787,13,-0.122236,1.660722,0.261714,-0.059088,0.919004,-0.388416,-0.032753,45.871670,181.176800,353.140400
485.890,13,-0.123417,1.660879,0.270362,-0.050498,0.920268,-0.387339,-0.022935,45.661830,180.253500,353.825000
485.995,13,-0.119651,1.656522,0.281135,-0.041921,0.916918,-0.396847,-0.004089,46.726940,177.845200,353.833600
486.098,13,-0.116200,1.653913,0.286919,-0.037709,0.914914,-0.401778,0.009221,47.264040,176.013800,353.534900
486.202,13,-0.112464,1.652453,0.293308,-0.031906,0.912478,-0.407330,0.021160,47.902850,174.469500,353.536600
486.305,13,-0.110829,1.650198,0.297572,-0.026818,0.910223,-0.412564,0.023770,48.571000,174.327800,354.063700
486.408,13,-0.108166,1.648989,0.299893,-0.024396,0.908076,-0.416741,0.033620,49.045010,172.866800,353.664600
486.511,13,-0.103209,1.647292,0.302054,-0.025489,0.902954,-0.424922,0.058867,49.850870,168.552400,351.432200
486.614,13,-0.102923,1.648892,0.301434,-0.025061,0.905244,-0.419038,0.065666,49.057890,167.673800,351.186400
486.720,13,-0.105550,1.649422,0.301504,-0.020902,0.905168,-0.419836,0.063028,49.236320,168.367800,352.009700
486.822,13,-0.107928,1.650121,0.300891,-0.021933,0.905740,-0.417976,0.066713,48.957940,167.762000,351.637100
486.928,13,-0.113727,1.651595,0.298449,-0.026038,0.908089,-0.413637,0.060007,48.427280,168.656000,351.600400
487.030,13,-0.127367,1.653687,0.293090,-0.038430,0.915678,-0.399188,0.026568,46.803720,173.344100,352.310300
487.134,13,-0.156091,1.652437,0.284941,-0.053693,0.919801,-0.383059,-0.065946,45.378070,186.554300,356.061000
487.238,13,-0.180513,1.649085,0.281134,-0.071992,0.911652,-0.377874,-0.144636,45.219020,197.286100,358.214000
487.342,13,-0.216493,1.642562,0.281506,-0.100316,0.881575,-0.368239,-0.277783,44.828870,215.902800,2.239130
487.445,13,-0.239112,1.629938,0.287073,-0.117410,0.840848,-0.362707,-0.384230,44.442070,231.789500,6.536824
487.549,13,-0.252034,1.608660,0.291739,-0.134595,0.792638,-0.370106,-0.465436,45.398750,245.356600,10.764890
487.651,13,-0.256078,1.575511,0.290768,-0.150107,0.749569,-0.382454,-0.518983,46.815810,255.722700,14.551680
487.751,13,-0.250576,1.537299,0.284357,-0.169304,0.731940,-0.389475,-0.532832,48.639430,258.760300,14.657530
487.865,13,-0.239578,1.485691,0.276199,-0.182920,0.718592,-0.395464,-0.542011,50.053280,261.070100,14.964970
487.965,13,-0.227916,1.435887,0.266266,-0.192151,0.711434,-0.394891,-0.548636,50.598680,262.202200,14.590290
488.077,13,-0.216218,1.390419,0.252879,-0.195700,0.713320,-0.388454,-0.549526,50.288270,261.517300,13.369490
488.187,13,-0.198598,1.347329,0.236677,-0.210037,0.708745,-0.399136,-0.542453,52.527200,261.219400,12.849530
488.298,13,-0.187974,1.331717,0.223912,-0.208287,0.715111,-0.399006,-0.534816,52.509740,259.632100,12.226500
488.409,13,-0.177060,1.319215,0.211186,-0.205249,0.720185,-0.403179,-0.525978,52.810470,258.395700,12.273400
488.520,13,-0.171085,1.312510,0.202676,-0.207702,0.720444,-0.407572,-0.521253,53.494180,257.933800,12.190520
488.632,13,-0.167513,1.313013,0.196231,-0.205523,0.722347,-0.407007,-0.519924,53.293960,257.629500,12.199660
488.743,13,-0.162429,1.327063,0.191385,-0.204509,0.731382,-0.399567,-0.513422,52.605350,255.360500,10.545390
488.854,13,-0.154257,1.361171,0.188074,-0.206332,0.751697,-0.380863,-0.497316,51.060550,249.972700,6.268181
488.966,13,-0.136959,1.429436,0.183989,-0.193758,0.802028,-0.341481,-0.450111,46.234720,238.483800,359.719100
489.078,13,-0.120154,1.483189,0.185425,-0.176853,0.841938,-0.318491,-0.398028,42.616250,229.259800,356.551800
489.178,13,-0.103358,1.530785,0.192524,-0.156564,0.873825,-0.301765,-0.347643,39.511760,221.684700,355.255900
489.290,13,-0.093794,1.555601,0.206384,-0.146222,0.886201,-0.300546,-0.320842,38.793610,218.085600,355.119700
489.390,13,-0.091698,1.559431,0.216878,-0.144001,0.890126,-0.306499,-0.304955,39.306800,215.983200,354.852500
489.492,13,-0.094486,1.557360,0.227214,-0.143554,0.894756,-0.304612,-0.293283,38.999310,214.249200,354.223600
489.595,13,-0.098854,1.550038,0.237093,-0.147504,0.895379,-0.308171,-0.285603,39.502770,213.026000,353.442600
489.699,13,-0.105202,1.536071,0.243743,-0.139696,0.902776,-0.300274,-0.274439,38.231210,211.601500,353.610800
489.802,13,-0.118877,1.497714,0.253515,-0.130061,0.913532,-0.275525,-0.269499,34.994930,210.902200,353.754300
489.903,13,-0.137110,1.452062,0.258559,-0.128497,0.906116,-0.256196,-0.311137,32.973160,216.415000,354.977700
490.003,13,-0.155705,1.389848,0.263532,-0.124432,0.885765,-0.238213,-0.378408,31.075860,225.518100,357.313000
490.113,13,-0.164950,1.308106,0.274560,-0.110596,0.855930,-0.229155,-0.450157,29.462440,235.776100,1.117869
490.220,13,-0.164462,1.235045,0.285889,-0.100415,0.836265,-0.216256,-0.493772,27.442520,241.838900,2.946186
490.331,13,-0.155392,1.149441,0.297219,-0.101967,0.814915,-0.203818,-0.532893,26.158940,247.120900,3.259724
490.442,13,-0.140599,1.083393,0.305759,-0.096536,0.808887,-0.186718,-0.549108,24.084550,248.995700,3.069283
490.553,13,-0.119569,1.021515,0.309293,-0.098596,0.809682,-0.169334,-0.553191,22.538160,249.025600,1.717632
490.664,13,-0.090690,0.975075,0.306375,-0.093195,0.823084,-0.162733,-0.536065,21.580230,246.398700,1.297482
490.775,13,-0.064094,0.951883,0.305050,-0.083786,0.835494,-0.147535,-0.522650,19.518520,244.205300,0.863985
490.886,13,-0.039892,0.944872,0.302362,-0.073162,0.843051,-0.151441,-0.510861,19.274600,242.752400,1.904611
490.997,13,-0.031108,0.958834,0.304815,-0.061912,0.852616,-0.147356,-0.497494,18.232710,240.923800,2.476603
491.109,13,-0.031356,0.965362,0.316079,-0.065931,0.856264,-0.125923,-0.496596,16.327590,240.327900,0.725896
491.219,13,-0.031096,0.961760,0.322654,-0.069001,0.856664,-0.130055,-0.494421,16.921300,240.075000,0.621791
491.331,13,-0.027740,0.960249,0.327801,-0.067838,0.870756,-0.117865,-0.472536,15.627070,236.920000,359.598400
491.442,13,-0.014376,0.970314,0.325111,-0.068758,0.893868,-0.106220,-0.430103,14.420730,231.154800,358.133200
491.553,13,0.011753,0.993071,0.317714,-0.052492,0.934196,-0.067456,-0.346370,9.346105,220.442500,357.017200
491.660,13,0.034666,1.010954,0.314840,-0.050468,0.958783,-0.029769,-0.278031,4.884499,212.145400,355.381800
491.772,13,0.054680,1.015779,0.313709,-0.048351,0.967227,-0.010195,-0.249060,2.510750,208.768400,354.920500
491.884,13,0.067589,1.012982,0.315173,-0.028623,0.971203,-0.004320,-0.236487,1.256548,207.336600,356.929300
491.996,13,0.071838,1.012186,0.315333,-0.025432,0.975970,0.005626,-0.216342,0.001301,204.997100,357.014900
492.107,13,0.082929,1.041422,0.287995,-0.015469,0.989667,-0.012652,-0.141987,1.686786,196.306100,358.450700
492.218,13,0.100537,1.080745,0.250544,-0.018693,0.998769,-0.031782,-0.033187,3.711192,183.740700,357.976700
492.330,13,0.113623,1.121645,0.205424,-0.038377,0.994729,-0.065301,0.069112,7.158186,171.742200,355.063800
492.442,13,0.123364,1.154469,0.171838,-0.044981,0.989826,-0.090499,0.100160,9.796311,167.908300,353.756100
492.553,13,0.141314,1.181190,0.143579,-0.041494,0.984732,-0.110521,0.127931,11.949500,164.519500,353.544200
492.664,13,0.151771,1.193428,0.124168,-0.046817,0.979808,-0.121808,0.151481,12.974220,161.559100,352.413800
492.776,13,0.152123,1.190327,0.113855,-0.050145,0.977150,-0.137958,0.153721,14.725920,161.038900,351.652300
492.887,13,0.153415,1.190710,0.106826,-0.049183,0.975148,-0.153103,0.152404,16.475470,160.994200,351.448800
492.998,13,0.155322,1.209487,0.103929,-0.050942,0.974664,-0.152051,0.155936,16.290620,160.559800,351.207200
493.109,13,0.161959,1.256152,0.100464,-0.051309,0.973363,-0.150137,0.165500,15.979400,159.441900,351.048900
493.220,13,0.163204,1.295609,0.098595,-0.052998,0.973968,-0.161737,0.149730,17.408530,161.117300,350.854000
493.331,13,0.140403,1.327949,0.104298,-0.049097,0.978119,-0.201098,0.020812,23.038640,176.232900,353.484900
493.442,13,0.103374,1.368658,0.125456,-0.037394,0.960110,-0.224250,-0.162796,26.281630,199.265100,0.077235
493.552,13,0.078313,1.412942,0.151568,-0.047688,0.937384,-0.233455,-0.254041,27.509980,210.789100,1.887378
493.663,13,0.061586,1.447923,0.172604,-0.060844,0.925671,-0.236463,-0.288992,28.225320,215.069400,1.562792
493.774,13,0.051247,1.469989,0.187164,-0.076066,0.926715,-0.231900,-0.285719,28.247190,214.131900,359.449300
493.885,13,0.044683,1.488406,0.197652,-0.084456,0.928232,-0.236953,-0.274054,29.090140,212.439700,358.235100
493.996,13,0.042187,1.514307,0.207709,-0.091464,0.928121,-0.245079,-0.264880,30.223870,211.141200,357.350200
494.106,13,0.042604,1.552848,0.225966,-0.098003,0.929050,-0.249039,-0.255425,30.850720,209.733600,356.335000
494.217,13,0.043351,1.574556,0.237206,-0.091908,0.933313,-0.245484,-0.245395,30.220780,208.547300,356.611300
494.328,13,0.052773,1.601957,0.240099,-0.078862,0.948898,-0.238587,-0.190918,28.875060,201.764500,356.165400
494.440,13,0.085025,1.624881,0.230622,-0.069827,0.970966,-0.225356,-0.039543,26.304930,182.897700,352.450500
494.552,13,0.133778,1.640308,0.224246,-0.089410,0.962326,-0.203613,0.156451,21.340330,158.754300,345.336000
494.665,13,0.178245,1.638953,0.212183,-0.089448,0.934814,-0.195268,0.282828,18.329560,143.569500,342.990400
494.777,13,0.208905,1.620313,0.185506,-0.096216,0.917468,-0.197686,0.331535,17.394170,137.362200,341.193600
494.888,13,0.242178,1.588632,0.136540,-0.101811,0.912592,-0.196305,0.343911,16.754060,135.791600,340.423200
495.000,13,0.265617,1.569207,0.091682,-0.102098,0.910860,-0.197448,0.347741,16.779440,135.269800,340.263500
495.111,13,0.284189,1.556177,0.019153,-0.118109,0.913459,-0.192221,0.338664,15.734070,136.372200,338.934200
495.222,13,0.290154,1.564402,-0.050421,-0.120812,0.926584,-0.189096,0.301811,16.111190,140.969900,339.399800
495.334,13,0.292697,1.597472,-0.097676,-0.100172,0.951190,-0.156236,0.246564,14.348680,148.904300,343.964900
495.445,13,0.297596,1.664158,-0.125667,-0.056001,0.982378,-0.067126,0.165200,6.510353,160.472900,352.353200
495.556,13,0.304490,1.715892,-0.129032,-0.025046,0.994383,0.013507,0.101942,358.168000,168.336400,357.301500
495.668,13,0.314483,1.757414,-0.133375,-0.008995,0.995235,0.074827,0.061861,351.370000,172.924300,359.498800
495.780,13,0.318244,1.766683,-0.151535,-0.003569,0.995410,0.075476,0.058737,351.333700,173.238300,0.102035
495.891,13,0.308733,1.759041,-0.184616,-0.009561,0.997192,0.041979,0.061267,355.130000,173.002400,359.199300
496.003,13,0.286648,1.738975,-0.232362,-0.021000,0.997490,-0.043325,0.051925,4.832943,173.927600,357.331400
496.113,13,0.255592,1.720989,-0.295827,-0.014222,0.992771,-0.112326,0.039821,12.820340,175.160600,357.814500
496.224,13,0.224212,1.712846,-0.366637,-0.013686,0.988902,-0.143889,0.034388,16.477740,175.696900,357.790900
496.335,13,0.204748,1.712452,-0.420605,-0.018085,0.987344,-0.154886,0.028892,17.746540,176.228000,357.312200
496.446,13,0.188792,1.709106,-0.476409,-0.015758,0.984771,-0.170867,0.027988,19.611910,176.317000,357.529700
496.557,13,0.179784,1.714735,-0.514321,-0.019751,0.984114,-0.174519,0.025951,20.027280,176.462500,357.075700
496.668,13,0.170508,1.716887,-0.564392,-0.026956,0.984575,-0.172520,0.011033,19.823450,178.109900,356.533100
496.780,13,0.163349,1.709440,-0.606006,-0.026898,0.983372,-0.178885,-0.016024,20.651550,181.340600,357.110700
496.890,13,0.155234,1.699085,-0.669459,-0.030694,0.979425,-0.182231,-0.081099,21.219430,189.114800,358.120900
497.002,13,0.146721,1.693997,-0.740291,-0.040556,0.968456,-0.178324,-0.169263,21.046550,199.620100,358.883400
497.113,13,0.137449,1.703288,-0.821305,-0.059550,0.940227,-0.170571,-0.288673,20.801560,213.983700,359.172400
497.224,13,0.132952,1.717753,-0.891981,-0.079102,0.900066,-0.159881,-0.397570,20.530360,227.494000,359.065900
497.335,13,0.134304,1.727694,-0.943814,-0.077200,0.881114,-0.152045,-0.441091,19.635960,233.165500,359.883700
497.447,13,0.131432,1.734285,-1.002374,-0.073357,0.878552,-0.140052,-0.450722,18.192620,234.292700,359.840400
497.558,13,0.119948,1.733078,-1.042913,-0.073925,0.879221,-0.142457,-0.448566,18.470870,234.038500,359.867700
497.669,13,0.091536,1.728881,-1.091063,-0.078743,0.881837,-0.142872,-0.442438,18.763150,233.163400,359.246400
497.781,13,0.060451,1.720640,-1.129439,-0.089502,0.889467,-0.146416,-0.423558,19.650550,230.556000,357.858700
497.891,13,0.020325,1.719546,-1.163214,-0.102830,0.899545,-0.161054,-0.392819,21.748830,226.486900,356.390800
498.002,13,-0.018607,1.717918,-1.190184,-0.123142,0.898666,-0.171950,-0.384277,23.809240,225.123800,354.406500
498.113,13,-0.053753,1.712011,-1.211467,-0.137093,0.889008,-0.197928,-0.389480,27.303790,225.910600,354.214300
498.224,13,-0.088197,1.705750,-1.228964,-0.155592,0.876284,-0.215591,-0.401794,30.190090,227.481100,353.393900
498.335,13,-0.118275,1.698668,-1.240458,-0.166290,0.859526,-0.212030,-0.434288,30.592360,231.754100,353.215200
498.446,13,-0.151502,1.692856,-1.245633,-0.178278,0.803361,-0.203877,-0.530342,31.109150,245.552200,355.297300
498.558,13,-0.167145,1.693588,-1.245339,-0.178885,0.724422,-0.186337,-0.639134,29.909760,262.471200,358.612600
498.668,13,-0.161293,1.702713,-1.245876,-0.166147,0.567186,-0.148855,-0.792804,25.613580,289.526100,3.022890
498.778,13,-0.135271,1.723231,-1.255901,-0.132974,0.414828,-0.108362,-0.893585,19.120160,311.048600,5.060335
498.894,13,-0.080500,1.763072,-1.297504,-0.012592,0.182775,-0.063050,-0.981050,2.737186,339.056800,6.848485
498.994,13,-0.049236,1.777500,-1.334150,0.039529,0.074030,-0.048193,-0.995306,355.896900,351.282400,5.857127
499.104,13,-0.014965,1.799783,-1.393230,0.121905,-0.034028,-0.020193,-0.991753,345.926100,3.698541,1.876154
499.222,13,-0.000945,1.801909,-1.427505,0.136207,-0.076717,-0.018327,-0.987535,344.226800,8.758101,0.910904
499.325,13,0.003893,1.799535,-1.443751,0.119393,-0.082082,-0.011298,-0.989384,346.225300,9.465445,0.162584
499.432,13,0.003457,1.796758,-1.451096,0.100090,-0.070704,-0.006491,-0.992442,348.487300,8.157557,359.925800
499.544,13,0.000422,1.792630,-1.450083,0.074051,-0.053451,-0.006420,-0.995800,351.479300,6.123899,0.282192
499.654,13,-0.003807,1.787076,-1.446002,0.046208,-0.028622,-0.010357,-0.998468,354.671400,3.235708,1.037966
499.756,13,-0.006860,1.780234,-1.439750,0.010462,-0.018072,-0.000064,-0.999782,358.801200,2.071242,359.985600
499.863,13,-0.008044,1.769718,-1.431281,-0.034777,-0.034354,0.003273,-0.998799,3.996470,3.931567,359.761700
499.982,13,-0.008824,1.752754,-1.417049,-0.103810,-0.047340,0.002797,-0.993466,11.918990,5.482483,0.250137
500.091,13,-0.006240,1.740258,-1.407096,-0.148962,-0.060078,-0.001182,-0.987016,17.092390,7.148691,1.212849
500.215,13,-0.006666,1.730268,-1.396448,-0.182372,-0.042562,-0.003813,-0.982301,20.975160,5.223501,1.412395
500.322,13,-0.007523,1.720700,-1.387435,-0.211864,-0.022610,-0.001949,-0.977036,24.450680,2.833902,0.842755
500.437,13,-0.008415,1.712518,-1.378653,-0.238005,-0.007617,-0.006310,-0.971214,27.529890,1.150060,1.026184
500.548,13,-0.007659,1.708431,-1.369998,-0.251168,-0.002683,-0.004270,-0.967931,29.091300,0.481145,0.630298
500.659,13,-0.006783,1.708383,-1.360326,-0.245781,-0.001581,-0.004829,-0.969312,28.454540,0.354470,0.660750
500.770,13,-0.007489,1.709568,-1.351790,-0.235646,0.012776,-0.004300,-0.971746,27.263600,358.530000,0.150596
500.879,13,-0.005188,1.709465,-1.343491,-0.238314,0.022983,-0.007510,-0.970887,27.587120,357.345400,0.234567
500.993,13,0.001903,1.711543,-1.329909,-0.232807,0.036435,-0.001726,-0.971839,26.912340,355.496600,359.125400
501.107,13,0.012869,1.714866,-1.302483,-0.226928,0.051360,0.013837,-0.972458,26.099710,353.210200,356.794100
501.218,13,0.028760,1.715503,-1.261963,-0.224638,0.047632,0.018251,-0.973106,25.814260,353.564400,356.374700
501.320,13,0.042302,1.712253,-1.225376,-0.235408,0.041574,0.018514,-0.970831,27.099840,354.233900,356.424300
501.433,13,0.065108,1.708195,-1.161384,-0.248406,0.032126,0.019357,-0.967930,28.661520,355.305900,356.508800
501.535,13,0.079746,1.705347,-1.120020,-0.255741,0.040563,0.015022,-0.965777,29.522130,354.326000,356.721600
501.644,13,0.093299,1.704933,-1.084839,-0.255803,0.050407,0.016300,-0.965276,29.485080,353.028700,356.228500
501.747,13,0.107454,1.707958,-1.055394,-0.248390,0.060096,0.017727,-0.966632,28.559600,351.818800,355.813100
501.849,13,0.119306,1.719312,-1.039075,-0.215587,0.054010,0.017121,-0.974839,24.738410,352.872900,356.422700
501.961,13,0.127909,1.729444,-1.030543,-0.181883,0.038485,0.011718,-0.982497,20.885240,355.095100,357.728900
502.072,13,0.133391,1.735237,-1.029632,-0.168208,0.027332,0.014238,-0.985270,19.310130,356.437100,357.737800
502.182,13,0.138887,1.742337,-1.030113,-0.151991,0.016122,0.021298,-0.988021,17.436860,357.697400,357.177100
502.290,13,0.169482,1.755122,-1.033748,-0.108796,-0.112705,0.037963,-0.986924,12.903170,12.694420,357.035600
502.400,13,0.202953,1.763054,-1.047528,-0.071550,-0.272577,0.040575,-0.958612,9.166143,31.565240,357.748400
502.512,13,0.231849,1.761051,-1.064797,-0.062916,-0.389201,0.060054,-0.917037,9.331126,45.703690,356.446000
502.622,13,0.242434,1.759482,-1.067972,-0.068924,-0.406540,0.072175,-0.908166,10.595390,47.825040,355.620900
502.733,13,0.239179,1.761340,-1.057244,-0.060115,-0.348070,0.064168,-0.933336,9.026175,40.546700,355.474100
502.845,13,0.199255,1.768368,-1.036136,-0.044036,-0.085148,0.067699,-0.993090,5.681127,9.436896,352.669600
502.955,13,0.155247,1.779752,-1.040815,-0.006876,0.154896,0.071583,-0.985310,359.505700,342.167400,351.767000
503.066,13,0.114250,1.786668,-1.064517,0.011666,0.367417,0.068019,-0.927492,355.892800,317.022000,353.228800
503.178,13,0.091780,1.785886,-1.086368,0.005490,0.491472,0.052060,-0.869319,356.519000,301.185200,355.108200
503.289,13,0.070720,1.778791,-1.107934,-0.017667,0.593353,0.027821,-0.804268,359.736600,287.172100,356.232000
503.400,13,0.058260,1.774109,-1.114773,-0.035833,0.625073,0.013122,-0.779633,2.261983,282.484100,356.255500
503.511,13,0.049367,1.767444,-1.109853,-0.068955,0.612021,0.003091,-0.787824,6.019479,284.045300,354.849700
503.621,13,0.052308,1.763037,-1.091470,-0.094276,0.526952,-0.001425,-0.844649,9.251094,295.625900,354.362900
503.731,13,0.073282,1.759717,-1.060141,-0.105331,0.354488,0.002334,-0.929106,11.190530,317.779800,355.380100
503.843,13,0.100858,1.753092,-1.037372,-0.132003,0.211626,0.014690,-0.968284,14.442880,334.709500,355.004900
503.953,13,0.122020,1.748489,-1.020729,-0.139197,0.138162,0.019586,-0.980384,15.516810,343.332900,355.424300
504.064,13,0.133778,1.744226,-1.007539,-0.145734,0.115201,0.016937,-0.982448,16.406450,346.047800,356.003600
504.175,13,0.135867,1.740753,-0.996303,-0.152899,0.111626,0.014205,-0.981815,17.281400,346.461200,356.275400
504.286,13,0.126857,1.737716,-0.976435,-0.157042,0.112194,0.006088,-0.981180,17.866890,346.506800,357.158400
504.397,13,0.111737,1.732808,-0.955137,-0.160641,0.112489,0.001092,-0.980581,18.348570,346.538300,357.688400
504.509,13,0.083237,1.726866,-0.917120,-0.153103,0.102812,-0.011317,-0.982783,17.653540,347.969500,359.444600
504.620,13,0.049708,1.722190,-0.872692,-0.145682,0.079975,-0.024217,-0.985796,16.923770,350.941600,1.464051
504.731,13,0.008622,1.723603,-0.817824,-0.138247,0.088698,-0.017324,-0.986266,16.007830,349.802900,0.575055
504.843,13,-0.024609,1.725171,-0.759848,-0.144993,0.079327,-0.019299,-0.986059,16.798390,350.934100,0.901177
504.954,13,-0.044968,1.722631,-0.715982,-0.153883,0.084409,-0.022065,-0.984230,17.856750,350.361500,1.050863
505.066,13,-0.055824,1.718731,-0.671188,-0.185908,0.081395,-0.020340,-0.978979,21.549880,350.606500,0.588995
505.177,13,-0.058139,1.721122,-0.641305,-0.187244,0.074449,-0.017526,-0.979331,21.675950,351.381500,0.397488
505.288,13,-0.055022,1.720621,-0.603997,-0.184214,0.077970,-0.005813,-0.979771,21.215860,350.700400,358.934500
505.399,13,-0.046585,1.720019,-0.578470,-0.194854,0.084660,-0.001907,-0.977170,22.403940,349.737500,358.186000
505.510,13,-0.032327,1.720180,-0.547687,-0.200674,0.093272,0.005369,-0.975193,22.978750,348.466800,357.017200
505.622,13,-0.023178,1.718525,-0.522176,-0.205844,0.099113,0.010561,-0.973496,23.495900,347.575200,356.163300
505.733,13,-0.018120,1.716277,-0.501364,-0.208112,0.103710,0.013645,-0.972495,23.699910,346.909100,355.634000
505.844,13,-0.014183,1.713166,-0.485518,-0.216137,0.108734,0.010453,-0.970233,24.653690,346.282900,355.754200
505.955,13,-0.009599,1.709876,-0.474603,-0.227261,0.113256,0.007524,-0.967197,25.970460,345.670700,355.787900
506.066,13,0.003169,1.706630,-0.465011,-0.239479,0.099858,0.007907,-0.965720,27.449070,347.196700,355.922600
506.177,13,0.013823,1.704356,-0.460995,-0.249980,0.094606,0.006866,-0.963594,28.715400,347.771900,356.042400
506.288,13,0.025026,1.701032,-0.455983,-0.254927,0.107257,0.008857,-0.960953,29.212150,346.033900,355.287500
506.399,13,0.038429,1.699141,-0.451768,-0.259442,0.103308,0.003854,-0.960210,29.830810,346.644000,355.967500
506.509,13,0.057185,1.698414,-0.447157,-0.259101,0.097053,0.006056,-0.960943,29.787620,347.376800,355.907800
506.622,13,0.073251,1.698096,-0.443709,-0.259588,0.090689,0.007616,-0.961422,29.852240,348.134300,355.918800
506.733,13,0.084138,1.696618,-0.439180,-0.261749,0.089782,0.009790,-0.960901,30.084170,348.151300,355.637800
506.846,13,0.088001,1.694296,-0.436278,-0.264883,0.093898,0.009389,-0.959652,30.439480,347.596300,355.492100
506.957,13,0.085667,1.693067,-0.437586,-0.267821,0.094160,0.009494,-0.958809,30.783230,347.520200,355.417200
507.068,13,0.074230,1.694621,-0.446465,-0.269334,0.082485,0.007366,-0.959480,31.039330,349.084100,356.080600
507.180,13,0.058962,1.699322,-0.456757,-0.266523,0.068001,0.004870,-0.961415,30.784800,351.070300,356.956600
507.290,13,0.036906,1.702463,-0.470980,-0.265038,0.055461,0.002428,-0.962639,30.663970,352.782800,357.729800
507.402,13,0.018603,1.702841,-0.483361,-0.266707,0.052467,0.003403,-0.962342,30.861890,353.122100,357.694200
507.512,13,0.004238,1.702119,-0.493991,-0.265547,0.043308,0.005557,-0.963109,30.731840,354.233000,357.752800
507.624,13,-0.004225,1.698917,-0.501491,-0.270288,0.028876,0.006942,-0.962321,31.319360,356.017700,358.056600
507.735,13,-0.007779,1.695502,-0.505409,-0.272308,0.014784,0.010440,-0.962040,31.576350,357.704000,358.107200
507.846,13,-0.010152,1.690299,-0.504586,-0.270535,-0.002146,0.010223,-0.962654,31.393040,359.906100,358.756800
507.957,13,-0.009908,1.683849,-0.499429,-0.266609,-0.014052,0.011863,-0.963630,30.941130,1.386648,358.973100
508.068,13,-0.004536,1.662735,-0.480358,-0.263719,-0.036473,0.016953,-0.963761,30.634620,4.089385,359.104900
508.180,13,0.007001,1.636291,-0.453940,-0.266709,-0.077917,0.020919,-0.960395,31.034390,9.302091,0.092301
508.290,13,0.028723,1.591412,-0.410883,-0.269909,-0.148023,0.025947,-0.951086,31.405770,18.269310,2.051242
508.402,13,0.049875,1.544648,-0.365698,-0.273329,-0.201806,0.022865,-0.940236,31.548160,25.508150,4.530954
508.513,13,0.066953,1.492742,-0.318841,-0.280126,-0.231586,0.022892,-0.931329,32.166500,29.632370,5.906209
508.623,13,0.078809,1.442852,-0.275139,-0.288483,-0.250649,0.024595,-0.923768,33.045980,32.379360,6.794868
508.734,13,0.086115,1.405589,-0.241183,-0.288583,-0.253972,0.021532,-0.922906,32.929510,32.936480,7.313089
508.846,13,0.091607,1.368116,-0.205769,-0.296242,-0.251519,0.025592,-0.921045,33.957560,32.704430,7.055201
508.957,13,0.093951,1.348330,-0.183051,-0.298469,-0.246009,0.026507,-0.921788,34.283830,31.988880,6.810672
509.068,13,0.093965,1.329100,-0.159480,-0.305058,-0.236795,0.025622,-0.922069,35.078800,30.964320,6.822872
509.179,13,0.092997,1.318111,-0.143703,-0.304666,-0.229286,0.023493,-0.924151,35.021730,30.000590,6.752412
509.290,13,0.091949,1.306973,-0.127493,-0.307171,-0.218568,0.023449,-0.925918,35.385870,28.606630,6.398139
509.402,13,0.091628,1.296213,-0.114825,-0.304897,-0.213735,0.023424,-0.927797,35.154140,27.879260,6.099060
509.513,13,0.090074,1.282333,-0.101353,-0.306655,-0.208439,0.019998,-0.928502,35.295680,27.336820,6.380376
509.624,13,0.087114,1.271405,-0.088434,-0.307864,-0.202288,0.017504,-0.929512,35.408890,26.626770,6.482193
509.735,13,0.084984,1.265572,-0.077613,-0.305644,-0.196932,0.015707,-0.931425,35.138540,25.904130,6.397684
509.847,13,0.084016,1.258405,-0.063522,-0.303529,-0.192598,0.015936,-0.933018,34.927110,25.248810,6.104045
509.958,13,0.083182,1.253972,-0.052583,-0.306532,-0.185823,0.018970,-0.933353,35.398230,24.284790,5.526949
510.069,13,0.079429,1.260186,-0.038858,-0.304915,-0.169652,0.027850,-0.936734,35.499600,21.687580,3.611541
510.181,13,0.073894,1.272928,-0.034484,-0.300677,-0.155420,0.032517,-0.940415,35.143800,19.485680,2.264099
510.291,13,0.065276,1.288202,-0.042849,-0.293866,-0.144764,0.034125,-0.944204,34.389700,17.876720,1.433187
510.403,13,0.054458,1.302695,-0.064736,-0.285572,-0.138096,0.031045,-0.947847,33.362370,16.990380,1.373628
510.513,13,0.043369,1.317931,-0.098908,-0.286715,-0.133018,0.034830,-0.948097,33.568490,16.185190,0.703669
510.625,13,0.033421,1.347421,-0.144600,-0.284408,-0.125810,0.042841,-0.949447,33.424620,14.894680,359.328000
510.735,13,0.024529,1.382171,-0.192250,-0.281215,-0.123642,0.043408,-0.950656,33.052790,14.557040,359.111800
510.846,13,0.010072,1.426391,-0.256981,-0.286045,-0.112154,0.044977,-0.950567,33.634840,13.014020,358.531000
510.957,13,-0.004216,1.461599,-0.306688,-0.294514,-0.089884,0.051910,-0.949994,34.673850,9.815555,356.815500
511.069,13,-0.020824,1.512521,-0.365308,-0.287370,-0.070204,0.059507,-0.953388,33.800660,6.888228,354.952000
511.178,13,-0.028821,1.548517,-0.407257,-0.289749,-0.072892,0.062236,-0.952292,34.119670,7.130485,354.712300
511.287,13,-0.036910,1.583049,-0.450912,-0.310026,-0.077691,0.065144,-0.945307,36.602580,7.622818,354.640100
511.389,13,-0.040659,1.604156,-0.475418,-0.313248,-0.084882,0.069155,-0.943339,37.066280,8.418483,354.441100
511.499,13,-0.043423,1.619099,-0.495859,-0.318953,-0.085090,0.067918,-0.941497,37.744740,8.501430,354.658700
511.610,13,-0.045039,1.631797,-0.513714,-0.311517,-0.082289,0.070650,-0.944031,36.854970,7.999245,354.109200
511.721,13,-0.046156,1.637984,-0.522428,-0.307419,-0.082222,0.071182,-0.945339,36.365620,7.972825,354.010300
511.831,13,-0.047745,1.641621,-0.528544,-0.306370,-0.078901,0.072600,-0.945855,36.229340,7.462962,353.666000
511.940,13,-0.047689,1.643853,-0.532556,-0.307048,-0.076667,0.070898,-0.945948,36.282980,7.234073,353.800600
512.043,13,-0.046529,1.647669,-0.535011,-0.303658,-0.074726,0.073127,-0.947027,35.878870,6.884501,353.400400
512.152,13,-0.044214,1.652050,-0.537793,-0.299625,-0.077318,0.072361,-0.948162,35.406650,7.278210,353.597700
512.262,13,-0.042216,1.655873,-0.541016,-0.296515,-0.076974,0.069279,-0.949397,35.007680,7.370409,353.980100
512.372,13,-0.039701,1.658791,-0.544733,-0.293655,-0.078188,0.069602,-0.950163,34.675230,7.525392,353.973200
512.473,13,-0.037869,1.660378,-0.546946,-0.291917,-0.081250,0.069023,-0.950483,34.481590,7.960213,354.167000
512.582,13,-0.038082,1.660147,-0.548630,-0.293432,-0.076313,0.068632,-0.950455,34.629170,7.316255,354.023300
512.691,13,-0.039826,1.661246,-0.550735,-0.292345,-0.069717,0.066717,-0.951432,34.443640,6.520687,354.000900
512.791,13,-0.043424,1.668051,-0.556549,-0.285681,-0.061536,0.062703,-0.954289,33.570480,5.621654,354.178400
512.906,13,-0.049908,1.681360,-0.570857,-0.270382,-0.051339,0.051933,-0.959980,31.631530,4.748610,355.152600
513.007,13,-0.055198,1.694027,-0.589038,-0.256613,-0.042415,0.043728,-0.964592,29.918230,3.928674,355.858800
513.108,13,-0.058247,1.704039,-0.612239,-0.250094,-0.038004,0.037450,-0.966750,29.104480,3.592563,356.496000
513.221,13,-0.058681,1.709197,-0.633463,-0.248743,-0.035640,0.032974,-0.967352,28.920450,3.441870,356.983200
513.333,13,-0.057531,1.712896,-0.650729,-0.246070,-0.036189,0.035326,-0.967932,28.614600,3.439865,356.697200
513.445,14,-0.056887,1.714372,-0.663080,-0.244590,-0.037496,0.034144,-0.968300,28.439660,3.645641,356.885000
513.557,14,-0.057594,1.714311,-0.671094,-0.246541,-0.034455,0.033305,-0.967947,28.657420,3.284693,356.897900
513.671,14,-0.057702,1.714049,-0.678974,-0.247017,-0.034919,0.030303,-0.967908,28.704720,3.439755,357.293900
513.784,14,-0.058074,1.714440,-0.686078,-0.246462,-0.033908,0.028469,-0.968141,28.629980,3.371753,357.491900
513.896,14,-0.058381,1.716284,-0.691651,-0.241449,-0.032268,0.028613,-0.969455,28.033890,3.165941,357.409400
514.007,14,-0.060404,1.717555,-0.696947,-0.238862,-0.027685,0.027845,-0.970259,27.713980,2.616926,357.357900
514.118,14,-0.062855,1.719964,-0.699193,-0.232709,-0.020243,0.026565,-0.971973,26.965170,1.735162,357.284900
514.229,14,-0.067661,1.727022,-0.700498,-0.207918,-0.004449,0.024576,-0.977827,24.006170,359.904700,357.100300
514.338,14,-0.071394,1.732750,-0.699218,-0.188680,0.011264,0.022684,-0.981712,21.712370,358.107800,356.989800
514.447,14,-0.076094,1.739090,-0.693902,-0.164525,0.032926,0.020933,-0.985601,18.840430,355.649600,356.844500
514.557,14,-0.079147,1.745572,-0.684986,-0.141136,0.048135,0.021374,-0.988588,16.080830,353.954000,356.668000
514.664,14,-0.083310,1.752449,-0.662830,-0.107737,0.062705,0.020506,-0.991988,12.191320,352.426600,356.821600
514.775,14,-0.086911,1.752715,-0.633219,-0.092435,0.071577,0.021841,-0.992903,10.394860,351.453300,356.700900
514.884,14,-0.090532,1.751070,-0.586409,-0.085916,0.079212,0.023178,-0.992878,9.609700,350.585600,356.532300
514.995,14,-0.090899,1.749505,-0.534569,-0.083101,0.081136,0.026854,-0.992870,9.245158,350.342600,356.118700
515.107,14,-0.084346,1.752402,-0.457381,-0.081185,0.055321,0.036051,-0.994509,9.061227,353.260700,355.313200
515.218,14,-0.075365,1.751561,-0.397460,-0.093459,0.021067,0.040654,-0.994570,10.613960,357.113000,355.050400
515.329,14,-0.065918,1.742608,-0.331007,-0.128307,-0.012072,0.047941,-0.990502,14.793420,0.688164,354.547300
515.440,14,-0.059710,1.737233,-0.281318,-0.154275,-0.038483,0.058009,-0.985573,17.972630,3.493174,353.815700
515.551,14,-0.057470,1.731777,-0.237093,-0.170340,-0.067783,0.059878,-0.981226,20.023190,6.884418,354.232600
515.662,14,-0.063143,1.723076,-0.194163,-0.188888,-0.082489,0.065061,-0.976363,22.307630,8.484489,354.051200
515.773,14,-0.077222,1.715407,-0.151482,-0.199165,-0.080951,0.064800,-0.974465,23.493790,8.272609,354.114200
515.885,14,-0.098428,1.711347,-0.108082,-0.207189,-0.075247,0.066282,-0.973148,24.407680,7.508027,353.833100
515.997,14,-0.122229,1.712434,-0.068333,-0.205883,-0.072689,0.062096,-0.973896,24.207620,7.307802,354.272600
516.108,14,-0.158388,1.715005,-0.013793,-0.206213,-0.069734,0.056364,-0.974390,24.187580,7.093682,354.900600
516.220,14,-0.189607,1.715705,0.026937,-0.213115,-0.065406,0.050439,-0.973530,24.932200,6.703373,355.551800
516.330,14,-0.230626,1.716382,0.070662,-0.217164,-0.048564,0.041429,-0.974046,25.282340,4.860471,356.219700
516.442,14,-0.264792,1.715063,0.101159,-0.219037,-0.037922,0.033191,-0.974414,25.428440,3.768822,356.948800
516.552,14,-0.293151,1.712504,0.123331,-0.221705,-0.025924,0.023012,-0.974498,25.676790,2.564272,357.879000
516.665,14,-0.312380,1.711777,0.142350,-0.225766,-0.017137,0.016408,-0.973893,26.123380,1.657466,358.454100
516.775,14,-0.322766,1.712829,0.159432,-0.224500,-0.010923,0.017506,-0.974256,25.965070,0.855459,358.138400
516.887,14,-0.331228,1.709382,0.182506,-0.230760,-0.007675,0.016121,-0.972847,26.694610,0.480574,358.215300
516.998,14,-0.336240,1.707278,0.200468,-0.232323,-0.000835,0.013441,-0.972545,26.866410,359.703200,358.345500
517.109,14,-0.342902,1.708399,0.227560,-0.233494,0.005102,0.014710,-0.972234,26.992320,358.920300,358.007200
517.221,14,-0.351431,1.706439,0.245253,-0.235579,0.004558,0.011305,-0.971779,27.242520,359.085800,358.445500
517.332,14,-0.364879,1.702939,0.254537,-0.243883,0.003707,0.009159,-0.969754,28.225640,359.241900,358.727100
517.443,14,-0.382931,1.705809,0.266139,-0.232759,-0.008711,0.005329,-0.972481,26.923500,0.929313,359.594500
517.554,14,-0.405324,1.704286,0.276706,-0.230560,-0.023495,0.003276,-0.972769,26.661400,2.834888,0.285926
517.665,14,-0.444686,1.701214,0.286147,-0.229917,-0.047218,0.005865,-0.972047,26.585540,5.718045,0.660599
517.776,14,-0.480009,1.703687,0.287418,-0.228180,-0.075125,0.006815,-0.970692,26.359970,9.166323,1.346393
517.887,14,-0.522354,1.713850,0.279843,-0.215804,-0.111882,0.011882,-0.969933,24.915970,13.512400,1.594779
517.999,14,-0.546793,1.722377,0.266284,-0.201620,-0.154368,0.019411,-0.967028,23.324440,18.457560,1.541719
518.109,14,-0.567103,1.733416,0.238098,-0.176380,-0.235141,0.022991,-0.955547,20.358360,28.077560,2.384678
518.221,14,-0.572710,1.745117,0.201785,-0.134680,-0.328284,0.021537,-0.934680,15.420840,39.093030,2.863959
518.332,14,-0.570141,1.758298,0.157237,-0.089203,-0.462059,0.006464,-0.882328,9.403460,55.620220,4.128546
518.443,14,-0.572240,1.767177,0.109083,-0.048301,-0.608542,-0.009858,-0.791989,3.698707,75.213400,4.275792
518.554,14,-0.578641,1.768577,0.084834,-0.035303,-0.667823,-0.004965,-0.743466,2.628641,83.935830,3.129453
518.665,14,-0.580858,1.766921,0.077866,-0.035810,-0.678164,0.008063,-0.733993,3.641000,85.539060,2.109393
518.777,14,-0.580805,1.766510,0.084361,-0.041727,-0.656366,0.017207,-0.753092,4.901152,82.219380,1.659782
518.888,14,-0.577729,1.764904,0.104266,-0.046698,-0.578945,0.022183,-0.813726,5.836205,70.914450,1.035017
518.999,14,-0.568908,1.760802,0.118749,-0.060887,-0.519679,0.034658,-0.851484,8.031126,62.810530,0.246685
519.110,14,-0.546461,1.753756,0.134213,-0.084766,-0.471217,0.040297,-0.877009,10.757870,56.548820,0.536841
519.221,14,-0.513104,1.747284,0.144889,-0.099669,-0.449662,0.053988,-0.885977,13.012390,53.778050,359.645400
519.332,14,-0.468086,1.742164,0.152808,-0.108044,-0.430041,0.064794,-0.893976,14.412800,51.207690,358.643900
519.444,14,-0.410585,1.738351,0.159787,-0.111701,-0.403178,0.072989,-0.905342,15.135930,47.677830,357.501000
519.555,14,-0.351250,1.738809,0.166824,-0.115850,-0.378849,0.082370,-0.914477,15.920040,44.482080,356.251300
519.666,14,-0.274806,1.737377,0.178354,-0.126877,-0.343892,0.089133,-0.926119,17.236070,40.033770,355.325700
519.777,14,-0.223247,1.737156,0.188515,-0.133103,-0.315868,0.093744,-0.934732,17.941870,36.473950,354.501200
519.889,14,-0.175779,1.733780,0.199661,-0.142921,-0.281043,0.097326,-0.943989,18.937570,32.110630,353.723100
520.000,14,-0.154042,1.733485,0.204475,-0.150048,-0.258340,0.092991,-0.949789,19.455480,29.396960,353.965900
520.111,14,-0.137715,1.736511,0.206420,-0.147039,-0.245409,0.087023,-0.954244,18.864730,27.898190,354.304400
520.222,14,-0.130787,1.736951,0.206627,-0.148568,-0.241105,0.084325,-0.955346,18.937070,27.422540,354.571900
520.333,14,-0.129221,1.735967,0.205061,-0.150151,-0.236003,0.083540,-0.956440,19.065740,26.814540,354.601000
520.445,14,-0.133795,1.737498,0.201257,-0.148612,-0.228031,0.081241,-0.958810,18.785840,25.872860,354.665800
520.556,14,-0.141271,1.741974,0.195783,-0.137926,-0.216003,0.076807,-0.963545,17.396160,24.456800,354.682900
520.667,14,-0.155459,1.749919,0.181823,-0.113622,-0.205022,0.065585,-0.969925,14.317950,23.270910,355.226300
520.779,14,-0.170497,1.759074,0.162357,-0.091391,-0.203944,0.058123,-0.972973,11.627630,23.224320,355.559900
520.890,14,-0.197194,1.774443,0.129061,-0.051387,-0.203982,0.048646,-0.976414,6.903416,23.341790,355.723300
521.002,14,-0.227530,1.791189,0.095952,-0.016013,-0.203221,0.043872,-0.978019,2.817452,23.364670,355.445800
521.113,14,-0.258445,1.813601,0.064333,0.011403,-0.195471,0.036806,-0.979952,359.543900,22.578920,355.607000
521.225,14,-0.282165,1.832194,0.041208,0.038698,-0.196620,0.032048,-0.979191,356.377500,22.849620,355.518600
521.336,14,-0.298060,1.837047,0.027044,0.039862,-0.198287,0.028414,-0.978921,356.171200,23.038670,355.894200
521.447,14,-0.307899,1.838030,0.018575,0.057946,-0.186438,0.021657,-0.980517,353.940700,21.727250,356.305500
521.559,14,-0.306116,1.835724,0.019296,0.055992,-0.162655,0.022513,-0.984836,354.090200,18.942710,356.394200
521.670,14,-0.294606,1.861822,0.025435,0.065335,-0.138472,0.032408,-0.987678,353.103000,16.247670,355.255700
521.781,14,-0.288456,1.890600,0.027564,0.067673,-0.131555,0.025725,-0.988662,352.701300,15.412220,356.030100
521.893,14,-0.284574,1.903781,0.027715,0.077940,-0.114655,0.028595,-0.989930,351.503200,13.534310,355.680800
522.004,14,-0.282705,1.899463,0.025165,0.077267,-0.113916,0.028107,-0.990082,351.570200,13.440000,355.752700
522.114,14,-0.282433,1.896602,0.019790,0.084012,-0.106208,0.024036,-0.990497,350.716400,12.549450,356.196800
522.226,14,-0.279964,1.898280,0.001260,0.118252,-0.062283,0.032310,-0.990502,346.689200,7.737909,355.359200
522.337,14,-0.274471,1.881876,-0.019523,0.134082,-0.005879,0.031592,-0.990449,344.619300,1.195606,356.184700
522.448,14,-0.251638,1.840335,-0.046845,0.141186,0.093976,0.032294,-0.984983,343.488900,349.421600,357.783500
522.559,14,-0.214437,1.804740,-0.060325,0.155714,0.177855,0.035635,-0.971005,341.634700,339.375700,359.166000
522.670,14,-0.138288,1.780510,-0.067328,0.172840,0.302560,0.039428,-0.936498,339.660200,323.854200,1.878707
522.781,14,-0.052630,1.790864,-0.065831,0.186298,0.379797,0.047135,-0.904890,338.101600,313.790800,3.472922
522.892,14,0.025140,1.802294,-0.064452,0.194645,0.432468,0.063870,-0.878069,336.605000,306.830600,3.510052
523.004,14,0.090184,1.804626,-0.067895,0.179806,0.478440,0.067105,-0.856891,338.138800,300.966000,3.524260
523.114,14,0.134587,1.802444,-0.071839,0.165170,0.502464,0.070740,-0.845722,339.484300,298.055600,2.835492
523.225,14,0.169904,1.802502,-0.076648,0.142918,0.511706,0.064937,-0.844698,342.067100,297.238700,2.202199
523.336,14,0.183223,1.805234,-0.079617,0.139423,0.514523,0.063122,-0.843708,342.529200,296.906200,2.220560
523.447,14,0.184320,1.809176,-0.082056,0.148473,0.517374,0.070616,-0.839817,341.188800,296.378000,2.120405
523.558,14,0.171571,1.810920,-0.079951,0.160984,0.506061,0.076435,-0.843886,339.569800,297.725500,2.075094
523.669,14,0.140563,1.809698,-0.068714,0.171899,0.473510,0.082657,-0.859888,338.043300,302.072600,1.275192
523.780,14,0.098767,1.813285,-0.058064,0.200861,0.423640,0.096603,-0.877982,334.243000,308.475800,0.035296
523.891,14,0.039468,1.817203,-0.052199,0.223956,0.403616,0.094981,-0.881996,331.853500,310.605000,0.860264
524.003,14,-0.032693,1.823748,-0.048362,0.230960,0.445385,0.089247,-0.860422,331.514000,304.400900,3.401682
524.115,14,-0.091647,1.834163,-0.042342,0.228822,0.476329,0.090604,-0.844122,331.795400,300.065300,4.231560
524.226,14,-0.144665,1.848784,-0.033026,0.234017,0.489301,0.086378,-0.835679,331.597900,297.902600,5.521700
524.338,14,-0.164758,1.851407,-0.029681,0.225048,0.499147,0.082317,-0.832724,332.807400,296.754300,5.649981
524.448,14,-0.166951,1.846905,-0.037858,0.235725,0.521354,0.078268,-0.816394,332.192700,292.974500,7.666226
524.560,14,-0.160715,1.850073,-0.050119,0.252000,0.526894,0.080164,-0.807745,330.555500,291.400700,8.988186
524.670,14,-0.155379,1.847163,-0.056652,0.286565,0.537137,0.071235,-0.790120,328.037300,287.755900,13.307570
524.782,14,-0.154728,1.848734,-0.046067,0.280009,0.549339,0.078021,-0.783412,328.369100,286.347100,12.576380
524.893,14,-0.156430,1.846844,-0.034506,0.281621,0.563312,0.080286,-0.772609,328.290200,284.064600,13.127990
525.005,14,-0.167495,1.848410,-0.023425,0.268163,0.571967,0.080031,-0.771062,329.662600,283.527700,12.264930
525.115,14,-0.176527,1.857588,-0.009887,0.260764,0.578604,0.081809,-0.768458,330.301100,282.934900,11.691530
525.227,14,-0.180061,1.876766,0.020402,0.252803,0.581148,0.104225,-0.766483,329.424200,283.208000,8.957861
525.338,14,-0.178976,1.900358,0.050845,0.241816,0.571725,0.124076,-0.774120,328.918100,285.530600,5.655867
525.448,14,-0.171598,1.915534,0.090696,0.224517,0.568868,0.145439,-0.777707,329.023400,287.090100,1.953305
525.560,14,-0.163638,1.921648,0.119745,0.226126,0.567117,0.168622,-0.773829,327.233100,287.616700,359.694100
525.670,14,-0.161099,1.921956,0.154637,0.208961,0.565121,0.180797,-0.777359,328.047300,288.836400,356.965900
525.782,14,-0.161708,1.923185,0.178622,0.206550,0.558751,0.192758,-0.779730,327.485400,290.134400,355.253400
525.893,14,-0.163647,1.927408,0.192086,0.218774,0.552110,0.205537,-0.777860,325.437200,290.963300,354.552100
526.004,14,-0.158244,1.939189,0.188302,0.263333,0.545257,0.225789,-0.763132,319.598400,290.500900,355.673800
526.115,14,-0.153643,1.946687,0.177084,0.284366,0.552756,0.236661,-0.746718,316.660900,288.202500,356.920800
526.227,14,-0.149532,1.950896,0.154598,0.300721,0.570910,0.241837,-0.724668,314.603800,283.779800,359.417900
526.338,14,-0.144363,1.953372,0.130943,0.314320,0.587804,0.245018,-0.704028,313.061100,279.388300,2.057907
526.448,14,-0.139148,1.953401,0.098280,0.322107,0.610124,0.241593,-0.682370,312.743900,274.054700,5.354630
526.560,14,-0.137376,1.953560,0.074805,0.322246,0.626975,0.239496,-0.667609,313.064600,270.513600,7.091836
526.671,14,-0.135772,1.942582,0.058315,0.312576,0.630364,0.239986,-0.668838,313.889100,270.816100,6.048576
526.782,14,-0.139279,1.899832,0.045660,0.284801,0.624408,0.219836,-0.693308,317.975900,274.478500,3.923979
526.893,14,-0.145679,1.868510,0.040877,0.231599,0.609260,0.193711,-0.733240,324.853100,280.594000,359.869400
527.004,14,-0.155891,1.847844,0.045636,0.142572,0.570264,0.156951,-0.793624,336.089800,289.751800,354.569800
527.115,14,-0.160949,1.831401,0.043661,0.060040,0.517971,0.116517,-0.845296,347.161200,297.898200,352.053900
527.225,14,-0.164548,1.818301,0.032903,0.011625,0.466553,0.071553,-0.881518,354.993900,304.509800,353.353400
527.335,14,-0.169189,1.817906,0.022632,0.024625,0.455176,0.075372,-0.886864,353.552500,306.025000,353.570500
527.446,14,-0.180796,1.824006,0.013974,0.073472,0.458460,0.093049,-0.880772,347.599500,305.620900,354.327200
527.558,14,-0.196720,1.826219,0.013395,0.122758,0.477068,0.112541,-0.862943,341.382700,302.894400,355.333000
527.669,14,-0.226134,1.806293,0.026685,0.192763,0.502549,0.150760,-0.829192,331.887600,298.478500,356.342100
527.782,14,-0.242517,1.755354,0.040534,0.221463,0.510519,0.172209,-0.812815,327.598500,296.797500,356.344900
527.893,14,-0.232867,1.730732,0.042453,0.237902,0.513551,0.182972,-0.803859,325.221200,295.943800,356.522700
528.004,14,-0.214100,1.843964,0.041406,0.250518,0.518170,0.198777,-0.793240,322.883200,295.038300,355.992100
528.115,14,-0.206018,2.009557,0.040744,0.272883,0.503847,0.217939,-0.790048,319.398200,296.886000,354.756900
528.227,14,-0.217531,2.075110,0.030556,0.250939,0.511124,0.188433,-0.800172,323.543500,295.919100,356.790200
528.338,14,-0.228342,2.015417,0.024681,0.210817,0.535878,0.164165,-0.800900,329.094000,293.111100,357.527500
528.449,14,-0.245710,1.822341,0.028201,0.138423,0.552060,0.103675,-0.815672,340.105700,291.992500,359.007200
528.559,14,-0.250961,1.760182,0.040940,0.108077,0.541920,0.108199,-0.826399,342.788500,294.050000,356.297000
528.670,14,-0.263064,1.824062,0.060280,0.129346,0.524509,0.134039,-0.830779,339.174300,296.450300,354.657400
528.781,14,-0.274117,1.861899,0.075884,0.131338,0.515234,0.140121,-0.835255,338.666800,297.809700,353.915400
528.892,14,-0.278811,1.859915,0.094705,0.164613,0.539409,0.172418,-0.807597,333.135000,294.073200,353.505500
529.004,14,-0.281230,1.838275,0.136434,0.163558,0.579635,0.185290,-0.776492,332.043300,288.108400,353.620700
529.115,14,-0.287605,1.840677,0.194860,0.147557,0.608749,0.186147,-0.756968,333.254700,283.951300,353.430700
529.227,14,-0.306215,1.851048,0.258626,0.139010,0.621158,0.190163,-0.747447,333.637600,282.221600,352.846400
529.338,14,-0.318366,1.852805,0.284484,0.134109,0.636537,0.180601,-0.737712,334.672900,279.788500,353.920300
529.449,14,-0.319370,1.853230,0.295190,0.136205,0.659186,0.170792,-0.719550,335.090900,275.938900,355.813100
529.560,14,-0.316529,1.851476,0.300506,0.130012,0.670191,0.170622,-0.710513,335.578400,274.275500,355.704900
529.671,14,-0.314865,1.845697,0.300316,0.110783,0.673547,0.160498,-0.712953,338.026900,274.212700,355.074700
529.782,14,-0.307797,1.839752,0.278883,0.099177,0.677149,0.135772,-0.716379,340.975500,273.837200,356.348200
529.893,14,-0.288858,1.835107,0.235847,0.092454,0.682082,0.118293,-0.715697,342.919800,273.144300,357.409600
530.005,14,-0.266805,1.826436,0.174459,0.093831,0.678009,0.102263,-0.721832,344.089800,273.756000,358.784700
530.115,14,-0.248606,1.817622,0.106113,0.102115,0.668981,0.089255,-0.730802,344.414800,275.007400,0.367058
530.226,14,-0.233665,1.803405,0.008440,0.101346,0.656957,0.071595,-0.743647,345.830000,276.887700,1.576606
530.337,14,-0.232931,1.785602,-0.053944,0.064238,0.650284,0.055523,-0.754931,350.258600,278.519300,359.983400
530.447,14,-0.238085,1.763051,-0.091303,0.001498,0.593557,0.044073,-0.803583,356.862800,287.206600,356.034400
530.557,14,-0.245837,1.743467,-0.094215,-0.034961,0.521184,0.044722,-0.851554,0.740653,297.021700,353.533800
530.667,14,-0.262930,1.704921,-0.083333,-0.059389,0.456191,0.032396,-0.887307,4.349178,305.337400,353.569500
530.778,14,-0.272237,1.666135,-0.073838,-0.052735,0.445805,0.033840,-0.892935,3.669710,306.739700,353.818800
530.890,14,-0.272401,1.617044,-0.061590,-0.019180,0.433853,0.034486,-0.900119,0.263847,308.521900,355.484600
531.002,14,-0.265630,1.579106,-0.045772,0.001039,0.432370,0.032887,-0.901096,358.263000,308.784900,356.652200
531.113,14,-0.242911,1.572945,-0.029501,0.004218,0.445354,0.033709,-0.894710,357.846800,307.136100,356.755100
531.225,14,-0.188070,1.611930,-0.020652,0.019813,0.434032,0.049738,-0.899305,355.479700,308.637400,355.843200
531.337,14,-0.123298,1.665701,-0.028483,0.053415,0.432570,0.066538,-0.897554,351.173000,308.865400,355.749900
531.447,14,-0.041682,1.723334,-0.045441,0.049880,0.443560,0.069868,-0.892124,351.316300,307.481700,355.334100
531.558,14,0.013319,1.757156,-0.062393,0.028034,0.457691,0.063704,-0.886383,353.799300,305.653000,354.963900
531.669,14,0.071197,1.785593,-0.095291,0.015114,0.462675,0.058206,-0.884486,355.377100,304.978700,354.878400
531.781,14,0.109719,1.798576,-0.135400,0.034843,0.451481,0.067734,-0.889024,352.928200,306.471600,354.856300
531.892,14,0.138118,1.805575,-0.178852,0.049342,0.430445,0.073932,-0.898230,351.240400,309.193100,354.755600
532.003,14,0.159951,1.812310,-0.218764,0.057839,0.403881,0.076931,-0.909734,350.364600,312.579700,354.572400
532.114,14,0.173408,1.810924,-0.247995,0.052738,0.391886,0.077693,-0.915209,350.942500,314.104200,354.137000
532.225,14,0.183046,1.810308,-0.277662,0.046189,0.384700,0.078043,-0.918576,351.668300,315.008300,353.742900
532.336,14,0.184691,1.809327,-0.295229,0.040887,0.389167,0.072553,-0.917395,352.444300,314.413400,354.135200
532.447,14,0.182920,1.807937,-0.311688,0.031442,0.396968,0.067679,-0.914794,353.612100,313.402700,354.290900
532.558,14,0.179608,1.806462,-0.320579,0.025541,0.399254,0.066444,-0.914073,354.275300,313.101700,354.169800
532.669,14,0.173902,1.804690,-0.327234,0.022835,0.398010,0.064449,-0.914830,354.659000,313.244100,354.250700
532.780,14,0.165702,1.801782,-0.325323,0.016513,0.396165,0.063123,-0.915858,355.396500,313.454700,354.095500
532.890,14,0.154848,1.797059,-0.311203,0.011084,0.376870,0.058792,-0.924332,356.284400,315.823700,354.229600
533.002,14,0.138017,1.793103,-0.281551,0.007010,0.357614,0.058708,-0.931996,356.843900,318.181200,353.997200
533.113,14,0.115695,1.788577,-0.236980,0.011268,0.340128,0.066876,-0.937931,356.179600,320.361400,353.220600
533.224,14,0.086011,1.781961,-0.178698,0.020371,0.333891,0.072298,-0.939614,355.034200,321.180900,352.950700
533.336,14,0.053832,1.782194,-0.119727,0.027969,0.348268,0.081097,-0.933461,353.759500,319.495900,352.374000
533.447,14,0.003000,1.791116,-0.049523,0.034362,0.391819,0.083836,-0.915570,352.610300,314.137200,352.666300
533.559,14,-0.037198,1.798910,-0.007326,0.036814,0.434406,0.079052,-0.896486,352.259400,308.724300,353.640800
533.669,14,-0.080772,1.797436,0.040874,0.022926,0.443445,0.073410,-0.892996,353.912200,307.524300,353.603600
533.781,14,-0.113874,1.789696,0.076654,0.008855,0.419926,0.064828,-0.905197,355.958600,310.449700,353.673000
533.892,14,-0.139908,1.785355,0.096584,-0.002094,0.419033,0.062405,-0.905821,357.219700,310.509800,353.399400
534.004,14,-0.163035,1.782219,0.106372,-0.005319,0.429314,0.061118,-0.901070,357.541700,309.190800,353.407000
534.115,14,-0.182870,1.778191,0.111622,-0.008204,0.436429,0.054923,-0.898023,358.097100,308.262500,353.923000
534.226,14,-0.205679,1.771998,0.116101,-0.014509,0.443076,0.046837,-0.895142,359.110200,307.374300,354.449700
534.337,14,-0.219439,1.767506,0.118681,-0.019350,0.446041,0.041766,-0.893828,359.847200,306.966500,354.725600
534.447,14,-0.233490,1.763431,0.121806,-0.023087,0.449407,0.038017,-0.892219,0.402653,306.513700,354.917400
534.558,14,-0.242266,1.761006,0.123778,-0.029364,0.454418,0.036637,-0.889550,1.085536,305.830500,354.727900
534.669,14,-0.250679,1.758414,0.126443,-0.033860,0.453664,0.036343,-0.889788,1.563306,305.895100,354.523800
534.781,14,-0.256555,1.757013,0.127453,-0.036754,0.453538,0.034527,-0.889809,1.953541,305.891000,354.557900
534.891,14,-0.260826,1.755741,0.127615,-0.036450,0.456666,0.032960,-0.888280,1.985825,305.493000,354.726900
535.003,14,-0.266300,1.753111,0.130479,-0.035212,0.461360,0.032725,-0.885910,1.844837,304.897500,354.806500
535.114,14,-0.274021,1.748597,0.137609,-0.037922,0.463524,0.033940,-0.884622,2.041851,304.595200,354.533500
535.225,14,-0.288147,1.739358,0.150896,-0.036953,0.465815,0.036186,-0.883370,1.809396,304.304000,354.352500
535.337,14,-0.303108,1.730277,0.162828,-0.036095,0.469774,0.037179,-0.881265,1.643829,303.796800,354.290600
535.448,14,-0.321955,1.717186,0.177026,-0.036646,0.474115,0.039269,-0.878823,1.557197,303.226300,354.041500
535.559,14,-0.331984,1.710302,0.184095,-0.036144,0.475668,0.042585,-0.877850,1.314803,303.025500,353.731900
535.670,14,-0.331656,1.710048,0.183012,-0.031251,0.478456,0.047342,-0.876277,0.542388,302.699300,353.518700
535.781,14,-0.315469,1.721488,0.168962,-0.021698,0.478967,0.048548,-0.876221,359.514100,302.701300,353.922900
535.892,14,-0.280969,1.742881,0.139840,-0.007577,0.471412,0.048859,-0.880526,358.124800,303.760700,354.650100
536.004,14,-0.234603,1.764534,0.095113,-0.001029,0.457718,0.045706,-0.887921,357.706800,305.552800,355.286400
536.114,14,-0.188572,1.779302,0.042662,0.001305,0.437678,0.041307,-0.898181,357.793400,308.121400,355.807200
536.225,14,-0.129703,1.786128,-0.038164,-0.010824,0.405752,0.034853,-0.913254,359.512200,312.107300,355.845500
536.335,14,-0.091479,1.787485,-0.103312,-0.020247,0.380889,0.035635,-0.923712,0.587791,315.158800,355.338900
536.446,14,-0.054996,1.786989,-0.179488,-0.022302,0.357081,0.034655,-0.933164,0.966782,318.081600,355.376000
536.557,14,-0.033975,1.788391,-0.225042,-0.022970,0.346936,0.034031,-0.936990,1.113434,319.319700,355.427200
536.668,14,-0.011885,1.791365,-0.267856,-0.018238,0.344929,0.033789,-0.937843,0.624492,319.590200,355.643400
536.780,14,-0.002622,1.791648,-0.290160,-0.004041,0.340108,0.039400,-0.939552,358.899500,320.242900,355.595400
536.890,14,-0.011335,1.790531,-0.306491,0.008357,0.330366,0.032910,-0.943242,357.850400,321.455800,356.755200
537.002,14,-0.037598,1.788435,-0.306404,0.012485,0.320292,0.028287,-0.946814,357.606500,322.675000,357.386000
537.113,14,-0.077928,1.782594,-0.294919,0.020905,0.296941,0.023956,-0.954366,356.897100,325.485800,358.088300
537.225,14,-0.126919,1.776440,-0.275360,0.030638,0.264325,0.016685,-0.963803,356.107800,329.358400,359.083000
537.336,14,-0.178269,1.774899,-0.251912,0.042845,0.242812,0.018215,-0.968956,354.728500,331.902100,359.166100
537.447,14,-0.250213,1.779125,-0.219689,0.049437,0.216729,0.004448,-0.974969,354.357200,334.898400,0.734417
537.559,14,-0.306872,1.783154,-0.195242,0.058222,0.187331,0.000600,-0.980570,353.430600,338.300400,1.190316
537.670,14,-0.379018,1.784158,-0.159012,0.060652,0.131828,-0.023350,-0.989140,353.463800,344.612200,3.588489
537.781,14,-0.438761,1.776678,-0.119510,0.061653,0.061860,-0.023596,-0.995899,353.114800,352.701500,3.154132
537.892,14,-0.498653,1.773574,-0.074693,0.071400,-0.049557,-0.022841,-0.995954,351.692500,5.535602,2.225268
538.003,14,-0.552594,1.780588,-0.029829,0.071699,-0.202297,-0.017375,-0.976542,351.543200,23.386160,0.285323
538.115,14,-0.588770,1.790963,0.001470,0.075183,-0.343152,-0.026297,-0.935897,350.864300,40.282530,359.862100
538.225,14,-0.618904,1.799309,0.022119,0.079510,-0.510689,-0.032872,-0.855450,350.234900,61.796970,358.548200
538.337,14,-0.641219,1.801522,0.031063,0.074890,-0.598010,-0.031567,-0.797357,350.956600,73.919170,357.723400
538.447,14,-0.681597,1.794251,0.036826,0.059587,-0.644383,-0.041011,-0.761274,351.745100,80.552700,359.169100
538.557,14,-0.712328,1.790610,0.032299,0.042442,-0.658035,-0.033018,-0.751065,353.845600,82.464900,359.639300
538.668,14,-0.744430,1.786186,0.022419,0.022654,-0.670333,-0.004259,-0.741702,357.746800,84.240200,358.620600
538.779,14,-0.761115,1.783610,0.016765,0.012116,-0.670602,-0.000685,-0.741718,358.917500,84.243000,359.127000
538.890,14,-0.772271,1.782685,0.008560,0.007429,-0.667401,0.007613,-0.744623,359.948300,83.739910,358.782200
539.001,14,-0.777697,1.782007,0.000087,0.009989,-0.668339,0.015364,-0.743632,0.325511,83.889310,357.925300
539.112,14,-0.779349,1.783395,-0.007288,0.014918,-0.671530,0.015605,-0.740663,359.934700,84.396100,357.526900
539.223,14,-0.778786,1.783872,-0.010301,0.018075,-0.668770,0.017465,-0.743044,359.799400,83.982080,357.126500
539.334,14,-0.776861,1.783224,-0.010752,0.015132,-0.664806,0.022310,-0.746530,0.405154,83.361120,356.937200
539.445,14,-0.773435,1.784035,-0.010359,0.015074,-0.664499,0.023763,-0.746759,0.519613,83.313710,356.817000
539.556,14,-0.770680,1.784067,-0.009711,0.013777,-0.663550,0.025936,-0.747556,0.791985,83.163550,356.728600
539.667,14,-0.767261,1.784233,-0.009469,0.012946,-0.660666,0.026843,-0.750089,0.919450,82.719730,356.710400
539.779,14,-0.765292,1.784065,-0.010962,0.013234,-0.660349,0.028461,-0.750303,1.015868,82.672000,356.548900
539.890,14,-0.762844,1.784042,-0.013921,0.014285,-0.660647,0.030135,-0.749956,1.053779,82.720760,356.325700
540.001,14,-0.759284,1.784022,-0.016922,0.011970,-0.659630,0.029868,-0.750902,1.227800,82.558110,356.522300
540.112,14,-0.753105,1.783690,-0.022787,0.008996,-0.657196,0.027969,-0.753147,1.330055,82.179960,356.906400
540.223,14,-0.743293,1.783758,-0.036420,0.007275,-0.639524,0.035256,-0.767928,1.943894,79.512750,356.359800
540.334,14,-0.729150,1.784630,-0.055302,0.012396,-0.618941,0.033533,-0.784624,1.263836,76.492370,356.101900
540.445,14,-0.701110,1.782448,-0.086394,0.010549,-0.578279,0.035353,-0.815005,1.357583,70.667020,355.994900
540.556,14,-0.671749,1.779530,-0.117717,0.006020,-0.548342,0.035531,-0.835478,1.656461,66.500740,356.215700
540.668,14,-0.622447,1.775964,-0.167027,0.003260,-0.507747,0.030882,-0.860946,1.475348,61.018600,356.760800
540.779,14,-0.578686,1.776070,-0.207545,-0.004018,-0.469931,0.025820,-0.882316,1.796925,56.042940,357.603900
540.889,14,-0.526103,1.776979,-0.257423,-0.009586,-0.416844,0.021893,-0.908664,2.044399,49.253510,358.176800
541.001,14,-0.490798,1.779262,-0.293090,-0.024123,-0.377399,0.028006,-0.925313,3.771677,44.313610,358.069100
541.112,15,-0.467985,1.780267,-0.319409,-0.033524,-0.342689,0.032027,-0.938304,4.868042,40.035830,357.864700
541.223,15,-0.457742,1.777790,-0.337629,-0.048997,-0.310589,0.034558,-0.948652,6.570628,36.140580,357.973400
541.335,15,-0.457465,1.773366,-0.348617,-0.065483,-0.286485,0.032880,-0.955279,8.276429,33.281600,358.535000
541.446,15,-0.462593,1.761614,-0.357304,-0.112703,-0.263864,0.046276,-0.956835,13.892240,30.625150,358.283300
541.556,15,-0.465760,1.756096,-0.361027,-0.130785,-0.252272,0.038804,-0.957992,15.673800,29.437510,359.502400
541.667,15,-0.469539,1.763113,-0.365738,-0.092435,-0.241315,0.032216,-0.965497,11.188630,27.965210,358.972100
541.779,15,-0.475686,1.767622,-0.371030,-0.073381,-0.233750,0.032401,-0.968982,9.053496,26.994040,358.347000
541.890,15,-0.480292,1.767964,-0.375480,-0.072591,-0.245511,0.032178,-0.966136,8.978583,28.395150,358.460800
542.001,15,-0.482061,1.763181,-0.373453,-0.092603,-0.257257,0.039046,-0.961103,11.425430,29.809620,358.397600
542.112,15,-0.480488,1.749152,-0.368677,-0.146066,-0.268496,0.069794,-0.949581,18.353670,31.048560,356.731600
542.222,15,-0.474193,1.731764,-0.362124,-0.206131,-0.292302,0.096031,-0.928896,26.045760,34.080300,356.305000
542.332,15,-0.470130,1.718971,-0.354070,-0.243408,-0.332208,0.112824,-0.904246,31.008400,39.560170,357.170000
542.441,15,-0.472563,1.716459,-0.339397,-0.245022,-0.356341,0.120718,-0.893539,31.594700,42.701170,357.233600
542.550,15,-0.483468,1.740448,-0.322876,-0.165898,-0.403570,0.101262,-0.894067,22.233340,48.013530,357.079200
542.663,15,-0.506748,1.777092,-0.306335,-0.027915,-0.428013,0.055296,-0.901647,5.605209,50.573530,355.630800
542.776,15,-0.532987,1.786217,-0.291895,-0.004061,-0.436561,0.044601,-0.898559,2.650321,51.723410,355.601700
542.888,15,-0.558994,1.784371,-0.267581,-0.009522,-0.451072,0.053036,-0.890860,3.716071,53.548920,355.061600
542.999,15,-0.574921,1.780318,-0.249579,-0.016378,-0.464616,0.059190,-0.883380,4.814844,55.267980,354.855300
543.110,15,-0.594535,1.777192,-0.228589,-0.019327,-0.479961,0.063306,-0.874790,5.427343,57.251420,354.685500
543.221,15,-0.606036,1.771434,-0.211326,-0.035424,-0.487580,0.068175,-0.869691,7.359662,58.240310,355.139100
543.331,15,-0.614135,1.756796,-0.195276,-0.092847,-0.485953,0.095525,-0.863773,14.669270,58.152670,355.566300
543.442,15,-0.617000,1.743879,-0.182224,-0.129503,-0.487448,0.121106,-0.854960,19.846810,58.515560,355.070300
543.552,15,-0.608177,1.720964,-0.178158,-0.177608,-0.525637,0.162266,-0.815985,27.415330,64.345390,354.952700
543.664,15,-0.589276,1.698715,-0.184639,-0.220582,-0.581299,0.190791,-0.759627,33.844010,74.147980,357.694500
543.772,15,-0.566757,1.680221,-0.195604,-0.240728,-0.605687,0.202503,-0.730880,36.669170,79.193540,359.685700
543.872,15,-0.552266,1.661087,-0.208319,-0.267259,-0.602237,0.220087,-0.719337,40.510490,80.019560,0.397395
543.983,15,-0.539984,1.646997,-0.227860,-0.286524,-0.598324,0.236482,-0.709921,43.614660,80.473470,0.561999
544.094,15,-0.523640,1.638962,-0.252643,-0.288393,-0.598316,0.243694,-0.706726,44.366140,80.523930,0.052090
544.207,15,-0.498759,1.628953,-0.282876,-0.287139,-0.599468,0.251141,-0.703647,44.844900,80.552600,359.259200
544.328,15,-0.458832,1.614209,-0.322740,-0.285973,-0.596524,0.250100,-0.706986,44.647110,79.900650,358.997000
544.440,15,-0.411248,1.588467,-0.360536,-0.284528,-0.587925,0.246712,-0.715906,44.225700,78.180790,358.506000
544.552,15,-0.373007,1.548043,-0.391706,-0.267284,-0.577788,0.223836,-0.737982,40.780370,75.511890,358.372500
544.662,15,-0.369228,1.484384,-0.419097,-0.280398,-0.548420,0.212355,-0.758629,41.174560,71.308140,358.885000
544.765,15,-0.375694,1.418020,-0.442559,-0.278517,-0.540259,0.208833,-0.766118,40.722980,69.847960,358.560500
544.876,15,-0.381087,1.364254,-0.451733,-0.250428,-0.546860,0.187889,-0.776484,36.470270,69.892390,358.725400
544.985,15,-0.401364,1.264050,-0.449082,-0.201909,-0.548803,0.150328,-0.797151,29.137360,68.783620,358.815800
545.086,15,-0.428796,1.185848,-0.448904,-0.156173,-0.519270,0.126992,-0.830567,23.036090,63.408170,356.962800
545.198,15,-0.449220,1.124050,-0.457583,-0.105903,-0.517308,0.101113,-0.843180,16.451520,62.533100,356.356700
545.308,15,-0.472578,1.061530,-0.472646,-0.050440,-0.513753,0.070213,-0.853571,9.105437,61.771570,356.049000
545.416,15,-0.485875,1.032907,-0.478905,-0.027787,-0.512740,0.056794,-0.856212,6.074588,61.619850,356.034900
545.525,15,-0.494691,1.030501,-0.478382,-0.028229,-0.512797,0.040626,-0.857084,5.166787,61.678860,357.658600
545.636,15,-0.496712,1.043213,-0.475650,-0.024243,-0.515231,0.031988,-0.856111,4.270938,62.017500,358.288200
545.747,15,-0.500963,1.052909,-0.473339,-0.003875,-0.525160,0.022294,-0.850703,1.719656,63.347040,358.058700
545.858,15,-0.501900,1.051271,-0.468775,-0.015469,-0.516260,0.022031,-0.856009,2.821805,62.157730,358.752500
545.969,15,-0.502671,1.051364,-0.465480,-0.026666,-0.515951,0.032685,-0.855579,4.551648,62.118690,358.366700
546.080,15,-0.496540,1.052862,-0.461983,-0.026972,-0.518136,0.026210,-0.854471,4.200859,62.428230,359.032400
546.192,15,-0.494568,1.051382,-0.454959,-0.034908,-0.504610,0.029595,-0.862134,5.167044,60.640200,359.091000
546.303,15,-0.491391,1.049531,-0.454948,-0.043262,-0.517557,0.038222,-0.853699,6.513052,62.385620,358.818900
546.414,15,-0.489365,1.046592,-0.457453,-0.052543,-0.529348,0.048516,-0.845385,8.059565,63.998780,358.472000
546.525,15,-0.487007,1.040921,-0.461623,-0.063875,-0.539030,0.066710,-0.837207,10.304040,65.325330,357.504500
546.636,15,-0.488248,1.038573,-0.463170,-0.082536,-0.550207,0.066248,-0.828294,12.100600,67.071900,358.891100
546.747,15,-0.488719,1.037999,-0.465392,-0.069853,-0.555951,0.062427,-0.825919,10.649420,67.753030,358.516100
546.858,15,-0.487382,1.028810,-0.467722,-0.084448,-0.567129,0.068605,-0.816411,12.456830,69.468460,359.047400
546.970,15,-0.489262,1.029620,-0.463963,-0.061723,-0.555583,0.064091,-0.826686,9.977866,67.617080,357.824800
547.074,15,-0.488794,1.031110,-0.463192,-0.038694,-0.563268,0.050235,-0.823838,6.912130,68.585150,357.738100
547.188,15,-0.493592,1.032035,-0.463611,-0.055512,-0.556631,0.055950,-0.827013,8.864955,67.747800,358.216900
547.300,15,-0.500975,1.037923,-0.459523,-0.070085,-0.541633,0.063567,-0.835273,10.715940,65.757260,358.234600
547.411,15,-0.511182,1.051848,-0.455589,-0.048705,-0.531319,0.039361,-0.844854,7.130129,64.277560,359.148100
547.523,15,-0.505462,1.045717,-0.444601,-0.051981,-0.530517,0.041411,-0.845065,7.573158,64.183010,359.142400
547.633,15,-0.484084,1.033828,-0.429007,-0.029275,-0.554426,0.040115,-0.830750,5.343306,67.344920,358.032100
547.745,15,-0.450274,1.015928,-0.422457,-0.017549,-0.634276,0.037433,-0.772000,4.277108,78.736840,357.957900
547.856,15,-0.416877,1.000168,-0.420459,-0.011332,-0.698872,0.031448,-0.714465,3.448346,88.685550,358.329600
547.968,15,-0.369911,0.981405,-0.422871,0.006800,-0.748264,0.044358,-0.661882,3.289567,96.897130,356.042900
548.080,15,-0.326597,0.970247,-0.422062,0.019034,-0.765915,0.050359,-0.640684,3.023866,100.033200,354.616900
548.192,15,-0.290147,0.960924,-0.413802,0.021948,-0.776453,0.053260,-0.627537,3.162072,101.948700,354.198500
548.303,15,-0.263303,0.950208,-0.398121,0.021742,-0.776640,0.059072,-0.626792,3.698090,101.988500,353.797200
548.414,15,-0.246078,0.941552,-0.385651,0.006596,-0.780376,0.066725,-0.621706,5.505386,102.654400,354.623800
548.525,15,-0.232071,0.936836,-0.373010,-0.004093,-0.782335,0.070354,-0.618859,6.612075,103.039900,355.341600
548.637,15,-0.224934,0.934359,-0.367462,-0.011034,-0.783233,0.071143,-0.617546,7.184896,103.235200,355.920400
548.748,15,-0.220837,0.932127,-0.363352,-0.015846,-0.782936,0.073801,-0.617506,7.766299,103.213300,356.161400
548.859,15,-0.222830,0.933497,-0.362293,-0.015043,-0.775541,0.074217,-0.626739,7.699199,101.843000,355.967100
548.970,15,-0.238903,0.947133,-0.370943,-0.002993,-0.754651,0.072418,-0.652111,6.500004,98.042860,354.806800
549.081,15,-0.264012,0.960630,-0.397774,0.009595,-0.723170,0.064602,-0.687576,4.602460,92.652710,354.085400
549.192,15,-0.292969,0.963437,-0.438670,0.029806,-0.660111,0.058865,-0.748265,1.897336,82.715280,352.674000
549.303,15,-0.318077,0.974273,-0.480258,0.025682,-0.576024,0.035448,-0.816260,359.937600,70.422970,354.982700
549.414,15,-0.332201,1.030304,-0.502575,0.043079,-0.514757,0.027198,-0.855821,357.378700,62.171470,354.778900
549.525,15,-0.342238,1.137335,-0.494408,0.000045,-0.535876,0.034701,-0.843583,2.126981,64.788120,356.638500
549.636,15,-0.355020,1.228601,-0.459495,-0.021219,-0.531233,0.019106,-0.846744,3.223677,64.191100,359.436900
549.747,15,-0.362610,1.322959,-0.403335,-0.038321,-0.492643,0.020800,-0.869138,4.997140,59.094700,0.092046
549.859,15,-0.359657,1.392664,-0.374149,-0.044952,-0.471227,0.033854,-0.880215,6.375331,56.269770,359.006500
549.970,15,-0.349494,1.491327,-0.359258,-0.045664,-0.461331,0.046020,-0.884856,7.081037,54.931210,357.729800
550.081,15,-0.344658,1.558598,-0.342768,-0.065340,-0.475819,0.052377,-0.875548,9.454255,56.902080,358.284100
550.193,15,-0.338760,1.594692,-0.306653,-0.076331,-0.489604,0.068275,-0.865910,11.481240,58.713670,357.456100
550.304,15,-0.330045,1.602684,-0.259438,-0.098001,-0.510132,0.103147,-0.848246,15.753250,61.426450,355.530500
550.415,15,-0.321733,1.593885,-0.212671,-0.115436,-0.549410,0.122493,-0.818425,18.877660,67.004410,355.535200
550.526,15,-0.299952,1.586879,-0.140015,-0.113302,-0.600446,0.131056,-0.780674,19.529240,74.412290,355.828300
550.637,15,-0.281691,1.583961,-0.087016,-0.107747,-0.634515,0.141285,-0.752211,19.961620,79.482830,355.373300
550.748,15,-0.264631,1.586013,-0.027859,-0.124806,-0.688788,0.141833,-0.699913,21.721350,88.767130,358.358500
550.859,15,-0.262304,1.601711,0.008261,-0.133082,-0.726187,0.150176,-0.657563,23.149510,95.624430,359.737300
550.970,15,-0.269945,1.646463,0.031723,-0.116874,-0.786701,0.136026,-0.590711,20.615850,106.454600,1.419463
551.082,15,-0.281151,1.683427,0.040115,-0.093783,-0.825212,0.110630,-0.545886,16.557440,113.325800,2.032705
551.193,15,-0.279480,1.691272,0.046236,-0.086440,-0.828629,0.118012,-0.540348,16.797570,113.922200,0.940805
551.304,15,-0.257836,1.676787,0.052118,-0.079511,-0.814494,0.119741,-0.562085,16.525420,110.736500,359.696000
551.415,15,-0.223540,1.646740,0.057448,-0.072837,-0.778592,0.140164,-0.607326,17.862400,103.551200,356.577000
551.526,15,-0.173628,1.596592,0.052386,-0.043432,-0.746099,0.160543,-0.644730,17.191450,97.040760,351.439500
551.637,15,-0.141390,1.557762,0.039700,-0.041256,-0.730045,0.177319,-0.658703,18.255340,94.186890,349.481500
551.749,15,-0.115313,1.525558,0.019089,-0.033886,-0.716043,0.193733,-0.669778,18.834430,91.679030,347.119200
551.860,15,-0.108438,1.515308,0.000000,-0.036721,-0.711269,0.194110,-0.674588,19.006290,90.878940,347.188700
551.971,15,-0.116898,1.539002,-0.021048,-0.034431,-0.709445,0.167527,-0.683694,16.545860,90.537700,349.163600
552.083,15,-0.146325,1.603094,-0.026901,-0.024043,-0.716239,0.094324,-0.691033,9.691679,91.578400,354.415700
552.195,15,-0.184606,1.668633,-0.013427,-0.026028,-0.726140,-0.006517,-0.687024,1.506953,93.206300,2.680753
552.306,15,-0.235483,1.723691,0.031564,-0.048667,-0.726159,-0.135405,-0.672303,352.460300,93.432200,14.770610
552.418,15,-0.262185,1.732559,0.079468,-0.067073,-0.710176,-0.199039,-0.671963,348.897600,91.033410,21.695810
552.530,15,-0.273197,1.708845,0.138882,-0.106921,-0.700576,-0.221870,-0.669728,350.348400,90.260220,26.962970
552.641,15,-0.275781,1.681194,0.186325,-0.134250,-0.692676,-0.242021,-0.666036,350.998900,89.747340,30.978090
552.752,15,-0.279086,1.660014,0.222174,-0.149597,-0.681901,-0.256584,-0.668429,351.376500,88.535740,33.593080
552.863,15,-0.283157,1.650519,0.241031,-0.156442,-0.680729,-0.257136,-0.667844,351.887200,88.595340,34.198900
552.975,15,-0.286458,1.649117,0.246692,-0.155979,-0.686328,-0.253091,-0.663755,351.932300,89.464680,33.750930
553.085,15,-0.291325,1.653952,0.243956,-0.154160,-0.692924,-0.243387,-0.660949,352.327300,90.451960,32.698040
553.197,15,-0.296560,1.662813,0.233832,-0.145351,-0.697420,-0.233176,-0.661897,352.366900,90.869680,31.063670
553.308,15,-0.304673,1.681842,0.200855,-0.121231,-0.715231,-0.192979,-0.660687,353.346900,93.030070,25.551260
553.419,15,-0.312921,1.695970,0.156890,-0.111794,-0.734985,-0.117964,-0.658319,358.498000,96.052330,18.648350
553.529,15,-0.333958,1.709481,0.075649,-0.111834,-0.777759,-0.007407,-0.618489,7.285542,103.694400,10.638610
553.640,15,-0.359814,1.712491,0.005109,-0.120503,-0.799950,0.051638,-0.585570,12.928870,108.476600,7.802592
553.750,15,-0.396394,1.710605,-0.083124,-0.134386,-0.796196,0.103709,-0.580739,18.737370,108.722600,5.668615
553.861,15,-0.423746,1.707210,-0.160819,-0.147101,-0.778029,0.125599,-0.597710,21.795010,105.871800,4.865488
553.971,15,-0.446623,1.702381,-0.229074,-0.163676,-0.754401,0.132940,-0.621624,23.832830,102.105000,5.122902
554.082,15,-0.469414,1.699440,-0.280291,-0.173390,-0.725702,0.144355,-0.649965,25.779750,97.235630,4.076122
554.193,15,-0.490696,1.701342,-0.314037,-0.186463,-0.702491,0.145349,-0.671276,27.035950,93.638380,4.303415
554.305,15,-0.507849,1.701625,-0.332818,-0.197300,-0.678699,0.158087,-0.689528,29.122250,89.942300,3.268291
554.416,15,-0.522628,1.700190,-0.336553,-0.206257,-0.657532,0.166631,-0.705226,30.666900,86.652950,2.413149
554.527,15,-0.549355,1.694624,-0.326814,-0.224886,-0.639926,0.172108,-0.714353,32.790520,84.550040,2.858934
554.639,15,-0.578620,1.690511,-0.309554,-0.229526,-0.631652,0.176263,-0.719212,33.561320,83.338280,2.504919
554.748,15,-0.625018,1.688711,-0.284998,-0.237149,-0.630071,0.182064,-0.716676,34.704520,83.466450,2.640983
554.859,15,-0.661746,1.688051,-0.268720,-0.240555,-0.624909,0.185078,-0.719283,35.265610,82.735530,2.414913
554.968,15,-0.706012,1.686426,-0.258651,-0.242058,-0.619231,0.192840,-0.721647,36.028350,81.758830,1.520249
555.080,15,-0.736565,1.685254,-0.259118,-0.242168,-0.616534,0.201772,-0.721477,36.743630,81.207810,0.533474
555.192,15,-0.762618,1.681043,-0.268320,-0.247418,-0.612574,0.207243,-0.721518,37.657220,80.763310,0.294148
555.303,15,-0.779706,1.678926,-0.281810,-0.247041,-0.608271,0.209201,-0.724715,37.775580,79.948510,359.805200
555.415,15,-0.782328,1.675354,-0.293111,-0.245405,-0.603972,0.214994,-0.727167,38.068360,79.017070,358.818100
555.527,15,-0.775062,1.667876,-0.301667,-0.246935,-0.598684,0.216627,-0.730530,38.328450,78.141660,358.478100
555.639,15,-0.770396,1.659660,-0.299917,-0.257472,-0.594512,0.224040,-0.728059,39.888760,77.923770,358.499800
555.760,15,-0.759313,1.650330,-0.286533,-0.267925,-0.595982,0.237102,-0.718891,41.900140,78.684340,358.341300
555.873,15,-0.749684,1.642836,-0.263861,-0.279566,-0.602810,0.249737,-0.704340,44.019740,80.642160,358.824700
555.987,15,-0.729251,1.637475,-0.220563,-0.274741,-0.627145,0.253946,-0.683167,43.940480,85.027600,359.811500
556.094,15,-0.708999,1.631542,-0.175879,-0.274931,-0.645966,0.265585,-0.660761,44.946480,88.843780,0.341281
556.207,15,-0.680583,1.627337,-0.124133,-0.260253,-0.674815,0.283964,-0.629490,45.308190,93.767560,359.490000
556.318,15,-0.658960,1.622689,-0.085153,-0.251610,-0.693744,0.300931,-0.604030,46.178280,97.399730,358.805300
556.422,15,-0.637727,1.616851,-0.048036,-0.241964,-0.717003,0.319496,-0.570336,47.236270,102.354900,358.526300
556.528,15,-0.617936,1.609260,-0.023724,-0.237705,-0.731077,0.340931,-0.541099,49.089950,106.131800,358.127900
556.634,15,-0.589309,1.600913,-0.011942,-0.236787,-0.749515,0.358448,-0.503661,50.881730,111.934600,359.443900
556.741,15,-0.556515,1.589867,-0.007962,-0.235109,-0.759328,0.379112,-0.473730,52.986720,115.979800,359.796000
556.849,15,-0.509238,1.579105,-0.006130,-0.224655,-0.767682,0.400878,-0.446645,54.703720,118.941600,358.693500
556.960,15,-0.460094,1.569934,-0.006470,-0.215948,-0.770735,0.427179,-0.420538,57.151960,121.242900,357.208900
557.073,15,-0.413165,1.561830,-0.006345,-0.197451,-0.780128,0.430537,-0.408720,56.423900,122.257300,355.450900
557.175,15,-0.387102,1.557497,-0.010646,-0.182522,-0.785962,0.450981,-0.381530,58.014690,124.772800,353.799200
557.291,15,-0.364953,1.552957,-0.020773,-0.162259,-0.794709,0.488559,-0.321589,61.749450,131.847400,353.164700
557.392,15,-0.346253,1.548135,-0.022609,-0.154096,-0.805804,0.498089,-0.280789,62.780440,139.176900,356.067000
557.497,15,-0.335190,1.542019,-0.018165,-0.157055,-0.813408,0.501928,-0.248535,63.458630,146.495500,0.770272
557.600,15,-0.314788,1.531245,-0.011891,-0.139747,-0.830260,0.498770,-0.205837,62.343550,154.148900,3.300256
557.700,15,-0.286718,1.515671,0.003257,-0.120066,-0.837080,0.510043,-0.157285,63.082840,161.873700,5.141136
557.815,15,-0.265515,1.504333,0.018599,-0.099563,-0.838950,0.519368,-0.128483,63.770560,165.298900,4.359748
557.929,15,-0.250227,1.496922,0.034530,-0.087593,-0.838299,0.527130,-0.108237,64.521600,168.042700,4.366155
558.042,15,-0.238510,1.491328,0.048202,-0.080594,-0.838502,0.530553,-0.094507,64.819760,170.124800,4.701795
558.155,15,-0.230452,1.487854,0.060929,-0.072223,-0.838954,0.532939,-0.083161,64.990090,171.491100,4.414969
558.267,15,-0.223892,1.485556,0.070936,-0.062771,-0.840099,0.533300,-0.076712,64.915030,171.599300,3.197418
558.379,15,-0.218079,1.482369,0.078399,-0.060883,-0.839497,0.535166,-0.071662,65.130330,172.464000,3.478899
558.492,15,-0.210944,1.479958,0.087173,-0.058566,-0.838581,0.537793,-0.064266,65.435490,173.814600,4.014102
558.604,15,-0.203852,1.479408,0.092975,-0.056146,-0.839748,0.536192,-0.064568,65.200680,173.397000,3.424702
558.714,15,-0.197290,1.479226,0.097090,-0.055193,-0.840427,0.534874,-0.067425,65.024430,172.612600,2.802394
558.826,15,-0.191791,1.479224,0.099073,-0.056607,-0.840786,0.534082,-0.068058,64.931470,172.680800,3.042953
558.936,15,-0.188259,1.478199,0.098609,-0.055908,-0.840825,0.533891,-0.069622,64.904670,172.224300,2.659044
559.048,15,-0.185804,1.474718,0.090502,-0.054649,-0.838307,0.538151,-0.068175,65.467160,172.320800,2.518980
559.159,15,-0.187119,1.470674,0.075464,-0.052543,-0.837283,0.540637,-0.062520,65.769510,173.300400,2.847189
559.270,15,-0.192403,1.464473,0.045503,-0.044512,-0.836676,0.542700,-0.058901,65.975520,172.910300,1.485352
559.382,15,-0.193931,1.459170,0.025315,-0.033031,-0.840360,0.538690,-0.050174,65.326510,173.294800,0.200309
559.492,15,-0.192897,1.452972,0.011651,-0.028264,-0.839432,0.541297,-0.039393,65.642750,175.056800,0.667430
559.601,15,-0.186999,1.446222,-0.004046,-0.019306,-0.835327,0.548977,-0.021910,66.634930,177.773700,1.184458
559.709,15,-0.173790,1.439481,-0.015175,-0.002903,-0.833499,0.552513,-0.000296,67.078640,180.399300,0.663761
559.816,15,-0.159099,1.436726,-0.018300,0.014262,-0.833252,0.552118,0.025559,67.048590,183.947500,0.654578
559.921,15,-0.137539,1.435499,-0.017689,0.040605,-0.829252,0.553524,0.065603,67.420780,189.572500,0.788239
560.028,15,-0.114844,1.435843,-0.014893,0.068076,-0.824760,0.553529,0.093500,67.787370,192.041200,358.668800
560.136,15,-0.097290,1.434864,-0.012082,0.083072,-0.823419,0.549033,0.116805,67.454350,195.294800,358.722700
560.246,15,-0.074278,1.431627,-0.008504,0.093413,-0.819539,0.547327,0.141646,67.454430,199.805400,0.290074
560.356,15,-0.057632,1.430576,-0.006979,0.095525,-0.818183,0.545831,0.153361,67.291310,202.329900,1.648462
560.467,15,-0.039230,1.430361,-0.005806,0.096859,-0.819251,0.540338,0.165773,66.557280,204.811800,2.945438
560.578,15,-0.028253,1.429155,-0.005559,0.099650,-0.819162,0.537658,0.173112,66.256800,205.992600,3.259203
560.690,15,-0.019220,1.427281,-0.005316,0.104067,-0.817280,0.537130,0.180870,66.293500,207.211500,3.450457
560.802,15,-0.015720,1.425972,-0.005617,0.109302,-0.816590,0.535544,0.185546,66.234150,207.479800,2.876922
560.914,15,-0.014059,1.425678,-0.004756,0.113027,-0.814689,0.535826,0.190784,66.375230,208.258400,2.902070
561.026,15,-0.012523,1.428200,-0.002645,0.116078,-0.813826,0.532528,0.201561,66.002620,210.178000,3.628494
561.139,15,-0.009365,1.431199,-0.000801,0.117845,-0.813992,0.529460,0.207850,65.635660,211.180800,3.926076
561.253,15,-0.008026,1.423951,-0.001261,0.117787,-0.816770,0.523901,0.211048,64.894840,211.444800,3.882382
561.367,15,-0.013617,1.390059,-0.003780,0.110269,-0.822466,0.511563,0.222923,62.954860,213.941200,5.894224
561.479,15,-0.021351,1.365653,-0.008836,0.106209,-0.822980,0.515110,0.214675,63.310100,212.893200,5.922646
561.590,15,-0.038637,1.328063,-0.021589,0.108872,-0.828183,0.510863,0.203171,62.925550,209.668400,3.432865
561.699,15,-0.052425,1.306676,-0.029052,0.105430,-0.833295,0.503660,0.202065,61.884820,209.291600,3.386423
561.808,15,-0.070845,1.274706,-0.039953,0.103158,-0.834556,0.501020,0.204582,61.458070,209.889300,3.938296
561.917,15,-0.081947,1.253107,-0.046743,0.104676,-0.837266,0.497491,0.201325,61.070070,208.790700,2.966185
562.025,15,-0.092504,1.232568,-0.052885,0.103880,-0.840202,0.494175,0.197638,60.630440,207.893300,2.427671
562.132,15,-0.097869,1.228520,-0.055234,0.103079,-0.841476,0.495233,0.189836,60.760890,206.426700,1.706842
562.239,15,-0.101187,1.222265,-0.057920,0.102248,-0.844636,0.491500,0.185913,60.261160,205.499100,1.158230
562.344,15,-0.103767,1.203904,-0.062017,0.101357,-0.847583,0.488053,0.182027,59.794900,204.625300,0.667473
562.449,15,-0.105621,1.187259,-0.066310,0.100646,-0.849825,0.485492,0.178790,59.446540,203.925300,0.286307
562.552,15,-0.108200,1.167630,-0.072634,0.101450,-0.850807,0.483856,0.178100,59.257320,203.628300,359.968800
562.655,15,-0.109700,1.153023,-0.077911,0.100775,-0.852061,0.481875,0.177860,58.983690,203.561200,359.964400
562.756,15,-0.111662,1.134363,-0.084454,0.100088,-0.852443,0.481254,0.178096,58.885170,203.650300,0.086541
562.857,15,-0.115544,1.112514,-0.092224,0.100122,-0.851711,0.482631,0.177854,59.063520,203.661100,0.125475
562.970,15,-0.120483,1.089004,-0.101466,0.100518,-0.851318,0.481536,0.182420,58.931730,204.473400,0.503821
563.083,15,-0.124426,1.068681,-0.109536,0.100454,-0.850906,0.481928,0.183341,58.979760,204.681000,0.640515
563.194,15,-0.127521,1.049972,-0.116217,0.100226,-0.850581,0.482380,0.183784,59.031060,204.814000,0.758083
563.306,15,-0.131557,1.019831,-0.124624,0.101147,-0.849162,0.483938,0.185736,59.255580,205.185200,0.895420
563.416,15,-0.135121,0.993151,-0.131758,0.101366,-0.848385,0.484308,0.188184,59.306560,205.670300,1.154432
563.526,15,-0.139754,0.960585,-0.140145,0.097329,-0.850423,0.480596,0.190620,58.707270,206.364900,1.950666
563.637,15,-0.142538,0.940033,-0.145219,0.096133,-0.851395,0.478561,0.191999,58.408490,206.644000,2.195830
563.747,15,-0.145343,0.920351,-0.149035,0.099184,-0.850265,0.480000,0.191864,58.684020,206.393900,1.711464
563.858,15,-0.146863,0.911759,-0.151150,0.100390,-0.849522,0.481136,0.191684,58.865710,206.298600,1.538862
563.969,15,-0.147763,0.905811,-0.152814,0.099556,-0.851875,0.478660,0.187837,58.530420,205.496800,1.119700
564.081,15,-0.148179,0.902314,-0.151190,0.099813,-0.852118,0.478225,0.187705,58.482310,205.423900,1.033166
564.187,15,-0.147239,0.901755,-0.147768,0.100167,-0.853294,0.476452,0.186682,58.266660,205.103000,0.756758
564.299,15,-0.146373,0.910022,-0.142071,0.100601,-0.855826,0.472263,0.185499,57.744030,204.637700,0.323714
564.411,15,-0.146232,0.946704,-0.133529,0.101605,-0.861670,0.460871,0.186544,56.319760,204.256600,359.674100
564.523,15,-0.145578,1.005796,-0.125263,0.098231,-0.872189,0.441210,0.187004,53.743340,203.891900,359.386200
564.634,15,-0.142674,1.069682,-0.115071,0.094810,-0.884462,0.417253,0.186114,50.658290,203.235800,358.879400
564.745,15,-0.137105,1.146763,-0.095550,0.094657,-0.895724,0.395402,0.179933,47.936790,201.679200,357.666100
564.856,15,-0.132052,1.201332,-0.077641,0.096261,-0.900147,0.385965,0.177483,46.804320,200.992400,356.960700
564.968,15,-0.124218,1.274765,-0.054129,0.089777,-0.908144,0.369130,0.175950,44.590720,200.835500,357.330800
565.078,15,-0.116544,1.332464,-0.033715,0.085206,-0.914876,0.353841,0.174753,42.626870,200.648000,357.488800
565.189,15,-0.104128,1.400169,-0.005599,0.085425,-0.919672,0.340808,0.175372,41.058230,200.522000,357.142500
565.301,15,-0.090270,1.452582,0.018706,0.084197,-0.923574,0.325997,0.183435,39.275780,201.517800,357.340000
565.412,15,-0.072051,1.496831,0.043902,0.085175,-0.926273,0.313917,0.190317,37.876780,202.266800,357.218500
565.524,15,-0.050312,1.531429,0.068373,0.088662,-0.926535,0.308856,0.195653,37.374710,202.787400,356.866500
565.635,15,-0.031438,1.559762,0.090301,0.090896,-0.928521,0.302248,0.195532,36.643460,202.586000,356.384300
565.746,15,-0.007410,1.592625,0.119476,0.088904,-0.933421,0.285453,0.198336,34.622170,202.846400,356.325600
565.857,15,0.010183,1.615208,0.141631,0.086210,-0.935792,0.274398,0.203879,33.278680,203.567700,356.608100
565.969,15,0.030446,1.641871,0.167592,0.081525,-0.940883,0.253717,0.209094,30.765750,204.190100,356.843800
566.080,15,0.044911,1.661634,0.186808,0.077123,-0.945290,0.231405,0.216636,28.093010,205.075100,357.040500
566.191,15,0.055616,1.674906,0.201692,0.072740,-0.947534,0.216853,0.223299,26.323410,205.907900,357.378100
566.303,15,0.064294,1.684770,0.214188,0.068556,-0.949374,0.204322,0.228566,24.790060,206.563000,357.678900
566.414,15,0.067984,1.686279,0.219939,0.067313,-0.947862,0.208129,0.231753,25.198460,207.037800,358.028000
566.525,15,0.062961,1.678630,0.217048,0.074113,-0.941737,0.221941,0.241621,26.990020,208.280700,357.920200
566.636,15,0.056447,1.671201,0.207727,0.075446,-0.937727,0.239646,0.239889,29.054530,208.248800,358.261600
566.746,15,0.044626,1.662510,0.194761,0.075164,-0.933111,0.260426,0.236288,31.435160,208.095100,358.844800
566.858,15,0.035390,1.657028,0.186287,0.077961,-0.929286,0.270439,0.239192,32.678620,208.558700,358.943300
566.968,15,0.025936,1.650753,0.174949,0.080364,-0.925222,0.282559,0.240139,34.156590,208.823200,359.099700
567.080,15,0.021209,1.647602,0.165489,0.081272,-0.924824,0.285930,0.237359,34.572620,208.472900,358.984800
567.190,15,0.018349,1.643294,0.156015,0.083200,-0.922663,0.294971,0.234013,35.680020,208.112100,358.908300
567.302,15,0.018553,1.637718,0.150223,0.084605,-0.919596,0.308915,0.227502,37.347580,207.424700,358.915400
567.413,15,0.019049,1.632494,0.146637,0.085506,-0.914130,0.325101,0.226636,39.281140,207.611700,359.336100
567.525,15,0.021740,1.627855,0.144003,0.089534,-0.906933,0.341780,0.229442,41.378400,208.233800,359.575000
567.637,15,0.024866,1.626029,0.142549,0.090222,-0.902731,0.351324,0.231317,42.535190,208.733800,359.972200
567.744,15,0.028675,1.626406,0.143242,0.090173,-0.900830,0.357420,0.229400,43.260890,208.621400,0.119835
567.844,15,0.031521,1.628316,0.148134,0.090641,-0.899968,0.359802,0.228877,43.559840,208.586700,0.122756
567.958,15,0.033847,1.629155,0.153793,0.090767,-0.899176,0.362333,0.227946,43.866670,208.512700,0.155289
568.065,15,0.034343,1.628133,0.160133,0.091229,-0.896080,0.368356,0.230286,44.601420,209.028700,0.495545
568.166,15,0.033664,1.626662,0.163003,0.094606,-0.893916,0.371306,0.232588,45.059430,209.289400,0.290679
568.275,15,0.032684,1.626058,0.164248,0.098509,-0.893194,0.372047,0.232554,45.270490,209.087800,359.761200
568.389,15,0.032053,1.626353,0.167922,0.102046,-0.891971,0.375204,0.230645,45.759240,208.685200,359.263600
568.498,15,0.031262,1.626314,0.170692,0.103567,-0.891347,0.378597,0.226802,46.211690,208.096300,358.932400
568.608,15,0.029229,1.625268,0.173357,0.105750,-0.890454,0.381730,0.224035,46.652920,207.622300,358.556800
568.719,15,0.027978,1.623911,0.173923,0.107787,-0.888704,0.384786,0.224780,47.086220,207.706400,358.434900
568.829,15,0.028134,1.623181,0.171847,0.106481,-0.889089,0.384705,0.224020,47.035940,207.663000,358.572400
568.940,15,0.028793,1.623510,0.170468,0.106091,-0.888819,0.384054,0.226382,46.948680,208.042700,358.765700
569.051,15,0.030052,1.623929,0.169669,0.105861,-0.888807,0.384043,0.226553,46.940660,208.083600,358.811000
569.162,15,0.030508,1.624138,0.167931,0.105214,-0.888753,0.383956,0.227213,46.911210,208.225000,358.948300
569.274,15,0.030643,1.623944,0.168227,0.104852,-0.888185,0.384882,0.228035,47.013350,208.406600,359.098900
569.377,15,0.029905,1.624640,0.169131,0.106314,-0.888166,0.382598,0.231251,46.785140,208.757400,359.004500
569.481,15,0.028129,1.624826,0.169950,0.106876,-0.888124,0.381685,0.232656,46.693820,208.917900,358.978000
569.585,15,0.027577,1.624427,0.169194,0.108866,-0.888514,0.381150,0.231118,46.688580,208.538100,358.556900
569.690,15,0.027378,1.623500,0.167481,0.109776,-0.889009,0.382327,0.226800,46.851040,207.833400,358.176600
569.793,15,0.027769,1.622431,0.166846,0.110875,-0.887488,0.385873,0.226217,47.313810,207.777200,358.122000
569.899,15,0.026942,1.621597,0.164030,0.112311,-0.888093,0.385056,0.224520,47.253460,207.393700,357.755800
570.002,15,0.026283,1.619514,0.161436,0.111755,-0.887767,0.387357,0.222115,47.511340,207.109500,357.764400
570.109,15,0.026433,1.618653,0.158390,0.114298,-0.887838,0.387777,0.219793,47.630200,206.589100,357.236200
570.211,15,0.027457,1.620075,0.157485,0.111439,-0.889047,0.384628,0.221896,47.168890,207.017600,357.685500
570.316,15,0.029988,1.623099,0.158395,0.109038,-0.890608,0.381035,0.223028,46.664040,207.244100,357.974300
570.420,15,0.032801,1.627316,0.161386,0.106732,-0.892947,0.376199,0.222997,46.009380,207.243700,358.116400
570.525,15,0.034684,1.631198,0.166905,0.103410,-0.894795,0.371729,0.224645,45.373700,207.571000,358.527900
570.628,15,0.035151,1.633926,0.172222,0.103271,-0.895849,0.367816,0.226939,44.901330,207.825900,358.536800
570.732,15,0.036011,1.636282,0.178025,0.104570,-0.896796,0.364953,0.227227,44.595630,207.720100,358.253500
570.836,15,0.037239,1.637712,0.181239,0.104481,-0.898066,0.362814,0.225672,44.332210,207.430900,358.084700
570.942,15,0.039510,1.639557,0.184354,0.103335,-0.899335,0.360810,0.224353,44.054710,207.241600,358.088900
571.046,15,0.042064,1.640134,0.186292,0.102585,-0.899403,0.362833,0.221142,44.269810,206.844100,358.074800
571.151,16,0.045207,1.640983,0.187611,0.101615,-0.900014,0.363347,0.218238,44.297780,206.467700,358.052900
571.256,16,0.048174,1.641930,0.188172,0.099886,-0.900105,0.363318,0.218708,44.246080,206.634700,358.328600
571.361,16,0.052424,1.643596,0.189441,0.097603,-0.901200,0.361118,0.218875,43.916200,206.730100,358.580800
571.466,16,0.055124,1.644954,0.190987,0.096604,-0.901524,0.360015,0.219798,43.756260,206.896400,358.736900
571.570,16,0.057403,1.646394,0.192581,0.096272,-0.902241,0.357922,0.220420,43.495980,206.955100,358.741300
571.674,16,0.058437,1.648204,0.193129,0.096416,-0.903621,0.353313,0.222134,42.949740,207.089700,358.647100
571.778,16,0.057793,1.650959,0.192607,0.095330,-0.905762,0.346550,0.224524,42.112760,207.336300,358.681100
571.882,16,0.052885,1.661180,0.191967,0.087888,-0.913456,0.314593,0.242706,38.126130,209.561800,359.427900
571.984,16,0.044611,1.672446,0.191841,0.082665,-0.918309,0.280622,0.266694,34.020400,212.343200,359.851800
572.097,16,0.034052,1.682801,0.190644,0.081874,-0.921339,0.258100,0.278955,31.417670,213.559900,359.538700
572.208,16,0.014009,1.693988,0.185964,0.080768,-0.925294,0.231304,0.289492,28.347070,214.490400,358.987800
572.318,16,-0.006284,1.701481,0.178804,0.077431,-0.928746,0.213142,0.293268,26.188520,214.769500,358.798900
572.428,16,-0.031873,1.707882,0.168000,0.074234,-0.931353,0.196659,0.297314,24.233720,215.121200,358.659200
572.539,16,-0.048986,1.711390,0.160534,0.072280,-0.933655,0.192900,0.293008,23.738390,214.558300,358.627400
572.650,16,-0.065703,1.711951,0.153934,0.076387,-0.934908,0.193607,0.287451,23.949040,213.762300,358.023200
572.761,16,-0.076208,1.713279,0.147535,0.080391,-0.933096,0.197763,0.289413,24.556790,213.976400,357.759700
572.872,16,-0.082680,1.712828,0.135036,0.080116,-0.930839,0.197168,0.297060,24.498030,214.961300,357.984100
572.983,16,-0.084927,1.710110,0.118579,0.081642,-0.927764,0.200128,0.304201,24.898670,215.892500,358.121600
573.094,16,-0.082496,1.708351,0.101804,0.083724,-0.923151,0.201714,0.316378,25.176030,217.453700,358.293900
573.206,16,-0.072735,1.709580,0.076336,0.084309,-0.915483,0.199550,0.339061,24.995190,220.378500,358.795700
573.317,16,-0.062563,1.714665,0.051741,0.086671,-0.905894,0.199231,0.363527,25.086060,223.558900,359.229600
573.428,16,-0.051499,1.716882,0.017977,0.092095,-0.892927,0.199748,0.392811,25.408710,227.382800,359.521600
573.539,16,-0.045784,1.715857,-0.005810,0.100007,-0.881432,0.202174,0.414973,26.066010,230.296000,359.457500
573.645,16,-0.040072,1.715213,-0.025897,0.108369,-0.864726,0.202100,0.446834,26.510970,234.551200,359.564000
573.758,16,-0.031769,1.715636,-0.040308,0.105557,-0.851904,0.199931,0.472382,26.127490,238.150700,0.576802
573.869,16,-0.020663,1.711007,-0.062459,0.111540,-0.838734,0.204378,0.492254,26.913810,241.034400,0.906452
573.982,16,-0.014045,1.699666,-0.074255,0.137309,-0.810193,0.227673,0.522397,30.822400,245.909200,1.026046
574.092,16,-0.014017,1.689312,-0.073782,0.161347,-0.760623,0.262069,0.571612,35.670790,255.080300,3.822302
574.203,16,-0.017391,1.686233,-0.075275,0.170097,-0.741798,0.263433,0.592796,36.334160,258.660600,4.269219
574.314,16,-0.022350,1.683594,-0.080872,0.175802,-0.742582,0.262224,0.590681,36.664710,258.153700,3.479690
574.425,16,-0.031829,1.679871,-0.089603,0.181712,-0.746115,0.268058,0.581755,37.692800,256.895300,2.950676
574.536,16,-0.040319,1.678796,-0.095903,0.182123,-0.752909,0.267632,0.573004,37.713930,255.349600,2.352039
574.648,16,-0.049716,1.684157,-0.108479,0.170685,-0.780810,0.254099,0.544644,35.642860,250.026600,0.722069
574.759,16,-0.054405,1.692150,-0.121745,0.161765,-0.807876,0.242730,0.512105,33.908830,244.471800,359.118700
574.871,16,-0.057610,1.688097,-0.139795,0.160341,-0.821974,0.234657,0.493544,32.958690,241.318500,357.816700
574.982,16,-0.058523,1.679158,-0.158877,0.173418,-0.810120,0.248013,0.502117,35.169180,242.872500,357.762500
575.094,16,-0.062288,1.671142,-0.189148,0.173199,-0.799121,0.245295,0.520806,34.920980,245.718000,358.510700
575.205,16,-0.065682,1.652872,-0.231373,0.174730,-0.783141,0.239439,0.546652,34.476070,249.575500,359.173100
575.316,16,-0.063274,1.639596,-0.276321,0.181182,-0.750433,0.232827,0.591452,34.316450,256.561300,0.241608
575.427,16,-0.049003,1.626771,-0.342006,0.175561,-0.710663,0.227531,0.642158,33.289610,265.077600,2.927572
575.539,16,-0.037772,1.611963,-0.390488,0.172671,-0.688971,0.223061,0.667644,32.542880,269.388900,4.076063
575.650,16,-0.034094,1.577342,-0.444989,0.158855,-0.661824,0.214189,0.700627,30.404770,274.889300,5.980777
575.761,16,-0.039268,1.533785,-0.482366,0.138069,-0.644340,0.205627,0.723520,27.695920,278.542700,7.764590
575.872,16,-0.046283,1.491617,-0.504118,0.127573,-0.627359,0.201444,0.741328,26.225290,281.594300,8.888369
575.983,16,-0.049490,1.475784,-0.510758,0.133344,-0.607306,0.207384,0.755242,26.955930,284.740500,9.772079
576.095,16,-0.050991,1.482585,-0.507116,0.131115,-0.602074,0.204448,0.760603,26.464250,285.592700,9.848807
576.205,16,-0.053843,1.488454,-0.493518,0.123195,-0.605482,0.183513,0.764551,24.242890,285.028300,8.287262
576.317,16,-0.062459,1.472755,-0.478517,0.108072,-0.620216,0.169050,0.758337,21.938100,282.914000,7.578762
576.428,16,-0.089301,1.420272,-0.459483,0.097229,-0.636881,0.165657,0.746651,20.867030,280.473600,7.596773
576.539,16,-0.116408,1.361855,-0.452111,0.093763,-0.653341,0.167293,0.732371,20.850960,277.916400,7.533661
576.651,16,-0.150430,1.282390,-0.451612,0.082252,-0.670508,0.172494,0.716868,20.441130,275.346200,8.407702
576.763,16,-0.179539,1.220671,-0.448803,0.081712,-0.673069,0.189913,0.710095,21.820200,274.980900,9.906576
576.873,16,-0.216355,1.164060,-0.437495,0.104802,-0.673026,0.201540,0.703871,24.759980,274.554300,9.037904
576.985,16,-0.257140,1.118959,-0.418464,0.134163,-0.662862,0.213415,0.705031,28.171250,275.548200,8.024852
577.097,16,-0.289481,1.084830,-0.401939,0.151578,-0.652587,0.221165,0.708689,30.231900,276.800500,7.691669
577.207,16,-0.321538,1.048800,-0.385296,0.168224,-0.639528,0.232312,0.713258,32.487370,278.550300,7.920035
577.318,16,-0.339399,1.027688,-0.375461,0.177903,-0.631713,0.239150,0.715610,33.832440,279.603500,8.132489
577.429,16,-0.357026,1.011496,-0.365947,0.180341,-0.624431,0.238879,0.721457,33.955110,280.778800,8.280491
577.541,16,-0.366704,1.006047,-0.359269,0.180699,-0.619742,0.237463,0.725864,33.824940,281.564100,8.358224
577.652,16,-0.371148,1.007269,-0.355736,0.182165,-0.616851,0.235271,0.728669,33.760980,281.983900,8.169035
577.763,16,-0.372604,1.010665,-0.354322,0.182305,-0.617939,0.230087,0.729367,33.387200,281.735800,7.592921
577.875,16,-0.372266,1.016519,-0.353354,0.181024,-0.616570,0.227979,0.731504,33.090890,281.996800,7.565628
577.985,16,-0.369842,1.035131,-0.351527,0.176669,-0.617162,0.217056,0.735382,31.853910,281.944800,6.840784
578.097,16,-0.367770,1.059913,-0.349066,0.182234,-0.623150,0.198924,0.734101,31.029270,280.553900,4.346488
578.208,16,-0.364310,1.108173,-0.341267,0.178086,-0.627754,0.178772,0.736376,29.125700,279.782200,2.604694
578.319,16,-0.359344,1.159470,-0.331982,0.167710,-0.627637,0.158394,0.743543,26.630000,280.043200,1.604051
578.430,16,-0.349337,1.235981,-0.322718,0.154657,-0.634919,0.129576,0.745767,23.279470,279.140100,359.805200
578.542,16,-0.336665,1.303941,-0.317265,0.148057,-0.642962,0.110498,0.743283,21.234650,277.977400,358.393700
578.653,16,-0.323355,1.358923,-0.314091,0.141860,-0.647716,0.101543,0.741639,19.996310,277.378400,357.978200
578.765,16,-0.312549,1.391677,-0.312485,0.141629,-0.652324,0.096255,0.738343,19.555570,276.632000,357.406600
578.876,16,-0.305101,1.397298,-0.313690,0.138139,-0.659477,0.095271,0.732756,19.153620,275.589900,357.416700
578.987,16,-0.297939,1.386961,-0.315874,0.147140,-0.665875,0.099430,0.724620,20.221930,274.273200,356.832100
579.098,16,-0.292623,1.387023,-0.318655,0.151344,-0.670487,0.104927,0.718702,20.992560,273.382400,356.799400
579.209,16,-0.285662,1.393000,-0.320520,0.146722,-0.673998,0.101696,0.716839,20.330740,272.958600,356.822200
579.320,16,-0.282912,1.391026,-0.321578,0.150990,-0.674308,0.104508,0.715255,20.912060,272.762500,356.678200
579.431,16,-0.283091,1.388016,-0.321839,0.154554,-0.674529,0.107044,0.713908,21.412690,272.601000,356.572300
579.542,16,-0.284022,1.385227,-0.321766,0.153740,-0.673752,0.107853,0.714696,21.412910,272.761000,356.736400
579.654,16,-0.282912,1.377726,-0.322311,0.152821,-0.674619,0.107719,0.714095,21.321130,272.649900,356.778600
579.765,16,-0.281375,1.364146,-0.322944,0.156290,-0.672609,0.110350,0.714838,21.832160,272.861500,356.759200
579.876,16,-0.280918,1.353481,-0.324315,0.157469,-0.673045,0.114606,0.713498,22.270340,272.751700,357.000400
579.987,16,-0.280838,1.338808,-0.325814,0.160076,-0.673698,0.115195,0.712206,22.533680,272.545000,356.797500
580.099,16,-0.281171,1.328821,-0.326526,0.163976,-0.673173,0.115985,0.711687,22.926740,272.483000,356.534100
580.209,16,-0.283115,1.320652,-0.326672,0.163775,-0.670404,0.118077,0.713999,23.090750,272.958200,356.823300
580.321,16,-0.284348,1.315649,-0.327352,0.162959,-0.668658,0.118918,0.715681,23.096690,273.283200,357.026600
580.431,16,-0.284460,1.309752,-0.328311,0.164608,-0.669916,0.119339,0.714055,23.264270,273.009600,356.872700
580.543,16,-0.284283,1.305688,-0.328647,0.166224,-0.669357,0.119436,0.714189,23.410800,273.039700,356.756200
580.654,16,-0.284581,1.305291,-0.329361,0.165695,-0.670294,0.120035,0.713333,23.410090,272.904700,356.821700
580.765,16,-0.284582,1.307052,-0.330563,0.165438,-0.670877,0.120530,0.712760,23.425550,272.817800,356.866400
580.876,16,-0.284393,1.307625,-0.332040,0.164926,-0.672638,0.119872,0.711328,23.321760,272.541100,356.795400
580.987,16,-0.284855,1.306351,-0.334364,0.164621,-0.673909,0.121883,0.709853,23.452560,272.342300,356.948100
581.099,16,-0.284993,1.306234,-0.336736,0.165872,-0.675306,0.122444,0.708136,23.596540,272.057300,356.833800
581.210,16,-0.283841,1.312280,-0.341775,0.163500,-0.678054,0.120549,0.706384,23.232670,271.685100,356.792400
581.321,16,-0.279646,1.331189,-0.347668,0.155334,-0.682253,0.109844,0.705929,21.665790,271.282700,356.491700
581.432,16,-0.273951,1.358307,-0.354321,0.148050,-0.685540,0.104977,0.705050,20.652330,270.993900,356.632800
581.543,16,-0.268215,1.388335,-0.360076,0.142459,-0.690103,0.097064,0.702882,19.525810,270.421200,356.339400
581.655,16,-0.265223,1.413413,-0.363482,0.143043,-0.690530,0.094408,0.702705,19.354760,270.328800,356.057500
581.766,16,-0.262094,1.439742,-0.366415,0.140397,-0.691220,0.089339,0.703223,18.721430,270.303000,355.856000
581.877,16,-0.259690,1.449934,-0.367773,0.142534,-0.691861,0.088103,0.702318,18.791070,270.122600,355.548700
581.988,16,-0.256901,1.444898,-0.369768,0.143414,-0.694041,0.088029,0.699993,18.842620,269.726300,355.404200
582.099,16,-0.252926,1.417118,-0.372782,0.146381,-0.694120,0.093947,0.698530,19.567930,269.607100,355.619800
582.210,16,-0.249487,1.356854,-0.382199,0.163894,-0.692574,0.124840,0.691299,23.548240,269.184900,356.597000
582.322,16,-0.249728,1.296322,-0.395660,0.179484,-0.692327,0.158106,0.680787,27.600420,268.508700,357.849800
582.432,16,-0.248960,1.245985,-0.410321,0.179928,-0.699041,0.162155,0.672810,27.957780,267.270400,357.835800
582.544,16,-0.243208,1.201378,-0.422668,0.187697,-0.704494,0.174717,0.661764,29.643150,265.837600,357.809500
582.655,16,-0.238185,1.179396,-0.431123,0.190612,-0.706281,0.182507,0.656906,30.546100,265.315800,358.039000
582.766,16,-0.233203,1.168498,-0.439480,0.187012,-0.707844,0.186725,0.655071,30.620940,265.198400,358.660600
582.877,16,-0.230715,1.168101,-0.444504,0.187336,-0.710532,0.186516,0.652121,30.622740,264.672500,358.471500
582.988,16,-0.228944,1.170466,-0.447491,0.184674,-0.710542,0.187632,0.652548,30.508000,264.809100,358.832200
583.099,16,-0.228576,1.172982,-0.449459,0.184262,-0.710700,0.187983,0.652393,30.505510,264.799600,358.893800
583.210,16,-0.229257,1.176278,-0.451795,0.180749,-0.714093,0.189268,0.649291,30.333180,264.335100,359.179300
583.321,16,-0.229966,1.177404,-0.452446,0.179669,-0.714806,0.190916,0.648323,30.391280,264.247700,359.381900
583.432,16,-0.230755,1.178652,-0.452615,0.181092,-0.714332,0.192090,0.648103,30.608250,264.256700,359.352100
583.544,16,-0.230880,1.181981,-0.453618,0.179089,-0.715299,0.190032,0.648199,30.267000,264.188600,359.346600
583.655,16,-0.230736,1.183718,-0.455432,0.178270,-0.716625,0.190132,0.646931,30.209480,263.978000,359.370000
583.766,16,-0.230598,1.185716,-0.459063,0.177360,-0.718300,0.189819,0.645413,30.108210,263.707100,359.352800
583.877,16,-0.230815,1.188618,-0.461953,0.176954,-0.719575,0.188204,0.644576,29.932190,263.493500,359.203900
583.988,16,-0.231987,1.190201,-0.465358,0.177299,-0.722082,0.186485,0.642173,29.803580,263.005000,358.907900
584.099,16,-0.232940,1.188288,-0.465852,0.180783,-0.721322,0.186580,0.642028,30.086280,262.964900,358.594300
584.210,16,-0.233946,1.186211,-0.466158,0.181326,-0.720043,0.187851,0.642940,30.244050,263.173800,358.701900
584.322,16,-0.233831,1.186981,-0.465491,0.182233,-0.719488,0.188097,0.643233,30.338160,263.229900,358.655600
584.432,16,-0.230901,1.199080,-0.466179,0.183680,-0.718007,0.188244,0.644431,30.468100,263.434800,358.594200
584.544,16,-0.226184,1.216333,-0.472892,0.177490,-0.733983,0.176493,0.631361,28.894990,260.767500,357.532800
584.655,16,-0.219608,1.230303,-0.486989,0.167891,-0.762908,0.170566,0.600575,27.510770,255.609100,356.684400
584.767,16,-0.207593,1.260669,-0.515993,0.069766,-0.800832,0.192686,0.562736,22.776580,251.510600,6.546633
584.878,16,-0.197038,1.284590,-0.534284,0.056358,-0.816326,0.181348,0.545480,20.950570,248.707100,6.506820
584.988,16,-0.180482,1.332229,-0.550094,0.044382,-0.817612,0.166579,0.549357,18.732890,248.900600,6.697498
585.100,16,-0.161298,1.392645,-0.557920,0.028622,-0.816344,0.137051,0.560339,14.823200,249.757800,6.346330
585.211,16,-0.143906,1.450669,-0.550969,0.044039,-0.796326,0.115235,0.592154,13.632020,253.737500,3.913954
585.322,16,-0.124659,1.509264,-0.528900,0.060828,-0.748334,0.096148,0.653492,12.908950,262.489300,2.035670
585.433,16,-0.098861,1.562826,-0.499603,0.087906,-0.683958,0.093192,0.718185,14.699170,272.900700,0.806231
585.543,16,-0.066669,1.609446,-0.478842,0.116028,-0.656260,0.098455,0.739031,17.500890,276.727300,359.593500
585.654,16,-0.037302,1.638838,-0.465003,0.148557,-0.644310,0.107569,0.742445,21.051410,277.733900,358.053200
585.765,16,-0.012286,1.656714,-0.449859,0.161126,-0.631836,0.115849,0.749267,22.820650,279.343400,358.134300
585.875,16,-0.009743,1.653904,-0.442840,0.164360,-0.635232,0.118201,0.745315,23.276650,278.698900,357.965000
585.987,16,-0.028648,1.629235,-0.442470,0.155674,-0.664797,0.118077,0.721019,22.425460,274.195200,357.723900
586.098,16,-0.052724,1.601462,-0.442388,0.153457,-0.681079,0.117762,0.706197,22.157340,271.557000,357.357100
586.209,16,-0.082107,1.570211,-0.432711,0.145610,-0.669296,0.133933,0.716173,22.820490,273.837200,359.809000
586.320,16,-0.102030,1.554018,-0.419224,0.141737,-0.659852,0.139725,0.724557,22.941300,275.546600,0.959852
586.431,16,-0.119118,1.545186,-0.403808,0.138497,-0.649635,0.143315,0.733658,22.918600,277.334600,1.887913
586.542,16,-0.134065,1.539949,-0.392728,0.140589,-0.647701,0.143667,0.734900,23.125310,277.587900,1.809666
586.653,16,-0.147252,1.536066,-0.386050,0.141664,-0.649603,0.139216,0.733871,22.879660,277.226400,1.261386
586.765,16,-0.159311,1.530796,-0.381879,0.142955,-0.649995,0.140739,0.732983,23.111760,277.128900,1.275856
586.876,16,-0.169436,1.526024,-0.379591,0.144617,-0.650568,0.142718,0.731765,23.412400,276.991200,1.292970
586.987,16,-0.181522,1.520798,-0.375938,0.147862,-0.650266,0.143043,0.731321,23.722100,276.937600,1.059117
587.098,16,-0.190308,1.516213,-0.372312,0.149898,-0.647800,0.143643,0.732975,23.944170,277.277400,1.026029
587.209,16,-0.200650,1.510068,-0.368679,0.154230,-0.646917,0.145062,0.732577,24.434770,277.283500,0.817540
587.321,16,-0.208551,1.506663,-0.365830,0.156587,-0.646764,0.145361,0.732153,24.665440,277.229000,0.649629
587.432,16,-0.214772,1.504089,-0.363282,0.159264,-0.645098,0.146661,0.732785,25.001040,277.415200,0.598089
587.543,16,-0.220160,1.503022,-0.361183,0.159151,-0.644929,0.145626,0.733165,24.910660,277.442200,0.521369
587.654,16,-0.224877,1.501111,-0.359575,0.158200,-0.645517,0.145720,0.732834,24.834430,277.379400,0.589419
587.765,16,-0.232888,1.496234,-0.356738,0.159558,-0.647596,0.143841,0.731075,24.809310,276.980800,0.230950
587.876,16,-0.243746,1.489738,-0.354430,0.160300,-0.648673,0.143372,0.730049,24.838200,276.774800,0.086675
587.988,16,-0.266470,1.477252,-0.350691,0.163307,-0.652494,0.143762,0.725889,25.131240,276.033800,359.721400
588.099,16,-0.290873,1.463983,-0.346958,0.166482,-0.654396,0.144206,0.723364,25.441490,275.598800,359.412200
588.210,16,-0.326896,1.446134,-0.342191,0.169506,-0.656824,0.145642,0.720166,25.815040,275.079300,359.179000
588.322,16,-0.357170,1.431061,-0.339359,0.171990,-0.660468,0.148558,0.715634,26.257100,274.374400,359.069700
588.432,16,-0.382291,1.418800,-0.337259,0.174531,-0.664010,0.150711,0.711277,26.642870,273.672900,358.885400
588.544,16,-0.402629,1.408681,-0.335277,0.174064,-0.667132,0.153464,0.707874,26.820150,273.165000,359.038100
588.655,16,-0.416013,1.402214,-0.333159,0.179832,-0.669308,0.159196,0.703096,27.773670,272.550700,358.907800
588.766,16,-0.428233,1.405333,-0.328310,0.181064,-0.671051,0.157687,0.701456,27.752230,272.189700,358.589500
588.878,16,-0.432484,1.409918,-0.326021,0.175044,-0.673343,0.160370,0.700179,27.457610,272.062700,359.279700
588.988,16,-0.436911,1.419015,-0.323267,0.175202,-0.673832,0.163977,0.698833,27.765850,271.976000,359.551300
589.100,16,-0.440350,1.430691,-0.322749,0.173183,-0.679357,0.161527,0.694544,27.389310,271.094800,359.294600
589.211,16,-0.447231,1.448435,-0.321178,0.169935,-0.676517,0.155831,0.699402,26.650720,271.724300,359.233800
589.322,16,-0.465226,1.464767,-0.320236,0.163725,-0.665614,0.160890,0.710118,26.532700,273.864900,0.675423
589.433,16,-0.494631,1.474110,-0.323049,0.164593,-0.655784,0.160083,0.719187,26.532540,275.497500,0.921215
589.544,16,-0.529634,1.478629,-0.328512,0.166511,-0.646228,0.161377,0.727064,26.788580,277.034800,1.248800
589.656,16,-0.563311,1.476210,-0.335412,0.168098,-0.637874,0.164767,0.733288,27.176280,278.384600,1.751675
589.767,16,-0.607506,1.479987,-0.345842,0.174072,-0.638163,0.166441,0.731262,27.840870,278.119800,1.377201
589.878,16,-0.634368,1.484444,-0.353639,0.185719,-0.638543,0.160890,0.729305,28.448040,277.551100,359.836900
589.989,16,-0.662647,1.479247,-0.361415,0.179147,-0.636331,0.159156,0.733252,27.727790,278.182200,0.350105
590.100,16,-0.681291,1.469047,-0.366132,0.177057,-0.636614,0.153380,0.734744,27.095130,278.185100,-0.002842
590.211,16,-0.698706,1.447254,-0.371721,0.186056,-0.634917,0.164443,0.731589,28.753910,278.166100,0.284300
590.323,16,-0.708951,1.435527,-0.374877,0.188684,-0.634163,0.171021,0.730060,29.499190,278.222200,0.684548
590.433,16,-0.714835,1.429818,-0.376168,0.190426,-0.635407,0.172289,0.728226,29.755070,277.944600,0.589701
590.545,16,-0.713805,1.430252,-0.375986,0.189663,-0.637712,0.168663,0.727258,29.405310,277.565800,0.225088
590.656,16,-0.703691,1.434522,-0.374974,0.189381,-0.640916,0.166457,0.725020,29.207860,277.023000,359.909100
590.767,16,-0.675971,1.446653,-0.373277,0.182252,-0.646490,0.162189,0.722862,28.241790,276.365400,359.924100
590.878,16,-0.645028,1.462906,-0.374502,0.174237,-0.651970,0.155676,0.721347,27.023940,275.743700,359.832700
590.989,16,-0.600699,1.484196,-0.384807,0.158311,-0.663443,0.155137,0.714643,25.602180,274.424000,0.741789
591.100,16,-0.558404,1.493358,-0.398978,0.149490,-0.678410,0.159219,0.701471,25.198610,272.205700,1.301045
591.211,16,-0.511900,1.495946,-0.410932,0.147854,-0.695991,0.159723,0.684269,25.130150,269.207100,0.808660
591.323,16,-0.463598,1.500173,-0.416868,0.145847,-0.708625,0.156565,0.672359,24.709300,267.044400,0.241882
591.434,16,-0.428916,1.505898,-0.416571,0.137160,-0.709568,0.155656,0.673403,23.930280,267.203200,0.939575
591.545,16,-0.397150,1.510751,-0.414249,0.132520,-0.712430,0.157537,0.670868,23.720460,266.854500,1.411366
591.656,16,-0.380962,1.512662,-0.410906,0.132108,-0.715210,0.156223,0.668294,23.580620,266.374500,1.240188
591.767,16,-0.370141,1.513011,-0.405649,0.132484,-0.713977,0.155705,0.669658,23.564260,266.583200,1.210065
591.878,16,-0.366359,1.512087,-0.401455,0.134609,-0.712552,0.155493,0.670800,23.714850,266.762900,1.049968
591.989,16,-0.361982,1.510102,-0.398121,0.136034,-0.713217,0.155102,0.669895,23.797140,266.593500,0.861794
592.100,16,-0.355078,1.508326,-0.396424,0.135889,-0.712759,0.157763,0.669791,24.011970,266.674900,1.105524
592.211,16,-0.344488,1.508674,-0.396133,0.134626,-0.713258,0.162516,0.668376,24.317530,266.620200,1.584492
592.322,16,-0.331282,1.510730,-0.395892,0.130197,-0.717592,0.162599,0.664584,23.979700,265.997300,1.835417
592.433,16,-0.316362,1.511778,-0.394136,0.130085,-0.722163,0.159490,0.660395,23.713910,265.183100,1.424906
592.545,16,-0.299153,1.513235,-0.391632,0.127092,-0.725783,0.159335,0.657039,23.471550,264.631100,1.555386
592.656,16,-0.281979,1.515750,-0.389979,0.122643,-0.729820,0.157283,0.653899,22.952530,264.056100,1.660367
592.766,16,-0.258667,1.516813,-0.386737,0.117517,-0.734891,0.154511,0.649810,22.322760,263.311200,1.739558
592.877,16,-0.239914,1.516313,-0.384786,0.118951,-0.737921,0.152013,0.646696,22.222110,262.717100,1.303554
592.988,16,-0.216124,1.519944,-0.384433,0.117496,-0.746459,0.149572,0.637669,21.909730,261.195200,0.947588
593.100,16,-0.199833,1.523863,-0.383239,0.120923,-0.752024,0.144131,0.631716,21.688320,260.064600,0.013847
593.210,16,-0.183713,1.526513,-0.381900,0.125862,-0.752858,0.141462,0.630359,21.819150,259.745200,359.310700
593.322,16,-0.172936,1.529336,-0.381916,0.129128,-0.752286,0.141231,0.630433,22.043160,259.732500,358.998000
593.433,16,-0.164233,1.530771,-0.381571,0.134237,-0.747760,0.136719,0.635723,22.033010,260.416300,358.335600
593.543,16,-0.154164,1.527165,-0.383793,0.137817,-0.737531,0.139803,0.646150,22.601430,262.162500,358.595900
593.654,16,-0.140532,1.522549,-0.387463,0.143129,-0.727698,0.141935,0.655610,23.218900,263.749300,358.615700
593.765,16,-0.112558,1.521594,-0.393063,0.153863,-0.713051,0.144298,0.668627,24.301450,265.958700,358.336200
593.876,16,-0.082810,1.529650,-0.395504,0.156035,-0.705199,0.140597,0.677185,24.181420,267.279100,358.137400
593.987,16,-0.038290,1.549544,-0.394909,0.153590,-0.694489,0.127061,0.691340,22.882990,269.265600,357.658000
594.098,16,-0.001009,1.569698,-0.392147,0.146555,-0.687110,0.115346,0.702209,21.366660,270.787800,357.574900
594.209,16,0.048755,1.595660,-0.384624,0.132834,-0.682299,0.099723,0.711954,18.979210,272.039100,357.620000
594.320,16,0.095075,1.618391,-0.375165,0.132111,-0.679170,0.092108,0.716094,18.319900,272.568900,357.129800
594.431,16,0.140586,1.644303,-0.364526,0.135516,-0.678618,0.085944,0.716747,18.113940,272.546300,356.336700
594.543,16,0.182762,1.666881,-0.353437,0.146075,-0.675070,0.095752,0.716781,19.796830,272.795300,356.346600
594.654,16,0.213761,1.682945,-0.345427,0.149943,-0.673592,0.098393,0.717014,20.339160,272.908700,356.275900
594.765,16,0.244132,1.697596,-0.336886,0.152419,-0.676889,0.092790,0.714129,20.078740,272.268700,355.492500
594.875,16,0.260390,1.702484,-0.330432,0.152051,-0.675526,0.089812,0.715876,19.818460,272.503300,355.315000
594.986,16,0.268355,1.703807,-0.322343,0.156289,-0.662865,0.091888,0.726458,20.419590,274.428900,355.490000
595.097,16,0.264746,1.700377,-0.308617,0.169275,-0.637311,0.087547,0.746670,21.369140,278.047000,354.761600
595.208,16,0.252068,1.689022,-0.277672,0.191265,-0.565189,0.091399,0.797261,24.097530,288.387900,355.572800
595.320,16,0.236003,1.676501,-0.248854,0.208344,-0.507471,0.097117,0.830442,26.397920,296.390000,356.790000
595.430,16,0.202394,1.661641,-0.216523,0.225273,-0.474806,0.099788,0.844899,28.387080,300.584200,357.048400
595.541,16,0.160558,1.649449,-0.197835,0.235904,-0.484354,0.107223,0.835616,29.875510,298.933400,356.738900
595.652,16,0.111550,1.641344,-0.185386,0.239238,-0.524237,0.111243,0.809671,30.267830,292.886000,355.305000
595.763,16,0.057647,1.631664,-0.167628,0.244004,-0.555180,0.113141,0.787043,30.644510,287.903000,353.805300
595.874,16,0.001789,1.616041,-0.148239,0.250636,-0.565322,0.127023,0.775537,32.165970,286.130800,354.144700
595.985,16,-0.053545,1.596467,-0.136855,0.255342,-0.581858,0.134997,0.760274,33.049170,283.275700,353.707100
596.096,16,-0.097838,1.577280,-0.133141,0.257353,-0.595268,0.142218,0.747796,33.656430,281.001800,353.537400
596.209,16,-0.146455,1.554573,-0.132059,0.260132,-0.606967,0.151291,0.735549,34.495260,278.923600,353.505600
596.319,16,-0.175858,1.541031,-0.133879,0.262589,-0.615809,0.159806,0.725457,35.296940,277.296200,353.560000
596.431,16,-0.203196,1.530504,-0.134767,0.263246,-0.621365,0.165431,0.719194,35.749010,276.311000,353.690600
596.543,16,-0.219230,1.523250,-0.134251,0.265617,-0.620705,0.170334,0.717746,36.352090,276.297700,353.925600
596.653,16,-0.230867,1.518193,-0.134611,0.268903,-0.621207,0.173575,0.715308,36.894890,275.999300,353.843400
596.765,16,-0.238276,1.514858,-0.134295,0.271483,-0.621415,0.175601,0.713656,37.281630,275.790900,353.739300
596.876,16,-0.242702,1.512756,-0.133671,0.272633,-0.620606,0.177267,0.713510,37.522900,275.864700,353.816300
596.987,16,-0.245667,1.510856,-0.132909,0.271910,-0.620163,0.177428,0.714131,37.475830,275.997900,353.935500
597.098,16,-0.245712,1.511673,-0.135236,0.271113,-0.622224,0.178346,0.712410,37.461610,275.687900,353.977900
597.209,16,-0.237699,1.517112,-0.149330,0.267424,-0.642330,0.178056,0.695840,36.935040,272.279600,353.119900
597.320,16,-0.222453,1.523483,-0.169646,0.264148,-0.661356,0.176119,0.679570,36.296910,268.981000,352.154100
597.431,16,-0.200165,1.529186,-0.195381,0.256501,-0.672413,0.179801,0.670626,35.861950,267.463600,352.642000
597.543,16,-0.173685,1.536000,-0.227513,0.245941,-0.683006,0.184426,0.662573,35.298490,266.208500,353.558200
597.653,16,-0.141079,1.541623,-0.262012,0.239699,-0.693317,0.192158,0.651868,35.377140,264.631300,354.238500
597.765,16,-0.105540,1.546621,-0.292171,0.239159,-0.701283,0.197412,0.641899,35.726390,263.067300,354.202900
597.875,16,-0.075620,1.548712,-0.312243,0.236965,-0.703257,0.197558,0.640506,35.550700,262.837300,354.341600
597.987,16,-0.043962,1.540835,-0.330461,0.218188,-0.705783,0.189296,0.646863,33.331320,263.714700,355.669400
598.098,16,-0.028355,1.523991,-0.338485,0.192033,-0.708717,0.172549,0.656560,29.784480,264.823100,356.987200
598.209,16,-0.028220,1.491279,-0.344360,0.180415,-0.702731,0.171441,0.666504,28.780040,266.548900,358.363300
598.320,16,-0.042315,1.454751,-0.347183,0.177496,-0.703462,0.171248,0.666566,28.526010,266.559400,358.602500
598.431,16,-0.058386,1.418846,-0.346614,0.173890,-0.704566,0.173061,0.665882,28.388400,266.526400,359.051900
598.543,16,-0.072631,1.394720,-0.345588,0.172764,-0.701151,0.177306,0.668657,28.664230,267.196200,359.663500
598.654,16,-0.087373,1.375285,-0.344909,0.168585,-0.700090,0.175961,0.671187,28.208420,267.587600,0.010119
598.765,16,-0.102615,1.354010,-0.344642,0.171238,-0.699282,0.182182,0.669696,28.956640,267.600400,0.296380
598.876,16,-0.116612,1.335252,-0.344099,0.169953,-0.698453,0.185036,0.670105,29.094450,267.806700,0.693610
598.988,16,-0.134233,1.312570,-0.343340,0.171003,-0.699705,0.190588,0.666969,29.657720,267.516300,0.984393
599.099,16,-0.147668,1.295256,-0.342228,0.171196,-0.702438,0.192535,0.663479,29.845130,266.996100,0.989281
599.210,16,-0.163696,1.271291,-0.339674,0.171725,-0.702147,0.195726,0.662715,30.163290,267.016600,1.210774
599.321,16,-0.177624,1.249627,-0.336293,0.173341,-0.703448,0.194048,0.661408,30.152490,266.700300,0.849317
599.432,16,-0.191506,1.230541,-0.332975,0.173410,-0.704385,0.193644,0.660510,30.124280,266.522900,0.762632
599.544,16,-0.204677,1.217997,-0.328527,0.175664,-0.705441,0.193112,0.658941,30.262520,266.215500,0.441720
599.655,16,-0.214921,1.211948,-0.324602,0.177306,-0.705638,0.192967,0.658332,30.383280,266.096600,0.255422
599.766,16,-0.227149,1.208012,-0.320782,0.175748,-0.706875,0.191957,0.657718,30.169850,265.946100,0.268014
599.877,16,-0.236698,1.203981,-0.318103,0.178932,-0.708894,0.190827,0.655009,30.328470,265.408500,359.754300
599.988,16,-0.250253,1.195601,-0.315819,0.182567,-0.711079,0.192218,0.651221,30.740250,264.798100,359.381000
600.100,16,-0.261546,1.187084,-0.314791,0.184110,-0.713412,0.194280,0.647613,31.042030,264.259100,359.260700
600.210,16,-0.276369,1.173499,-0.315722,0.188074,-0.719199,0.194725,0.639894,31.385020,262.918900,358.569000
600.322,16,-0.288751,1.160549,-0.316306,0.192186,-0.722086,0.196044,0.634999,31.816250,262.107200,358.073000
600.433,16,-0.299517,1.148491,-0.317627,0.197765,-0.725064,0.200765,0.628383,32.661790,261.140500,357.653300
600.544,16,-0.310202,1.144168,-0.318618,0.202627,-0.728619,0.203595,0.621777,33.275410,260.089900,357.114000
600.655,16,-0.319833,1.146595,-0.319084,0.204235,-0.732288,0.203322,0.617012,33.354060,259.242200,356.691000
600.766,16,-0.332828,1.150827,-0.319143,0.205932,-0.737048,0.199959,0.611857,33.145070,258.194900,355.968200
600.877,16,-0.343009,1.148886,-0.319419,0.209570,-0.737738,0.198159,0.610374,33.244360,257.827000,355.383500
600.988,16,-0.352205,1.140504,-0.321468,0.214899,-0.739523,0.200912,0.605441,33.874460,257.043700,354.847400
601.099,16,-0.357458,1.134356,-0.323654,0.214995,-0.741633,0.199993,0.603125,33.778370,256.610100,354.639400
601.210,16,-0.360742,1.126662,-0.327809,0.230114,-0.744193,0.199067,0.594640,34.747300,254.936000,352.605300
601.322,16,-0.360997,1.130139,-0.332788,0.228709,-0.748802,0.201845,0.588427,34.850770,254.012800,352.650800
601.433,16,-0.357492,1.135057,-0.340613,0.219915,-0.751458,0.203224,0.587919,34.333790,254.109000,353.634400
601.544,16,-0.354172,1.137329,-0.349010,0.223773,-0.747811,0.215004,0.586922,35.749260,254.375000,354.179900
601.656,16,-0.355612,1.150143,-0.351310,0.215711,-0.745765,0.209660,0.594430,34.691870,255.534200,354.942500
601.766,16,-0.358901,1.149448,-0.359797,0.220928,-0.747279,0.208927,0.590860,34.982620,254.825300,354.165000
601.878,16,-0.362944,1.140433,-0.365183,0.225620,-0.747416,0.209719,0.588628,35.387720,254.412200,353.635700
601.988,16,-0.366844,1.130098,-0.371174,0.220095,-0.747338,0.212725,0.589740,35.278530,254.809300,354.512500
602.099,16,-0.369613,1.123341,-0.376033,0.221511,-0.749187,0.211402,0.587333,35.237060,254.323400,354.126700
602.210,16,-0.373898,1.116098,-0.381528,0.220451,-0.750043,0.212975,0.586070,35.301580,254.191700,354.299900
602.322,16,-0.377117,1.111255,-0.385364,0.217883,-0.750262,0.214471,0.586204,35.258590,254.316600,354.695400
602.432,16,-0.379836,1.108072,-0.388093,0.219563,-0.749311,0.217250,0.585771,35.647930,254.339800,354.738100
602.544,16,-0.381939,1.106714,-0.390129,0.218979,-0.749554,0.217144,0.585718,35.594300,254.334700,354.785500
602.655,16,-0.382944,1.104661,-0.391271,0.220482,-0.748695,0.218367,0.585798,35.823880,254.380300,354.741600
602.767,16,-0.383879,1.102042,-0.392790,0.219576,-0.748218,0.220317,0.586018,35.947290,254.519000,355.013900
602.877,16,-0.384583,1.100443,-0.393705,0.220681,-0.747711,0.221303,0.585878,36.123330,254.523400,354.978800
602.988,16,-0.385344,1.100448,-0.394291,0.221080,-0.747379,0.220809,0.586337,36.108120,254.573600,354.921000
603.100,16,-0.385424,1.100988,-0.394352,0.220442,-0.747086,0.219370,0.587490,35.929700,254.715000,354.925400
603.210,16,-0.382300,1.103610,-0.392949,0.220800,-0.746231,0.221002,0.587830,36.116070,254.842300,355.049400
603.322,16,-0.373777,1.111161,-0.388865,0.217910,-0.746754,0.219651,0.588751,35.777490,254.980000,355.276300
603.433,16,-0.360129,1.121878,-0.382973,0.212171,-0.750467,0.211761,0.589016,34.595780,254.756300,355.192200
603.544,16,-0.344567,1.130882,-0.376727,0.208489,-0.751621,0.208064,0.590177,33.977050,254.844500,355.308800
603.655,16,-0.332112,1.136051,-0.372237,0.204737,-0.751746,0.208768,0.591081,33.773650,255.075700,355.790000
603.766,16,-0.319367,1.140112,-0.366702,0.201913,-0.752881,0.205658,0.591698,33.272050,255.084900,355.839600
603.878,16,-0.311124,1.142013,-0.363296,0.202865,-0.752252,0.204277,0.592650,33.215610,255.174200,355.675700
603.988,16,-0.302789,1.146202,-0.360571,0.198884,-0.752793,0.202714,0.593847,32.780180,255.359400,355.998200
604.099,16,-0.297494,1.148434,-0.359051,0.197984,-0.753914,0.200520,0.593471,32.503070,255.218700,355.884900
604.210,16,-0.292193,1.149642,-0.358001,0.197497,-0.753950,0.200019,0.593756,32.421230,255.251700,355.904900
604.322,16,-0.286963,1.154006,-0.357201,0.196867,-0.756352,0.198693,0.591351,32.235360,254.808900,355.741700
604.432,16,-0.275279,1.174978,-0.352959,0.198671,-0.759141,0.199657,0.586833,32.432680,254.078700,355.426100
604.544,16,-0.251601,1.218575,-0.343430,0.195104,-0.762400,0.198926,0.584045,32.088010,253.640200,355.591100
604.655,16,-0.218174,1.269639,-0.334182,0.189517,-0.763290,0.209819,0.580903,32.716820,253.634900,356.897000
604.766,16,-0.162026,1.348328,-0.326025,0.196027,-0.767175,0.221178,0.569295,34.232880,252.110300,356.606200
604.877,16,-0.111880,1.419271,-0.317651,0.201232,-0.771123,0.222508,0.561573,34.692770,250.811000,355.784500
604.987,16,-0.042126,1.501260,-0.302866,0.208082,-0.768480,0.225939,0.561331,35.511350,250.798500,355.338000
605.098,16,0.022605,1.551777,-0.291715,0.213497,-0.763748,0.229941,0.564123,36.307020,251.343800,355.253300
605.208,16,0.106055,1.598994,-0.281214,0.219326,-0.758654,0.229870,0.568770,36.746520,252.021900,354.895000
605.319,16,0.165799,1.627709,-0.273035,0.218343,-0.757372,0.218887,0.575155,35.642020,252.633400,354.425400
605.430,16,0.234486,1.654792,-0.262016,0.212295,-0.752662,0.217369,0.584108,35.114850,254.170000,355.397400
605.542,16,0.279594,1.672396,-0.251887,0.203533,-0.748496,0.210559,0.594973,33.876100,255.822900,356.261500
605.653,16,0.309516,1.681749,-0.243686,0.196751,-0.744629,0.206708,0.603397,33.043790,257.154200,357.021300
605.764,16,0.326073,1.685978,-0.238909,0.193005,-0.742697,0.199241,0.609469,32.087460,257.892900,357.034900
605.875,16,0.331933,1.687308,-0.238299,0.190693,-0.740815,0.195504,0.613684,31.581740,258.465600,357.134900
605.986,16,0.331158,1.689812,-0.242321,0.185701,-0.742760,0.188827,0.614954,30.590660,258.450300,357.095200
606.098,16,0.324323,1.690830,-0.246419,0.184083,-0.742013,0.187710,0.616681,30.371720,258.707800,357.231700
606.208,16,0.300251,1.692685,-0.253593,0.182268,-0.742809,0.184692,0.617173,29.957910,258.686000,357.168000
606.320,16,0.272483,1.689798,-0.259633,0.185218,-0.744361,0.183759,0.614698,30.084260,258.212900,356.698900
606.431,16,0.228887,1.684831,-0.267050,0.185315,-0.744738,0.185245,0.613766,30.225070,258.114900,356.773700
606.542,16,0.193382,1.679809,-0.271821,0.192616,-0.744012,0.191041,0.610613,31.298810,257.749400,356.422900
606.653,16,0.164918,1.675876,-0.275612,0.193550,-0.742799,0.196757,0.609980,31.899070,257.868200,356.792600
606.765,16,0.142606,1.673004,-0.276988,0.194793,-0.740609,0.202088,0.610504,32.491890,258.171800,357.160800
606.875,16,0.127259,1.671213,-0.278231,0.196204,-0.739582,0.202766,0.611072,32.664150,258.283400,357.112500
606.987,16,0.113544,1.669044,-0.280842,0.197034,-0.739003,0.205426,0.610617,32.973060,258.315900,357.243600
607.098,16,0.107106,1.667702,-0.283058,0.195650,-0.739097,0.207583,0.610218,33.067420,258.359700,357.547000
607.208,16,0.103297,1.667234,-0.283015,0.195383,-0.737554,0.209407,0.611546,33.220950,258.672100,357.801800
607.320,16,0.102362,1.667552,-0.282779,0.195528,-0.737292,0.206662,0.612748,32.980870,258.749400,357.604700
607.430,16,0.103443,1.667423,-0.281252,0.196024,-0.735083,0.208403,0.614651,33.186070,259.149400,357.808800
607.542,16,0.105796,1.668168,-0.279599,0.196522,-0.734099,0.205271,0.616719,32.941010,259.353800,357.586300
607.654,16,0.108101,1.668807,-0.278529,0.197076,-0.733961,0.204517,0.616956,32.914690,259.354600,357.478200
607.764,16,0.111159,1.671559,-0.277431,0.194260,-0.735659,0.201961,0.616669,32.461750,259.216600,357.504900
607.875,16,0.116572,1.676563,-0.276123,0.191032,-0.736637,0.196742,0.618196,31.738610,259.275900,357.426100
607.987,16,0.128699,1.686276,-0.271838,0.180825,-0.741901,0.186704,0.618084,30.037220,258.929500,357.516600
608.098,16,0.140616,1.694224,-0.267691,0.172539,-0.745073,0.179309,0.618826,28.733710,258.834100,357.700300
608.209,16,0.157539,1.699939,-0.260604,0.168937,-0.748382,0.180362,0.615511,28.549870,258.359700,357.988700
608.320,16,0.169968,1.703437,-0.255582,0.165675,-0.748615,0.183328,0.615239,28.577240,258.455700,358.533600
608.431,16,0.185676,1.705715,-0.250760,0.167485,-0.752612,0.185708,0.609127,28.918960,257.533400,358.306900
608.542,16,0.196194,1.708074,-0.247759,0.166011,-0.755576,0.183988,0.606378,28.643940,257.034200,358.188900
608.653,16,0.203716,1.708901,-0.245134,0.165626,-0.757435,0.182570,0.604590,28.479260,256.695400,358.034900
608.765,16,0.208726,1.708340,-0.243892,0.165353,-0.758650,0.185608,0.602211,28.736230,256.426800,358.213200
608.875,16,0.210930,1.709276,-0.243791,0.163650,-0.759805,0.181717,0.602408,28.249100,256.330900,358.064700
608.987,16,0.212486,1.708906,-0.243985,0.162465,-0.760300,0.183247,0.601639,28.303130,256.274700,358.272200
609.098,16,0.213471,1.709385,-0.243570,0.161606,-0.761671,0.181983,0.600519,28.119880,256.056700,358.205900
609.209,16,0.214278,1.709617,-0.242048,0.162566,-0.761048,0.182211,0.600981,28.212360,256.129900,358.151200
609.320,16,0.213734,1.709634,-0.241285,0.162620,-0.759116,0.182013,0.603464,28.203820,256.521700,358.230100
609.431,16,0.212956,1.710079,-0.240505,0.161065,-0.759559,0.180787,0.603692,27.976120,256.528100,358.287100
609.542,16,0.212039,1.712041,-0.240828,0.157434,-0.761411,0.174789,0.604084,27.153720,256.410800,358.160000
609.653,16,0.212056,1.714421,-0.240851,0.149111,-0.763072,0.168276,0.605945,25.945800,256.558300,358.494000
609.765,16,0.212232,1.715316,-0.241223,0.146869,-0.763049,0.167610,0.606706,25.721860,256.675600,358.679800
609.876,16,0.212838,1.715319,-0.241362,0.148980,-0.763224,0.168673,0.605676,25.972390,256.529800,358.528300
609.987,16,0.213382,1.715698,-0.241676,0.149908,-0.762074,0.168302,0.606997,26.008500,256.719200,358.459300
610.100,17,0.213704,1.715270,-0.242506,0.150721,-0.762821,0.168984,0.605667,26.128260,256.523900,358.388300
610.209,17,0.212400,1.714657,-0.244767,0.151356,-0.764018,0.167777,0.604334,26.059720,256.267000,358.182600
610.321,17,0.208602,1.714260,-0.246274,0.149035,-0.762262,0.165985,0.607613,25.731800,256.747500,358.378100
610.432,17,0.202304,1.713253,-0.249198,0.151642,-0.759892,0.167054,0.609641,26.026140,257.083700,358.292400
610.543,17,0.194007,1.712226,-0.252248,0.153768,-0.760613,0.168323,0.607858,26.295170,256.824200,358.128300
610.655,17,0.183840,1.711405,-0.253866,0.156131,-0.760695,0.167967,0.607251,26.433860,256.695400,357.853400
610.766,17,0.167468,1.712696,-0.254168,0.154494,-0.758255,0.160871,0.612619,25.674230,257.332900,357.635400
610.877,17,0.154284,1.718700,-0.250833,0.144747,-0.753745,0.141104,0.625306,23.187090,258.824200,357.397600
610.988,17,0.137353,1.730378,-0.241329,0.126492,-0.739259,0.109910,0.652240,19.117710,262.397300,357.352400
611.099,17,0.120813,1.734325,-0.232045,0.127768,-0.726650,0.099245,0.667687,18.351830,264.638300,356.789600
611.210,17,0.099988,1.733467,-0.216778,0.138991,-0.704526,0.095135,0.689402,19.007470,268.099900,356.077800
611.322,17,0.086738,1.735658,-0.200827,0.141331,-0.656051,0.085767,0.736387,18.704290,276.014400,356.421200
611.432,17,0.083537,1.743022,-0.190154,0.121692,-0.571787,0.066207,0.808621,15.814140,289.205200,358.088700
611.544,17,0.092369,1.746651,-0.192728,0.098881,-0.453347,0.047853,0.884539,12.610120,305.695100,359.706500
611.654,17,0.107915,1.753697,-0.210897,0.073671,-0.345889,0.032841,0.934802,9.233211,319.438700,0.605748
611.765,17,0.135046,1.768531,-0.254546,0.031308,-0.202713,0.000760,0.978737,3.531290,336.577200,359.356700
611.877,17,0.153440,1.779220,-0.299957,-0.002424,-0.099664,-0.015780,0.994893,359.543400,348.566000,358.228300
611.988,17,0.168499,1.782182,-0.353883,-0.018206,-0.019248,-0.022039,0.999406,357.865900,357.839600,357.513700
612.100,17,0.176138,1.774556,-0.381058,0.021068,0.020357,-0.027173,0.999201,2.476483,2.267992,356.933500
612.210,17,0.182909,1.766290,-0.400715,0.059045,0.049912,-0.025133,0.996690,6.904061,5.579771,357.447900
612.321,17,0.186420,1.762631,-0.409900,0.073825,0.056151,-0.024702,0.995383,8.611942,6.278950,357.630100
612.431,17,0.186821,1.756652,-0.411018,0.091882,0.053968,-0.022502,0.994052,10.666940,6.025580,357.969500
612.543,17,0.185095,1.754035,-0.407019,0.104493,0.048152,-0.023035,0.993092,12.108300,5.329990,357.908200
612.653,17,0.180700,1.752587,-0.397144,0.107745,0.043767,-0.022645,0.992957,12.471530,4.819730,357.914000
612.765,17,0.176732,1.750082,-0.379499,0.115979,0.044604,-0.015937,0.992122,13.388510,5.001209,358.746800
612.876,17,0.175715,1.747793,-0.354677,0.120336,0.039954,-0.016967,0.991784,13.889550,4.441016,358.581000
612.987,17,0.176870,1.743248,-0.310263,0.133254,0.022423,-0.016343,0.990694,15.352710,2.381686,358.430800
613.098,17,0.181140,1.741531,-0.268437,0.145849,0.005547,-0.017000,0.989145,16.781320,0.360000,358.083800
613.209,17,0.192972,1.739974,-0.216538,0.154772,-0.005271,-0.018376,0.987765,17.792030,359.031100,357.716800
613.320,17,0.203693,1.738702,-0.176129,0.160554,-0.011460,-0.018371,0.986790,18.448110,358.277400,357.587200
613.431,17,0.210496,1.734727,-0.147275,0.174565,-0.021932,-0.018264,0.984232,20.049050,356.976500,357.339200
613.543,17,0.213554,1.735581,-0.130715,0.182387,-0.024589,-0.016467,0.982782,20.957930,356.664200,357.463000
613.654,17,0.211009,1.733220,-0.122741,0.189625,-0.022226,-0.007979,0.981573,21.833260,357.118800,358.512700
613.765,17,0.201128,1.725581,-0.127362,0.219844,-0.017329,-0.007620,0.975352,25.377860,357.643200,358.574100
613.875,17,0.187450,1.725597,-0.135178,0.228089,0.001800,-0.008142,0.973605,26.370000,359.986600,359.038600
613.987,17,0.166711,1.723010,-0.147380,0.227722,0.015799,0.005498,0.973583,26.310670,2.126798,1.144232
614.098,17,0.155345,1.720993,-0.157944,0.216371,0.027514,0.009081,0.975881,24.948600,3.644201,1.872694
614.209,17,0.147805,1.717820,-0.164178,0.211278,0.042080,0.016214,0.976385,24.281100,5.604627,3.109361
614.320,17,0.147399,1.717456,-0.164425,0.214284,0.042722,0.013880,0.975738,24.644350,5.639641,2.862792
614.431,17,0.150927,1.717126,-0.162038,0.212721,0.046089,0.009546,0.975979,24.477930,5.929786,2.408190
614.542,17,0.154970,1.715658,-0.153519,0.213688,0.050472,0.009334,0.975553,24.581440,6.469652,2.507282
614.653,17,0.159639,1.713321,-0.137956,0.218882,0.038367,0.008768,0.974958,25.222080,4.987492,2.146987
614.765,17,0.168917,1.710762,-0.113578,0.221690,0.022503,0.008809,0.974818,25.583020,3.036452,1.724982
614.876,17,0.181326,1.706422,-0.081614,0.226070,0.007120,0.010568,0.974028,26.119550,1.190095,1.519328
614.987,17,0.202055,1.697033,-0.027116,0.233724,-0.021428,0.016795,0.971922,27.067680,357.824600,1.456233
615.098,17,0.222564,1.691636,0.021954,0.237829,-0.053618,0.023900,0.969532,27.628000,354.000600,1.347784
615.209,17,0.251042,1.687460,0.085152,0.251456,-0.102612,0.030123,0.961942,29.337620,347.931600,0.417248
615.319,17,0.269929,1.686843,0.125747,0.259108,-0.137673,0.034151,0.955376,30.297820,343.490400,359.595900
615.430,17,0.281552,1.686939,0.158841,0.282936,-0.186520,0.047618,0.939622,33.330570,337.215100,358.898600
615.541,17,0.286353,1.685005,0.172140,0.300921,-0.222923,0.057148,0.925466,35.623970,332.270500,357.998700
615.652,17,0.289472,1.684100,0.175808,0.309940,-0.239632,0.063357,0.917878,36.822560,329.968300,357.692200
615.764,17,0.290345,1.682622,0.171365,0.311950,-0.238708,0.063803,0.917407,37.072860,330.062700,357.711200
615.875,17,0.288105,1.682698,0.162542,0.312133,-0.226467,0.064712,0.920379,37.147750,331.815400,358.400000
615.986,17,0.282777,1.682253,0.149934,0.307106,-0.213561,0.073359,0.924498,36.810540,334.091800,0.319736
616.097,17,0.282127,1.681045,0.140196,0.300867,-0.203711,0.073097,0.928783,36.062120,335.563000,0.935872
616.208,17,0.289143,1.683760,0.132314,0.292367,-0.198840,0.082821,0.931732,35.292560,336.757000,2.673107
616.319,17,0.298459,1.688740,0.133334,0.286268,-0.207385,0.080950,0.931928,34.550850,335.604200,2.236698
616.430,17,0.312458,1.690014,0.149003,0.274472,-0.231995,0.081725,0.929605,33.244960,332.477800,1.685043
616.542,17,0.327626,1.682567,0.176086,0.266350,-0.274763,0.086180,0.919856,32.504530,326.979200,0.827576
616.652,17,0.346821,1.671703,0.216212,0.255415,-0.332354,0.098048,0.902602,31.752380,319.709200,0.486543
616.763,17,0.369338,1.671224,0.269911,0.239481,-0.409345,0.117211,0.872552,30.922490,309.891000,0.566719
616.874,17,0.388874,1.678905,0.321855,0.236122,-0.459910,0.132261,0.845716,31.402110,303.047300,0.437667
616.985,17,0.412972,1.684093,0.376752,0.238562,-0.513422,0.155552,0.809500,33.090210,295.370100,0.470055
617.097,17,0.431748,1.684730,0.405403,0.245166,-0.541674,0.168779,0.786128,34.632400,290.858000,359.983600
617.208,17,0.455813,1.685433,0.425846,0.245602,-0.567154,0.176895,0.765979,35.233170,286.796100,359.467300
617.319,17,0.472206,1.686470,0.431658,0.248443,-0.567282,0.165595,0.767493,34.696890,286.458200,358.070100
617.430,17,0.485012,1.688836,0.423812,0.245918,-0.554741,0.165225,0.777488,34.451620,288.640900,358.893600
617.541,17,0.492922,1.687346,0.402167,0.228636,-0.583241,0.178115,0.758835,33.694320,284.983700,0.249343
617.652,17,0.503965,1.684871,0.377670,0.224508,-0.612556,0.182715,0.735518,33.649160,280.292900,359.568600
617.764,17,0.512526,1.686056,0.372549,0.229711,-0.586354,0.180016,0.755656,33.936320,284.436700,0.184757
617.875,17,0.513304,1.683127,0.385960,0.236428,-0.550658,0.179007,0.780278,34.478920,289.986400,1.318572
617.986,17,0.499900,1.675048,0.421558,0.247902,-0.530500,0.175724,0.791351,35.366020,292.664600,1.060660
618.097,17,0.481265,1.663064,0.462599,0.256920,-0.531449,0.168434,0.789420,35.779220,291.939100,359.495100
618.208,17,0.453917,1.641644,0.528875,0.261714,-0.521313,0.155537,0.797212,35.411890,293.078500,358.250800
618.319,17,0.428034,1.614670,0.585704,0.264089,-0.499121,0.160021,0.809647,35.971110,296.591500,359.681200
618.430,17,0.386175,1.574547,0.656345,0.261623,-0.475542,0.179789,0.820421,36.889640,300.908400,3.310089
618.541,17,0.346469,1.536170,0.711515,0.269555,-0.454951,0.186946,0.827896,38.055840,304.035600,4.682092
618.653,17,0.308258,1.493943,0.754567,0.269067,-0.451369,0.193774,0.828445,38.370340,304.825900,5.721859
618.765,17,0.271362,1.454199,0.788468,0.267750,-0.465316,0.189534,0.822112,38.070240,302.551000,4.550561
618.875,17,0.244536,1.422628,0.814831,0.263954,-0.468889,0.187598,0.821753,37.570410,302.078900,4.398577
618.987,17,0.219762,1.392200,0.838686,0.267229,-0.475747,0.184820,0.817371,37.785420,300.785900,3.472293
619.099,17,0.208427,1.380900,0.849429,0.274945,-0.477718,0.184062,0.813826,38.562900,300.120200,2.704560
619.209,17,0.201451,1.376626,0.856542,0.274998,-0.477492,0.186377,0.813413,38.708730,300.219600,2.981223
619.321,17,0.197994,1.377752,0.857140,0.275241,-0.482564,0.183687,0.810946,38.586330,299.318000,2.366556
619.431,17,0.198221,1.381989,0.855456,0.272564,-0.484267,0.182714,0.811055,38.249910,299.138600,2.364175
619.543,17,0.198659,1.387237,0.852212,0.267721,-0.490202,0.180805,0.809529,37.641380,298.353400,2.190055
619.654,17,0.198277,1.386134,0.850277,0.267213,-0.493707,0.182524,0.807177,37.705500,297.858300,2.231706
619.766,17,0.196026,1.376892,0.850942,0.270876,-0.494207,0.185473,0.804975,38.273840,297.687000,2.253174
619.876,17,0.192715,1.368291,0.854175,0.273970,-0.493956,0.188237,0.803440,38.770200,297.656500,2.338706
619.987,17,0.187097,1.361204,0.859095,0.279004,-0.497169,0.189913,0.799320,39.409990,296.933100,1.941708
620.099,17,0.183043,1.359422,0.863532,0.278874,-0.498935,0.188984,0.798485,39.341060,296.624600,1.742937
620.210,17,0.177749,1.358850,0.867955,0.278257,-0.503367,0.187829,0.796188,39.211410,295.895600,1.402437
620.321,17,0.175416,1.366654,0.864231,0.280824,-0.521985,0.192961,0.781943,39.838240,292.782300,0.641455
620.432,17,0.176300,1.393087,0.849246,0.277653,-0.563141,0.200820,0.751966,40.072090,286.049400,359.199100
620.543,17,0.183965,1.433823,0.824776,0.280121,-0.613911,0.207961,0.708094,40.695790,276.763400,356.262100
620.653,17,0.199865,1.466277,0.797562,0.331204,-0.635202,0.247819,0.652233,48.320400,267.728600,351.569500
620.764,17,0.221956,1.493856,0.776631,0.372621,-0.631268,0.294159,0.613290,55.938440,262.336400,348.711400
620.875,17,0.249662,1.504867,0.755733,0.415375,-0.615745,0.364419,0.561712,66.265570,255.120300,345.300600
620.990,17,0.260154,1.527061,0.721851,0.388192,-0.633831,0.367891,0.558768,64.181720,256.066700,349.286200
621.103,17,0.261805,1.551975,0.684653,0.345848,-0.661551,0.338056,0.573112,57.533120,257.682000,352.496000
621.209,17,0.269839,1.585480,0.635594,0.293611,-0.694976,0.285040,0.591230,48.019750,258.058600,353.901800
621.319,17,0.283869,1.613331,0.593333,0.260428,-0.707033,0.255895,0.605640,42.633270,259.391800,355.454700
621.427,17,0.310655,1.648592,0.526798,0.227181,-0.711285,0.226840,0.625305,37.359170,261.675800,357.152100
621.541,17,0.330566,1.668019,0.470703,0.216477,-0.709288,0.208434,0.637654,34.872730,263.005700,357.116500
621.656,17,0.341332,1.675502,0.434548,0.224750,-0.690841,0.202195,0.656767,35.070690,266.108300,356.852100
621.759,17,0.349381,1.677559,0.415669,0.249281,-0.625404,0.197337,0.712592,37.020530,276.722000,357.806300
621.860,17,0.354285,1.679275,0.413375,0.254881,-0.539491,0.187743,0.780216,36.891090,291.104000,1.285836
621.973,17,0.347757,1.681424,0.414256,0.255289,-0.481802,0.181431,0.818399,36.347690,300.219700,3.628213
622.084,17,0.324839,1.680595,0.414734,0.256075,-0.477388,0.170080,0.823164,35.730390,300.585700,2.507379
622.194,17,0.292438,1.682479,0.417039,0.246813,-0.489458,0.145994,0.823529,33.327960,298.526900,359.921200
622.304,17,0.242172,1.684733,0.427451,0.238198,-0.496164,0.125711,0.825397,31.195710,297.438400,358.067400
622.413,17,0.197411,1.684813,0.440974,0.244554,-0.492362,0.114672,0.827420,31.172550,297.535400,356.579200
622.525,17,0.165242,1.685967,0.453488,0.249659,-0.490102,0.105076,0.828510,31.110240,297.470100,355.269800
622.636,17,0.142656,1.687573,0.470411,0.267202,-0.466368,0.096416,0.837740,32.521950,300.048300,354.030900
622.747,17,0.112909,1.685916,0.494543,0.281611,-0.416259,0.084099,0.860437,33.685260,306.491300,353.810000
622.858,17,0.084624,1.675807,0.509306,0.287324,-0.373153,0.080325,0.878493,34.386360,312.394000,354.904000
622.969,17,0.039015,1.663923,0.517949,0.290757,-0.318418,0.069809,0.899554,34.580190,319.722800,355.850800
623.080,17,-0.010815,1.657180,0.514804,0.294846,-0.272732,0.056946,0.914024,34.753990,325.531800,356.040800
623.192,17,-0.063934,1.663647,0.510534,0.302558,-0.210563,0.026239,0.929211,34.982820,332.727200,354.491400
623.303,17,-0.104905,1.667068,0.504348,0.309962,-0.144452,0.000483,0.939711,35.639950,340.507200,353.738300
623.414,17,-0.124570,1.671233,0.500858,0.317694,-0.082716,-0.018299,0.944401,36.657710,347.921800,353.765400
623.525,17,-0.128615,1.673827,0.501040,0.322588,-0.005497,-0.032154,0.945977,37.587180,357.747500,355.339900
623.636,17,-0.119570,1.670054,0.502012,0.329049,0.038643,-0.043404,0.942523,38.581440,3.247226,355.863600
623.748,17,-0.104503,1.667447,0.499437,0.337158,0.077001,-0.052605,0.936818,39.777900,8.138625,356.520800
623.852,17,-0.098371,1.668843,0.496414,0.329681,0.110367,-0.055599,0.935969,39.007010,12.632330,357.691100
623.965,17,-0.093474,1.674975,0.495024,0.325235,0.174102,-0.074431,0.926483,38.944400,20.642780,358.182300
624.077,17,-0.094490,1.676963,0.498703,0.306401,0.246215,-0.084723,0.915597,37.070720,30.000260,359.693800
624.188,17,-0.108193,1.668955,0.507310,0.293533,0.349954,-0.113015,0.882382,36.663670,43.408650,0.428578
624.300,17,-0.130220,1.665359,0.511595,0.283161,0.432597,-0.139963,0.844447,36.821440,54.455810,0.616009
624.411,17,-0.165976,1.667836,0.513733,0.262985,0.517799,-0.159366,0.798327,35.798440,66.343580,1.264144
624.523,17,-0.201009,1.668678,0.508422,0.259227,0.568562,-0.173146,0.761288,36.269250,74.233010,2.213834
624.634,17,-0.230315,1.671183,0.500731,0.245354,0.600645,-0.177653,0.739910,35.204200,78.846820,2.233659
624.745,17,-0.263797,1.673373,0.492006,0.231923,0.621900,-0.182333,0.725402,34.281540,81.726140,1.660036
624.856,17,-0.283254,1.696747,0.487774,0.174625,0.637691,-0.151387,0.734805,26.724840,81.908890,0.014957
624.968,17,-0.318693,1.758796,0.478553,-0.008734,0.661465,-0.016540,0.749742,0.503307,82.831990,357.916400
625.081,17,-0.363270,1.799202,0.467003,-0.124292,0.678261,0.103438,0.716808,341.427600,87.035370,358.772000
625.195,17,-0.394408,1.818219,0.460224,-0.186202,0.685341,0.167852,0.683712,331.007900,90.571720,358.316400
625.307,17,-0.419317,1.829129,0.459987,-0.225158,0.684190,0.204013,0.662998,324.709200,92.642030,357.361100
625.419,17,-0.428781,1.832067,0.465783,-0.232306,0.679382,0.216391,0.661550,323.030600,92.227430,357.895300
625.530,17,-0.428631,1.832132,0.474781,-0.221808,0.676443,0.214696,0.668679,324.048800,90.958950,359.082900
625.642,17,-0.421725,1.828719,0.479914,-0.200201,0.677893,0.191966,0.680830,327.800400,89.948490,359.320400
625.752,17,-0.412680,1.821111,0.482473,-0.156288,0.681699,0.156172,0.697475,334.472900,88.620720,0.302792
625.863,17,-0.402356,1.802059,0.485282,-0.081563,0.683610,0.085417,0.720229,346.451300,86.930920,0.679191
625.972,17,-0.395701,1.767730,0.488771,0.046815,0.671490,-0.030159,0.738918,6.297295,84.583820,1.055001
626.082,17,-0.386163,1.749206,0.493424,0.089672,0.648515,-0.077668,0.751901,13.626170,81.552050,359.971100
626.192,17,-0.381363,1.740967,0.493510,0.104052,0.644751,-0.089848,0.751928,15.803430,81.216000,359.943800
626.303,17,-0.377319,1.744431,0.492149,0.083015,0.645945,-0.077832,0.754855,13.054560,81.039530,359.396600
626.414,17,-0.374862,1.745764,0.489251,0.069253,0.646264,-0.072893,0.756462,11.477880,80.894100,358.785600
626.526,17,-0.361629,1.749854,0.476117,0.049718,0.648706,-0.057755,0.757214,8.640078,81.072880,358.669300
626.638,17,-0.345546,1.762526,0.461358,-0.011260,0.641180,-0.021768,0.766999,0.609734,79.773970,357.258300
626.749,17,-0.314250,1.782484,0.434591,-0.107700,0.614504,0.045739,0.780189,347.040300,76.858090,356.411700
626.862,17,-0.269443,1.793888,0.403724,-0.179190,0.578468,0.104656,0.788868,336.184400,73.061820,357.356700
626.975,17,-0.212207,1.803884,0.372436,-0.220861,0.543590,0.138498,0.797840,329.801600,68.877330,358.732500
627.087,17,-0.127263,1.825619,0.336108,-0.240468,0.499856,0.149993,0.818426,327.073700,62.725960,0.349323
627.198,17,-0.071654,1.838849,0.312654,-0.263428,0.470666,0.151563,0.828316,324.614500,59.142490,0.218625
627.309,17,-0.018348,1.851358,0.290804,-0.297626,0.433850,0.154855,0.836189,320.793900,54.825280,0.053608
627.421,17,0.018028,1.854873,0.283172,-0.312682,0.409030,0.151103,0.843856,319.358200,51.742090,359.941500
627.531,17,0.045548,1.853711,0.288126,-0.309975,0.389397,0.136591,0.856521,320.403500,49.094220,359.448300
627.642,17,0.062267,1.850238,0.302419,-0.303444,0.362791,0.125225,0.872137,321.672900,45.216930,359.872500
627.753,17,0.069952,1.845777,0.322461,-0.300180,0.332191,0.115525,0.886677,322.477200,40.943340,0.392492
627.865,17,0.073881,1.841431,0.345991,-0.305020,0.304788,0.115414,0.894845,321.957600,37.100780,1.500501
627.976,17,0.081226,1.842746,0.364923,-0.306581,0.283076,0.113669,0.901640,321.887700,34.069780,2.287622
628.087,17,0.100611,1.845485,0.392937,-0.321928,0.245706,0.103257,0.908476,320.530300,29.484800,2.183673
628.198,17,0.126136,1.845286,0.422585,-0.320370,0.214859,0.093366,0.917868,321.079900,25.471670,2.484555
628.309,17,0.172635,1.842442,0.467024,-0.315133,0.182059,0.077093,0.928225,322.186000,21.488780,2.058323
628.421,17,0.217111,1.843810,0.506495,-0.311655,0.145708,0.059177,0.937090,323.033800,17.194690,1.440613
628.532,17,0.251983,1.846792,0.541708,-0.312226,0.116980,0.042431,0.941823,323.269600,13.997200,0.491621
628.643,17,0.275151,1.848533,0.572319,-0.305388,0.093742,0.032358,0.947050,324.232100,11.213900,0.284842
628.753,17,0.288810,1.846417,0.594208,-0.292723,0.075047,0.023955,0.952947,325.840900,8.969205,0.119027
628.865,17,0.297633,1.841602,0.610079,-0.264739,0.060059,0.017642,0.962286,329.227600,7.103161,0.143581
628.976,17,0.301970,1.833742,0.618163,-0.223402,0.045472,0.013676,0.973569,334.135900,5.256048,0.401850
629.087,17,0.298922,1.816706,0.613483,-0.143821,0.041179,0.010418,0.988692,343.426400,4.693790,0.523460
629.198,17,0.290348,1.801061,0.599129,-0.081157,0.045869,0.009003,0.995605,350.652300,5.225945,0.608679
629.309,17,0.272558,1.771605,0.571103,-0.009315,0.045450,-0.000970,0.998923,358.938700,5.211661,359.840400
629.419,17,0.253462,1.737074,0.543389,0.027896,0.030307,-0.006500,0.999130,3.218135,3.456701,359.351700
629.529,17,0.228090,1.684323,0.518090,0.084132,0.009839,-0.013697,0.996312,9.666539,1.005566,358.509800
629.640,17,0.214783,1.642035,0.512069,0.137136,-0.005020,-0.018596,0.990365,15.750080,359.104400,357.724600
629.750,17,0.205087,1.586864,0.523875,0.182688,-0.027753,-0.023226,0.982505,20.958700,356.130400,356.575600
629.861,17,0.201308,1.520430,0.534552,0.183401,-0.051237,-0.023644,0.981417,20.950600,353.282400,355.996400
629.973,17,0.202419,1.447996,0.528902,0.200909,-0.056508,-0.016796,0.977835,23.017500,352.680400,356.539600
630.085,17,0.204839,1.377179,0.516972,0.200156,-0.056606,-0.012635,0.978046,22.960230,352.776100,357.050700
630.196,17,0.201976,1.312975,0.499225,0.199087,-0.053166,-0.008769,0.978499,22.872380,353.297500,357.615800
630.307,17,0.188663,1.241031,0.475794,0.207992,-0.074951,-0.003984,0.975247,23.896790,350.693800,357.558400
630.418,17,0.174628,1.200935,0.461346,0.214326,-0.103624,-0.002668,0.971246,24.568030,347.139300,356.873600
630.529,17,0.155088,1.188992,0.441717,0.232483,-0.126953,0.003961,0.964271,26.702530,344.216700,356.702200
630.640,17,0.139899,1.220019,0.423424,0.232383,-0.138995,0.012510,0.962560,26.797730,342.946600,357.398300
630.751,17,0.121418,1.274984,0.398177,0.260478,-0.143401,0.019594,0.954570,30.192600,342.246000,357.526900
630.862,17,0.108088,1.333939,0.370554,0.287375,-0.136511,0.032838,0.947472,33.609120,343.265200,358.883100
630.972,17,0.096626,1.409425,0.331057,0.295676,-0.128791,0.033006,0.945991,34.604990,344.197000,359.045300
631.083,17,0.087485,1.482713,0.281277,0.305789,-0.122003,0.029040,0.943804,35.753180,344.817800,358.602100
631.194,17,0.081444,1.529084,0.235362,0.310974,-0.111116,0.027097,0.943512,36.358550,346.146500,358.721000
631.304,17,0.077862,1.564748,0.178583,0.320590,-0.083119,0.028148,0.943144,37.546440,349.922200,359.985600
631.415,17,0.075329,1.579426,0.143631,0.322259,-0.063439,0.033499,0.943929,37.779940,352.864800,1.620692
631.527,17,0.073402,1.589272,0.119239,0.317090,-0.069080,0.031147,0.945363,37.145010,352.005600,1.084092
631.638,17,0.077309,1.592807,0.116901,0.317660,-0.067966,0.031810,0.945231,37.217880,352.185300,1.220037
631.748,17,0.082718,1.590868,0.123884,0.317964,-0.070811,0.029990,0.944979,37.242250,351.711700,0.838410
631.860,17,0.087990,1.585229,0.132031,0.321748,-0.076532,0.026771,0.943347,37.671820,350.754800,0.091179
631.971,17,0.093349,1.581564,0.137635,0.325920,-0.073674,0.027681,0.942116,38.183920,351.161300,0.301301
632.082,17,0.097811,1.580220,0.139669,0.326843,-0.075584,0.024997,0.941720,38.270010,350.763500,359.830200
632.193,17,0.100006,1.582098,0.138744,0.324521,-0.071923,0.023663,0.942843,37.977310,351.224000,359.850300
632.305,17,0.100823,1.585325,0.134702,0.322026,-0.068787,0.021999,0.943972,37.661360,351.596200,359.799600
632.416,17,0.101008,1.589138,0.129430,0.317937,-0.064869,0.020651,0.945665,37.157110,352.098800,359.842500
632.527,17,0.102816,1.592326,0.121651,0.314572,-0.058132,0.020039,0.947240,36.746790,353.009300,0.099437
632.638,17,0.105003,1.593561,0.118354,0.308309,-0.053120,0.018347,0.949625,35.980160,353.644800,0.148026
632.748,17,0.110966,1.585979,0.123537,0.298579,-0.059251,0.012213,0.952466,34.765600,352.616100,359.154800
632.860,17,0.119515,1.568947,0.137429,0.291764,-0.056870,0.011626,0.954728,33.947460,352.950600,359.241100
632.971,17,0.128182,1.539529,0.169733,0.285343,-0.059682,0.011914,0.956491,33.180450,352.629300,359.228600
633.082,17,0.131544,1.510114,0.209585,0.273662,-0.063676,0.009013,0.959674,31.762560,352.071200,358.817100
633.194,17,0.131021,1.476101,0.254620,0.275078,-0.066142,0.010715,0.959084,31.942230,351.803800,358.930700
633.305,17,0.128010,1.443129,0.297441,0.282125,-0.066839,0.017247,0.956891,32.835720,351.914200,359.679000
633.416,17,0.124637,1.419468,0.327624,0.286350,-0.068278,0.019825,0.955484,33.360980,351.800300,359.916500
633.528,17,0.120661,1.400166,0.354471,0.289798,-0.073099,0.023025,0.954015,33.800900,351.269600,0.107897
633.639,17,0.118580,1.391714,0.365911,0.291671,-0.072673,0.025125,0.953423,34.043560,351.399100,0.381444
633.750,17,0.119013,1.391462,0.368654,0.296488,-0.071399,0.024001,0.952062,34.609260,351.495300,0.234079
633.862,17,0.121079,1.410712,0.351127,0.292075,-0.068935,0.022796,0.953636,34.070210,351.799000,0.221994
633.973,17,0.125167,1.451992,0.311117,0.275617,-0.064349,0.017995,0.958943,32.067470,352.303300,359.935200
634.083,17,0.129807,1.508956,0.248224,0.254300,-0.059704,0.012530,0.965199,29.498250,352.813700,359.593300
634.195,17,0.134954,1.559946,0.179858,0.252796,-0.050412,0.003955,0.966197,29.268320,353.720400,358.827800
634.306,17,0.140325,1.617271,0.090209,0.258303,-0.035337,-0.007503,0.965389,29.880600,355.229800,357.835900
634.417,17,0.145328,1.650941,0.025422,0.264341,-0.029807,-0.009314,0.963924,30.600780,355.843400,357.755200
634.528,17,0.154171,1.681961,-0.043476,0.260320,-0.024697,-0.019860,0.965002,30.095210,356.155800,356.608200
634.639,17,0.160724,1.696429,-0.083075,0.260260,-0.018324,-0.026492,0.965001,30.088160,356.743200,355.979300
634.750,17,0.164346,1.707991,-0.111784,0.235408,-0.018018,-0.039613,0.970922,27.109820,356.545400,354.494300
634.861,17,0.163852,1.709973,-0.124060,0.232140,-0.022654,-0.038757,0.971646,26.702600,356.019300,354.486400
634.972,17,0.162584,1.709707,-0.129715,0.233061,-0.021353,-0.036003,0.971561,26.828900,356.255800,354.862200
635.083,17,0.160383,1.709028,-0.132124,0.236476,-0.020627,-0.032547,0.970873,27.247400,356.424400,355.293100
635.195,17,0.159281,1.709855,-0.132371,0.234885,-0.021713,-0.032272,0.971245,27.055990,356.308600,355.305400
635.306,17,0.159061,1.710524,-0.131061,0.233073,-0.017088,-0.031496,0.971799,26.867170,356.922400,355.552100
635.417,17,0.159076,1.709724,-0.129749,0.236266,-0.016454,-0.030048,0.971084,27.250420,357.024000,355.733900
635.528,17,0.160473,1.709694,-0.127084,0.236250,-0.015650,-0.032714,0.971016,27.243980,357.043900,355.424300
635.639,17,0.161656,1.709276,-0.125450,0.236326,-0.010995,-0.034745,0.970990,27.269470,357.564300,355.310400
635.750,17,0.161412,1.709017,-0.124706,0.236709,-0.007903,-0.035852,0.970887,27.326990,357.915200,355.263500
635.861,17,0.158958,1.709056,-0.124880,0.237255,-0.008333,-0.034389,0.970803,27.392440,357.902500,355.431200
635.973,17,0.156521,1.709291,-0.125314,0.236771,-0.010149,-0.032306,0.970975,27.331740,357.741600,355.639500
636.083,17,0.153045,1.711727,-0.127570,0.232871,-0.010282,-0.031771,0.971934,26.873190,357.765200,355.721600
636.195,17,0.148834,1.715515,-0.132865,0.227236,-0.012066,-0.028423,0.973350,26.210720,357.674300,356.113300
636.306,17,0.145190,1.719637,-0.144109,0.218470,-0.017770,-0.024410,0.975377,25.170500,357.129100,356.491700
636.417,17,0.146972,1.721599,-0.151820,0.212414,-0.012789,-0.026039,0.976749,24.474230,357.730200,356.453500
636.528,17,0.152070,1.722498,-0.159970,0.211098,-0.003101,-0.029458,0.977016,24.350030,358.836700,356.295000
636.639,17,0.154711,1.722705,-0.165242,0.211414,0.000221,-0.032512,0.976856,24.397020,359.162300,356.006500
636.750,17,0.155172,1.723189,-0.169859,0.209936,-0.000097,-0.030767,0.977231,24.224020,359.176500,356.216600
636.861,17,0.154586,1.723964,-0.173117,0.205569,-0.002027,-0.030539,0.978164,23.705510,358.966100,356.206500
636.972,17,0.153554,1.724216,-0.175704,0.204929,-0.004703,-0.029467,0.978322,23.621740,358.669200,356.271200
637.084,17,0.152155,1.724320,-0.177646,0.204946,-0.004650,-0.029945,0.978304,23.623200,358.663400,356.214100
637.195,17,0.150769,1.724412,-0.178907,0.204593,-0.001629,-0.029932,0.978388,23.593530,359.034900,356.293800
637.306,17,0.147984,1.724258,-0.179830,0.206136,-0.002643,-0.029048,0.978089,23.771120,358.926500,356.371800
637.417,18,0.146233,1.724128,-0.180179,0.205960,-0.005847,-0.028485,0.978128,23.739350,358.549400,356.358900
637.528,18,0.144992,1.724529,-0.179911,0.203879,-0.004596,-0.027661,0.978595,23.501590,358.733200,356.498300
637.639,18,0.143828,1.725284,-0.178964,0.198479,-0.003574,-0.027090,0.979724,22.874550,358.895800,356.608900
637.750,18,0.144021,1.726596,-0.176577,0.193254,-0.000335,-0.026679,0.980786,22.275740,359.320900,356.750000
637.862,18,0.145933,1.726577,-0.174647,0.192602,0.011109,-0.028616,0.980797,22.237260,0.666590,356.788600
637.972,18,0.146673,1.729065,-0.172305,0.183924,0.022200,-0.027750,0.982298,21.257950,2.054175,357.149200
638.084,18,0.152468,1.736391,-0.168898,0.151176,0.060663,-0.018628,0.986468,17.488870,6.867856,358.894000
638.195,18,0.161137,1.744422,-0.166254,0.116290,0.110105,-0.014659,0.986985,13.460900,12.707660,359.803900
638.307,18,0.175813,1.751392,-0.160267,0.085640,0.168544,-0.013380,0.981876,9.944053,19.493510,0.150799
638.418,18,0.188279,1.754532,-0.150201,0.072663,0.199325,-0.017549,0.977078,8.568489,23.037200,359.691300
638.529,18,0.204772,1.756285,-0.127431,0.064448,0.218149,-0.026470,0.973425,7.875426,25.169820,358.645500
638.641,18,0.220656,1.757678,-0.097589,0.061276,0.225772,-0.030934,0.971759,7.646401,26.033920,358.123600
638.752,18,0.238253,1.757842,-0.061394,0.058619,0.228181,-0.031730,0.971335,7.374744,26.309870,357.983900
638.863,18,0.258458,1.758341,-0.021602,0.055419,0.227675,-0.035241,0.971520,7.107356,26.223320,357.502600
638.974,18,0.279702,1.758077,0.012942,0.060308,0.229531,-0.035658,0.970777,7.669613,26.444380,357.597400
639.086,18,0.311289,1.757055,0.051590,0.066644,0.249540,-0.036344,0.965385,8.442304,28.828210,357.861500
639.197,18,0.337510,1.755870,0.076662,0.075580,0.289307,-0.042230,0.953313,9.702871,33.581970,357.861200
639.308,18,0.371320,1.750465,0.107988,0.081934,0.358963,-0.050751,0.928362,10.868980,42.082660,357.933700
639.419,18,0.394915,1.743571,0.134318,0.087011,0.421888,-0.058004,0.900597,11.868520,50.012800,358.181300
639.530,18,0.421667,1.734550,0.175580,0.090211,0.500402,-0.063074,0.858767,12.595420,60.341600,358.940400
639.641,18,0.440963,1.729255,0.224872,0.096353,0.551054,-0.069263,0.825990,13.621560,67.360020,359.514800
639.752,18,0.456618,1.728197,0.283683,0.100609,0.585324,-0.076692,0.800870,14.532510,72.285000,359.700300
639.864,18,0.471235,1.729832,0.344154,0.107872,0.615296,-0.074969,0.777273,15.067010,76.858030,0.961530
639.976,18,0.483102,1.727909,0.393085,0.112311,0.634674,-0.075120,0.760876,15.442070,79.893070,1.679312
640.087,18,0.496812,1.725225,0.447665,0.117295,0.651047,-0.073302,0.746329,15.695640,82.554040,2.578776
640.197,18,0.506916,1.722168,0.483279,0.119495,0.662581,-0.068029,0.736260,15.432870,84.438810,3.460013
640.308,18,0.520076,1.718281,0.520214,0.123233,0.675051,-0.058513,0.725049,14.933530,86.544350,4.840179
640.420,18,0.528953,1.716068,0.539481,0.125093,0.684976,-0.056052,0.715554,14.821590,88.202720,5.410521
640.531,18,0.534242,1.716478,0.550705,0.121919,0.699037,-0.048200,0.702965,13.815590,90.415050,6.070112
640.643,18,0.531561,1.721708,0.551496,0.108574,0.709722,-0.046135,0.694534,12.491950,91.818820,5.290892
640.753,18,0.524109,1.732935,0.547661,0.069132,0.716361,-0.037086,0.693306,8.568571,92.080830,2.760503
640.865,18,0.515331,1.747146,0.537249,0.021235,0.727958,-0.010945,0.685205,2.581241,93.486270,0.912984
640.976,18,0.508985,1.760697,0.517704,-0.009839,0.753785,0.005588,0.657024,358.776500,97.851650,359.570700
641.088,18,0.502137,1.777631,0.489464,-0.056483,0.775437,0.029791,0.628187,353.271400,102.147900,357.104400
641.199,18,0.502374,1.786313,0.464279,-0.075635,0.793395,0.040307,0.602644,351.076200,105.884800,355.853200
641.310,18,0.512794,1.793552,0.427370,-0.101298,0.810616,0.048328,0.574722,348.767600,109.953300,353.638600
641.421,18,0.532779,1.800222,0.389940,-0.124665,0.818074,0.060311,0.558190,346.240300,112.364200,351.913000
641.532,18,0.563749,1.806174,0.350185,-0.138401,0.819141,0.061762,0.553207,345.267200,113.155200,350.573000
641.644,18,0.602881,1.814502,0.312083,-0.145449,0.815607,0.060291,0.556772,344.911400,112.708800,349.851800
641.755,18,0.640440,1.818643,0.283788,-0.143698,0.806610,0.062497,0.569935,344.655700,110.805600,350.414900
641.867,18,0.686098,1.820154,0.264131,-0.134097,0.759727,0.059328,0.633493,344.927200,101.368300,352.347300
641.978,18,0.714331,1.821011,0.268794,-0.127054,0.676421,0.058981,0.723072,344.720300,86.872860,354.850100
642.089,18,0.727528,1.818035,0.293928,-0.113110,0.514742,0.053052,0.848194,345.729800,62.700220,358.436200
642.200,18,0.715381,1.813464,0.316592,-0.100262,0.371724,0.039171,0.922082,347.641900,43.926860,359.865000
642.310,18,0.674143,1.807147,0.339505,-0.090124,0.190130,0.030141,0.977149,349.187800,21.885610,1.437062
642.420,18,0.628116,1.802764,0.348036,-0.074695,0.061019,0.025080,0.995022,351.274200,6.837925,2.365411
642.530,18,0.562399,1.798017,0.342303,-0.064359,-0.082606,0.028580,0.994091,352.921100,350.258500,3.897631
642.641,18,0.508241,1.794251,0.326902,-0.046688,-0.163478,0.027564,0.985056,355.240800,340.987900,4.003083
642.751,18,0.462246,1.788593,0.304740,-0.020383,-0.208518,0.024963,0.977487,358.313100,335.867900,3.286393
642.862,18,0.433665,1.780033,0.283670,0.008732,-0.205124,0.018796,0.978517,1.421040,336.344900,1.903271
642.973,18,0.425526,1.770448,0.267032,0.043594,-0.157024,0.010840,0.986573,5.130389,341.933100,0.442905
643.085,18,0.432108,1.762111,0.260331,0.062689,-0.092074,-0.001451,0.993776,7.142087,349.361200,359.166800
643.196,18,0.442659,1.759855,0.263801,0.078965,-0.052701,-0.004009,0.995475,9.020804,353.864500,359.054100
643.307,18,0.460338,1.755630,0.286288,0.079522,-0.029943,-0.005352,0.996369,9.099336,356.486100,359.104800
643.419,18,0.477924,1.747518,0.313680,0.088668,-0.027630,-0.006235,0.995659,10.149700,356.731400,358.992100
643.529,18,0.506007,1.739150,0.362812,0.091584,-0.035764,-0.008996,0.995114,10.464670,355.752900,358.575000
643.641,18,0.534851,1.734443,0.423386,0.090021,-0.054185,-0.005935,0.994447,10.276540,353.649400,358.744400
643.752,18,0.563864,1.731353,0.491642,0.090494,-0.079240,0.000443,0.992740,10.354870,350.801700,359.215900
643.863,18,0.587433,1.729166,0.557118,0.089572,-0.097311,0.000542,0.991215,10.234440,348.700800,359.047500
643.975,18,0.600544,1.723044,0.612425,0.090123,-0.108855,-0.000391,0.989964,10.273730,347.343300,358.812300
644.086,18,0.608172,1.707579,0.677733,0.094730,-0.125687,0.000228,0.987537,10.786880,345.364900,358.637300
644.198,18,0.606714,1.692172,0.723882,0.095193,-0.138084,-0.000538,0.985835,10.809250,343.902200,358.404400
644.309,18,0.595780,1.668514,0.778557,0.088245,-0.155880,0.000343,0.983826,10.005460,341.856800,358.438500
644.420,18,0.583020,1.647552,0.818065,0.082557,-0.171824,-0.002176,0.981660,9.284543,339.989800,358.104600
644.531,18,0.566529,1.623516,0.858786,0.075762,-0.188247,-0.004789,0.979184,8.427971,338.073600,357.804100
644.642,18,0.553956,1.611768,0.877587,0.067573,-0.206289,-0.003603,0.976149,7.494729,336.002400,357.981900
644.753,18,0.549162,1.617311,0.874143,0.061102,-0.228549,-0.008021,0.971580,6.607399,333.380600,357.489300
644.864,18,0.557269,1.643560,0.850127,0.041680,-0.240246,-0.013283,0.969726,4.269810,332.072600,357.368300
644.976,18,0.569939,1.670165,0.811685,0.017784,-0.238349,-0.013800,0.970919,1.601961,332.386400,357.977700
645.087,18,0.588660,1.701493,0.737375,-0.009039,-0.243483,-0.018606,0.969685,358.476300,331.833600,358.183800
645.197,18,0.606285,1.722596,0.662183,-0.025042,-0.250459,-0.023702,0.967513,356.541300,331.030800,358.087000
645.308,18,0.634270,1.744924,0.554534,-0.040306,-0.254969,-0.027873,0.965707,354.717800,330.508500,358.084700
645.419,18,0.656745,1.758567,0.473178,-0.050537,-0.261290,-0.029995,0.963470,353.508400,329.755800,358.189600
645.530,18,0.686861,1.769703,0.379430,-0.060279,-0.270162,-0.035441,0.960272,352.246200,328.712400,357.947000
645.641,18,0.715266,1.776647,0.304828,-0.067152,-0.276019,-0.042369,0.957867,351.255100,328.045800,357.442900
645.752,18,0.741953,1.783203,0.238220,-0.074261,-0.273851,-0.045354,0.957828,350.380800,328.314800,357.313600
645.863,18,0.768607,1.787944,0.178029,-0.077778,-0.273138,-0.038578,0.958049,350.206100,328.331100,358.172200
645.975,18,0.791162,1.795295,0.132914,-0.092780,-0.273759,-0.040605,0.956452,348.479900,328.213800,358.428300
646.086,18,0.819749,1.806179,0.087289,-0.115555,-0.272318,-0.042798,0.954284,345.885900,328.283500,358.892300
646.197,18,0.843148,1.813469,0.060473,-0.137532,-0.271639,-0.049932,0.951212,343.215600,328.303300,358.786700
646.309,18,0.872313,1.817819,0.035403,-0.151616,-0.277589,-0.055214,0.947052,341.468300,327.528600,358.766700
646.420,18,0.894898,1.821008,0.024200,-0.159878,-0.283842,-0.062809,0.943360,340.287500,326.802000,358.311200
646.531,18,0.923693,1.826573,0.015762,-0.169458,-0.289848,-0.064553,0.939737,339.150500,325.977300,358.584100
646.643,18,0.947962,1.829721,0.011881,-0.178810,-0.285698,-0.061721,0.939465,338.207900,326.334100,359.148600
646.753,18,0.967778,1.830531,0.012289,-0.168446,-0.287922,-0.063688,0.940569,339.295800,326.215000,358.602800
646.864,18,0.981480,1.829822,0.014611,-0.153496,-0.295197,-0.062626,0.940944,340.983800,325.440600,358.349400
646.975,18,0.988300,1.829439,0.017912,-0.151563,-0.301207,-0.064713,0.939210,341.114200,324.742500,358.167600
647.086,18,0.989039,1.830778,0.021706,-0.172415,-0.298617,-0.070811,0.935995,338.589300,324.955100,358.178900
647.197,18,0.982028,1.835022,0.025617,-0.202080,-0.293704,-0.075748,0.931216,335.111400,325.301500,358.586800
647.309,18,0.962900,1.837612,0.037854,-0.222252,-0.291594,-0.077278,0.927149,332.794200,325.295900,359.118500
647.420,18,0.938706,1.834920,0.055731,-0.233365,-0.286757,-0.078992,0.925782,331.484800,325.785600,359.190100
647.531,18,0.915565,1.829181,0.080133,-0.237251,-0.286062,-0.079265,0.924985,331.036300,325.814800,359.286100
647.643,18,0.899084,1.836069,0.109188,-0.246302,-0.286170,-0.089415,0.921655,329.656300,325.930800,358.416300
647.754,18,0.889409,1.845915,0.134437,-0.263302,-0.285038,-0.097993,0.916419,327.421600,326.031400,357.993600
647.866,18,0.881967,1.877312,0.169081,-0.266138,-0.301200,-0.102276,0.909939,326.910400,323.894200,358.234800
647.977,18,0.877988,1.908464,0.200248,-0.276563,-0.308930,-0.105314,0.903872,325.596100,322.680000,358.645500
648.087,18,0.869263,1.930903,0.243490,-0.273387,-0.318659,-0.110249,0.900867,325.748000,321.561500,358.308100
648.199,18,0.863788,1.933794,0.269405,-0.263253,-0.326263,-0.106120,0.901659,327.045400,320.610600,358.662400
648.310,18,0.858799,1.918666,0.290323,-0.234710,-0.336260,-0.103625,0.906147,330.326700,319.804700,358.024500
648.421,18,0.857363,1.898710,0.293553,-0.192451,-0.328801,-0.089715,0.920219,335.594500,321.200600,357.573200
648.531,18,0.859172,1.871949,0.276516,-0.145704,-0.324162,-0.074151,0.931768,341.361300,322.068500,357.355500
648.642,18,0.863136,1.834814,0.242541,-0.079075,-0.309206,-0.060021,0.945800,349.240000,324.147600,356.227700
648.752,18,0.868849,1.812073,0.194841,-0.028580,-0.276261,-0.044778,0.959614,355.434900,328.040000,355.964700
648.862,18,0.875213,1.797598,0.134907,0.009989,-0.236521,-0.036915,0.970874,0.110753,332.612700,355.618100
648.973,18,0.882058,1.784845,0.068182,0.043592,-0.214638,-0.030507,0.975243,4.124796,335.013700,355.502300
649.084,18,0.887431,1.779943,0.009285,0.057617,-0.200886,-0.032818,0.977368,5.706988,336.519600,354.966700
649.195,18,0.891073,1.777681,-0.033743,0.076499,-0.191645,-0.030842,0.977992,7.921058,337.466200,354.807000
649.306,18,0.896581,1.773807,-0.082969,0.097652,-0.192689,-0.023833,0.976098,10.454300,337.216500,355.090600
649.418,18,0.902555,1.770580,-0.115860,0.109842,-0.191848,-0.019164,0.975070,11.938040,337.250400,355.338100
649.528,18,0.911056,1.766360,-0.151077,0.117716,-0.190888,-0.016502,0.974388,12.891300,337.318900,355.463600
649.639,18,0.917180,1.767445,-0.172581,0.107759,-0.189412,-0.017858,0.975803,11.743980,337.573900,355.567200
649.750,18,0.921028,1.772869,-0.193896,0.080453,-0.184372,-0.018038,0.979392,8.681276,338.391200,356.229900
649.862,18,0.919589,1.775375,-0.206972,0.076664,-0.188536,-0.016691,0.978927,8.268003,337.939200,356.432000
649.973,18,0.913989,1.776857,-0.215406,0.070578,-0.194118,-0.018327,0.978264,7.525827,337.312300,356.341600
650.084,18,0.904583,1.776658,-0.216612,0.065739,-0.200162,-0.011597,0.977486,7.115772,336.678800,357.170200
650.195,18,0.892181,1.776886,-0.208461,0.064094,-0.204684,-0.009037,0.976686,6.978625,336.173100,357.465600
650.307,18,0.868784,1.773361,-0.185555,0.071572,-0.204342,-0.003080,0.976275,7.960457,336.214400,357.959400
650.418,18,0.843173,1.767686,-0.159941,0.081926,-0.200070,0.004739,0.976339,9.315538,336.727400,358.633900
650.528,18,0.798994,1.759337,-0.115976,0.090226,-0.202362,0.010793,0.975086,10.388710,336.469500,359.098900
650.639,18,0.757377,1.750337,-0.073617,0.103890,-0.206576,0.010930,0.972838,11.926260,335.890800,358.731700
650.750,18,0.698974,1.748584,-0.012106,0.118686,-0.204645,0.004879,0.971602,13.451860,335.940000,357.696100
650.862,18,0.650896,1.753491,0.034811,0.123807,-0.207368,0.009016,0.970355,14.123440,335.626500,357.999700
650.973,18,0.608612,1.751831,0.073008,0.135287,-0.213877,0.014087,0.967345,15.531200,334.816900,358.179100
651.084,18,0.569719,1.750626,0.108395,0.152634,-0.207428,0.021691,0.966026,17.691730,335.562100,358.712100
651.195,18,0.534770,1.748522,0.140032,0.162475,-0.196991,0.025037,0.966525,18.901140,336.802800,359.054300
651.307,18,0.485993,1.742222,0.178157,0.166648,-0.175037,0.024273,0.970052,19.378820,339.426500,359.316900
651.417,18,0.446147,1.735853,0.204840,0.169376,-0.154323,0.024001,0.973098,19.697110,341.918300,359.661300
651.529,18,0.393364,1.732930,0.241041,0.174837,-0.115870,0.011312,0.977690,20.150930,346.282800,358.877000
651.640,18,0.353245,1.737932,0.269527,0.180797,-0.084749,-0.001067,0.979862,20.740170,349.746300,357.994000
651.751,18,0.310365,1.742846,0.300538,0.181680,-0.046267,-0.014436,0.982163,20.826730,354.096700,357.230000
651.862,18,0.280952,1.746532,0.321600,0.176082,-0.006396,-0.023971,0.984063,20.257800,358.715500,356.979700
651.973,18,0.260879,1.752910,0.334235,0.154240,0.047328,-0.027381,0.986519,17.873270,5.119891,357.626000
652.085,18,0.252855,1.768907,0.334364,0.094935,0.161389,-0.019204,0.982126,11.108870,18.623420,359.586700
652.197,18,0.248924,1.781552,0.319292,0.039794,0.287429,-0.006234,0.956955,4.573902,33.461260,0.629068
652.308,18,0.239700,1.793733,0.288993,-0.013789,0.426808,0.010609,0.904175,358.052000,50.531260,0.425062
652.420,18,0.226670,1.801895,0.262783,-0.058735,0.498748,0.025031,0.864392,352.732100,60.025470,359.115400
652.532,18,0.212356,1.799515,0.246514,-0.067019,0.520222,0.014334,0.851277,352.587200,63.028590,357.380300
652.642,18,0.197959,1.795400,0.238375,-0.063359,0.527782,0.006654,0.846988,353.433700,64.040500,356.791200
652.753,18,0.186339,1.792202,0.238624,-0.049361,0.519963,0.002246,0.852759,355.036500,62.863280,357.267100
652.865,18,0.180885,1.789005,0.241735,-0.030638,0.507735,-0.003429,0.860962,357.175600,61.110580,357.876100
652.976,18,0.178662,1.787784,0.243636,-0.022631,0.503525,-0.004684,0.863672,358.030100,60.515280,358.229300
653.087,18,0.177217,1.784019,0.248185,-0.003790,0.485947,-0.009416,0.873930,0.144753,58.150840,358.845900
653.198,18,0.178038,1.781192,0.251623,0.008725,0.472309,-0.014949,0.881263,1.690477,56.362450,358.962000
653.308,18,0.179857,1.778057,0.255238,0.021257,0.457187,-0.019882,0.888894,3.208469,54.410920,359.087000
653.420,18,0.180640,1.775640,0.258396,0.031921,0.440169,-0.020346,0.897117,4.311864,52.251390,359.517100
653.531,18,0.181475,1.772762,0.261072,0.045501,0.423502,-0.023293,0.904452,5.856463,50.171340,359.793000
653.642,18,0.181775,1.770690,0.261701,0.054474,0.417954,-0.026452,0.906448,6.942176,49.499480,359.860400
653.752,18,0.181584,1.770487,0.262403,0.054472,0.415869,-0.025279,0.907440,6.885471,49.240920,359.967000
653.864,18,0.183202,1.770278,0.264440,0.051880,0.418965,-0.023001,0.906227,6.505778,49.629720,0.102847
653.975,18,0.188397,1.771965,0.267534,0.042722,0.428505,-0.016197,0.902384,5.220256,50.821610,0.424708
654.086,18,0.202352,1.774500,0.274836,0.034335,0.432429,-0.009442,0.900964,4.016043,51.304090,0.728373
654.197,18,0.219050,1.774172,0.286580,0.035849,0.413231,-0.013235,0.909824,4.368496,48.866090,0.318615
654.308,18,0.248222,1.771366,0.311883,0.041093,0.366994,-0.021332,0.929070,5.279469,43.084110,359.454700
654.420,18,0.275370,1.768842,0.336041,0.050772,0.325778,-0.024629,0.943761,6.423735,38.045040,359.227000
654.530,18,0.311165,1.768717,0.370281,0.061794,0.274324,-0.031745,0.959125,7.813766,31.815960,358.438800
654.642,18,0.339281,1.765436,0.402617,0.072856,0.244723,-0.035899,0.966185,9.111471,28.270870,358.043400
654.753,18,0.361370,1.759783,0.432091,0.085191,0.225250,-0.032708,0.970018,10.370250,26.013620,358.539200
654.864,18,0.377039,1.755371,0.454882,0.097695,0.207040,-0.032220,0.972909,11.738110,23.893400,358.698400
654.975,18,0.387199,1.754058,0.468452,0.101122,0.194289,-0.035145,0.975085,12.172820,22.354780,358.285600
655.086,18,0.397522,1.751582,0.482002,0.102434,0.188118,-0.033703,0.976209,12.279120,21.642690,358.401200
655.197,18,0.404363,1.748728,0.490874,0.103338,0.188249,-0.032328,0.976135,12.351880,21.677440,358.580000
655.308,18,0.412890,1.743244,0.503820,0.107435,0.183795,-0.028479,0.976661,12.728040,21.209630,359.052100
655.420,18,0.420999,1.736995,0.517147,0.111325,0.174894,-0.026994,0.977901,13.130590,20.186060,359.184800
655.530,18,0.433798,1.729711,0.533756,0.114467,0.167636,-0.029816,0.978727,13.536190,19.298770,358.822100
655.642,18,0.445276,1.723553,0.545414,0.119746,0.163068,-0.033724,0.978740,14.205450,18.719750,358.406300
655.753,18,0.454993,1.720338,0.553049,0.125187,0.162410,-0.036494,0.978069,14.876520,18.618170,358.178300
655.864,18,0.461178,1.719700,0.554918,0.125823,0.163976,-0.038059,0.977667,14.981480,18.783580,358.033200
655.975,18,0.461542,1.722241,0.550217,0.122285,0.171502,-0.040728,0.976716,14.645960,19.631770,357.771900
656.086,18,0.451515,1.732654,0.534263,0.103499,0.195505,-0.037241,0.974515,12.490860,22.481640,358.115000
656.198,18,0.433460,1.744159,0.514676,0.081880,0.232097,-0.027089,0.968862,9.859685,26.870690,359.157700
656.308,18,0.393830,1.757438,0.483270,0.050855,0.294020,-0.013599,0.954349,6.030819,34.258430,0.227434
656.420,18,0.350515,1.765098,0.456310,0.028240,0.347630,-0.005446,0.937191,3.251507,40.717790,0.541006
656.531,18,0.286338,1.773465,0.423330,0.001540,0.418480,-0.001512,0.908223,0.232780,49.477310,359.916500
656.643,18,0.227983,1.776369,0.396874,-0.010319,0.470279,0.000772,0.882457,358.914900,56.112640,359.521900
656.754,18,0.179503,1.779125,0.374792,-0.012362,0.500436,0.002758,0.865681,358.615400,60.068230,359.564500
656.865,18,0.125914,1.780835,0.348561,-0.013374,0.522616,0.002386,0.852460,358.550500,63.029480,359.431900
656.976,18,0.093092,1.781436,0.332642,-0.014578,0.530214,-0.005024,0.847723,358.889100,64.061720,358.625800
657.087,18,0.063089,1.781919,0.320270,-0.012360,0.538524,-0.015791,0.842372,359.781300,65.185480,357.712300
657.198,18,0.048459,1.781378,0.317717,-0.004945,0.541342,-0.022229,0.840494,0.902692,65.549870,357.551200
657.308,18,0.036382,1.778375,0.320601,0.007319,0.535310,-0.028847,0.844131,2.478265,64.711380,357.655700
657.420,18,0.030977,1.776244,0.325773,0.019420,0.526657,-0.036016,0.849093,4.066530,63.536160,357.661100
657.530,18,0.027664,1.773787,0.332911,0.031311,0.520355,-0.039186,0.852476,5.403225,62.707120,358.029900
657.642,18,0.027396,1.772338,0.338122,0.037415,0.517566,-0.042230,0.853781,6.177082,62.345050,358.075900
657.752,18,0.028834,1.770603,0.342016,0.042383,0.517098,-0.044156,0.853735,6.778630,62.297730,358.178500
657.863,18,0.030461,1.768723,0.344191,0.049231,0.515454,-0.048308,0.854137,7.695019,62.096660,358.162800
657.975,18,0.031579,1.768063,0.345524,0.050765,0.515563,-0.049490,0.853913,7.916365,62.115440,358.138500
658.086,18,0.032874,1.766180,0.347149,0.057473,0.512914,-0.052882,0.854880,8.772613,61.786210,358.176000
658.197,18,0.033669,1.765043,0.348119,0.062166,0.510306,-0.055840,0.855924,9.404841,61.453610,358.132900
658.308,18,0.032860,1.763187,0.349525,0.068373,0.505778,-0.058553,0.857954,10.168990,60.877930,358.177200
658.419,18,0.032494,1.762898,0.350220,0.070123,0.502148,-0.057883,0.859988,10.296430,60.408530,358.303200
658.530,18,0.031470,1.761414,0.349604,0.074387,0.499545,-0.060066,0.860996,10.842260,60.082920,358.301300
658.641,18,0.031174,1.760397,0.348154,0.077586,0.498413,-0.063325,0.861136,11.346910,59.939080,358.145800
658.752,19,0.029983,1.758000,0.347013,0.084236,0.497667,-0.068615,0.860537,12.314130,59.866700,357.991100
658.863,19,0.028723,1.754906,0.346798,0.096336,0.494306,-0.074849,0.860685,13.876320,59.497490,358.016300
658.974,19,0.026766,1.752773,0.346762,0.103077,0.490524,-0.078408,0.861751,14.748420,59.037720,357.984400
659.086,19,0.024556,1.751309,0.346302,0.109689,0.486640,-0.078807,0.863099,15.429080,58.595310,358.259500
659.197,19,0.023122,1.750579,0.346184,0.112561,0.483936,-0.078457,0.864280,15.694320,58.272710,358.412400
659.308,19,0.022943,1.749370,0.346460,0.116950,0.480932,-0.078716,0.865350,16.148010,57.926660,358.583600
659.419,19,0.025142,1.749044,0.346761,0.118072,0.481919,-0.078013,0.864712,16.223780,58.083680,358.739900
659.530,19,0.032508,1.749344,0.344836,0.114922,0.498256,-0.075418,0.856064,15.778360,60.280930,359.130500
659.642,19,0.042943,1.750905,0.340513,0.108691,0.517735,-0.072921,0.845470,15.028350,62.879440,359.361700
659.752,19,0.059983,1.752576,0.329326,0.092544,0.566476,-0.076052,0.815326,13.713670,69.445990,358.869500
659.864,19,0.084808,1.753448,0.305475,0.079462,0.645451,-0.079563,0.755479,12.871880,80.901620,358.963300
659.975,19,0.110897,1.755158,0.277984,0.065404,0.715656,-0.085917,0.690056,12.312210,91.928760,358.536000
660.086,19,0.152487,1.752996,0.238191,0.049617,0.784109,-0.100731,0.610381,12.623160,103.909400,357.347600
660.197,19,0.191330,1.752767,0.205395,0.038914,0.819635,-0.110216,0.560836,12.963020,110.836100,356.479800
660.308,19,0.243056,1.751176,0.159210,0.029308,0.857337,-0.111828,0.501606,12.776630,118.930600,356.358900
660.419,19,0.276510,1.749251,0.117994,0.024760,0.889692,-0.124059,0.438684,14.032480,127.035200,356.170800
660.530,19,0.306650,1.745178,0.062790,0.020191,0.926574,-0.136006,0.350079,15.436870,138.138600,356.561800
660.641,19,0.322816,1.741797,0.017169,0.010498,0.951727,-0.155493,0.264439,17.549280,148.365900,356.256300
660.752,19,0.332498,1.736969,-0.022269,0.001892,0.969616,-0.173932,0.172014,19.751710,159.284500,356.578600
660.863,19,0.342525,1.742978,-0.052584,-0.009050,0.985489,-0.147607,0.083313,16.823360,169.959600,357.459300
660.974,19,0.357756,1.763285,-0.071972,-0.010134,0.999289,-0.033732,-0.013443,3.881196,181.503800,358.888900
661.086,19,0.378259,1.764259,-0.078987,-0.002812,0.993750,-0.009856,-0.111157,1.158303,192.762700,359.805300
661.197,19,0.396395,1.750716,-0.089432,-0.026205,0.974507,-0.074560,-0.209976,8.993542,204.229000,358.853600
661.307,19,0.420209,1.739152,-0.109723,-0.051514,0.943700,-0.137432,-0.296460,16.853920,214.740200,359.057500
661.418,19,0.426917,1.731374,-0.127183,-0.066574,0.928406,-0.156479,-0.330372,19.544530,218.964200,358.770400
661.528,19,0.418153,1.722480,-0.147709,-0.084862,0.912712,-0.180833,-0.356449,22.991480,222.336000,358.382000
661.639,19,0.403797,1.716575,-0.161110,-0.092125,0.906675,-0.203029,-0.358095,25.730720,222.789000,358.623000
661.750,19,0.376141,1.707892,-0.172081,-0.100695,0.901240,-0.226836,-0.355208,28.711670,222.681700,358.670300
661.861,19,0.351236,1.701164,-0.175257,-0.107261,0.895579,-0.248248,-0.353279,31.361580,222.740400,358.878000
661.972,19,0.329800,1.699005,-0.178610,-0.115801,0.892079,-0.255666,-0.354148,32.559090,222.798600,358.264900
662.083,19,0.313903,1.691877,-0.185148,-0.121961,0.888465,-0.268652,-0.351541,34.272120,222.579500,358.070000
662.193,19,0.304503,1.687121,-0.195272,-0.123674,0.885823,-0.277115,-0.351042,35.294520,222.687400,358.276500
662.305,19,0.298208,1.684290,-0.212501,-0.124744,0.883462,-0.280237,-0.354121,35.697480,223.186600,358.452000
662.416,19,0.296155,1.681325,-0.234072,-0.126119,0.878334,-0.282370,-0.364541,36.013930,224.719500,358.889400
662.527,19,0.298338,1.675146,-0.274792,-0.127837,0.868702,-0.278979,-0.388825,35.740230,228.108500,359.636000
662.637,19,0.303968,1.668539,-0.317723,-0.132830,0.857748,-0.277911,-0.411570,35.880260,231.286200,0.062933
662.748,19,0.312049,1.662800,-0.385499,-0.143510,0.836610,-0.278618,-0.449289,36.522850,236.715500,0.729813
662.859,19,0.313131,1.664977,-0.443216,-0.161646,0.817336,-0.272609,-0.481163,36.954650,240.924800,359.863800
662.971,19,0.314661,1.667155,-0.505558,-0.184264,0.790805,-0.267952,-0.518533,37.943820,246.167400,359.015500
663.083,19,0.313464,1.669167,-0.546576,-0.194444,0.770594,-0.264150,-0.546445,38.287640,250.404100,359.197800
663.194,19,0.308773,1.670390,-0.573864,-0.204359,0.750049,-0.258857,-0.573286,38.507900,254.534100,359.285400
663.305,19,0.292259,1.666727,-0.600811,-0.214395,0.722609,-0.253606,-0.606264,38.790500,259.932200,359.827800
663.416,19,0.271844,1.661304,-0.616736,-0.226767,0.697846,-0.247638,-0.632663,39.239320,264.307300,359.766600
663.528,19,0.236213,1.652722,-0.631226,-0.251441,0.664457,-0.234222,-0.663637,40.165050,269.291300,358.255300
663.638,19,0.197477,1.649021,-0.637569,-0.267414,0.635942,-0.224446,-0.688252,40.811030,273.646300,357.639900
663.749,19,0.146699,1.640637,-0.644922,-0.305365,0.588318,-0.226806,-0.713578,44.641710,279.813200,357.130800
663.858,19,0.110380,1.630153,-0.653396,-0.327984,0.552190,-0.234400,-0.729774,47.525170,285.022400,358.294200
663.969,19,0.078077,1.621674,-0.658875,-0.355209,0.519627,-0.240423,-0.738925,50.787510,289.173100,358.745400
664.082,19,0.048834,1.608222,-0.658215,-0.373536,0.492904,-0.235050,-0.749846,52.363700,292.637100,358.523800
664.189,19,0.022138,1.581610,-0.652990,-0.386796,0.466334,-0.231175,-0.761236,53.561500,296.588400,359.151600
664.290,19,0.005246,1.544883,-0.645631,-0.403004,0.450430,-0.224602,-0.764366,54.926830,297.958600,358.035900
664.400,19,-0.001085,1.500577,-0.639007,-0.415589,0.433288,-0.217178,-0.769664,55.886440,299.844200,357.360100
664.510,19,0.003932,1.443976,-0.636200,-0.427350,0.406169,-0.212754,-0.779188,57.013710,304.044600,358.357900
664.622,19,0.005859,1.393565,-0.635635,-0.430878,0.391231,-0.200608,-0.788060,56.728890,306.013600,357.810200
664.733,19,0.005081,1.342950,-0.638627,-0.426115,0.390830,-0.209601,-0.788509,56.702030,307.126100,359.735700
664.844,19,0.003535,1.290839,-0.636981,-0.422793,0.403718,-0.210760,-0.783478,56.374380,304.859900,358.848800
664.945,19,0.006700,1.244397,-0.638240,-0.419670,0.405630,-0.215059,-0.783002,56.270960,305.024700,359.620500
665.053,19,0.008265,1.209831,-0.638013,-0.415964,0.405079,-0.219855,-0.783932,56.128800,305.769100,0.792284
665.168,19,0.009902,1.180178,-0.633789,-0.422067,0.413100,-0.212848,-0.778398,56.400650,303.126300,358.203200
665.280,19,0.015748,1.165628,-0.624422,-0.421056,0.419004,-0.202554,-0.778537,55.624700,301.415100,356.196100
665.386,19,0.021950,1.148368,-0.614914,-0.419016,0.416618,-0.190874,-0.783851,54.679930,301.457100,355.048000
665.490,19,0.025677,1.122759,-0.607178,-0.414315,0.413261,-0.186710,-0.789112,53.920640,302.349900,355.347200
665.595,19,0.027365,1.087463,-0.601291,-0.409651,0.408894,-0.181797,-0.794948,53.127570,303.362900,355.606100
665.698,19,0.027100,1.047687,-0.597579,-0.408824,0.404844,-0.174612,-0.799046,52.628790,303.830700,355.087900
665.801,19,0.024300,0.993546,-0.595213,-0.410543,0.399182,-0.173431,-0.801268,52.784950,304.689800,355.273700
665.903,19,0.020316,0.952500,-0.594255,-0.412324,0.395887,-0.173107,-0.802058,52.984840,305.141500,355.352100
666.004,19,0.015870,0.916803,-0.592408,-0.416392,0.397709,-0.171123,-0.799476,53.312400,304.324500,354.468600
666.107,19,0.010907,0.880395,-0.590982,-0.416148,0.394176,-0.168280,-0.801953,53.142120,304.865100,354.435300
666.207,19,0.007883,0.849303,-0.589693,-0.415720,0.394764,-0.168589,-0.801821,53.108260,304.808700,354.468400
666.321,19,0.005665,0.810545,-0.588164,-0.420770,0.390831,-0.166231,-0.801605,53.563920,304.970000,353.969500
666.435,19,0.004036,0.784448,-0.586213,-0.425676,0.390179,-0.167051,-0.799159,54.166820,304.682000,353.607700
666.536,19,0.002296,0.768996,-0.583618,-0.426678,0.386483,-0.164718,-0.800902,54.171880,305.168300,353.529800
666.636,19,0.001274,0.758558,-0.580732,-0.427577,0.386913,-0.162939,-0.800580,54.164800,304.898500,353.135000
666.750,19,0.001883,0.784435,-0.574210,-0.425897,0.385870,-0.159604,-0.802647,53.790550,305.070800,352.953300
666.863,19,0.004795,0.847610,-0.565549,-0.403107,0.386619,-0.143685,-0.816937,50.329510,306.092800,353.078100
666.976,19,0.013252,0.914003,-0.556587,-0.385889,0.388868,-0.129915,-0.826435,47.634640,306.385800,352.720200
667.089,19,0.029404,0.997428,-0.545570,-0.371203,0.384272,-0.120300,-0.836703,45.530960,307.772100,353.115000
667.201,19,0.042798,1.064787,-0.539865,-0.364792,0.385198,-0.117436,-0.839499,44.664750,307.920300,353.228700
667.313,19,0.055950,1.133645,-0.541049,-0.363373,0.390704,-0.120908,-0.837073,44.653590,307.253300,353.419300
667.425,19,0.071761,1.222690,-0.550316,-0.348067,0.402296,-0.128306,-0.836986,43.305440,306.613500,354.854000
667.536,19,0.094818,1.335043,-0.571130,-0.306215,0.419152,-0.132991,-0.844309,38.944470,306.359200,357.632300
667.650,19,0.135104,1.460511,-0.611909,-0.281169,0.442825,-0.124326,-0.842255,35.714110,303.632100,357.205100
667.750,19,0.170457,1.534921,-0.649186,-0.280590,0.449132,-0.123753,-0.839187,35.598210,302.684900,356.874000
667.855,19,0.201342,1.578220,-0.681636,-0.268826,0.449880,-0.121730,-0.842925,34.244710,303.038000,357.458200
667.959,19,0.241089,1.613840,-0.724606,-0.254173,0.451149,-0.119365,-0.847120,32.570230,303.384800,358.156800
668.065,19,0.282208,1.636014,-0.763521,-0.260311,0.449114,-0.122022,-0.845958,33.368950,303.510000,358.122100
668.168,19,0.312485,1.648719,-0.782319,-0.269794,0.445691,-0.125540,-0.844281,34.573880,303.723900,358.015900
668.273,19,0.334412,1.659744,-0.790079,-0.273581,0.446134,-0.122055,-0.843339,34.774560,303.405800,357.331700
668.379,19,0.341936,1.662960,-0.786677,-0.275736,0.454885,-0.119975,-0.838246,34.849170,301.935500,356.526600
668.486,19,0.343099,1.658587,-0.770321,-0.287605,0.475494,-0.131399,-0.820928,36.667140,298.470800,355.869900
668.592,19,0.336797,1.650832,-0.743489,-0.295178,0.507542,-0.148999,-0.795657,38.386870,293.339800,355.424700
668.697,19,0.330921,1.643248,-0.714579,-0.301051,0.538425,-0.162238,-0.770160,39.674140,288.085100,354.461300
668.801,19,0.320269,1.636373,-0.657948,-0.294367,0.574587,-0.181312,-0.741838,40.173530,282.577900,354.798500
668.903,19,0.310339,1.628695,-0.615563,-0.285143,0.593990,-0.203487,-0.724198,40.899810,280.037400,356.661700
669.005,19,0.303420,1.623036,-0.584719,-0.279547,0.613365,-0.224530,-0.703721,41.980960,277.052800,357.925000
669.106,19,0.301550,1.617686,-0.565758,-0.274106,0.636670,-0.241320,-0.679178,42.813560,273.050200,358.341400
669.219,19,0.307472,1.611070,-0.552372,-0.281840,0.653427,-0.257100,-0.653833,44.792880,268.966300,357.405600
669.330,19,0.315740,1.609835,-0.546148,-0.283455,0.663245,-0.257897,-0.642844,44.953480,266.720700,356.400900
669.441,19,0.320956,1.601357,-0.548210,-0.280993,0.659576,-0.262498,-0.645831,45.171680,267.724200,357.429800
669.553,19,0.320998,1.581175,-0.550788,-0.271946,0.665737,-0.253581,-0.646944,43.590840,267.284000,357.310600
669.664,19,0.307694,1.539320,-0.546252,-0.271959,0.672242,-0.251500,-0.640997,43.376360,265.917900,356.590900
669.775,19,0.280214,1.488113,-0.538776,-0.264274,0.684510,-0.242615,-0.634620,41.879970,264.080200,355.851700
669.886,19,0.239528,1.417971,-0.527893,-0.248779,0.699772,-0.232987,-0.627810,39.676140,262.298600,355.854900
669.997,19,0.223709,1.363530,-0.521189,-0.224614,0.709900,-0.207469,-0.634466,35.421340,262.326100,356.084800
670.108,19,0.231171,1.291168,-0.512418,-0.187125,0.728014,-0.181959,-0.633933,30.144820,261.351200,357.232100
670.220,19,0.238973,1.217696,-0.507511,-0.182014,0.734650,-0.158622,-0.634034,27.637080,260.535200,355.708800
670.331,19,0.236538,1.120634,-0.504191,-0.157899,0.716380,-0.142489,-0.664504,24.456380,265.194100,357.679100
670.450,19,0.227765,1.051294,-0.499942,-0.131638,0.736618,-0.107953,-0.654532,19.351520,262.701000,356.803100
670.564,19,0.214391,0.992746,-0.502181,-0.128806,0.775410,-0.078949,-0.613119,16.283040,255.785500,353.843400
670.677,19,0.199539,0.955246,-0.511558,-0.129314,0.806483,-0.058181,-0.574002,14.022130,249.846200,351.596600
670.788,19,0.172083,0.934109,-0.527963,-0.121905,0.840664,-0.041573,-0.526018,11.428550,243.120400,350.532600
670.900,19,0.146301,0.930813,-0.534864,-0.124400,0.850755,-0.028284,-0.509843,10.077140,240.920800,349.298500
671.011,19,0.129136,0.932789,-0.536997,-0.116570,0.858909,-0.021907,-0.498204,8.846232,239.424200,349.597300
671.123,19,0.123517,0.934754,-0.535275,-0.118860,0.862344,-0.022598,-0.491654,8.966142,238.539600,349.336800
671.234,19,0.126381,0.940895,-0.536689,-0.109345,0.860508,-0.023863,-0.496990,8.612769,239.294800,350.424800
671.345,19,0.137399,0.953923,-0.555014,-0.092574,0.861098,-0.035396,-0.498686,8.817595,239.595500,352.783900
671.457,19,0.148004,0.967118,-0.579405,-0.092377,0.852850,-0.064253,-0.509888,11.759270,241.191400,354.605300
671.568,19,0.166195,1.000114,-0.616918,-0.113090,0.815219,-0.139019,-0.550729,20.562260,247.735600,358.086500
671.678,19,0.184048,1.044301,-0.645819,-0.117263,0.794775,-0.166160,-0.571816,23.467260,251.514800,0.226819
671.789,19,0.203957,1.098012,-0.675875,-0.122922,0.773221,-0.174277,-0.597199,24.602900,255.609800,1.138442
671.900,19,0.210582,1.143170,-0.694315,-0.107972,0.757740,-0.180716,-0.617668,24.032380,259.166900,3.742564
672.011,19,0.202786,1.176082,-0.707299,-0.121251,0.771842,-0.197352,-0.592124,26.630820,255.694300,2.984439
672.122,19,0.181264,1.194329,-0.710317,-0.141606,0.792603,-0.194291,-0.560338,27.819430,250.409400,359.563500
672.234,19,0.154969,1.193642,-0.697058,-0.148036,0.783553,-0.202850,-0.568314,29.087830,251.882800,359.906700
672.345,19,0.118592,1.192178,-0.667308,-0.154166,0.763035,-0.200836,-0.594706,29.331140,255.927400,0.237105
672.456,19,0.091075,1.197871,-0.641181,-0.159821,0.739491,-0.203779,-0.621357,29.999810,260.376300,1.116003
672.567,19,0.059204,1.217685,-0.604344,-0.166339,0.706806,-0.199761,-0.657915,30.083260,266.389800,1.835273
672.678,19,0.042157,1.232368,-0.568147,-0.166250,0.663568,-0.196740,-0.702376,29.646090,274.228100,3.676812
672.789,19,0.033228,1.239905,-0.523008,-0.178196,0.614848,-0.189278,-0.744569,29.875140,282.009100,4.148888
672.901,19,0.034131,1.238519,-0.483924,-0.193427,0.577241,-0.179874,-0.772674,30.435870,287.464500,3.634750
673.011,19,0.041126,1.237529,-0.443552,-0.206619,0.538102,-0.173930,-0.798438,31.139840,293.078600,3.709897
673.123,19,0.051813,1.236813,-0.406748,-0.215967,0.509665,-0.167953,-0.815715,31.569630,297.030000,3.624570
673.233,19,0.064781,1.235961,-0.372924,-0.222224,0.483282,-0.160012,-0.831536,31.616820,300.648800,3.454792
673.345,19,0.077403,1.234320,-0.338898,-0.229881,0.456180,-0.148863,-0.846696,31.674650,304.179700,2.852282
673.456,19,0.084973,1.232181,-0.310996,-0.237763,0.433721,-0.142305,-0.857382,32.083130,307.068200,2.555221
673.567,19,0.088968,1.231219,-0.288252,-0.250114,0.423327,-0.139054,-0.859594,33.211000,308.119600,1.869871
673.678,19,0.091738,1.235864,-0.280990,-0.253928,0.420079,-0.134716,-0.860759,33.389260,308.354600,1.274839
673.789,19,0.100530,1.248169,-0.283286,-0.252890,0.419129,-0.134615,-0.861543,33.270570,308.524300,1.368436
673.901,19,0.115000,1.268106,-0.294315,-0.251432,0.419736,-0.133448,-0.861856,33.053510,308.451100,1.295912
674.011,19,0.138642,1.297185,-0.319427,-0.252992,0.421894,-0.128343,-0.861120,32.956830,307.949000,0.516624
674.123,19,0.177992,1.335877,-0.358475,-0.247525,0.428326,-0.119439,-0.860815,31.901750,306.968100,359.567200
674.233,19,0.233363,1.377551,-0.407396,-0.250268,0.432690,-0.107398,-0.859425,31.541230,305.945400,357.849800
674.343,19,0.298053,1.418888,-0.462295,-0.260629,0.438371,-0.107409,-0.853444,32.617920,304.725900,356.926000
674.457,19,0.352212,1.446352,-0.509261,-0.274895,0.442397,-0.112492,-0.846205,34.386170,303.662400,356.328700
674.567,19,0.408647,1.473230,-0.562942,-0.281128,0.448858,-0.110359,-0.841020,34.885560,302.354500,355.332900
674.678,19,0.428813,1.480585,-0.586787,-0.288706,0.450020,-0.111502,-0.837674,35.735200,301.843100,354.837300
674.790,19,0.443713,1.481832,-0.610985,-0.283932,0.451155,-0.114792,-0.838251,35.421730,301.987500,355.513500
674.902,19,0.447261,1.473813,-0.624464,-0.281208,0.455064,-0.113102,-0.837285,35.018470,301.481000,355.339800
675.013,19,0.447490,1.465927,-0.633932,-0.277437,0.457652,-0.110121,-0.837530,34.438290,301.194400,355.167400
675.125,19,0.447654,1.465768,-0.641885,-0.279943,0.456612,-0.118371,-0.836138,35.186520,301.438200,355.951400
675.237,19,0.446602,1.469179,-0.645305,-0.281144,0.460072,-0.116529,-0.834094,35.185440,300.807800,355.487500
675.356,19,0.443727,1.473873,-0.649325,-0.274535,0.459883,-0.115436,-0.836548,34.436800,301.121500,355.871800
675.467,19,0.439446,1.474148,-0.651413,-0.273110,0.458132,-0.118134,-0.837598,34.454700,301.517400,356.360400
675.579,19,0.435189,1.473483,-0.650834,-0.274834,0.454697,-0.121397,-0.838439,34.838120,302.040600,356.761700
675.684,19,0.428724,1.474425,-0.648216,-0.273707,0.453119,-0.121186,-0.839692,34.714160,302.324500,356.894900
675.787,19,0.418731,1.466831,-0.640322,-0.267748,0.451106,-0.123759,-0.842317,34.243720,302.950600,357.706800
675.891,19,0.400412,1.446128,-0.624918,-0.260274,0.454436,-0.128815,-0.842112,33.740730,302.884300,358.649100
675.996,19,0.371462,1.412687,-0.602213,-0.255275,0.452768,-0.127640,-0.844715,33.151290,303.301100,358.937700
676.099,19,0.333634,1.367636,-0.575627,-0.251146,0.455046,-0.131025,-0.844211,32.907580,303.201000,359.499000
676.203,19,0.278566,1.309569,-0.537839,-0.249066,0.473060,-0.128604,-0.835249,32.529850,300.535500,358.585400
676.305,19,0.233733,1.265418,-0.509483,-0.252035,0.479247,-0.129834,-0.830629,32.897620,299.511200,358.233300
676.405,19,0.191039,1.224049,-0.485744,-0.254976,0.486337,-0.137543,-0.824346,33.652920,298.479300,358.537800
676.516,19,0.154242,1.189172,-0.466142,-0.261003,0.492299,-0.138542,-0.818734,34.318410,297.318100,357.909700
676.625,19,0.116712,1.155585,-0.446728,-0.269058,0.499063,-0.142391,-0.811337,35.360410,295.967400,357.364500
676.733,19,0.092800,1.137392,-0.434371,-0.273533,0.501795,-0.148051,-0.807132,36.166770,295.438000,357.478200
676.844,19,0.072081,1.120695,-0.423380,-0.274309,0.501333,-0.152661,-0.806297,36.542420,295.575900,357.941400
676.955,19,0.053819,1.103520,-0.414444,-0.277569,0.502094,-0.155079,-0.804244,37.027180,295.342400,357.897600
677.066,19,0.031555,1.086741,-0.405354,-0.277300,0.507321,-0.157128,-0.800650,37.118830,294.562300,357.861800
677.177,19,0.020108,1.076012,-0.401315,-0.278328,0.512337,-0.157670,-0.796985,37.243680,293.708700,357.561200
677.289,19,0.012358,1.071162,-0.397607,-0.279217,0.518345,-0.155953,-0.793118,37.198510,292.647100,356.971500
677.400,19,0.014530,1.083361,-0.397569,-0.277082,0.521998,-0.150305,-0.792561,36.592960,292.055400,356.356600
677.511,19,0.036654,1.133369,-0.400644,-0.268307,0.527527,-0.144772,-0.792949,35.327520,291.533300,356.241200
677.622,19,0.080607,1.215653,-0.407785,-0.243387,0.527479,-0.126196,-0.804116,31.638280,292.445300,356.376300
677.728,19,0.139842,1.300737,-0.428568,-0.224849,0.534951,-0.111061,-0.806806,28.792730,291.876500,355.985300
677.841,19,0.232588,1.406252,-0.473047,-0.201066,0.554072,-0.093518,-0.802391,25.232920,289.715000,355.388000
677.951,19,0.344163,1.501495,-0.533796,-0.206414,0.585218,-0.100451,-0.777704,26.016440,284.817500,354.550000
678.063,19,0.456325,1.578398,-0.594331,-0.216566,0.609463,-0.115142,-0.753920,27.833100,280.642000,354.135000
678.175,19,0.541666,1.625799,-0.637857,-0.220190,0.615203,-0.125704,-0.746485,28.907960,279.606200,354.542900
678.287,19,0.627884,1.669278,-0.677629,-0.216972,0.603700,-0.135390,-0.755076,29.414910,281.719700,356.214300
678.397,19,0.678961,1.688368,-0.701764,-0.221757,0.594418,-0.135840,-0.760946,29.932650,283.002500,356.235400
678.509,19,0.725351,1.702346,-0.724263,-0.225852,0.591274,-0.136164,-0.762132,30.349840,283.316900,356.044300
678.623,19,0.750585,1.706066,-0.735224,-0.224960,0.588158,-0.137705,-0.764527,30.395090,283.880600,356.406300
678.736,20,0.763581,1.706468,-0.740225,-0.219824,0.586936,-0.136831,-0.767112,29.859960,284.310800,356.819500
678.840,20,0.771359,1.707048,-0.743192,-0.222578,0.588482,-0.139237,-0.764697,30.283950,283.958200,356.745900
678.953,20,0.773623,1.708654,-0.742607,-0.214429,0.584984,-0.137524,-0.770001,29.414170,284.875700,357.428200
679.066,20,0.773494,1.712217,-0.739749,-0.201155,0.575683,-0.131811,-0.781506,27.785940,286.837000,358.343000
679.167,20,0.772116,1.711682,-0.735582,-0.201834,0.564218,-0.131754,-0.789660,27.867930,288.591400,358.724700
679.272,20,0.765868,1.709998,-0.730270,-0.208328,0.554743,-0.131570,-0.794700,28.495620,289.801200,358.564300
679.387,20,0.756652,1.710370,-0.722840,-0.208734,0.543024,-0.122913,-0.804020,27.978620,291.461300,358.115200
679.494,20,0.744207,1.712074,-0.713023,-0.201986,0.525518,-0.115773,-0.818309,26.888470,294.232400,358.534000
679.594,20,0.731310,1.714043,-0.705661,-0.194009,0.518247,-0.108486,-0.825840,25.650800,295.463200,358.607600
679.695,20,0.720878,1.718424,-0.697708,-0.181003,0.504364,-0.098559,-0.838535,23.764200,297.719800,358.917400
679.802,20,0.707085,1.720072,-0.685663,-0.176245,0.476070,-0.095112,-0.856300,23.103730,301.792600,359.693500
679.903,20,0.693685,1.713969,-0.681731,-0.196548,0.488936,-0.104623,-0.843425,25.712380,299.569900,359.000500
680.010,20,0.681069,1.704648,-0.676660,-0.213583,0.505144,-0.108227,-0.829156,27.614970,296.721000,357.651600
680.111,20,0.673282,1.696922,-0.670055,-0.225292,0.506659,-0.115824,-0.824090,29.254430,296.191600,357.543500
680.219,20,0.667276,1.692447,-0.664838,-0.230902,0.505505,-0.119111,-0.822777,30.025380,296.203000,357.521600
680.328,20,0.664015,1.692323,-0.657808,-0.223543,0.495073,-0.117149,-0.831389,29.189380,298.000500,358.257400
680.429,20,0.664353,1.697961,-0.651754,-0.202216,0.475293,-0.105006,-0.849811,26.327920,301.358500,359.120800
680.538,20,0.666858,1.701010,-0.645773,-0.193290,0.465199,-0.105029,-0.857436,25.416030,303.040100,0.017435
680.640,20,0.665506,1.700253,-0.642135,-0.200828,0.474573,-0.104981,-0.850546,26.184860,301.501600,359.231700
680.747,20,0.660599,1.694089,-0.638934,-0.213062,0.482803,-0.106412,-0.842723,27.506940,299.965300,358.295500
680.848,20,0.657055,1.690790,-0.639756,-0.221478,0.489496,-0.108372,-0.836419,28.463070,298.737600,357.683300
680.950,20,0.655589,1.688462,-0.641584,-0.227096,0.491714,-0.112589,-0.833048,29.280570,298.283100,357.651100
681.053,20,0.653815,1.687277,-0.643264,-0.230209,0.493544,-0.114452,-0.830854,29.703690,297.929400,357.555300
681.155,20,0.651382,1.686266,-0.645485,-0.235454,0.491361,-0.119337,-0.829991,30.538970,298.143600,357.784900
681.259,20,0.647027,1.687001,-0.652043,-0.237571,0.502512,-0.116704,-0.823056,30.554570,296.339700,356.894200
681.363,20,0.645149,1.692612,-0.657484,-0.218500,0.493148,-0.104757,-0.835517,27.933160,298.246400,357.375600
681.467,20,0.647526,1.701251,-0.654518,-0.191720,0.455893,-0.091205,-0.864342,24.493060,304.147300,358.920600
681.570,20,0.647462,1.709585,-0.642822,-0.168355,0.414232,-0.073218,-0.891464,21.150710,310.052200,359.451100
681.685,20,0.631672,1.713841,-0.618233,-0.147493,0.378796,-0.054831,-0.912005,18.093420,314.777000,359.293100
681.785,20,0.602574,1.709014,-0.586648,-0.142075,0.373504,-0.050807,-0.915275,17.339220,315.481300,359.212100
681.886,20,0.560628,1.699533,-0.538640,-0.141319,0.368956,-0.045262,-0.917525,17.021210,315.997500,358.728200
681.998,20,0.515786,1.696123,-0.485266,-0.143855,0.362771,-0.036789,-0.919973,16.940440,316.631300,357.802400
682.109,20,0.455461,1.699135,-0.413721,-0.163063,0.356348,-0.045566,-0.918886,19.399160,317.269700,358.026900
682.221,20,0.409517,1.705809,-0.363469,-0.174284,0.361970,-0.047087,-0.914541,20.662860,316.366000,357.547000
682.332,20,0.370358,1.708220,-0.327116,-0.197756,0.363454,-0.057526,-0.908562,23.650890,315.880200,357.546200
682.443,20,0.336396,1.706214,-0.299644,-0.210423,0.364390,-0.062138,-0.905031,25.224360,315.558300,357.410000
682.555,20,0.309242,1.703218,-0.281376,-0.214106,0.361570,-0.063198,-0.905225,25.679040,315.868000,357.430000
682.666,20,0.274862,1.701623,-0.262602,-0.214154,0.355729,-0.066056,-0.907321,25.824110,316.708900,357.931300
682.777,20,0.242472,1.698457,-0.248692,-0.214412,0.341847,-0.065919,-0.912592,25.875050,318.544700,358.326400
682.895,20,0.188190,1.694130,-0.231485,-0.212347,0.323104,-0.072546,-0.919375,25.933800,321.216900,359.756300
683.008,20,0.126971,1.696029,-0.216852,-0.206865,0.312807,-0.077518,-0.923769,25.511190,322.784100,0.876088
683.119,20,0.068994,1.698177,-0.204564,-0.206148,0.308801,-0.080578,-0.925015,25.540270,323.391600,1.381542
683.230,20,-0.001215,1.701263,-0.189751,-0.209872,0.306956,-0.087238,-0.924187,26.198180,323.735200,2.069700
683.342,20,-0.053999,1.701277,-0.178203,-0.211565,0.306176,-0.084435,-0.924320,26.283410,323.741600,1.696070
683.454,20,-0.098145,1.697344,-0.168661,-0.216629,0.309367,-0.090821,-0.921475,27.092630,323.400200,2.146302
683.565,20,-0.134748,1.696882,-0.164768,-0.222564,0.309430,-0.090742,-0.920046,27.755220,323.290200,1.893311
683.676,20,-0.164173,1.697068,-0.165289,-0.213898,0.322959,-0.099481,-0.916542,27.151730,321.866000,2.847018
683.787,20,-0.192727,1.695527,-0.166631,-0.220876,0.340991,-0.102164,-0.908021,28.085820,319.401600,2.267149
683.898,20,-0.206612,1.693194,-0.166721,-0.227045,0.344910,-0.102172,-0.905013,28.779340,318.750200,1.851243
684.010,20,-0.220453,1.689837,-0.168594,-0.237145,0.353779,-0.104996,-0.898654,30.033990,317.394600,1.384426
684.121,20,-0.228450,1.688206,-0.172404,-0.243815,0.372412,-0.099613,-0.889910,30.540160,314.504900,359.713600
684.232,20,-0.228052,1.689128,-0.171443,-0.241327,0.365115,-0.094260,-0.894185,30.027340,315.441700,359.493500
684.343,20,-0.218048,1.691361,-0.162501,-0.232792,0.318595,-0.095226,-0.913913,29.089790,322.000100,1.686857
684.455,20,-0.206839,1.691357,-0.149656,-0.230184,0.272627,-0.096837,-0.929146,28.721270,328.206400,3.559222
684.566,20,-0.194678,1.690329,-0.129468,-0.233045,0.238304,-0.095569,-0.937960,28.863310,332.639500,4.466902
684.677,20,-0.189412,1.688651,-0.108447,-0.234597,0.228191,-0.091410,-0.940499,28.881070,333.818600,4.248960
684.788,20,-0.185920,1.683480,-0.071096,-0.244731,0.219840,-0.089334,-0.940105,29.961910,334.745800,3.995312
684.900,20,-0.186356,1.678472,-0.032398,-0.251054,0.215856,-0.088128,-0.939474,30.648080,335.165400,3.812584
685.011,20,-0.195210,1.672257,0.027520,-0.258551,0.228774,-0.097468,-0.933442,31.821880,333.683500,4.296832
685.122,20,-0.210276,1.662666,0.082121,-0.269782,0.255891,-0.106954,-0.922116,33.523450,330.207400,4.070651
685.233,20,-0.230222,1.647678,0.135259,-0.284160,0.285521,-0.116308,-0.907857,35.617340,326.191700,3.449671
685.344,20,-0.251440,1.628354,0.183666,-0.295920,0.312002,-0.122730,-0.894440,37.297200,322.388500,2.514034
685.455,20,-0.267609,1.609608,0.218385,-0.311319,0.328315,-0.131568,-0.882031,39.462870,319.903700,2.054176
685.566,20,-0.285134,1.587581,0.251978,-0.331134,0.345242,-0.142025,-0.866595,42.220380,317.079600,1.355047
685.677,20,-0.295847,1.576353,0.269533,-0.339007,0.358116,-0.147433,-0.857374,43.385910,314.974200,0.788683
685.788,20,-0.307400,1.566547,0.285340,-0.340387,0.373442,-0.153663,-0.849156,43.856300,312.737600,0.535382
685.900,20,-0.315256,1.558238,0.297899,-0.343404,0.380950,-0.155899,-0.844184,44.312510,311.475500,0.126177
686.011,20,-0.321023,1.551019,0.310544,-0.345817,0.385352,-0.157746,-0.840851,44.679140,310.716000,359.900000
686.122,20,-0.325751,1.549402,0.316377,-0.344452,0.396440,-0.159760,-0.835862,44.627810,309.051800,359.514200
686.233,20,-0.331729,1.554115,0.307432,-0.334718,0.420047,-0.158287,-0.828535,43.442460,305.637900,358.508200
686.345,20,-0.339623,1.555628,0.282224,-0.326012,0.444275,-0.166276,-0.817734,42.916120,302.423900,358.612000
686.456,20,-0.347550,1.558274,0.249847,-0.318470,0.465701,-0.173882,-0.807134,42.535700,299.549600,358.761200
686.567,20,-0.357410,1.561928,0.195909,-0.304210,0.485213,-0.183488,-0.798972,41.618850,297.401200,359.846000
686.678,20,-0.364220,1.561444,0.144443,-0.297588,0.499157,-0.194451,-0.790236,41.640300,295.740800,0.784904
686.789,20,-0.374039,1.559940,0.071198,-0.289618,0.526157,-0.201829,-0.773657,41.339340,291.778000,0.574197
686.901,20,-0.381563,1.559863,0.004441,-0.283017,0.550549,-0.205104,-0.758109,40.916230,288.006400,359.951000
687.012,20,-0.385590,1.559737,-0.058721,-0.277684,0.569888,-0.210409,-0.744209,40.777910,285.019500,359.748700
687.123,20,-0.387001,1.558571,-0.114353,-0.269728,0.586771,-0.214925,-0.732635,40.349430,282.572600,359.878700
687.234,20,-0.385357,1.557394,-0.157175,-0.266482,0.597035,-0.221330,-0.723568,40.535450,281.004500,0.158069
687.346,20,-0.381619,1.557485,-0.203638,-0.257794,0.608346,-0.226866,-0.715534,40.161710,279.559400,0.825110
687.457,20,-0.376073,1.559711,-0.234414,-0.252371,0.616250,-0.231503,-0.709191,40.037300,278.494200,1.295702
687.568,20,-0.368129,1.566367,-0.268277,-0.241755,0.631150,-0.231647,-0.699674,39.102330,276.393100,1.402023
687.679,20,-0.360451,1.571771,-0.286297,-0.237866,0.638381,-0.231018,-0.694637,38.712680,275.278100,1.266635
687.790,20,-0.352062,1.577474,-0.297907,-0.233667,0.636301,-0.227562,-0.699097,38.046980,275.906700,1.514277
687.902,20,-0.349376,1.577717,-0.302237,-0.231997,0.630684,-0.227686,-0.704680,37.891150,277.047800,2.051934
688.013,20,-0.350782,1.575370,-0.303570,-0.230105,0.629980,-0.224134,-0.707065,37.430470,277.260300,1.950825
688.124,20,-0.352884,1.581908,-0.299597,-0.219042,0.627374,-0.211006,-0.716868,35.366660,278.238100,1.945517
688.236,20,-0.352293,1.609164,-0.295109,-0.173786,0.633134,-0.164433,-0.736140,27.650530,278.954900,1.425216
688.347,20,-0.333378,1.671441,-0.287494,-0.063553,0.637671,-0.059760,-0.765354,9.991055,280.452900,0.606437
688.459,20,-0.304858,1.718185,-0.278559,0.013733,0.630615,0.014452,-0.775840,357.734100,281.796300,359.707300
688.572,20,-0.272748,1.762003,-0.259389,0.080977,0.615038,0.078927,-0.780347,347.087300,283.669300,358.614200
688.684,20,-0.254245,1.786579,-0.235707,0.125019,0.606808,0.120024,-0.775725,340.146100,284.299500,357.898700
688.796,20,-0.245338,1.803379,-0.210450,0.149840,0.605517,0.146447,-0.767757,335.956300,284.055800,357.275500
688.907,20,-0.241599,1.824904,-0.178663,0.173986,0.601965,0.172355,-0.760040,331.837400,284.097300,356.584300
689.019,20,-0.241997,1.843425,-0.159778,0.189057,0.608839,0.186821,-0.747443,329.329100,282.567100,356.729800
689.130,20,-0.237456,1.866689,-0.143775,0.217311,0.623638,0.213798,-0.719821,324.583600,279.015300,357.415700
689.241,20,-0.236386,1.880536,-0.131809,0.234075,0.630595,0.232614,-0.702460,321.521100,276.979000,357.687200
689.352,20,-0.244683,1.878677,-0.122061,0.235480,0.634625,0.231508,-0.698717,321.471200,276.134800,358.195400
689.463,20,-0.259364,1.872595,-0.115589,0.226907,0.638788,0.221838,-0.700893,323.023300,275.814000,358.488000
689.574,20,-0.275814,1.865091,-0.114663,0.210012,0.648011,0.204839,-0.702864,325.896100,274.985200,358.908800
689.686,20,-0.304612,1.835726,-0.120701,0.139008,0.658084,0.148269,-0.724995,336.627500,275.953100,358.000300
689.796,20,-0.327160,1.794315,-0.130035,0.049547,0.646637,0.075142,-0.757470,350.081900,279.277800,357.104600
689.906,20,-0.337739,1.730276,-0.144623,-0.032884,0.612219,0.001101,-0.790004,2.900929,284.390700,357.589600
690.016,20,-0.336415,1.677466,-0.154824,-0.081862,0.591919,-0.028252,-0.801332,9.476461,286.846900,356.999300
690.126,20,-0.337182,1.609701,-0.156926,-0.125257,0.581711,-0.055270,-0.801791,15.376550,287.618800,356.605200
690.237,20,-0.345331,1.558211,-0.147454,-0.142971,0.571753,-0.072240,-0.804636,18.221180,288.749600,357.149700
690.346,20,-0.362723,1.492787,-0.130244,-0.155774,0.573927,-0.079471,-0.800017,19.905190,288.136500,356.851100
690.458,20,-0.361701,1.439178,-0.122181,-0.159330,0.573683,-0.080567,-0.799381,20.314360,288.077500,356.698900
690.569,20,-0.349087,1.370873,-0.113187,-0.148649,0.565977,-0.062377,-0.808507,18.118010,289.365200,355.933400
690.681,20,-0.334511,1.302718,-0.115064,-0.141367,0.561753,-0.058009,-0.813070,17.160900,290.134300,356.129500
690.792,20,-0.317879,1.233867,-0.119839,-0.142078,0.559272,-0.056787,-0.814742,17.159470,290.464100,356.016000
690.904,20,-0.301591,1.172350,-0.113924,-0.137105,0.563470,-0.046734,-0.813339,16.003250,289.913900,355.316500
691.015,20,-0.289046,1.121478,-0.113973,-0.125167,0.569087,-0.052215,-0.811016,15.215790,289.427000,356.567800
691.126,20,-0.270500,1.068723,-0.127513,-0.108782,0.574343,-0.045935,-0.810054,13.238400,288.979900,357.024000
691.237,20,-0.257975,1.031293,-0.145666,-0.093711,0.569366,-0.037187,-0.815879,11.259920,289.915800,357.309900
691.348,20,-0.244876,0.993173,-0.172459,-0.075233,0.582815,-0.044044,-0.807915,9.956674,288.304300,359.038500
691.460,20,-0.234049,0.981618,-0.186804,-0.072986,0.585545,-0.031345,-0.806739,8.886015,287.897200,357.975700
691.570,20,-0.226023,0.988679,-0.201269,-0.061404,0.591491,-0.032888,-0.803297,7.906561,287.190200,358.854400
691.682,20,-0.229607,0.996053,-0.204177,-0.053124,0.582295,-0.008898,-0.811191,5.540537,288.524200,357.268600
691.793,20,-0.246720,0.988567,-0.208874,-0.061640,0.577496,-0.027685,-0.813592,7.601079,289.164500,358.488500
691.904,20,-0.260229,0.979656,-0.213615,-0.064052,0.578915,-0.025014,-0.812483,7.645591,288.928900,358.062200
692.016,20,-0.267986,0.974521,-0.217988,-0.063240,0.579136,-0.029491,-0.812240,7.867908,288.920600,358.534100
692.127,20,-0.270782,0.973331,-0.218260,-0.062730,0.587436,-0.024538,-0.806463,7.470031,287.731300,358.027900
692.238,20,-0.270151,0.971415,-0.211721,-0.061723,0.589136,-0.023938,-0.805317,7.332011,287.498200,358.025500
692.349,20,-0.260564,0.980837,-0.195262,-0.045955,0.601179,-0.006214,-0.797768,4.634283,285.892900,357.392800
692.460,20,-0.239916,1.026741,-0.176648,-0.021389,0.604872,0.010401,-0.795968,1.230105,285.510000,357.567500
692.571,20,-0.224810,1.100322,-0.166218,-0.013502,0.591515,0.028870,-0.805664,359.289700,287.450300,356.416800
692.683,20,-0.220325,1.172625,-0.160001,-0.022493,0.568762,0.019327,-0.821968,0.859026,290.612700,356.711400
692.793,20,-0.219924,1.233152,-0.157570,-0.047733,0.553481,0.003399,-0.831486,4.336621,292.573000,356.637200
692.905,20,-0.218438,1.290455,-0.154494,-0.074542,0.547279,-0.011466,-0.833545,7.863786,293.176100,356.384000
693.016,20,-0.216573,1.340276,-0.150512,-0.094069,0.540459,-0.021416,-0.835821,10.392960,293.875600,356.159500
693.127,20,-0.215946,1.397871,-0.144340,-0.115886,0.525980,-0.031582,-0.841973,13.201030,295.545400,355.952100
693.237,20,-0.217918,1.433956,-0.139960,-0.129413,0.518571,-0.033515,-0.844519,14.675410,296.303700,355.398300
693.348,20,-0.223622,1.466114,-0.135693,-0.150091,0.514776,-0.047498,-0.842747,17.570520,296.471500,355.519900
693.459,20,-0.228609,1.484443,-0.132942,-0.164398,0.518074,-0.052071,-0.837772,19.232900,295.679200,354.951200
693.570,20,-0.234986,1.500535,-0.127768,-0.180736,0.516277,-0.057328,-0.835168,21.166720,295.508100,354.408400
693.682,20,-0.239660,1.519890,-0.122704,-0.191216,0.516376,-0.065321,-0.832181,22.687960,295.251700,354.479300
693.792,20,-0.238821,1.554387,-0.113407,-0.185318,0.512615,-0.056449,-0.836479,21.586300,295.872600,354.101600
693.904,20,-0.229580,1.590635,-0.096835,-0.178084,0.473527,-0.047894,-0.861257,20.616500,301.433900,354.718300
694.015,20,-0.209379,1.616880,-0.072582,-0.174008,0.368655,-0.046911,-0.911929,20.606890,315.501200,357.382900
694.126,20,-0.179674,1.642229,-0.054147,-0.177281,0.259354,-0.045721,-0.948270,21.096350,329.347200,359.677900
694.237,20,-0.164277,1.657032,-0.052068,-0.184418,0.236093,-0.037612,-0.953329,21.677530,331.999600,359.052600
694.347,20,-0.158501,1.670714,-0.061716,-0.183367,0.256610,-0.024475,-0.948646,21.128580,329.180800,357.070500
694.459,20,-0.163405,1.674480,-0.074635,-0.183249,0.301314,-0.023951,-0.935444,20.932800,323.547100,355.971200
694.570,20,-0.174926,1.676872,-0.087350,-0.190398,0.340397,-0.030544,-0.920297,21.792060,318.530200,355.466000
694.682,20,-0.186591,1.679033,-0.092162,-0.197301,0.370300,-0.034568,-0.907059,22.552390,314.551400,354.818200
694.792,20,-0.199863,1.685770,-0.091553,-0.195725,0.385649,-0.029966,-0.901148,22.077920,312.490000,353.994400
694.903,20,-0.217498,1.693697,-0.095132,-0.189171,0.423067,-0.036787,-0.885367,21.475140,307.807800,354.145300
695.015,20,-0.233034,1.696402,-0.107547,-0.191108,0.475798,-0.047702,-0.857216,21.902920,300.735800,353.807900
695.126,20,-0.249616,1.698883,-0.128883,-0.202928,0.534549,-0.063388,-0.817960,23.562080,292.187500,352.902800
695.237,20,-0.259249,1.706160,-0.142611,-0.200759,0.547921,-0.074076,-0.808697,23.946450,290.425900,353.706200
695.348,20,-0.273572,1.712398,-0.161523,-0.191927,0.543041,-0.076167,-0.813922,23.275380,291.491000,354.724600
695.460,20,-0.287833,1.712703,-0.179608,-0.189899,0.524880,-0.079347,-0.825920,23.389330,294.243800,355.733600
695.570,20,-0.311742,1.716460,-0.203420,-0.171331,0.465291,-0.061383,-0.866246,20.729180,302.921100,356.745700
695.682,20,-0.329153,1.715734,-0.225266,-0.181575,0.339720,-0.052996,-0.921310,21.751510,319.213700,358.413300
695.792,20,-0.348062,1.714675,-0.252057,-0.189939,0.243737,-0.046060,-0.949944,22.539210,331.156100,359.684800
695.903,20,-0.363308,1.719259,-0.276303,-0.189155,0.183998,-0.029755,-0.964095,22.066170,338.242600,359.243600
696.015,20,-0.372280,1.721246,-0.294656,-0.188505,0.145881,-0.025990,-0.970829,21.937540,342.854600,359.719900
696.126,20,-0.381039,1.720826,-0.313442,-0.201753,0.113572,-0.027519,-0.972440,23.492970,346.777100,0.480645
696.237,20,-0.383147,1.722803,-0.323051,-0.198304,0.090722,-0.019508,-0.975738,22.987170,349.402600,0.130033
696.348,20,-0.387151,1.725058,-0.326118,-0.199015,0.079358,-0.011098,-0.976715,22.987060,350.584400,359.383300
696.459,20,-0.391554,1.722571,-0.319650,-0.203586,0.077960,-0.002315,-0.975946,23.436940,350.512900,358.299600
696.570,20,-0.398937,1.718672,-0.298852,-0.211408,0.083305,0.008823,-0.973801,24.221730,349.513800,356.705700
696.681,20,-0.408254,1.715666,-0.272613,-0.220033,0.089546,0.017985,-0.971207,25.098420,348.415600,355.291200
696.792,20,-0.419572,1.713754,-0.246046,-0.224699,0.089968,0.021917,-0.970019,25.593350,348.202700,354.722700
696.904,20,-0.432199,1.710694,-0.224033,-0.223663,0.084319,0.016004,-0.970881,25.569160,349.080000,355.626200
697.015,20,-0.444136,1.708889,-0.213192,-0.227292,0.078492,0.011187,-0.970594,26.069450,349.904600,356.336400
697.126,20,-0.462514,1.712527,-0.205884,-0.226189,0.051492,0.006450,-0.972700,26.063360,353.410200,357.713300
697.237,20,-0.483116,1.712765,-0.207563,-0.221865,0.024751,0.001822,-0.974762,25.622490,356.880900,359.076400
697.348,20,-0.519935,1.714783,-0.219736,-0.224910,-0.011865,-0.005212,-0.974293,25.984810,1.623250,0.987543
697.459,20,-0.550539,1.717868,-0.232026,-0.218771,-0.042607,-0.005730,-0.974829,25.216500,5.427788,1.888472
697.570,20,-0.588084,1.715177,-0.246227,-0.221824,-0.068644,-0.003714,-0.972661,25.531560,8.615994,2.393149
697.681,20,-0.615468,1.712397,-0.256874,-0.227260,-0.083380,-0.000170,-0.970258,26.166030,10.390730,2.441103
697.791,20,-0.635593,1.712307,-0.266208,-0.228303,-0.101806,0.003906,-0.968245,26.289170,12.585730,2.488103
697.903,20,-0.649499,1.712287,-0.272981,-0.228158,-0.120402,0.005295,-0.966136,26.240380,14.873520,2.857257
698.013,20,-0.660898,1.713131,-0.277256,-0.227899,-0.132917,0.007303,-0.964542,26.204600,16.383810,2.970431
698.124,20,-0.671651,1.713198,-0.278275,-0.226565,-0.132774,0.008831,-0.964864,26.075380,16.307760,2.751754
698.235,20,-0.678190,1.712768,-0.278514,-0.226691,-0.132253,0.007879,-0.964914,26.075670,16.270390,2.856148
698.346,20,-0.682713,1.712692,-0.278076,-0.225646,-0.134689,0.005358,-0.964839,25.904160,16.633510,3.214830
698.458,20,-0.684289,1.713645,-0.276362,-0.220998,-0.134855,0.005124,-0.965892,25.359890,16.605870,3.153337
698.568,20,-0.681971,1.717013,-0.274162,-0.207705,-0.136049,0.002136,-0.968682,23.764670,16.680010,3.280896
698.679,20,-0.677388,1.720848,-0.273738,-0.195890,-0.140441,0.004900,-0.970505,22.432900,17.027920,2.822162
698.790,20,-0.672039,1.732309,-0.277286,-0.158358,-0.144670,-0.002232,-0.976723,17.980810,17.329120,3.024125
698.902,20,-0.670161,1.742893,-0.285517,-0.123803,-0.145296,-0.002010,-0.981610,14.032320,17.129650,2.358446
699.014,20,-0.671262,1.745978,-0.294231,-0.120131,-0.145982,0.000271,-0.981966,13.651010,17.155540,2.037055
699.125,20,-0.671070,1.744248,-0.299876,-0.131486,-0.160593,0.000468,-0.978224,14.915550,18.966790,2.450449
699.236,20,-0.667030,1.742759,-0.302217,-0.134163,-0.186326,0.000216,-0.973285,15.143470,22.066620,2.943985
699.347,20,-0.660965,1.737916,-0.302194,-0.147774,-0.201472,0.003218,-0.968278,16.706540,23.976510,3.190813
699.458,20,-0.657065,1.734303,-0.299647,-0.160921,-0.191703,0.010393,-0.968115,18.394850,22.807890,2.511131
699.569,20,-0.651541,1.731705,-0.298607,-0.170556,-0.189614,0.017244,-0.966778,19.652810,22.523480,1.906978
699.680,20,-0.650678,1.730265,-0.296501,-0.176002,-0.187662,0.019458,-0.966141,20.327690,22.296150,1.739220
699.791,20,-0.652658,1.729274,-0.293590,-0.178634,-0.179286,0.018464,-0.967267,20.621550,21.317140,1.734781
699.903,20,-0.655180,1.730101,-0.290096,-0.177165,-0.171220,0.016651,-0.969030,20.429730,20.353500,1.736525
700.014,20,-0.657840,1.730353,-0.286559,-0.173312,-0.167378,0.014190,-0.970436,19.945550,19.898570,1.857867
700.125,20,-0.660409,1.730852,-0.282308,-0.167129,-0.166965,0.009953,-0.971644,19.153670,19.874080,2.212502
700.236,20,-0.663248,1.730866,-0.278925,-0.163873,-0.164766,0.006014,-0.972606,18.708250,19.651800,2.559838
700.347,20,-0.666375,1.731840,-0.275635,-0.156273,-0.159396,0.002007,-0.974766,17.776100,19.006110,2.763094
700.459,20,-0.666986,1.732682,-0.272767,-0.151396,-0.157623,-0.001191,-0.975824,17.163310,18.804480,3.002724
700.569,20,-0.664944,1.733168,-0.268182,-0.146625,-0.156232,-0.004563,-0.976766,16.559550,18.651200,3.273189
700.681,20,-0.660330,1.731864,-0.263532,-0.146825,-0.156146,-0.001009,-0.976760,16.649120,18.583760,2.861207
700.792,20,-0.651550,1.726832,-0.258543,-0.163709,-0.167725,0.002822,-0.972142,18.617170,20.068090,2.989816
700.903,20,-0.636117,1.722896,-0.256554,-0.171234,-0.208700,0.008831,-0.962832,19.476780,25.028640,3.312076
701.014,20,-0.617494,1.721902,-0.259514,-0.171781,-0.252989,0.016059,-0.951961,19.583610,30.357230,3.428458
701.125,20,-0.589354,1.721894,-0.265939,-0.172416,-0.276102,0.024843,-0.945211,19.856020,33.081500,2.940202
701.236,20,-0.564191,1.722316,-0.267221,-0.175155,-0.250889,0.036903,-0.951322,20.595940,29.744610,1.081982
701.347,20,-0.521653,1.719355,-0.258787,-0.176356,-0.185178,0.045413,-0.965684,20.942310,21.456370,358.626000
701.458,20,-0.478320,1.715910,-0.247463,-0.182285,-0.128605,0.043913,-0.973809,21.488660,14.594660,357.620100
701.569,20,-0.413096,1.714247,-0.227402,-0.185748,-0.057844,0.037382,-0.980181,21.620530,6.144664,356.806200
701.681,20,-0.360051,1.714440,-0.208063,-0.190052,0.011114,0.028448,-0.981299,21.861460,357.985500,356.289900
701.792,20,-0.321664,1.713923,-0.192972,-0.203847,0.058784,0.017910,-0.977072,23.343390,352.353100,356.317800
701.904,20,-0.300492,1.713542,-0.188352,-0.221690,0.111446,0.000453,-0.968728,25.430350,346.154300,356.807800
702.015,20,-0.288371,1.717422,-0.189217,-0.216635,0.146962,-0.007763,-0.965097,24.861660,342.005200,356.923900
702.126,20,-0.277034,1.720904,-0.194135,-0.208685,0.177686,-0.010559,-0.961648,23.898310,338.348000,356.623200
702.237,20,-0.269782,1.724402,-0.196666,-0.199793,0.190943,-0.011049,-0.960990,22.843650,336.831800,356.574600
702.347,20,-0.262140,1.725339,-0.193183,-0.191912,0.197190,-0.004887,-0.961386,21.773040,336.030100,355.906600
702.459,20,-0.259006,1.722830,-0.187893,-0.196924,0.199159,-0.004121,-0.959969,22.316470,335.696100,355.627700
702.570,20,-0.257683,1.722661,-0.182204,-0.197107,0.203719,-0.000112,-0.958983,22.215410,335.038600,355.036800
702.681,20,-0.258982,1.725197,-0.179109,-0.186264,0.208382,0.003110,-0.960142,20.878310,334.563400,354.866500
702.792,20,-0.260811,1.728091,-0.179040,-0.178161,0.210477,0.002082,-0.961225,19.976130,334.448300,355.178200
702.903,20,-0.261347,1.729392,-0.180263,-0.175720,0.208529,0.000360,-0.962101,19.753300,334.756100,355.491700
703.015,20,-0.260960,1.729695,-0.180351,-0.174197,0.200699,-0.002378,-0.964038,19.683220,335.789100,356.020900
703.127,20,-0.262818,1.729134,-0.179636,-0.174664,0.195917,-0.006242,-0.964920,19.847530,336.443900,356.562800
703.237,20,-0.265610,1.727385,-0.176935,-0.174878,0.198260,-0.002559,-0.964419,19.774980,336.082300,356.075500
703.348,20,-0.269700,1.721345,-0.173133,-0.190702,0.203928,-0.010107,-0.960179,21.736540,335.326800,356.397300
703.459,20,-0.273804,1.716194,-0.165270,-0.196266,0.206847,-0.009183,-0.958441,22.334740,334.864400,356.057800
703.570,20,-0.276793,1.705147,-0.152591,-0.208035,0.213955,-0.005247,-0.954420,23.537620,333.698900,355.056400
703.681,20,-0.277452,1.693792,-0.143278,-0.228214,0.222879,-0.002040,-0.947755,25.689290,332.110100,353.765700
703.792,20,-0.283275,1.690323,-0.138835,-0.240952,0.210230,-0.001910,-0.947493,27.219640,333.451300,353.693000
703.903,20,-0.300982,1.693762,-0.139078,-0.235628,0.188671,-0.011282,-0.953287,26.968430,336.569300,355.662800
704.015,20,-0.326092,1.696741,-0.140569,-0.231313,0.160246,-0.009793,-0.959541,26.554420,340.200700,356.453000
704.125,20,-0.369357,1.702688,-0.144010,-0.217399,0.095473,-0.007680,-0.971372,25.075780,348.399000,358.317700
704.236,20,-0.413113,1.710018,-0.146229,-0.209712,0.041763,-0.002889,-0.976867,24.202460,354.944000,359.254200
704.348,20,-0.472013,1.714919,-0.144370,-0.199841,-0.011002,0.002920,-0.979762,23.057640,1.269881,359.917600
704.459,20,-0.511831,1.714858,-0.138249,-0.200649,-0.041299,0.005241,-0.978778,23.154610,4.912832,0.393437
704.570,20,-0.546624,1.708608,-0.126507,-0.208903,-0.085715,0.011196,-0.974109,24.136200,10.245270,0.878973
704.681,20,-0.563091,1.698351,-0.113199,-0.214718,-0.127994,0.023117,-0.967977,24.935790,15.207510,0.645278
704.792,20,-0.566245,1.683459,-0.092547,-0.216277,-0.163825,0.024870,-0.962168,25.108770,19.649930,1.455758
704.903,20,-0.555335,1.658313,-0.064307,-0.213472,-0.197309,0.024097,-0.956514,24.701200,23.837830,2.406105
705.013,20,-0.537078,1.625970,-0.033466,-0.218146,-0.218613,0.026757,-0.950739,25.245580,26.530700,2.820157
705.125,20,-0.512516,1.587552,-0.001597,-0.227276,-0.231626,0.026029,-0.945525,26.221800,28.364260,3.583088
705.236,20,-0.482672,1.559879,0.021134,-0.224982,-0.257060,0.036146,-0.939147,26.178220,31.325450,3.051639
705.347,20,-0.434206,1.535504,0.043010,-0.225332,-0.318920,0.045815,-0.919466,26.333290,39.148940,3.804976
705.458,20,-0.395302,1.517408,0.060405,-0.227946,-0.354835,0.051288,-0.905263,26.685980,43.856920,4.423295
705.569,20,-0.344583,1.493758,0.085843,-0.225999,-0.384751,0.058399,-0.893018,26.652640,47.675440,4.466621
705.680,20,-0.299371,1.468954,0.112781,-0.232212,-0.402975,0.060611,-0.883185,27.324050,50.309980,5.172085
705.792,20,-0.259637,1.446543,0.140681,-0.238015,-0.411274,0.064437,-0.877525,28.081710,51.568470,5.377712
705.904,20,-0.225625,1.425529,0.165382,-0.245806,-0.415685,0.068444,-0.872984,29.082740,52.370790,5.572005
706.015,20,-0.200716,1.409346,0.183432,-0.251311,-0.414694,0.071875,-0.871611,29.848140,52.355340,5.500553
706.126,20,-0.175869,1.394048,0.200722,-0.251881,-0.417395,0.076587,-0.869754,30.137910,52.649720,5.111135
706.237,20,-0.162926,1.383853,0.210344,-0.260480,-0.420235,0.077476,-0.865765,31.074090,53.363540,5.680270
706.348,20,-0.152475,1.374014,0.219366,-0.268325,-0.420809,0.079619,-0.862892,32.010810,53.712760,5.985489
706.459,20,-0.147838,1.369908,0.224161,-0.272612,-0.419709,0.080436,-0.862008,32.514080,53.714070,6.137958
706.570,20,-0.144987,1.367045,0.228325,-0.273872,-0.419695,0.080484,-0.861611,32.649570,53.764580,6.217701
706.682,20,-0.144334,1.364411,0.231544,-0.274267,-0.417825,0.079047,-0.862527,32.627860,53.546810,6.328310
706.792,20,-0.143980,1.361170,0.234721,-0.277085,-0.415681,0.079208,-0.862647,32.949730,53.353620,6.411074
706.903,20,-0.143671,1.358597,0.237605,-0.279537,-0.414425,0.079240,-0.862457,33.219990,53.277380,6.521285
707.015,20,-0.143167,1.357367,0.239650,-0.280801,-0.413481,0.079101,-0.862512,33.353460,53.199390,6.582989
707.126,20,-0.142340,1.354956,0.241028,-0.283027,-0.412882,0.079396,-0.862045,33.609270,53.203200,6.676558
707.237,20,-0.141885,1.353216,0.241702,-0.285001,-0.412047,0.080192,-0.861720,33.867080,53.148770,6.685133
707.348,20,-0.141025,1.351875,0.241949,-0.286957,-0.412212,0.080082,-0.861002,34.067040,53.264540,6.841048
707.459,20,-0.140867,1.351209,0.241426,-0.287197,-0.412280,0.079981,-0.860898,34.086510,53.288190,6.872418
707.570,20,-0.144659,1.353421,0.238165,-0.287649,-0.407104,0.082902,-0.862932,34.328900,52.471650,6.335569
707.682,20,-0.155409,1.366151,0.227373,-0.276982,-0.404131,0.087205,-0.867384,33.434510,51.463120,4.990398
707.792,20,-0.172655,1.388425,0.204699,-0.261599,-0.402567,0.085494,-0.873039,31.709080,50.684600,4.134992
707.904,20,-0.196857,1.418805,0.169130,-0.241731,-0.408991,0.087209,-0.875607,29.647160,50.859780,2.968646
708.015,20,-0.225137,1.452580,0.130443,-0.217785,-0.410701,0.090150,-0.880777,27.238040,50.312360,1.294431
708.126,20,-0.266635,1.496535,0.070089,-0.192137,-0.405799,0.096779,-0.888282,24.827660,48.882990,358.990100
708.237,20,-0.299887,1.529173,0.016070,-0.174386,-0.407892,0.099789,-0.890649,23.081530,48.761360,357.788900
708.348,20,-0.341955,1.569274,-0.053713,-0.151681,-0.411165,0.097972,-0.893498,20.586360,48.861360,356.917200
708.459,20,-0.371279,1.599152,-0.101991,-0.131121,-0.413012,0.093706,-0.896352,18.207830,48.900310,356.398200
708.570,20,-0.400914,1.635253,-0.152756,-0.110580,-0.414801,0.087843,-0.898886,15.763800,48.996790,356.056600
708.681,20,-0.420566,1.654868,-0.188182,-0.116233,-0.411082,0.089363,-0.899731,16.417090,48.547940,356.099900
708.792,20,-0.436157,1.668899,-0.217015,-0.126811,-0.401496,0.092667,-0.902293,17.653000,47.364280,356.064800
708.903,20,-0.448474,1.677256,-0.239813,-0.133256,-0.367833,0.097079,-0.915160,18.380010,43.014190,355.185200
709.014,20,-0.451286,1.679422,-0.263591,-0.147646,-0.332571,0.109441,-0.924997,20.239070,38.410980,353.620100
709.125,20,-0.441037,1.684084,-0.305173,-0.152056,-0.309233,0.109324,-0.932364,20.558000,35.474960,353.264400
709.236,20,-0.425676,1.685168,-0.342496,-0.151418,-0.301562,0.105837,-0.935378,20.309940,34.567080,353.468800
709.347,20,-0.402953,1.677247,-0.391778,-0.162551,-0.292557,0.105067,-0.936455,21.464130,33.508690,353.728100
709.458,20,-0.386291,1.668266,-0.430497,-0.169281,-0.292204,0.104438,-0.935443,22.193730,33.520500,354.020000
709.569,20,-0.367756,1.659651,-0.479985,-0.184301,-0.300458,0.119218,-0.928195,24.442140,34.360950,353.024100
709.680,20,-0.356131,1.658110,-0.518849,-0.192144,-0.303557,0.124789,-0.924858,25.542060,34.691870,352.730400
709.791,20,-0.344976,1.657114,-0.546271,-0.192645,-0.295297,0.131435,-0.926506,25.759650,33.458840,351.715100
709.904,20,-0.337114,1.655031,-0.564115,-0.194520,-0.291354,0.141692,-0.925850,26.279990,32.698070,350.433100
710.012,20,-0.334654,1.654258,-0.574538,-0.196699,-0.296004,0.142402,-0.923804,26.597850,33.296710,350.560100
710.127,20,-0.336956,1.655101,-0.577321,-0.196533,-0.291446,0.138449,-0.925887,26.400050,32.804420,350.890000
710.236,20,-0.340443,1.655597,-0.575315,-0.196269,-0.286309,0.136425,-0.927844,26.252880,32.187770,350.969200
710.336,20,-0.343958,1.656140,-0.572010,-0.195505,-0.285155,0.134542,-0.928635,26.093470,32.082240,351.136100
710.445,20,-0.347871,1.656536,-0.567822,-0.196025,-0.282670,0.135168,-0.929194,26.148990,31.747150,351.003300
710.554,20,-0.350221,1.656575,-0.564614,-0.196270,-0.285360,0.134362,-0.928437,26.176070,32.117700,351.188200
710.655,20,-0.351651,1.656593,-0.561615,-0.195688,-0.288480,0.133669,-0.927695,26.116560,32.536820,351.346000
710.764,20,-0.353368,1.657312,-0.553271,-0.195765,-0.290270,0.133805,-0.927101,26.146450,32.766170,351.385900
710.877,20,-0.357658,1.659654,-0.541833,-0.198150,-0.285801,0.132847,-0.928120,26.343390,32.225000,351.443500
710.987,20,-0.367176,1.668562,-0.515271,-0.189440,-0.274806,0.121657,-0.934769,24.899620,31.037160,352.185800
711.100,20,-0.386045,1.676987,-0.480944,-0.181967,-0.239347,0.110949,-0.947255,23.443740,26.758670,352.289800
711.212,20,-0.416415,1.691562,-0.434618,-0.168085,-0.201014,0.089825,-0.960871,21.046600,22.430030,353.537400
711.324,20,-0.448964,1.705609,-0.394861,-0.155466,-0.168018,0.058710,-0.971676,18.775070,19.001190,356.254300
711.435,20,-0.474876,1.712942,-0.364194,-0.154558,-0.141380,0.042741,-0.976881,18.303820,16.082920,357.597300
711.545,20,-0.496315,1.717570,-0.335246,-0.158389,-0.113667,0.029354,-0.980373,18.495660,13.014970,358.698000
711.656,20,-0.499903,1.722506,-0.316390,-0.163352,-0.083647,0.023046,-0.982745,18.960910,9.548279,358.911300
711.764,20,-0.487612,1.724032,-0.294360,-0.162824,-0.039466,0.017576,-0.985709,18.806940,4.367015,358.680500
711.872,20,-0.463798,1.722979,-0.274603,-0.167163,0.018464,0.007830,-0.985725,19.224090,357.631700,358.688600
711.983,20,-0.427485,1.718768,-0.257908,-0.174887,0.104280,-0.007269,-0.979024,20.117900,347.599400,358.642700
712.094,20,-0.387300,1.716966,-0.244989,-0.181886,0.184941,-0.028850,-0.965340,21.212950,338.176100,359.288500
712.206,20,-0.333411,1.717707,-0.231173,-0.192606,0.272354,-0.038712,-0.941928,22.577180,327.349700,358.014800
712.317,20,-0.296027,1.720036,-0.227252,-0.198560,0.305022,-0.044179,-0.930368,23.354540,323.194200,357.570000
712.428,20,-0.259014,1.720702,-0.228233,-0.199215,0.343927,-0.051372,-0.916182,23.601330,318.287900,357.316800
712.539,20,-0.237411,1.723274,-0.228508,-0.203210,0.371439,-0.050095,-0.904560,23.881520,314.550700,356.216800
712.650,20,-0.214474,1.723827,-0.227825,-0.199843,0.393927,-0.049539,-0.895785,23.394670,311.635300,355.707500
712.761,20,-0.198746,1.723288,-0.226731,-0.199468,0.405508,-0.050184,-0.890650,23.329180,310.107200,355.479100
712.872,20,-0.188364,1.724138,-0.224126,-0.195416,0.408015,-0.047259,-0.890563,22.744700,309.827500,355.317200
712.983,20,-0.182409,1.724673,-0.221728,-0.194249,0.411142,-0.048010,-0.889339,22.642810,309.452400,355.380300
713.090,21,-0.182189,1.725173,-0.219073,-0.191490,0.415152,-0.046634,-0.888147,22.263270,308.964500,355.279600
713.203,21,-0.183623,1.725008,-0.215731,-0.190301,0.415462,-0.049077,-0.888126,22.259550,308.994600,355.603100
713.315,21,-0.186508,1.725122,-0.212902,-0.188060,0.417499,-0.048660,-0.887671,21.993520,308.772500,355.630600
713.427,21,-0.191376,1.724653,-0.211240,-0.188150,0.423936,-0.050310,-0.884504,22.054890,307.933100,355.635800
713.538,21,-0.195512,1.724470,-0.212202,-0.188959,0.432173,-0.050114,-0.880346,22.087030,306.798300,355.351700
713.649,21,-0.199982,1.726448,-0.216177,-0.181923,0.448097,-0.054125,-0.873604,21.491530,304.889600,355.780000
713.760,21,-0.210103,1.731195,-0.232543,-0.159058,0.504061,-0.062772,-0.846571,19.426010,297.896900,356.713300
713.872,21,-0.223589,1.739163,-0.270532,-0.137011,0.599870,-0.069494,-0.785210,17.369880,284.736100,356.681700
713.983,21,-0.234247,1.743697,-0.318087,-0.107318,0.678307,-0.085674,-0.721833,15.733160,273.381000,358.696000
714.096,21,-0.243287,1.746799,-0.357367,-0.097844,0.717635,-0.094557,-0.682998,15.626760,267.074800,359.329600
714.206,21,-0.256742,1.752957,-0.398135,-0.082438,0.758317,-0.108196,-0.637537,15.617170,260.214800,0.769266
714.318,21,-0.265990,1.757668,-0.418684,-0.074421,0.781119,-0.098697,-0.612025,14.198540,256.192500,0.268657
714.429,21,-0.272762,1.765284,-0.421175,-0.071176,0.766057,-0.074376,-0.634476,11.786820,259.176900,359.141300
714.541,21,-0.272079,1.778194,-0.385556,-0.044065,0.629388,-0.042503,-0.774676,6.994517,281.852100,0.599421
714.651,21,-0.244958,1.783747,-0.329849,-0.030029,0.364669,-0.015787,-0.930519,3.864635,317.214200,0.429480
714.763,21,-0.203831,1.786795,-0.288984,-0.012100,0.128344,0.007376,-0.991629,1.266514,345.239500,358.983600
714.874,21,-0.176498,1.785812,-0.266774,-0.006259,-0.001124,0.013237,-0.999892,0.718820,0.119248,358.483900
714.985,21,-0.151210,1.778599,-0.245477,-0.004014,-0.105258,0.021545,-0.994203,0.717165,12.071850,357.593000
715.096,21,-0.135454,1.779283,-0.236275,-0.004379,-0.205143,0.022860,-0.978455,1.028398,23.660180,357.538700
715.208,21,-0.125957,1.782647,-0.230881,0.016667,-0.371292,0.018760,-0.928177,359.025400,43.628110,357.294200
715.319,21,-0.135005,1.779811,-0.231167,0.030780,-0.510541,-0.000512,-0.859302,356.937700,61.478910,358.246900
715.430,21,-0.176080,1.777922,-0.232385,0.047955,-0.672889,-0.021920,-0.737862,354.245400,84.819270,358.146100
715.542,21,-0.231063,1.779167,-0.233307,0.048515,-0.787628,-0.023245,-0.613798,354.481100,104.274500,357.242400
715.653,21,-0.277754,1.766480,-0.239518,0.010883,-0.852892,0.042961,-0.520204,3.552248,117.126800,356.366000
715.763,21,-0.307129,1.733030,-0.254083,-0.069440,-0.874585,0.165832,-0.450310,20.646870,125.202400,358.292100
715.873,21,-0.323242,1.692135,-0.279483,-0.111355,-0.878291,0.269148,-0.379163,33.864040,133.121200,359.413700
715.984,21,-0.321540,1.647948,-0.297601,-0.171022,-0.846656,0.349119,-0.363374,45.680700,134.783000,2.943095
716.094,21,-0.317157,1.608507,-0.310105,-0.210242,-0.811019,0.408745,-0.361902,54.604620,134.213800,4.472698
716.200,21,-0.313975,1.587859,-0.318957,-0.223227,-0.802419,0.422367,-0.357631,56.876640,135.151300,5.896775
716.309,21,-0.308917,1.580081,-0.316969,-0.220757,-0.791708,0.428107,-0.375752,57.540490,130.853100,2.971824
716.422,21,-0.296771,1.649050,-0.313225,-0.100462,-0.837627,0.282004,-0.456905,34.348920,120.854400,353.783800
716.535,21,-0.319967,1.750876,-0.300514,0.087886,-0.848686,0.040711,-0.519954,358.722700,117.135400,348.956300
716.636,21,-0.368214,1.809959,-0.277202,0.204971,-0.807714,-0.140399,-0.534671,333.513300,115.749000,348.334100
716.749,21,-0.416893,1.836604,-0.255544,0.298461,-0.741016,-0.266121,-0.539441,314.241700,113.335900,347.145600
716.862,21,-0.432952,1.840585,-0.248062,0.321709,-0.723661,-0.298094,-0.532877,309.258300,113.700500,346.482000
716.972,21,-0.423154,1.838399,-0.241767,0.299925,-0.734073,-0.278109,-0.542068,312.822400,112.273500,348.215100
717.084,21,-0.407856,1.830145,-0.231908,0.240698,-0.753157,-0.222195,-0.570481,322.459500,108.405900,352.095000
717.195,21,-0.409543,1.826704,-0.219280,0.220260,-0.752637,-0.207880,-0.584645,325.217400,106.259000,353.815600
717.306,21,-0.414849,1.819925,-0.210381,0.189437,-0.773567,-0.156642,-0.584099,332.377400,107.646000,352.862100
717.419,21,-0.418229,1.809236,-0.210956,0.158218,-0.788675,-0.111908,-0.583468,338.829300,108.383000,352.669800
717.528,21,-0.433124,1.801656,-0.221242,0.149616,-0.790968,-0.089410,-0.586507,341.521900,108.187200,352.011800
717.639,21,-0.446833,1.803374,-0.238229,0.165306,-0.775692,-0.110934,-0.598890,338.278100,106.127300,352.355600
717.750,21,-0.468470,1.817099,-0.273699,0.238530,-0.727554,-0.188346,-0.615057,325.425100,102.090400,351.943200
717.862,21,-0.475397,1.818498,-0.320162,0.284465,-0.681043,-0.225466,-0.635944,318.016800,96.913800,352.214400
717.973,21,-0.462507,1.810510,-0.383232,0.284768,-0.645095,-0.223785,-0.672816,317.784800,89.572920,354.866100
718.085,21,-0.431281,1.800050,-0.463072,0.289028,-0.598467,-0.214468,-0.715754,317.898200,80.958260,356.992000
718.196,21,-0.389314,1.795607,-0.535267,0.274164,-0.554139,-0.201938,-0.759595,320.185000,72.143660,0.218765
718.307,21,-0.329061,1.799517,-0.614834,0.246789,-0.500484,-0.171237,-0.811966,325.098200,62.616030,2.169662
718.418,21,-0.288411,1.811946,-0.660696,0.237244,-0.464268,-0.148091,-0.840381,327.570700,57.271840,1.942931
718.529,21,-0.242051,1.821722,-0.697977,0.228429,-0.428253,-0.115130,-0.866698,330.358700,52.521510,0.258127
718.641,21,-0.201962,1.821569,-0.708264,0.231557,-0.405825,-0.085830,-0.879955,331.498400,50.128310,357.594100
718.750,21,-0.161594,1.817330,-0.698164,0.225363,-0.387505,-0.077279,-0.890550,332.529800,47.615190,357.608800
718.862,21,-0.122216,1.811187,-0.677519,0.225897,-0.376853,-0.068516,-0.895689,332.850900,46.376300,356.938600
718.972,21,-0.085994,1.815714,-0.649999,0.224995,-0.379632,-0.068656,-0.894731,332.951300,46.725590,356.912200
719.083,21,-0.052994,1.815002,-0.622850,0.220311,-0.383603,-0.054613,-0.895170,334.130000,47.436270,355.458400
719.195,21,-0.026837,1.820391,-0.601840,0.219199,-0.381167,-0.050186,-0.896741,334.444200,47.169060,355.097800
719.307,21,0.002535,1.820556,-0.577144,0.221870,-0.369410,-0.041554,-0.901434,334.487800,45.850170,354.340200
719.418,21,0.029052,1.820258,-0.555070,0.220318,-0.352565,-0.039315,-0.908632,334.653000,43.612960,354.672700
719.529,21,0.068724,1.818242,-0.524947,0.222648,-0.327542,-0.033643,-0.917613,334.491400,40.499300,354.652600
719.641,21,0.107049,1.820144,-0.496344,0.228552,-0.303444,-0.031531,-0.924496,333.785900,37.540340,354.858200
719.751,21,0.147107,1.822131,-0.463849,0.224109,-0.285300,-0.026594,-0.931489,334.361900,35.192790,355.015500
719.863,21,0.177645,1.825607,-0.434941,0.221818,-0.271139,-0.023785,-0.936330,334.641000,33.381920,355.191700
719.975,21,0.196447,1.825951,-0.415310,0.220344,-0.248378,-0.024595,-0.942949,334.674200,30.413000,355.998700
720.086,21,0.207615,1.820559,-0.400312,0.189877,-0.214473,-0.007816,-0.958064,338.458100,26.016380,355.902000
720.196,21,0.199330,1.808234,-0.403239,0.103230,-0.199196,0.013212,-0.974418,348.701900,23.494030,356.089700
720.306,21,0.173351,1.786711,-0.432047,-0.015731,-0.200964,0.045608,-0.978410,2.815108,23.097030,355.237600
720.416,21,0.144674,1.774528,-0.465553,-0.057724,-0.218880,0.057110,-0.972367,7.889237,25.028840,355.031200
720.525,21,0.099920,1.766126,-0.512408,-0.078952,-0.234073,0.068684,-0.966571,10.648260,26.704440,354.405100
720.636,21,0.066162,1.760552,-0.549481,-0.086660,-0.236767,0.070312,-0.965136,11.570460,27.004750,354.453700
720.746,21,0.028748,1.758026,-0.592134,-0.092683,-0.235151,0.071435,-0.964889,12.266210,26.797530,354.464300
720.859,21,0.002970,1.757412,-0.621733,-0.104996,-0.230622,0.078225,-0.964194,13.801260,26.169930,353.946100
720.970,21,-0.022576,1.755270,-0.655387,-0.118335,-0.241984,0.080033,-0.959706,15.418430,27.526430,354.264100
721.081,21,-0.039475,1.759582,-0.678126,-0.106669,-0.248718,0.077670,-0.959546,14.083940,28.360720,354.320100
721.192,21,-0.052195,1.761847,-0.694835,-0.091663,-0.259804,0.072671,-0.958550,12.326840,29.748080,354.614800
721.303,21,-0.060852,1.763787,-0.702571,-0.086249,-0.257643,0.078011,-0.959216,11.868200,29.427190,353.828000
721.413,21,-0.065621,1.766708,-0.703725,-0.074854,-0.257527,0.075404,-0.960412,10.522300,29.448600,353.794000
721.524,21,-0.066298,1.769519,-0.702409,-0.062394,-0.257670,0.069899,-0.961680,8.976415,29.531760,354.056100
721.636,21,-0.064424,1.778953,-0.699850,-0.024366,-0.248610,0.064331,-0.966158,4.535055,28.604270,353.537900
721.748,21,-0.057749,1.796351,-0.694203,0.066287,-0.206237,0.048142,-0.975067,353.718600,24.270100,352.994900
721.861,21,-0.045983,1.807643,-0.686626,0.128043,-0.151273,0.044204,-0.979167,346.268200,18.458130,352.588700
721.973,21,-0.028462,1.814434,-0.674358,0.162558,-0.094478,0.034248,-0.981568,341.780900,11.945740,354.081200
722.085,21,-0.006944,1.821408,-0.658966,0.182645,-0.057192,0.036193,-0.980847,339.258400,7.706938,354.361000
722.197,21,0.011872,1.825504,-0.642727,0.194970,-0.035710,0.038700,-0.979395,337.719500,5.272940,354.435300
722.308,21,0.031609,1.828804,-0.620638,0.202426,-0.003341,0.033947,-0.978703,336.671400,1.265699,355.765600
722.419,21,0.043989,1.830023,-0.605310,0.207804,0.022964,0.029709,-0.977450,335.945900,357.957500,356.953300
722.530,21,0.057408,1.832937,-0.587403,0.216550,0.049099,0.031983,-0.974511,334.836500,354.811900,357.399200
722.642,21,0.068325,1.835706,-0.571452,0.233369,0.063107,0.038297,-0.969582,332.782100,353.251500,357.111700
722.753,21,0.078173,1.837095,-0.551519,0.241158,0.065891,0.043721,-0.967259,331.817200,353.068200,356.565900
722.865,21,0.087449,1.837375,-0.523822,0.237323,0.052980,0.052460,-0.968565,332.271300,354.962100,355.043700
722.976,21,0.093687,1.837555,-0.495292,0.230861,0.035979,0.061334,-0.970385,333.098300,357.332200,353.404900
723.087,21,0.096438,1.840997,-0.459710,0.229464,0.030271,0.067576,-0.970497,333.289800,358.220200,352.456400
723.198,21,0.097967,1.844011,-0.436518,0.227730,0.018392,0.071123,-0.970949,333.586700,359.787500,351.670900
723.309,21,0.100652,1.842338,-0.415977,0.215537,0.010468,0.076890,-0.973408,335.088300,0.806556,350.788900
723.421,21,0.101672,1.839845,-0.409208,0.210278,0.005476,0.082648,-0.974127,335.758700,1.513843,349.975800
723.532,21,0.099972,1.839613,-0.409962,0.207285,0.004218,0.082332,-0.974801,336.120300,1.623708,350.001100
723.643,21,0.098094,1.839190,-0.415961,0.207215,0.009294,0.082233,-0.974789,336.076900,1.000521,350.143900
723.754,21,0.099298,1.838811,-0.422709,0.203061,0.014198,0.082446,-0.975586,336.512600,0.361144,350.263800
723.865,21,0.103066,1.832708,-0.434182,0.163048,0.031028,0.088530,-0.982148,340.987900,358.055600,350.024300
723.975,21,0.107131,1.821027,-0.449183,0.096476,0.049653,0.085731,-0.990393,348.485800,355.210800,350.588400
724.084,21,0.113585,1.806345,-0.477899,0.036339,0.071376,0.080150,-0.993560,355.201400,352.155500,351.105100
724.194,21,0.118280,1.800603,-0.507617,0.019380,0.073856,0.084973,-0.993453,357.073300,351.741600,350.433800
724.304,21,0.120618,1.795588,-0.555056,0.015234,0.068899,0.082214,-0.994114,357.614800,352.264600,350.706000
724.415,21,0.120531,1.793249,-0.590908,0.006852,0.062552,0.088194,-0.994114,358.587200,352.923400,349.947800
724.527,21,0.119250,1.792661,-0.633347,-0.004039,0.056145,0.083712,-0.994899,359.921900,353.546700,350.385200
724.639,21,0.119258,1.791721,-0.662776,-0.007954,0.062147,0.072887,-0.995370,0.388169,352.826200,351.599500
724.751,21,0.124877,1.791263,-0.693111,-0.002637,0.073360,0.074810,-0.994492,359.671700,351.586900,351.420300
724.861,21,0.131878,1.789373,-0.710138,-0.002958,0.082767,0.070388,-0.994076,359.669300,350.504400,351.927000
724.972,21,0.139444,1.789084,-0.720042,-0.001452,0.094709,0.068517,-0.993143,359.421700,349.144700,352.161700
725.084,21,0.144191,1.791105,-0.722728,0.010299,0.120645,0.066661,-0.990402,357.909100,346.245700,352.551000
725.195,21,0.149839,1.792723,-0.716291,0.028437,0.150826,0.066223,-0.985930,355.638400,342.872800,352.971700
725.306,21,0.157575,1.795476,-0.690664,0.049753,0.177107,0.076332,-0.979965,352.845200,339.989900,352.356000
725.418,21,0.161062,1.797328,-0.656930,0.071833,0.197342,0.079888,-0.974430,350.123600,337.745100,352.573500
725.529,21,0.162182,1.805896,-0.603658,0.099087,0.252397,0.077940,-0.959376,346.734300,331.203800,354.130800
725.641,21,0.162429,1.814764,-0.558446,0.108755,0.318492,0.082974,-0.938004,345.115100,323.161300,354.871800
725.752,21,0.164117,1.822749,-0.517703,0.117583,0.376196,0.090761,-0.914556,343.539200,315.952200,355.362200
725.864,21,0.165775,1.827386,-0.482907,0.129172,0.422032,0.106718,-0.890963,341.321800,310.116400,355.086900
725.976,21,0.165169,1.829785,-0.458215,0.138233,0.454636,0.119176,-0.871777,339.550600,305.822700,354.973300
726.087,21,0.161186,1.830251,-0.433390,0.140498,0.489523,0.127944,-0.851034,338.629300,301.117100,355.058600
726.198,21,0.155891,1.829426,-0.418720,0.137380,0.511548,0.133972,-0.837554,338.457500,298.154600,354.827000
726.309,21,0.146546,1.828216,-0.403793,0.130857,0.534206,0.139589,-0.823417,338.614700,295.100500,354.449000
726.421,21,0.138418,1.827529,-0.393711,0.125946,0.548711,0.141454,-0.814275,338.878700,293.108500,354.330800
726.531,21,0.131413,1.826754,-0.385725,0.121771,0.556316,0.141242,-0.809775,339.245500,292.070800,354.276100
726.643,21,0.125043,1.825876,-0.379931,0.122141,0.558371,0.138285,-0.808814,339.389900,291.734600,354.648700
726.754,21,0.118595,1.826833,-0.376117,0.143290,0.559246,0.138193,-0.804745,337.344300,291.180300,356.138200
726.865,21,0.105342,1.827628,-0.370227,0.157605,0.554273,0.141175,-0.804992,335.780100,291.611100,356.694900
726.977,21,0.086403,1.826607,-0.366629,0.154420,0.554782,0.133832,-0.806511,336.573100,291.530400,357.218000
727.088,21,0.054388,1.824533,-0.364344,0.153629,0.559124,0.126896,-0.804783,337.096700,290.829700,357.981000
727.199,21,0.024418,1.821807,-0.362961,0.155785,0.559160,0.123333,-0.804897,337.125900,290.730800,358.487300
727.310,21,-0.018365,1.821857,-0.364114,0.151750,0.557515,0.118577,-0.807520,337.833500,291.027600,358.620200
727.421,21,-0.058556,1.821743,-0.368941,0.147013,0.569637,0.111562,-0.800909,338.740800,289.285600,359.310600
727.531,21,-0.098022,1.820340,-0.375483,0.139785,0.591308,0.105893,-0.787148,339.800200,286.187200,359.914800
727.643,21,-0.137775,1.816782,-0.377884,0.132642,0.604198,0.099461,-0.779396,340.916200,284.379900,0.318013
727.754,21,-0.172462,1.811747,-0.376172,0.125623,0.609636,0.094081,-0.776988,341.945200,283.696800,0.419963
727.865,21,-0.214107,1.803946,-0.367750,0.114354,0.617599,0.090720,-0.772829,343.213300,282.731300,0.061455
727.976,21,-0.241817,1.798262,-0.358287,0.106737,0.620162,0.090081,-0.771940,343.947500,282.500800,359.601400
728.088,21,-0.271588,1.792290,-0.346386,0.103848,0.623045,0.089619,-0.770064,344.239800,282.119600,359.486800
728.198,21,-0.288837,1.788707,-0.338853,0.100234,0.627027,0.087436,-0.767558,344.720900,281.576400,359.493700
728.309,21,-0.301981,1.786128,-0.330695,0.091544,0.631978,0.088514,-0.764454,345.413500,280.987300,358.838200
728.421,21,-0.306909,1.787616,-0.326123,0.091127,0.630968,0.094677,-0.764599,344.999500,281.171800,358.233100
728.531,21,-0.311120,1.786811,-0.323154,0.091800,0.630714,0.090042,-0.765288,345.280400,281.181000,358.695600
728.643,21,-0.309609,1.788054,-0.320388,0.092273,0.627394,0.092930,-0.767611,345.032700,281.689000,358.405300
728.754,21,-0.298551,1.791522,-0.319693,0.096386,0.621881,0.092691,-0.771610,344.690700,282.450600,358.624100
728.865,21,-0.270458,1.800263,-0.322137,0.103175,0.615260,0.100949,-0.774996,343.492500,283.364600,358.236200
728.976,21,-0.236174,1.806539,-0.328017,0.112431,0.608614,0.104692,-0.778453,342.393500,284.205000,358.428500
729.087,21,-0.171512,1.813286,-0.340658,0.120723,0.602288,0.102308,-0.782438,341.811000,284.966600,359.114700
729.199,21,-0.110784,1.817434,-0.352304,0.122181,0.601077,0.101022,-0.783309,341.768700,285.108100,359.313300
729.309,21,-0.030293,1.816551,-0.368125,0.106297,0.603580,0.097630,-0.784131,343.467700,285.041300,358.518000
729.420,21,0.038721,1.816467,-0.384003,0.106421,0.603236,0.096897,-0.784469,343.508600,285.086000,358.587800
729.531,21,0.099337,1.817505,-0.399641,0.107685,0.602452,0.100789,-0.784409,343.119400,285.201200,358.301100
729.642,21,0.144655,1.816837,-0.414137,0.104491,0.596193,0.104413,-0.789135,343.177100,286.213800,357.593100
729.752,21,0.169007,1.817398,-0.427198,0.110288,0.595204,0.101501,-0.789473,342.844500,286.235000,358.262200
729.863,21,0.176238,1.815529,-0.432161,0.105796,0.597750,0.096846,-0.788747,343.580200,285.913500,358.429100
729.974,21,0.177892,1.815565,-0.434147,0.105530,0.598253,0.092709,-0.788899,343.893000,285.819900,358.806600
730.085,21,0.185492,1.814751,-0.438928,0.100982,0.602698,0.087721,-0.786678,344.655700,285.216800,359.031900
730.196,21,0.195323,1.812457,-0.443977,0.094071,0.607748,0.087876,-0.783627,345.271100,284.587800,358.614700
730.307,21,0.204581,1.811625,-0.450147,0.094235,0.607353,0.087201,-0.783989,345.304500,284.640500,358.681300
730.418,21,0.207078,1.811497,-0.453340,0.097074,0.607604,0.086017,-0.783579,345.128100,284.548800,359.001800
730.529,21,0.205825,1.812628,-0.452265,0.101938,0.607412,0.089886,-0.782675,344.409200,284.509200,358.996700
730.641,21,0.199507,1.814309,-0.446710,0.106968,0.601620,0.093819,-0.786009,343.677500,285.299100,358.878900
730.752,21,0.189653,1.815027,-0.439096,0.105643,0.599551,0.096205,-0.787479,343.635800,285.645300,358.516400
730.863,21,0.178197,1.816044,-0.430602,0.105493,0.597091,0.098096,-0.789133,343.522400,286.024300,358.276400
730.976,21,0.166605,1.816407,-0.424063,0.104395,0.597424,0.100029,-0.788784,343.488400,286.006300,358.023600
731.086,21,0.148624,1.818704,-0.416911,0.115421,0.594859,0.102989,-0.788806,342.264900,286.194400,358.486500
731.197,21,0.130992,1.819828,-0.412010,0.119315,0.597418,0.104672,-0.786066,341.781300,285.742400,358.673100
731.309,21,0.101603,1.821254,-0.406535,0.123511,0.599391,0.107256,-0.783564,341.207900,285.371900,358.788200
731.421,21,0.070203,1.822379,-0.402595,0.129569,0.603048,0.107831,-0.779691,340.603600,284.683400,359.278500
731.531,21,0.038809,1.822851,-0.399913,0.129529,0.605964,0.109031,-0.777266,340.519000,284.249900,359.239500
731.643,21,0.007876,1.821965,-0.398578,0.130751,0.603138,0.108706,-0.779302,340.432500,284.646900,359.288100
731.754,21,-0.019600,1.821042,-0.398186,0.130506,0.601077,0.108547,-0.780956,340.468300,284.963800,359.230700
731.865,21,-0.054962,1.817806,-0.398304,0.127020,0.599116,0.106187,-0.783358,340.959200,285.326200,359.141400
731.976,21,-0.080032,1.815243,-0.398354,0.123197,0.595870,0.102361,-0.786946,341.585700,285.874300,359.137200
732.088,21,-0.110165,1.811106,-0.396836,0.122357,0.590489,0.097806,-0.791698,341.986200,286.664000,359.375500
732.198,21,-0.129680,1.807559,-0.395046,0.116149,0.589328,0.097866,-0.793489,342.561900,286.966700,358.894200
732.309,21,-0.148384,1.804494,-0.395570,0.110079,0.586731,0.095305,-0.796584,343.309000,287.451300,358.644200
732.420,21,-0.158160,1.803409,-0.398309,0.106851,0.586177,0.093151,-0.797685,343.759300,287.578300,358.606900
732.531,21,-0.163209,1.803566,-0.401671,0.107257,0.585997,0.092180,-0.797876,343.788100,287.591300,358.723500
732.643,21,-0.166031,1.803873,-0.404321,0.107690,0.586008,0.091062,-0.797938,343.824200,287.574700,358.859900
732.753,21,-0.165986,1.803278,-0.406219,0.107105,0.587004,0.089894,-0.797417,343.957500,287.432100,358.949200
732.865,21,-0.160431,1.804013,-0.407328,0.107913,0.588083,0.090974,-0.796390,343.806500,287.265600,358.927400
732.976,21,-0.148173,1.806507,-0.408393,0.109364,0.587033,0.093427,-0.796683,343.504200,287.408300,358.777100
733.087,21,-0.116722,1.812268,-0.413319,0.113966,0.581204,0.095333,-0.800078,342.951600,288.188400,358.797000
733.198,21,-0.079622,1.818228,-0.420027,0.115827,0.577277,0.094765,-0.802717,342.820700,288.722900,358.895800
733.309,21,-0.022645,1.821161,-0.431201,0.107905,0.581354,0.090082,-0.801417,343.877400,288.245000,358.871300
733.420,21,0.028776,1.819924,-0.439198,0.096403,0.588309,0.079402,-0.798933,345.672500,287.366400,359.205000
733.531,21,0.077112,1.815858,-0.443219,0.080423,0.590563,0.071589,-0.799776,347.690200,287.238300,358.855200
733.641,21,0.121623,1.812612,-0.446878,0.064912,0.583332,0.063634,-0.807131,349.687000,288.428900,358.427900
733.752,22,0.159743,1.811182,-0.456821,0.051346,0.580659,0.061371,-0.810205,351.113800,288.922500,357.690300
733.862,22,0.194912,1.808977,-0.474663,0.044291,0.572881,0.056131,-0.816514,352.146500,290.054200,357.632800
733.973,22,0.224163,1.806718,-0.498197,0.040463,0.558560,0.059378,-0.826346,352.345100,292.092300,356.938500
734.085,22,0.244688,1.799242,-0.525860,0.018265,0.533617,0.059420,-0.843439,354.593200,295.579300,355.348100
734.196,22,0.254245,1.794305,-0.552645,-0.008104,0.503003,0.054773,-0.862509,357.643200,299.621200,354.103900
734.307,22,0.260577,1.790636,-0.589484,-0.031367,0.465483,0.050487,-0.883059,0.481091,304.381600,353.201900
734.418,22,0.267081,1.792556,-0.618817,-0.018900,0.446558,0.056825,-0.892748,359.025600,306.908900,353.202700
734.529,22,0.274374,1.788689,-0.651861,-0.015610,0.443196,0.047533,-0.895028,359.186900,307.353300,354.322200
734.640,22,0.281188,1.784406,-0.673934,-0.025305,0.447734,0.042409,-0.892802,0.413021,306.712800,354.353600
734.751,22,0.284256,1.779242,-0.691891,-0.048608,0.458771,0.026248,-0.886836,3.562201,305.130700,354.759800
734.862,22,0.284546,1.777332,-0.704419,-0.058577,0.464825,0.020441,-0.883226,4.845513,304.265300,354.785200
734.973,22,0.285961,1.775801,-0.712674,-0.063925,0.461335,0.016657,-0.884763,5.609544,304.672900,354.900700
735.084,22,0.284877,1.772389,-0.715448,-0.077545,0.448809,0.014355,-0.890141,7.190374,306.139400,354.495900
735.195,22,0.279598,1.767324,-0.710540,-0.092974,0.429052,0.012780,-0.898391,8.979856,308.474500,354.029400
735.306,22,0.262408,1.760719,-0.690981,-0.103132,0.398345,0.012807,-0.911329,10.239960,312.227400,353.845200
735.417,22,0.241887,1.752541,-0.664950,-0.109460,0.379908,0.006230,-0.918504,11.323310,314.509100,354.462700
735.528,22,0.206995,1.735638,-0.614716,-0.119602,0.365057,-0.003661,-0.923263,12.915920,316.315500,355.258800
735.639,22,0.173627,1.716221,-0.562068,-0.123732,0.360414,-0.015455,-0.924421,13.880680,316.964400,356.420200
735.750,22,0.128657,1.684234,-0.482465,-0.136434,0.360460,-0.021885,-0.922483,15.515220,316.843800,356.550300
735.861,22,0.085643,1.655825,-0.405497,-0.142480,0.365125,-0.032884,-0.919403,16.619040,316.299900,357.393400
735.972,22,0.041131,1.628110,-0.331872,-0.148004,0.372449,-0.036562,-0.915445,17.350420,315.325300,357.399500
736.084,22,-0.001228,1.597793,-0.270785,-0.154885,0.374231,-0.040666,-0.913405,18.263140,315.037200,357.487100
736.195,22,-0.032687,1.569971,-0.230584,-0.160846,0.368806,-0.045486,-0.914353,19.128670,315.704000,357.849000
736.306,22,-0.064788,1.531816,-0.191938,-0.160271,0.347165,-0.053449,-0.922460,19.438750,318.620700,359.230000
736.417,22,-0.081892,1.502536,-0.167961,-0.163887,0.326768,-0.057026,-0.929038,19.985510,321.231400,359.930100
736.528,22,-0.096284,1.473879,-0.144751,-0.178221,0.309791,-0.060740,-0.931975,21.705020,323.259100,0.172275
736.640,22,-0.104224,1.460653,-0.131274,-0.185207,0.305935,-0.060131,-0.931926,22.457040,323.636400,359.922700
736.751,22,-0.110565,1.446024,-0.118983,-0.192248,0.302743,-0.062782,-0.931368,23.335910,323.993200,0.033852
736.862,22,-0.113458,1.437248,-0.111077,-0.201234,0.299284,-0.066691,-0.930315,24.477830,324.383500,0.228836
736.973,22,-0.114641,1.432730,-0.105304,-0.205688,0.298111,-0.067059,-0.929691,24.988410,324.471200,0.129763
737.084,22,-0.114667,1.428517,-0.100336,-0.209940,0.294997,-0.067466,-0.929705,25.478320,324.814100,0.100473
737.195,22,-0.114884,1.425424,-0.096763,-0.213173,0.294371,-0.068120,-0.929119,25.863650,324.856500,0.068797
737.306,22,-0.115067,1.424399,-0.094349,-0.215731,0.296504,-0.068404,-0.927829,26.160520,324.540800,359.936500
737.418,22,-0.117297,1.431108,-0.100172,-0.216314,0.308220,-0.063591,-0.924210,26.042630,322.880400,358.992300
737.529,22,-0.124332,1.449329,-0.123567,-0.208891,0.341712,-0.054749,-0.914659,24.805840,318.437400,357.309700
737.640,22,-0.134582,1.467190,-0.152547,-0.201818,0.377004,-0.045812,-0.902795,23.512110,313.765100,355.656100
737.751,22,-0.150334,1.485270,-0.197161,-0.191423,0.414431,-0.045030,-0.888581,22.179760,309.036300,355.128500
737.862,22,-0.164848,1.496868,-0.243371,-0.184990,0.436986,-0.049966,-0.878820,21.642510,306.251500,355.442800
737.973,22,-0.177174,1.516456,-0.296398,-0.172500,0.451155,-0.049452,-0.874218,20.256620,304.650700,355.770900
738.084,22,-0.188842,1.546789,-0.357418,-0.165015,0.466393,-0.045710,-0.867847,19.211340,302.724500,355.469900
738.195,22,-0.194233,1.580657,-0.413386,-0.172910,0.473678,-0.038761,-0.862687,19.575890,301.440500,354.095200
738.306,22,-0.193167,1.621852,-0.479452,-0.189314,0.458664,-0.042663,-0.867161,21.559490,303.076500,353.847800
738.417,22,-0.190096,1.645160,-0.517887,-0.220607,0.433813,-0.054462,-0.871879,25.590630,305.698400,353.861900
738.528,22,-0.182960,1.667426,-0.547978,-0.259874,0.384141,-0.049498,-0.884563,29.853160,311.070000,352.574400
738.639,22,-0.183145,1.680742,-0.555862,-0.261199,0.330204,-0.049408,-0.905704,30.382300,318.437900,354.478900
738.749,22,-0.195161,1.684023,-0.552937,-0.274652,0.276556,-0.047330,-0.919697,32.098180,325.263900,355.609300
738.861,22,-0.217147,1.681374,-0.535584,-0.279606,0.243760,-0.033933,-0.928036,32.378560,329.119000,355.018600
738.971,22,-0.250610,1.679762,-0.503895,-0.281726,0.208302,-0.012569,-0.936527,32.203270,333.081400,353.633700
739.082,22,-0.290448,1.689450,-0.466342,-0.285685,0.173664,0.001996,-0.942455,32.533790,337.068900,352.983300
739.193,22,-0.326991,1.697227,-0.437934,-0.275552,0.146248,0.009597,-0.950048,31.383810,340.627800,353.351900
739.305,22,-0.360183,1.699639,-0.417611,-0.289892,0.120365,0.010179,-0.949406,33.229870,343.722900,353.884500
739.416,22,-0.387951,1.702512,-0.398437,-0.287989,0.094732,0.014673,-0.952824,33.094710,346.963500,354.346900
739.527,22,-0.426887,1.701813,-0.372319,-0.288436,0.045134,0.013491,-0.956340,33.399070,353.527600,356.439900
739.638,22,-0.462340,1.699629,-0.351052,-0.280225,0.003865,0.016986,-0.959776,32.532330,358.848800,357.636200
739.749,22,-0.510210,1.694901,-0.325540,-0.272254,-0.048040,0.025674,-0.960682,31.706390,5.282236,358.439300
739.860,22,-0.549933,1.695680,-0.300925,-0.274054,-0.088276,0.045281,-0.956583,32.161340,9.798364,357.410600
739.972,22,-0.577127,1.699113,-0.276638,-0.266664,-0.114184,0.057588,-0.955268,31.508330,12.700390,356.696700
740.084,22,-0.589291,1.696452,-0.263610,-0.268931,-0.136844,0.073020,-0.950588,32.091310,15.113340,355.584800
740.195,22,-0.592858,1.694503,-0.260212,-0.270377,-0.154448,0.077930,-0.947084,32.426190,17.257430,355.645200
740.305,22,-0.593498,1.694916,-0.261311,-0.268474,-0.162061,0.080778,-0.946115,32.289440,18.146270,355.533500
740.415,22,-0.591205,1.695334,-0.264936,-0.269910,-0.165554,0.082069,-0.944990,32.499920,18.570060,355.529400
740.516,22,-0.588295,1.695979,-0.268137,-0.268488,-0.166685,0.080945,-0.945293,32.315720,18.750900,355.689000
740.626,22,-0.584443,1.698485,-0.273559,-0.266493,-0.160457,0.079632,-0.947045,32.026790,17.963940,355.582000
740.736,22,-0.574873,1.699261,-0.279292,-0.257575,-0.153502,0.079425,-0.950676,30.938900,17.012060,355.188800
740.846,22,-0.544942,1.694315,-0.291526,-0.262594,-0.144647,0.068941,-0.951509,31.309820,16.248690,356.293600
740.960,22,-0.509508,1.695065,-0.300212,-0.258326,-0.130652,0.062173,-0.955161,30.645960,14.641480,356.583600
741.072,22,-0.464423,1.698778,-0.313423,-0.254490,-0.115171,0.055900,-0.958564,30.050720,12.839160,356.784700
741.181,22,-0.430612,1.699023,-0.325987,-0.256836,-0.107834,0.059999,-0.958544,30.352400,11.762080,356.037500
741.294,22,-0.397125,1.698630,-0.334953,-0.256083,-0.106789,0.061768,-0.958751,30.280350,11.565310,355.766800
741.406,22,-0.370484,1.698825,-0.339229,-0.256125,-0.101797,0.064383,-0.959110,30.292340,10.833200,355.259800
741.520,22,-0.351921,1.698556,-0.341000,-0.256789,-0.101054,0.071981,-0.958471,30.450730,10.476200,354.269000
741.633,22,-0.331746,1.698509,-0.342406,-0.256327,-0.106918,0.078417,-0.957453,30.504790,11.009440,353.646200
741.734,22,-0.319586,1.698543,-0.345544,-0.256463,-0.110809,0.085535,-0.956364,30.630540,11.263930,352.872300
741.846,22,-0.307734,1.698482,-0.351179,-0.256792,-0.119944,0.091428,-0.954627,30.811420,12.237490,352.442500
741.958,22,-0.300986,1.698620,-0.356619,-0.254983,-0.127736,0.093908,-0.953860,30.692290,13.160980,352.381200
742.072,22,-0.296923,1.699613,-0.361461,-0.254254,-0.130361,0.097212,-0.953368,30.673160,13.386780,352.042600
742.173,22,-0.296735,1.700313,-0.362810,-0.252985,-0.127541,0.096762,-0.954133,30.493810,13.039980,351.987100
742.287,22,-0.297736,1.700114,-0.362685,-0.254159,-0.127483,0.094189,-0.954086,30.596870,13.119550,352.327100
742.387,22,-0.299815,1.698863,-0.362451,-0.258344,-0.125862,0.091457,-0.953443,31.041140,13.000890,352.666400
742.500,22,-0.301361,1.699971,-0.362328,-0.255946,-0.123443,0.087274,-0.954797,30.683730,12.835560,353.089800
742.613,22,-0.302635,1.700502,-0.361650,-0.255653,-0.121158,0.085634,-0.955316,30.611230,12.597230,353.215900
742.714,22,-0.303293,1.700487,-0.362319,-0.256043,-0.119137,0.082406,-0.955750,30.601330,12.447880,353.562100
742.828,22,-0.304023,1.700261,-0.362472,-0.257428,-0.117299,0.078232,-0.955956,30.699310,12.355360,354.046800
742.942,22,-0.306717,1.701429,-0.362250,-0.257616,-0.106500,0.072445,-0.957624,30.585890,11.161840,354.408600
743.053,22,-0.308523,1.702528,-0.361625,-0.255414,-0.099507,0.070147,-0.959136,30.259300,10.340930,354.437200
743.165,22,-0.309411,1.703431,-0.362520,-0.254572,-0.096536,0.068104,-0.959810,30.121130,10.029510,354.587800
743.277,22,-0.309832,1.704386,-0.363135,-0.253109,-0.094793,0.067638,-0.960404,29.933610,9.822480,354.574900
743.388,22,-0.309718,1.704754,-0.365426,-0.254244,-0.095574,0.068654,-0.959954,30.082630,9.887381,354.481600
743.499,22,-0.309940,1.705783,-0.367131,-0.252979,-0.093411,0.066930,-0.960623,29.903330,9.669404,354.616800
743.610,22,-0.309949,1.705540,-0.368427,-0.254475,-0.089879,0.065201,-0.960684,30.043740,9.274242,354.728500
743.721,22,-0.309536,1.705725,-0.368285,-0.254263,-0.089336,0.064072,-0.960866,30.004900,9.243140,354.852300
743.832,22,-0.309358,1.705764,-0.366613,-0.253791,-0.085845,0.063420,-0.961353,29.924180,8.818264,354.812300
743.943,22,-0.308627,1.705607,-0.366231,-0.255530,-0.084460,0.062989,-0.961043,30.118540,8.653729,354.832600
744.055,22,-0.308008,1.705452,-0.364997,-0.255755,-0.084847,0.062417,-0.960986,30.142030,8.722718,354.920600
744.166,22,-0.308100,1.705108,-0.365309,-0.256671,-0.082623,0.062141,-0.960954,30.236200,8.445845,354.885700
744.277,22,-0.307570,1.705252,-0.365649,-0.256347,-0.081613,0.062134,-0.961127,30.192420,8.316832,354.849400
744.382,22,-0.306932,1.704951,-0.367506,-0.257106,-0.084441,0.062658,-0.960646,30.301970,8.661122,354.885700
744.493,22,-0.306496,1.705267,-0.368883,-0.256363,-0.086127,0.062905,-0.960679,30.225170,8.869778,354.907000
744.605,22,-0.307028,1.705863,-0.370766,-0.255080,-0.084867,0.063059,-0.961122,30.068120,8.703918,354.834400
744.716,22,-0.307222,1.706100,-0.371874,-0.254623,-0.084951,0.063355,-0.961216,30.017180,8.705095,354.796100
744.827,22,-0.307370,1.706289,-0.373820,-0.254449,-0.085943,0.063523,-0.961163,30.003490,8.826746,354.807400
744.939,22,-0.307924,1.706523,-0.375642,-0.255060,-0.085003,0.063846,-0.961063,30.073520,8.694634,354.738400
745.051,22,-0.309697,1.707856,-0.381445,-0.254216,-0.076273,0.063021,-0.962073,29.918140,7.605803,354.539200
745.160,22,-0.310862,1.708737,-0.392861,-0.256053,-0.067361,0.061796,-0.962331,30.075450,6.502535,354.400300
745.272,22,-0.311369,1.710410,-0.407816,-0.252037,-0.061948,0.061421,-0.963778,29.565900,5.836424,354.248500
745.384,22,-0.311907,1.711400,-0.426167,-0.243084,-0.057861,0.055915,-0.966662,28.452570,5.526995,354.781300
745.496,22,-0.313512,1.711939,-0.443567,-0.238938,-0.052210,0.051150,-0.968280,27.908340,4.976898,355.189600
745.606,22,-0.318983,1.716750,-0.465926,-0.231490,-0.061161,0.053967,-0.969412,27.091910,6.034635,355.082500
745.717,22,-0.327968,1.718068,-0.480156,-0.225612,-0.073987,0.053376,-0.969936,26.458900,7.667006,355.505400
745.829,22,-0.341521,1.723095,-0.492613,-0.226948,-0.084405,0.059518,-0.968415,26.718460,8.787783,355.057000
745.943,22,-0.348340,1.724898,-0.494900,-0.226212,-0.085035,0.050770,-0.969030,26.554360,9.123319,356.158800
746.056,22,-0.349813,1.720705,-0.495968,-0.238454,-0.082666,0.053951,-0.966124,28.012970,8.730406,355.789300
746.161,22,-0.348919,1.721086,-0.497851,-0.237901,-0.085704,0.058445,-0.965734,28.002850,8.974170,355.315500
746.275,22,-0.347877,1.721550,-0.497943,-0.239214,-0.085856,0.057631,-0.965445,28.150650,9.018216,355.433200
746.375,22,-0.345928,1.719778,-0.497602,-0.244386,-0.088237,0.058237,-0.963897,28.777140,9.299523,355.475600
746.481,22,-0.343714,1.719139,-0.496376,-0.245198,-0.089494,0.059063,-0.963525,28.886820,9.432611,355.419100
746.582,22,-0.342451,1.717907,-0.495249,-0.249357,-0.090751,0.057975,-0.962405,29.372680,9.629034,355.634600
746.689,22,-0.341349,1.716902,-0.493390,-0.253545,-0.090486,0.055972,-0.961455,29.846120,9.664554,355.917800
746.789,22,-0.340335,1.715870,-0.491133,-0.256431,-0.088397,0.053552,-0.961021,30.154860,9.481647,356.180900
746.890,22,-0.339055,1.715457,-0.486836,-0.255935,-0.086277,0.051141,-0.961477,30.064560,9.291121,356.410800
746.997,22,-0.338428,1.712879,-0.478181,-0.256806,-0.082888,0.048540,-0.961678,30.130780,8.946083,356.633600
747.097,22,-0.337972,1.706805,-0.463722,-0.262072,-0.082043,0.044911,-0.960505,30.717920,8.971684,357.114800
747.218,22,-0.338053,1.696630,-0.433648,-0.264856,-0.079062,0.044305,-0.960020,31.033510,8.613646,357.111000
747.330,22,-0.336977,1.687330,-0.406677,-0.262663,-0.076062,0.043190,-0.960915,30.754720,8.261924,357.128800
747.445,22,-0.335207,1.671573,-0.376584,-0.265510,-0.075239,0.042620,-0.960223,31.085050,8.180615,357.196000
747.557,22,-0.332423,1.652769,-0.346560,-0.267533,-0.071092,0.041346,-0.960033,31.302650,7.692948,357.226300
747.664,22,-0.326412,1.625057,-0.308187,-0.275068,-0.068231,0.038798,-0.958215,32.170700,7.426892,357.507000
747.764,22,-0.322242,1.604357,-0.281783,-0.281670,-0.064088,0.037330,-0.956641,32.935810,6.952277,357.588100
747.877,22,-0.318522,1.587394,-0.260576,-0.289286,-0.060523,0.036664,-0.954624,33.831740,6.521164,357.586300
747.986,22,-0.316310,1.575038,-0.241507,-0.295411,-0.058604,0.035075,-0.952926,34.549650,6.341054,357.757800
748.095,22,-0.316063,1.569972,-0.230213,-0.296962,-0.056457,0.033041,-0.952646,34.717450,6.141896,357.948800
748.205,22,-0.317221,1.561227,-0.216927,-0.304628,-0.052032,0.031111,-0.950540,35.616700,5.644910,358.065400
748.317,22,-0.317162,1.556073,-0.208555,-0.310588,-0.050106,0.032762,-0.948658,36.339370,5.322171,357.792000
748.428,22,-0.316634,1.549846,-0.199516,-0.316287,-0.052257,0.031755,-0.946691,37.025510,5.668397,358.057100
748.540,22,-0.316462,1.543739,-0.193495,-0.321314,-0.050060,0.032005,-0.945107,37.629700,5.365528,357.950300
748.650,22,-0.315835,1.537822,-0.187297,-0.325518,-0.048527,0.032410,-0.943733,38.137450,5.142105,357.844800
748.761,22,-0.315353,1.535111,-0.184554,-0.328019,-0.048207,0.031773,-0.942905,38.436370,5.131879,357.930100
748.872,22,-0.315478,1.533308,-0.183596,-0.329550,-0.047911,0.030683,-0.942422,38.615470,5.145991,358.074500
748.984,22,-0.316199,1.535432,-0.185515,-0.326534,-0.046574,0.030199,-0.943554,38.244490,4.979350,358.061000
749.095,22,-0.317712,1.541860,-0.194000,-0.321905,-0.044974,0.029849,-0.945232,37.678830,4.769379,358.010700
749.206,22,-0.321467,1.558512,-0.217358,-0.306326,-0.052464,0.029350,-0.950027,35.811170,5.782403,358.330600
749.317,22,-0.328046,1.574740,-0.242152,-0.291259,-0.062098,0.026747,-0.954252,33.999840,7.132316,358.972100
749.428,22,-0.341258,1.595979,-0.281872,-0.275065,-0.070425,0.027383,-0.958452,32.081790,8.137511,359.070300
749.539,22,-0.352754,1.613139,-0.316425,-0.264359,-0.075479,0.028799,-0.961035,30.828030,8.697276,358.969300
749.651,22,-0.366293,1.635675,-0.361775,-0.245277,-0.075706,0.032627,-0.965942,28.606190,8.531928,358.309900
749.763,22,-0.375530,1.648690,-0.398289,-0.234272,-0.079019,0.035140,-0.968317,27.338940,8.843540,357.998100
749.874,22,-0.381785,1.657106,-0.425399,-0.226512,-0.085017,0.035670,-0.969635,26.444680,9.560641,358.037700
749.986,22,-0.387662,1.661731,-0.452125,-0.222492,-0.088489,0.036281,-0.970232,25.986420,9.965922,358.022000
750.096,22,-0.390691,1.664390,-0.468585,-0.219807,-0.090673,0.038460,-0.970559,25.699130,10.169740,357.787000
750.207,22,-0.392765,1.665826,-0.485107,-0.218925,-0.089675,0.039290,-0.970817,25.602170,10.020270,357.647100
750.319,22,-0.392702,1.670896,-0.497196,-0.213477,-0.091445,0.043428,-0.971689,25.012070,10.116100,357.131300
750.429,22,-0.391865,1.677222,-0.509723,-0.204866,-0.097092,0.045672,-0.972891,24.047420,10.741770,356.918800
750.541,22,-0.390626,1.679889,-0.515436,-0.201612,-0.098634,0.044250,-0.973481,23.657010,10.963070,357.097500
750.651,22,-0.385301,1.678965,-0.513190,-0.198418,-0.099715,0.041906,-0.974131,23.261420,11.148840,357.375200
750.763,22,-0.374096,1.673312,-0.500882,-0.196216,-0.104391,0.037802,-0.974255,22.968230,11.818260,357.965100
750.873,22,-0.362742,1.664410,-0.482643,-0.199662,-0.104480,0.036202,-0.973606,23.350090,11.879070,358.204100
750.985,22,-0.353131,1.655449,-0.461343,-0.200712,-0.101635,0.037152,-0.973656,23.478160,11.508810,358.028900
751.096,22,-0.346199,1.645773,-0.439298,-0.203176,-0.100050,0.035658,-0.973364,23.744790,11.358820,358.199400
751.207,22,-0.338665,1.628794,-0.406249,-0.212527,-0.097685,0.032201,-0.971727,24.792160,11.188810,358.670700
751.318,22,-0.333031,1.616282,-0.378931,-0.220085,-0.094881,0.030758,-0.970368,25.655750,10.909480,358.860300
751.429,22,-0.324666,1.600221,-0.342811,-0.227937,-0.092660,0.028754,-0.968830,26.550930,10.722740,359.136900
751.541,22,-0.316133,1.585435,-0.311527,-0.236800,-0.094031,0.027778,-0.966598,27.581200,10.967070,359.407400
751.651,22,-0.307753,1.573013,-0.282449,-0.242543,-0.094740,0.029046,-0.965067,28.271030,11.047920,359.342600
751.762,22,-0.301551,1.563106,-0.257471,-0.247976,-0.094270,0.029082,-0.963730,28.910820,11.016630,359.391200
751.873,22,-0.297135,1.554734,-0.235833,-0.250589,-0.091065,0.025617,-0.963461,29.178370,10.735430,359.755700
751.985,22,-0.293998,1.545917,-0.216498,-0.255199,-0.086215,0.024413,-0.962728,29.708200,10.182120,359.801900
752.096,22,-0.290617,1.537758,-0.200538,-0.258252,-0.084257,0.023931,-0.962099,30.063590,9.965014,359.832600
752.208,22,-0.285593,1.526190,-0.180515,-0.264895,-0.082110,0.024058,-0.960474,30.850490,9.722672,359.819000
752.319,22,-0.281950,1.518184,-0.165598,-0.270334,-0.080718,0.024728,-0.959058,31.501760,9.549941,359.745300
752.429,22,-0.276504,1.508914,-0.147704,-0.274424,-0.079376,0.025429,-0.957990,31.993820,9.373204,359.651700
752.541,22,-0.272973,1.501035,-0.133021,-0.278600,-0.077602,0.024987,-0.956941,32.485430,9.181694,359.688800
752.652,22,-0.269338,1.494313,-0.118319,-0.282297,-0.076633,0.025085,-0.955933,32.926140,9.072010,359.679700
752.763,22,-0.266875,1.486524,-0.103178,-0.281756,-0.075069,0.024562,-0.956230,32.856320,8.883630,359.681300
752.875,22,-0.264665,1.476975,-0.090666,-0.283465,-0.071947,0.025672,-0.955935,33.068610,8.440038,359.433000
752.986,22,-0.261835,1.462508,-0.075639,-0.290799,-0.070932,0.026817,-0.953774,33.953390,8.297766,359.316100
753.097,22,-0.262650,1.457079,-0.068682,-0.298953,-0.069094,0.028112,-0.951348,34.938850,8.040024,359.148900
753.208,22,-0.267386,1.467170,-0.061703,-0.304450,-0.066181,0.026539,-0.949856,35.582890,7.742486,359.287100
753.319,22,-0.270445,1.479346,-0.053161,-0.309601,-0.066519,0.021947,-0.948283,36.163970,8.014993,359.969100
753.430,22,-0.271970,1.485138,-0.033095,-0.318383,-0.068020,0.021268,-0.945280,37.215550,8.306761,0.223409
753.541,22,-0.272072,1.484575,0.004300,-0.325206,-0.074528,0.016806,-0.942552,37.992090,9.462351,1.221003
753.653,22,-0.272362,1.476495,0.062545,-0.324076,-0.083966,0.014119,-0.942192,37.810660,10.876340,2.017725
753.764,22,-0.272450,1.458032,0.129554,-0.330649,-0.091063,0.016560,-0.939204,38.616920,11.824140,2.135403
753.875,22,-0.273544,1.434586,0.185666,-0.338498,-0.094667,0.012313,-0.936112,39.499740,12.643880,3.048541
753.986,22,-0.275207,1.408967,0.248598,-0.342654,-0.091223,0.010577,-0.934962,39.991010,12.309180,3.197810
754.097,22,-0.274263,1.392370,0.287996,-0.343522,-0.092344,0.012969,-0.934503,40.123780,12.360390,2.938993
754.209,22,-0.274347,1.372615,0.326953,-0.344040,-0.092881,0.013845,-0.934247,40.196300,12.399820,2.854523
754.320,22,-0.275441,1.361075,0.347948,-0.345898,-0.091258,0.015427,-0.933696,40.446870,12.116950,2.585013
754.431,22,-0.277345,1.350742,0.363211,-0.349702,-0.089072,0.018216,-0.932439,40.949790,11.716000,2.149439
754.542,22,-0.278499,1.346099,0.369386,-0.353296,-0.089823,0.018453,-0.931007,41.388110,11.861630,2.223540
754.653,22,-0.278795,1.346978,0.369895,-0.351342,-0.090498,0.017975,-0.931690,41.142720,11.955560,2.290468
754.765,22,-0.280695,1.359588,0.359980,-0.344317,-0.090677,0.017206,-0.934306,40.279380,11.921340,2.275549
754.876,22,-0.284283,1.383064,0.339069,-0.332231,-0.090071,0.014946,-0.938769,38.790040,11.784030,2.337282
754.987,22,-0.292713,1.424033,0.292755,-0.309710,-0.085505,0.013660,-0.946880,36.075570,10.945520,1.921070
755.098,22,-0.299859,1.454293,0.240641,-0.300435,-0.080358,0.012692,-0.950326,34.964090,10.198820,1.689476
755.209,22,-0.307664,1.486709,0.162300,-0.291535,-0.077906,0.009069,-0.953339,33.867610,9.934727,1.941596
755.320,22,-0.313133,1.510261,0.094755,-0.284413,-0.074583,0.006486,-0.955775,32.999800,9.531734,2.051800
755.431,22,-0.317374,1.529708,0.034521,-0.276996,-0.078207,0.003635,-0.957676,32.080730,10.044450,2.459737
755.542,22,-0.321769,1.542070,-0.018444,-0.274406,-0.084241,0.004935,-0.957904,31.772030,10.757440,2.479419
755.654,22,-0.320035,1.552718,-0.064745,-0.273416,-0.116445,0.012946,-0.954734,31.674570,14.651910,2.623593
755.765,22,-0.301625,1.563909,-0.107221,-0.270943,-0.215364,0.020120,-0.937978,31.127510,27.337510,5.292423
755.875,22,-0.280505,1.570299,-0.143962,-0.269585,-0.306390,0.027750,-0.912513,30.597480,39.215320,7.647628
755.986,22,-0.258921,1.572994,-0.184147,-0.264465,-0.372664,0.046058,-0.888290,30.276400,47.597340,7.671675
756.097,22,-0.246855,1.572875,-0.209450,-0.264345,-0.397498,0.058929,-0.876724,30.687980,50.738570,7.135785
756.208,22,-0.239164,1.573643,-0.238577,-0.261367,-0.403469,0.066203,-0.874367,30.695950,51.286160,6.352056
756.319,22,-0.240128,1.576482,-0.265943,-0.257524,-0.400938,0.074210,-0.876027,30.710690,50.587320,5.103656
756.430,22,-0.253063,1.586736,-0.304403,-0.256642,-0.369401,0.078059,-0.889710,30.953640,46.034570,3.389788
756.541,22,-0.269686,1.601101,-0.342824,-0.253714,-0.341018,0.083463,-0.901316,30.949110,41.866770,1.509322
756.652,22,-0.283231,1.614728,-0.374651,-0.259775,-0.320455,0.086644,-0.906818,31.780640,39.104600,0.630332
756.761,22,-0.294801,1.628140,-0.397128,-0.261820,-0.303279,0.090474,-0.911750,32.161350,36.677320,359.582300
756.872,22,-0.305469,1.638183,-0.412524,-0.258416,-0.290263,0.091032,-0.916887,31.784340,34.808320,358.859800
756.983,22,-0.315898,1.641697,-0.424091,-0.259937,-0.286650,0.093046,-0.917391,32.023790,34.283250,358.533500
757.095,22,-0.320808,1.639276,-0.435314,-0.259051,-0.317977,0.102232,-0.906274,32.313820,38.264290,358.606300
757.206,22,-0.319785,1.633524,-0.452675,-0.258688,-0.393100,0.106217,-0.875940,32.459140,48.680770,1.174940
757.318,22,-0.311171,1.628268,-0.481244,-0.253768,-0.507679,0.091111,-0.818268,30.518090,65.610840,7.239476
757.419,22,-0.303332,1.619565,-0.512464,-0.251758,-0.608298,0.076118,-0.748864,28.012890,81.323390,12.579960
757.527,22,-0.298364,1.607555,-0.536993,-0.249029,-0.670658,0.068412,-0.695358,25.982110,91.504100,15.411180
757.636,22,-0.298809,1.597169,-0.543967,-0.253084,-0.683329,0.066634,-0.681593,25.853230,93.949310,16.463790
757.747,22,-0.303255,1.591473,-0.544931,-0.259186,-0.684609,0.062437,-0.678406,25.922640,94.574650,17.481060
757.858,22,-0.305791,1.590870,-0.546096,-0.260502,-0.684536,0.061500,-0.678062,25.942620,94.650060,17.689830
757.969,22,-0.310030,1.589472,-0.550702,-0.258577,-0.681851,0.064274,-0.681239,26.101040,94.059040,17.166490
758.080,22,-0.323210,1.594664,-0.554772,-0.254377,-0.654736,0.079496,-0.707314,27.642110,89.144550,14.422510
758.191,22,-0.348435,1.614177,-0.557570,-0.237222,-0.592181,0.098664,-0.763750,28.633850,77.758870,8.534003
758.303,22,-0.387449,1.638548,-0.559695,-0.218419,-0.480980,0.112291,-0.841630,28.403340,59.842560,1.374273
758.414,22,-0.434087,1.662293,-0.572362,-0.213316,-0.370651,0.113054,-0.896847,27.802810,44.192570,357.106500
758.527,22,-0.479479,1.682415,-0.593343,-0.223391,-0.277829,0.117630,-0.926861,28.650630,31.802060,353.855900
758.630,22,-0.511836,1.697629,-0.617165,-0.228518,-0.229336,0.119074,-0.938619,28.920660,25.447480,352.205000
758.737,22,-0.525447,1.704467,-0.631298,-0.224529,-0.231447,0.108311,-0.940366,28.191190,26.020420,353.500200
758.846,22,-0.534702,1.707369,-0.642077,-0.216412,-0.249620,0.097446,-0.938808,27.064140,28.617590,355.173600
758.951,22,-0.538989,1.708225,-0.643412,-0.216902,-0.247744,0.093698,-0.939573,27.001640,28.482050,355.584200
759.054,22,-0.549201,1.711230,-0.633850,-0.207557,-0.202045,0.082899,-0.953533,25.424650,22.863000,355.286000
759.158,22,-0.564153,1.710192,-0.617733,-0.201443,-0.108522,0.084515,-0.969794,24.145830,11.148720,352.430600
759.258,22,-0.581744,1.706137,-0.592842,-0.198554,0.014750,0.085062,-0.976280,22.654860,356.111700,349.261800
759.364,22,-0.598241,1.694343,-0.548199,-0.200064,0.177216,0.088586,-0.959542,20.642890,336.340300,345.081600
759.469,22,-0.602013,1.671498,-0.497065,-0.213187,0.286212,0.084895,-0.930283,20.368280,322.652800,342.622900
759.580,22,-0.597101,1.645339,-0.438518,-0.236958,0.351016,0.072985,-0.902946,22.128350,313.809900,341.224400
759.692,22,-0.589120,1.619756,-0.382927,-0.256882,0.388210,0.064911,-0.882662,23.770930,308.252900,339.931200
759.802,22,-0.579271,1.595466,-0.334365,-0.261706,0.405925,0.057613,-0.873737,24.239520,305.806500,339.914700
759.914,22,-0.572620,1.576262,-0.301974,-0.275173,0.422595,0.059195,-0.861504,25.093290,302.860700,338.319200
760.025,22,-0.567127,1.562414,-0.272047,-0.283885,0.442905,0.056026,-0.848591,25.605760,299.677400,337.399900
760.136,22,-0.565454,1.559848,-0.254799,-0.278422,0.451450,0.053133,-0.846080,25.034320,298.861600,337.871500
760.247,22,-0.572630,1.567780,-0.244908,-0.220760,0.466343,-0.008425,-0.856574,22.709120,300.455800,348.020800
760.358,22,-0.587280,1.574695,-0.249063,-0.194470,0.491271,-0.050527,-0.847515,22.288880,298.511400,353.457300
760.469,22,-0.608839,1.584888,-0.262145,-0.161988,0.548062,-0.068257,-0.817758,19.861800,291.636000,355.980600
760.580,22,-0.623529,1.588098,-0.269658,-0.148201,0.577961,-0.071635,-0.799291,18.645730,287.694900,356.563600
760.690,22,-0.632279,1.586300,-0.269811,-0.154733,0.575156,-0.081182,-0.799164,19.919430,287.998500,357.059100
760.803,22,-0.637516,1.586183,-0.265304,-0.156813,0.569671,-0.083527,-0.802439,20.293600,288.768300,357.273700
760.915,22,-0.630319,1.581896,-0.248163,-0.168009,0.543794,-0.070983,-0.819159,20.637460,292.102600,355.929400
761.026,22,-0.607216,1.563289,-0.215662,-0.178411,0.528843,-0.028507,-0.829266,19.029250,293.502000,351.396300
761.137,22,-0.580641,1.540252,-0.182719,-0.188910,0.513012,0.002218,-0.837334,18.305590,295.068800,347.990800
761.248,22,-0.544882,1.511735,-0.142347,-0.195607,0.477796,0.012661,-0.856323,18.838860,299.559300,347.266800
761.359,22,-0.522674,1.492250,-0.118326,-0.203139,0.458787,0.027140,-0.864588,19.047940,301.685600,345.709400
761.470,22,-0.500666,1.466464,-0.096410,-0.213788,0.437266,0.037759,-0.872736,19.885310,304.024700,344.400900
761.582,22,-0.486040,1.445021,-0.082195,-0.222902,0.430465,0.053840,-0.872993,20.049430,304.348400,342.280900
761.693,22,-0.473551,1.425311,-0.070074,-0.228971,0.421365,0.073253,-0.874447,19.798520,305.028000,340.047400
761.804,22,-0.462420,1.407218,-0.059275,-0.234133,0.410976,0.088194,-0.876643,19.755670,305.952700,338.359600
761.915,22,-0.454475,1.393775,-0.050964,-0.236513,0.401259,0.094950,-0.879794,19.874800,307.010400,337.698400
762.027,22,-0.446645,1.381525,-0.042077,-0.238651,0.391260,0.103111,-0.882797,19.917940,308.084400,336.904400
762.138,22,-0.443218,1.375401,-0.038213,-0.240714,0.386953,0.107965,-0.883554,19.987370,308.471100,336.344000
762.249,22,-0.441341,1.372652,-0.037801,-0.238861,0.385707,0.112309,-0.884060,19.614960,308.652600,336.019800
762.360,22,-0.441239,1.371528,-0.039118,-0.237958,0.387300,0.114781,-0.883290,19.357510,308.455600,335.777200
762.471,22,-0.440982,1.371555,-0.041759,-0.238590,0.384380,0.114492,-0.884431,19.512690,308.802900,335.829400
762.582,22,-0.441145,1.377694,-0.046967,-0.237362,0.385028,0.113371,-0.884624,19.429700,308.792700,336.014000
762.694,22,-0.439314,1.397686,-0.057664,-0.237370,0.378648,0.098073,-0.889192,20.356770,309.834300,337.804700
762.805,22,-0.432550,1.434046,-0.077653,-0.242957,0.345457,0.071161,-0.903641,22.949890,314.311300,341.218800
762.915,22,-0.419445,1.477309,-0.101652,-0.254804,0.268711,0.043144,-0.927905,26.723220,324.343400,345.939000
763.027,22,-0.393644,1.539093,-0.150409,-0.261257,0.138579,0.023684,-0.954977,29.500020,341.438500,352.231600
763.137,22,-0.371875,1.583440,-0.201410,-0.250799,0.029847,0.019156,-0.967389,28.953360,355.585100,356.590800
763.247,22,-0.348105,1.626993,-0.278647,-0.243389,-0.081738,0.017832,-0.966314,28.248390,9.757184,0.346359
763.357,22,-0.331842,1.649924,-0.337937,-0.242979,-0.139492,0.034069,-0.959345,28.405300,16.585910,0.157630
763.468,22,-0.318399,1.670911,-0.405440,-0.226893,-0.154689,0.041655,-0.960654,26.667900,18.145540,359.369300
763.580,22,-0.309527,1.681082,-0.455353,-0.223553,-0.137435,0.049816,-0.963667,26.394780,15.714550,357.788600
763.699,22,-0.300845,1.689856,-0.493318,-0.215402,-0.113949,0.050074,-0.968561,25.383290,12.734990,356.960200
763.800,22,-0.296102,1.695016,-0.511240,-0.212873,-0.083115,0.052592,-0.972117,24.999880,8.835358,355.769000
763.912,22,-0.291367,1.698482,-0.523142,-0.205952,-0.060547,0.052337,-0.975284,24.083050,6.070232,355.152600
764.024,22,-0.284935,1.702260,-0.529550,-0.208105,-0.042705,0.053073,-0.975731,24.245210,3.851579,354.600700
764.135,22,-0.277158,1.707404,-0.531606,-0.204728,-0.027604,0.050455,-0.977128,23.758130,2.084230,354.526600
764.247,22,-0.261983,1.711848,-0.523745,-0.207135,0.010799,0.047016,-0.977122,23.814540,357.457700,353.954300
764.358,22,-0.245783,1.716089,-0.513283,-0.212049,0.038708,0.042229,-0.975579,24.234470,354.118900,353.779200
764.470,22,-0.226441,1.717979,-0.505692,-0.217222,0.054960,0.036744,-0.973881,24.775140,352.213500,353.965900
764.581,22,-0.213338,1.718824,-0.503382,-0.216815,0.080911,0.031882,-0.972332,24.612070,349.147900,353.869800
764.692,22,-0.201152,1.717916,-0.502947,-0.219980,0.092003,0.030299,-0.970684,24.928460,347.780300,353.713500
764.803,22,-0.190910,1.716761,-0.503658,-0.222558,0.097817,0.024731,-0.969685,25.263570,347.177000,354.192900
764.914,22,-0.182652,1.716646,-0.504997,-0.223007,0.100967,0.024506,-0.969264,25.299900,346.786300,354.125200
765.025,22,-0.174584,1.716441,-0.507014,-0.222542,0.102286,0.025163,-0.969216,25.228850,346.610900,354.016200
765.136,22,-0.171375,1.716668,-0.507291,-0.219594,0.105171,0.024341,-0.969600,24.879870,346.314300,354.091200
765.247,22,-0.174647,1.715196,-0.501676,-0.212577,0.132081,0.024871,-0.967857,23.885940,343.071100,353.450100
765.359,22,-0.186203,1.710236,-0.490012,-0.206761,0.187661,0.029870,-0.959761,22.685430,336.183400,351.590100
765.470,22,-0.204788,1.697718,-0.467446,-0.207700,0.245038,0.037125,-0.946276,22.017470,328.877800,349.304800
765.582,22,-0.220922,1.686032,-0.445939,-0.212776,0.270443,0.034957,-0.938278,22.357130,325.609200,348.733500
765.693,22,-0.230614,1.680022,-0.430160,-0.222591,0.269532,0.030551,-0.936415,23.603580,325.547900,348.849500
765.804,22,-0.230810,1.681934,-0.426195,-0.226736,0.237561,0.023265,-0.944254,24.654020,329.652600,350.393900
765.915,22,-0.224541,1.689494,-0.436918,-0.225689,0.197992,0.014189,-0.953762,25.143660,334.894800,352.610000
766.026,22,-0.216766,1.703184,-0.468768,-0.218345,0.154216,0.009718,-0.963561,24.694460,340.623300,354.563800
766.137,23,-0.217700,1.711996,-0.502692,-0.209716,0.126033,0.007729,-0.969575,23.873780,344.287500,355.744800
766.248,23,-0.226129,1.721684,-0.554489,-0.200272,0.100526,0.003700,-0.974562,22.930350,347.622200,357.045100
766.359,23,-0.234386,1.727188,-0.595844,-0.193192,0.084469,0.004198,-0.977509,22.147060,349.627600,357.472500
766.470,23,-0.243903,1.730391,-0.645951,-0.194773,0.067710,0.004071,-0.978500,22.372080,351.662200,357.871600
766.581,23,-0.247771,1.730158,-0.687388,-0.202503,0.053872,0.003710,-0.977792,23.304130,353.318800,358.186000
766.692,23,-0.246172,1.730071,-0.722132,-0.205106,0.030295,0.008337,-0.978235,23.626900,356.076400,358.202400
766.804,23,-0.242217,1.729046,-0.749387,-0.206703,0.007100,0.015228,-0.978260,23.841120,358.735400,357.949400
766.915,23,-0.237262,1.727606,-0.769280,-0.210227,-0.003231,0.018469,-0.977473,24.274110,359.908900,357.815500
767.026,23,-0.232847,1.727894,-0.786740,-0.208728,-0.008196,0.027327,-0.977558,24.112830,0.289749,356.859300
767.137,23,-0.231476,1.727855,-0.795494,-0.208107,-0.010753,0.033319,-0.977479,24.051450,0.448824,356.191100
767.248,23,-0.232336,1.726675,-0.804256,-0.210533,-0.009418,0.037938,-0.976805,24.331460,0.152435,355.584500
767.359,23,-0.235337,1.726651,-0.809574,-0.210622,-0.009546,0.036506,-0.976839,24.342120,0.205719,355.763900
767.470,23,-0.239913,1.726009,-0.813498,-0.210802,-0.012245,0.035156,-0.976820,24.374090,0.572429,356.001200
767.582,23,-0.240889,1.724884,-0.813079,-0.211399,-0.025029,0.033218,-0.976515,24.489840,2.193930,356.579700
767.693,23,-0.240721,1.722971,-0.810852,-0.214262,-0.040980,0.033388,-0.975345,24.878500,4.148685,356.994300
767.805,23,-0.239712,1.721691,-0.804244,-0.213703,-0.056541,0.034237,-0.974660,24.862840,6.047188,357.310500
767.916,23,-0.237959,1.719749,-0.791568,-0.213878,-0.063197,0.031972,-0.974290,24.885020,6.930893,357.772000
768.027,23,-0.232379,1.713940,-0.762703,-0.224467,-0.055166,0.028282,-0.972508,26.085530,6.046199,358.070300
768.137,23,-0.222976,1.705663,-0.729025,-0.239770,-0.052821,0.026513,-0.969029,27.871450,5.821061,358.311100
768.248,23,-0.203907,1.692604,-0.668741,-0.261304,-0.053701,0.026693,-0.963392,30.420490,5.958741,358.447300
768.359,23,-0.184243,1.682500,-0.608079,-0.278203,-0.054286,0.025367,-0.958651,32.422210,6.118281,358.748800
768.471,23,-0.155697,1.674524,-0.519305,-0.288474,-0.042306,0.022856,-0.956280,33.618310,4.664861,358.671500
768.582,23,-0.131832,1.672032,-0.446409,-0.300694,-0.025733,0.022197,-0.953115,35.053030,2.499681,358.121300
768.693,23,-0.110251,1.675228,-0.386718,-0.305537,-0.011444,0.018598,-0.951930,35.600170,0.734434,357.997300
768.804,23,-0.092700,1.675357,-0.341547,-0.310388,-0.002958,0.017496,-0.950444,36.165330,359.628300,357.769400
768.915,23,-0.081593,1.675301,-0.309489,-0.317080,-0.000695,0.017379,-0.948239,36.967380,359.304200,357.667400
769.026,23,-0.073993,1.673846,-0.269983,-0.322757,0.000124,0.013502,-0.946386,37.654710,359.352200,358.144300
769.137,23,-0.072628,1.668798,-0.236775,-0.329502,0.002290,0.011023,-0.944088,38.470230,359.151900,358.366200
769.247,23,-0.074647,1.659545,-0.191432,-0.337170,0.004919,0.001349,-0.941430,39.407380,359.245700,359.565600
769.358,23,-0.079479,1.653743,-0.152853,-0.341643,0.007751,-0.003348,-0.939792,39.955900,359.082000,0.074460
769.469,23,-0.089031,1.650568,-0.095930,-0.351240,0.010969,-0.013721,-0.936121,41.140490,359.170800,1.368281
769.582,23,-0.097134,1.649814,-0.046885,-0.359236,0.019117,-0.024116,-0.932739,42.149610,358.582900,2.415933
769.692,23,-0.098329,1.644365,-0.009547,-0.370303,0.030900,-0.026286,-0.928025,43.545070,357.004000,2.048024
769.804,23,-0.092381,1.639839,0.020034,-0.385340,0.039251,-0.031331,-0.921407,45.444330,356.061800,2.245269
769.913,23,-0.080742,1.633976,0.046189,-0.389200,0.051241,-0.035565,-0.919039,45.974010,354.509100,2.101499
770.024,23,-0.066040,1.628735,0.072061,-0.405056,0.073902,-0.039076,-0.910462,48.017770,351.149600,0.966790
770.136,23,-0.048690,1.622363,0.102647,-0.414683,0.122270,-0.059721,-0.899734,49.535950,344.769100,0.534983
770.247,23,-0.024886,1.618125,0.136536,-0.419567,0.179929,-0.081744,-0.885950,50.610210,336.777600,359.445500
770.359,23,-0.000852,1.616733,0.170001,-0.414297,0.236716,-0.108594,-0.872084,50.715920,329.338600,359.390600
770.473,23,0.033507,1.615349,0.210976,-0.418765,0.296918,-0.137172,-0.847148,52.276190,320.622000,358.476400
770.581,23,0.051229,1.619091,0.234215,-0.416749,0.325379,-0.150640,-0.835318,52.585940,316.525000,358.157200
770.681,23,0.062476,1.622849,0.255284,-0.419912,0.349059,-0.158479,-0.822628,53.273480,312.456400,356.893300
770.789,23,0.061068,1.625672,0.274063,-0.407303,0.370538,-0.164662,-0.818348,52.060220,309.806300,356.984800
770.890,23,0.048783,1.627895,0.294397,-0.390166,0.397548,-0.170384,-0.812832,50.331410,306.472000,357.015800
770.998,23,0.032369,1.629453,0.311653,-0.376111,0.417150,-0.171644,-0.809361,48.765760,304.049100,356.873900
771.105,23,0.002514,1.632761,0.334943,-0.354555,0.437609,-0.182320,-0.805946,46.976490,302.398500,358.619900
771.210,23,-0.027196,1.636926,0.354880,-0.337740,0.454551,-0.190021,-0.802002,45.600960,300.836200,359.816100
771.313,23,-0.056670,1.639043,0.375290,-0.318938,0.480205,-0.194069,-0.793737,43.843580,297.709300,0.140497
771.416,23,-0.071895,1.641745,0.389106,-0.311680,0.493507,-0.191923,-0.788969,42.940840,295.799800,359.625100
771.516,23,-0.088639,1.648596,0.405006,-0.296476,0.514055,-0.190009,-0.782142,41.233020,293.153600,359.422300
771.627,23,-0.106094,1.653047,0.426145,-0.274289,0.556121,-0.195718,-0.759730,39.379690,287.387900,359.429900
771.736,23,-0.117536,1.646067,0.443891,-0.276743,0.599626,-0.220065,-0.717937,41.397660,279.803300,358.785500
771.845,23,-0.126846,1.636747,0.469294,-0.266148,0.664720,-0.250332,-0.651649,42.818020,268.017500,357.845900
771.956,23,-0.122825,1.631189,0.491435,-0.242842,0.724195,-0.279807,-0.581617,43.452420,256.711600,357.927800
772.069,23,-0.107641,1.633470,0.528607,-0.213203,0.793219,-0.311324,-0.477938,44.242180,240.818000,356.747500
772.173,23,-0.088748,1.638435,0.559050,-0.198836,0.814572,-0.340724,-0.425257,46.402470,233.918000,357.162000
772.281,23,-0.067519,1.645243,0.586116,-0.183364,0.829675,-0.353540,-0.391186,46.895170,229.480500,357.679700
772.391,23,-0.044516,1.647868,0.608139,-0.171512,0.837327,-0.363075,-0.371005,47.331540,227.134300,358.493500
772.509,23,-0.025652,1.647301,0.623298,-0.166459,0.841816,-0.367993,-0.358077,47.627170,225.458900,358.578800
772.622,23,-0.007289,1.644039,0.635091,-0.157745,0.843339,-0.372172,-0.354095,47.684440,225.458500,359.787500
772.733,23,0.013180,1.640713,0.645548,-0.151285,0.843341,-0.376591,-0.352234,47.881920,225.721300,0.865138
772.845,23,0.034870,1.637248,0.654423,-0.148946,0.843878,-0.381599,-0.346507,48.354260,225.153200,1.126917
772.956,23,0.050572,1.634827,0.660588,-0.146543,0.846085,-0.378732,-0.345293,47.908920,224.916900,1.160108
773.068,23,0.071274,1.630858,0.670435,-0.143368,0.843873,-0.390760,-0.338570,49.164040,224.629600,1.983323
773.180,23,0.089061,1.628732,0.680703,-0.142044,0.845474,-0.389123,-0.337017,48.914500,224.342000,1.926493
773.293,23,0.106487,1.630304,0.689544,-0.138595,0.847070,-0.388985,-0.334597,48.741450,224.112700,2.216673
773.407,23,0.119877,1.632473,0.695359,-0.135698,0.850417,-0.382082,-0.335247,47.803280,223.990100,2.165791
773.520,23,0.125192,1.634729,0.698366,-0.135281,0.853642,-0.375000,-0.335215,46.964230,223.624700,1.717071
773.633,23,0.123297,1.634238,0.695086,-0.137364,0.855241,-0.375392,-0.329810,47.114020,222.641300,1.065695
773.746,23,0.111333,1.633937,0.681718,-0.134385,0.857390,-0.378176,-0.322189,47.314210,221.680800,1.119623
773.859,23,0.090264,1.626413,0.664411,-0.139652,0.857090,-0.384502,-0.313132,48.293700,220.193400,0.121581
773.971,23,0.040982,1.597106,0.633932,-0.143283,0.861002,-0.382355,-0.303233,48.185990,218.232400,358.723900
774.085,23,-0.009783,1.546916,0.605437,-0.139951,0.871226,-0.359138,-0.303974,45.305140,217.600200,357.920500
774.195,23,-0.052874,1.477684,0.568534,-0.130931,0.879417,-0.352287,-0.292193,44.117210,215.969100,358.051100
774.303,23,-0.075116,1.410440,0.534312,-0.132166,0.888127,-0.348442,-0.268982,43.631790,212.198600,356.252100
774.411,23,-0.075284,1.358830,0.513596,-0.127254,0.897614,-0.339109,-0.251200,42.276570,209.527400,355.497700
774.518,23,-0.060319,1.327936,0.499089,-0.113779,0.910508,-0.322745,-0.232090,39.831870,207.047300,355.714800
774.622,23,-0.024534,1.275074,0.471953,-0.098332,0.935007,-0.294154,-0.171951,35.724490,198.954800,354.151700
774.736,23,0.004725,1.224617,0.448441,-0.092703,0.945372,-0.284828,-0.128651,34.221150,193.315300,352.914800
774.848,23,0.034702,1.153827,0.422690,-0.079748,0.951411,-0.282255,-0.093748,33.506660,189.203800,353.193200
774.957,23,0.046976,1.106137,0.406194,-0.075969,0.955080,-0.275388,-0.078813,32.548310,187.409400,353.070200
775.066,23,0.050325,1.057353,0.391153,-0.071852,0.954692,-0.278563,-0.076182,32.876540,187.211700,353.522200
775.177,23,0.043803,1.030788,0.384659,-0.064574,0.952117,-0.288737,-0.077030,34.040010,187.586100,354.565400
775.289,23,0.026111,1.013133,0.380197,-0.064225,0.950977,-0.289905,-0.086444,34.228180,188.848000,355.002000
775.400,23,0.009520,1.005314,0.378658,-0.069342,0.949054,-0.292684,-0.093936,34.650770,189.636800,354.655000
775.511,23,-0.008923,1.003587,0.376907,-0.070026,0.948277,-0.292115,-0.102642,34.637790,190.770500,354.920800
775.622,23,-0.018308,1.004169,0.374467,-0.071855,0.948770,-0.289256,-0.104894,34.329340,190.992900,354.742900
775.733,23,-0.020255,1.001319,0.370504,-0.076783,0.949309,-0.288883,-0.097288,34.292450,189.780800,353.775900
775.844,23,-0.017398,0.996991,0.365281,-0.078067,0.949622,-0.288918,-0.093004,34.280590,189.159200,353.430900
775.955,23,-0.011696,0.994890,0.358965,-0.077593,0.951316,-0.286219,-0.084003,33.890300,187.991700,353.112700
776.067,23,0.006750,1.008596,0.346341,-0.093014,0.962589,-0.252419,-0.032484,29.471820,181.025500,349.231100
776.178,23,0.019873,1.034105,0.336747,-0.115009,0.975494,-0.187380,0.008520,21.322480,176.324200,345.859700
776.284,23,0.030425,1.063724,0.331509,-0.113382,0.984011,-0.134868,0.026038,15.041500,175.139500,346.212200
776.398,23,0.038619,1.074278,0.328488,-0.095955,0.985863,-0.134697,0.026917,15.094920,175.311300,348.260100
776.509,23,0.045498,1.076915,0.325875,-0.090022,0.985619,-0.139386,0.031986,15.605000,174.748900,348.842700
776.621,23,0.048475,1.075555,0.325491,-0.088384,0.984988,-0.144119,0.034875,16.125770,174.374000,348.947400
776.731,23,0.049292,1.075629,0.327064,-0.086786,0.984935,-0.145753,0.033591,16.336800,174.530500,349.143300
776.843,23,0.049011,1.078406,0.329937,-0.084120,0.985221,-0.146100,0.030305,16.426420,174.958200,349.511500
776.955,23,0.049763,1.086816,0.334052,-0.080254,0.985385,-0.148126,0.025177,16.731130,175.604700,350.041100
777.066,23,0.053159,1.118015,0.344034,-0.072896,0.982671,-0.170372,-0.004220,19.600210,178.993700,351.341200
777.177,23,0.055454,1.158175,0.357860,-0.076104,0.971361,-0.210457,-0.079830,24.898450,187.797000,352.764100
777.288,23,0.070555,1.229968,0.387770,-0.086042,0.942027,-0.261311,-0.192089,31.693810,201.869200,355.840400
777.399,23,0.092552,1.302900,0.420149,-0.104061,0.917932,-0.284469,-0.256223,35.139610,210.187000,356.826800
777.509,23,0.125693,1.404499,0.465287,-0.116046,0.894949,-0.291256,-0.317444,36.512250,218.523600,358.374800
777.623,23,0.160777,1.490967,0.513966,-0.124355,0.876753,-0.299724,-0.354973,37.868670,223.952100,359.617600
777.731,23,0.183262,1.537925,0.551156,-0.144698,0.856135,-0.320089,-0.378998,41.129150,227.609900,359.609400
777.841,23,0.197646,1.577936,0.584601,-0.154924,0.840040,-0.324188,-0.406490,42.114280,231.741400,0.252822
777.951,23,0.206222,1.605455,0.610039,-0.162745,0.831731,-0.319554,-0.423820,42.029640,234.007900,0.011411
778.065,23,0.210387,1.621958,0.628457,-0.167951,0.829103,-0.315421,-0.429989,41.871890,234.611100,359.442800
778.176,23,0.209230,1.630632,0.638186,-0.166602,0.829577,-0.307410,-0.435368,40.927750,235.134200,359.336800
778.288,23,0.203142,1.633896,0.643400,-0.170013,0.829875,-0.300713,-0.438149,40.397770,235.148700,358.595600
778.393,23,0.194045,1.632717,0.643438,-0.172440,0.830850,-0.299253,-0.436350,40.372670,234.713400,358.090500
778.499,23,0.183314,1.630516,0.643436,-0.172024,0.834324,-0.298807,-0.430146,40.285310,233.721500,357.747200
778.605,23,0.162443,1.629485,0.641937,-0.167663,0.837590,-0.301227,-0.423786,40.294480,232.970600,358.080100
778.710,23,0.137072,1.625134,0.636344,-0.163084,0.844713,-0.307191,-0.406814,40.667330,230.714800,358.067400
778.816,23,0.102805,1.618739,0.628315,-0.165359,0.851780,-0.313718,-0.385626,41.450440,227.565000,356.960500
778.922,23,0.047374,1.611414,0.612282,-0.155419,0.863691,-0.318823,-0.358098,41.455660,223.877400,356.930800
779.029,23,-0.010696,1.598819,0.581663,-0.130510,0.884566,-0.329230,-0.303509,41.427560,216.978500,357.627300
779.134,23,-0.051309,1.582661,0.541180,-0.091172,0.912162,-0.335095,-0.217624,40.617290,206.265400,358.454100
779.238,23,-0.063197,1.565977,0.510799,-0.070044,0.925670,-0.339028,-0.152606,40.468860,197.995600,358.026400
779.342,23,-0.061143,1.520025,0.472377,-0.053783,0.939806,-0.335399,-0.037143,39.376640,182.501400,354.344500
779.445,23,-0.058521,1.466629,0.452067,-0.062159,0.939563,-0.333957,0.042791,38.478930,171.039800,349.297200
779.548,23,-0.062836,1.402902,0.434994,-0.064574,0.942072,-0.312889,0.102136,35.193340,163.445400,346.874100
779.660,23,-0.078192,1.325774,0.415946,-0.063127,0.949126,-0.284457,0.119414,31.661100,162.030700,347.255800
779.766,23,-0.099499,1.252011,0.400049,-0.049289,0.953789,-0.280965,0.094425,31.779730,165.849400,350.036300
779.872,23,-0.118884,1.187720,0.385123,-0.041677,0.958310,-0.271190,0.079762,30.871850,168.203000,351.751600
779.983,23,-0.135627,1.136347,0.370804,-0.033675,0.957779,-0.276120,0.072690,31.602780,169.320200,352.942300
780.094,23,-0.149946,1.102316,0.359476,-0.029116,0.958612,-0.276630,0.060761,31.791070,171.024900,353.959800
780.205,23,-0.165281,1.068554,0.350809,-0.028961,0.958249,-0.280866,0.045112,32.389130,173.012700,354.506300
780.316,23,-0.173031,1.050506,0.347507,-0.032727,0.957961,-0.282457,0.038195,32.592820,173.753900,354.259000
780.428,23,-0.178047,1.040129,0.346109,-0.029576,0.957550,-0.285157,0.030161,32.978200,174.896000,354.950000
780.535,23,-0.179223,1.041801,0.346061,-0.029236,0.958983,-0.280751,0.025986,32.476320,175.495500,355.195100
780.647,23,-0.178150,1.045593,0.347101,-0.038601,0.960708,-0.273590,0.026431,31.576720,175.158300,354.028500
780.759,23,-0.173710,1.049083,0.346280,-0.043925,0.963288,-0.262485,0.035342,30.171690,173.947900,353.145600
780.870,23,-0.168559,1.050049,0.343841,-0.040006,0.964999,-0.255989,0.040564,29.394030,173.490700,353.543000
780.982,23,-0.166963,1.053106,0.340325,-0.040123,0.968950,-0.240575,0.040629,27.577610,173.649700,353.697600
781.093,23,-0.165608,1.057610,0.335514,-0.040193,0.974315,-0.217532,0.042126,24.866380,173.699100,353.885000
781.204,23,-0.165272,1.059308,0.332071,-0.038743,0.975609,-0.211656,0.043444,24.180970,173.632800,354.086600
781.316,23,-0.165221,1.063532,0.331171,-0.038324,0.976343,-0.208257,0.043766,23.785020,173.636400,354.162900
781.427,23,-0.165161,1.080662,0.335806,-0.036759,0.976631,-0.207929,0.040081,23.777930,174.131000,354.452300
781.538,23,-0.165922,1.110111,0.346686,-0.040218,0.973491,-0.224443,0.017951,25.819890,176.624300,354.494600
781.650,23,-0.166508,1.180013,0.373690,-0.046109,0.967981,-0.242909,-0.043374,28.311310,184.010300,355.557500
781.760,23,-0.164883,1.264454,0.412438,-0.062321,0.956749,-0.261594,-0.110980,30.956800,192.099600,355.908400
781.872,23,-0.166631,1.351030,0.467665,-0.088800,0.931566,-0.292092,-0.197438,35.399310,202.807600,356.475800
781.981,23,-0.167433,1.426900,0.522987,-0.100261,0.912685,-0.302408,-0.255938,37.108550,210.648800,357.972300
782.095,23,-0.166983,1.480577,0.568412,-0.116147,0.905661,-0.298537,-0.277784,37.248540,213.022800,356.793800
782.201,23,-0.165895,1.510250,0.602598,-0.129231,0.902648,-0.299507,-0.280752,37.825820,212.933400,355.270500
782.303,23,-0.164403,1.525787,0.624106,-0.137594,0.902471,-0.299129,-0.277732,38.049320,212.143600,354.008800
782.410,23,-0.162588,1.531919,0.635194,-0.144342,0.902277,-0.297715,-0.276455,38.101080,211.651000,353.002800
782.513,23,-0.160866,1.533899,0.641181,-0.145093,0.902308,-0.296808,-0.276935,38.023750,211.673300,352.894400
782.622,23,-0.158893,1.535452,0.644106,-0.142998,0.902857,-0.298025,-0.274923,38.081020,211.493100,353.116000
782.731,23,-0.158663,1.537761,0.643972,-0.144367,0.906639,-0.294861,-0.264991,37.674710,209.968200,352.339700
782.833,23,-0.161658,1.537394,0.641822,-0.144247,0.908534,-0.294523,-0.258874,37.578820,209.099600,352.049700
782.941,23,-0.167017,1.534774,0.634250,-0.141398,0.913618,-0.292644,-0.244270,37.143130,207.136500,351.676200
783.050,23,-0.177330,1.524376,0.617527,-0.135716,0.920471,-0.294873,-0.217633,37.007260,203.671200,351.248700
783.152,23,-0.194803,1.497114,0.583194,-0.128291,0.927850,-0.299636,-0.181260,37.052130,198.973400,350.665700
783.261,23,-0.213314,1.455754,0.539099,-0.123400,0.936601,-0.300265,-0.131877,36.512950,192.424700,349.101700
783.370,23,-0.238520,1.385116,0.482409,-0.121360,0.944743,-0.295516,-0.073506,35.184710,184.713500,346.855300
783.473,23,-0.259685,1.307755,0.438664,-0.125893,0.946645,-0.293941,-0.040153,34.515270,180.139900,344.892900
783.579,23,-0.273785,1.230349,0.403161,-0.127552,0.945890,-0.297407,-0.023923,34.661820,177.867100,343.974500
783.692,23,-0.284438,1.140200,0.368899,-0.127878,0.942413,-0.308972,-0.006492,35.733720,175.280700,343.023200
783.802,23,-0.289732,1.091822,0.347582,-0.125885,0.941803,-0.311664,0.005007,35.858980,173.773700,342.757100
783.914,23,-0.296200,1.058442,0.331620,-0.121810,0.940870,-0.315987,0.008882,36.330410,173.321300,343.052900
784.025,23,-0.302849,1.039569,0.317021,-0.116935,0.942454,-0.313126,0.007627,36.045700,173.779700,343.828700
784.136,23,-0.306406,1.032481,0.305692,-0.115364,0.942665,-0.312959,0.011450,35.971980,173.344700,343.882800
784.247,23,-0.308544,1.031816,0.293610,-0.113055,0.943293,-0.311898,0.011699,35.857860,173.439800,344.206700
784.358,23,-0.308689,1.031858,0.289087,-0.111113,0.942468,-0.315081,0.011533,36.252420,173.466500,344.411300
784.470,23,-0.307089,1.035040,0.287457,-0.109095,0.942125,-0.316833,0.010713,36.488100,173.621700,344.685100
784.581,23,-0.303892,1.040342,0.288823,-0.106801,0.943531,-0.313460,0.009244,36.124640,174.002300,345.126500
784.692,23,-0.299463,1.048679,0.293067,-0.104950,0.944650,-0.310677,0.010091,35.791920,174.036300,345.393600
784.803,23,-0.295638,1.068895,0.302046,-0.100932,0.945945,-0.308190,0.004478,35.602460,175.012700,346.216900
784.914,23,-0.292070,1.103794,0.315212,-0.096365,0.948693,-0.301127,-0.004244,34.901820,176.506000,347.301300
785.025,23,-0.289572,1.157251,0.342772,-0.099754,0.952084,-0.288357,-0.020865,33.589790,178.775700,347.667900
785.136,23,-0.290269,1.208612,0.376136,-0.095560,0.953071,-0.284692,-0.038406,33.367260,181.289600,348.935200
785.248,23,-0.294976,1.290394,0.431044,-0.094788,0.951794,-0.282001,-0.074695,33.433810,186.103300,350.460100
785.359,23,-0.292974,1.348670,0.471071,-0.100045,0.953494,-0.273376,-0.078141,32.476970,186.419000,349.891700
785.470,23,-0.283883,1.398377,0.508929,-0.109032,0.960476,-0.247392,-0.066301,29.319940,184.830000,348.311400
785.581,23,-0.262650,1.421471,0.525869,-0.114547,0.967554,-0.223224,-0.029825,26.027030,180.419300,346.593500
785.684,23,-0.239884,1.421671,0.532564,-0.129918,0.966948,-0.218176,0.023079,24.578100,173.603000,343.300400
785.798,23,-0.222752,1.416564,0.534597,-0.143761,0.963088,-0.221790,0.051022,24.364240,169.753200,340.802500
785.911,23,-0.210818,1.413893,0.540361,-0.135978,0.957714,-0.250478,0.039441,27.972370,170.638100,341.501400
786.023,23,-0.217102,1.438630,0.557246,-0.128158,0.951834,-0.276294,-0.035360,32.346280,179.762300,344.594400
786.123,23,-0.229933,1.474106,0.582477,-0.122303,0.937444,-0.301730,-0.123285,36.574380,191.298400,348.878400
786.230,23,-0.240595,1.513874,0.612882,-0.115383,0.918975,-0.328466,-0.185156,40.273140,200.284400,353.192900
786.337,23,-0.246119,1.544367,0.633621,-0.120169,0.914050,-0.326329,-0.208763,40.295920,203.424500,353.720100
786.442,23,-0.247981,1.560296,0.643585,-0.122640,0.915931,-0.320379,-0.208298,39.641410,203.170500,353.199100
786.550,23,-0.247763,1.573029,0.652331,-0.125201,0.915910,-0.320095,-0.207300,39.662590,202.902500,352.788800
786.653,23,-0.246497,1.583592,0.658716,-0.124367,0.917590,-0.315126,-0.207983,39.053440,202.990200,352.813000
786.761,23,-0.243072,1.591507,0.663782,-0.124152,0.920315,-0.313569,-0.198196,38.783300,201.598800,352.316700
786.869,23,-0.236363,1.596585,0.668721,-0.125311,0.920548,-0.325593,-0.175722,40.052350,198.424000,351.262200
786.972,23,-0.227300,1.603777,0.674173,-0.125015,0.923763,-0.328381,-0.152314,40.148840,195.113700,350.136800
787.082,23,-0.218165,1.610080,0.679934,-0.122412,0.926790,-0.329100,-0.133298,39.989550,192.552000,349.534800
787.190,23,-0.205908,1.623750,0.690746,-0.114877,0.931420,-0.326067,-0.113758,39.312290,190.199000,349.589200
787.300,23,-0.189564,1.643617,0.707211,-0.105726,0.936948,-0.320353,-0.091237,38.286990,187.557200,349.750600
787.411,23,-0.173167,1.660556,0.726112,-0.104723,0.940361,-0.314391,-0.076896,37.400820,185.690700,349.218600
787.514,23,-0.159281,1.668514,0.743542,-0.101099,0.939089,-0.321653,-0.066565,38.139680,184.374000,349.223500
787.623,23,-0.145633,1.676505,0.759636,-0.094492,0.941976,-0.316512,-0.059768,37.415370,183.810600,349.834100
787.733,23,-0.134281,1.681981,0.773177,-0.089864,0.944316,-0.311272,-0.057456,36.741460,183.761400,350.377300
787.836,24,-0.124683,1.684186,0.781854,-0.086190,0.945496,-0.309359,-0.053907,36.461870,183.465100,350.724400
787.941,24,-0.114355,1.685470,0.789970,-0.081555,0.946482,-0.308256,-0.049996,36.275750,183.154400,351.183900
788.044,24,-0.109677,1.687968,0.794646,-0.077018,0.947612,-0.304465,-0.058326,35.874550,184.504700,352.165700
788.148,24,-0.111995,1.692794,0.799240,-0.062568,0.949298,-0.288937,-0.106932,34.191200,191.638200,356.048800
788.251,24,-0.113569,1.693029,0.802972,-0.060108,0.946245,-0.289393,-0.131377,34.295850,195.001400,357.383500
788.354,24,-0.110396,1.691079,0.805568,-0.068998,0.944264,-0.300244,-0.116007,35.663830,192.630300,355.719300
788.457,24,-0.105451,1.691190,0.805450,-0.070955,0.946281,-0.301193,-0.093808,35.685720,189.552900,354.505000
788.562,24,-0.101879,1.691154,0.805739,-0.071583,0.947168,-0.302541,-0.078856,35.760810,187.510600,353.782200
788.665,24,-0.101567,1.691495,0.805618,-0.069349,0.947170,-0.303037,-0.078920,35.803070,187.614700,354.087800
788.770,24,-0.101417,1.692956,0.805367,-0.066329,0.948816,-0.298310,-0.079746,35.216070,187.862100,354.501100
788.873,24,-0.104949,1.695492,0.805681,-0.061681,0.950094,-0.291087,-0.093728,34.380290,189.920900,355.647100
788.977,24,-0.107661,1.698934,0.805289,-0.058168,0.952675,-0.279832,-0.103541,33.039900,191.332600,356.383200
789.080,24,-0.109049,1.706425,0.803044,-0.055233,0.958663,-0.260459,-0.100382,30.695360,190.974000,356.425700
789.183,24,-0.110697,1.714039,0.797935,-0.050866,0.965746,-0.237466,-0.091414,27.902220,189.930600,356.442800
789.284,24,-0.113082,1.723813,0.789946,-0.047263,0.974150,-0.208485,-0.073017,24.399330,187.733700,356.119200
789.397,24,-0.119318,1.729676,0.778103,-0.044597,0.978840,-0.191701,-0.055977,22.351140,185.739100,355.917400
789.507,24,-0.135341,1.729778,0.754949,-0.044505,0.978980,-0.193841,-0.045203,22.554150,184.424900,355.677000
789.616,24,-0.153821,1.730527,0.734606,-0.043100,0.980936,-0.186789,-0.031908,21.666660,182.867900,355.517300
789.726,24,-0.180227,1.735442,0.711674,-0.037603,0.986569,-0.158522,0.011741,18.173910,177.883500,355.296000
789.835,24,-0.199987,1.738008,0.695864,-0.034874,0.987028,-0.148502,0.050077,16.837450,173.448100,354.982200
789.942,24,-0.219029,1.744262,0.674077,-0.034584,0.985777,-0.139185,0.087610,15.566110,169.088200,354.485600
790.053,24,-0.226902,1.746130,0.648685,-0.030875,0.984525,-0.131419,0.111744,14.588270,166.364500,354.654100
790.163,24,-0.225010,1.744788,0.616403,-0.029408,0.983287,-0.134655,0.118952,14.940270,165.504200,354.663100
790.275,24,-0.215309,1.744098,0.581994,-0.025267,0.984563,-0.130902,0.113407,14.597780,166.255200,355.291000
790.386,24,-0.190287,1.738896,0.527794,-0.015124,0.986201,-0.129225,0.102368,14.583290,167.721000,356.665700
790.497,24,-0.160374,1.728122,0.480189,0.000118,0.983737,-0.150478,0.098068,17.222560,168.348000,358.243200
790.608,24,-0.115563,1.711276,0.416701,0.012622,0.968829,-0.228840,0.094038,26.473750,168.632200,358.810500
790.719,24,-0.081361,1.713157,0.361162,0.008282,0.968204,-0.236205,0.081971,27.306270,169.966000,358.536900
790.831,24,-0.047127,1.712888,0.301934,0.004277,0.970338,-0.232671,0.065503,26.878400,171.935700,358.575100
790.935,24,-0.032381,1.713859,0.267404,-0.002425,0.972592,-0.225864,0.055168,26.045200,173.069800,358.109500
791.049,24,-0.022906,1.719727,0.213465,-0.014311,0.976433,-0.213138,0.030773,24.541300,175.826900,357.412600
791.161,24,-0.027714,1.717573,0.162281,-0.030761,0.976668,-0.212359,-0.008725,24.541130,180.250600,356.446600
791.272,24,-0.046316,1.713992,0.110844,-0.047937,0.972619,-0.215756,-0.071861,25.251110,187.567000,356.054000
791.384,24,-0.074184,1.712772,0.056038,-0.065825,0.964034,-0.219877,-0.134018,26.204770,194.816900,355.654600
791.495,24,-0.095606,1.707671,0.009793,-0.080531,0.951892,-0.228109,-0.188103,27.682150,201.278800,355.628500
791.606,24,-0.114889,1.693282,-0.039515,-0.069921,0.930101,-0.253130,-0.256804,30.449850,210.869000,-0.003792
791.718,24,-0.125120,1.681197,-0.070303,-0.054417,0.906527,-0.277641,-0.313310,32.512030,219.626800,5.123994
791.829,24,-0.131653,1.669157,-0.103416,-0.037080,0.875714,-0.296426,-0.379318,33.181940,230.131600,11.016810
791.941,24,-0.125798,1.655460,-0.129374,-0.030361,0.851668,-0.310025,-0.421455,33.619060,237.083700,14.578740
792.052,24,-0.106801,1.642285,-0.159543,-0.026271,0.836620,-0.312644,-0.449033,33.142420,241.366500,16.429140
792.163,24,-0.074488,1.633520,-0.197495,-0.030282,0.832078,-0.314512,-0.455863,33.436050,242.406100,16.453050
792.275,24,-0.037911,1.631096,-0.237574,-0.037541,0.833187,-0.312583,-0.454622,33.711740,241.945700,15.454080
792.386,24,0.014813,1.628301,-0.291356,-0.040119,0.841285,-0.312458,-0.439317,34.123770,239.613500,14.482980
792.497,24,0.052991,1.628191,-0.330171,-0.037320,0.849599,-0.312571,-0.423188,34.243240,237.314100,14.082350
792.608,24,0.096304,1.635737,-0.367055,-0.028655,0.860359,-0.297567,-0.412814,32.390530,235.187000,13.447490
792.719,24,0.126407,1.655431,-0.384983,-0.015397,0.878436,-0.245929,-0.409430,26.402500,232.620100,11.223270
792.831,24,0.163208,1.711821,-0.386403,0.011626,0.908903,-0.078720,-0.409344,7.676464,228.823400,4.953977
792.945,24,0.201520,1.762470,-0.363740,0.055831,0.908297,0.070017,-0.408628,350.048100,228.220400,2.571993
793.058,24,0.230556,1.786038,-0.341490,0.080756,0.901576,0.134852,-0.403056,342.045700,227.823400,2.223524
793.169,24,0.252379,1.797097,-0.322517,0.082439,0.899584,0.163320,-0.396585,338.947200,227.366700,1.153138
793.281,24,0.257111,1.797387,-0.315920,0.077595,0.901523,0.152051,-0.397638,340.374800,227.402300,1.154861
793.392,24,0.255531,1.792349,-0.313695,0.070293,0.905306,0.141919,-0.394131,341.798000,226.903600,0.929095
793.503,24,0.256974,1.786181,-0.316953,0.066992,0.911289,0.132397,-0.384103,342.976300,225.527400,1.221838
793.614,24,0.264178,1.783097,-0.325854,0.065962,0.907293,0.122829,-0.396714,344.024900,227.048700,1.325404
793.726,24,0.286979,1.782467,-0.347474,0.071337,0.895298,0.121671,-0.422550,343.850100,230.320500,1.486143
793.837,24,0.313131,1.779712,-0.375385,0.073835,0.885496,0.120465,-0.442645,343.816900,232.914900,1.438825
793.947,24,0.353687,1.784341,-0.417260,0.071837,0.870004,0.116412,-0.473689,344.299200,237.013000,0.875528
794.058,24,0.384928,1.786758,-0.451164,0.077645,0.860185,0.115649,-0.490591,344.029500,239.226900,1.198313
794.169,24,0.416872,1.790591,-0.485598,0.074186,0.851717,0.108394,-0.507273,344.935400,241.426400,0.973159
794.281,24,0.437366,1.790797,-0.502822,0.072998,0.840130,0.102845,-0.527519,345.533100,244.143300,0.837394
794.391,24,0.450267,1.792798,-0.509257,0.067342,0.838512,0.104023,-0.530605,345.764200,244.632000,0.150433
794.502,24,0.456529,1.791432,-0.509477,0.065171,0.829298,0.102600,-0.545427,346.038800,246.693300,359.773900
794.613,24,0.458539,1.789617,-0.508144,0.065918,0.824330,0.098359,-0.553588,346.400000,247.769100,359.986800
794.725,24,0.453536,1.790758,-0.498141,0.061730,0.825157,0.100957,-0.552370,346.419800,247.665500,359.430800
794.836,24,0.441694,1.792124,-0.478408,0.053886,0.823968,0.105959,-0.554027,346.448400,248.033200,358.313800
794.946,24,0.418246,1.793974,-0.443134,0.035541,0.822719,0.113955,-0.555775,346.878800,248.542700,355.985200
795.057,24,0.398432,1.794415,-0.416639,0.022634,0.823041,0.113842,-0.555996,347.727400,248.645400,354.754500
795.168,24,0.377796,1.794316,-0.387002,0.015223,0.823339,0.112047,-0.556171,348.378900,248.672800,354.165800
795.279,24,0.367151,1.794727,-0.368759,0.014825,0.823766,0.111302,-0.555699,348.471900,248.593400,354.184800
795.390,24,0.359414,1.792772,-0.353058,0.012263,0.827429,0.103158,-0.551879,349.382800,247.913000,354.537300
795.501,24,0.363429,1.791556,-0.346428,0.007585,0.836609,0.081049,-0.541719,351.730400,246.162400,355.646600
795.612,24,0.389632,1.785389,-0.339711,-0.002805,0.841956,0.045269,-0.537636,355.801400,245.233600,356.930700
795.723,24,0.437650,1.774773,-0.333546,-0.019822,0.837227,0.012335,-0.546357,0.057662,246.253900,357.325000
795.832,24,0.501440,1.761979,-0.332300,-0.037806,0.825726,-0.020126,-0.562443,4.345122,248.434600,357.712700
795.944,24,0.568302,1.754632,-0.334362,-0.057092,0.813954,-0.040977,-0.576663,7.617156,250.457100,357.358500
796.055,24,0.623862,1.753216,-0.332344,-0.071682,0.802269,-0.050628,-0.590477,9.548760,252.438600,356.789600
796.167,24,0.682269,1.757492,-0.327243,-0.071547,0.792669,-0.047872,-0.603544,9.337952,254.307800,356.767500
796.278,24,0.714363,1.759662,-0.322328,-0.072717,0.781643,-0.049204,-0.617516,9.597582,256.360800,356.924000
796.388,24,0.742288,1.761205,-0.318603,-0.073702,0.778691,-0.053656,-0.620749,10.082340,256.874100,357.195700
796.500,24,0.757468,1.761560,-0.316696,-0.075930,0.780126,-0.053528,-0.618686,10.222510,256.560700,356.957400
796.610,24,0.769029,1.761652,-0.315927,-0.078487,0.781226,-0.054716,-0.616873,10.505150,256.295300,356.785900
796.723,24,0.772660,1.763213,-0.318264,-0.074834,0.783234,-0.050338,-0.615151,9.841377,256.015100,356.782900
796.833,24,0.770789,1.764316,-0.323327,-0.067192,0.782213,-0.045852,-0.617677,8.901594,256.374100,357.187600
796.944,24,0.764872,1.764940,-0.331246,-0.063580,0.786137,-0.041325,-0.613383,8.219865,255.721200,357.146600
797.056,24,0.755685,1.764212,-0.337955,-0.061976,0.788615,-0.043126,-0.610234,8.259660,255.277100,357.387000
797.167,24,0.733504,1.762154,-0.340481,-0.063002,0.783048,-0.043868,-0.617205,8.422574,256.301000,357.420700
797.278,24,0.708480,1.758994,-0.335246,-0.070935,0.772346,-0.047425,-0.629445,9.355372,258.121500,357.102900
797.389,24,0.666419,1.755805,-0.321912,-0.077871,0.757238,-0.047542,-0.646736,9.946243,260.713500,356.715100
797.500,24,0.619405,1.754048,-0.304687,-0.085694,0.738678,-0.046599,-0.666963,10.553390,263.811400,356.241600
797.611,24,0.565827,1.751900,-0.285466,-0.092083,0.716323,-0.041356,-0.690429,10.742910,267.480200,355.632700
797.722,24,0.512010,1.748279,-0.268194,-0.099084,0.698993,-0.046038,-0.706733,11.795130,270.186300,355.697100
797.833,24,0.460770,1.742236,-0.254856,-0.105262,0.690383,-0.051002,-0.713926,12.751290,271.444300,355.736000
797.944,24,0.417607,1.737393,-0.244679,-0.112148,0.685386,-0.056931,-0.717236,13.822430,272.085500,355.744000
798.056,24,0.386536,1.733204,-0.238350,-0.116305,0.683224,-0.060051,-0.718382,14.427760,272.329100,355.698200
798.166,24,0.354578,1.727723,-0.233205,-0.121480,0.681900,-0.065031,-0.718350,15.261210,272.406600,355.705400
798.278,24,0.336880,1.724482,-0.231808,-0.123748,0.679248,-0.070974,-0.719911,15.937730,272.778800,356.069000
798.388,24,0.322898,1.722188,-0.232509,-0.125299,0.680958,-0.074986,-0.717616,16.377150,272.460700,356.233600
798.500,24,0.313426,1.721290,-0.234108,-0.125934,0.682016,-0.074857,-0.716513,16.413860,272.269700,356.144100
798.611,24,0.305442,1.718998,-0.237044,-0.127047,0.682242,-0.077358,-0.715836,16.704930,272.202500,356.252500
798.722,24,0.300999,1.718110,-0.242581,-0.127287,0.685508,-0.081429,-0.712212,17.034670,271.663400,356.490800
798.833,24,0.302390,1.719207,-0.252023,-0.126936,0.697349,-0.082019,-0.700617,16.993170,269.711400,356.276300
798.945,24,0.312068,1.722179,-0.264317,-0.123591,0.710423,-0.080724,-0.688119,16.546150,267.611300,356.141300
799.057,24,0.327645,1.725986,-0.277605,-0.117409,0.722109,-0.079168,-0.677131,15.863060,265.799800,356.283600
799.168,24,0.354491,1.733031,-0.300502,-0.105343,0.745726,-0.073749,-0.653726,14.342860,262.025600,356.408500
799.279,24,0.376036,1.737353,-0.322784,-0.095764,0.771532,-0.071802,-0.624830,13.324600,257.605500,356.580400
799.389,24,0.398641,1.738748,-0.357656,-0.080177,0.806722,-0.075686,-0.580554,12.427770,251.215900,357.565600
799.501,24,0.416032,1.737883,-0.392119,-0.066278,0.832647,-0.082230,-0.543640,12.063800,246.151700,358.771500
799.612,24,0.432713,1.736606,-0.426053,-0.051816,0.857751,-0.087809,-0.503853,11.703790,240.858500,359.976300
799.724,24,0.446213,1.733877,-0.455945,-0.045336,0.882135,-0.093097,-0.459474,11.882750,235.060900,0.325947
799.835,24,0.454505,1.729933,-0.474587,-0.044772,0.894595,-0.101411,-0.432911,12.721190,231.696800,0.452200
799.946,24,0.467328,1.727868,-0.486982,-0.048004,0.897251,-0.111245,-0.424572,13.909680,230.706100,0.491118
800.058,24,0.490534,1.732558,-0.485702,-0.049315,0.893076,-0.109014,-0.433704,13.738600,231.851200,0.381953
800.168,24,0.539691,1.745256,-0.470327,-0.052993,0.875091,-0.098480,-0.470860,12.842010,236.566600,-0.000428
800.279,24,0.585456,1.752607,-0.453886,-0.054817,0.851620,-0.090587,-0.513354,12.155960,242.160600,359.978900
800.390,24,0.643402,1.756664,-0.431391,-0.067937,0.812236,-0.081994,-0.573528,12.188200,250.350600,359.043900
800.501,24,0.689235,1.761121,-0.415840,-0.065839,0.784859,-0.065504,-0.612676,10.573650,255.828000,358.654400
800.612,24,0.727985,1.761533,-0.404465,-0.072875,0.767124,-0.062318,-0.634292,10.839570,258.989500,358.089000
800.723,24,0.759449,1.762504,-0.395294,-0.076464,0.754486,-0.057135,-0.649338,10.691300,261.208200,357.598100
800.834,24,0.780759,1.764985,-0.389488,-0.075036,0.744325,-0.051177,-0.661613,10.106250,263.039800,357.439400
800.945,24,0.800654,1.769699,-0.387253,-0.066533,0.743768,-0.034753,-0.664210,8.052426,263.316700,356.943000
801.056,24,0.810003,1.769763,-0.387732,-0.063052,0.747021,-0.032175,-0.661021,7.552115,262.812400,357.012500
801.167,24,0.813679,1.767595,-0.389854,-0.065621,0.753344,-0.042151,-0.652985,8.581039,261.645700,357.459900
801.279,24,0.813256,1.765569,-0.392598,-0.070223,0.761878,-0.048454,-0.642077,9.439616,260.030500,357.398200
801.389,24,0.811044,1.766569,-0.395031,-0.065571,0.768721,-0.047542,-0.634435,8.991844,258.881800,357.650700
801.501,24,0.810432,1.767275,-0.396828,-0.063537,0.775157,-0.044409,-0.626996,8.541291,257.750900,357.518600
801.612,24,0.809099,1.766189,-0.397997,-0.066714,0.778665,-0.049185,-0.621942,9.182628,257.031500,357.520000
