timestamp,level,px,py,pz,rx,ry,rz,rw,ex,ey,ez
51.189,1,-0.203210,1.616192,0.040216,0.169988,0.060449,-0.032516,0.983053,19.763910,6.577121,357.358000
51.302,1,-0.202130,1.616007,0.041717,0.170157,0.057738,-0.032031,0.983202,19.773100,6.261499,357.360400
51.413,1,-0.199411,1.615318,0.044172,0.172787,0.060420,-0.033513,0.982533,20.095600,6.551402,357.255000
51.524,1,-0.196865,1.613858,0.047557,0.177890,0.062188,-0.033668,0.981506,20.694640,6.758902,357.306200
51.635,1,-0.195038,1.612793,0.051764,0.181653,0.061343,-0.033324,0.980882,21.127710,6.663188,357.352400
51.746,1,-0.193012,1.610989,0.057180,0.187476,0.060312,-0.033388,0.979847,21.803350,6.535375,357.356900
51.857,1,-0.191989,1.609841,0.061817,0.191743,0.058846,-0.032897,0.979127,22.293660,6.367829,357.407300
51.968,1,-0.192028,1.609173,0.068785,0.194192,0.057416,-0.031454,0.978777,22.566300,6.227961,357.562500
52.080,1,-0.193199,1.608624,0.076284,0.195236,0.055010,-0.031075,0.978719,22.679790,5.943811,357.555900
52.190,1,-0.196186,1.607848,0.091601,0.198315,0.051577,-0.030318,0.978311,23.026390,5.542727,357.579800
52.302,1,-0.201313,1.607093,0.110849,0.200333,0.049249,-0.031131,0.977994,23.260700,5.237053,357.432200
52.413,1,-0.209927,1.605307,0.135309,0.204240,0.053901,-0.034471,0.976828,23.749010,5.719795,357.161600
52.524,1,-0.221759,1.604287,0.161746,0.209580,0.067626,-0.038460,0.974692,24.440880,7.301914,357.064200
52.636,1,-0.232809,1.605119,0.186056,0.213692,0.090040,-0.045042,0.971700,25.049420,9.898364,356.896100
52.747,1,-0.248285,1.604818,0.215445,0.218210,0.125402,-0.050320,0.966502,25.748510,14.166640,357.292900
52.858,1,-0.259174,1.602987,0.236643,0.219485,0.165952,-0.062185,0.959385,26.217520,18.935950,357.030800
52.969,1,-0.270569,1.595474,0.264677,0.220184,0.226925,-0.075390,0.945696,26.786660,26.334290,357.260800
53.080,1,-0.278094,1.582591,0.295163,0.215851,0.254925,-0.074456,0.939616,26.333480,29.911900,358.090100
53.191,1,-0.280163,1.565239,0.328261,0.221834,0.263441,-0.076339,0.935714,27.088590,31.045210,358.327600
53.303,1,-0.267387,1.544111,0.365982,0.228929,0.270915,-0.083176,0.931278,28.129100,31.937350,357.993400
53.414,1,-0.244284,1.520601,0.404434,0.240455,0.281412,-0.091007,0.924504,29.724090,33.282750,357.826200
53.525,1,-0.206394,1.482898,0.457513,0.256726,0.282417,-0.099494,0.918931,31.872080,33.438260,357.445600
53.636,1,-0.175171,1.452087,0.499662,0.268305,0.278474,-0.104688,0.916245,33.365060,32.938750,357.089400
53.747,1,-0.143713,1.414012,0.548906,0.286320,0.270349,-0.106492,0.913013,35.479220,32.095840,357.209500
53.858,1,-0.126366,1.390325,0.581776,0.288323,0.263736,-0.108372,0.914095,35.751540,31.138820,356.747700
53.970,1,-0.110624,1.360608,0.616463,0.298439,0.257445,-0.112210,0.912176,37.029970,30.293330,356.333800
54.081,1,-0.097189,1.336238,0.640799,0.303246,0.258506,-0.112851,0.910209,37.616990,30.510120,356.478400
54.192,1,-0.079920,1.309762,0.660432,0.304836,0.266520,-0.117793,0.906734,37.995430,31.478780,356.280400
54.304,1,-0.057608,1.289603,0.679114,0.302851,0.275633,-0.122333,0.904070,37.954410,32.553800,356.055200
54.415,1,-0.037485,1.283321,0.692554,0.290158,0.285880,-0.124454,0.904761,36.598550,33.668870,355.764000
54.526,1,-0.014884,1.297511,0.706144,0.263855,0.302591,-0.119251,0.908074,33.460980,35.682590,356.089400
54.638,1,-0.000985,1.327298,0.715451,0.239838,0.312578,-0.113674,0.912059,30.567790,36.789630,356.176300
54.749,1,0.017374,1.384581,0.728477,0.198467,0.334332,-0.100850,0.915785,25.527230,39.363240,356.696000
54.861,1,0.032856,1.441345,0.738563,0.153065,0.356349,-0.087795,0.917539,20.087730,41.887240,356.824600
54.972,1,0.045118,1.502193,0.745491,0.101259,0.388930,-0.068039,0.913155,13.759960,45.816140,357.315400
55.084,1,0.050294,1.559078,0.758052,0.051099,0.421551,-0.039557,0.904499,7.226301,49.872800,358.355200
55.195,1,0.056573,1.602070,0.782080,0.011593,0.451253,-0.025772,0.891949,2.518396,53.626540,357.962900
55.307,1,0.072327,1.639543,0.819971,-0.018988,0.484330,-0.011979,0.874598,358.761800,57.977480,357.744500
55.418,1,0.091462,1.652259,0.841111,-0.031862,0.528571,-0.015380,0.848151,357.834400,63.927500,356.570900
55.529,1,0.109268,1.651055,0.845949,-0.023714,0.625278,-0.033523,0.779321,0.284241,77.471080,355.301800
55.640,1,0.108899,1.647002,0.832796,-0.017932,0.730879,-0.047664,0.680604,2.594303,93.961310,354.768100
55.750,1,0.083496,1.639059,0.813566,-0.010381,0.816288,-0.057674,0.574666,4.716526,109.511600,355.209200
55.861,1,0.037839,1.637607,0.794512,-0.013489,0.857838,-0.056897,0.510583,4.809430,118.281500,355.323500
55.971,1,-0.023287,1.637066,0.767407,-0.020438,0.882193,-0.065394,0.465878,5.528333,124.053500,354.408000
56.082,1,-0.102477,1.635258,0.731540,-0.025765,0.912542,-0.073452,0.401508,6.509367,132.153500,353.875200
56.193,1,-0.190266,1.635074,0.696517,-0.028230,0.937338,-0.078390,0.338312,7.345646,139.914000,353.866900
56.304,1,-0.276147,1.634256,0.671728,-0.030992,0.954687,-0.083702,0.283914,8.176290,146.433400,353.811500
56.415,1,-0.342084,1.630073,0.657689,-0.030349,0.964024,-0.089333,0.248508,9.041753,150.616400,354.018400
56.525,1,-0.408839,1.629649,0.648194,-0.026219,0.967837,-0.111155,0.224163,11.736180,153.312500,354.103400
56.636,1,-0.449815,1.630184,0.650937,-0.018998,0.968534,-0.118555,0.218003,12.789240,154.046000,354.793600
56.747,1,-0.485917,1.630563,0.665081,-0.013110,0.963225,-0.133907,0.232582,14.588030,152.185500,354.809900
56.858,1,-0.500033,1.628852,0.683969,-0.004666,0.956825,-0.141315,0.253959,15.548710,149.614300,355.194600
56.968,1,-0.507133,1.624237,0.720865,0.011092,0.944656,-0.151291,0.290885,16.994990,145.169000,355.979000
57.080,1,-0.506263,1.621541,0.757127,0.020928,0.934546,-0.157397,0.318453,17.909690,141.785600,356.316500
57.190,1,-0.501092,1.616027,0.809199,0.036449,0.919416,-0.167325,0.354047,19.480850,137.341600,356.871100
57.302,1,-0.495372,1.609152,0.851911,0.045034,0.907521,-0.183530,0.375093,21.524440,134.432300,356.552300
57.414,1,-0.490672,1.595459,0.881385,0.057736,0.900710,-0.200496,0.381037,23.902180,133.491800,356.941200
57.525,1,-0.485870,1.576354,0.904234,0.062602,0.898915,-0.201751,0.383834,24.253290,133.183400,357.338900
57.635,1,-0.482981,1.570122,0.911364,0.070094,0.898805,-0.203351,0.381950,24.777200,133.546800,358.148300
57.746,1,-0.478351,1.563706,0.907338,0.069475,0.896953,-0.197880,0.389220,24.145760,132.689500,358.153300
57.856,1,-0.466398,1.556431,0.887169,0.065850,0.900486,-0.186692,0.387214,22.781800,133.138600,358.384900
57.957,1,-0.447736,1.541765,0.859137,0.065795,0.902504,-0.180558,0.385431,22.124950,133.501300,358.736600
58.066,1,-0.407559,1.509815,0.801387,0.070974,0.902677,-0.180401,0.384177,22.347410,133.762800,359.350800
58.180,1,-0.372760,1.485323,0.749168,0.074601,0.903051,-0.179961,0.382816,22.466550,134.017000,359.811100
58.291,1,-0.326348,1.453035,0.685251,0.081511,0.902522,-0.184087,0.380687,23.225140,134.348900,0.434744
58.398,1,-0.284283,1.426118,0.637427,0.091048,0.899547,-0.183888,0.385631,23.644020,133.878700,1.374840
58.512,1,-0.241192,1.391391,0.593079,0.095253,0.891389,-0.191468,0.399616,24.675230,131.937500,1.058564
58.623,1,-0.207726,1.358738,0.559276,0.095849,0.887211,-0.198352,0.405371,25.446590,131.020900,0.587783
58.731,1,-0.177861,1.329045,0.530956,0.098532,0.884798,-0.201413,0.408481,25.907260,130.581600,0.625250
58.841,1,-0.152118,1.309796,0.507837,0.096069,0.882127,-0.200253,0.415357,25.664680,129.617900,0.199461
58.953,1,-0.132041,1.294951,0.491777,0.095936,0.879976,-0.197076,0.421425,25.321880,128.859000,0.173465
59.064,1,-0.111465,1.286823,0.478950,0.095523,0.878015,-0.193445,0.427251,24.918000,128.138000,0.154310
59.174,1,-0.090718,1.287633,0.469653,0.093684,0.879158,-0.186048,0.428591,24.043890,128.091500,0.329353
59.286,1,-0.056901,1.287695,0.455846,0.090932,0.879353,-0.174863,0.433465,22.728520,127.623300,0.517406
59.397,1,-0.029184,1.267513,0.445275,0.092581,0.875556,-0.176112,0.440244,22.948750,126.701200,0.438995
59.508,1,0.002454,1.209452,0.430223,0.099570,0.874943,-0.177701,0.439297,23.480620,126.913900,1.131263
59.619,1,0.017354,1.152663,0.419865,0.107715,0.863863,-0.185626,0.455721,24.764350,124.607600,1.067388
59.730,1,0.010686,1.071637,0.421347,0.121549,0.850596,-0.207836,0.467457,27.853100,122.617200,0.808097
59.841,1,0.002664,1.002058,0.422938,0.125080,0.845492,-0.219629,0.470385,29.278870,121.905600,0.321052
59.953,1,0.003006,0.938022,0.423517,0.125520,0.841374,-0.219191,0.477797,29.261040,120.847700,0.115594
60.064,1,0.003825,0.871343,0.427914,0.120856,0.840040,-0.216722,0.482451,28.732720,120.159300,359.603500
60.175,1,0.002103,0.821677,0.437412,0.111282,0.845418,-0.199926,0.482612,26.452380,120.487400,359.692000
60.286,1,-0.004140,0.770228,0.453769,0.105859,0.841217,-0.191150,0.494579,25.233600,118.939100,359.304700
60.397,1,-0.013970,0.737282,0.465929,0.082955,0.847595,-0.170777,0.495517,21.821100,119.037000,358.233300
60.509,1,-0.023112,0.709580,0.482944,0.066678,0.848564,-0.147348,0.503767,18.496640,118.260000,357.866900
60.616,1,-0.025236,0.729150,0.487661,0.053846,0.846807,-0.145342,0.508816,17.514610,117.474400,356.590800
60.728,1,-0.027256,0.849346,0.488742,0.027724,0.857000,-0.106344,0.503461,12.133380,118.762800,356.507200
60.840,1,-0.035234,0.994612,0.490831,0.006833,0.864939,-0.054273,0.498887,5.779627,119.925100,357.561400
60.952,1,-0.044573,1.134775,0.493190,-0.007467,0.866906,-0.022207,0.497922,1.780275,120.225500,357.989700
61.064,1,-0.054781,1.263240,0.495012,-0.025717,0.868946,0.004669,0.494216,358.078300,120.780100,357.701800
61.175,1,-0.061945,1.363563,0.498113,-0.035862,0.867804,0.018391,0.495270,356.132900,120.657100,357.470900
61.287,1,-0.072866,1.480778,0.505955,-0.052583,0.859739,0.036416,0.506712,353.344200,119.151200,356.911800
61.399,1,-0.086391,1.563748,0.518651,-0.063516,0.850406,0.049388,0.519938,351.370300,117.364800,356.714000
61.510,1,-0.106302,1.641826,0.540080,-0.071653,0.841457,0.066894,0.531359,349.121700,115.732400,357.111000
61.622,1,-0.120978,1.664843,0.556889,-0.076205,0.844268,0.069451,0.525910,348.613700,116.485200,356.747200
61.733,1,-0.133677,1.655690,0.563969,-0.073065,0.859229,0.066785,0.501923,349.157300,119.741100,356.584300
61.844,1,-0.143018,1.638729,0.557787,-0.057970,0.868669,0.053988,0.489018,351.344600,121.455500,357.222100
61.955,1,-0.159370,1.629966,0.544104,-0.056716,0.873808,0.038233,0.481436,353.025600,122.513000,356.401300
62.066,1,-0.197108,1.629364,0.521488,-0.055563,0.883454,0.031727,0.464128,353.821000,124.783100,356.036200
62.177,1,-0.232790,1.627333,0.499787,-0.061906,0.896106,0.032596,0.438292,353.529900,128.141700,355.244600
62.288,1,-0.268650,1.622772,0.469736,-0.066465,0.908367,0.024806,0.412112,354.269500,131.483700,354.214300
62.400,1,-0.288186,1.614911,0.452668,-0.067344,0.913639,0.017139,0.400543,355.108700,132.923700,353.700400
62.510,1,-0.304430,1.607785,0.438193,-0.068287,0.915499,0.008988,0.396382,355.952000,133.418000,353.211600
62.622,1,-0.313939,1.606734,0.428804,-0.066609,0.920437,0.008870,0.385072,356.122300,134.821100,353.335700
62.733,1,-0.318539,1.606890,0.422622,-0.067519,0.922641,0.006810,0.379644,356.340100,135.488000,353.127300
62.844,1,-0.318333,1.606788,0.418742,-0.066057,0.924218,0.007114,0.376040,356.397700,135.931300,353.282000
62.955,1,-0.315388,1.607030,0.415471,-0.065409,0.924334,0.006745,0.375877,356.466000,135.948000,353.334700
63.066,1,-0.308327,1.606928,0.413019,-0.060562,0.924636,0.006644,0.375947,356.685200,135.926000,353.847300
63.177,1,-0.299453,1.607818,0.415563,-0.062611,0.916858,0.007982,0.394192,356.330600,133.670700,353.757300
63.288,1,-0.284433,1.608251,0.422175,-0.063883,0.900125,0.006615,0.430871,356.160600,129.052100,353.710600
63.400,1,-0.271390,1.609253,0.432804,-0.065600,0.878214,0.007230,0.473693,355.707600,123.550800,353.761000
63.511,1,-0.261518,1.610326,0.444923,-0.064162,0.858521,0.006790,0.508703,355.587400,118.932900,354.055400
63.622,1,-0.252474,1.611885,0.458502,-0.063349,0.839039,0.006956,0.540326,355.403900,114.666900,354.312300
63.733,1,-0.244063,1.613490,0.474383,-0.062305,0.821014,0.008356,0.567437,355.156800,110.926200,354.654800
63.845,1,-0.234929,1.614223,0.492344,-0.058347,0.803695,0.010550,0.592080,355.063600,107.443900,355.319800
63.955,1,-0.226428,1.613750,0.509817,-0.053665,0.784245,0.012320,0.618003,355.086400,103.692500,356.032000
64.067,1,-0.216015,1.612521,0.531974,-0.049902,0.757566,0.010555,0.650763,355.357400,98.817950,356.441100
64.178,1,-0.209198,1.611269,0.548927,-0.045909,0.736494,0.007982,0.674837,355.772300,95.123600,356.732000
64.289,1,-0.200557,1.607101,0.566416,-0.031119,0.719170,-0.003092,0.694130,357.779000,92.084590,357.186300
64.400,1,-0.194494,1.594564,0.573782,0.016818,0.724956,-0.067253,0.685297,6.924514,92.984670,356.084200
64.510,1,-0.200210,1.581820,0.576130,0.073249,0.737277,-0.133340,0.658239,17.040490,95.876200,355.949800
64.621,1,-0.210179,1.572108,0.579723,0.116018,0.736035,-0.180681,0.641987,24.515480,96.970320,356.142900
64.731,1,-0.220985,1.569136,0.583902,0.127505,0.734277,-0.196368,0.637197,26.799460,97.133220,355.952500
64.842,1,-0.230625,1.568709,0.585704,0.128208,0.738769,-0.199383,0.630896,27.152940,98.038970,355.994900
64.952,1,-0.237445,1.568645,0.582695,0.121061,0.749790,-0.195446,0.620452,26.315320,99.872060,356.098500
65.064,1,-0.241524,1.564751,0.575435,0.122420,0.757455,-0.197935,0.609998,26.692690,101.456000,356.404800
65.175,1,-0.242990,1.564796,0.567851,0.118467,0.764426,-0.197111,0.602300,26.363110,102.685700,356.396100
65.286,1,-0.242624,1.564371,0.559138,0.110350,0.770793,-0.197106,0.595694,25.805970,103.659300,355.877800
65.397,1,-0.241370,1.564984,0.554637,0.105115,0.772184,-0.195949,0.595220,25.324830,103.736300,355.499400
65.508,1,-0.244768,1.573928,0.554247,0.088699,0.778808,-0.178351,0.594795,22.539400,104.344000,355.404200
65.619,1,-0.259962,1.585856,0.560117,0.071183,0.787052,-0.151537,0.593732,18.848240,105.256900,355.885900
65.730,1,-0.289860,1.603212,0.572549,0.046351,0.797654,-0.119752,0.589288,14.221370,106.591800,356.025300
65.842,1,-0.321846,1.615952,0.590198,0.031872,0.804105,-0.101594,0.584875,11.575970,107.537500,356.044300
65.953,1,-0.359298,1.627592,0.612387,0.017483,0.810189,-0.080429,0.580362,8.662782,108.483900,356.228500
66.065,1,-0.399664,1.640148,0.637308,0.004752,0.816026,-0.062391,0.574619,6.158889,109.497600,356.312300
66.176,1,-0.436591,1.648630,0.660543,0.000163,0.815675,-0.053252,0.576055,4.994535,109.384800,356.484500
66.288,1,-0.479944,1.652824,0.686429,-0.001019,0.815649,-0.045895,0.576724,4.226128,109.357900,356.861600
66.399,1,-0.507787,1.652868,0.701643,0.005022,0.820141,-0.049575,0.569987,4.993427,110.281300,357.222400
66.509,1,-0.536873,1.652792,0.715418,0.009619,0.824725,-0.049825,0.563253,5.337330,111.229000,357.682500
66.621,1,-0.551094,1.652453,0.720664,0.011405,0.826749,-0.048829,0.560332,5.366064,111.648100,357.935700
66.732,1,-0.554735,1.650194,0.716527,0.011872,0.831255,-0.047244,0.553753,5.260939,112.573500,358.124800
66.843,1,-0.544529,1.647665,0.701823,0.004561,0.837024,-0.045266,0.545272,4.631782,113.739200,357.600500
66.955,1,-0.521859,1.641885,0.684203,0.004838,0.838902,-0.043194,0.542545,4.457523,114.129200,357.772300
67.066,1,-0.478484,1.632205,0.657117,0.003245,0.840276,-0.039974,0.540674,4.053471,114.404800,357.829900
67.177,1,-0.437344,1.624938,0.631187,0.001713,0.838699,-0.038709,0.543216,3.829691,114.063400,357.749500
67.288,1,-0.379055,1.619572,0.593401,0.004563,0.835733,-0.041033,0.547582,4.219758,113.454500,357.856000
67.400,1,-0.326724,1.615174,0.560634,0.004875,0.830764,-0.043605,0.554893,4.465641,112.429300,357.683700
67.510,1,-0.277985,1.609658,0.531408,0.006303,0.826277,-0.051411,0.560877,5.280395,111.537200,357.279900
67.622,1,-0.235282,1.604145,0.507862,0.010486,0.819057,-0.052579,0.571201,5.630298,110.095600,357.530000
67.733,1,-0.197703,1.598005,0.486898,0.010500,0.812376,-0.052758,0.580648,5.618973,108.764200,357.453900
67.845,1,-0.164930,1.590737,0.467407,0.011109,0.808478,-0.053877,0.585950,5.747008,108.003400,357.397600
67.956,1,-0.139951,1.584112,0.451762,0.010755,0.804749,-0.053867,0.591069,5.705300,107.274000,357.329100
68.067,1,-0.117218,1.578078,0.436344,0.012148,0.801139,-0.058533,0.595486,6.214657,106.595900,357.102800
68.178,1,-0.112821,1.576492,0.431044,0.012546,0.801149,-0.060467,0.595270,6.420333,106.605900,357.007000
68.290,1,-0.125659,1.580139,0.433925,0.016385,0.800908,-0.057535,0.595792,6.412483,106.572400,357.559700
68.401,1,-0.154997,1.587718,0.444161,0.014942,0.800889,-0.055868,0.596014,6.159625,106.555100,357.540600
68.512,1,-0.198050,1.597283,0.461655,0.012139,0.803188,-0.057737,0.592797,6.150377,106.989700,357.177900
68.623,1,-0.253920,1.605532,0.487080,0.010259,0.809303,-0.059124,0.584318,6.181990,108.177900,356.973600
68.734,1,-0.310171,1.609992,0.514524,0.011899,0.818209,-0.067996,0.570762,7.172219,109.992100,356.640200
68.845,1,-0.384762,1.615609,0.552037,0.019162,0.826119,-0.084364,0.556815,9.249130,111.746300,356.381600
68.955,1,-0.437164,1.618540,0.577818,0.021995,0.829017,-0.095670,0.550540,10.535310,112.454200,355.983000
69.066,1,-0.492899,1.625171,0.605672,0.015752,0.833099,-0.090297,0.545477,9.650437,113.214900,355.796400
69.177,1,-0.524454,1.627788,0.621068,0.017605,0.834782,-0.093195,0.542351,10.060670,113.609400,355.824300
69.288,1,-0.549512,1.631934,0.632815,0.021587,0.831893,-0.098319,0.545731,10.786170,113.075700,355.832100
69.400,1,-0.562661,1.632778,0.638469,0.021883,0.830771,-0.102878,0.546586,11.236390,112.878100,355.549900
69.510,1,-0.573056,1.633610,0.642215,0.025211,0.828912,-0.107627,0.548349,11.892460,112.562800,355.531400
69.621,1,-0.579126,1.633319,0.642817,0.026496,0.827454,-0.111435,0.549728,12.330190,112.303900,355.381200
69.732,1,-0.582176,1.633805,0.641884,0.025232,0.826342,-0.112112,0.551319,12.304450,112.060400,355.190400
69.844,1,-0.582910,1.634283,0.640788,0.025684,0.824963,-0.112675,0.553246,12.375930,111.781600,355.166800
69.955,1,-0.582301,1.635006,0.639557,0.025740,0.824092,-0.111054,0.554867,12.216220,111.586800,355.256800
70.066,1,-0.579428,1.633923,0.637865,0.030008,0.822171,-0.114959,0.556703,12.852590,111.273600,355.372700
70.177,1,-0.576546,1.633386,0.636677,0.032307,0.819059,-0.117879,0.560539,13.256950,110.684100,355.331100
70.288,1,-0.573066,1.632969,0.635959,0.034581,0.814886,-0.121280,0.565734,13.696970,109.885700,355.225600
70.399,1,-0.571317,1.632870,0.636664,0.036760,0.810919,-0.121379,0.571251,13.818970,109.108300,355.330200
70.510,1,-0.570280,1.632876,0.638169,0.041757,0.805977,-0.120839,0.577975,14.067000,108.182400,355.721100
70.621,1,-0.573926,1.632460,0.642672,0.048634,0.798614,-0.123148,0.587098,14.702520,106.845300,356.032800
70.732,1,-0.583918,1.632563,0.649656,0.056376,0.792211,-0.124715,0.594701,15.346460,105.737100,356.491700
70.844,1,-0.598475,1.634677,0.657582,0.057507,0.790635,-0.117936,0.598064,14.789890,105.403800,357.027900
70.955,1,-0.612630,1.638987,0.662825,0.048297,0.795638,-0.101827,0.595197,12.681220,106.111900,357.393900
71.066,1,-0.628392,1.640399,0.666863,0.041837,0.803665,-0.096235,0.585757,11.753030,107.552400,357.336600
71.177,1,-0.638162,1.639552,0.669918,0.044578,0.806099,-0.097026,0.582068,12.023910,108.081800,357.592700
71.288,1,-0.647818,1.638666,0.675270,0.048658,0.802768,-0.097830,0.586196,12.363650,107.492300,357.854300
71.400,1,-0.653556,1.636363,0.679654,0.054505,0.797522,-0.104299,0.591701,13.347880,106.603300,357.850700
71.510,1,-0.658690,1.634494,0.684456,0.059152,0.793274,-0.107574,0.596360,13.958770,105.881300,357.965200
71.622,1,-0.662921,1.633685,0.688346,0.060448,0.791809,-0.108850,0.597943,14.162060,105.629700,357.964100
71.733,1,-0.666687,1.633672,0.691915,0.058467,0.794057,-0.107085,0.595473,13.868510,106.017700,357.952900
71.844,1,-0.669637,1.635327,0.693693,0.053834,0.801258,-0.100799,0.587305,12.989140,107.303700,358.110400
71.955,1,-0.671299,1.635873,0.694614,0.050241,0.807057,-0.099792,0.579808,12.669990,108.385600,357.966200
72.066,1,-0.672828,1.636099,0.695684,0.047107,0.809948,-0.099547,0.576069,12.446610,108.910300,357.747200
72.177,1,-0.673838,1.637002,0.694896,0.043332,0.813810,-0.097564,0.571241,12.022910,109.614700,357.601200
72.288,1,-0.674826,1.636622,0.693561,0.042481,0.815224,-0.100708,0.568738,12.270120,109.911600,357.343500
72.400,1,-0.675299,1.636529,0.692818,0.042754,0.814357,-0.100661,0.569967,12.279690,109.739000,357.353700
72.510,1,-0.675958,1.635997,0.693381,0.043899,0.811099,-0.101012,0.574447,12.374230,109.100000,357.368900
72.621,1,-0.676493,1.635526,0.694028,0.045775,0.809828,-0.101631,0.575981,12.552810,108.878900,357.478900
72.732,1,-0.676786,1.635092,0.694802,0.046456,0.809308,-0.101951,0.576601,12.626390,108.787800,357.511100
72.844,1,-0.676342,1.634604,0.695949,0.048037,0.808607,-0.103416,0.577194,12.867610,108.684100,357.548700
72.955,1,-0.675639,1.633941,0.697583,0.050001,0.805831,-0.105509,0.580521,13.185130,108.176800,357.532600
73.066,1,-0.675222,1.633624,0.699057,0.051516,0.804000,-0.106011,0.582831,13.327410,107.841900,357.600700
73.177,1,-0.675184,1.632968,0.699074,0.052734,0.803394,-0.107190,0.583341,13.518300,107.751800,357.623000
73.288,1,-0.674993,1.632367,0.699164,0.053892,0.803256,-0.107584,0.583354,13.633520,107.748500,357.703600
73.400,1,-0.675497,1.632198,0.698937,0.053644,0.803810,-0.106946,0.582731,13.559090,107.849500,357.736000
73.514,2,-0.675493,1.633009,0.697866,0.051478,0.806439,-0.104726,0.579688,13.214230,108.319200,357.740000
73.621,2,-0.675541,1.632859,0.697456,0.051337,0.807073,-0.105390,0.578697,13.269480,108.448700,357.696900
73.731,2,-0.674891,1.633224,0.697190,0.051786,0.807834,-0.105076,0.577651,13.273320,108.607300,357.778600
73.843,2,-0.674213,1.633659,0.696571,0.050317,0.808938,-0.104940,0.576260,13.165900,108.801900,357.672800
73.953,2,-0.674101,1.633547,0.694918,0.050136,0.812676,-0.106155,0.570767,13.283650,109.564700,357.662700
74.065,2,-0.674141,1.633026,0.694231,0.048734,0.813994,-0.109402,0.568393,13.503550,109.834300,357.345800
74.176,2,-0.673851,1.633586,0.694431,0.046708,0.814355,-0.108665,0.568187,13.300670,109.866300,357.207600
74.287,2,-0.672703,1.633675,0.695123,0.046521,0.813984,-0.109212,0.568628,13.338310,109.791800,357.144800
74.398,2,-0.671362,1.633104,0.695780,0.047991,0.813878,-0.110464,0.568416,13.554210,109.806200,357.201600
74.509,2,-0.669678,1.632632,0.696350,0.049134,0.814593,-0.111431,0.567104,13.725520,109.981100,357.266000
74.620,2,-0.668888,1.632002,0.696820,0.050259,0.814904,-0.112492,0.566349,13.902410,110.074600,357.313000
74.731,2,-0.668586,1.631829,0.697363,0.050055,0.815560,-0.111889,0.565542,13.834640,110.200400,357.349000
74.843,2,-0.668595,1.631484,0.697082,0.049885,0.816881,-0.112360,0.563554,13.874470,110.473300,357.334900
74.953,2,-0.668269,1.631074,0.696350,0.049641,0.818530,-0.113028,0.561043,13.929980,110.815600,357.309400
75.065,2,-0.667988,1.630519,0.695227,0.050087,0.819491,-0.114805,0.559236,14.133620,111.039800,357.262500
75.176,2,-0.668702,1.629541,0.693999,0.051060,0.821312,-0.116776,0.556060,14.394950,111.457200,357.278100
75.287,2,-0.670808,1.628982,0.692099,0.049832,0.824695,-0.118410,0.550794,14.489220,112.160800,357.143700
75.398,2,-0.672710,1.628803,0.689388,0.048270,0.831354,-0.118858,0.540734,14.467330,113.555100,357.141800
75.509,2,-0.676536,1.628739,0.680775,0.045862,0.855004,-0.118921,0.502716,14.445980,118.782900,357.565100
75.620,2,-0.680565,1.627224,0.671056,0.043957,0.878110,-0.123218,0.460226,14.883700,124.400600,357.852400
75.731,2,-0.681898,1.623724,0.665106,0.046875,0.884801,-0.138450,0.442449,16.647430,126.518600,357.633300
75.843,2,-0.680690,1.620078,0.663086,0.053558,0.880629,-0.151516,0.445721,18.336840,125.911400,357.540200
75.954,2,-0.679061,1.617114,0.662377,0.058022,0.875757,-0.162444,0.450883,19.684770,125.042800,357.269100
76.066,2,-0.677059,1.615131,0.661670,0.063611,0.873572,-0.167561,0.452492,20.506910,124.785200,357.521600
76.178,2,-0.675172,1.613747,0.661420,0.067327,0.871700,-0.171344,0.454145,21.092400,124.524600,357.650300
76.286,2,-0.671972,1.612828,0.661526,0.070832,0.868413,-0.172974,0.459262,21.437580,123.837600,357.792200
76.387,2,-0.669777,1.612178,0.661178,0.073778,0.866303,-0.173550,0.462553,21.650670,123.415100,357.982300
76.496,2,-0.666696,1.610990,0.659865,0.076163,0.864832,-0.175693,0.464108,21.998740,123.183400,358.062700
76.597,2,-0.662285,1.609635,0.657131,0.076206,0.865243,-0.178670,0.462194,22.310800,123.373000,357.938000
76.706,2,-0.652743,1.607622,0.650812,0.079393,0.866062,-0.184785,0.457699,23.125470,123.885300,358.028800
76.816,2,-0.642537,1.605046,0.643178,0.083021,0.867231,-0.188949,0.453119,23.763400,124.468000,358.294600
76.927,2,-0.622641,1.601255,0.628210,0.087905,0.865858,-0.199521,0.450281,25.130310,124.660100,358.262300
77.027,2,-0.596687,1.596672,0.607895,0.087254,0.866630,-0.206114,0.445933,25.789560,125.068000,357.925600
77.138,2,-0.571105,1.591156,0.588543,0.090700,0.866154,-0.211974,0.443416,26.592410,125.313300,358.021900
77.248,2,-0.521860,1.584731,0.551636,0.093505,0.863038,-0.222076,0.443965,27.797350,124.981600,357.681100
77.359,2,-0.476179,1.579677,0.516623,0.097462,0.860089,-0.231573,0.443984,29.005210,124.750000,357.511200
77.469,2,-0.414859,1.572219,0.467835,0.106303,0.851780,-0.246412,0.449947,31.026830,123.555300,357.281000
77.580,2,-0.371647,1.567418,0.431813,0.116125,0.843460,-0.258927,0.456121,32.869230,122.381700,357.249100
77.690,2,-0.327950,1.559154,0.394336,0.125923,0.835729,-0.267218,0.462921,34.279320,121.244700,357.438600
77.792,2,-0.297139,1.552535,0.370138,0.133959,0.830279,-0.277262,0.464563,35.794090,120.741200,357.515300
77.897,2,-0.274554,1.551385,0.355375,0.139944,0.825133,-0.282538,0.468768,36.688580,119.992700,357.573900
78.000,2,-0.254136,1.550873,0.344066,0.140041,0.823518,-0.283647,0.470905,36.803240,119.607300,357.388100
78.104,2,-0.227897,1.549600,0.334180,0.141169,0.825148,-0.284259,0.467333,36.945620,120.164900,357.653900
78.207,2,-0.209209,1.550394,0.328313,0.138536,0.831384,-0.285090,0.456433,36.906010,121.751100,357.857400
78.312,2,-0.187399,1.552069,0.323472,0.136181,0.844467,-0.284091,0.433155,36.711490,125.308300,358.848400
78.415,2,-0.167958,1.553927,0.320241,0.134723,0.855007,-0.281528,0.414192,36.371560,128.239700,359.798300
78.519,2,-0.142444,1.555723,0.315903,0.129345,0.865934,-0.279982,0.393749,35.926740,131.177300,0.249325
78.621,2,-0.106070,1.556253,0.308964,0.129128,0.873788,-0.282782,0.373971,36.211150,133.988000,1.005329
78.723,2,-0.079090,1.553308,0.303658,0.130657,0.876440,-0.289421,0.361964,37.006590,135.587800,1.399701
78.826,2,-0.052381,1.550929,0.298831,0.128652,0.877547,-0.297025,0.353746,37.757930,136.478500,1.134543
78.928,2,-0.034132,1.549289,0.295749,0.129297,0.878724,-0.301165,0.347024,38.244660,137.360800,1.328549
79.030,2,-0.018703,1.548894,0.294273,0.126531,0.880312,-0.304657,0.340919,38.510590,138.045000,1.101841
79.133,2,-0.002109,1.547812,0.293087,0.126819,0.879977,-0.306185,0.340307,38.695840,138.096400,1.086655
79.236,2,0.010126,1.546029,0.292066,0.127470,0.878527,-0.308115,0.342064,38.945470,137.795400,0.971130
79.340,2,0.027417,1.537166,0.288284,0.130890,0.875258,-0.312086,0.345533,39.551090,137.273500,0.999757
79.442,2,0.052830,1.503838,0.273698,0.140213,0.863351,-0.332209,0.352991,42.269120,135.751200,0.586322
79.546,2,0.080749,1.463067,0.249742,0.151983,0.848345,-0.357944,0.359289,45.768840,134.115800,0.053986
79.651,2,0.101512,1.424869,0.226731,0.162097,0.840137,-0.369555,0.362387,47.598380,133.504300,0.384308
79.758,2,0.116021,1.385490,0.205523,0.168130,0.834858,-0.379079,0.362000,48.997460,133.366000,0.547996
79.865,2,0.129246,1.336060,0.181914,0.166962,0.839562,-0.376830,0.353919,48.670700,134.818400,1.181412
79.973,2,0.136495,1.294714,0.166776,0.171817,0.842387,-0.371376,0.350633,48.260030,135.922200,2.499999
80.081,2,0.142176,1.251360,0.147931,0.168961,0.849509,-0.363966,0.342514,47.233620,137.475800,3.186291
80.187,2,0.148951,1.209063,0.127783,0.163581,0.858470,-0.353046,0.334109,45.681510,139.023000,3.688668
80.289,2,0.155014,1.171781,0.112317,0.158326,0.865912,-0.341542,0.329360,44.089670,139.941600,3.928791
80.401,2,0.160861,1.128185,0.097964,0.153488,0.873244,-0.330988,0.323008,42.626950,141.051800,4.227731
80.510,2,0.166787,1.092623,0.083849,0.145537,0.883045,-0.312896,0.318037,40.178710,141.979200,4.354136
80.619,2,0.170943,1.069397,0.074976,0.139432,0.890169,-0.299659,0.313626,38.385840,142.718900,4.410134
80.730,2,0.175731,1.053500,0.067910,0.130899,0.895638,-0.287693,0.312939,36.674230,142.770600,3.890310
80.841,2,0.179645,1.051775,0.064346,0.124721,0.899741,-0.278386,0.312110,35.366470,142.873700,3.561669
80.952,2,0.186817,1.069539,0.061862,0.117009,0.905572,-0.262448,0.312041,33.254140,142.959800,3.299530
81.064,2,0.198723,1.109164,0.059958,0.107845,0.910191,-0.244602,0.316374,30.897730,142.433200,2.775352
81.175,2,0.212312,1.152635,0.057679,0.100038,0.916356,-0.227936,0.313576,28.716750,142.894100,2.639724
81.286,2,0.230026,1.197060,0.053776,0.093364,0.918331,-0.213742,0.319790,26.890440,142.135000,2.234404
81.397,2,0.239455,1.210361,0.041308,0.085531,0.920498,-0.211568,0.317188,26.343620,142.321800,1.486602
81.508,2,0.249930,1.217178,0.008120,0.080270,0.918942,-0.220070,0.317288,27.090680,142.025000,0.506863
81.620,2,0.255279,1.224376,-0.025951,0.073556,0.918951,-0.226243,0.314536,27.521700,142.097300,359.539000
81.731,2,0.258477,1.234777,-0.078676,0.071981,0.922705,-0.222890,0.306194,27.090850,143.227100,359.764400
81.842,2,0.258987,1.240522,-0.121803,0.072593,0.927852,-0.218263,0.293569,26.593190,144.985000,0.420412
81.948,2,0.260613,1.243555,-0.149132,0.070334,0.928735,-0.221301,0.289017,26.853770,145.470000,0.174921
82.062,2,0.264279,1.250745,-0.171316,0.069170,0.928115,-0.220768,0.291686,26.753140,145.100400,359.974700
82.174,2,0.267379,1.256920,-0.180730,0.067816,0.927782,-0.219449,0.294047,26.556770,144.780800,359.793700
82.285,2,0.265152,1.266099,-0.172655,0.069480,0.924151,-0.220360,0.304236,26.715950,143.470100,359.636800
82.397,2,0.250312,1.282955,-0.150923,0.059547,0.925197,-0.210875,0.309833,25.283790,142.679100,358.701800
82.508,2,0.216380,1.318686,-0.101133,0.051747,0.927803,-0.207454,0.305724,24.619700,143.100400,358.056900
82.619,2,0.179834,1.360660,-0.044874,0.045959,0.928199,-0.204808,0.307226,24.107210,142.828400,357.455300
82.730,2,0.126728,1.411960,0.035350,0.048862,0.922483,-0.202783,0.324834,23.945720,140.649400,357.391600
82.841,2,0.084919,1.446382,0.098952,0.050620,0.913430,-0.211456,0.344051,24.906020,137.981100,356.648300
82.951,2,0.049185,1.475415,0.148507,0.066992,0.906618,-0.225818,0.350088,27.152970,137.202200,357.640000
83.062,2,0.018423,1.499689,0.188616,0.075862,0.902108,-0.232977,0.355201,28.309430,136.546200,358.136000
83.173,2,-0.005701,1.513892,0.219518,0.085647,0.894841,-0.241838,0.365292,29.695180,135.178200,358.456300
83.285,2,-0.019653,1.517099,0.237409,0.097367,0.887901,-0.246792,0.375826,30.759780,133.885500,359.160000
83.396,2,-0.024392,1.513998,0.242288,0.109872,0.879861,-0.249365,0.389347,31.625750,132.244400,359.943800
83.507,2,-0.024937,1.502468,0.236068,0.128106,0.865559,-0.254493,0.411862,33.098570,129.353200,0.829944
83.618,2,-0.023898,1.492458,0.224753,0.143544,0.852476,-0.264072,0.427722,34.961400,127.125200,1.317068
83.729,2,-0.023703,1.485937,0.204958,0.159317,0.832684,-0.269302,0.456872,36.445760,122.946500,1.371153
83.843,2,-0.024936,1.484406,0.183512,0.164805,0.813281,-0.269377,0.488722,36.815890,118.108000,0.341010
83.962,2,-0.024140,1.480618,0.159865,0.180096,0.792965,-0.260726,0.520378,36.936450,113.792400,1.022791
84.075,2,-0.017823,1.466158,0.141787,0.189366,0.779129,-0.252933,0.541409,36.811490,110.914900,1.517446
84.187,2,-0.000596,1.432699,0.122184,0.198350,0.765000,-0.247518,0.560506,36.945550,108.163500,1.864673
84.299,2,0.019439,1.404565,0.111423,0.204521,0.756816,-0.246005,0.569984,37.265460,106.738100,2.097770
84.410,2,0.056430,1.361995,0.100085,0.201582,0.749343,-0.240420,0.583136,36.542180,104.731400,1.548609
84.521,2,0.093369,1.316240,0.092532,0.197946,0.740276,-0.231891,0.599195,35.488800,102.366800,1.067750
84.633,2,0.125735,1.274345,0.084378,0.197368,0.728241,-0.237536,0.611790,35.977190,99.860150,359.774700
84.744,2,0.151178,1.245611,0.077389,0.191796,0.725426,-0.240515,0.615731,35.812930,98.942700,358.734000
84.856,2,0.167159,1.230859,0.073272,0.191014,0.722746,-0.241561,0.618709,35.841020,98.348110,358.388100
84.967,2,0.179500,1.221908,0.068629,0.191762,0.723002,-0.243670,0.617350,36.094280,98.469220,358.328400
85.078,2,0.181302,1.218867,0.062294,0.196843,0.719956,-0.245252,0.618683,36.634450,98.179270,358.569800
85.189,2,0.178985,1.229408,0.045190,0.200919,0.719738,-0.246644,0.617070,37.085110,98.417800,358.910000
85.301,2,0.170628,1.248202,0.025096,0.203602,0.715455,-0.236390,0.625132,36.356560,97.610630,359.700200
85.411,2,0.157599,1.268218,0.000879,0.202084,0.697119,-0.228067,0.648978,35.469900,93.775400,358.996200
85.523,2,0.140927,1.290967,-0.024864,0.208074,0.667227,-0.211311,0.683273,34.494460,88.398940,359.228200
85.633,2,0.118578,1.314893,-0.051372,0.227062,0.629065,-0.191968,0.718240,34.589300,82.641300,0.690071
85.744,2,0.091712,1.337982,-0.076631,0.233361,0.596771,-0.176059,0.747269,33.979730,77.547100,1.064094
85.855,2,0.068092,1.356359,-0.096599,0.233753,0.585283,-0.170712,0.757405,33.636350,75.702560,1.034193
85.966,2,0.039577,1.386091,-0.114355,0.232206,0.577138,-0.161266,0.766150,32.816820,74.401200,1.426486
86.078,2,0.019006,1.407105,-0.127660,0.231196,0.576988,-0.166845,0.765373,33.122950,74.254690,0.779844
86.188,2,-0.010137,1.437073,-0.142135,0.219130,0.582055,-0.168199,0.764790,32.071560,74.504620,359.852500
86.300,2,-0.037100,1.451829,-0.145976,0.214172,0.587437,-0.170954,0.761461,31.804110,75.129900,359.411800
86.411,2,-0.059517,1.449724,-0.141651,0.220759,0.579725,-0.167405,0.766264,32.168860,74.207780,359.959800
86.522,2,-0.070412,1.434238,-0.133588,0.224073,0.557415,-0.165445,0.782117,32.340280,70.778180,359.390200
86.633,2,-0.057260,1.405513,-0.123286,0.227274,0.536618,-0.170291,0.794600,32.952700,67.525290,358.176100
86.745,2,-0.026458,1.364944,-0.109127,0.231480,0.519512,-0.167661,0.805241,33.161410,65.055870,357.980400
86.856,2,0.007096,1.320711,-0.096780,0.242289,0.505081,-0.166814,0.811395,34.173060,63.250630,358.202400
86.966,2,0.050999,1.261381,-0.080362,0.247921,0.489814,-0.156056,0.821136,34.057840,61.348580,359.072100
87.078,2,0.081998,1.219889,-0.067668,0.244511,0.479264,-0.148253,0.829784,33.222160,59.781090,359.201000
87.188,2,0.119578,1.180470,-0.053747,0.243603,0.466494,-0.143003,0.838207,32.806180,57.945230,359.151000
87.301,2,0.149226,1.160924,-0.047369,0.245884,0.457633,-0.147927,0.841564,33.315400,56.582650,358.359000
87.412,2,0.176944,1.149842,-0.047978,0.241902,0.462798,-0.145004,0.840402,32.738400,57.285410,358.649900
87.524,2,0.206217,1.142333,-0.057091,0.241482,0.485095,-0.143023,0.828199,32.598600,60.664840,359.821800
87.635,2,0.231632,1.141446,-0.068607,0.233076,0.505833,-0.142176,0.818288,31.687120,63.504940,0.209604
87.746,2,0.260433,1.144885,-0.083123,0.220046,0.527970,-0.136610,0.808805,30.013270,66.472950,0.752614
87.858,2,0.279469,1.148829,-0.097820,0.217038,0.550535,-0.130821,0.795419,29.295620,69.906840,2.027830
87.968,2,0.294404,1.157600,-0.120468,0.207680,0.575304,-0.139370,0.778762,28.935660,73.279400,1.433043
88.080,2,0.293233,1.175903,-0.138927,0.202428,0.585594,-0.148328,0.770780,29.063280,74.594120,0.552271
88.191,2,0.275340,1.213580,-0.155703,0.196217,0.592426,-0.151369,0.766563,28.696830,75.403140,0.027422
88.302,2,0.234461,1.274156,-0.172144,0.182826,0.597687,-0.146077,0.766816,27.065200,75.783590,359.647300
88.413,2,0.177557,1.342089,-0.186824,0.156316,0.603561,-0.148684,0.767576,24.799730,75.808210,357.502300
88.524,2,0.077054,1.423916,-0.200985,0.147011,0.597707,-0.150700,0.773579,24.054020,74.614790,356.395000
88.635,2,-0.011523,1.478535,-0.208580,0.147801,0.587492,-0.158251,0.779721,24.609340,72.986740,355.387000
88.746,2,-0.122563,1.532657,-0.218939,0.142116,0.581153,-0.163930,0.784342,24.423060,71.817040,354.202600
88.857,2,-0.196594,1.560502,-0.225621,0.141123,0.578144,-0.165239,0.786467,24.395970,71.321120,353.902800
88.968,2,-0.268115,1.585524,-0.231545,0.143264,0.572569,-0.163397,0.790533,24.432590,70.542280,354.055900
89.079,2,-0.308288,1.598777,-0.233991,0.144267,0.569673,-0.160012,0.793131,24.277330,70.164010,354.368500
89.190,2,-0.346279,1.606394,-0.235502,0.152332,0.560280,-0.157595,0.798778,24.831590,68.964330,354.875100
89.301,2,-0.371848,1.608531,-0.237344,0.158684,0.555811,-0.157807,0.800619,25.436600,68.444530,355.153900
89.412,2,-0.390978,1.610078,-0.237170,0.159742,0.551283,-0.156215,0.803845,25.407540,67.810730,355.236000
89.524,2,-0.407675,1.606351,-0.237048,0.173775,0.546160,-0.164904,0.802694,27.329380,67.286650,355.162500
89.636,2,-0.418185,1.604839,-0.238072,0.180415,0.546203,-0.166009,0.800970,28.057870,67.463660,355.525200
89.747,3,-0.426569,1.605943,-0.241455,0.174265,0.553216,-0.161552,0.798426,27.195100,68.418260,355.798700
89.859,3,-0.430877,1.605266,-0.244674,0.174002,0.562425,-0.164570,0.791403,27.421090,69.779360,355.816400
89.970,3,-0.436962,1.607447,-0.246102,0.165717,0.572061,-0.160204,0.787158,26.371210,71.075750,355.992700
90.078,3,-0.440607,1.612235,-0.245362,0.153309,0.575161,-0.148116,0.789777,24.364500,71.345560,356.374500
90.190,3,-0.445116,1.615932,-0.244273,0.148299,0.572021,-0.139791,0.794517,23.302100,70.829290,356.724800
90.303,3,-0.445450,1.617908,-0.243231,0.140478,0.578630,-0.136452,0.791728,22.355460,71.666550,356.684000
90.414,3,-0.445122,1.620525,-0.241134,0.133128,0.583359,-0.131421,0.790378,21.332180,72.252470,356.773800
90.524,3,-0.443158,1.623622,-0.237271,0.122695,0.585721,-0.122870,0.791695,19.767760,72.450910,356.904400
90.634,3,-0.437882,1.626820,-0.232653,0.109881,0.588221,-0.113684,0.793094,17.940780,72.641340,356.923700
90.745,3,-0.426683,1.630407,-0.225248,0.089810,0.588954,-0.101928,0.796667,15.257550,72.498300,356.635700
90.857,3,-0.415433,1.632015,-0.219749,0.075523,0.590193,-0.092761,0.798351,13.301910,72.543230,356.526200
90.968,3,-0.400329,1.631763,-0.213541,0.067747,0.594000,-0.094453,0.796024,12.712880,73.003360,355.891400
91.080,3,-0.389319,1.630893,-0.209299,0.065944,0.595692,-0.099775,0.794259,12.921940,73.206540,355.296100
91.190,3,-0.376765,1.630116,-0.205011,0.069542,0.592379,-0.101468,0.796213,13.353270,72.751320,355.331500
91.302,3,-0.368044,1.633560,-0.206368,0.058802,0.598794,-0.095166,0.793052,11.960450,73.614450,355.278700
91.413,3,-0.365501,1.642425,-0.211052,0.036494,0.614675,-0.072842,0.784562,8.442249,75.857590,355.974800
91.525,3,-0.368075,1.653678,-0.216436,0.009749,0.627448,-0.045227,0.777283,4.123736,77.702930,356.662000
91.636,3,-0.371811,1.659777,-0.219997,-0.002260,0.634952,-0.031010,0.771925,2.056782,78.826220,357.089400
91.747,3,-0.377336,1.665226,-0.225045,-0.012935,0.646471,-0.020652,0.762550,0.399667,80.571270,357.236100
91.859,3,-0.386482,1.669160,-0.228766,-0.017172,0.653944,-0.011738,0.756257,359.391400,81.712880,357.695200
91.970,3,-0.407042,1.675122,-0.233738,-0.029731,0.659146,0.001491,0.751426,357.326400,82.563590,357.879900
92.082,3,-0.427724,1.678537,-0.237930,-0.043597,0.659836,0.010775,0.750066,355.433300,82.771320,357.621500
92.193,3,-0.441794,1.678369,-0.240466,-0.046830,0.660580,0.012737,0.749186,355.009200,82.914460,357.538500
92.304,3,-0.447266,1.677528,-0.242014,-0.050610,0.663414,0.017331,0.746338,354.344900,83.384740,357.622500
92.415,3,-0.442733,1.676533,-0.243344,-0.052403,0.664080,0.019534,0.745567,354.025600,83.504890,357.667800
92.527,3,-0.423992,1.676561,-0.244999,-0.055357,0.665464,0.018328,0.744149,353.870300,83.753380,357.325300
92.638,3,-0.400205,1.675633,-0.245118,-0.057110,0.666559,0.017102,0.743065,353.818800,83.944680,357.075800
92.750,3,-0.358190,1.672461,-0.246220,-0.056525,0.668086,0.019819,0.741669,353.665800,84.171470,357.339800
92.861,3,-0.311371,1.670118,-0.248401,-0.054947,0.667943,0.018269,0.741956,353.918600,84.131770,357.331700
92.971,3,-0.256079,1.670606,-0.251558,-0.057156,0.666771,0.014566,0.742925,354.010300,83.980220,356.854200
93.083,3,-0.199868,1.673250,-0.255936,-0.061897,0.669225,0.014420,0.740337,353.629900,84.421300,356.452500
93.194,3,-0.152953,1.677675,-0.259800,-0.063733,0.669834,0.016290,0.739591,353.333200,84.539230,356.462500
93.305,3,-0.100909,1.681929,-0.264019,-0.061223,0.664376,0.019278,0.744637,353.292900,83.657650,356.961700
93.417,3,-0.066401,1.685099,-0.268869,-0.063553,0.659394,0.024135,0.748717,352.704000,82.916330,357.245200
93.528,3,-0.025406,1.684856,-0.275349,-0.066048,0.656525,0.023124,0.751051,352.555100,82.511750,356.994400
93.639,3,-0.000125,1.685479,-0.278504,-0.066134,0.652496,0.014718,0.754757,353.163500,81.908670,356.299300
93.750,3,0.019232,1.685028,-0.278456,-0.063178,0.640831,0.009177,0.765023,353.775400,80.113270,356.139400
93.861,3,0.026531,1.684729,-0.278234,-0.061172,0.627148,0.009022,0.776442,353.897400,78.049920,356.383700
93.972,3,0.026823,1.684833,-0.279813,-0.063311,0.619453,0.006179,0.782452,353.873100,76.948330,356.034200
94.084,3,0.021687,1.684716,-0.281068,-0.062530,0.609095,0.011728,0.790541,353.502900,75.415760,356.674800
94.195,3,0.017216,1.682229,-0.282868,-0.062387,0.601743,0.008672,0.796202,353.697200,74.356170,356.465800
94.306,3,0.018804,1.680082,-0.284690,-0.061811,0.599823,0.013197,0.797633,353.428900,74.062530,356.936100
94.417,3,0.029390,1.678097,-0.284280,-0.059410,0.598399,0.009733,0.798934,353.881900,73.837360,356.797300
94.528,3,0.052953,1.673285,-0.278883,-0.051408,0.605179,0.004584,0.794415,354.996000,74.737940,356.838600
94.639,3,0.077150,1.670013,-0.269832,-0.040173,0.609695,-0.000281,0.791617,356.373000,75.296070,357.161000
94.750,3,0.116004,1.664314,-0.252499,-0.030818,0.615102,-0.007187,0.787812,357.723800,76.019600,357.175600
94.861,3,0.157359,1.656778,-0.231323,-0.021771,0.623284,-0.009936,0.781630,358.759600,77.165280,357.553800
94.972,3,0.203940,1.648491,-0.205372,-0.016327,0.634211,-0.008284,0.772943,359.155900,78.752860,358.079100
95.085,3,0.258312,1.646551,-0.174926,-0.010992,0.646305,-0.004029,0.762990,359.337300,80.540570,358.833500
95.195,3,0.310134,1.652746,-0.147561,-0.009001,0.658049,-0.004833,0.752906,359.587800,82.311710,358.904200
95.306,3,0.369781,1.654258,-0.117556,0.001656,0.669662,-0.004707,0.742649,0.502134,84.082040,359.726500
95.418,3,0.409709,1.653316,-0.102101,0.006159,0.673932,-0.008985,0.738714,1.215346,84.745640,359.715000
95.528,3,0.458358,1.655484,-0.090000,0.004816,0.675931,-0.011350,0.736862,1.285952,85.054390,359.414500
95.639,3,0.496628,1.654203,-0.083811,0.001403,0.673032,-0.014440,0.739471,1.232638,84.601940,358.884200
95.750,3,0.552404,1.650022,-0.079619,-0.003862,0.661455,-0.018463,0.749748,1.067679,82.822260,358.120400
95.862,3,0.609992,1.642523,-0.080593,-0.008217,0.644748,-0.023384,0.763993,1.008396,80.299890,357.344300
95.973,3,0.678460,1.638067,-0.084569,-0.009901,0.619823,-0.024492,0.784297,0.849720,76.616440,357.094000
96.084,3,0.755102,1.648159,-0.081457,-0.017495,0.552373,-0.015315,0.833273,359.298900,67.096180,357.429200
96.195,3,0.811725,1.659701,-0.065331,-0.030892,0.426611,-0.010937,0.903841,357.334200,50.595980,357.353300
96.306,3,0.845682,1.670414,-0.040574,-0.054970,0.200509,-0.016958,0.978002,354.219300,23.332990,356.818600
96.418,3,0.847496,1.677238,-0.031078,-0.077415,0.016438,-0.022785,0.996603,351.167100,2.104775,357.218000
96.527,3,0.835244,1.683254,-0.041724,-0.098239,-0.196209,-0.042356,0.974709,347.987200,337.508400,357.420600
96.638,3,0.822314,1.687445,-0.067693,-0.110549,-0.327828,-0.068082,0.935774,345.431600,321.802400,356.746100
96.748,3,0.807051,1.690408,-0.108566,-0.125480,-0.437453,-0.076613,0.887142,343.162000,307.735600,358.434400
96.860,3,0.796146,1.690281,-0.141574,-0.123027,-0.497244,-0.078820,0.855219,343.213000,299.760700,359.253800
96.970,3,0.785488,1.689912,-0.189032,-0.109007,-0.556116,-0.078168,0.820208,344.588000,291.780200,359.584700
97.082,3,0.779647,1.691137,-0.231076,-0.097195,-0.588974,-0.074699,0.798801,345.920300,287.231000,359.713600
97.194,3,0.769598,1.682470,-0.262606,-0.060362,-0.600284,-0.060219,0.795229,350.311000,286.019700,358.645100
97.305,3,0.745669,1.655904,-0.275851,0.001671,-0.602842,-0.024629,0.797478,358.451200,285.858200,357.632300
97.415,3,0.712497,1.621535,-0.274561,0.050866,-0.603191,0.002358,0.795970,4.808219,285.550700,356.685600
97.525,3,0.654353,1.579192,-0.259063,0.081061,-0.600964,0.027915,0.794665,9.345312,285.551400,356.917400
97.636,3,0.601929,1.543571,-0.239604,0.094224,-0.605652,0.043145,0.788953,11.591760,284.702000,357.305300
97.748,3,0.541326,1.490202,-0.212365,0.111032,-0.603263,0.058929,0.787575,14.240430,284.793600,357.567300
97.858,3,0.505540,1.452041,-0.198036,0.107123,-0.608516,0.062834,0.783763,14.145760,284.114500,358.116100
97.970,3,0.471364,1.405733,-0.184041,0.101544,-0.623043,0.061371,0.773136,13.502510,282.051000,358.135500
98.081,3,0.450585,1.367350,-0.174785,0.094835,-0.633108,0.057760,0.766058,12.617130,280.650900,358.145100
98.193,3,0.433292,1.323256,-0.169824,0.101054,-0.634237,0.054589,0.764560,12.930460,280.347500,357.370600
98.304,3,0.417861,1.276897,-0.170048,0.104556,-0.637948,0.058373,0.760712,13.506280,279.720900,357.371500
98.415,3,0.404337,1.231503,-0.169110,0.106270,-0.636749,0.067289,0.760743,14.322610,279.895800,358.050900
98.526,3,0.387110,1.173160,-0.167103,0.118797,-0.631753,0.081859,0.761626,16.522250,280.429500,358.481300
98.637,3,0.375973,1.137526,-0.163304,0.127252,-0.630274,0.083324,0.761327,17.385270,280.452000,357.986300
98.748,3,0.364367,1.104040,-0.156770,0.135741,-0.625022,0.090039,0.763423,18.651350,281.065000,358.052000
98.859,3,0.356094,1.085125,-0.152683,0.138341,-0.620931,0.095762,0.765596,19.314280,281.652900,358.471600
98.970,3,0.346099,1.069710,-0.149926,0.137457,-0.618875,0.099776,0.766906,19.531810,282.015600,358.960300
99.081,3,0.342788,1.067746,-0.148924,0.137369,-0.621149,0.098181,0.765287,19.403780,281.659000,358.761800
99.192,3,0.343323,1.074400,-0.147736,0.135056,-0.622832,0.095128,0.764716,18.969030,281.446800,358.622000
99.304,3,0.345783,1.087096,-0.145898,0.128281,-0.626515,0.085240,0.764040,17.627840,281.012000,358.166900
99.415,3,0.349317,1.100599,-0.145207,0.116772,-0.634035,0.071021,0.761131,15.534390,280.085900,357.622900
99.526,3,0.353720,1.109148,-0.144090,0.101396,-0.637178,0.060449,0.761623,13.384510,279.911200,357.812300
99.637,3,0.356490,1.104099,-0.142262,0.100684,-0.635012,0.061447,0.763444,13.401400,280.258900,357.994200
99.748,3,0.359606,1.100190,-0.140372,0.112312,-0.634234,0.065429,0.762137,14.725530,280.139700,357.467700
99.860,3,0.362020,1.106860,-0.138390,0.111173,-0.632621,0.064637,0.763710,14.571630,280.409100,357.516800
99.970,3,0.363178,1.121333,-0.136292,0.108673,-0.631032,0.062770,0.765539,14.217600,280.700000,357.573200
100.082,3,0.360060,1.134662,-0.133912,0.110908,-0.630127,0.062546,0.765981,14.402430,280.787100,357.399000
100.193,3,0.354170,1.144515,-0.131856,0.115700,-0.629557,0.064981,0.765538,15.008630,280.773000,357.259100
100.304,3,0.345876,1.159584,-0.128754,0.122593,-0.629504,0.063159,0.764661,15.485960,280.607100,356.564200
100.415,3,0.332511,1.171102,-0.127712,0.114615,-0.625180,0.051797,0.770280,13.965430,281.412800,356.247500
100.526,3,0.293351,1.158056,-0.131194,0.124266,-0.616988,0.059051,0.774853,15.393290,282.444700,356.323100
100.637,3,0.250654,1.151677,-0.133634,0.128075,-0.609633,0.063976,0.779648,16.123660,283.477100,356.634300
100.748,3,0.186788,1.155093,-0.134484,0.132987,-0.598526,0.063096,0.787465,16.557290,285.004700,356.421900
100.860,3,0.133851,1.159473,-0.132857,0.140663,-0.586077,0.062007,0.795539,17.246730,286.638300,356.024000
100.971,3,0.070589,1.164664,-0.131103,0.152737,-0.574802,0.067388,0.801083,18.794720,288.000600,355.903900
101.082,3,0.025515,1.175966,-0.128264,0.150448,-0.564467,0.065184,0.809007,18.482540,289.557300,356.107900
101.193,3,-0.008248,1.188416,-0.125397,0.146090,-0.557588,0.058768,0.815046,17.678590,290.618100,355.960400
101.305,3,-0.030457,1.202877,-0.122583,0.144203,-0.553156,0.054019,0.818722,17.210720,291.265400,355.732500
101.416,3,-0.036380,1.234069,-0.120928,0.133333,-0.550015,0.046169,0.823149,15.681680,291.919600,355.791000
101.527,3,-0.020565,1.313551,-0.123831,0.079303,-0.538931,0.023439,0.838281,9.103611,294.312600,357.319200
101.639,3,0.004513,1.386609,-0.131129,0.032923,-0.529107,0.000369,0.847916,3.222952,296.015700,358.036200
101.750,3,0.039989,1.473660,-0.143710,-0.002055,-0.520940,-0.020783,0.853338,358.558200,297.218100,358.089500
101.862,3,0.071234,1.541929,-0.157513,-0.018431,-0.516266,-0.028229,0.855764,356.520400,297.847500,358.318800
101.972,3,0.100913,1.602005,-0.172638,-0.036879,-0.505972,-0.031820,0.861174,354.507300,299.176600,358.993500
102.084,3,0.128767,1.649277,-0.186172,-0.045487,-0.483674,-0.031199,0.873508,353.705000,302.085400,359.394500
102.195,3,0.152173,1.684634,-0.196377,-0.060047,-0.455376,-0.036554,0.887520,351.959200,305.717800,359.409900
102.306,3,0.177605,1.724717,-0.199147,-0.060545,-0.405716,-0.034591,0.911335,352.043500,312.059800,359.194600
102.418,3,0.202571,1.750248,-0.193992,-0.069015,-0.347209,-0.035026,0.934589,351.180400,319.317400,358.982700
102.529,3,0.245541,1.763734,-0.184781,-0.077395,-0.262899,-0.033656,0.961125,350.417400,329.520800,358.605300
102.641,3,0.276303,1.758193,-0.177137,-0.091828,-0.230298,-0.035593,0.968124,348.802300,333.390700,358.444900
102.751,3,0.291208,1.755027,-0.170927,-0.087244,-0.221687,-0.024342,0.970902,349.618300,334.321600,359.499900
102.862,3,0.297755,1.760150,-0.170545,-0.096881,-0.222861,-0.030457,0.969546,348.379000,334.204100,359.071200
102.974,3,0.298408,1.766662,-0.171153,-0.107057,-0.221246,-0.031974,0.968797,347.198100,334.367900,359.143200
103.084,3,0.296680,1.764296,-0.172345,-0.114357,-0.226037,-0.031205,0.966880,346.393900,333.744200,359.490400
103.196,3,0.294962,1.745463,-0.171821,-0.124357,-0.224755,-0.030989,0.965950,345.275300,333.833600,359.764900
103.307,3,0.289135,1.720941,-0.163985,-0.115082,-0.217335,-0.028249,0.968878,346.391900,334.747100,359.721900
103.418,3,0.283195,1.709690,-0.150235,-0.121533,-0.214981,-0.023206,0.968749,345.791700,334.922100,0.431013
103.528,3,0.281059,1.678002,-0.125847,-0.148738,-0.229932,-0.034479,0.961155,342.435700,333.072800,0.127392
103.640,3,0.286474,1.608097,-0.118221,-0.152642,-0.239673,-0.035925,0.958106,341.958000,331.869600,0.260858
103.751,3,0.288865,1.577250,-0.128440,-0.146931,-0.229530,-0.034377,0.961533,342.642200,333.135800,0.080446
103.862,3,0.289712,1.686532,-0.136776,-0.141591,-0.234690,-0.051259,0.960336,342.781900,332.824700,358.080700
103.973,3,0.287131,1.872248,-0.147400,-0.156878,-0.222029,-0.047614,0.961159,341.173000,334.205000,358.676100
104.085,3,0.283585,1.935073,-0.170643,-0.148775,-0.219892,-0.034537,0.963494,342.429700,334.298300,359.932500
104.195,3,0.283087,1.888753,-0.189184,-0.119087,-0.227771,-0.031824,0.965881,345.845100,333.515200,359.573000
104.306,3,0.280359,1.702610,-0.203992,-0.077059,-0.222079,-0.024083,0.971680,350.767000,334.311100,359.270000
104.416,3,0.276174,1.602713,-0.206931,-0.016856,-0.203257,-0.024671,0.978669,357.534300,336.585500,357.623000
104.526,3,0.266574,1.618645,-0.220985,0.017104,-0.153513,-0.025419,0.987672,1.488783,342.289200,356.819500
104.636,3,0.251050,1.655445,-0.230466,0.033869,-0.080006,-0.029751,0.995775,3.594269,350.696200,356.284700
104.748,3,0.218474,1.659288,-0.245806,0.054001,0.029720,-0.034302,0.997509,6.302156,3.205918,356.237500
104.860,3,0.184312,1.644720,-0.263194,0.065707,0.146803,-0.045551,0.985929,8.217936,16.644360,355.913600
104.971,3,0.134290,1.649766,-0.288707,0.071495,0.317979,-0.064231,0.943214,10.120500,36.869610,355.589800
105.082,3,0.088696,1.657836,-0.308582,0.054162,0.404111,-0.060518,0.911097,8.488249,47.552510,356.144700
105.193,3,0.052183,1.661744,-0.330815,0.042824,0.477923,-0.060552,0.875265,7.633868,57.020700,356.236000
105.304,3,0.023238,1.666304,-0.343214,0.031906,0.502439,-0.060380,0.861912,6.642544,60.237410,355.841900
105.415,3,0.003111,1.672567,-0.348753,0.010257,0.507156,-0.045671,0.860582,3.668185,60.897680,356.081200
105.526,3,-0.016227,1.680718,-0.356344,-0.014394,0.523807,-0.026411,0.851306,0.181124,63.202380,356.557500
105.638,3,-0.032223,1.687197,-0.362451,-0.041208,0.532145,-0.012532,0.845557,356.769700,64.473230,356.264300
105.749,3,-0.054800,1.690864,-0.370569,-0.063380,0.537638,0.001338,0.840790,353.799000,65.399200,356.199200
105.861,3,-0.075433,1.693572,-0.376083,-0.083840,0.531479,0.014042,0.842795,351.010900,64.771060,356.200600
105.972,3,-0.092741,1.696018,-0.380762,-0.102243,0.527024,0.026156,0.843272,348.462600,64.385160,356.274900
106.084,3,-0.104641,1.695293,-0.383442,-0.105451,0.523295,0.030162,0.845063,347.889800,63.904220,356.517800
106.195,3,-0.111292,1.694645,-0.384685,-0.105082,0.519188,0.029771,0.847653,347.932800,63.338540,356.562000
106.306,3,-0.116344,1.695812,-0.383111,-0.110737,0.512864,0.033615,0.850634,347.122100,62.547660,356.683300
106.417,3,-0.117973,1.700422,-0.380419,-0.130163,0.511417,0.046928,0.848120,344.407900,62.616340,356.813900
106.529,3,-0.112886,1.708440,-0.376720,-0.167243,0.506077,0.067379,0.843431,339.493400,62.545350,356.595800
106.641,3,-0.098281,1.713462,-0.372502,-0.181815,0.492882,0.074014,0.847663,337.592200,61.012890,356.667100
106.751,3,-0.075897,1.723818,-0.370170,-0.192514,0.478714,0.074608,0.853349,336.422100,59.327580,356.435400
106.863,3,-0.046925,1.747623,-0.367731,-0.204109,0.471913,0.072352,0.854636,335.344200,58.764880,355.647500
106.973,3,-0.017395,1.775156,-0.359007,-0.212428,0.460616,0.074316,0.858595,334.326500,57.412630,355.667900
107.085,3,0.010205,1.798149,-0.343061,-0.217251,0.443526,0.077736,0.866051,333.560300,55.109970,356.281800
107.196,3,0.033035,1.805630,-0.324132,-0.215288,0.427405,0.080274,0.874375,333.570000,52.756130,357.206000
107.307,3,0.061211,1.793503,-0.295723,-0.210108,0.400805,0.081170,0.888044,334.008500,48.939530,358.453400
107.418,3,0.074892,1.778576,-0.282704,-0.204799,0.381745,0.074650,0.898196,334.856100,46.366580,358.590900
107.530,3,0.083122,1.749676,-0.274315,-0.200743,0.355590,0.079953,0.909322,335.042800,42.679040,0.166913
107.641,3,0.088061,1.727431,-0.265598,-0.201984,0.343713,0.076929,0.913863,335.035700,41.198960,0.111007
107.752,3,0.094534,1.728056,-0.240897,-0.186396,0.345852,0.076931,0.916365,336.744800,41.199910,0.752342
107.862,3,0.107642,1.725838,-0.201107,-0.193070,0.334136,0.084203,0.918688,335.731600,39.626460,1.614753
107.973,3,0.128259,1.728877,-0.147268,-0.193987,0.344857,0.077542,0.915112,335.888000,41.188550,0.509914
108.085,3,0.148509,1.750405,-0.089550,-0.195726,0.354174,0.076766,0.911241,335.727100,42.462350,0.079322
108.196,3,0.163287,1.762763,-0.042354,-0.193839,0.362730,0.070570,0.908776,336.202400,43.680980,359.226100
108.307,3,0.170751,1.765549,0.006289,-0.189171,0.375466,0.071168,0.904530,336.692600,45.257390,359.169800
108.419,3,0.170762,1.766470,0.032511,-0.186665,0.370287,0.071867,0.907127,336.928500,44.510120,359.510900
108.529,3,0.174173,1.762771,0.051604,-0.186866,0.354412,0.065534,0.913881,337.170000,42.552630,359.212000
108.640,3,0.175693,1.746408,0.055409,-0.171766,0.344751,0.054534,0.921233,339.263300,41.235820,358.899900
108.751,3,0.166542,1.735684,0.052212,-0.162130,0.384056,0.035809,0.908258,341.215100,46.438110,356.397500
108.862,3,0.143436,1.729469,0.048919,-0.135268,0.466938,0.037317,0.873086,344.273300,56.780170,356.357000
108.972,3,0.104733,1.720180,0.039555,-0.119422,0.556920,0.018166,0.821735,347.496400,68.919000,353.934300
109.083,3,0.051036,1.706146,0.032435,-0.110648,0.636764,0.008529,0.763031,349.646700,80.369050,352.529600
109.193,3,-0.008895,1.697246,0.032641,-0.110702,0.693121,-0.003782,0.712260,351.230800,89.150250,350.750900
109.304,3,-0.063637,1.693883,0.036341,-0.112857,0.726231,-0.008570,0.678069,351.917300,94.651970,349.787300
109.414,3,-0.105104,1.689576,0.038209,-0.106199,0.757414,-0.019202,0.643954,353.818000,99.840350,349.240400
109.525,3,-0.145136,1.689976,0.042281,-0.101487,0.770269,-0.018441,0.629322,354.299600,102.020200,349.604200
109.638,3,-0.169543,1.689906,0.042945,-0.098725,0.776930,-0.016778,0.621572,354.453200,103.167600,349.916600
109.749,3,-0.195193,1.693564,0.042217,-0.107614,0.795206,-0.001457,0.596712,352.755100,106.868900,349.963200
109.860,3,-0.213146,1.694574,0.042153,-0.107946,0.800852,0.007878,0.589001,351.965000,108.003000,350.488900
109.971,3,-0.227378,1.694279,0.041818,-0.111637,0.801179,0.008525,0.587858,351.667700,108.179500,350.173800
110.083,3,-0.236773,1.695358,0.040907,-0.116522,0.802493,0.014451,0.584995,350.820800,108.616500,350.077500
110.194,3,-0.240886,1.695511,0.039322,-0.118390,0.803553,0.014914,0.583150,350.674300,108.887100,349.910500
110.306,3,-0.243102,1.696109,0.036200,-0.118515,0.804763,0.018753,0.581342,350.329700,109.149900,350.131700
110.417,3,-0.241623,1.696420,0.034140,-0.118985,0.802089,0.017856,0.584960,350.337400,108.635100,350.070900
110.528,3,-0.237302,1.697832,0.032138,-0.119871,0.797712,0.021697,0.590606,349.851000,107.831500,350.313900
110.639,3,-0.231090,1.699224,0.029710,-0.127061,0.786927,0.032660,0.602939,348.192700,106.060400,350.557200
110.750,3,-0.215585,1.704503,0.023797,-0.142827,0.745147,0.053520,0.649224,344.620300,99.027390,351.449200
110.862,3,-0.192452,1.708488,0.020754,-0.157768,0.681004,0.069471,0.711700,341.386200,88.628330,352.969500
110.973,3,-0.161836,1.712556,0.018715,-0.164805,0.601951,0.081430,0.777086,339.257400,76.331470,355.593400
111.085,3,-0.126877,1.719638,0.014019,-0.176043,0.526569,0.090320,0.826787,337.280600,65.435040,357.760300
111.196,3,-0.097224,1.726314,0.011582,-0.177819,0.478539,0.094345,0.854682,336.780700,58.603390,359.444100
111.307,3,-0.066532,1.736327,0.022980,-0.175232,0.413404,0.095242,0.888437,337.038600,49.598850,1.515366
111.418,3,-0.057206,1.738227,0.044705,-0.167190,0.363288,0.087218,0.912394,338.379500,42.978400,2.322807
111.529,3,-0.068252,1.735337,0.086866,-0.161412,0.323767,0.094081,0.927508,338.878800,37.682590,4.303776
111.641,3,-0.093318,1.735181,0.134608,-0.158499,0.301022,0.104891,0.934485,338.938000,34.558470,6.189540
111.753,3,-0.123812,1.739348,0.189786,-0.151368,0.282636,0.112916,0.940455,339.602100,32.053180,7.776195
111.863,3,-0.155473,1.741120,0.241318,-0.143935,0.266682,0.113865,0.946149,340.543000,30.029350,8.458756
111.974,3,-0.182169,1.739967,0.278635,-0.141570,0.256078,0.115519,0.949230,340.857000,28.684630,8.939719
112.085,3,-0.211502,1.730832,0.313561,-0.141587,0.235600,0.116503,0.954397,341.025000,26.146430,9.474559
112.196,3,-0.224200,1.724642,0.330444,-0.141895,0.223932,0.105394,0.958443,341.385600,24.922060,8.402340
112.307,3,-0.229843,1.720059,0.340127,-0.140248,0.230483,0.090895,0.958617,341.893200,25.982020,6.622574
112.418,3,-0.227724,1.719545,0.339426,-0.146783,0.253137,0.084694,0.952472,341.186300,28.892230,5.275043
112.529,3,-0.210970,1.717339,0.323112,-0.148460,0.333429,0.081915,0.927402,340.731900,39.004220,3.214592
112.640,3,-0.192945,1.716862,0.300570,-0.150254,0.404246,0.077488,0.898891,340.562900,48.242880,1.083297
112.751,3,-0.167822,1.718932,0.265136,-0.156733,0.481158,0.080192,0.858773,339.734800,58.665490,359.200300
112.862,3,-0.145635,1.720208,0.231367,-0.158060,0.544325,0.083454,0.819612,339.515800,67.568210,357.842100
112.973,3,-0.124594,1.720923,0.201686,-0.157300,0.594756,0.080563,0.784240,339.967500,75.007290,356.292600
113.084,3,-0.104933,1.721212,0.178977,-0.153346,0.618372,0.081944,0.766412,340.342600,78.471790,356.100400
113.195,3,-0.086706,1.721290,0.163536,-0.151044,0.620581,0.083514,0.764912,340.444200,78.731850,356.367100
113.306,3,-0.056125,1.719926,0.147919,-0.145801,0.623206,0.079292,0.764244,341.235100,78.997140,356.334700
113.417,3,-0.027295,1.718081,0.138889,-0.138058,0.623138,0.076938,0.765976,342.098300,78.772580,356.735300
113.528,3,0.016801,1.715375,0.130126,-0.133083,0.617065,0.072307,0.772199,342.856300,77.732310,356.846300
113.639,3,0.055769,1.711857,0.124936,-0.126715,0.614707,0.070448,0.775316,343.554700,77.220110,357.218200
113.750,3,0.104884,1.705700,0.117540,-0.114298,0.615171,0.066118,0.777258,344.987800,77.016500,357.754500
113.862,3,0.142628,1.700019,0.109883,-0.108755,0.619808,0.063291,0.774600,345.703500,77.603830,357.825800
113.973,3,0.171548,1.697834,0.107996,-0.107614,0.622544,0.062626,0.772617,345.861700,77.993740,357.800400
114.084,3,0.195917,1.698073,0.113131,-0.102022,0.626265,0.062393,0.770383,346.388300,78.439940,358.133700
114.195,3,0.214728,1.695378,0.122449,-0.105899,0.629620,0.060626,0.767260,346.181500,79.033600,357.620300
114.306,3,0.232470,1.696153,0.133828,-0.107668,0.635763,0.054087,0.762422,346.529200,80.026580,356.791600
114.417,3,0.237402,1.696418,0.137040,-0.107211,0.633276,0.052530,0.764662,346.674000,79.643350,356.733100
114.528,3,0.227518,1.697964,0.130241,-0.114187,0.631641,0.050314,0.765153,346.213700,79.560270,356.029100
114.640,3,0.212403,1.701520,0.121235,-0.124259,0.634799,0.054721,0.760655,345.018400,80.274780,355.576200
114.751,3,0.195707,1.704849,0.114655,-0.138238,0.631912,0.060841,0.760182,343.317800,80.193330,355.076800
114.862,3,0.188568,1.704302,0.114802,-0.133121,0.628388,0.061030,0.763991,343.733400,79.507680,355.575900
114.973,3,0.183011,1.705526,0.116716,-0.133217,0.623348,0.064029,0.767849,343.476700,78.728770,355.947500
115.084,3,0.178470,1.706084,0.117605,-0.134193,0.622643,0.065409,0.768134,343.285100,78.642050,356.011200
115.196,3,0.173558,1.706499,0.117781,-0.133907,0.620459,0.066550,0.769851,343.216200,78.296940,356.185000
115.307,3,0.157604,1.708153,0.112192,-0.128754,0.610249,0.065762,0.778906,343.689800,76.623580,356.732800
115.418,3,0.132927,1.707555,0.100800,-0.118307,0.603234,0.060421,0.786423,344.990800,75.353790,357.169200
115.528,3,0.089007,1.702631,0.078909,-0.103687,0.595464,0.048209,0.795203,347.154800,73.963070,357.248000
115.639,3,0.053163,1.698194,0.060133,-0.094079,0.587209,0.044576,0.802713,348.264900,72.607430,357.721600
115.749,3,0.012349,1.691610,0.038140,-0.077964,0.577436,0.032813,0.812042,350.530900,71.009500,357.865000
115.860,3,-0.018192,1.687716,0.023552,-0.067990,0.576748,0.018996,0.813867,352.381200,70.829620,357.252800
115.971,3,-0.043142,1.683048,0.015914,-0.059025,0.581864,-0.001510,0.811140,354.606400,71.499950,355.902500
116.081,3,-0.063120,1.677710,0.016340,-0.051408,0.590057,-0.016487,0.805554,356.366900,72.603670,354.985600
116.192,3,-0.079020,1.678895,0.022665,-0.046994,0.600889,-0.034304,0.797212,358.068600,74.121220,353.613500
116.304,3,-0.089442,1.685524,0.032086,-0.049180,0.613147,-0.033126,0.787740,357.887600,75.911000,353.536300
116.416,3,-0.096402,1.685193,0.039134,-0.043722,0.617300,-0.037580,0.784612,358.727100,76.460540,353.513000
116.527,3,-0.103589,1.683155,0.044755,-0.040770,0.623145,-0.049985,0.779442,359.927900,77.287620,352.603600
116.638,3,-0.106794,1.683159,0.047170,-0.043880,0.630311,-0.052577,0.773317,359.909100,78.371440,352.146900
116.750,3,-0.105879,1.684176,0.048321,-0.050560,0.639501,-0.047077,0.765680,359.013600,79.805500,352.138600
116.861,3,-0.094895,1.683672,0.050998,-0.071782,0.647782,-0.034021,0.757673,356.290400,81.328550,351.671100
116.972,3,-0.065074,1.685257,0.060298,-0.080949,0.634786,-0.013954,0.768310,353.876500,79.512130,352.823600
117.084,3,-0.013226,1.685261,0.071967,-0.090050,0.614575,0.003635,0.783694,351.627400,76.653550,353.908400
117.196,3,0.044386,1.684657,0.083118,-0.096530,0.599613,0.021380,0.794160,349.690800,74.538150,355.230700
117.307,3,0.122127,1.694398,0.097127,-0.108028,0.579856,0.040445,0.806512,347.223100,71.825160,356.470300
117.419,3,0.176311,1.704072,0.106874,-0.112618,0.571706,0.050029,0.811152,346.119100,70.695170,357.189200
117.530,3,0.231655,1.714533,0.117820,-0.120564,0.567979,0.058721,0.812045,344.780800,70.271220,357.529800
117.642,3,0.266408,1.722947,0.125459,-0.118380,0.567531,0.063208,0.812342,344.688000,70.131980,358.118000
117.752,3,0.286343,1.724182,0.128881,-0.114590,0.570581,0.062471,0.810804,345.101400,70.498280,358.253000
117.864,3,0.286881,1.718598,0.126503,-0.105889,0.590138,0.050017,0.798764,346.809300,73.221920,357.346500
117.974,3,0.270553,1.716959,0.122237,-0.096409,0.624802,0.036677,0.773940,348.751600,78.194690,356.276000
118.085,3,0.224492,1.711390,0.119637,-0.083629,0.671609,0.024663,0.735758,351.014300,85.127610,355.584700
118.195,3,0.173356,1.701521,0.122734,-0.073164,0.699665,0.013789,0.710581,352.918900,89.409300,355.214800
118.306,3,0.101577,1.687924,0.132948,-0.057345,0.732822,-0.006793,0.677966,356.112400,94.635550,354.636500
118.416,3,0.048068,1.678880,0.143968,-0.041517,0.750138,-0.020739,0.659651,358.644300,97.405900,354.855200
118.526,4,-0.016267,1.664162,0.154523,-0.018401,0.764910,-0.041675,0.642524,2.298632,99.845380,355.309700
118.636,4,-0.058975,1.664100,0.160946,-0.007875,0.771332,-0.051400,0.634305,3.973920,100.981300,355.552700
118.747,4,-0.105871,1.671610,0.169830,-0.018389,0.769994,-0.043163,0.636325,2.468310,100.756100,355.220200
118.859,4,-0.136256,1.674827,0.178270,-0.028778,0.767857,-0.035095,0.639012,0.980795,100.421600,354.890500
118.970,4,-0.160700,1.678008,0.189074,-0.032282,0.759977,-0.027059,0.648584,359.957200,99.045180,355.171800
119.082,4,-0.172415,1.678669,0.196662,-0.029416,0.751631,-0.025235,0.658445,359.954000,97.563640,355.557900
119.193,4,-0.178469,1.679182,0.200476,-0.031478,0.748942,-0.023898,0.661456,359.665100,97.112210,355.482300
119.304,4,-0.180163,1.679982,0.202466,-0.027569,0.743570,-0.022745,0.667702,359.828600,96.160520,355.907200
119.415,4,-0.179302,1.680715,0.202298,-0.027089,0.739002,-0.023428,0.672751,359.895600,95.377370,355.896400
119.526,4,-0.176647,1.679879,0.200685,-0.024651,0.735508,-0.023518,0.676659,0.070705,94.770220,356.095800
119.637,4,-0.171815,1.678440,0.200739,-0.025242,0.729557,-0.018170,0.683213,359.542800,93.771770,356.464900
119.748,4,-0.157680,1.677691,0.200004,-0.025665,0.722069,-0.010913,0.691259,358.869900,92.527200,357.010000
119.860,4,-0.136372,1.678570,0.195075,-0.026354,0.708751,-0.000845,0.704966,357.939200,90.346490,357.789400
119.971,4,-0.103192,1.678068,0.186573,-0.040105,0.699435,0.007919,0.713527,356.083100,88.945180,357.426200
120.083,4,-0.055343,1.676424,0.175139,-0.044599,0.690692,0.015309,0.721610,355.094500,87.589130,357.727100
120.194,4,-0.006516,1.676115,0.163000,-0.049862,0.676696,0.020915,0.734275,354.172600,85.434170,357.881900
120.306,4,0.058370,1.680640,0.146196,-0.059470,0.659075,0.030316,0.749109,352.584700,82.806880,358.094700
120.417,4,0.104692,1.685498,0.135423,-0.065108,0.646178,0.037318,0.759488,351.539700,80.900410,358.409300
120.528,4,0.156147,1.688488,0.126578,-0.071857,0.631709,0.044615,0.770578,350.380200,78.796590,358.719800
120.640,4,0.197953,1.692912,0.123846,-0.078809,0.626281,0.051401,0.773899,349.259400,78.068300,358.882800
120.751,4,0.239701,1.692653,0.126198,-0.079229,0.623895,0.057014,0.775389,348.813300,77.701580,359.390000
120.862,4,0.281272,1.690219,0.134430,-0.082540,0.625466,0.056513,0.773813,348.554500,77.989060,359.076800
120.973,4,0.321264,1.686811,0.149069,-0.084469,0.630790,0.062814,0.768781,347.929100,78.800030,359.415000
121.085,4,0.359715,1.685379,0.168443,-0.086689,0.633926,0.069911,0.765334,347.212900,79.289000,359.829800
121.195,4,0.395791,1.689110,0.187155,-0.089881,0.637798,0.075032,0.761253,346.552500,79.917210,359.975600
121.307,4,0.441770,1.694360,0.210144,-0.092899,0.643914,0.078003,0.755420,346.065600,80.900910,359.894500
121.418,4,0.475098,1.695671,0.226205,-0.092842,0.650669,0.074355,0.749988,346.348100,81.953540,359.452400
121.529,4,0.515155,1.697541,0.246047,-0.096041,0.655222,0.076305,0.745411,345.926100,82.719640,359.285400
121.641,4,0.547161,1.698054,0.261471,-0.102316,0.658124,0.076065,0.742037,345.406200,83.305850,358.710000
121.751,4,0.574551,1.697504,0.273835,-0.111296,0.662052,0.083720,0.736404,344.051600,84.114140,358.565900
121.863,4,0.598425,1.696824,0.282102,-0.119788,0.661065,0.091393,0.735046,342.726600,84.152320,358.558600
121.976,4,0.618276,1.696899,0.285291,-0.130002,0.654418,0.093705,0.738956,341.652800,83.364780,358.088300
122.086,4,0.649467,1.696733,0.284762,-0.141529,0.642675,0.095073,0.746927,340.511000,81.835630,357.574900
122.197,4,0.681240,1.695099,0.281735,-0.148408,0.625080,0.095369,0.760365,339.823400,79.285960,357.526800
122.308,4,0.732340,1.692058,0.272467,-0.160883,0.586876,0.087579,0.788684,339.110400,73.880890,356.889700
122.419,4,0.780297,1.692735,0.262716,-0.170686,0.547628,0.082779,0.814934,338.354700,68.414980,356.791400
122.530,4,0.848204,1.703726,0.254710,-0.178370,0.481193,0.073880,0.855090,337.904800,59.283690,357.196800
122.641,4,0.905115,1.711547,0.254829,-0.178070,0.422014,0.061466,0.886802,338.425900,51.382800,357.455800
122.751,4,0.951911,1.714793,0.262491,-0.184104,0.362811,0.054371,0.911876,337.962600,43.807140,357.871300
122.862,4,0.988341,1.715653,0.279592,-0.190207,0.293566,0.043412,0.935818,337.574200,35.207210,358.113800
122.973,4,1.016317,1.715766,0.306022,-0.187098,0.224023,0.029622,0.955997,338.222500,26.699610,358.322100
123.085,4,1.036302,1.714945,0.340492,-0.188788,0.160597,0.014642,0.968687,338.256300,19.209100,358.009000
123.196,4,1.047632,1.709631,0.378807,-0.185955,0.111097,0.006252,0.976237,338.625500,13.322950,358.208600
123.307,4,1.051260,1.698426,0.434607,-0.175919,0.038910,-0.004037,0.983627,339.771600,4.766323,358.679000
123.418,4,1.044594,1.696060,0.476598,-0.160591,-0.016871,-0.008165,0.986843,341.504400,358.146400,359.353800
123.529,4,1.029336,1.689785,0.517708,-0.127837,-0.116329,0.000414,0.984949,345.420100,346.296900,1.809441
123.640,4,1.014603,1.687246,0.538993,-0.084578,-0.225728,0.014157,0.970409,350.923100,333.507700,3.812547
123.749,4,0.994606,1.675639,0.554086,-0.046541,-0.401784,0.039448,0.913700,356.941800,312.358400,6.294680
123.860,4,0.979851,1.659543,0.557723,-0.014352,-0.533052,0.062825,0.843624,2.450853,295.575000,6.973698
123.969,4,0.954212,1.632805,0.556533,0.013294,-0.654850,0.071846,0.752219,6.551543,278.217000,5.236784
124.079,4,0.926823,1.598351,0.549858,0.024456,-0.693135,0.060545,0.717844,6.836883,272.189400,3.061079
124.191,4,0.888614,1.541966,0.527781,0.026458,-0.714002,0.048078,0.697989,6.061197,268.790000,1.690391
124.303,4,0.858350,1.484905,0.497644,0.034369,-0.731484,0.049447,0.679195,6.835851,265.812700,0.974593
124.415,4,0.833193,1.437230,0.465492,0.041972,-0.746360,0.049780,0.662350,7.464224,263.186700,0.190206
124.526,4,0.798662,1.369812,0.419191,0.045732,-0.756088,0.051987,0.650797,7.940177,261.433900,359.913900
124.637,4,0.774156,1.318360,0.376417,0.060702,-0.762562,0.058177,0.641428,9.590130,260.050100,358.957200
124.748,4,0.750325,1.274605,0.318823,0.067235,-0.768616,0.064323,0.632907,10.602050,258.820000,358.721300
124.859,4,0.741544,1.269859,0.277916,0.067229,-0.767938,0.067901,0.633358,10.920520,258.932100,358.993700
124.970,4,0.736685,1.302086,0.238485,0.059264,-0.759671,0.060902,0.644732,9.726806,260.585500,359.330800
125.081,4,0.736611,1.339237,0.214722,0.055091,-0.753510,0.047158,0.653425,8.225114,261.773000,358.761400
125.192,4,0.741772,1.371797,0.198232,0.045640,-0.746239,0.033490,0.663267,6.345696,263.186500,358.634100
125.304,4,0.747423,1.386455,0.187623,0.038411,-0.735975,0.029091,0.675292,5.433872,265.028600,359.007200
125.415,4,0.742142,1.369676,0.184822,0.049804,-0.734622,0.043290,0.675260,7.519524,265.122200,359.149800
125.526,4,0.720037,1.320995,0.194377,0.069532,-0.734452,0.071317,0.671312,11.426660,264.819200,359.626800
125.637,4,0.700099,1.270162,0.212063,0.085850,-0.735946,0.087842,0.665806,14.099840,264.202400,359.445200
125.748,4,0.670159,1.202410,0.235598,0.103060,-0.727581,0.099777,0.670857,16.467300,265.215200,359.038200
125.859,4,0.648249,1.145198,0.250471,0.105254,-0.736582,0.108018,0.659318,17.332670,263.548300,359.242500
125.970,4,0.624423,1.090886,0.268857,0.098940,-0.738778,0.108469,0.657764,16.883510,263.328900,359.790700
126.081,4,0.612119,1.093471,0.277046,0.088454,-0.749127,0.095673,0.649485,14.965760,261.785600,359.510700
126.192,4,0.605911,1.155453,0.278097,0.065435,-0.761376,0.066190,0.641594,10.646990,260.160200,359.142600
126.304,4,0.599833,1.244609,0.274396,0.038385,-0.770921,0.031746,0.634980,5.606408,258.900900,358.913700
126.415,4,0.591323,1.312456,0.271276,0.021883,-0.777876,0.010987,0.627941,2.554892,257.798500,358.838700
126.527,4,0.566033,1.350832,0.269986,0.019428,-0.783888,0.005292,0.620576,1.857232,256.712600,358.630300
126.638,4,0.534433,1.352442,0.269433,0.024997,-0.784384,0.007784,0.619723,2.475579,256.586200,358.304100
126.749,4,0.501235,1.352240,0.268617,0.028306,-0.788304,0.009631,0.614559,2.864594,255.832700,358.118600
126.860,4,0.489234,1.356802,0.269447,0.037875,-0.787388,0.013928,0.615136,3.929555,255.912700,357.558000
126.971,4,0.497197,1.371131,0.267272,0.038168,-0.782166,0.015449,0.621709,4.107396,256.875800,357.673000
127.082,4,0.524002,1.393921,0.257110,0.034245,-0.772382,0.017511,0.633993,4.041144,258.698100,358.236600
127.193,4,0.570177,1.423410,0.239209,0.029780,-0.758585,0.015505,0.650708,3.570678,261.200700,358.564400
127.305,4,0.636569,1.452963,0.214781,0.029338,-0.742509,0.006082,0.669165,2.768265,264.002600,357.967300
127.416,4,0.704479,1.478196,0.190809,0.034003,-0.722263,0.004262,0.690769,3.045740,267.380400,357.518800
127.527,4,0.788009,1.508573,0.166339,0.053656,-0.696209,0.015459,0.715664,5.642658,271.429700,356.971000
127.638,4,0.841275,1.523880,0.153066,0.069096,-0.686357,0.016469,0.723787,7.043808,272.788300,355.897000
127.748,4,0.893308,1.536963,0.142529,0.079063,-0.678139,0.015903,0.730496,7.878928,273.922100,355.135600
127.860,4,0.916754,1.549674,0.137873,0.083972,-0.673416,0.015543,0.734314,8.294263,274.574300,354.766000
127.970,4,0.934700,1.565232,0.137703,0.092681,-0.666849,0.020428,0.739125,9.453704,275.435900,354.566200
128.081,4,0.941419,1.577235,0.139623,0.098650,-0.665496,0.024062,0.739462,10.248800,275.526400,354.418100
128.191,4,0.938981,1.585671,0.142595,0.100984,-0.668753,0.024430,0.736190,10.449110,274.966900,354.216700
128.303,4,0.932848,1.592905,0.145077,0.098821,-0.673975,0.024676,0.731699,10.246060,274.194900,354.337500
128.414,4,0.929403,1.598800,0.148052,0.092754,-0.677226,0.018007,0.729683,9.192446,273.805800,354.223800
128.525,4,0.931048,1.604620,0.150645,0.080137,-0.682757,0.007038,0.726204,7.238616,273.169100,354.260600
128.637,4,0.941635,1.614813,0.150657,0.050280,-0.689545,-0.014737,0.722346,2.998797,272.525300,354.792900
128.748,4,0.969296,1.630202,0.147550,0.024027,-0.692929,-0.031585,0.719913,359.474200,272.209000,355.481700
128.859,4,1.000371,1.641535,0.144607,0.018482,-0.687906,-0.040004,0.724461,358.380700,273.032900,355.214700
128.970,4,1.045794,1.652681,0.142992,0.016273,-0.666725,-0.040886,0.744004,358.263300,276.342800,355.263300
129.081,4,1.075717,1.654770,0.144825,0.026569,-0.644699,-0.034773,0.763183,359.754600,279.631800,354.989700
129.192,4,1.092901,1.652922,0.148889,0.031405,-0.626378,-0.027810,0.778390,0.805124,282.318700,355.259400
129.303,4,1.104686,1.651625,0.154378,0.036469,-0.611239,-0.021479,0.790314,1.798656,284.491600,355.493500
129.414,4,1.113492,1.650692,0.157581,0.039936,-0.603730,-0.013492,0.796074,2.710683,285.553000,355.998600
129.525,4,1.123073,1.650498,0.161429,0.044233,-0.598237,-0.011887,0.800009,3.241851,286.305700,355.867700
129.637,4,1.128371,1.651028,0.164669,0.044890,-0.596251,-0.013790,0.801424,3.181988,286.581500,355.655600
129.747,4,1.132043,1.651004,0.168763,0.048095,-0.596259,-0.015778,0.801195,3.339452,286.547300,355.251800
129.859,4,1.126509,1.647631,0.172935,0.050824,-0.590168,-0.018914,0.805457,3.413843,287.383600,354.800800
129.970,4,1.102885,1.636091,0.178164,0.041621,-0.586951,-0.018471,0.808341,2.613846,287.928700,355.480200
130.081,4,1.069268,1.617833,0.185653,0.039888,-0.594563,-0.007457,0.803025,3.164029,286.873000,356.589000
130.192,4,1.027450,1.596044,0.198187,0.061008,-0.601733,0.005620,0.796344,5.965479,285.655500,356.283400
130.303,4,0.983178,1.577206,0.215051,0.072034,-0.602829,0.018592,0.794394,7.866333,285.385500,356.683300
130.414,4,0.944943,1.567173,0.230907,0.078175,-0.603226,0.021831,0.793429,8.649639,285.248400,356.539600
130.526,4,0.894803,1.556013,0.252565,0.081292,-0.603322,0.029017,0.792813,9.434028,285.208700,356.973700
130.637,4,0.857344,1.549422,0.269261,0.081271,-0.604318,0.030832,0.791988,9.555044,285.069900,357.129200
130.748,4,0.810337,1.541748,0.289831,0.079525,-0.604539,0.032676,0.791922,9.524123,285.070100,357.419800
130.859,4,0.775882,1.539405,0.304541,0.075849,-0.606890,0.029698,0.790601,8.973556,284.772600,357.382700
130.971,4,0.736354,1.541129,0.320799,0.071244,-0.613060,0.024014,0.786451,8.134891,283.921100,357.129100
131.082,4,0.705972,1.546224,0.332382,0.066457,-0.618179,0.016732,0.783044,7.167126,283.218400,356.766700
131.193,4,0.679417,1.551434,0.341922,0.065118,-0.627134,0.011805,0.776095,6.654575,281.906600,356.343100
131.305,4,0.657170,1.559486,0.350312,0.059609,-0.636399,0.002070,0.769051,5.412091,280.585600,355.813000
131.415,4,0.641783,1.567642,0.356353,0.055105,-0.641213,-0.004492,0.765368,4.507537,279.912900,355.538800
131.527,4,0.633699,1.582510,0.357539,0.032435,-0.638571,-0.012010,0.768785,1.978991,280.513000,356.564400
131.638,4,0.638533,1.600642,0.350164,-0.019346,-0.621400,-0.009961,0.783192,357.553700,283.131300,0.484099
131.750,4,0.649776,1.623546,0.334894,-0.093316,-0.588385,-0.007380,0.803144,350.875700,287.092100,5.693755
131.862,4,0.657332,1.637873,0.323622,-0.140559,-0.538579,-0.010680,0.830700,345.816500,293.098400,7.924215
131.974,4,0.659060,1.646360,0.314067,-0.160346,-0.498736,-0.016981,0.851624,343.139200,298.123000,7.868641
132.085,4,0.656490,1.654479,0.305138,-0.173512,-0.452526,-0.025001,0.874351,340.970900,304.116500,6.884516
132.197,4,0.649076,1.667483,0.294413,-0.194419,-0.416924,-0.037041,0.887132,337.923900,308.490200,5.970764
132.308,4,0.632682,1.682984,0.279080,-0.216476,-0.385530,-0.044248,0.895850,335.040500,312.202100,5.547099
132.420,4,0.616562,1.690430,0.268159,-0.223599,-0.363490,-0.047559,0.903115,333.995300,315.021500,4.892396
132.531,4,0.594711,1.698358,0.253091,-0.230975,-0.343397,-0.043351,0.909313,333.267200,317.403800,5.125700
132.642,4,0.578045,1.704545,0.239625,-0.238872,-0.320416,-0.044305,0.915593,332.237300,320.271500,4.663601
132.753,4,0.563148,1.709683,0.226724,-0.248266,-0.290501,-0.044164,0.923051,331.054100,323.999300,4.109557
132.864,4,0.556860,1.712053,0.222670,-0.251341,-0.221277,-0.045032,0.941189,330.458900,333.080000,1.743124
132.976,4,0.564718,1.714707,0.225978,-0.257870,-0.086587,-0.040469,0.961441,329.810500,350.300800,357.801400
133.086,4,0.580139,1.713106,0.228947,-0.263206,0.065871,-0.020449,0.962271,329.744500,9.161931,355.083500
133.198,4,0.592328,1.709486,0.231170,-0.263024,0.152544,-0.010241,0.952599,330.133100,19.959130,353.394400
133.308,4,0.604577,1.701819,0.232495,-0.258714,0.255319,0.002902,0.931596,331.084700,32.802300,351.677400
133.420,4,0.603197,1.697897,0.232751,-0.247031,0.306340,0.022110,0.919044,332.120600,38.657070,352.804900
133.530,4,0.586384,1.697415,0.229198,-0.232967,0.355944,0.038399,0.904188,333.344400,44.443730,353.807300
133.641,4,0.553258,1.693347,0.220641,-0.230949,0.395004,0.048626,0.887846,333.352000,49.431970,353.827100
133.751,4,0.504290,1.689833,0.210010,-0.228329,0.439123,0.059309,0.866902,333.386700,55.213560,353.726300
133.862,4,0.447388,1.692607,0.198325,-0.220447,0.465404,0.071541,0.854215,333.691100,58.407980,354.689200
133.973,4,0.395934,1.696302,0.181327,-0.215898,0.482268,0.072614,0.845891,334.196100,60.625230,354.557200
134.084,4,0.355647,1.705039,0.164397,-0.208805,0.504085,0.079959,0.834210,334.596800,63.390640,355.103400
134.195,4,0.326431,1.706225,0.153456,-0.198255,0.516604,0.084601,0.828648,335.419100,64.769540,355.924500
134.306,4,0.297565,1.702815,0.143699,-0.181186,0.533524,0.081782,0.822093,337.345800,66.698590,356.342600
134.417,4,0.286294,1.698926,0.141766,-0.172890,0.545324,0.076231,0.816652,338.560200,68.213840,356.054000
134.528,4,0.289820,1.693475,0.145774,-0.162836,0.552998,0.082760,0.812914,339.128300,68.966900,357.206300
134.640,4,0.305429,1.692126,0.150501,-0.171211,0.554795,0.088705,0.809333,337.941000,69.420330,357.130900
134.750,4,0.337961,1.693203,0.160828,-0.188224,0.559747,0.101952,0.800538,335.449400,70.574740,357.007700
134.862,4,0.378010,1.693754,0.174268,-0.192955,0.562259,0.106691,0.797026,334.687400,71.069880,357.025400
134.973,4,0.429966,1.697838,0.187031,-0.200752,0.558407,0.110099,0.797345,333.698300,70.736300,356.890500
135.084,4,0.499242,1.699068,0.196313,-0.212989,0.551637,0.106402,0.799381,332.747700,70.232440,355.815200
135.196,4,0.575685,1.697526,0.203688,-0.217608,0.552281,0.098416,0.798715,332.850000,70.620360,354.638200
135.307,4,0.678850,1.705157,0.216507,-0.211490,0.551374,0.088663,0.802121,334.084000,70.345870,354.194300
135.419,4,0.751115,1.708688,0.225019,-0.200223,0.550458,0.085893,0.805934,335.336200,69.798880,354.824300
135.529,4,0.827920,1.712266,0.231483,-0.195545,0.541101,0.082209,0.813765,335.969600,68.283600,355.112100
135.641,4,0.887387,1.711445,0.236519,-0.195215,0.539143,0.075559,0.815786,336.423000,68.060980,354.539300
135.752,4,0.939267,1.710832,0.246148,-0.185941,0.531863,0.065586,0.823557,337.912000,66.795560,354.440900
135.864,4,0.973979,1.706311,0.259978,-0.169144,0.497379,0.057590,0.848934,339.850400,61.496210,355.694700
135.975,4,0.985679,1.697611,0.266723,-0.146059,0.464508,0.042213,0.872421,342.898500,56.624570,356.278500
136.085,4,0.974154,1.692644,0.266368,-0.111026,0.429392,0.019150,0.896063,347.560000,51.597990,356.417000
136.196,4,0.948411,1.686860,0.260449,-0.075258,0.384386,0.007586,0.920069,351.702300,45.532810,357.457500
136.306,4,0.904167,1.675100,0.245745,-0.056039,0.318503,0.003482,0.946258,353.784300,37.296760,358.322100
136.417,4,0.866237,1.654179,0.236098,-0.033672,0.288520,-0.001652,0.956880,356.360000,33.599640,358.702900
136.528,4,0.798806,1.630474,0.211107,-0.000093,0.262607,-0.010480,0.964846,0.305140,30.448290,358.838400
136.638,4,0.731195,1.624952,0.171179,0.018584,0.254489,-0.022777,0.966629,2.723783,29.452480,358.016400
136.749,4,0.639963,1.622375,0.110346,0.045539,0.248500,-0.029150,0.967122,5.887267,28.720570,358.055600
136.860,4,0.575031,1.625356,0.065500,0.062243,0.237939,-0.030938,0.968790,7.777326,27.478730,358.246100
136.969,4,0.508608,1.630577,0.016766,0.079320,0.231456,-0.039871,0.968786,9.912537,26.669100,357.641600
137.081,4,0.467022,1.637879,-0.015155,0.094181,0.225345,-0.037338,0.968997,11.498900,26.007270,358.250700
137.192,4,0.444722,1.646552,-0.041313,0.097503,0.227696,-0.039703,0.968024,11.937910,26.273880,358.098400
137.304,4,0.439303,1.649404,-0.059839,0.089351,0.227714,-0.042081,0.968706,11.085520,26.225290,357.615100
137.415,4,0.445496,1.649777,-0.064177,0.084120,0.226562,-0.042924,0.969408,10.517900,26.067140,357.370600
137.526,4,0.452855,1.643628,-0.069291,0.102636,0.229203,-0.044744,0.966918,12.649840,26.414010,357.681100
137.638,4,0.453460,1.642279,-0.075012,0.104924,0.225595,-0.047119,0.967408,12.959900,25.960210,357.422400
137.748,4,0.440637,1.639948,-0.089388,0.113213,0.227136,-0.050316,0.965951,13.979450,26.133010,357.296100
137.860,4,0.421213,1.642336,-0.101551,0.118708,0.236794,-0.049495,0.963010,14.600280,27.331920,357.683700
137.970,4,0.385510,1.638600,-0.113278,0.118055,0.259682,-0.050896,0.957099,14.620450,30.085860,357.861300
138.082,4,0.342262,1.632440,-0.119261,0.122974,0.287849,-0.056746,0.948051,15.416860,33.482690,357.812200
138.192,4,0.291973,1.629923,-0.120720,0.120612,0.309481,-0.064658,0.941007,15.486660,36.029790,357.202600
138.304,4,0.245601,1.623406,-0.118988,0.116898,0.332219,-0.080613,0.932452,15.757470,38.620990,355.670000
138.415,4,0.210256,1.618241,-0.117728,0.127299,0.344556,-0.084248,0.926271,17.090530,40.192200,355.899500
138.526,4,0.172506,1.616202,-0.119726,0.139059,0.357201,-0.086838,0.919527,18.528420,41.862960,356.350400
138.637,4,0.154655,1.618036,-0.120657,0.140570,0.365785,-0.091004,0.915511,18.902730,42.913710,356.133600
138.748,4,0.152559,1.612340,-0.111104,0.143283,0.380311,-0.093289,0.908917,19.355090,44.782840,356.317400
138.859,4,0.172124,1.595573,-0.088464,0.140952,0.385370,-0.093996,0.907076,19.156800,45.402110,356.243600
138.970,4,0.215810,1.559428,-0.051129,0.113206,0.394468,-0.085751,0.907869,15.855060,46.418470,356.042600
139.082,4,0.256885,1.513999,-0.016954,0.116012,0.404176,-0.077994,0.903936,15.829800,47.790370,357.186400
139.193,4,0.295278,1.462621,0.016209,0.118627,0.398900,-0.075375,0.906160,15.969440,47.168160,357.498400
139.305,4,0.328405,1.406677,0.044297,0.122471,0.393193,-0.070595,0.908524,16.143930,46.533740,358.093000
139.416,4,0.351027,1.362698,0.060722,0.125295,0.393026,-0.065587,0.908587,16.214760,46.607650,358.765000
139.527,4,0.371045,1.319994,0.074526,0.131420,0.389620,-0.068591,0.908967,16.999340,46.204330,358.664600
139.638,4,0.384242,1.304221,0.080681,0.137588,0.390155,-0.071443,0.907604,17.788100,46.312950,358.656700
139.749,4,0.398425,1.298046,0.084832,0.136727,0.389761,-0.072577,0.907813,17.747350,46.234990,358.484400
139.861,4,0.408470,1.299419,0.086727,0.135959,0.391433,-0.075193,0.906996,17.787860,46.404990,358.196800
139.971,4,0.414217,1.302409,0.090018,0.133186,0.393274,-0.071672,0.906896,17.334230,46.656840,358.484900
140.083,4,0.415714,1.302324,0.096158,0.129692,0.391417,-0.069130,0.908402,16.842540,46.407600,358.559100
140.194,4,0.410624,1.301325,0.104369,0.132575,0.379434,-0.074654,0.912623,17.375650,44.824180,357.858900
140.305,4,0.390454,1.306604,0.116450,0.128902,0.359548,-0.082629,0.920479,17.260750,42.130490,356.432400
140.416,4,0.365458,1.310221,0.124832,0.128002,0.346750,-0.078264,0.925880,16.936150,40.561520,356.634600
140.527,4,0.329108,1.314393,0.130612,0.128459,0.337240,-0.077013,0.929428,16.901700,39.383030,356.613900
140.639,4,0.304673,1.320626,0.131450,0.125937,0.334434,-0.078326,0.930677,16.666690,38.991480,356.315800
140.749,4,0.283696,1.330269,0.130041,0.120956,0.332193,-0.078122,0.932156,16.105240,38.677730,356.103900
140.861,4,0.271012,1.336752,0.127061,0.117118,0.337870,-0.078762,0.930550,15.735210,39.355060,355.982000
140.972,4,0.255574,1.349984,0.120415,0.116635,0.346228,-0.076745,0.927703,15.637390,40.428120,356.330700
141.083,4,0.229783,1.378434,0.101994,0.104213,0.358417,-0.072619,0.924880,14.171460,41.927110,356.474300
141.193,4,0.187883,1.419699,0.070663,0.090367,0.370700,-0.068080,0.921835,12.537720,43.435660,356.563100
141.305,4,0.131495,1.472661,0.027631,0.077061,0.391857,-0.069162,0.914181,11.250450,46.023550,356.137900
141.415,4,0.078683,1.517347,-0.012108,0.084262,0.409981,-0.073483,0.905216,12.286640,48.328400,356.247700
141.526,4,0.009819,1.564852,-0.060970,0.087058,0.416707,-0.081457,0.901189,12.991020,49.133490,355.629100
141.637,4,-0.034906,1.590882,-0.094557,0.091881,0.421612,-0.084839,0.898111,13.684560,49.763840,355.578000
141.748,4,-0.077465,1.617254,-0.128737,0.084520,0.424125,-0.085548,0.897583,12.961300,50.035420,355.180300
141.860,4,-0.100274,1.630892,-0.147147,0.087485,0.422880,-0.088304,0.897620,13.399560,49.865420,355.014600
141.970,4,-0.119504,1.639023,-0.161111,0.085073,0.419765,-0.090560,0.899088,13.238420,49.427890,354.610900
142.081,4,-0.130514,1.639133,-0.166301,0.086654,0.417299,-0.087910,0.900347,13.262160,49.144620,354.932200
142.192,4,-0.136097,1.639248,-0.166538,0.090029,0.414594,-0.088969,0.901161,13.652530,48.805020,354.940400
142.305,4,-0.137478,1.640646,-0.163171,0.084367,0.417202,-0.082236,0.901145,12.748520,49.173820,355.423900
142.414,4,-0.135385,1.643882,-0.158644,0.067928,0.424319,-0.069437,0.900288,10.441830,50.111260,356.071300
142.526,4,-0.122084,1.640847,-0.148589,0.054373,0.441149,-0.060330,0.893751,8.651337,52.278510,356.528300
142.637,4,-0.100312,1.626268,-0.132042,0.056824,0.451387,-0.057893,0.888633,8.815668,53.626490,357.007400
142.748,4,-0.056891,1.605130,-0.102480,0.062947,0.455524,-0.048221,0.886685,8.949325,54.254780,358.366100
142.860,4,-0.015652,1.587847,-0.078504,0.077286,0.458706,-0.048493,0.883891,10.434580,54.776390,359.136500
142.971,4,0.036625,1.565670,-0.047615,0.090107,0.452391,-0.058458,0.885328,12.265390,53.994380,358.711000
143.082,4,0.080200,1.551456,-0.022228,0.093062,0.446687,-0.060425,0.887783,12.663210,53.261020,358.581800
143.193,4,0.120702,1.542735,0.000672,0.095514,0.445204,-0.060455,0.888266,12.915520,53.091830,358.685900
143.304,4,0.157937,1.538997,0.022277,0.090582,0.446159,-0.055767,0.888610,12.166130,53.207040,358.928300
143.415,4,0.188481,1.533905,0.042563,0.087647,0.443136,-0.053172,0.890574,11.726350,52.806100,359.003600
143.527,4,0.224750,1.525068,0.068958,0.086576,0.436053,-0.049067,0.894402,11.400120,51.910160,359.283000
143.638,4,0.249350,1.517442,0.087488,0.085286,0.431356,-0.047726,0.896873,11.195410,51.302090,359.297300
143.749,4,0.274979,1.508796,0.105457,0.084326,0.424244,-0.048871,0.900288,11.145590,50.368850,359.039500
143.860,4,0.289802,1.504049,0.115015,0.082363,0.419120,-0.050185,0.902794,10.998280,49.684760,358.740700
143.972,4,0.295526,1.503868,0.118547,0.079563,0.413872,-0.048717,0.905542,10.627330,49.003530,358.695600
144.083,4,0.288054,1.510844,0.111560,0.076903,0.405462,-0.047780,0.909617,10.291170,47.921050,358.569600
144.194,4,0.269921,1.524965,0.094159,0.070512,0.399650,-0.047954,0.912693,9.615829,47.142890,358.188100
144.305,4,0.228603,1.551793,0.056462,0.057015,0.395741,-0.048144,0.915326,8.191355,46.584120,357.509700
144.416,4,0.181916,1.577497,0.018091,0.032855,0.383302,-0.043608,0.922008,5.394585,44.997930,356.820000
144.527,4,0.115257,1.606945,-0.041276,0.029535,0.368243,-0.048224,0.928008,5.182774,43.110770,356.099200
144.639,4,0.065724,1.618543,-0.092994,0.062746,0.362201,-0.070500,0.927310,9.639024,42.251840,355.036600
144.749,4,0.012592,1.625121,-0.153289,0.101651,0.357215,-0.101483,0.922912,15.077850,41.414210,353.177900
144.859,4,-0.018633,1.628577,-0.191404,0.107477,0.357587,-0.104508,0.921769,15.835640,41.443390,353.086700
144.970,4,-0.046682,1.634048,-0.227570,0.103681,0.356436,-0.107577,0.922297,15.541610,41.244770,352.573800
145.081,4,-0.062158,1.637775,-0.249896,0.104570,0.353891,-0.104820,0.923493,15.505390,40.962780,352.870900
145.192,4,-0.072909,1.639023,-0.265725,0.103030,0.352341,-0.102412,0.924528,15.228930,40.793770,353.049600
145.304,4,-0.080616,1.640458,-0.276108,0.097298,0.345538,-0.097423,0.928249,14.356890,39.985970,353.264300
145.414,4,-0.085261,1.642291,-0.282294,0.092122,0.340714,-0.095713,0.930735,13.692090,39.392440,353.179000
145.526,4,-0.088064,1.645216,-0.286307,0.084106,0.335725,-0.088295,0.934034,12.497810,38.841340,353.621200
145.638,4,-0.088078,1.648039,-0.288018,0.075005,0.335949,-0.083316,0.935185,11.318760,38.907550,353.827200
145.748,4,-0.086465,1.651709,-0.289660,0.062067,0.340616,-0.075269,0.935127,9.634131,39.544270,354.266600
145.860,4,-0.085039,1.653888,-0.290453,0.052599,0.346213,-0.071630,0.933937,8.502199,40.259460,354.349800
145.970,4,-0.082727,1.655411,-0.289012,0.046395,0.348506,-0.068082,0.933679,7.706021,40.567280,354.510700
146.082,4,-0.079352,1.654899,-0.282101,0.046161,0.345160,-0.062866,0.935298,7.454919,40.188610,355.039900
146.193,4,-0.069848,1.644843,-0.261041,0.062685,0.336828,-0.064338,0.937272,9.256117,39.165000,355.445400
146.304,4,-0.049197,1.626559,-0.224140,0.103637,0.324213,-0.061312,0.938289,13.546750,37.788620,357.178400
146.415,4,-0.025174,1.614337,-0.192504,0.120388,0.313089,-0.062822,0.939966,15.406070,36.500820,357.460500
146.526,4,0.016077,1.598016,-0.150031,0.128120,0.311315,-0.067115,0.939236,16.406950,36.277190,357.233400
146.637,4,0.054752,1.581520,-0.108516,0.140169,0.311103,-0.065068,0.937728,17.659950,36.382520,357.905900
146.748,4,0.106555,1.566676,-0.050201,0.151010,0.300555,-0.062683,0.939646,18.751930,35.204710,358.364500
146.859,4,0.145655,1.560163,-0.010782,0.152144,0.294197,-0.062322,0.941497,18.853850,34.425890,358.314700
146.970,4,0.191975,1.557670,0.029926,0.150116,0.294166,-0.058321,0.942088,18.491070,34.469690,358.696800
147.082,4,0.229573,1.560158,0.057223,0.145986,0.293077,-0.057411,0.943132,18.000130,34.308220,358.631000
147.193,4,0.259205,1.562253,0.075247,0.144511,0.292766,-0.058520,0.943387,17.874060,34.237640,358.446800
147.304,4,0.279465,1.566918,0.087963,0.140510,0.290783,-0.055855,0.944766,17.336450,33.996910,358.569900
147.415,4,0.289023,1.571280,0.095261,0.136121,0.284858,-0.055431,0.947235,16.825490,33.231580,358.356000
147.527,4,0.291138,1.573817,0.093487,0.135832,0.274622,-0.054982,0.950321,16.760150,31.972640,358.210800
147.638,4,0.284826,1.577891,0.077393,0.132262,0.267166,-0.051582,0.953136,16.241620,31.081050,358.349200
147.749,4,0.265999,1.589993,0.041164,0.116183,0.255518,-0.047519,0.958621,14.302160,29.614570,358.123400
147.860,4,0.243281,1.600024,0.003871,0.104755,0.236316,-0.049943,0.964721,13.045430,27.212760,357.243400
147.971,4,0.208626,1.609521,-0.057878,0.093558,0.193672,-0.049323,0.975349,11.630990,22.104300,356.489500
148.082,4,0.181935,1.616327,-0.121519,0.091667,0.166783,-0.046976,0.980599,11.270790,18.950060,356.401600
148.193,4,0.159734,1.627064,-0.182677,0.104004,0.154640,-0.040257,0.981656,12.511900,17.602700,357.248100
148.304,4,0.146906,1.639550,-0.237731,0.106912,0.131359,-0.037483,0.984840,12.734310,14.894670,357.312200
148.415,4,0.146274,1.644863,-0.277260,0.109884,0.095490,-0.034331,0.988751,12.935410,10.719820,357.241500
148.526,4,0.165591,1.645632,-0.316558,0.111296,0.029712,-0.028116,0.992945,12.867260,3.101484,357.105900
148.637,4,0.196689,1.642441,-0.339332,0.110819,-0.024359,-0.016441,0.993406,12.672320,356.942400,357.764000
148.748,4,0.249196,1.640112,-0.357965,0.108279,-0.093401,0.004619,0.989712,12.426850,349.146900,359.349700
148.859,4,0.293223,1.638512,-0.367098,0.113176,-0.134903,0.012911,0.984290,13.078070,344.357200,359.698900
148.969,4,0.342678,1.635720,-0.377225,0.121699,-0.177012,0.026726,0.976290,14.305250,339.514200,0.538155
149.081,4,0.379689,1.640467,-0.380604,0.125517,-0.191587,0.029798,0.972961,14.812870,337.796900,0.586114
149.192,4,0.410497,1.641027,-0.379367,0.131466,-0.200005,0.032110,0.970404,15.544970,336.787200,0.578734
149.303,4,0.435868,1.637950,-0.377631,0.137445,-0.206197,0.032742,0.968256,16.240250,336.013300,0.401230
149.414,4,0.453217,1.636380,-0.377909,0.144131,-0.211335,0.032278,0.966189,16.987260,335.337000,0.087067
149.525,4,0.467799,1.634644,-0.376317,0.140245,-0.213248,0.033843,0.966287,16.586790,335.158700,0.334234
149.636,4,0.468024,1.629380,-0.370465,0.144232,-0.215782,0.038708,0.964954,17.161090,334.902600,0.747041
149.747,4,0.451989,1.624334,-0.352374,0.143389,-0.225862,0.045325,0.962482,17.247100,333.791700,1.348595
149.858,4,0.434770,1.622589,-0.330180,0.138162,-0.222760,0.035678,0.964374,16.401950,334.049300,0.433674
149.969,4,0.407183,1.616987,-0.290794,0.132865,-0.213767,0.035533,0.967155,15.794850,335.171500,0.710200
150.081,4,0.379981,1.609390,-0.248636,0.127102,-0.207291,0.038030,0.969242,15.197810,336.022700,1.248516
150.192,4,0.353580,1.601983,-0.199097,0.130070,-0.194753,0.038331,0.971434,15.523800,337.520300,1.415920
150.304,4,0.331062,1.596208,-0.143680,0.133535,-0.175720,0.038713,0.974573,15.895590,339.795500,1.699718
150.415,4,0.314543,1.593939,-0.093515,0.134105,-0.159337,0.032949,0.977518,15.823840,341.663700,1.291219
150.526,4,0.293138,1.590936,-0.029792,0.132566,-0.139302,0.029369,0.980897,15.560170,344.002500,1.230230
150.637,4,0.276399,1.585150,0.015895,0.134651,-0.127878,0.030470,0.982134,15.800220,345.373200,1.513472
150.748,4,0.257471,1.579798,0.065162,0.135078,-0.116066,0.030545,0.983539,15.830980,346.777400,1.711169
150.860,4,0.247127,1.575241,0.096002,0.131024,-0.110610,0.029318,0.984753,15.339460,347.412600,1.708722
150.971,4,0.241509,1.575137,0.127702,0.121485,-0.103263,0.025098,0.986888,14.179890,348.233000,1.444936
151.083,4,0.243578,1.590842,0.153716,0.081511,-0.090491,0.016085,0.992426,9.479747,349.662900,0.997649
151.194,4,0.247362,1.603825,0.178568,0.052704,-0.082067,0.013428,0.995142,6.148161,350.627200,1.041624
151.306,4,0.253670,1.608365,0.219994,0.049935,-0.081926,0.010834,0.995328,5.807021,350.628300,0.770862
151.417,4,0.258185,1.609732,0.262015,0.049968,-0.083343,0.008976,0.995227,5.794160,350.453900,0.549290
151.528,4,0.260558,1.608741,0.318403,0.051465,-0.088242,0.006942,0.994745,5.947326,349.875500,0.272408
151.640,4,0.259136,1.605888,0.360157,0.050571,-0.094115,0.006504,0.994255,5.842020,349.195200,0.196638
151.750,4,0.256286,1.600738,0.408059,0.053307,-0.102202,0.009855,0.993285,6.195010,348.277700,0.500369
151.861,4,0.255022,1.597516,0.440094,0.054559,-0.108566,0.011970,0.992519,6.367229,347.553300,0.686873
151.972,4,0.254928,1.595059,0.461383,0.056272,-0.111180,0.012756,0.992124,6.574471,347.254400,0.738225
152.084,4,0.257350,1.602941,0.479161,0.039781,-0.108389,0.012165,0.993238,4.684020,347.580800,0.893484
152.195,4,0.259115,1.608897,0.491917,0.026831,-0.098950,0.009233,0.994688,3.164550,348.658700,0.749331
152.306,4,0.261560,1.622466,0.486362,-0.001140,-0.099628,0.011782,0.994954,0.004552,348.563800,1.356498
152.418,4,0.265295,1.637421,0.469586,-0.008569,-0.106433,0.006913,0.994259,359.108000,347.772900,0.892245
152.529,4,0.271432,1.662522,0.439242,-0.017050,-0.103847,-0.002327,0.994444,358.029000,348.077800,359.937700
152.640,4,0.275978,1.688971,0.413020,-0.013297,-0.107606,-0.004023,0.994097,358.435500,347.648200,359.705600
152.751,4,0.280904,1.717618,0.394268,-0.008760,-0.118424,-0.012208,0.992849,358.837600,346.409000,358.729600
152.862,4,0.286673,1.734858,0.380952,-0.006700,-0.122378,-0.017509,0.992307,358.992600,345.955500,358.102400
152.972,4,0.289081,1.725825,0.373022,-0.006674,-0.120920,-0.018246,0.992472,358.988100,346.124500,358.016700
153.084,4,0.286777,1.681871,0.374912,-0.008163,-0.114601,-0.017695,0.993220,358.838400,346.855600,358.092500
153.195,4,0.282893,1.620623,0.375248,-0.001923,-0.112676,-0.010310,0.993577,359.647900,347.063600,358.850900
153.306,4,0.277543,1.538828,0.368366,0.010258,-0.110048,-0.013726,0.993779,0.995168,347.347300,358.307000
153.416,4,0.271702,1.484702,0.361077,0.016098,-0.110175,-0.010322,0.993728,1.703079,347.326300,358.620600
153.527,4,0.263930,1.431615,0.355073,0.015086,-0.114708,-0.013051,0.993199,1.545651,346.801100,358.315500
153.638,4,0.257886,1.397794,0.353571,0.015652,-0.112523,-0.012721,0.993444,1.618011,347.052500,358.349100
153.749,4,0.250146,1.360942,0.353966,0.013156,-0.109599,-0.009868,0.993840,1.374470,347.398500,358.710400
153.860,4,0.244318,1.334903,0.354255,0.013418,-0.105666,-0.010215,0.994259,1.405168,347.850900,358.673200
153.971,4,0.240044,1.313636,0.353474,0.009611,-0.097119,-0.010725,0.995169,0.976673,348.840900,358.669700
154.082,4,0.235619,1.295383,0.353192,0.013699,-0.089750,-0.006950,0.995846,1.491907,349.688100,359.065600
154.193,4,0.233688,1.283096,0.351601,0.012206,-0.082390,-0.002966,0.996521,1.365949,350.541900,359.546000
154.305,4,0.234560,1.281523,0.348278,0.020612,-0.078237,-0.000441,0.996722,2.350873,351.018800,359.764600
154.416,4,0.237548,1.286633,0.342843,0.015739,-0.073722,0.000254,0.997155,1.800860,351.541800,359.896000
154.527,4,0.242425,1.288229,0.334382,0.017532,-0.071607,-0.001006,0.997278,1.995725,351.781700,359.741000
154.638,4,0.246385,1.290059,0.326922,0.021519,-0.069333,-0.001670,0.997360,2.446818,352.039000,359.637800
154.749,4,0.251683,1.297482,0.311059,0.025393,-0.068714,-0.006411,0.997293,2.852697,352.093800,359.066300
154.860,4,0.258146,1.311502,0.285978,0.037898,-0.061623,-0.005564,0.997364,4.296062,352.894900,359.093800
154.971,4,0.265466,1.328727,0.250083,0.062993,-0.050853,-0.015141,0.996603,7.124017,354.026300,357.887000
155.082,4,0.271483,1.343385,0.208220,0.084290,-0.049773,-0.014526,0.995091,9.573196,354.091600,357.832200
155.193,4,0.280743,1.352138,0.162332,0.092244,-0.055883,-0.012992,0.994082,10.482980,353.371700,357.893700
155.304,4,0.295259,1.360103,0.112928,0.097192,-0.064005,-0.012557,0.993126,11.036880,352.414100,357.817200
155.416,4,0.311953,1.369660,0.070877,0.100475,-0.069704,-0.015309,0.992377,11.378220,351.705800,357.404700
155.527,4,0.340938,1.376058,0.007337,0.100619,-0.078598,-0.011542,0.991749,11.406130,350.711300,357.736800
155.638,4,0.367309,1.383355,-0.048345,0.095865,-0.086439,-0.006950,0.991610,10.889750,349.867400,358.228600
155.749,4,0.397742,1.404545,-0.120114,0.083269,-0.087869,-0.000646,0.992646,9.508789,349.805800,359.075300
155.860,4,0.416859,1.412907,-0.171327,0.077113,-0.095049,-0.000933,0.992481,8.794443,348.985500,359.042700
155.971,4,0.436386,1.421676,-0.228319,0.071407,-0.105449,-0.001110,0.991857,8.129832,347.791800,359.000900
156.081,4,0.449355,1.430717,-0.271197,0.069913,-0.114651,-0.001815,0.990941,7.940382,346.721700,358.864500
156.192,4,0.456163,1.441700,-0.303111,0.061353,-0.117516,0.000647,0.991174,6.994548,346.430500,359.241600
156.304,4,0.456426,1.447204,-0.317650,0.058772,-0.117315,0.005445,0.991339,6.765307,346.491900,359.827200
156.414,4,0.452940,1.446658,-0.319628,0.058408,-0.119737,0.009223,0.991043,6.775424,346.236600,0.247793
156.526,4,0.451646,1.443466,-0.318478,0.062682,-0.125306,0.004473,0.990126,7.194974,345.549600,359.604400
156.637,4,0.451153,1.441880,-0.315626,0.067019,-0.128160,0.002287,0.989484,7.655418,345.191100,359.268500
156.748,4,0.450911,1.441303,-0.310806,0.068492,-0.130034,0.001980,0.989139,7.817069,344.966600,359.196300
156.859,4,0.451409,1.440638,-0.306737,0.069154,-0.135390,0.000778,0.988376,7.869156,344.331700,359.005900
156.970,4,0.453592,1.439090,-0.301377,0.071109,-0.135230,-0.001937,0.988258,8.049256,344.322600,358.665500
157.081,4,0.455885,1.438519,-0.297599,0.070036,-0.132878,-0.002357,0.988652,7.923824,344.597000,358.653600
157.192,4,0.460002,1.437647,-0.293152,0.068620,-0.131394,-0.001721,0.988951,7.774348,344.779500,358.760300
157.303,4,0.465210,1.437818,-0.287520,0.067190,-0.129636,-0.006064,0.989264,7.548496,344.956500,358.299500
157.414,4,0.470422,1.438612,-0.280762,0.061268,-0.127362,-0.005500,0.989947,6.886538,345.245700,358.470700
157.526,4,0.473951,1.432210,-0.267774,0.057024,-0.122229,-0.012654,0.990782,6.309789,345.810300,357.750500
157.637,4,0.469881,1.421751,-0.253037,0.056733,-0.118292,-0.013664,0.991263,6.271622,346.261600,357.664300
157.748,4,0.456284,1.408694,-0.227564,0.067919,-0.122013,-0.008021,0.990170,7.616710,345.825500,358.123400
157.859,4,0.444630,1.401171,-0.200478,0.067790,-0.125414,-0.007172,0.989760,7.607928,345.436900,358.196200
157.970,4,0.428606,1.393809,-0.155434,0.078367,-0.121781,-0.000772,0.989458,8.910592,345.873600,358.804400
158.082,4,0.413603,1.392897,-0.111713,0.083309,-0.118724,0.000896,0.989426,9.501281,346.228300,358.953800
158.193,4,0.396976,1.396430,-0.066048,0.086331,-0.115488,0.000026,0.989550,9.837995,346.587000,358.843400
158.304,4,0.379536,1.401790,-0.020096,0.092692,-0.114282,0.001789,0.989113,10.589660,346.723200,358.971300
158.415,4,0.367961,1.403433,0.014970,0.095713,-0.113313,0.002030,0.988936,10.939290,346.828200,358.968400
158.527,4,0.356588,1.401059,0.051310,0.105106,-0.103748,0.002726,0.989031,12.032850,347.921900,359.038200
158.638,4,0.347551,1.401836,0.077494,0.110327,-0.104271,0.002507,0.988407,12.627920,347.838600,358.940000
158.749,4,0.337696,1.402189,0.108776,0.112662,-0.106215,0.000021,0.987940,12.862490,347.569000,358.595700
158.860,4,0.329453,1.399244,0.135467,0.117425,-0.101635,0.001208,0.987867,13.429360,348.102800,358.734400
158.972,4,0.319776,1.396398,0.163174,0.120219,-0.100609,0.002134,0.987634,13.762250,348.224600,358.821600
159.082,4,0.311009,1.391535,0.188794,0.126456,-0.099583,0.002922,0.986957,14.489040,348.330800,358.850800
159.193,4,0.302773,1.388307,0.211311,0.128242,-0.094881,0.004600,0.987183,14.718410,348.903300,359.096400
159.305,4,0.293948,1.385394,0.230771,0.130117,-0.095477,0.007049,0.986866,14.961090,348.862800,359.351600
159.416,4,0.287946,1.383501,0.244796,0.131825,-0.096445,0.006879,0.986546,15.154890,348.739400,359.296300
159.527,4,0.282873,1.381913,0.259023,0.131960,-0.090567,0.008200,0.987075,15.188440,349.454200,359.542000
159.638,4,0.279852,1.379152,0.267883,0.133911,-0.089583,0.007548,0.986907,15.406640,349.553600,359.459500
159.749,4,0.278699,1.375425,0.275531,0.138299,-0.089428,0.003530,0.986339,15.869680,349.491100,358.941300
159.860,4,0.278551,1.373689,0.280049,0.139404,-0.084912,0.003036,0.986584,15.996750,350.013600,358.945900
159.971,4,0.277846,1.372711,0.283720,0.140550,-0.084023,0.001114,0.986501,16.110640,350.082600,358.722400
160.083,4,0.276702,1.374042,0.286714,0.140709,-0.081585,0.001709,0.986682,16.137800,350.380700,358.831700
160.193,4,0.275328,1.380608,0.286239,0.138082,-0.080817,0.002329,0.987115,15.841760,350.492200,358.944500
160.305,4,0.277650,1.398016,0.273155,0.127701,-0.079893,0.004446,0.988580,14.666670,350.670700,359.312200
160.416,4,0.285128,1.424523,0.245582,0.110479,-0.076995,0.005055,0.990879,12.692590,351.068000,359.589200
160.527,4,0.299719,1.467563,0.189137,0.081851,-0.076756,0.006057,0.993666,9.415627,351.163400,359.969300
160.638,5,0.315054,1.503145,0.130378,0.055593,-0.081279,0.003570,0.995134,6.385921,350.655100,359.888700
160.749,5,0.337579,1.547680,0.042645,0.029503,-0.086875,-0.000240,0.995782,3.366079,350.018500,359.678300
160.860,5,0.359753,1.582689,-0.037889,0.017834,-0.097365,-0.001041,0.995088,2.022369,348.817700,359.682100
160.971,5,0.383756,1.609882,-0.116016,0.022462,-0.104604,-0.002585,0.994257,2.529014,347.975800,359.435700
161.082,5,0.406313,1.630980,-0.186497,0.016837,-0.113584,-0.009739,0.993338,1.790047,346.932900,358.671400
161.193,5,0.425324,1.637921,-0.242596,0.054749,-0.119591,-0.010545,0.991256,6.085847,346.137300,358.040500
161.304,5,0.439350,1.642028,-0.281430,0.064596,-0.129688,-0.010998,0.989388,7.178890,344.925000,357.775200
161.415,5,0.446880,1.643174,-0.302204,0.076870,-0.132726,-0.011519,0.988100,8.560454,344.511800,357.497900
161.526,5,0.450588,1.646109,-0.317888,0.075415,-0.138785,-0.008637,0.987409,8.426119,343.836300,357.799100
161.637,5,0.451747,1.644685,-0.320444,0.079084,-0.140773,-0.008133,0.986845,8.847099,343.591200,357.777500
161.748,5,0.451441,1.641119,-0.314327,0.086638,-0.141653,-0.006827,0.986094,9.725795,343.462700,357.789900
161.859,5,0.449351,1.638829,-0.304539,0.091720,-0.144387,-0.007161,0.985235,10.291930,343.112300,357.635200
161.969,5,0.443607,1.638253,-0.289395,0.092431,-0.142426,-0.006190,0.985461,10.393660,343.348100,357.755100
162.082,5,0.433371,1.637655,-0.272112,0.091976,-0.147765,-0.002061,0.984734,10.400870,342.766500,358.179900
162.192,5,0.417346,1.638969,-0.246601,0.086500,-0.161871,0.003042,0.983009,9.848552,341.187900,358.719200
162.304,5,0.393635,1.643405,-0.214229,0.072343,-0.183559,0.005602,0.980327,8.273376,338.724000,359.098300
162.416,5,0.367021,1.648784,-0.184814,0.054481,-0.212342,0.005996,0.975657,6.249347,335.407300,359.340800
162.527,5,0.327656,1.655967,-0.148641,0.039401,-0.258043,0.003513,0.965323,4.466840,330.037800,359.221200
162.638,5,0.296588,1.658200,-0.124451,0.036850,-0.287274,0.004076,0.957131,4.179566,326.558700,359.232000
162.749,5,0.259939,1.656211,-0.099073,0.040001,-0.320539,0.014016,0.946287,4.858150,322.576200,0.050756
162.861,5,0.230950,1.657022,-0.077379,0.047763,-0.357996,0.020364,0.932279,5.948660,317.997700,0.217348
162.972,5,0.204094,1.654144,-0.051577,0.051629,-0.401791,0.027272,0.913868,6.677381,312.561800,0.482113
163.083,5,0.179308,1.650596,-0.019185,0.058192,-0.446088,0.030156,0.892586,7.515067,306.898300,0.110765
163.194,5,0.160447,1.645397,0.013101,0.058764,-0.478957,0.032558,0.875264,7.703996,302.626500,0.040663
163.305,5,0.141652,1.640190,0.062033,0.057108,-0.512582,0.032816,0.856108,7.551881,298.170100,359.863800
163.416,5,0.128438,1.641686,0.106811,0.054316,-0.530245,0.036601,0.845311,7.506739,295.817900,0.247207
163.528,5,0.110994,1.649422,0.165439,0.052476,-0.544820,0.034625,0.836193,7.208985,293.830300,0.041928
163.639,5,0.098063,1.654326,0.206087,0.047613,-0.551229,0.034129,0.832295,6.712219,292.981600,0.249213
163.750,5,0.083917,1.656331,0.247180,0.049838,-0.558125,0.034438,0.827543,6.945601,292.010500,0.078854
163.861,5,0.074571,1.657075,0.271978,0.048644,-0.566279,0.038496,0.821876,7.097473,290.895000,0.472588
163.972,5,0.070274,1.659212,0.292111,0.045508,-0.577666,0.040646,0.813990,6.952413,289.323100,0.784682
164.084,5,0.067365,1.658545,0.312935,0.048037,-0.585628,0.036901,0.808313,6.942792,288.164700,0.195706
164.195,5,0.062591,1.657323,0.329472,0.049814,-0.599605,0.035288,0.797965,6.996977,286.144300,359.802500
164.306,5,0.051372,1.655568,0.336603,0.044730,-0.664079,0.030630,0.745694,6.165006,276.584000,359.208900
164.417,5,0.044443,1.653837,0.329259,0.043566,-0.737925,0.023096,0.673079,5.320835,264.648600,358.088800
164.528,5,0.045177,1.654947,0.309824,0.030972,-0.828388,0.006001,0.559266,2.555418,247.991600,357.441100
164.639,5,0.056332,1.655208,0.291638,0.025121,-0.881858,0.003779,0.470830,1.737575,236.160700,357.663600
164.750,5,0.084307,1.651511,0.269426,0.021389,-0.929117,0.014972,0.368864,2.498924,223.270800,358.353800
164.860,5,0.116911,1.649881,0.256290,0.009366,-0.955372,0.011660,0.295028,1.593323,214.313600,359.368600
164.971,5,0.150244,1.651999,0.252763,0.005470,-0.967358,0.000936,0.253354,0.262546,209.351200,359.420800
165.083,5,0.181457,1.654304,0.254023,0.009007,-0.971452,-0.002811,0.237048,359.931800,207.426700,358.920900
165.194,5,0.207115,1.654461,0.259408,0.014321,-0.972192,-0.003776,0.233716,359.962800,207.035500,358.303200
165.305,5,0.233351,1.653179,0.266870,0.024704,-0.970657,0.004366,0.239157,1.162709,207.655800,357.370400
165.416,5,0.244263,1.652428,0.266710,0.024387,-0.970428,0.005656,0.240088,1.299994,207.763300,357.442200
165.527,5,0.242246,1.651067,0.254834,0.021505,-0.970993,0.004138,0.238102,1.047248,207.535000,357.719100
165.638,5,0.228183,1.648381,0.237642,0.017528,-0.971831,0.000447,0.235026,0.521867,207.181700,358.059700
165.749,5,0.196007,1.645231,0.206885,0.015071,-0.974201,0.003233,0.225156,0.749801,206.016800,358.400600
165.860,5,0.161393,1.648022,0.175945,0.012441,-0.977130,0.001399,0.212273,0.459227,204.507700,358.640800
165.971,5,0.130606,1.650523,0.146892,0.013352,-0.980658,0.003411,0.195244,0.682031,202.511700,358.575600
166.083,5,0.105256,1.654952,0.122523,0.008652,-0.984641,0.002722,0.174356,0.479955,200.079300,359.078100
166.194,5,0.086944,1.655252,0.106804,0.008535,-0.987967,0.001591,0.154420,0.331207,197.764300,359.061800
166.305,5,0.066675,1.656052,0.089278,0.007930,-0.990735,0.000265,0.135581,0.153263,195.583800,359.103700
166.416,5,0.053727,1.656630,0.075359,0.009076,-0.992291,-0.001295,0.123589,359.981200,194.199300,358.949500
166.527,5,0.039562,1.657188,0.056550,0.008807,-0.993213,-0.002010,0.115961,359.888300,193.319700,358.970900
166.638,5,0.029816,1.655604,0.041187,0.009398,-0.994037,-0.002023,0.108620,359.886500,192.473300,358.904300
166.749,5,0.017899,1.653641,0.020006,0.011797,-0.994911,-0.000956,0.100062,0.026309,191.485900,358.643900
166.861,5,0.008918,1.652328,-0.000125,0.014182,-0.995485,0.000303,0.093852,0.187038,190.768900,358.385300
166.972,5,0.003402,1.648934,-0.021320,0.015293,-0.995933,0.001347,0.088785,0.309343,190.184000,358.268100
167.083,5,0.000034,1.647465,-0.044744,0.014800,-0.996490,0.002314,0.082363,0.403876,189.444000,358.331600
167.195,5,-0.002244,1.647064,-0.067612,0.014554,-0.996647,0.003262,0.080454,0.506745,189.223200,358.367600
167.306,5,-0.004301,1.644722,-0.100147,0.014673,-0.996860,0.005267,0.077636,0.732238,188.896100,358.370400
167.417,5,-0.005221,1.642675,-0.127030,0.013530,-0.996763,0.007491,0.078891,0.977946,189.038100,358.521900
167.528,5,-0.004680,1.640340,-0.163661,0.011941,-0.996426,0.005853,0.083423,0.782462,189.562600,358.692200
167.639,5,-0.002812,1.640743,-0.195896,0.010668,-0.995961,0.005837,0.088959,0.774971,190.200400,358.841800
167.750,5,-0.001188,1.642311,-0.241511,0.007519,-0.996179,0.004330,0.086905,0.569164,189.967400,359.184800
167.862,5,-0.001600,1.643809,-0.280493,0.009802,-0.996164,0.007590,0.086621,0.963794,189.930400,358.956200
167.973,5,-0.002068,1.645276,-0.314924,0.010153,-0.996156,0.008814,0.086557,1.106898,189.921600,358.928100
168.084,5,-0.003258,1.645485,-0.344135,0.010684,-0.996181,0.010537,0.086016,1.308224,189.857200,358.883900
168.195,5,-0.005046,1.645582,-0.365927,0.012863,-0.996212,0.011202,0.085271,1.404565,189.768000,358.640500
168.306,5,-0.007778,1.645208,-0.388731,0.012752,-0.996227,0.011841,0.085025,1.476147,189.739100,358.659000
168.417,5,-0.009913,1.646322,-0.401608,0.013597,-0.995941,0.011735,0.088203,1.476836,190.103700,358.566200
168.528,5,-0.011092,1.644152,-0.403338,0.013054,-0.995662,0.014984,0.090901,1.845916,190.411500,358.665900
168.639,5,-0.010386,1.643632,-0.391747,0.013396,-0.995866,0.019491,0.087707,2.359613,190.038800,358.665900
168.750,5,-0.007323,1.646443,-0.363312,0.016715,-0.996003,0.012806,0.086805,1.628034,189.936600,358.218600
168.861,5,-0.002206,1.649105,-0.330562,0.014937,-0.996302,0.008239,0.084205,1.084776,189.646700,358.373600
168.972,5,0.002465,1.651363,-0.297989,0.013485,-0.996747,0.003179,0.079392,0.485771,189.101700,358.488400
169.083,5,0.005793,1.653248,-0.267325,0.012189,-0.997082,-0.002154,0.075333,359.859100,188.643100,358.588500
169.194,5,0.007856,1.653869,-0.242988,0.010938,-0.997041,-0.006828,0.075788,359.314800,188.701600,358.690800
169.306,5,0.010073,1.652051,-0.214251,0.007532,-0.997029,-0.009995,0.076001,358.923600,188.727100,359.052200
169.417,5,0.011131,1.651060,-0.190292,0.005172,-0.997276,-0.010821,0.072782,358.806500,188.355300,359.318500
169.528,5,0.011417,1.652383,-0.160454,0.007243,-0.997370,-0.016473,0.070212,358.175300,188.068900,359.039200
169.639,5,0.011425,1.653407,-0.141512,0.007718,-0.997253,-0.017319,0.071602,358.083900,188.230600,358.975300
169.749,5,0.012206,1.654956,-0.121608,0.004559,-0.997149,-0.015659,0.073673,358.249000,188.461100,359.346600
169.861,5,0.013433,1.656020,-0.105417,0.002830,-0.997431,-0.014536,0.070093,358.361100,188.045900,359.559600
169.972,5,0.014742,1.656974,-0.088694,0.001439,-0.997770,-0.014566,0.065120,358.345100,187.472300,359.726700
170.083,5,0.015855,1.658094,-0.071423,0.002603,-0.997942,-0.020237,0.060791,357.703300,186.980700,359.561000
170.194,5,0.016887,1.658460,-0.054679,0.003445,-0.997843,-0.024229,0.060913,357.252500,187.000000,359.436300
170.305,5,0.019949,1.657780,-0.037730,0.005215,-0.997867,-0.028051,0.058725,356.825900,186.757800,359.213600
170.416,5,0.024182,1.657585,-0.021397,0.005762,-0.998003,-0.030579,0.054980,356.537100,186.332200,359.146900
170.527,5,0.030029,1.658744,-0.000280,0.006674,-0.997843,-0.037798,0.053253,355.714800,186.147100,359.003400
170.638,5,0.034323,1.658946,0.014550,0.007983,-0.997677,-0.035479,0.057607,355.993300,186.649500,358.850200
170.748,5,0.042079,1.662869,0.035627,0.007235,-0.997754,-0.033774,0.057390,356.183200,186.619000,358.948300
170.860,5,0.049335,1.665704,0.052648,0.010096,-0.997286,-0.035218,0.063858,356.046000,187.376300,358.585100
170.971,5,0.060136,1.666524,0.072012,0.010700,-0.996240,-0.037439,0.077390,355.817100,188.940800,358.442100
171.083,5,0.071639,1.663313,0.088468,0.012846,-0.995609,-0.030991,0.087390,356.590900,190.085500,358.220600
171.194,5,0.082422,1.660579,0.104252,0.018997,-0.994715,-0.028537,0.096788,356.956500,191.181000,357.513900
171.306,5,0.098094,1.660441,0.126885,0.025651,-0.993261,-0.024297,0.110381,357.558300,192.751400,356.768500
171.416,5,0.112969,1.657013,0.151437,0.025467,-0.992720,-0.017298,0.116448,358.371800,193.425100,356.869200
171.527,5,0.133793,1.657751,0.187054,0.032162,-0.991534,-0.022461,0.123781,357.903600,194.304600,356.021200
171.638,5,0.150424,1.658387,0.214093,0.033680,-0.991030,-0.020463,0.127700,358.168700,194.750900,355.870000
171.749,5,0.168159,1.659227,0.246307,0.034125,-0.989746,-0.016085,0.137767,358.714400,195.895100,355.871100
171.860,5,0.178678,1.659407,0.268415,0.032905,-0.987839,-0.016064,0.151106,358.751300,197.437400,355.992900
171.971,5,0.184427,1.659204,0.281942,0.031903,-0.986474,-0.015227,0.160062,358.863800,198.471200,356.110600
172.082,5,0.184651,1.657689,0.284831,0.026910,-0.986145,-0.014525,0.163045,358.861300,198.809100,356.685200
172.193,5,0.176972,1.655776,0.276132,0.023810,-0.986748,-0.013145,0.159966,358.950100,198.443600,357.065000
172.305,5,0.161387,1.653581,0.254688,0.020498,-0.988249,-0.016693,0.150551,358.463100,197.358800,357.388900
172.416,5,0.141745,1.650375,0.225079,0.016702,-0.989063,-0.018427,0.145383,358.189500,196.758900,357.798400
172.527,5,0.111613,1.650015,0.175802,0.016973,-0.990693,-0.015627,0.134144,358.486700,195.451000,357.831600
172.638,5,0.087709,1.651415,0.136407,0.019617,-0.992335,-0.014427,0.121153,358.631700,193.950500,357.567600
172.749,5,0.060439,1.655528,0.090362,0.022869,-0.994118,-0.015999,0.104647,358.451400,192.056200,357.200800
172.860,5,0.041799,1.657851,0.054744,0.023205,-0.995583,-0.018274,0.089121,358.151900,190.276300,357.163400
172.971,5,0.027145,1.658970,0.025197,0.021744,-0.996811,-0.021043,0.073845,357.779700,188.525200,357.335300
173.083,5,0.015549,1.659978,0.000763,0.020926,-0.997537,-0.025100,0.062061,357.278600,187.181200,357.425700
173.194,5,0.007715,1.660097,-0.017588,0.019937,-0.997933,-0.028628,0.053971,356.847900,186.259200,357.538600
173.306,5,-0.000304,1.659594,-0.038101,0.018261,-0.998400,-0.030106,0.044242,356.646300,185.140300,357.753700
173.417,5,-0.005420,1.658367,-0.052361,0.018180,-0.998593,-0.031777,0.038367,356.441400,184.469600,357.775100
173.528,5,-0.010609,1.656473,-0.067351,0.017887,-0.998700,-0.034277,0.033225,356.142400,183.884300,357.817000
173.640,5,-0.013512,1.655609,-0.076305,0.018519,-0.998781,-0.035131,0.029305,356.038200,183.438900,357.756600
173.750,5,-0.016376,1.654912,-0.083910,0.019131,-0.998918,-0.034634,0.024450,356.086100,182.882600,357.707200
173.862,5,-0.017109,1.654271,-0.085441,0.021024,-0.998897,-0.034203,0.024350,356.140700,182.877300,357.491600
173.972,5,-0.014178,1.654828,-0.077048,0.023003,-0.998720,-0.033187,0.030469,356.279600,183.584400,357.244700
174.084,5,-0.004999,1.657713,-0.056651,0.020541,-0.998467,-0.034483,0.038112,356.141400,184.456400,357.492700
174.195,5,0.008238,1.661106,-0.027959,0.018124,-0.998112,-0.038310,0.044463,355.706700,185.186600,357.724900
174.306,5,0.031873,1.664078,0.024447,0.015812,-0.997322,-0.040642,0.058709,355.456900,186.820700,357.912500
174.417,5,0.055439,1.665332,0.072548,0.017599,-0.996141,-0.041605,0.075246,355.397600,188.735100,357.624000
174.528,5,0.090854,1.665555,0.135349,0.018277,-0.994129,-0.036066,0.100368,356.098600,191.615400,357.496500
174.638,5,0.120257,1.663751,0.182151,0.019421,-0.992523,-0.025895,0.117685,357.315700,193.584200,357.438300
174.749,5,0.154595,1.660390,0.234638,0.020949,-0.990115,-0.010831,0.138259,359.103000,195.918600,357.450400
174.860,5,0.179904,1.659912,0.273361,0.019636,-0.988104,-0.000636,0.152526,0.271193,197.544800,357.764900
174.971,5,0.199641,1.662451,0.301791,0.018397,-0.987100,0.003749,0.159001,0.759312,198.287800,357.986800
175.082,5,0.214985,1.663463,0.321638,0.015143,-0.986342,0.001873,0.164005,0.496248,198.873800,358.323300
175.193,5,0.226192,1.663948,0.335390,0.007712,-0.985962,-0.001950,0.166781,359.927100,199.202700,359.091300
175.304,5,0.234030,1.664980,0.344116,0.003473,-0.986261,-0.007863,0.164975,359.176900,198.996100,359.458800
175.416,5,0.238038,1.665787,0.348177,0.001060,-0.986430,-0.011323,0.163789,358.739900,198.858700,359.667600
175.526,5,0.239867,1.665649,0.350395,-0.001036,-0.986088,-0.010806,0.165872,358.759100,199.097900,359.911700
175.638,5,0.240049,1.665811,0.350892,-0.000580,-0.985982,-0.012396,0.166390,358.588200,199.159600,359.829100
175.748,5,0.240155,1.665479,0.349943,-0.000221,-0.986721,-0.009318,0.162156,358.942200,198.666300,359.851900
175.859,5,0.239827,1.665500,0.348638,0.000080,-0.987051,-0.010048,0.160089,358.864800,198.427000,359.806600
175.971,5,0.239839,1.666398,0.346970,-0.000787,-0.987392,-0.013734,0.157695,358.431600,198.150100,359.840800
176.082,5,0.240930,1.667406,0.346237,-0.002189,-0.987355,-0.018535,0.157423,357.862900,198.119500,359.913300
176.193,5,0.241773,1.666766,0.346074,-0.003388,-0.986994,-0.015961,0.159924,358.132400,198.406000,0.090691
176.305,5,0.242173,1.666718,0.346260,-0.004025,-0.986674,-0.016137,0.161858,358.100500,198.629500,0.155835
176.415,5,0.242019,1.666197,0.346793,-0.003251,-0.986622,-0.014604,0.162338,358.288200,198.685900,0.095880
176.527,5,0.241467,1.664664,0.348557,0.000050,-0.986286,-0.008834,0.164811,359.002500,198.974700,359.827500
176.637,6,0.241755,1.664076,0.350070,0.002441,-0.986055,-0.007234,0.166246,359.229000,199.142600,359.586300
176.748,6,0.243364,1.663026,0.350653,0.005392,-0.986301,-0.002642,0.164847,359.803200,198.978100,359.340600
176.860,6,0.244771,1.661744,0.349837,0.006975,-0.986444,0.002734,0.163926,0.440104,198.867400,359.262900
176.971,6,0.246094,1.659343,0.348780,0.008378,-0.986400,0.013671,0.163580,1.702613,198.821600,359.308900
177.082,6,0.247246,1.657797,0.347820,0.010718,-0.986621,0.020954,0.161326,2.567988,198.554400,359.174700
177.193,6,0.249259,1.656450,0.346751,0.012214,-0.987222,0.027886,0.156416,3.375581,197.980200,359.116500
177.304,6,0.252183,1.653998,0.343531,0.012157,-0.989158,0.039060,0.141040,4.628922,196.199500,359.250800
177.415,6,0.256468,1.648899,0.337592,0.009516,-0.991629,0.064839,0.111256,7.510627,192.786200,359.743100
177.526,6,0.263015,1.641537,0.326304,0.006282,-0.993856,0.094615,0.057095,10.881830,186.566400,359.901800
177.637,6,0.268164,1.635397,0.315090,-0.001407,-0.993079,0.116963,0.010610,13.431220,181.260900,0.310837
177.748,6,0.276561,1.619800,0.294081,-0.024000,-0.983682,0.165709,-0.065831,19.218370,172.603600,1.541381
177.858,6,0.279253,1.602546,0.270798,-0.036289,-0.968730,0.211932,-0.123817,24.809060,165.680200,1.125332
177.969,6,0.277594,1.582971,0.232968,-0.063228,-0.944202,0.257500,-0.195395,30.728650,156.960200,1.251313
178.080,6,0.272069,1.570856,0.198473,-0.079125,-0.924029,0.272030,-0.256727,32.912350,149.077800,0.447253
178.190,6,0.259340,1.549777,0.149331,-0.109114,-0.892477,0.285977,-0.331355,35.645400,139.381300,0.369612
178.302,6,0.248192,1.530404,0.097176,-0.141459,-0.862043,0.291264,-0.389918,37.768950,131.739000,1.214039
178.413,6,0.241199,1.503550,0.043150,-0.162109,-0.837744,0.290075,-0.433317,38.792720,125.823600,1.486749
178.524,6,0.240172,1.459009,-0.008334,-0.172832,-0.818110,0.291690,-0.464482,39.629650,121.145400,0.879516
178.635,6,0.244154,1.404121,-0.053458,-0.174480,-0.807714,0.290923,-0.482201,39.660260,118.360800,0.096308
178.746,6,0.252443,1.325262,-0.103376,-0.175603,-0.802731,0.293410,-0.488566,39.989440,117.218200,359.642800
178.857,6,0.259589,1.264910,-0.131651,-0.174832,-0.805133,0.291178,-0.486220,39.708970,117.700600,359.878800
178.968,6,0.264721,1.205856,-0.159169,-0.164860,-0.813746,0.289345,-0.476359,38.900690,119.120100,359.458400
179.080,6,0.264229,1.185586,-0.179574,-0.158382,-0.822391,0.286025,-0.465593,38.165300,120.820400,359.574500
179.191,6,0.259367,1.185592,-0.203756,-0.148344,-0.840607,0.276771,-0.441329,36.601680,124.720400,0.364273
179.303,6,0.252822,1.200440,-0.220224,-0.137383,-0.856329,0.263057,-0.422644,34.517280,127.741700,0.899256
179.415,6,0.244123,1.223774,-0.232296,-0.126406,-0.874958,0.249137,-0.395476,32.408330,131.830900,1.638853
179.526,6,0.224253,1.268007,-0.238500,-0.117954,-0.893865,0.227331,-0.367985,29.552300,136.005400,2.870304
179.637,6,0.206177,1.301432,-0.247408,-0.101808,-0.909583,0.201456,-0.348869,25.945540,138.687300,2.845694
179.748,6,0.183895,1.326955,-0.268277,-0.089191,-0.920555,0.190572,-0.329099,24.177770,141.177800,2.436070
179.860,6,0.170774,1.342095,-0.289632,-0.080395,-0.926367,0.180199,-0.320793,22.671190,142.214000,2.070493
179.971,6,0.164119,1.358607,-0.327435,-0.072278,-0.927280,0.161594,-0.329873,20.326590,141.135300,1.676393
180.083,6,0.166240,1.367628,-0.372466,-0.074592,-0.923018,0.152673,-0.345203,19.471520,139.325800,1.962842
180.194,6,0.173014,1.374240,-0.415375,-0.070815,-0.920607,0.146096,-0.355141,18.620130,138.073800,1.609496
180.305,6,0.186267,1.379588,-0.466246,-0.068618,-0.912602,0.140124,-0.377908,17.915660,135.194700,1.164333
180.417,6,0.197093,1.381692,-0.500598,-0.068075,-0.906282,0.135688,-0.394471,17.436610,133.107100,0.981306
180.528,6,0.210567,1.383555,-0.536207,-0.068808,-0.899357,0.133986,-0.410450,17.306710,131.063700,0.826793
180.639,6,0.220254,1.383941,-0.557928,-0.071697,-0.891760,0.135764,-0.425667,17.648420,129.081300,0.739109
180.750,6,0.229693,1.384637,-0.579694,-0.070318,-0.883719,0.137253,-0.441881,17.741930,126.895700,0.179461
180.861,6,0.237025,1.386415,-0.593483,-0.069905,-0.877286,0.137328,-0.454560,17.728250,125.198200,359.868000
180.972,6,0.244080,1.385825,-0.603737,-0.068744,-0.870091,0.139590,-0.467686,17.891380,123.379000,359.341200
181.084,6,0.250295,1.374204,-0.607028,-0.074648,-0.860518,0.152077,-0.480426,19.478650,121.466700,358.927200
181.195,6,0.255539,1.363230,-0.600627,-0.085665,-0.845094,0.164385,-0.501453,21.330970,118.400300,358.765200
181.306,6,0.258605,1.363729,-0.577666,-0.086753,-0.826145,0.166417,-0.531286,21.539970,114.118100,357.936700
181.417,6,0.260564,1.373576,-0.546358,-0.081759,-0.805808,0.155021,-0.565648,20.018800,109.395400,357.339700
181.528,6,0.258930,1.387668,-0.494608,-0.074966,-0.767851,0.144510,-0.619598,18.350050,101.573900,356.136600
181.638,6,0.253730,1.398682,-0.450872,-0.070207,-0.739306,0.133138,-0.656332,16.799170,96.176850,355.749400
181.749,6,0.241684,1.409143,-0.389940,-0.071569,-0.703197,0.123391,-0.696539,15.856970,89.953320,355.753000
181.860,6,0.228311,1.417621,-0.340609,-0.076028,-0.674158,0.112808,-0.725952,15.217570,85.276340,356.359100
181.971,6,0.206990,1.426058,-0.279428,-0.080240,-0.632547,0.104796,-0.763193,14.776830,78.855510,356.534500
182.082,6,0.185267,1.429682,-0.229726,-0.084949,-0.602197,0.102375,-0.787186,14.894600,74.375280,356.507900
182.193,6,0.160534,1.431328,-0.179460,-0.090985,-0.565973,0.102632,-0.812935,15.313730,69.181310,356.202700
182.304,6,0.132624,1.433890,-0.126436,-0.093052,-0.523015,0.101272,-0.841155,15.216990,63.165100,355.659200
182.415,6,0.105997,1.435462,-0.080595,-0.096390,-0.486172,0.099575,-0.862804,15.257230,58.178370,355.356500
182.527,6,0.068972,1.436434,-0.023772,-0.105473,-0.444103,0.096820,-0.884462,15.817220,52.681110,355.374700
182.638,6,0.038812,1.438166,0.017063,-0.114740,-0.415702,0.091702,-0.897562,16.392400,49.105840,355.862300
182.748,6,0.002117,1.441309,0.062037,-0.119529,-0.389028,0.082203,-0.909732,16.345990,45.820480,356.620500
182.860,6,-0.024114,1.443581,0.090864,-0.119922,-0.373232,0.078963,-0.916560,16.187080,43.844330,356.703100
182.971,6,-0.053859,1.445788,0.122717,-0.119992,-0.355541,0.073332,-0.924021,15.896240,41.673200,357.008200
183.082,6,-0.074599,1.447862,0.148966,-0.119429,-0.342153,0.072721,-0.929182,15.765820,39.989840,356.818200
183.193,6,-0.091272,1.446629,0.175516,-0.121702,-0.329804,0.070132,-0.933541,15.871830,38.493860,356.980600
183.305,6,-0.108897,1.442684,0.205210,-0.126388,-0.298514,0.070980,-0.943333,16.309700,34.618960,356.508000
183.416,6,-0.127780,1.440193,0.229435,-0.125717,-0.257150,0.074912,-0.955226,16.182900,29.467480,355.313900
183.527,6,-0.149015,1.437863,0.252289,-0.128000,-0.214614,0.072207,-0.965579,16.151690,24.345680,354.952900
183.639,6,-0.160774,1.436980,0.264380,-0.129947,-0.192550,0.068924,-0.970200,16.182100,21.739400,355.000300
183.749,6,-0.170012,1.435391,0.275603,-0.131279,-0.177995,0.066887,-0.972939,16.216250,20.024220,355.016100
183.860,6,-0.174708,1.433800,0.282667,-0.133962,-0.170208,0.065008,-0.974093,16.446030,19.122090,355.152600
183.972,6,-0.176123,1.433335,0.286675,-0.134538,-0.169466,0.062877,-0.974283,16.467240,19.068490,355.399300
184.083,6,-0.175475,1.434310,0.289445,-0.131659,-0.171561,0.063526,-0.974267,16.161170,19.307110,355.305600
184.194,6,-0.174367,1.433604,0.292377,-0.129788,-0.171909,0.067608,-0.974183,16.028690,19.282780,354.800400
184.306,6,-0.174532,1.432096,0.296606,-0.128795,-0.173191,0.070537,-0.973880,15.979540,19.389760,354.462000
184.417,6,-0.174547,1.432370,0.297715,-0.129018,-0.175908,0.072245,-0.973238,16.054240,19.687960,354.312900
184.527,6,-0.154572,1.435620,0.282361,-0.121166,-0.238065,0.081925,-0.960173,15.764760,27.026680,354.057600
184.639,6,-0.125571,1.435161,0.253615,-0.126946,-0.336366,0.091536,-0.928635,17.298680,39.048520,354.916200
184.749,6,-0.087529,1.431246,0.199538,-0.138192,-0.469794,0.108785,-0.865080,19.956530,56.383020,356.439600
184.860,6,-0.061536,1.428332,0.145714,-0.141974,-0.561690,0.120515,-0.806117,21.363210,69.332280,357.858000
184.970,6,-0.043339,1.424121,0.099254,-0.146335,-0.607204,0.137354,-0.768780,23.066760,76.179730,357.914600
185.081,6,-0.029561,1.418904,0.058270,-0.148714,-0.636862,0.152745,-0.740919,24.514570,80.856490,357.674300
185.192,6,-0.018461,1.412671,0.021267,-0.149723,-0.655183,0.162609,-0.722411,25.429530,83.857330,357.540900
185.304,6,-0.007741,1.405694,-0.012342,-0.152215,-0.668312,0.171559,-0.707642,26.406520,86.134560,357.481900
185.415,6,0.000484,1.399657,-0.041379,-0.153824,-0.679163,0.180892,-0.694518,27.346880,88.054600,357.268900
185.526,6,0.010234,1.395044,-0.079657,-0.151394,-0.693923,0.191797,-0.677322,28.116740,90.578000,356.769300
185.637,6,0.016424,1.393330,-0.113743,-0.151222,-0.715510,0.197712,-0.652754,28.708350,94.554450,357.274100
185.748,6,0.023267,1.393541,-0.163246,-0.146149,-0.750566,0.202263,-0.611867,28.846930,101.152300,358.159800
185.859,6,0.027907,1.393735,-0.205594,-0.140573,-0.779315,0.207170,-0.574446,28.973460,106.890800,358.761100
185.970,6,0.032744,1.391542,-0.260736,-0.132064,-0.806915,0.213796,-0.534546,29.092370,112.691800,358.987700
186.081,6,0.035399,1.389057,-0.308026,-0.124853,-0.824894,0.221658,-0.504806,29.455180,116.761700,358.828200
186.192,6,0.037016,1.388669,-0.353350,-0.114241,-0.840479,0.227366,-0.478381,29.438840,120.264100,358.322100
186.303,6,0.039616,1.387380,-0.394064,-0.105165,-0.852932,0.232459,-0.455423,29.494050,123.239600,357.870900
186.415,6,0.042280,1.385457,-0.423520,-0.101476,-0.859226,0.240160,-0.440179,30.134920,125.087100,357.545000
186.526,6,0.048135,1.384090,-0.453769,-0.096330,-0.863727,0.242298,-0.431264,30.108890,126.174500,357.178500
186.637,6,0.056400,1.379292,-0.472369,-0.101335,-0.861567,0.248243,-0.431056,31.005360,126.110000,357.365400
186.748,6,0.077624,1.360953,-0.485182,-0.120726,-0.841222,0.261993,-0.457308,33.449740,122.187200,357.492200
186.859,6,0.101249,1.331928,-0.487369,-0.137422,-0.816505,0.267703,-0.492717,34.930450,116.915900,357.246000
186.970,6,0.129194,1.260708,-0.486994,-0.148255,-0.795917,0.272184,-0.520050,35.977820,112.595300,356.663300
187.081,6,0.149662,1.193995,-0.484501,-0.154063,-0.783465,0.268838,-0.538678,35.960800,109.869500,356.584100
187.192,6,0.167115,1.134753,-0.478709,-0.159283,-0.773622,0.264851,-0.553165,35.874270,107.801400,356.705800
187.304,6,0.189353,1.086185,-0.473678,-0.161254,-0.764423,0.266594,-0.564431,36.129620,105.857000,356.136900
187.415,6,0.210208,1.057009,-0.471215,-0.158844,-0.756428,0.266985,-0.575590,35.928030,103.922200,355.251000
187.526,6,0.234241,1.031353,-0.469590,-0.158889,-0.755089,0.264888,-0.578299,35.718120,103.592500,355.307600
187.637,6,0.247611,1.021948,-0.466286,-0.166809,-0.751837,0.269007,-0.578404,36.688500,103.424300,355.683000
187.748,6,0.255374,1.020994,-0.462230,-0.172510,-0.749683,0.267571,-0.580192,36.967670,103.282500,356.280600
187.860,6,0.255752,1.024230,-0.460885,-0.169525,-0.752476,0.265533,-0.578389,36.563770,103.677300,356.285500
187.971,6,0.253596,1.030971,-0.462365,-0.164002,-0.761706,0.258201,-0.571174,35.499360,105.253300,356.823400
188.082,6,0.251110,1.040387,-0.461255,-0.156124,-0.762572,0.255278,-0.573535,34.640130,104.916500,356.187100
188.193,6,0.249295,1.057777,-0.456532,-0.130321,-0.764393,0.240749,-0.583746,31.345880,103.720000,354.501100
188.304,6,0.250629,1.078877,-0.448358,-0.100959,-0.767718,0.215337,-0.595018,26.793820,102.892600,353.487500
188.415,6,0.254896,1.087926,-0.438386,-0.098122,-0.771274,0.202857,-0.595279,25.450860,103.382200,354.269800
188.527,6,0.265593,1.093839,-0.425086,-0.099646,-0.781803,0.188767,-0.585851,24.325100,105.420200,355.886000
188.638,6,0.275345,1.093213,-0.413043,-0.105104,-0.781543,0.191156,-0.584469,24.938970,105.591300,356.259000
188.749,6,0.284732,1.092866,-0.397795,-0.106698,-0.780385,0.192107,-0.585415,25.135470,105.423600,356.301700
188.860,6,0.288940,1.094795,-0.380179,-0.110027,-0.773508,0.196670,-0.592369,25.760070,104.194200,356.002200
188.971,6,0.287851,1.101247,-0.357009,-0.114924,-0.760936,0.197458,-0.607273,26.109290,101.854200,355.853900
189.082,6,0.279615,1.111498,-0.334654,-0.115149,-0.742711,0.194751,-0.630233,25.749000,98.282950,355.259800
189.193,6,0.260935,1.121824,-0.319913,-0.120029,-0.725597,0.198349,-0.647889,26.319290,95.235820,354.697800
189.304,6,0.230977,1.131572,-0.311382,-0.126489,-0.717456,0.193662,-0.657079,26.366750,93.934960,355.326500
189.415,6,0.202156,1.138453,-0.305871,-0.132973,-0.708806,0.182609,-0.668257,25.886390,92.559380,356.459600
189.526,6,0.169121,1.148011,-0.303775,-0.131398,-0.695334,0.178854,-0.683562,25.363790,90.095710,356.079300
189.637,6,0.147023,1.153819,-0.302732,-0.129504,-0.687752,0.172458,-0.693170,24.629750,88.710790,356.155200
189.748,6,0.126105,1.157518,-0.300077,-0.128718,-0.679788,0.169084,-0.701948,24.241830,87.319620,356.077500
189.859,6,0.113121,1.165166,-0.291847,-0.134122,-0.665195,0.177513,-0.712753,25.299750,84.983530,355.266200
189.970,6,0.095091,1.191275,-0.273587,-0.135359,-0.644879,0.176613,-0.731175,25.196910,81.636140,354.693100
190.081,6,0.073120,1.217453,-0.249309,-0.131933,-0.608214,0.170849,-0.763859,24.165990,75.700940,353.674400
190.192,6,0.040236,1.247759,-0.220767,-0.127035,-0.553246,0.175136,-0.804430,23.463690,67.194030,351.145000
190.303,6,0.004101,1.283891,-0.201532,-0.126799,-0.542625,0.173190,-0.812087,23.197280,65.651050,351.006700
190.415,6,-0.023163,1.309009,-0.193138,-0.113454,-0.546527,0.169446,-0.812235,21.685760,66.072620,350.632400
190.526,6,-0.045636,1.318625,-0.187885,-0.115151,-0.540528,0.169061,-0.816081,21.759380,65.228970,350.615000
190.637,6,-0.049762,1.318888,-0.184277,-0.114551,-0.542085,0.171875,-0.814544,21.898010,65.413640,350.332900
190.748,6,-0.041811,1.314276,-0.177560,-0.122805,-0.541829,0.177726,-0.812253,23.084660,65.418240,350.259500
190.859,6,-0.027409,1.309039,-0.172873,-0.125661,-0.545617,0.179253,-0.808937,23.510080,65.996670,350.402700
190.969,6,-0.006943,1.297868,-0.173841,-0.141911,-0.555062,0.188360,-0.797677,25.817220,67.565570,350.862000
191.081,6,0.010537,1.295664,-0.186997,-0.152819,-0.579568,0.185927,-0.778575,26.966970,71.588680,352.756500
191.191,6,0.024866,1.294353,-0.206542,-0.158471,-0.597145,0.187476,-0.763647,27.770630,74.489820,353.701600
191.303,6,0.033259,1.294231,-0.229286,-0.161350,-0.606742,0.188139,-0.755271,28.166130,76.108050,354.245300
191.414,6,0.034045,1.298322,-0.242510,-0.156956,-0.591917,0.192092,-0.766877,27.913430,73.565810,352.926700
191.526,6,0.028782,1.308297,-0.243941,-0.143345,-0.544545,0.199107,-0.802047,26.537590,65.862270,349.484600
191.637,6,0.025937,1.315871,-0.236891,-0.138794,-0.523110,0.201505,-0.816387,25.940530,62.574870,348.205900
191.748,6,0.027101,1.319684,-0.219788,-0.140778,-0.516621,0.199550,-0.820649,25.928050,61.685490,348.320300
191.858,6,0.029545,1.318960,-0.202208,-0.145362,-0.504873,0.196241,-0.827927,26.030590,60.098130,348.563600
191.969,6,0.033549,1.317914,-0.180701,-0.148766,-0.487872,0.191311,-0.838600,25.860430,57.785960,348.739900
192.081,6,0.035147,1.317134,-0.165408,-0.153301,-0.473297,0.190128,-0.846369,26.070220,55.793670,348.653700
192.192,6,0.035398,1.318838,-0.153992,-0.155849,-0.460158,0.190129,-0.853122,26.160950,53.971580,348.367600
192.303,6,0.036391,1.319928,-0.145416,-0.156412,-0.451670,0.186121,-0.858422,25.891280,52.868160,348.572000
192.414,6,0.038422,1.317978,-0.140857,-0.160383,-0.448512,0.185555,-0.859467,26.240140,52.483820,348.743300
192.525,6,0.042813,1.316041,-0.141747,-0.163078,-0.461070,0.184337,-0.852549,26.618560,54.304090,349.434000
192.636,6,0.047318,1.316469,-0.147802,-0.162668,-0.479219,0.182596,-0.842939,26.695340,56.908890,350.209000
192.747,6,0.054337,1.316585,-0.162519,-0.166973,-0.512433,0.182710,-0.822283,27.506650,61.804980,351.614100
192.858,6,0.059153,1.317456,-0.179604,-0.170414,-0.542042,0.183021,-0.802280,28.154400,66.306370,352.903400
192.969,6,0.064369,1.318046,-0.205692,-0.169569,-0.570423,0.186028,-0.781830,28.514270,70.609750,353.633900
193.080,6,0.067503,1.316490,-0.230079,-0.168903,-0.590239,0.193098,-0.765378,29.110610,73.633910,353.678400
193.191,6,0.069363,1.314889,-0.251220,-0.168211,-0.604142,0.196142,-0.753821,29.379890,75.821830,353.908700
193.303,6,0.071645,1.311925,-0.267328,-0.165902,-0.615135,0.199815,-0.744419,29.526590,77.510720,353.838700
193.414,6,0.074809,1.308112,-0.275269,-0.165981,-0.620590,0.201146,-0.739499,29.679260,78.404150,353.955700
193.525,6,0.079386,1.303161,-0.279053,-0.168572,-0.621399,0.203208,-0.737667,30.082520,78.609500,354.010000
193.637,6,0.082598,1.300963,-0.279411,-0.169303,-0.620664,0.203419,-0.738061,30.160390,78.510270,354.017800
193.747,6,0.084774,1.300448,-0.278614,-0.170216,-0.619183,0.202654,-0.739304,30.174970,78.301990,354.100500
193.859,6,0.084860,1.300604,-0.278644,-0.169846,-0.619281,0.202322,-0.739398,30.116180,78.308510,354.105900
193.970,6,0.084489,1.300612,-0.278454,-0.169244,-0.619414,0.202850,-0.739280,30.101490,78.305050,354.011400
194.081,6,0.084045,1.299807,-0.277773,-0.171316,-0.619759,0.201652,-0.738841,30.205460,78.445850,354.313700
194.192,6,0.085862,1.298002,-0.277145,-0.172526,-0.618967,0.201352,-0.739305,30.288760,78.359410,354.407800
194.303,6,0.092036,1.289986,-0.278847,-0.179750,-0.620027,0.202477,-0.736383,31.051690,78.792270,354.957400
194.414,6,0.102098,1.271597,-0.282666,-0.189518,-0.623217,0.205021,-0.730514,32.170200,79.698820,355.710000
194.525,6,0.121685,1.236594,-0.288088,-0.193095,-0.621905,0.208143,-0.729812,32.733730,79.596890,355.661400
194.637,6,0.139623,1.207789,-0.291162,-0.198742,-0.618053,0.210607,-0.730861,33.424470,79.155630,355.727200
194.747,6,0.159889,1.170986,-0.292163,-0.207558,-0.611443,0.218296,-0.731713,34.798840,78.328910,355.415100
194.859,6,0.173284,1.151532,-0.290213,-0.208775,-0.605970,0.216478,-0.736445,34.740570,77.459270,355.405400
194.969,6,0.186875,1.133170,-0.286431,-0.211060,-0.600912,0.214237,-0.740582,34.756490,76.720540,355.555800
195.081,6,0.196223,1.120420,-0.283889,-0.212848,-0.596810,0.216847,-0.742625,35.097150,76.065510,355.231700
195.192,6,0.202846,1.113154,-0.282194,-0.212608,-0.595265,0.218068,-0.743576,35.155410,75.774410,355.005200
195.303,6,0.207075,1.110225,-0.280684,-0.212417,-0.592726,0.219701,-0.745176,35.241250,75.310190,354.687300
195.414,6,0.207011,1.113039,-0.280399,-0.210611,-0.593057,0.221089,-0.745014,35.173400,75.268930,354.410200
195.525,6,0.198257,1.128219,-0.281269,-0.208699,-0.595198,0.218571,-0.744588,34.818200,75.585390,354.614300
195.636,6,0.181787,1.145617,-0.285045,-0.202541,-0.598755,0.212982,-0.745056,33.838680,76.000270,354.831700
195.747,6,0.149832,1.170441,-0.290699,-0.196887,-0.605580,0.208970,-0.742186,33.048530,76.967640,355.091100
195.859,6,0.120745,1.193283,-0.293830,-0.195267,-0.609465,0.208688,-0.739509,32.900380,77.561420,355.174000
195.970,6,0.083426,1.223752,-0.298144,-0.198352,-0.612009,0.208482,-0.736639,33.189720,78.125330,355.588900
196.081,6,0.054990,1.248299,-0.301900,-0.191818,-0.616336,0.203987,-0.736020,32.263440,78.632290,355.671100
196.192,6,0.031823,1.263171,-0.303515,-0.185696,-0.616301,0.201788,-0.738222,31.526540,78.401300,355.354300
196.303,6,0.014979,1.272151,-0.303557,-0.181906,-0.614692,0.200402,-0.740880,31.058480,77.998560,355.090400
196.414,6,0.004157,1.278659,-0.302559,-0.179837,-0.614181,0.199108,-0.742157,30.764500,77.848180,355.017200
196.525,6,-0.004908,1.285749,-0.300437,-0.176233,-0.613047,0.196842,-0.744559,30.250300,77.550090,354.883200
196.636,6,-0.008834,1.289641,-0.298339,-0.174693,-0.612173,0.195021,-0.746119,29.963990,77.368290,354.892000
196.747,6,-0.010444,1.292379,-0.296322,-0.174545,-0.609688,0.195039,-0.748180,29.934410,76.953430,354.768800
196.858,6,-0.010380,1.294103,-0.295296,-0.173752,-0.609324,0.193208,-0.749137,29.721230,76.884100,354.864600
196.969,6,-0.009221,1.295566,-0.295294,-0.173320,-0.609176,0.191965,-0.749676,29.587300,76.857280,354.942700
197.080,6,-0.007060,1.295318,-0.295853,-0.172918,-0.608282,0.192370,-0.750391,29.573730,76.692830,354.832100
197.191,6,-0.000911,1.291782,-0.297584,-0.172804,-0.608945,0.191447,-0.750115,29.498900,76.806730,354.940500
197.302,6,0.010143,1.283460,-0.301994,-0.176418,-0.611550,0.194449,-0.746373,30.078000,77.332280,355.062000
197.414,6,0.025410,1.272023,-0.306104,-0.180711,-0.612274,0.194083,-0.744846,30.455440,77.612140,355.486500
197.525,6,0.044676,1.255979,-0.306146,-0.182711,-0.604186,0.196485,-0.750313,30.770980,76.323580,355.054800
197.636,6,0.063620,1.241112,-0.303248,-0.183921,-0.596711,0.199005,-0.755319,31.019780,75.109820,354.567800
197.747,6,0.084634,1.227449,-0.297410,-0.187876,-0.589588,0.199318,-0.759843,31.368680,74.081800,354.532000
197.858,6,0.095960,1.221707,-0.293671,-0.190453,-0.587559,0.199413,-0.760748,31.608190,73.841910,354.636900
197.969,6,0.104428,1.217484,-0.290525,-0.194613,-0.584175,0.201383,-0.761781,32.126540,73.415020,354.617300
198.080,6,0.106226,1.216816,-0.289954,-0.195869,-0.584594,0.201935,-0.760991,32.290330,73.522830,354.683100
198.191,6,0.103254,1.219622,-0.290254,-0.195467,-0.585005,0.200949,-0.761040,32.183270,73.588350,354.769000
198.303,6,0.098502,1.223512,-0.290903,-0.191663,-0.585465,0.200563,-0.761755,31.792590,73.528780,354.522300
198.414,6,0.091625,1.228634,-0.292136,-0.190325,-0.586086,0.200841,-0.761540,31.688430,73.578160,354.415700
198.525,6,0.078113,1.240858,-0.294518,-0.187260,-0.589408,0.195304,-0.761176,31.017730,74.080600,354.873600
198.637,6,0.064791,1.251599,-0.296323,-0.182800,-0.590043,0.192868,-0.762388,30.419680,74.057060,354.786300
198.748,7,0.044513,1.267119,-0.298253,-0.177028,-0.591175,0.188696,-0.763916,29.575650,74.094270,354.789200
198.859,7,0.026274,1.285536,-0.298591,-0.171676,-0.591438,0.186038,-0.765584,28.876610,73.993710,354.641000
198.970,7,-0.000201,1.319126,-0.298516,-0.165522,-0.592965,0.180637,-0.767050,27.914200,74.106320,354.752500
199.082,7,-0.024639,1.352693,-0.299113,-0.162535,-0.596303,0.176611,-0.766038,27.364060,74.588770,355.043000
199.193,7,-0.045464,1.380028,-0.299507,-0.154252,-0.599342,0.164543,-0.768063,25.733480,74.944630,355.679900
199.304,7,-0.058113,1.393300,-0.297492,-0.145012,-0.597793,0.154784,-0.773083,24.159020,74.539180,355.855200
199.415,7,-0.062264,1.394787,-0.294205,-0.148342,-0.592669,0.155553,-0.776236,24.499180,73.825950,355.862400
199.526,7,-0.061649,1.392889,-0.288954,-0.152645,-0.583636,0.156349,-0.782064,24.914050,72.538810,355.803300
199.637,7,-0.059120,1.395378,-0.284186,-0.154608,-0.572775,0.156406,-0.789660,25.046030,70.926580,355.574600
199.748,7,-0.056616,1.416650,-0.276362,-0.146083,-0.550511,0.146147,-0.808851,23.405090,67.499990,355.275800
199.859,7,-0.056763,1.449815,-0.270652,-0.131155,-0.521910,0.129426,-0.832861,20.705510,63.264410,355.174700
199.970,7,-0.063267,1.503559,-0.267483,-0.107127,-0.468054,0.106178,-0.870733,16.615760,55.779400,354.933600
200.082,7,-0.077307,1.549772,-0.263603,-0.097220,-0.415741,0.094099,-0.899363,14.661840,48.943480,354.755900
200.193,7,-0.099895,1.576207,-0.250504,-0.139629,-0.334401,0.095229,-0.927152,18.820510,38.829970,354.957300
200.304,7,-0.121356,1.589051,-0.226174,-0.192722,-0.239694,0.084926,-0.947730,23.954390,27.473050,355.695900
200.415,7,-0.134539,1.589554,-0.199096,-0.229268,-0.165378,0.067928,-0.956803,27.464330,18.757390,356.500800
200.525,7,-0.139713,1.580276,-0.158050,-0.276203,-0.098701,0.053301,-0.954531,32.534680,10.869780,356.788400
200.636,7,-0.136130,1.570214,-0.120798,-0.313307,-0.068199,0.040933,-0.946315,36.766660,7.418113,357.514800
200.747,7,-0.126781,1.567448,-0.066196,-0.329642,-0.032426,0.027072,-0.943161,38.577030,3.176437,357.823700
200.859,7,-0.119420,1.575309,-0.031231,-0.321254,0.003636,0.012191,-0.946908,37.467170,358.937400,358.164400
200.970,7,-0.109378,1.590599,-0.001614,-0.272269,0.053125,0.005245,-0.960739,31.506870,352.930100,357.377700
201.081,7,-0.097618,1.614195,0.018067,-0.197276,0.114035,0.001804,-0.973691,22.566830,346.039500,356.989000
201.193,7,-0.077677,1.635355,0.030720,-0.113306,0.168098,0.003039,-0.979232,12.761020,340.229200,357.411600
201.305,7,-0.049612,1.650028,0.038345,-0.046366,0.221188,0.000361,-0.974128,5.173550,334.359300,358.779400
201.417,7,-0.029153,1.657505,0.040182,-0.023217,0.326795,-0.007703,-0.944779,2.803119,321.838600,359.964500
201.527,7,-0.010264,1.656734,0.032329,-0.046891,0.506141,-0.027740,-0.860729,6.246273,299.086700,0.016491
201.638,7,0.003074,1.644504,0.020128,-0.088875,0.612794,-0.056075,-0.783224,12.001790,283.791000,358.764800
201.749,7,0.016712,1.625948,0.002300,-0.135428,0.695672,-0.107129,-0.697297,19.750180,269.720000,357.623600
201.861,7,0.023257,1.602366,-0.011965,-0.193001,0.727210,-0.169122,-0.636643,29.453660,261.269700,355.695000
201.971,7,0.025294,1.580191,-0.015407,-0.234484,0.729660,-0.207227,-0.608006,35.982990,257.526700,353.600300
202.082,7,0.025008,1.562886,-0.007147,-0.276203,0.707786,-0.224322,-0.610271,40.893980,258.206600,351.081500
202.192,7,0.026745,1.566545,0.021172,-0.283381,0.644560,-0.193507,-0.683223,39.544570,270.629800,352.481800
202.304,7,0.040293,1.590927,0.071440,-0.227686,0.489967,-0.138279,-0.830043,30.896060,299.012900,0.429889
202.415,7,0.067876,1.619523,0.117570,-0.148947,0.262703,-0.093940,-0.948671,19.387770,330.083600,6.084181
202.527,7,0.111484,1.643508,0.150434,-0.049049,-0.099109,-0.037583,-0.993156,5.162303,11.616740,4.859794
202.639,7,0.126185,1.646538,0.152204,-0.022777,-0.339777,-0.005700,-0.940213,2.232660,39.767200,1.502275
202.750,7,0.110314,1.649241,0.143391,-0.005182,-0.564209,0.034312,-0.824902,2.709230,68.673080,357.087100
202.862,7,0.082424,1.649057,0.139248,-0.023174,-0.676588,0.062160,-0.733368,6.782680,85.183110,356.546700
202.972,7,0.059370,1.645443,0.139153,-0.041513,-0.736712,0.094926,-0.668222,11.264930,95.202910,356.159000
203.083,7,0.045131,1.641907,0.133710,-0.047317,-0.794834,0.110588,-0.594787,13.419880,105.993100,356.679800
203.194,7,0.040667,1.639014,0.120508,-0.047620,-0.850924,0.116418,-0.510008,14.282200,117.847200,357.770100
203.305,7,0.043652,1.635066,0.101547,-0.046978,-0.889254,0.127953,-0.436633,15.580290,127.467600,358.323200
203.416,7,0.050211,1.634741,0.080977,-0.033138,-0.915061,0.132179,-0.379598,15.489510,134.618200,357.638800
203.527,7,0.067567,1.632506,0.051763,-0.017547,-0.939567,0.139231,-0.312284,15.818590,142.782400,356.783400
203.638,7,0.089262,1.628052,0.027615,-0.008688,-0.950763,0.148860,-0.271690,16.725240,147.537600,356.146200
203.749,7,0.123174,1.624849,-0.005084,-0.000333,-0.960891,0.153080,-0.230771,17.117900,152.358200,355.798800
203.860,7,0.147156,1.623279,-0.034672,0.009681,-0.971967,0.156403,-0.175282,17.496290,158.872700,355.571100
203.972,7,0.166112,1.623895,-0.059374,0.020607,-0.983371,0.159559,-0.084243,18.079730,169.559900,355.933500
204.083,7,0.187230,1.621966,-0.071168,0.033796,-0.988537,0.143561,0.032306,16.619470,183.240600,356.557300
204.193,7,0.215196,1.613370,-0.064242,0.039827,-0.975797,0.129128,0.171932,15.408570,199.717500,358.019200
204.305,7,0.256424,1.604450,-0.039817,0.048971,-0.942089,0.112394,0.312149,14.024830,216.503300,358.694600
204.416,7,0.305282,1.604208,-0.009109,0.060667,-0.900572,0.109157,0.416383,14.307730,229.490900,358.913800
204.526,7,0.376119,1.623552,0.033549,0.066003,-0.854833,0.097418,0.505386,13.489470,241.083800,359.153000
204.637,7,0.427042,1.635123,0.070794,0.060495,-0.829300,0.068979,0.551220,10.433900,247.093200,358.584700
204.748,7,0.481224,1.646643,0.122686,0.052283,-0.795808,0.041590,0.601853,7.419254,254.074700,358.084200
204.859,7,0.515001,1.660085,0.160440,0.026774,-0.779166,-0.002604,0.626240,1.689057,257.541900,357.420600
204.971,7,0.549516,1.669798,0.202507,0.000705,-0.770524,-0.033531,0.636528,357.089600,259.184000,357.487900
205.082,7,0.571805,1.676782,0.232824,-0.021419,-0.769999,-0.056774,0.635153,353.417100,259.166600,357.742200
205.194,7,0.579512,1.676443,0.255185,-0.030427,-0.772294,-0.054323,0.632206,352.970600,258.685000,358.747800
205.305,7,0.576198,1.665361,0.278743,-0.006178,-0.782944,-0.016801,0.621834,358.052100,256.925900,359.356700
205.416,7,0.567510,1.651694,0.288667,0.038623,-0.784097,0.045025,0.617797,6.795699,256.452900,359.715200
205.526,7,0.539650,1.638688,0.285598,0.062947,-0.789856,0.084338,0.604196,12.080970,254.843400,0.144993
205.637,7,0.503633,1.633271,0.274843,0.062617,-0.790911,0.081686,0.603214,11.815200,254.661200,359.970700
205.748,7,0.443946,1.632347,0.253596,0.027405,-0.788242,0.045426,0.613074,6.039584,255.787700,0.719958
205.859,7,0.391523,1.638448,0.230047,-0.010845,-0.780585,0.002429,0.624951,359.440600,257.357200,1.144179
205.971,7,0.321916,1.663516,0.191510,-0.055630,-0.768596,-0.059643,0.634514,350.660800,259.036100,0.570492
206.083,7,0.265012,1.673473,0.161067,-0.064188,-0.759158,-0.079194,0.642874,348.300900,260.543700,359.744500
206.195,7,0.216579,1.682002,0.141452,-0.074198,-0.754869,-0.089681,0.645465,346.633500,261.091400,359.779000
206.307,7,0.156091,1.687609,0.124860,-0.088387,-0.750394,-0.114756,0.644925,343.367600,261.489000,359.081000
206.418,7,0.106769,1.688959,0.117154,-0.097730,-0.749230,-0.128315,0.642370,341.468000,261.399300,358.887600
206.529,7,0.038830,1.686752,0.115508,-0.118028,-0.747627,-0.152349,0.635542,337.801100,260.942700,358.937700
206.641,7,-0.028290,1.686643,0.121142,-0.136014,-0.745031,-0.177543,0.628417,334.183100,260.592500,358.696900
206.752,7,-0.099131,1.693971,0.129270,-0.154241,-0.746078,-0.199458,0.616275,330.808300,259.382900,358.970100
206.865,7,-0.165542,1.705855,0.136257,-0.168647,-0.751798,-0.217241,0.599303,328.076800,257.252300,359.540300
206.975,7,-0.214508,1.712755,0.137979,-0.181316,-0.755176,-0.229760,0.586553,325.963400,255.582400,0.298571
207.086,7,-0.270048,1.722399,0.132961,-0.198450,-0.754286,-0.242396,0.576988,323.510300,254.366200,1.401032
207.197,7,-0.311933,1.724467,0.123565,-0.210577,-0.753463,-0.250868,0.570103,321.819600,253.436100,2.280736
207.308,7,-0.367514,1.722881,0.104409,-0.216063,-0.749000,-0.259568,0.570035,320.568100,253.809100,2.057971
207.419,7,-0.407822,1.720819,0.082923,-0.222595,-0.741708,-0.265498,0.574310,319.494500,254.799700,1.902677
207.530,7,-0.452104,1.728759,0.053234,-0.238031,-0.731252,-0.281871,0.573726,316.735500,255.463500,1.942859
207.642,7,-0.487553,1.737141,0.029036,-0.250170,-0.718920,-0.294368,0.577855,314.571300,256.916800,1.592227
207.752,7,-0.517427,1.743022,0.008053,-0.260154,-0.705352,-0.305745,0.584225,312.668100,258.906900,0.824539
207.863,7,-0.540154,1.745609,-0.008545,-0.270267,-0.692132,-0.318975,0.588357,310.573500,260.782900,359.892400
207.975,7,-0.555017,1.745548,-0.019111,-0.277266,-0.683889,-0.324413,0.591757,309.477600,261.938400,359.575600
208.085,7,-0.569530,1.743517,-0.027803,-0.280142,-0.676201,-0.327449,0.597536,308.955700,263.474100,358.864300
208.195,7,-0.576609,1.744806,-0.030791,-0.285886,-0.669118,-0.331971,0.600288,308.049000,264.516300,358.514900
208.306,7,-0.581729,1.747497,-0.031102,-0.290412,-0.665670,-0.337897,0.598641,307.102200,264.777400,358.297600
208.418,7,-0.583826,1.752036,-0.029882,-0.290064,-0.663226,-0.342397,0.598965,306.712100,265.393400,357.563700
208.528,7,-0.585083,1.763767,-0.030108,-0.290556,-0.660574,-0.343792,0.600854,306.547400,265.997700,357.182600
208.640,7,-0.584123,1.779648,-0.030753,-0.292458,-0.662673,-0.345130,0.596840,306.242900,265.213200,357.637900
208.750,7,-0.581014,1.789983,-0.029541,-0.291612,-0.663977,-0.347003,0.594716,306.132500,264.959800,357.522400
208.862,7,-0.577223,1.792486,-0.026801,-0.291252,-0.664546,-0.348094,0.593618,306.056900,264.843800,357.451800
208.973,7,-0.570148,1.783396,-0.023385,-0.284587,-0.671332,-0.336555,0.595865,307.718100,264.056200,358.222300
209.084,7,-0.547587,1.783135,-0.014848,-0.285157,-0.673531,-0.335360,0.593781,307.777900,263.446500,358.677800
209.195,7,-0.515748,1.791835,-0.003295,-0.288657,-0.675337,-0.341654,0.586404,306.869700,262.452800,358.967300
209.306,7,-0.468098,1.803008,0.014845,-0.286483,-0.682021,-0.350283,0.574524,306.197900,260.797400,358.863200
209.418,7,-0.433912,1.802652,0.029119,-0.283189,-0.688711,-0.350550,0.567976,306.433800,259.420700,359.214900
209.528,7,-0.395243,1.779977,0.047292,-0.269536,-0.704274,-0.339099,0.562460,308.662200,257.303900,359.834500
209.640,7,-0.368387,1.755161,0.060439,-0.256031,-0.714718,-0.325461,0.563650,311.075100,256.557200,359.920300
209.750,7,-0.337126,1.739684,0.067953,-0.232428,-0.722144,-0.301239,0.577703,315.281600,257.728400,359.003300
209.862,7,-0.311529,1.741938,0.061419,-0.214326,-0.721921,-0.279140,0.595799,318.820300,259.728300,358.235900
209.973,7,-0.287230,1.739643,0.049851,-0.193460,-0.725092,-0.252728,0.610691,322.929900,260.887200,357.980000
210.084,7,-0.264041,1.737431,0.034983,-0.178052,-0.713979,-0.253476,0.627918,324.157600,264.127600,355.466500
210.196,7,-0.247912,1.740058,0.017081,-0.182988,-0.697902,-0.256939,0.642986,323.562000,267.071400,354.650700
210.307,7,-0.237389,1.732876,-0.005351,-0.189431,-0.691148,-0.253056,0.649918,323.414100,268.063200,355.207800
210.418,7,-0.237555,1.732929,-0.016060,-0.197165,-0.683550,-0.261203,0.652425,322.094500,269.112000,354.816300
210.529,7,-0.255022,1.731038,-0.020506,-0.201929,-0.683423,-0.259683,0.651708,321.819300,268.856700,355.441900
210.640,7,-0.285680,1.727239,-0.015232,-0.203592,-0.701411,-0.262792,0.630487,321.290300,265.085100,356.637400
210.751,7,-0.329270,1.720753,-0.005326,-0.192782,-0.753700,-0.272428,0.566176,321.027000,254.293900,358.681800
210.862,7,-0.387093,1.712311,0.018590,-0.162328,-0.809122,-0.298415,0.479499,320.314000,241.934700,358.250600
210.973,7,-0.459483,1.707179,0.058823,-0.139597,-0.847122,-0.328173,0.393954,318.241200,230.527900,358.305500
211.085,7,-0.533104,1.725792,0.098785,-0.129019,-0.873805,-0.359859,0.300534,315.053900,217.652800,0.742693
211.196,7,-0.588960,1.742963,0.123015,-0.111932,-0.887912,-0.383242,0.228494,312.969100,207.997800,1.987138
211.307,7,-0.640737,1.757466,0.136518,-0.093636,-0.894977,-0.410865,0.146421,310.284000,196.639200,4.193942
211.418,7,-0.666405,1.769129,0.133500,-0.077057,-0.896182,-0.425183,0.100697,308.958600,190.535000,4.788234
211.529,7,-0.680389,1.794605,0.115395,-0.068400,-0.892974,-0.438909,0.072650,307.457200,186.581500,5.508994
211.640,7,-0.684591,1.818490,0.093574,-0.065619,-0.893103,-0.442342,0.048944,307.199400,182.784600,7.021744
211.751,7,-0.688896,1.830626,0.074954,-0.057215,-0.897114,-0.437049,0.030020,308.038100,180.358100,7.123962
211.862,7,-0.693423,1.836427,0.062880,-0.050630,-0.898987,-0.434897,0.011129,308.458300,177.786000,7.515831
211.974,7,-0.697806,1.837330,0.053168,-0.045614,-0.898794,-0.435915,0.008209,308.340000,177.689200,6.929269
212.085,7,-0.693655,1.823892,0.032421,-0.035559,-0.905076,-0.423735,0.004719,309.882500,178.070200,5.402160
212.196,7,-0.670752,1.810845,0.007518,-0.031737,-0.910123,-0.413121,0.000261,311.236200,177.761400,5.009064
212.307,7,-0.619745,1.786025,-0.033797,-0.031282,-0.916720,-0.396686,-0.035855,313.526400,172.444300,7.156707
212.418,7,-0.576925,1.764854,-0.070733,-0.011666,-0.930335,-0.358917,-0.074287,318.233700,168.664900,5.773546
212.529,7,-0.523780,1.748980,-0.115205,0.002933,-0.951564,-0.274274,-0.138892,328.480200,162.049800,4.751082
212.641,7,-0.485202,1.732219,-0.132362,0.005463,-0.962535,-0.183887,-0.199205,339.134800,155.905200,3.850262
212.751,7,-0.460017,1.722162,-0.122791,0.003745,-0.961859,-0.124611,-0.243488,346.022600,151.201400,3.159207
212.862,7,-0.451469,1.711935,-0.093418,0.005172,-0.957953,-0.092602,-0.271521,349.617100,148.136700,2.352630
212.971,7,-0.453644,1.704544,-0.056494,0.002599,-0.952542,-0.073194,-0.295465,351.895700,145.376600,2.217199
213.082,7,-0.456564,1.700931,-0.021908,0.014097,-0.953728,-0.069179,-0.292263,351.940800,145.870100,0.784008
213.193,7,-0.453425,1.696020,0.012341,0.009719,-0.963618,-0.050747,-0.262243,354.093900,149.528500,0.454172
213.304,7,-0.441615,1.693496,0.050184,0.009986,-0.975636,-0.036521,-0.216105,355.665500,155.029100,359.787400
213.415,7,-0.425276,1.691226,0.089154,0.007702,-0.985957,-0.029520,-0.164192,356.517700,161.100100,359.684700
213.526,7,-0.397597,1.684848,0.145278,0.013269,-0.996233,-0.038065,-0.076779,355.533300,171.232100,358.816400
213.637,7,-0.370027,1.680764,0.192012,0.018075,-0.998712,-0.047351,-0.002561,354.567600,179.804100,357.935600
213.748,7,-0.335621,1.685088,0.255487,0.017834,-0.996074,-0.047001,0.072868,354.776900,188.479300,357.561100
213.861,7,-0.314984,1.690249,0.311813,0.025912,-0.989961,-0.057974,0.126277,353.786200,194.745000,356.196400
213.972,7,-0.294514,1.691999,0.354323,0.021418,-0.988949,-0.053266,0.136693,354.289700,195.902800,356.720400
214.083,7,-0.277966,1.689143,0.382040,0.020641,-0.991256,-0.049117,0.120719,354.698700,194.027700,356.961600
214.194,7,-0.268571,1.688494,0.393063,0.018456,-0.993314,-0.049631,0.102581,354.559500,191.920400,357.302700
214.305,7,-0.263179,1.688436,0.387469,0.016030,-0.994898,-0.047769,0.087407,354.707100,190.148800,357.683500
214.416,7,-0.263135,1.686546,0.369478,0.012617,-0.996085,-0.046410,0.074174,354.802700,188.601000,358.157400
214.527,7,-0.268034,1.684152,0.330781,0.011132,-0.997490,-0.045337,0.053231,354.878900,186.178900,358.444600
214.639,7,-0.277237,1.681383,0.288401,0.011767,-0.997885,-0.047524,0.042768,354.615400,184.982800,358.414400
214.750,7,-0.292937,1.675744,0.215522,0.013131,-0.997605,-0.054502,0.040510,353.818500,184.746000,358.235300
214.861,7,-0.309060,1.672058,0.139218,0.014093,-0.997306,-0.064206,0.032546,352.695200,183.857300,358.134500
214.973,7,-0.327358,1.670076,0.062160,0.015791,-0.997105,-0.069454,0.026601,352.087200,183.197100,357.964200
215.085,7,-0.343698,1.670733,-0.004292,0.017040,-0.997121,-0.069750,0.024391,352.052500,182.952900,357.836700
215.196,7,-0.354799,1.672665,-0.052210,0.017816,-0.996984,-0.072013,0.022807,351.791300,182.782200,357.752800
215.307,7,-0.364128,1.671140,-0.098088,0.020622,-0.997137,-0.070713,0.017104,351.933900,182.143200,357.479300
215.418,7,-0.368913,1.671744,-0.124410,0.019028,-0.997222,-0.070178,0.016168,351.989700,182.020800,357.672300
215.529,7,-0.376933,1.672837,-0.152546,0.018327,-0.996864,-0.075805,0.013417,351.335900,181.711600,357.763900
215.640,7,-0.385771,1.673277,-0.172613,0.024427,-0.996568,-0.076852,0.018715,351.241900,182.380800,357.009500
215.751,7,-0.392092,1.677130,-0.177913,0.024867,-0.995163,-0.082264,0.047586,350.713900,185.745800,356.670100
215.862,7,-0.394638,1.687416,-0.154004,0.013322,-0.985532,-0.102886,0.134028,348.508400,195.805900,356.850600
215.973,7,-0.391562,1.703368,-0.102049,-0.007778,-0.951990,-0.145777,0.269081,343.635800,212.113100,356.196800
216.085,7,-0.376822,1.714715,-0.036356,-0.026270,-0.898940,-0.181399,0.397883,339.693800,228.815100,354.056000
216.196,7,-0.350855,1.718295,0.018320,-0.038407,-0.860298,-0.198878,0.467825,337.782500,238.538500,352.552300
216.307,7,-0.307337,1.718809,0.076589,-0.046729,-0.829664,-0.217032,0.512221,335.920800,245.331200,350.874500
216.418,7,-0.272843,1.719099,0.109590,-0.046886,-0.824863,-0.232223,0.513299,334.453900,246.123700,349.717600
216.528,7,-0.238924,1.720453,0.137175,-0.052395,-0.823446,-0.235054,0.513752,333.835900,246.240400,350.040500
216.640,7,-0.220147,1.718220,0.152464,-0.052208,-0.834820,-0.221124,0.501453,335.067100,243.874600,351.464000
216.750,7,-0.207489,1.717017,0.164415,-0.048356,-0.844011,-0.210769,0.490800,336.218600,242.016000,352.132200
216.861,7,-0.197551,1.715559,0.173168,-0.048916,-0.852238,-0.206859,0.478024,336.462300,240.071700,352.832400
216.972,7,-0.189036,1.713782,0.177218,-0.046119,-0.867680,-0.198553,0.453410,337.270400,236.431500,353.774600
217.084,7,-0.181562,1.712564,0.179766,-0.046624,-0.881971,-0.190371,0.428618,337.928000,232.815400,354.988700
217.195,7,-0.174490,1.711082,0.180059,-0.047661,-0.895317,-0.181402,0.404016,338.694800,229.284000,356.231500
217.306,7,-0.165019,1.709728,0.178821,-0.053398,-0.910561,-0.174622,0.370857,339.046300,224.686800,358.019500
217.417,7,-0.158522,1.708225,0.175858,-0.054687,-0.921208,-0.167157,0.347050,339.761400,221.452600,359.067700
217.528,7,-0.152123,1.707884,0.171207,-0.055572,-0.928466,-0.164596,0.328285,339.993300,218.997300,359.702700
217.640,7,-0.149202,1.707383,0.165120,-0.052301,-0.933404,-0.164077,0.314802,340.170100,217.335000,359.654800
217.750,7,-0.151652,1.705639,0.152842,-0.045220,-0.938961,-0.159136,0.301634,340.966200,215.731000,359.328200
217.862,7,-0.161773,1.705911,0.139133,-0.045588,-0.942731,-0.162101,0.287928,340.616600,214.044000,359.551000
217.973,7,-0.182522,1.707464,0.125117,-0.038964,-0.947256,-0.168219,0.269984,340.139500,211.998400,358.963400
218.084,7,-0.210723,1.706989,0.110856,-0.029394,-0.950337,-0.169610,0.259285,340.268200,210.861400,358.046600
218.195,7,-0.236544,1.707780,0.100262,-0.025393,-0.954013,-0.171749,0.244372,340.116200,209.114100,357.837200
218.307,7,-0.271658,1.712862,0.086191,-0.018140,-0.958522,-0.177435,0.222314,339.621800,206.600800,357.302500
218.417,7,-0.298064,1.715640,0.076468,-0.014826,-0.960723,-0.187160,0.204360,338.550700,204.577500,357.043300
218.528,7,-0.327979,1.719410,0.059182,-0.010955,-0.965580,-0.191824,0.175325,338.019900,201.136300,357.150000
218.640,7,-0.346269,1.720569,0.041399,-0.011143,-0.969348,-0.192775,0.151914,337.844800,198.261500,357.712500
218.751,7,-0.364399,1.717816,0.013095,-0.012658,-0.974513,-0.183978,0.127736,338.788500,195.192200,358.627500
218.862,7,-0.375313,1.715892,-0.011180,-0.013851,-0.977057,-0.180039,0.112930,339.209900,193.339000,359.166700
218.973,7,-0.383551,1.713814,-0.031083,-0.014860,-0.978598,-0.178484,0.101338,339.369500,191.903200,359.565900
219.085,7,-0.390557,1.713022,-0.041818,-0.012698,-0.979876,-0.176185,0.092952,339.657000,190.924200,359.519200
219.196,7,-0.392889,1.711484,-0.039259,-0.009276,-0.981493,-0.167010,0.093237,340.757400,190.986200,359.215100
219.307,7,-0.382419,1.712770,-0.014846,-0.010362,-0.980524,-0.162494,0.109823,341.280500,192.934700,359.070100
219.418,7,-0.360466,1.713440,0.016941,-0.013941,-0.977549,-0.161288,0.134866,341.391800,195.871200,359.017700
219.529,7,-0.316817,1.707561,0.065823,-0.011928,-0.972849,-0.155347,0.171144,342.161200,200.237900,358.196100
219.640,8,-0.277296,1.702810,0.105139,-0.004317,-0.968579,-0.144395,0.202450,343.652500,204.041600,357.007000
219.750,8,-0.226762,1.693750,0.153497,0.004103,-0.963452,-0.124001,0.237418,346.291100,208.160600,356.058100
219.862,8,-0.188880,1.690388,0.192572,0.004976,-0.959001,-0.118627,0.257335,346.999100,210.515000,355.845000
219.972,8,-0.161620,1.694099,0.224686,0.009426,-0.956834,-0.121604,0.263803,346.836100,211.386600,355.157600
220.083,8,-0.143849,1.695350,0.250592,0.015883,-0.956113,-0.118279,0.267594,347.427400,211.878600,354.492600
220.195,8,-0.133136,1.693117,0.268167,0.017740,-0.956800,-0.116993,0.265579,347.616500,211.639100,354.354200
220.305,8,-0.126482,1.691945,0.282457,0.020444,-0.958854,-0.109593,0.261094,348.492700,211.033900,354.352300
220.416,8,-0.124524,1.690415,0.288015,0.022411,-0.960695,-0.102824,0.256886,349.277600,210.466800,354.399400
220.527,8,-0.124727,1.688878,0.290148,0.021207,-0.964694,-0.094305,0.244994,350.121500,208.938000,354.926300
220.638,8,-0.126588,1.687758,0.286449,0.020086,-0.969337,-0.084685,0.229805,351.086400,207.026700,355.479600
220.748,8,-0.130016,1.684942,0.275027,0.013550,-0.979390,-0.069150,0.189290,352.511900,202.077200,356.952000
220.860,8,-0.133679,1.680127,0.259560,0.006378,-0.989309,-0.046128,0.138198,354.864700,195.970000,358.540400
220.970,8,-0.145379,1.666349,0.231313,-0.000126,-0.998410,0.010294,0.055423,1.177045,186.355400,0.079810
221.082,8,-0.163465,1.639713,0.195829,-0.009747,-0.993932,0.100836,-0.042861,11.611980,175.125400,0.627703
221.192,8,-0.185556,1.619984,0.162937,-0.014585,-0.972111,0.154890,-0.175487,17.834010,159.288500,358.434600
221.303,8,-0.216242,1.620273,0.135912,-0.043038,-0.944223,0.160988,-0.284032,19.175600,146.412100,359.382700
221.415,8,-0.242333,1.624731,0.115241,-0.055562,-0.925004,0.140640,-0.348569,17.392710,138.747800,0.284817
221.526,8,-0.266601,1.628270,0.098031,-0.064351,-0.899954,0.135390,-0.409403,17.240330,131.122100,0.298079
221.637,8,-0.276361,1.629418,0.087934,-0.068577,-0.881251,0.134350,-0.447933,17.351260,126.116900,0.030461
221.748,8,-0.276554,1.627294,0.076040,-0.067798,-0.864043,0.133417,-0.480660,17.201390,121.725700,359.334500
221.859,8,-0.265941,1.627005,0.064547,-0.067488,-0.860059,0.131377,-0.488349,16.971690,120.714100,359.267400
221.970,8,-0.238814,1.625148,0.043725,-0.066482,-0.863767,0.117327,-0.485511,15.500210,121.328000,0.054878
222.082,8,-0.205189,1.624405,0.018646,-0.064283,-0.870093,0.108466,-0.476489,14.478160,122.651000,0.502944
222.193,8,-0.165240,1.629368,-0.010671,-0.061451,-0.878321,0.100951,-0.463234,13.548440,124.485900,0.849873
222.304,8,-0.124367,1.635887,-0.041497,-0.061341,-0.884297,0.098658,-0.452241,13.295220,125.960500,1.133578
222.415,8,-0.093240,1.635264,-0.066101,-0.058001,-0.888391,0.098847,-0.444553,13.132210,126.935800,0.892550
222.526,8,-0.059374,1.633096,-0.096204,-0.065948,-0.887351,0.107127,-0.443603,14.396270,127.041700,1.301113
222.638,8,-0.038884,1.632794,-0.121256,-0.062102,-0.886250,0.107294,-0.446311,14.218040,126.646300,0.845387
222.749,8,-0.016524,1.628103,-0.162322,-0.061000,-0.882144,0.116227,-0.452318,15.084380,125.726600,0.147113
222.860,8,-0.001168,1.623979,-0.201936,-0.058969,-0.879499,0.120894,-0.456497,15.455530,125.083900,359.604700
222.971,8,0.015082,1.621427,-0.258161,-0.065308,-0.872720,0.127399,-0.466759,16.459240,123.678800,359.705000
223.082,8,0.030105,1.626247,-0.308675,-0.068924,-0.863769,0.119082,-0.484739,15.815400,121.428500,0.215628
223.193,8,0.047167,1.629888,-0.353650,-0.075560,-0.848439,0.118058,-0.510396,16.108680,118.005300,0.459431
223.305,8,0.068187,1.631516,-0.393275,-0.075661,-0.834519,0.114617,-0.533588,15.785970,114.843300,0.236071
223.417,8,0.088422,1.630401,-0.421394,-0.078288,-0.824180,0.110038,-0.549991,15.515400,112.632900,0.476147
223.528,8,0.118918,1.626620,-0.450808,-0.079752,-0.812127,0.106426,-0.568122,15.276680,110.119300,0.511559
223.639,8,0.145176,1.620633,-0.470272,-0.079821,-0.803152,0.106673,-0.580686,15.310550,108.300100,0.257180
223.750,8,0.175047,1.614352,-0.490279,-0.084081,-0.793379,0.108260,-0.593094,15.754580,106.480900,0.297643
223.861,8,0.194777,1.610276,-0.502286,-0.086444,-0.784098,0.107931,-0.605037,15.894070,104.731200,0.295284
223.972,8,0.204712,1.606605,-0.508277,-0.085523,-0.771019,0.108026,-0.621729,15.838320,102.216200,359.854300
224.083,8,0.200974,1.602620,-0.508716,-0.085563,-0.753730,0.110241,-0.642197,16.026380,99.030460,359.248300
224.195,8,0.187488,1.603596,-0.505134,-0.081814,-0.736181,0.110043,-0.662748,15.692090,95.801270,358.488100
224.305,8,0.159668,1.612331,-0.495723,-0.071354,-0.717989,0.103535,-0.684603,14.262930,92.436360,357.676200
224.416,8,0.129633,1.618659,-0.484559,-0.065966,-0.711331,0.097133,-0.692981,13.274350,91.217810,357.598900
224.528,8,0.082885,1.625193,-0.464038,-0.061059,-0.709624,0.089282,-0.696228,12.224030,90.855350,357.791400
224.638,8,0.042645,1.629304,-0.443526,-0.061116,-0.707676,0.083260,-0.698947,11.728630,90.531410,358.250800
224.749,8,-0.015494,1.632613,-0.415002,-0.056984,-0.703318,0.077044,-0.704387,10.874040,89.755360,358.343900
224.860,8,-0.061866,1.635639,-0.395070,-0.054865,-0.698543,0.071804,-0.709839,10.265330,88.948630,358.527300
224.971,8,-0.119997,1.636798,-0.375341,-0.052660,-0.691390,0.068592,-0.717288,9.810601,87.765770,358.512200
225.082,8,-0.169529,1.637948,-0.362547,-0.052255,-0.687240,0.068760,-0.721278,9.781435,87.095190,358.408700
225.193,8,-0.215030,1.641792,-0.354740,-0.051073,-0.685397,0.064948,-0.723467,9.376929,86.790090,358.608200
225.304,8,-0.256349,1.642561,-0.351975,-0.048461,-0.686136,0.063693,-0.723057,9.060908,86.880610,358.514100
225.415,8,-0.288324,1.642904,-0.351516,-0.047688,-0.686546,0.061835,-0.722881,8.850116,86.939140,358.612900
225.526,8,-0.321166,1.640972,-0.353377,-0.049324,-0.684951,0.062331,-0.724241,9.023038,86.701870,358.682100
225.637,8,-0.338891,1.644713,-0.358499,-0.050846,-0.679291,0.063888,-0.729312,9.262803,85.819030,358.600200
225.748,8,-0.354552,1.646468,-0.370433,-0.051904,-0.672002,0.067091,-0.735676,9.586717,84.679020,358.317200
225.859,8,-0.362694,1.646447,-0.382622,-0.055736,-0.664942,0.070162,-0.741500,10.134770,83.613970,358.257800
225.970,8,-0.363600,1.650051,-0.400096,-0.058796,-0.652017,0.066914,-0.752954,10.125140,81.657280,358.597500
226.081,8,-0.359030,1.654661,-0.415088,-0.059260,-0.644322,0.060417,-0.760057,9.667934,80.501720,359.100500
226.192,8,-0.353940,1.651147,-0.425380,-0.066092,-0.635891,0.056921,-0.766834,10.006160,79.317330,359.811300
226.303,8,-0.348001,1.642223,-0.433817,-0.064290,-0.626213,0.054632,-0.775074,9.676298,77.851740,359.757700
226.415,8,-0.337538,1.639034,-0.438787,-0.063912,-0.624359,0.060015,-0.776202,10.029710,77.556590,359.222600
226.526,8,-0.310412,1.638705,-0.437954,-0.063529,-0.627225,0.057486,-0.774111,9.815201,77.985950,359.458900
226.637,8,-0.283463,1.633341,-0.431792,-0.062424,-0.630107,0.056917,-0.771900,9.677234,78.404740,359.465200
226.748,8,-0.240240,1.628941,-0.417093,-0.064525,-0.641048,0.056814,-0.762670,9.861270,80.076480,359.771300
226.859,8,-0.200055,1.624839,-0.402736,-0.069595,-0.648017,0.055227,-0.756426,10.187060,81.206700,0.386957
226.970,8,-0.148738,1.618984,-0.386936,-0.072701,-0.653440,0.062801,-0.750858,11.025700,82.067330,0.041009
227.081,8,-0.108212,1.613862,-0.374516,-0.075537,-0.653630,0.062310,-0.750453,11.234700,82.140440,0.305237
227.193,8,-0.073681,1.608694,-0.365111,-0.073597,-0.655460,0.067395,-0.748608,11.451570,82.382970,359.741300
227.304,8,-0.043908,1.604632,-0.357855,-0.071940,-0.659277,0.068772,-0.745284,11.414890,82.947110,359.552700
227.415,8,-0.020208,1.600907,-0.351774,-0.071259,-0.659666,0.070654,-0.744830,11.499940,82.993890,359.343000
227.526,8,0.007572,1.595826,-0.344855,-0.069628,-0.660349,0.070632,-0.744380,11.358220,83.076610,359.228800
227.637,8,0.027360,1.592256,-0.340194,-0.069074,-0.660941,0.068928,-0.744066,11.180830,83.163840,359.341900
227.748,8,0.049329,1.587567,-0.335200,-0.070877,-0.660300,0.069340,-0.744428,11.367170,83.089350,359.436800
227.860,8,0.064537,1.584639,-0.331920,-0.070703,-0.660611,0.067518,-0.744335,11.213200,83.138580,359.585400
227.971,8,0.082925,1.580191,-0.328913,-0.070552,-0.660259,0.066916,-0.744716,11.153970,83.082760,359.620300
228.082,8,0.097881,1.575669,-0.326740,-0.071215,-0.659708,0.066496,-0.745179,11.178840,83.007600,359.699800
228.193,8,0.111572,1.570876,-0.325277,-0.071272,-0.659216,0.067812,-0.745491,11.283890,82.929620,359.582900
228.304,8,0.123350,1.566561,-0.324963,-0.072622,-0.659120,0.068613,-0.745372,11.461520,82.933210,359.617000
228.416,8,0.130199,1.564385,-0.325681,-0.072903,-0.659662,0.068258,-0.744897,11.458920,83.022250,359.678000
228.527,8,0.131957,1.563663,-0.327423,-0.071387,-0.660030,0.067311,-0.744804,11.256060,83.058680,359.647600
228.638,8,0.129027,1.565952,-0.328991,-0.066364,-0.660842,0.064167,-0.744826,10.583480,83.119110,359.541000
228.749,8,0.129485,1.568471,-0.328075,-0.057956,-0.661974,0.061071,-0.744783,9.624120,83.192610,359.172600
228.860,8,0.141625,1.558410,-0.323040,-0.058394,-0.658181,0.063123,-0.747933,9.813612,82.607880,358.979100
228.971,8,0.164999,1.545210,-0.317868,-0.058588,-0.657869,0.057797,-0.748622,9.425632,82.571010,359.451100
229.083,8,0.188984,1.532347,-0.313681,-0.054148,-0.660616,0.055492,-0.746709,8.869415,82.947630,359.343000
229.194,8,0.208272,1.523648,-0.308800,-0.050456,-0.659778,0.054298,-0.747796,8.459587,82.781040,359.152600
229.306,8,0.227745,1.518035,-0.302207,-0.048387,-0.657925,0.054348,-0.749560,8.282372,82.475340,358.969100
229.417,8,0.236505,1.517551,-0.298898,-0.047576,-0.657140,0.053502,-0.750361,8.147098,82.348270,358.971900
229.528,8,0.245466,1.521552,-0.299112,-0.047180,-0.654589,0.050728,-0.752804,7.900128,81.957860,359.154800
229.639,8,0.258139,1.526111,-0.302639,-0.042568,-0.654413,0.049093,-0.753341,7.376637,81.892460,358.945400
229.750,8,0.290724,1.525303,-0.307767,-0.040968,-0.652239,0.051627,-0.755143,7.424524,81.544260,358.582500
229.862,8,0.334519,1.521481,-0.312065,-0.044948,-0.647991,0.054829,-0.758341,8.003281,80.925940,358.558800
229.972,8,0.397219,1.522826,-0.317999,-0.040793,-0.641140,0.049019,-0.764770,7.195190,79.866780,358.690800
230.084,8,0.470637,1.522050,-0.321010,-0.040396,-0.637509,0.054456,-0.767453,7.552620,79.309150,358.145600
230.196,8,0.530466,1.520103,-0.319374,-0.042474,-0.636696,0.057236,-0.767814,7.938348,79.197470,358.043900
230.306,8,0.597758,1.514028,-0.312892,-0.044453,-0.629694,0.061481,-0.773130,8.404747,78.157480,357.735900
230.417,8,0.642380,1.508069,-0.306401,-0.048182,-0.626305,0.065161,-0.775355,8.994384,77.674420,357.638900
230.528,8,0.685303,1.505421,-0.296084,-0.053283,-0.622445,0.067954,-0.777886,9.642052,77.138680,357.710200
230.640,8,0.708325,1.510218,-0.284001,-0.055717,-0.618934,0.067974,-0.780510,9.852854,76.641730,357.839800
230.750,8,0.733445,1.524969,-0.263369,-0.053619,-0.616173,0.057641,-0.783667,8.920925,76.243930,358.592500
230.862,8,0.758827,1.532479,-0.243954,-0.050781,-0.616511,0.052007,-0.783984,8.264850,76.282500,358.903800
230.973,8,0.789636,1.532364,-0.223548,-0.051773,-0.624419,0.046424,-0.777988,7.962985,77.470990,359.561500
231.085,8,0.833547,1.532873,-0.198855,-0.055236,-0.638020,0.041860,-0.766895,7.939956,79.542850,0.363181
231.195,8,0.893086,1.536412,-0.171822,-0.058919,-0.647123,0.041954,-0.758947,8.263790,80.958350,0.727977
231.306,8,0.988335,1.541006,-0.135220,-0.058553,-0.663765,0.050464,-0.743936,8.865358,83.492720,0.153483
231.418,8,1.059948,1.543183,-0.111090,-0.057953,-0.673858,0.051673,-0.734770,8.905486,85.057760,0.125785
231.529,8,1.132769,1.537972,-0.088593,-0.061919,-0.683291,0.060631,-0.724985,9.941251,86.591610,359.808200
231.640,8,1.176741,1.532390,-0.078055,-0.065637,-0.695532,0.065832,-0.712456,10.667190,88.609040,359.854300
231.751,8,1.203587,1.529337,-0.075136,-0.069298,-0.708149,0.069937,-0.699165,11.300450,90.733570,0.020557
231.862,8,1.208562,1.533251,-0.083390,-0.064823,-0.734984,0.082725,-0.669891,12.031610,95.209710,359.089200
231.973,8,1.182880,1.552912,-0.107943,-0.052439,-0.805155,0.096185,-0.582859,12.475190,108.020200,358.375500
232.084,8,1.122752,1.578407,-0.144332,-0.039632,-0.906800,0.100956,-0.407371,12.437970,131.550600,359.391200
232.194,8,1.034934,1.601874,-0.173527,-0.026162,-0.979436,0.088533,-0.179396,10.533570,159.345900,1.135539
232.304,8,0.936044,1.621250,-0.182848,-0.008323,-0.996641,0.066438,0.047154,7.564693,185.504900,1.321207
232.414,8,0.855878,1.631893,-0.174231,0.010018,-0.977772,0.049163,0.203579,5.751762,203.523900,0.024586
232.524,8,0.774625,1.637332,-0.152672,0.031170,-0.937917,0.042970,0.342775,5.852781,220.065600,358.328800
232.634,8,0.728237,1.644791,-0.133970,0.043203,-0.896563,0.040582,0.438932,6.355393,232.036100,357.587000
232.747,8,0.709500,1.651436,-0.123376,0.043061,-0.867060,0.030241,0.495418,5.457500,239.362600,357.425800
232.859,8,0.702841,1.654561,-0.117129,0.049037,-0.839188,0.026939,0.540956,5.639427,245.462300,356.938100
232.970,8,0.699619,1.657972,-0.111132,0.038682,-0.813020,0.021552,0.580550,4.586208,250.971500,357.822400
233.081,8,0.696558,1.650228,-0.108670,0.045536,-0.802806,0.028629,0.593810,5.741881,252.865300,357.747200
233.192,8,0.690034,1.643615,-0.105657,0.045697,-0.797506,0.036886,0.600447,6.529224,253.858500,358.350900
233.303,8,0.678730,1.639292,-0.099406,0.048028,-0.795282,0.044238,0.602713,7.368956,254.228400,358.667300
233.415,8,0.662790,1.637345,-0.092584,0.047333,-0.799164,0.041860,0.597783,7.093887,253.502200,358.521300
233.525,8,0.628578,1.632287,-0.082490,0.048443,-0.811837,0.039289,0.580544,6.894366,251.022200,358.093000
233.637,8,0.590589,1.626533,-0.070807,0.049486,-0.822581,0.042607,0.564886,7.238702,248.835000,358.077700
233.748,8,0.528417,1.625240,-0.052892,0.049674,-0.841420,0.046104,0.536115,7.518580,244.877100,358.025400
233.859,8,0.474218,1.628350,-0.038571,0.043784,-0.860125,0.044957,0.506209,6.988195,240.851100,358.279400
233.970,8,0.410636,1.634924,-0.022690,0.035081,-0.887037,0.053758,0.457215,7.322261,234.488500,359.244500
234.082,8,0.364502,1.639166,-0.014922,0.035427,-0.910381,0.059808,0.407890,7.920327,228.205900,359.090900
234.193,8,0.323248,1.641066,-0.013936,0.035189,-0.927819,0.067215,0.365235,8.651947,222.903000,359.061100
234.305,8,0.283726,1.637200,-0.017000,0.032975,-0.934993,0.076671,0.344706,9.561525,220.432300,359.488400
234.416,8,0.250471,1.633054,-0.020954,0.031716,-0.935720,0.081300,0.341779,10.010500,220.110900,359.779900
234.527,8,0.208632,1.627780,-0.029789,0.030355,-0.932793,0.080012,0.350107,9.818253,221.142400,359.964800
234.638,8,0.177797,1.622917,-0.046767,0.024406,-0.932527,0.086583,0.349715,10.285490,221.192800,0.875872
234.750,8,0.139392,1.618152,-0.081839,0.011798,-0.936752,0.096636,0.336183,10.893350,219.722800,2.502187
234.861,8,0.106808,1.615296,-0.117131,0.005298,-0.945290,0.107590,0.307934,11.927270,216.431100,3.295479
234.972,8,0.080828,1.613239,-0.145089,0.004361,-0.956662,0.113789,0.268014,12.712180,211.645700,3.093926
235.083,8,0.057474,1.614713,-0.163811,0.005899,-0.963107,0.112828,0.244255,12.721510,208.748300,2.570942
235.195,8,0.036177,1.619390,-0.177034,0.004848,-0.966781,0.104118,0.233388,11.746520,207.380100,2.296151
235.306,8,0.007119,1.622376,-0.195657,0.004596,-0.971981,0.090576,0.216860,10.257360,205.313400,1.767454
235.417,8,-0.017081,1.624979,-0.212282,0.002905,-0.976439,0.071010,0.203755,8.039660,203.668300,1.346263
235.528,8,-0.049171,1.627983,-0.232866,0.000796,-0.981509,0.053072,0.183911,5.996846,201.279800,1.034673
235.640,8,-0.075548,1.634904,-0.249920,-0.002692,-0.984786,0.044876,0.167858,5.018804,199.397600,1.171560
235.751,8,-0.105876,1.639807,-0.270414,-0.010599,-0.987926,0.039850,0.149338,4.334040,197.263300,1.887563
235.862,8,-0.128167,1.641744,-0.287971,-0.017593,-0.990982,0.036877,0.127618,3.933453,194.763600,2.543975
235.973,8,-0.144770,1.640296,-0.301192,-0.016320,-0.994977,0.042155,0.089313,4.644402,190.352000,2.300333
236.084,8,-0.151474,1.640694,-0.296438,-0.008313,-0.998996,0.043115,0.008935,4.933240,181.067900,0.999545
236.195,8,-0.156167,1.639731,-0.272999,-0.007808,-0.993186,0.056174,-0.101807,6.498250,168.308000,0.234849
236.306,8,-0.171217,1.639818,-0.236803,-0.016497,-0.964306,0.075199,-0.253352,8.823378,150.530600,359.635500
236.417,8,-0.186771,1.644041,-0.208947,-0.016587,-0.939420,0.078325,-0.333286,9.103456,140.835600,358.778800
236.528,8,-0.206552,1.648401,-0.175566,-0.022185,-0.915627,0.080814,-0.393199,9.522668,133.408700,358.668000
236.638,8,-0.222047,1.652053,-0.152528,-0.019162,-0.905950,0.080059,-0.415304,9.263515,130.595300,358.154900
236.748,8,-0.242503,1.654570,-0.126452,-0.018091,-0.900919,0.076286,-0.426848,8.794933,129.152500,358.113800
236.860,8,-0.257465,1.654706,-0.108340,-0.012006,-0.899661,0.072765,-0.430315,8.120794,128.707200,357.625100
236.971,8,-0.276560,1.652757,-0.086232,-0.010942,-0.899445,0.077204,-0.430021,8.527907,128.693600,357.292500
237.082,8,-0.294172,1.654602,-0.066974,-0.005962,-0.898676,0.080346,-0.431150,8.600901,128.484800,356.604300
237.193,8,-0.311486,1.653656,-0.048745,-0.005262,-0.899205,0.082248,-0.429695,8.768226,128.645000,356.448500
237.304,8,-0.327688,1.654613,-0.032125,-0.012424,-0.897883,0.084987,-0.431774,9.401150,128.392000,357.032200
237.415,8,-0.339879,1.655577,-0.020672,-0.012429,-0.892050,0.084947,-0.443707,9.356935,126.855400,356.908800
237.526,8,-0.352284,1.655595,-0.011273,-0.013411,-0.886609,0.087382,-0.453992,9.620654,125.498300,356.769400
237.637,8,-0.358915,1.654579,-0.008001,-0.013218,-0.882671,0.090188,-0.461067,9.869258,124.538300,356.518300
237.748,8,-0.365301,1.654262,-0.005975,-0.013400,-0.880327,0.091021,-0.465360,9.946507,123.966500,356.442300
237.859,8,-0.368918,1.654306,-0.005359,-0.012823,-0.878875,0.092042,-0.467913,10.008090,123.614100,356.297400
237.970,8,-0.371274,1.654781,-0.004208,-0.013711,-0.875429,0.089597,-0.474773,9.781457,122.751200,356.447100
238.082,8,-0.372792,1.655473,-0.004045,-0.012443,-0.873908,0.086215,-0.478222,9.357254,122.334300,356.472300
238.192,8,-0.373031,1.655229,-0.004752,-0.014032,-0.873297,0.085945,-0.479343,9.413753,122.199200,356.636200
238.304,8,-0.373910,1.655446,-0.004727,-0.016104,-0.871155,0.085403,-0.483255,9.460268,121.701100,356.833600
238.416,8,-0.375968,1.655734,-0.004079,-0.016538,-0.869784,0.082562,-0.486195,9.189695,121.350600,357.008800
238.526,8,-0.380231,1.656049,-0.003379,-0.015774,-0.868963,0.081682,-0.487835,9.052983,121.140000,356.965400
238.637,8,-0.384648,1.656005,-0.003113,-0.016505,-0.870256,0.081134,-0.485592,9.046958,121.448000,357.093900
238.750,9,-0.391061,1.655832,-0.002266,-0.017265,-0.871279,0.081008,-0.483748,9.083018,121.697900,357.196900
238.860,9,-0.395740,1.655179,-0.001195,-0.018506,-0.871576,0.081918,-0.483014,9.245894,121.790700,357.277800
238.971,9,-0.401137,1.653591,0.000176,-0.021301,-0.872887,0.085431,-0.479912,9.763899,122.173500,357.393900
239.082,9,-0.404996,1.652137,0.001875,-0.024172,-0.872616,0.089680,-0.479495,10.351870,122.191900,357.447100
239.193,9,-0.408035,1.650766,0.004658,-0.027561,-0.870600,0.093343,-0.482269,10.900950,121.797200,357.546100
239.304,9,-0.407741,1.649167,0.010667,-0.034409,-0.859074,0.096072,-0.501576,11.512620,119.222700,357.821100
239.415,9,-0.403558,1.647437,0.020294,-0.042873,-0.834151,0.099048,-0.540873,12.217330,113.856800,357.911400
239.526,9,-0.398190,1.644796,0.036906,-0.060765,-0.790577,0.101841,-0.600770,13.534870,105.352700,358.450600
239.638,9,-0.393869,1.643800,0.053948,-0.072697,-0.745326,0.096592,-0.655648,13.845960,97.194120,358.920400
239.750,9,-0.390705,1.641532,0.079912,-0.083119,-0.665736,0.087631,-0.736347,13.832610,84.102280,358.915200
239.859,9,-0.392309,1.640091,0.098478,-0.094490,-0.590075,0.077429,-0.798053,14.016050,72.870310,359.287100
239.970,9,-0.397758,1.641007,0.114044,-0.099839,-0.484535,0.066716,-0.866492,13.749090,58.292900,358.887100
240.082,9,-0.401113,1.642781,0.119022,-0.103530,-0.393204,0.053621,-0.912029,13.356690,46.531720,359.034700
240.193,9,-0.399902,1.644032,0.118121,-0.116169,-0.296718,0.039754,-0.947039,14.100500,34.746250,359.624400
240.305,9,-0.392368,1.643550,0.110273,-0.128841,-0.209711,0.034969,-0.968607,15.322920,24.323340,359.185800
240.416,9,-0.376508,1.643894,0.096860,-0.135260,-0.177548,0.037053,-0.974068,16.061100,20.457160,358.559800
240.527,9,-0.343841,1.644717,0.071763,-0.136176,-0.198813,0.046658,-0.969408,16.413840,22.866930,357.830500
240.638,9,-0.307676,1.645549,0.043613,-0.129504,-0.280622,0.062609,-0.948979,16.315880,32.551720,357.244000
240.749,9,-0.253106,1.646795,-0.010352,-0.112524,-0.475658,0.083051,-0.868442,15.929150,57.110070,357.782700
240.860,9,-0.218608,1.645694,-0.065719,-0.086183,-0.646027,0.095625,-0.752381,14.669200,81.053540,358.072400
240.971,9,-0.196443,1.645744,-0.129332,-0.055468,-0.801334,0.108912,-0.585598,13.857880,107.405500,357.717900
241.082,9,-0.185700,1.649863,-0.162446,-0.028759,-0.874489,0.103458,-0.473010,12.014060,122.888800,357.212000
241.193,9,-0.173367,1.652309,-0.179923,-0.003864,-0.922610,0.083248,-0.376624,9.005078,135.333800,356.774300
241.305,9,-0.163911,1.653720,-0.190919,0.009494,-0.966659,0.059942,-0.248773,6.382378,150.980900,357.221200
241.417,9,-0.159041,1.654617,-0.192100,0.027960,-0.992731,0.046800,-0.107300,4.986423,167.497800,356.226800
241.528,9,-0.154869,1.652059,-0.175809,0.043914,-0.992875,0.055951,0.095606,6.863363,190.735200,355.580600
241.639,9,-0.150477,1.650828,-0.152130,0.057395,-0.968001,0.066756,0.234996,8.987249,206.926600,355.369300
241.750,9,-0.151853,1.645612,-0.113531,0.070742,-0.913078,0.074370,0.394656,11.049040,226.352000,355.881700
241.861,9,-0.160807,1.640113,-0.069184,0.082613,-0.842870,0.079102,0.525822,12.722250,243.548200,356.704400
241.971,9,-0.171798,1.633525,-0.019819,0.108118,-0.773444,0.088324,0.618299,15.683730,256.802400,356.544700
242.082,9,-0.185318,1.612687,0.015435,0.149878,-0.733434,0.146075,0.646741,24.087790,262.397600,358.059900
242.193,9,-0.201778,1.582573,0.034792,0.205663,-0.723270,0.241413,0.613435,36.980010,260.573600,359.905500
242.303,9,-0.214984,1.563535,0.048582,0.228250,-0.736235,0.281426,0.571541,42.477480,255.209800,358.881400
242.413,9,-0.223251,1.553089,0.056564,0.234859,-0.753609,0.302924,0.533996,45.023780,249.617700,357.529800
242.524,9,-0.230114,1.541288,0.060741,0.232205,-0.764253,0.319684,0.509706,46.498100,246.362600,357.582400
242.635,9,-0.234975,1.531767,0.060935,0.230775,-0.771219,0.322564,0.497912,46.664360,244.442100,357.098400
242.745,9,-0.246670,1.510960,0.054737,0.228708,-0.773321,0.319220,0.497761,46.170410,244.267900,357.025100
242.845,9,-0.266787,1.471602,0.043044,0.224375,-0.773960,0.313704,0.502227,45.313310,244.863500,357.374500
242.953,9,-0.300593,1.393226,0.026981,0.209131,-0.780486,0.294131,0.510483,42.271550,245.591100,357.974800
243.065,9,-0.334286,1.296798,0.012105,0.201095,-0.778070,0.290749,0.519262,41.398180,247.119200,359.161200
243.176,9,-0.359807,1.217163,-0.000315,0.197948,-0.778792,0.288437,0.520675,40.949940,247.305400,359.396400
243.288,9,-0.389150,1.133629,-0.017975,0.187092,-0.787306,0.285203,0.513619,39.886810,246.194900,359.878600
243.399,9,-0.412420,1.078856,-0.032524,0.181880,-0.793040,0.279230,0.509939,38.930380,245.387300,359.727800
243.511,9,-0.440462,1.013373,-0.051509,0.174900,-0.801125,0.275576,0.501664,38.099090,244.015500,359.727700
243.622,9,-0.461778,0.963048,-0.066008,0.169898,-0.808613,0.272363,0.493049,37.445720,242.593900,359.553500
243.733,9,-0.475867,0.933327,-0.075968,0.171068,-0.813812,0.269934,0.485368,37.258540,241.226700,358.819300
243.845,9,-0.479690,0.932382,-0.082425,0.174704,-0.817027,0.266188,0.480717,37.080150,240.230800,357.877000
243.956,9,-0.474866,0.953584,-0.085785,0.179744,-0.820877,0.258678,0.476381,36.579590,239.107900,356.527600
244.067,9,-0.458832,1.001490,-0.087375,0.186648,-0.823901,0.248440,0.473950,35.895070,238.165400,354.896500
244.178,9,-0.441663,1.044282,-0.087371,0.187120,-0.824900,0.237209,0.477763,34.760430,238.361400,354.268100
244.289,9,-0.424385,1.092532,-0.086233,0.181554,-0.826487,0.226117,0.482523,33.296630,238.872300,354.377400
244.401,9,-0.416221,1.121913,-0.080500,0.183155,-0.822093,0.218280,0.492921,32.646550,240.176100,354.141100
244.512,9,-0.412988,1.147475,-0.074897,0.178780,-0.819725,0.213772,0.500390,31.964060,241.268400,354.645900
244.623,9,-0.413974,1.166348,-0.067990,0.170663,-0.816197,0.208005,0.511303,30.935150,242.910300,355.594900
244.735,9,-0.418098,1.176623,-0.062033,0.171994,-0.813836,0.203706,0.516327,30.608920,243.515300,355.362100
244.846,9,-0.423168,1.190622,-0.056561,0.174635,-0.813164,0.202673,0.516905,30.673920,243.522500,355.031600
244.956,9,-0.419955,1.210471,-0.050710,0.177602,-0.815128,0.198515,0.514408,30.420970,242.965500,354.323100
245.068,9,-0.393865,1.251564,-0.036510,0.174598,-0.824886,0.186452,0.504295,28.927480,241.185200,353.439800
245.179,9,-0.354852,1.288467,-0.020664,0.169601,-0.831685,0.179630,0.497261,27.869700,240.080600,353.278800
245.290,9,-0.283609,1.340204,0.002016,0.163443,-0.838611,0.183365,0.486206,27.805860,238.667300,353.780700
245.400,9,-0.207621,1.385320,0.026066,0.171488,-0.836986,0.200537,0.479406,30.007860,237.920300,353.715800
245.511,9,-0.139592,1.428339,0.046155,0.180359,-0.832688,0.202623,0.482748,30.769040,238.277000,352.998700
245.622,9,-0.088843,1.456030,0.057691,0.186353,-0.827916,0.217561,0.482178,32.680550,238.455300,353.261500
245.733,9,-0.053948,1.472225,0.057622,0.184659,-0.829189,0.220251,0.479412,32.841390,238.154000,353.504000
245.844,9,-0.028823,1.479279,0.048808,0.175782,-0.836467,0.213920,0.472929,31.610230,237.214600,353.816400
245.955,9,-0.009868,1.482476,0.043210,0.179813,-0.836040,0.211682,0.473175,31.608750,237.100100,353.234000
246.066,9,0.008307,1.486948,0.041395,0.183204,-0.829891,0.217429,0.480044,32.464450,238.203200,353.512600
246.177,9,0.017198,1.487148,0.041600,0.182332,-0.826686,0.217637,0.485777,32.478320,239.093000,353.874600
246.288,9,0.022303,1.485015,0.041784,0.181260,-0.823895,0.217442,0.490979,32.431300,239.898100,354.209300
246.400,9,0.022269,1.483062,0.040950,0.182048,-0.823118,0.216034,0.492610,32.343930,240.085800,354.099400
246.511,9,0.018443,1.480296,0.038748,0.177591,-0.821799,0.215905,0.496481,32.086700,240.765400,354.751500
246.622,9,0.007712,1.474767,0.033060,0.169342,-0.822354,0.213188,0.499607,31.321620,241.326800,355.602700
246.733,9,-0.016487,1.456701,0.024359,0.164015,-0.818653,0.210815,0.508393,30.792930,242.685300,356.383200
246.844,9,-0.054225,1.426721,0.012380,0.157735,-0.809104,0.210950,0.525329,30.470010,245.380400,357.765000
246.955,9,-0.091184,1.394165,0.000169,0.154790,-0.802960,0.214007,0.534318,30.603390,246.920200,358.676100
247.067,9,-0.136247,1.348369,-0.018979,0.149767,-0.806077,0.214499,0.530848,30.318870,246.487800,359.089700
247.178,9,-0.165830,1.311168,-0.036022,0.147236,-0.815312,0.220127,0.514910,30.701890,244.303900,359.107400
247.289,9,-0.199024,1.270389,-0.058517,0.148191,-0.824987,0.222266,0.498031,30.953380,241.809600,358.455100
247.401,9,-0.223704,1.239641,-0.080009,0.143356,-0.834472,0.225313,0.482017,30.946340,239.616400,358.527300
247.511,9,-0.246165,1.212850,-0.100193,0.141544,-0.842937,0.227193,0.466698,31.006490,237.450100,358.223900
247.623,9,-0.267156,1.187489,-0.117722,0.140090,-0.848439,0.230972,0.455168,31.296020,235.909300,358.158800
247.735,9,-0.282937,1.166981,-0.132383,0.138801,-0.851828,0.232160,0.448582,31.335490,235.013100,358.109100
247.846,9,-0.300585,1.146919,-0.148389,0.135884,-0.854503,0.231385,0.444771,31.085270,234.502800,358.233400
247.957,9,-0.312321,1.135906,-0.156421,0.134268,-0.853879,0.232794,0.445724,31.147830,234.722700,358.542200
248.068,9,-0.325506,1.126844,-0.160596,0.134406,-0.851690,0.232098,0.450212,31.089240,235.351300,358.664600
248.179,9,-0.332851,1.123538,-0.161870,0.135397,-0.849682,0.232184,0.453650,31.158700,235.833300,358.699100
248.290,9,-0.336823,1.125857,-0.161784,0.139459,-0.848546,0.232123,0.454577,31.380810,235.873600,358.279100
248.402,9,-0.334367,1.136821,-0.158884,0.140101,-0.848047,0.228749,0.457015,31.066710,236.110000,358.090600
248.513,9,-0.323620,1.152016,-0.152829,0.136171,-0.849257,0.221949,0.459302,30.137090,236.322600,358.184000
248.624,9,-0.305787,1.168631,-0.140720,0.132244,-0.849880,0.212230,0.463868,28.909500,236.781100,358.174200
248.735,9,-0.286431,1.183332,-0.129389,0.133531,-0.850048,0.208772,0.464760,28.623470,236.785900,357.848300
248.846,9,-0.256202,1.212629,-0.111664,0.136722,-0.848777,0.204007,0.468258,28.317420,237.095600,357.328200
248.957,9,-0.225469,1.249290,-0.095027,0.140233,-0.847118,0.198715,0.472481,27.981400,237.495500,356.766600
249.068,9,-0.178792,1.307697,-0.069926,0.145363,-0.839802,0.195454,0.485181,27.991470,239.150800,356.462000
249.179,9,-0.140887,1.355165,-0.049572,0.148773,-0.833647,0.194689,0.494971,28.156370,240.496300,356.402800
249.289,9,-0.098128,1.402358,-0.026655,0.154374,-0.828264,0.185158,0.505831,27.573980,241.739200,355.573900
249.400,9,-0.067626,1.426484,-0.012307,0.165063,-0.823342,0.186839,0.509857,28.423300,242.192000,354.696800
249.511,9,-0.044416,1.441605,-0.003851,0.171408,-0.820303,0.189229,0.511775,29.071170,242.427500,354.252600
249.623,9,-0.028329,1.446236,-0.000457,0.169293,-0.818797,0.186094,0.516024,28.650420,243.016700,354.430100
249.733,9,-0.017313,1.445888,-0.000527,0.169001,-0.819832,0.185207,0.514794,28.533890,242.815000,354.355000
249.845,9,-0.007072,1.451088,0.000848,0.168410,-0.820367,0.184315,0.514455,28.404340,242.751700,354.345200
249.956,9,0.003401,1.467949,0.006426,0.168274,-0.819384,0.180386,0.517450,28.018510,243.099600,354.208600
250.067,9,0.020768,1.500645,0.020448,0.168693,-0.816359,0.176167,0.523513,27.662110,243.889600,354.104300
250.178,9,0.036073,1.526118,0.034379,0.169476,-0.814963,0.177120,0.525111,27.819030,244.139300,354.145300
250.289,9,0.056197,1.552531,0.053273,0.171191,-0.816515,0.182443,0.520299,28.429400,243.527800,354.145000
250.401,9,0.071803,1.567464,0.068445,0.174084,-0.815136,0.185948,0.520261,28.965570,243.564300,354.074600
250.511,9,0.083755,1.575811,0.079943,0.174676,-0.813591,0.188137,0.521692,29.234600,243.828300,354.216700
250.622,9,0.094398,1.579670,0.087566,0.174757,-0.815829,0.195881,0.515280,29.980750,243.074900,354.483000
250.733,9,0.101195,1.583402,0.093255,0.173858,-0.815854,0.190727,0.517474,29.415850,243.278100,354.314700
250.845,9,0.107194,1.584612,0.095885,0.172701,-0.815945,0.193741,0.516597,29.643180,243.250500,354.608900
250.956,9,0.111781,1.585526,0.095895,0.171196,-0.818384,0.194956,0.512769,29.647720,242.736000,354.700400
251.067,9,0.117017,1.586081,0.094918,0.169043,-0.821128,0.197376,0.508150,29.731730,242.150600,354.911500
251.178,10,0.120041,1.586090,0.094134,0.168503,-0.822426,0.198975,0.505601,29.846280,241.824000,354.976000
251.289,10,0.122819,1.586300,0.093193,0.167398,-0.824277,0.200828,0.502209,29.947940,241.390100,355.084300
251.401,10,0.124499,1.586846,0.093772,0.166773,-0.825530,0.200988,0.500291,29.914950,241.120300,355.086000
251.512,10,0.125668,1.587421,0.094052,0.165696,-0.828059,0.201499,0.496247,29.878270,240.553100,355.076000
251.622,10,0.128412,1.589985,0.092943,0.160866,-0.835283,0.198391,0.486895,29.214060,239.181800,355.034500
251.734,10,0.132152,1.598663,0.091799,0.146611,-0.849004,0.177110,0.475740,26.118700,237.335400,354.860700
251.845,10,0.136501,1.610109,0.091756,0.128608,-0.864731,0.150577,0.461549,22.280120,235.162800,354.827500
251.956,10,0.137393,1.613267,0.091123,0.122988,-0.872315,0.147755,0.449566,21.614540,233.567300,354.957200
252.067,10,0.133920,1.615643,0.089148,0.121706,-0.881996,0.150525,0.429666,21.722480,230.934300,354.729400
252.178,10,0.125481,1.616738,0.086509,0.128130,-0.879638,0.165377,0.427166,23.603780,230.702500,354.732200
252.289,10,0.116094,1.611495,0.084244,0.137728,-0.874223,0.177788,0.430298,25.428250,231.153600,354.420600
252.400,10,0.112431,1.604571,0.087588,0.146195,-0.863415,0.192736,0.442714,27.533450,232.995000,354.707000
252.511,10,0.113319,1.603581,0.090917,0.150192,-0.860423,0.191188,0.447841,27.615090,233.603800,354.351500
252.622,10,0.116790,1.604743,0.093425,0.147991,-0.864048,0.185330,0.444042,26.852580,232.997000,354.135800
252.733,10,0.121589,1.610225,0.094126,0.138250,-0.873478,0.167854,0.435601,24.436010,231.708700,353.992600
252.845,10,0.130659,1.623259,0.091039,0.113053,-0.901280,0.123386,0.399612,18.225930,226.802500,353.642800
252.956,10,0.140537,1.638655,0.086468,0.089746,-0.934774,0.064687,0.337577,10.458740,219.048100,352.749500
253.068,10,0.147434,1.655168,0.085032,0.062434,-0.963336,-0.001135,0.260932,1.741827,210.205600,353.053800
253.180,10,0.144062,1.663442,0.083684,0.048981,-0.976210,-0.030449,0.209016,357.766400,204.291700,353.774400
253.291,10,0.126771,1.671723,0.077762,0.038038,-0.986875,-0.063901,0.143346,353.383700,196.841200,354.604900
253.403,10,0.097283,1.673248,0.065130,0.027128,-0.992396,-0.072236,0.095898,352.058000,191.311200,356.080500
253.514,10,0.062648,1.673700,0.048732,0.025024,-0.994728,-0.066971,0.073513,352.556000,188.677600,356.552300
253.626,10,0.013836,1.671016,0.026537,0.029840,-0.995384,-0.055081,0.072712,353.954700,188.561300,356.112800
253.737,10,-0.020032,1.667945,0.006328,0.022087,-0.995709,-0.045025,0.077773,355.053300,189.059200,357.066300
253.847,10,-0.054115,1.664719,-0.027153,0.026574,-0.996567,-0.023529,0.074790,357.540000,188.653300,356.758900
253.958,10,-0.073270,1.660111,-0.057310,0.030470,-0.996552,-0.013684,0.075950,358.702400,188.757300,356.398100
254.069,10,-0.089641,1.651086,-0.101734,0.033783,-0.996262,-0.002882,0.079446,359.978500,189.119400,356.114000
254.181,10,-0.098395,1.644232,-0.146740,0.033762,-0.995944,0.005366,0.083229,0.934392,189.522900,356.194800
254.292,10,-0.103710,1.642062,-0.196317,0.031067,-0.995509,0.008957,0.088973,1.338606,190.174100,356.544300
254.404,10,-0.107120,1.645326,-0.246997,0.030788,-0.995667,0.008256,0.087355,1.250225,189.990600,356.567000
254.515,10,-0.110105,1.648599,-0.283942,0.034930,-0.995305,0.007218,0.089976,1.183481,190.290600,356.086600
254.626,10,-0.113845,1.650628,-0.319198,0.040505,-0.994737,0.006478,0.093896,1.174268,190.738000,355.446900
254.737,10,-0.115866,1.649441,-0.337013,0.042240,-0.994590,0.007587,0.094602,1.322691,190.812100,355.261500
254.848,10,-0.117860,1.648608,-0.351391,0.044328,-0.994564,0.008630,0.093822,1.460280,190.714700,355.032900
254.959,10,-0.118668,1.648715,-0.357670,0.045383,-0.994701,0.010983,0.091598,1.728460,190.446100,354.933400
255.070,10,-0.118947,1.649732,-0.361628,0.047712,-0.994393,0.010191,0.093820,1.674384,190.701700,354.662900
255.182,10,-0.118836,1.649658,-0.367564,0.045435,-0.994236,0.011011,0.096485,1.757095,191.008100,354.936300
255.292,10,-0.119297,1.649423,-0.376665,0.043164,-0.994220,0.011468,0.097630,1.789706,191.141700,355.202800
255.403,10,-0.120222,1.650145,-0.386572,0.043239,-0.994172,0.014454,0.097696,2.131195,191.135900,355.227100
255.514,10,-0.119378,1.649700,-0.389287,0.040412,-0.994726,0.012001,0.093507,1.801234,190.669800,355.515300
255.625,10,-0.118788,1.650250,-0.376894,0.039129,-0.995501,0.010749,0.085621,1.610283,189.770200,355.635800
255.736,10,-0.117983,1.651300,-0.356231,0.041515,-0.995895,0.010350,0.079762,1.560854,189.094800,355.350000
255.847,10,-0.116156,1.654297,-0.319510,0.039400,-0.996494,0.006593,0.073513,1.084820,188.396200,355.551200
255.958,10,-0.114049,1.656084,-0.286634,0.036898,-0.996814,0.005894,0.070471,0.971271,188.052300,355.828600
256.069,10,-0.111916,1.659103,-0.243177,0.034023,-0.996910,-0.002074,0.070768,0.038937,188.119600,356.093500
256.180,10,-0.109765,1.659397,-0.212033,0.031564,-0.996992,-0.003786,0.070690,359.823200,188.117000,356.360800
256.290,10,-0.106618,1.659045,-0.176746,0.027434,-0.997114,-0.008786,0.070247,359.216900,188.081600,356.792700
256.402,10,-0.105462,1.656999,-0.148772,0.024497,-0.996934,-0.010932,0.073511,358.957400,188.460700,357.107700
256.513,10,-0.104668,1.654727,-0.122848,0.025398,-0.996957,-0.010376,0.072969,359.026900,188.397600,357.009900
256.624,10,-0.103613,1.654180,-0.100684,0.026579,-0.997298,-0.010018,0.067749,359.061400,187.798100,356.882800
256.734,10,-0.102982,1.654284,-0.083945,0.028680,-0.997469,-0.011956,0.063958,358.843500,187.371600,356.631600
256.846,10,-0.102087,1.652924,-0.068922,0.030265,-0.997385,-0.011812,0.064554,358.873700,187.441300,356.450700
256.957,10,-0.100515,1.652956,-0.060242,0.030256,-0.997575,-0.010755,0.061758,358.984600,187.116500,356.462400
257.068,10,-0.098786,1.652293,-0.050417,0.029437,-0.997961,-0.010870,0.055575,358.944300,186.406600,356.561800
257.180,10,-0.098148,1.652023,-0.042286,0.028654,-0.998123,-0.010138,0.053173,359.015000,186.127600,356.658500
257.291,10,-0.097903,1.651763,-0.031508,0.028320,-0.998158,-0.012288,0.052237,358.763900,186.027200,356.684500
257.402,10,-0.098132,1.650969,-0.021904,0.026899,-0.998344,-0.012527,0.049288,358.718800,185.688000,356.849600
257.513,10,-0.099026,1.650301,-0.011090,0.026614,-0.998440,-0.013692,0.047147,358.577100,185.445800,356.878500
257.625,10,-0.100443,1.650429,0.000612,0.027747,-0.998507,-0.017320,0.043739,358.157000,185.069000,356.734900
257.736,10,-0.101005,1.649806,0.010782,0.028110,-0.998548,-0.020001,0.041370,357.844100,184.807300,356.684500
257.847,10,-0.100575,1.648150,0.021937,0.028087,-0.998719,-0.019244,0.037440,357.917600,184.353800,356.699100
257.958,10,-0.099889,1.647653,0.030686,0.027510,-0.998812,-0.018484,0.035720,357.996600,184.152800,356.772000
258.069,10,-0.097745,1.652341,0.043493,0.027530,-0.998759,-0.018875,0.036968,357.956000,184.297200,356.765500
258.181,10,-0.092691,1.657415,0.060173,0.023571,-0.998891,-0.016601,0.037219,358.200000,184.311200,357.228700
258.291,10,-0.084373,1.659966,0.081318,0.023277,-0.999007,-0.015098,0.034858,358.364400,184.035700,357.272800
258.403,10,-0.072515,1.659682,0.103885,0.023760,-0.999009,-0.014772,0.034617,358.403000,184.007900,357.219300
258.513,10,-0.057177,1.659724,0.127052,0.025735,-0.998990,-0.011621,0.034960,358.772600,184.040600,357.005400
258.625,10,-0.040391,1.662912,0.148771,0.030858,-0.998658,-0.010872,0.040146,358.897800,184.638500,356.415600
258.736,10,-0.024488,1.668620,0.164617,0.036004,-0.998242,-0.015974,0.044299,358.355200,185.142200,355.794900
258.847,10,-0.003311,1.670280,0.184221,0.032893,-0.998576,-0.012585,0.040067,358.710800,184.638500,356.174600
258.958,10,0.010363,1.670097,0.199672,0.032317,-0.998743,-0.008676,0.037329,359.145200,184.308800,356.261200
259.069,10,0.025030,1.670330,0.217526,0.030112,-0.998749,-0.007229,0.039267,359.308200,184.524000,356.518800
259.180,10,0.034016,1.670420,0.230176,0.028662,-0.998565,-0.011187,0.043836,358.863800,185.060400,356.661600
259.291,10,0.041535,1.667921,0.245033,0.027968,-0.998049,-0.010332,0.054858,358.994000,186.320900,356.734100
259.402,10,0.043497,1.663865,0.251869,0.027486,-0.997056,-0.008916,0.071018,359.205000,188.170600,356.785000
259.513,10,0.039578,1.660072,0.248524,0.027219,-0.996423,-0.002142,0.079969,0.004893,189.176800,356.870900
259.624,10,0.030320,1.658034,0.236613,0.031252,-0.996098,0.002159,0.082510,0.541897,189.453600,356.450800
259.735,10,0.020055,1.656598,0.218081,0.033618,-0.996267,-0.002108,0.079478,0.065484,189.120000,356.140000
259.846,10,0.003047,1.653413,0.180951,0.033649,-0.997505,-0.007562,0.061596,359.373200,187.088500,356.097100
259.958,10,-0.014687,1.649243,0.142550,0.033721,-0.998285,-0.002768,0.047785,359.868000,185.485400,356.124300
260.069,10,-0.040613,1.648045,0.084772,0.027832,-0.999183,0.005044,0.028860,0.669551,183.290300,356.828100
260.180,10,-0.059239,1.646530,0.039104,0.025395,-0.999464,0.013047,0.016014,1.541063,181.797000,357.113200
260.291,10,-0.075936,1.645147,-0.015682,0.021022,-0.999601,0.018069,-0.005494,2.056932,179.326700,357.578400
260.403,10,-0.085372,1.644006,-0.057155,0.017895,-0.999241,0.018506,-0.029239,2.059563,176.609900,357.887100
260.513,10,-0.091699,1.642739,-0.093269,0.017129,-0.998399,0.014384,-0.051960,1.543897,174.014100,357.953500
260.624,10,-0.096479,1.640169,-0.123931,0.017479,-0.997438,0.015810,-0.067547,1.671980,172.220700,357.878400
260.735,10,-0.099175,1.638480,-0.145713,0.018711,-0.996713,0.016020,-0.077182,1.664516,171.111000,357.719700
260.847,10,-0.101349,1.636073,-0.167059,0.019329,-0.995643,0.019615,-0.089088,2.041077,169.731000,357.592300
260.958,10,-0.103174,1.634264,-0.179307,0.020088,-0.995045,0.020992,-0.095086,2.175204,169.035000,357.478200
261.069,10,-0.105469,1.632321,-0.188003,0.022541,-0.994642,0.022333,-0.098385,2.291937,168.645400,357.175600
261.180,10,-0.105823,1.632116,-0.184315,0.025773,-0.994640,0.026103,-0.096671,2.690656,168.821500,356.768100
261.291,10,-0.100992,1.637059,-0.161906,0.025588,-0.995297,0.024972,-0.090027,2.585037,169.591300,356.819100
261.403,10,-0.091384,1.642010,-0.129329,0.022883,-0.995563,0.021267,-0.088762,2.193991,169.756000,357.169900
261.513,11,-0.078059,1.645208,-0.089261,0.022177,-0.995680,0.025691,-0.086422,2.712594,170.012600,357.211000
261.625,11,-0.062266,1.647147,-0.043717,0.025066,-0.996271,0.037771,-0.073406,4.104718,171.457700,356.810900
261.737,11,-0.046643,1.647771,-0.002405,0.033912,-0.996827,0.049992,-0.051844,5.517503,173.843400,355.806200
261.847,11,-0.023073,1.649266,0.050557,0.040555,-0.997098,0.059569,-0.024536,6.707551,176.897000,355.159900
261.958,11,-0.004175,1.648858,0.090974,0.044037,-0.996705,0.067880,-0.005607,7.748179,179.008000,354.873200
262.069,11,0.017205,1.647588,0.140535,0.047726,-0.996094,0.071157,0.021365,8.267680,182.071500,354.663500
262.179,11,0.031322,1.648339,0.173402,0.048695,-0.995710,0.065335,0.043838,7.722647,184.685000,354.716700
262.290,11,0.046863,1.650533,0.205849,0.042148,-0.995871,0.054469,0.059150,6.515605,186.543400,355.525900
262.402,11,0.056608,1.652458,0.225626,0.040476,-0.995731,0.048487,0.067306,5.854897,187.515500,355.729400
262.512,11,0.062987,1.652773,0.238695,0.042894,-0.995268,0.046481,0.073765,5.672962,188.253100,355.474000
262.623,11,0.065335,1.651833,0.246216,0.048440,-0.993809,0.047086,0.088206,5.862070,189.884100,354.926400
262.735,11,0.066183,1.650637,0.249609,0.052037,-0.992308,0.051279,0.099937,6.440415,191.199500,354.628400
262.846,11,0.062941,1.649937,0.251032,0.056108,-0.988962,0.051807,0.126974,6.702765,194.301200,354.347500
262.957,11,0.054707,1.648153,0.251054,0.060513,-0.981307,0.055184,0.174153,7.433867,199.752500,354.238600
263.068,11,0.035435,1.642997,0.253828,0.072920,-0.959036,0.062320,0.266550,9.114475,210.570300,353.799600
263.179,11,0.018866,1.639161,0.255616,0.082570,-0.943198,0.066742,0.314811,10.246920,216.319200,353.362900
263.290,11,-0.008363,1.633393,0.254374,0.089490,-0.926275,0.073875,0.358536,11.597080,221.647800,353.387000
263.401,11,-0.037530,1.630886,0.249141,0.093673,-0.912995,0.080082,0.388911,12.655540,225.434900,353.600300
263.512,11,-0.068019,1.631294,0.240807,0.086279,-0.905190,0.076754,0.409019,12.095000,228.051400,354.518100
263.623,11,-0.097598,1.635526,0.232807,0.071283,-0.904913,0.059666,0.415320,9.624841,228.917300,355.377900
263.735,11,-0.120881,1.641321,0.227858,0.065035,-0.904858,0.043141,0.418499,7.614562,229.327000,355.278500
263.846,11,-0.147527,1.637174,0.217401,0.074773,-0.903074,0.068094,0.417409,10.685060,229.186600,355.435300
263.957,11,-0.170480,1.631983,0.205609,0.078196,-0.904834,0.084800,0.409842,12.565480,228.270100,355.769700
264.068,11,-0.204174,1.621237,0.189712,0.078566,-0.899547,0.113785,0.414363,15.653490,229.079800,357.199200
264.179,11,-0.229050,1.613207,0.175833,0.079569,-0.899989,0.127594,0.409156,17.144320,228.544400,357.672200
264.290,11,-0.259675,1.603447,0.157924,0.078264,-0.900946,0.139356,0.403425,18.315630,227.965500,358.274600
264.401,11,-0.283938,1.594807,0.142853,0.080491,-0.903402,0.142680,0.396267,18.758920,227.044800,358.042000
264.512,11,-0.307468,1.584531,0.126212,0.078413,-0.905997,0.146594,0.389271,19.067110,226.217900,358.305100
264.624,11,-0.331424,1.570575,0.106158,0.076743,-0.909108,0.150595,0.380729,19.405440,225.189000,358.489500
264.735,11,-0.351772,1.557587,0.088593,0.077535,-0.911194,0.152271,0.374870,19.610750,224.439800,358.349300
264.847,11,-0.375828,1.542853,0.066831,0.078448,-0.913423,0.154728,0.368189,19.903200,223.593300,358.209700
264.957,11,-0.392783,1.532400,0.049982,0.080119,-0.916013,0.153353,0.361916,19.812290,222.737200,357.820600
265.068,11,-0.413060,1.519961,0.027833,0.078803,-0.917768,0.152574,0.358069,19.663090,222.253500,357.846800
265.180,11,-0.426741,1.512419,0.010989,0.078978,-0.919772,0.149870,0.354009,19.366530,221.696000,357.620200
265.291,11,-0.440243,1.503380,-0.009295,0.078312,-0.921571,0.148281,0.350123,19.155970,221.190800,357.542400
265.402,11,-0.447267,1.497349,-0.024184,0.075930,-0.921940,0.152591,0.347819,19.522640,220.985600,357.941300
265.514,11,-0.446257,1.494865,-0.033070,0.071330,-0.923533,0.156549,0.342769,19.758530,220.465700,358.512400
265.625,11,-0.434582,1.496170,-0.038915,0.067435,-0.928831,0.157184,0.328663,19.652950,218.740900,358.664500
265.736,11,-0.415017,1.498767,-0.041849,0.068100,-0.936510,0.154120,0.307505,19.302220,216.017000,358.010300
265.847,11,-0.378448,1.501772,-0.045067,0.062667,-0.946585,0.150528,0.278192,18.653340,212.408400,357.889800
265.958,11,-0.343694,1.504306,-0.047910,0.057850,-0.953289,0.149579,0.255969,18.348670,209.731200,357.964100
266.069,11,-0.292671,1.505862,-0.051363,0.051688,-0.961974,0.149441,0.222717,18.091730,205.755300,358.017900
266.180,11,-0.247062,1.507740,-0.051479,0.047215,-0.967763,0.149766,0.196917,17.967150,202.694000,358.047900
266.291,11,-0.203756,1.509950,-0.048631,0.044927,-0.971484,0.150410,0.177699,17.951300,200.409300,357.961700
266.402,11,-0.164052,1.511766,-0.045323,0.042922,-0.974393,0.148953,0.162880,17.713650,198.650400,357.887000
266.513,11,-0.128965,1.510623,-0.042148,0.040161,-0.976269,0.149027,0.151913,17.648810,197.379900,358.007100
266.624,11,-0.100034,1.509850,-0.037981,0.039560,-0.977366,0.149710,0.144142,17.700900,196.459000,357.944500
266.735,11,-0.080778,1.510644,-0.034227,0.038492,-0.978038,0.149031,0.140532,17.597910,196.042500,357.991500
266.846,11,-0.064069,1.512632,-0.029413,0.041026,-0.978442,0.146716,0.139438,17.370350,195.860100,357.635900
266.957,11,-0.056687,1.514279,-0.025497,0.043047,-0.978248,0.144448,0.142520,17.150510,196.188700,357.417900
267.068,11,-0.051902,1.514324,-0.021915,0.044758,-0.977600,0.142014,0.148754,16.916710,196.900500,357.288500
267.180,11,-0.050084,1.513418,-0.020814,0.046411,-0.976983,0.142071,0.152205,16.961530,197.286000,357.157200
267.290,11,-0.048651,1.513006,-0.020514,0.046196,-0.976747,0.140862,0.154885,16.826970,197.608100,357.208900
267.402,11,-0.048261,1.512305,-0.021393,0.045470,-0.976623,0.140950,0.155801,16.826700,197.730400,357.311700
267.513,11,-0.048211,1.511639,-0.021567,0.043370,-0.976402,0.141596,0.157191,16.866580,197.934300,357.593800
267.624,11,-0.047693,1.511168,-0.021622,0.043965,-0.976730,0.141521,0.155044,16.863240,197.666600,357.484700
267.735,11,-0.046676,1.510074,-0.021243,0.043028,-0.977503,0.138170,0.153445,16.458970,197.481900,357.506900
267.846,11,-0.046917,1.505823,-0.024514,0.040339,-0.977966,0.139482,0.149999,16.554010,197.117600,357.784500
267.957,11,-0.051077,1.502712,-0.035957,0.036969,-0.978599,0.139102,0.147066,16.446720,196.821600,358.121300
268.068,11,-0.062317,1.496872,-0.065861,0.038915,-0.979609,0.135961,0.142712,16.110080,196.261300,357.766800
268.180,11,-0.074198,1.490376,-0.099799,0.038537,-0.980985,0.133726,0.135284,15.830500,195.377200,357.651300
268.291,11,-0.089675,1.483132,-0.149982,0.043043,-0.980793,0.138763,0.130143,16.463220,194.699200,357.112200
268.402,11,-0.100030,1.476916,-0.190836,0.040488,-0.981799,0.139294,0.122592,16.465860,193.842600,357.289600
268.513,11,-0.107753,1.470417,-0.225146,0.038602,-0.981663,0.143422,0.119491,16.906400,193.510500,357.513300
268.625,11,-0.114082,1.464931,-0.252387,0.037149,-0.981779,0.146969,0.114586,17.283250,192.955800,357.643400
268.736,11,-0.119151,1.462027,-0.269095,0.038435,-0.981734,0.149245,0.111569,17.554580,192.575600,357.465400
268.847,11,-0.125231,1.459757,-0.282356,0.038512,-0.981280,0.152036,0.111764,17.877860,192.601400,357.494900
268.958,11,-0.128381,1.459375,-0.287743,0.040347,-0.981166,0.152167,0.111944,17.916730,192.589400,357.282900
269.069,11,-0.128988,1.462528,-0.280642,0.041620,-0.980982,0.153137,0.111763,18.044330,192.545200,357.140900
269.181,11,-0.123549,1.475947,-0.257230,0.043275,-0.981199,0.145705,0.118935,17.230980,193.365400,356.983300
269.291,11,-0.112588,1.495214,-0.216514,0.042245,-0.981948,0.135638,0.124881,16.077120,194.081900,357.071700
269.403,11,-0.094636,1.517651,-0.157151,0.044401,-0.981402,0.122715,0.140783,14.676880,195.925300,356.883200
269.514,11,-0.070841,1.540442,-0.090275,0.041947,-0.980974,0.107769,0.155939,12.974640,197.739000,357.136200
269.625,11,-0.035545,1.570471,0.005483,0.045715,-0.976775,0.108928,0.178761,13.246490,200.397600,357.034300
269.735,11,-0.010024,1.589038,0.078316,0.053664,-0.970962,0.116899,0.201714,14.398080,203.045500,356.623300
269.846,11,0.016480,1.606375,0.157766,0.061759,-0.964714,0.122581,0.224691,15.323220,205.709400,356.190700
269.957,11,0.030774,1.615885,0.204548,0.068903,-0.960776,0.123884,0.238358,15.717610,207.262900,355.630200
270.067,11,0.042973,1.624162,0.248688,0.071872,-0.957988,0.118494,0.251104,15.255650,208.752500,355.351000
270.178,11,0.049674,1.626869,0.273186,0.070107,-0.957621,0.117298,0.253553,15.082250,209.071800,355.557600
270.289,11,0.053268,1.627195,0.295163,0.073408,-0.957403,0.116933,0.253609,15.137550,209.031000,355.171500
270.401,11,0.053775,1.627225,0.307116,0.074943,-0.956794,0.117170,0.255342,15.217710,209.220700,355.031400
270.512,11,0.053706,1.627512,0.312878,0.074106,-0.956419,0.115119,0.257911,14.976910,209.539800,355.108500
270.623,11,0.053903,1.627007,0.314786,0.072468,-0.956456,0.117774,0.257041,15.221180,209.464400,355.358600
270.733,11,0.054445,1.627253,0.314639,0.070844,-0.956899,0.116407,0.256468,15.017710,209.413400,355.494500
270.845,11,0.053680,1.626487,0.314324,0.069953,-0.955751,0.119889,0.259370,15.394000,209.791000,355.745600
270.956,11,0.053329,1.626219,0.313536,0.071140,-0.955082,0.120901,0.261037,15.550110,209.981000,355.668000
271.067,11,0.053268,1.626167,0.313310,0.072039,-0.954522,0.121651,0.262489,15.667550,210.148000,355.612300
271.178,11,0.054011,1.626456,0.313903,0.072608,-0.954263,0.121200,0.263477,15.638920,210.258900,355.550600
271.289,11,0.055375,1.627462,0.315124,0.071156,-0.954460,0.119899,0.263755,15.450940,210.309100,355.681300
271.401,11,0.057420,1.628465,0.315956,0.070067,-0.955713,0.115234,0.261583,14.887240,210.043200,355.629900
271.512,11,0.058126,1.629235,0.316986,0.066678,-0.957476,0.112032,0.257377,14.409970,209.567400,355.854400
271.623,11,0.057179,1.630309,0.318828,0.065442,-0.958083,0.107845,0.257223,13.905170,209.552500,355.869500
271.734,11,0.056629,1.629904,0.320788,0.065727,-0.958004,0.109349,0.256809,14.079740,209.502900,355.875100
271.845,11,0.056497,1.629742,0.324768,0.066103,-0.958259,0.109319,0.255773,14.083010,209.372300,355.816000
271.956,12,0.056813,1.630153,0.327764,0.066451,-0.959187,0.108512,0.252529,13.988520,208.972400,355.704900
272.068,12,0.057612,1.629490,0.331241,0.068419,-0.959833,0.109927,0.248910,14.186770,208.511800,355.467300
272.179,12,0.058242,1.629620,0.334003,0.068218,-0.959938,0.109595,0.248706,14.142880,208.489000,355.477800
272.290,12,0.059481,1.629435,0.337474,0.069211,-0.960461,0.110890,0.245823,14.302270,208.129700,355.357500
272.401,12,0.061167,1.628696,0.339957,0.069484,-0.961194,0.114085,0.241376,14.646800,207.594900,355.346100
272.512,12,0.063063,1.628112,0.341366,0.069779,-0.962850,0.117503,0.232903,14.997640,206.573100,355.270600
272.623,12,0.064293,1.627616,0.341339,0.068887,-0.964523,0.120902,0.224350,15.315530,205.559400,355.323300
272.735,12,0.064991,1.626882,0.340000,0.067869,-0.965808,0.123938,0.217368,15.599100,204.737500,355.401700
272.846,12,0.067385,1.624434,0.334416,0.063355,-0.968865,0.134137,0.198226,16.561190,202.519700,355.836800
272.956,12,0.068678,1.620646,0.326908,0.057907,-0.970108,0.147230,0.184014,17.876710,200.929700,356.496000
273.067,12,0.065720,1.615161,0.315161,0.052197,-0.969394,0.165870,0.173314,19.857320,199.806900,357.336700
273.178,12,0.059450,1.613042,0.302483,0.050215,-0.969831,0.172639,0.164626,20.572600,198.817300,357.517200
273.289,12,0.048242,1.608391,0.278544,0.043704,-0.971996,0.185881,0.136975,21.920740,195.635600,357.897300
273.401,12,0.033516,1.603170,0.245040,0.039202,-0.976055,0.191946,0.094533,22.464580,190.568300,357.504500
273.512,12,0.013997,1.597367,0.199789,0.028109,-0.979163,0.198301,0.033572,22.968570,183.399600,357.402200
273.623,12,-0.010779,1.595173,0.144217,0.016591,-0.980880,0.190676,-0.035244,21.893990,175.334700,357.159100
273.734,12,-0.034559,1.602542,0.081311,-0.006762,-0.978577,0.168935,-0.117482,19.403630,166.033500,358.392500
273.845,12,-0.051071,1.620285,0.026759,-0.013415,-0.965966,0.142974,-0.215149,16.378890,154.580900,357.873300
273.957,12,-0.059425,1.633128,-0.008808,-0.017486,-0.949442,0.111678,-0.292885,12.844520,145.498900,358.106600
274.068,12,-0.061753,1.642941,-0.046363,-0.016822,-0.924562,0.089512,-0.369986,10.251400,136.196500,357.954100
274.180,12,-0.054751,1.645742,-0.074753,-0.016669,-0.912832,0.074743,-0.401090,8.616854,132.430600,358.288700
274.291,12,-0.031423,1.647221,-0.109152,-0.018710,-0.902734,0.060297,-0.425541,7.168569,129.459000,358.987200
274.403,12,-0.000364,1.646577,-0.136965,-0.022422,-0.896086,0.045499,-0.440973,5.815022,127.595600,0.003283
274.513,12,0.037121,1.650771,-0.163846,-0.022308,-0.894185,0.036346,-0.445663,4.869291,127.034900,0.431227
274.625,12,0.073158,1.653291,-0.188884,-0.020969,-0.893996,0.031353,-0.446484,4.288758,126.943000,0.545538
274.736,12,0.098939,1.651423,-0.207455,-0.018374,-0.894144,0.030865,-0.446336,4.105731,126.956300,0.304759
274.847,12,0.126014,1.654346,-0.228830,-0.012723,-0.891238,0.036766,-0.451864,4.417997,126.206000,359.393900
274.959,12,0.144120,1.654801,-0.245017,-0.011292,-0.888789,0.033739,-0.456934,4.030802,125.562100,359.381900
275.069,12,0.165009,1.652843,-0.268563,-0.012502,-0.885243,0.037504,-0.463445,4.472927,124.705500,359.274200
275.181,12,0.182465,1.650814,-0.295319,-0.009155,-0.879268,0.039423,-0.474604,4.474583,123.234300,358.774600
275.292,12,0.199017,1.647370,-0.329315,-0.002139,-0.869481,0.045697,-0.491844,4.678716,120.911600,357.629000
275.403,12,0.214497,1.642672,-0.372748,0.008050,-0.857878,0.053385,-0.511009,4.782243,118.274000,356.065800
275.514,12,0.229105,1.638290,-0.419793,0.012960,-0.848663,0.057815,-0.525605,4.847682,116.255600,355.235000
275.625,12,0.250733,1.639284,-0.490284,0.013396,-0.839191,0.059496,-0.540406,4.897845,114.226300,355.002900
275.736,12,0.267986,1.642147,-0.543320,0.011899,-0.831886,0.062757,-0.551259,5.238094,112.703400,354.873200
275.847,12,0.291834,1.649384,-0.602922,0.008925,-0.820500,0.065117,-0.567856,5.550422,110.379200,354.892900
275.958,12,0.310972,1.651164,-0.638790,0.008279,-0.807700,0.066119,-0.585816,5.572656,107.839000,354.763200
276.069,12,0.335309,1.651745,-0.671250,0.007896,-0.794212,0.068363,-0.603731,5.684814,105.246000,354.516600
276.181,12,0.357561,1.650526,-0.691698,0.005134,-0.789107,0.069935,-0.610240,5.975741,104.286600,354.608100
276.292,12,0.373717,1.649571,-0.702116,-0.000761,-0.789537,0.073983,-0.609227,6.762334,104.386800,354.861400
276.403,12,0.375885,1.649477,-0.699733,-0.005637,-0.792872,0.071089,-0.605202,6.866238,105.023400,355.545700
276.514,12,0.364047,1.649773,-0.687507,-0.006200,-0.792854,0.072082,-0.605102,6.996168,105.025100,355.527300
276.625,12,0.334874,1.650234,-0.663117,0.001468,-0.795526,0.074973,-0.601262,6.749023,105.520300,354.655800
276.736,12,0.306582,1.650161,-0.638370,0.008759,-0.796929,0.072956,-0.599588,6.071949,105.775500,354.144500
276.847,12,0.270545,1.647082,-0.604591,0.011605,-0.794272,0.073498,-0.602989,5.898079,105.271800,353.820600
276.958,12,0.251054,1.643981,-0.589421,0.015261,-0.797422,0.079046,-0.598027,6.189287,105.892100,353.132200
277.068,12,0.236884,1.645371,-0.584666,0.021881,-0.806267,0.083356,-0.585241,6.246337,107.631200,352.319700
277.180,12,0.227186,1.648752,-0.583417,0.030224,-0.810035,0.084895,-0.579415,5.883748,108.409400,351.481800
277.291,12,0.210893,1.651793,-0.576408,0.038009,-0.815995,0.081601,-0.571007,5.150105,109.629700,351.034000
277.402,12,0.196157,1.652696,-0.566577,0.037486,-0.821556,0.077422,-0.563601,4.873632,110.732200,351.407600
277.513,12,0.181710,1.653312,-0.556772,0.037936,-0.826759,0.075432,-0.556184,4.733933,111.790000,351.538900
277.625,12,0.166189,1.651971,-0.551214,0.039628,-0.830802,0.074757,-0.550099,4.624031,112.634900,351.455500
277.736,12,0.152726,1.651449,-0.550495,0.048235,-0.829448,0.078784,-0.550892,4.447773,112.443400,350.367700
277.847,12,0.134558,1.651531,-0.554049,0.070504,-0.822301,0.083447,-0.558468,3.353019,111.279700,347.906100
277.958,12,0.121734,1.651550,-0.559004,0.086592,-0.819967,0.084447,-0.559486,2.383807,111.100100,346.308000
278.069,12,0.110547,1.649476,-0.569228,0.099918,-0.825438,0.083122,-0.549327,1.572928,112.507600,345.145100
278.181,12,0.103162,1.648341,-0.581795,0.094816,-0.825437,0.090856,-0.549007,2.629828,112.400200,345.133900
278.291,12,0.100116,1.648517,-0.600915,0.100698,-0.815815,0.084534,-0.563170,1.404378,110.578700,344.954000
278.403,12,0.102581,1.650094,-0.629183,0.103979,-0.800472,0.093687,-0.582800,1.649736,107.653400,343.991500
278.514,12,0.107722,1.652489,-0.656342,0.110293,-0.796335,0.106344,-0.585131,2.309642,107.029500,342.521100
278.625,12,0.114145,1.651142,-0.683844,0.117466,-0.792625,0.121012,-0.585922,3.105961,106.530200,340.822100
278.736,12,0.115976,1.650260,-0.699409,0.113437,-0.788127,0.125102,-0.591893,3.606750,105.578400,340.880000
278.847,12,0.115480,1.648743,-0.716300,0.116019,-0.787745,0.131503,-0.590512,4.023209,105.585000,340.188300
278.958,12,0.113932,1.647700,-0.725998,0.114773,-0.786990,0.134563,-0.591073,4.365635,105.415800,340.079700
279.069,12,0.111748,1.647357,-0.734424,0.114733,-0.785772,0.137233,-0.592087,4.577277,105.191000,339.884600
279.180,12,0.111153,1.646814,-0.737073,0.108718,-0.786559,0.137061,-0.592216,4.982027,105.187600,340.450000
279.291,12,0.115022,1.647172,-0.729402,0.098139,-0.784432,0.129492,-0.598554,4.914699,104.527900,341.933300
279.403,12,0.129072,1.647848,-0.708417,0.083918,-0.778254,0.121857,-0.610270,5.005189,103.079700,343.714800
279.513,12,0.155176,1.650565,-0.677637,0.067927,-0.773945,0.109913,-0.619931,4.928549,102.003900,345.976700
279.625,12,0.186970,1.650205,-0.642615,0.056306,-0.773770,0.107269,-0.621775,5.507896,101.813400,347.199700
279.736,12,0.215936,1.650236,-0.612539,0.047942,-0.775747,0.104126,-0.620545,5.857278,102.078700,348.189200
279.847,12,0.247251,1.647707,-0.579776,0.037232,-0.778204,0.100453,-0.618807,6.330655,102.432400,349.432800
279.958,12,0.267687,1.645366,-0.558687,0.034285,-0.781445,0.099882,-0.614973,6.542233,103.010400,349.770600
280.069,12,0.290336,1.641919,-0.536914,0.028689,-0.785049,0.093235,-0.611704,6.389735,103.633800,350.787100
280.180,12,0.306328,1.639437,-0.521112,0.027161,-0.784302,0.084243,-0.614033,5.669460,103.466300,351.559700
280.291,12,0.318643,1.636931,-0.507666,0.023932,-0.783053,0.077365,-0.616661,5.258349,103.205800,352.330600
280.403,12,0.327936,1.636527,-0.495225,0.024201,-0.782495,0.064178,-0.618867,4.041762,103.081200,353.246300
280.514,12,0.334658,1.637389,-0.485631,0.024158,-0.782439,0.051399,-0.620133,2.892975,103.054400,354.164000
280.626,12,0.340128,1.637190,-0.475712,0.023228,-0.781383,0.040282,-0.622317,1.950811,102.845700,355.038500
280.737,12,0.340920,1.636995,-0.470543,0.022943,-0.780548,0.041568,-0.623290,2.079805,102.691900,354.969100
280.848,12,0.339763,1.638917,-0.466151,0.025095,-0.782703,0.036992,-0.620788,1.532918,103.096400,355.110000
280.959,12,0.340453,1.638847,-0.464123,0.023633,-0.784864,0.035600,-0.618194,1.527910,103.486800,355.345800
281.070,12,0.342468,1.638416,-0.463783,0.023231,-0.786235,0.034762,-0.616512,1.490853,103.738400,355.444800
281.181,12,0.344208,1.638503,-0.465284,0.023853,-0.787745,0.034556,-0.614568,1.439616,104.022300,355.406900
281.292,12,0.344693,1.637880,-0.466794,0.023753,-0.788240,0.035058,-0.613910,1.495806,104.114100,355.381700
281.403,12,0.343912,1.638358,-0.468015,0.024717,-0.788830,0.034046,-0.613170,1.340918,104.228800,355.367200
281.514,12,0.343445,1.638507,-0.468344,0.025610,-0.789844,0.033238,-0.611871,1.212824,104.422700,355.345400
281.626,12,0.344092,1.638071,-0.468076,0.024377,-0.789815,0.033610,-0.611938,1.332583,104.410700,355.430800
281.737,12,0.344079,1.637794,-0.467687,0.023570,-0.789106,0.033955,-0.612865,1.415266,104.274100,355.478000
281.848,12,0.343392,1.638283,-0.467511,0.023829,-0.789236,0.033445,-0.612716,1.351827,104.299500,355.490700
281.959,12,0.342142,1.638718,-0.467660,0.024932,-0.789559,0.033791,-0.612236,1.308336,104.366000,355.367300
282.069,12,0.336508,1.640218,-0.467393,0.025667,-0.789122,0.033837,-0.612767,1.257624,104.288500,355.296700
282.181,12,0.325765,1.642858,-0.466712,0.027539,-0.789032,0.032504,-0.612873,1.004858,104.282200,355.221000
282.292,12,0.310689,1.646577,-0.466138,0.030673,-0.789759,0.029227,-0.611953,0.494121,104.437800,355.168600
282.403,12,0.295962,1.648823,-0.466246,0.033530,-0.787781,0.026071,-0.614489,359.992500,104.090100,355.131500
282.514,12,0.284744,1.650452,-0.466705,0.035798,-0.786014,0.026824,-0.616588,359.886700,103.780300,354.873600
282.625,12,0.271529,1.651824,-0.467194,0.036687,-0.785137,0.027430,-0.617625,359.871300,103.625400,354.750500
282.736,12,0.261343,1.652054,-0.467068,0.037362,-0.784584,0.025775,-0.618359,359.670000,103.529200,354.807300
282.847,12,0.251293,1.652957,-0.466933,0.037126,-0.785048,0.022964,-0.617895,359.437100,103.613400,355.027700
282.959,12,0.244992,1.653441,-0.466848,0.034619,-0.785062,0.023039,-0.618020,359.620900,103.594400,355.248400
283.069,12,0.235238,1.655480,-0.466305,0.032638,-0.785058,0.021132,-0.618200,359.588900,103.578000,355.562300
283.180,12,0.225257,1.658107,-0.465672,0.034437,-0.785508,0.018256,-0.617623,359.206000,103.676500,355.603500
283.291,12,0.217722,1.660904,-0.464208,0.039482,-0.783479,0.014088,-0.620003,358.459500,103.348800,355.447900
283.402,12,0.212840,1.661952,-0.462487,0.039080,-0.780610,0.012504,-0.623670,358.325300,102.817900,355.604500
283.513,12,0.209189,1.662496,-0.461842,0.038651,-0.781086,0.011412,-0.623121,358.261300,102.901900,355.719700
283.625,12,0.206311,1.663160,-0.460659,0.038876,-0.780739,0.011544,-0.623540,358.254800,102.840200,355.691000
283.736,12,0.202354,1.662656,-0.458320,0.034356,-0.779850,0.016248,-0.624812,358.992100,102.634200,355.762000
283.847,12,0.191036,1.662025,-0.454414,0.022668,-0.776325,0.027969,-0.629304,0.853560,101.912100,355.962700
283.958,12,0.176068,1.660548,-0.449889,0.011548,-0.772512,0.043887,-0.633376,3.048260,101.191600,355.782700
284.068,12,0.153989,1.658742,-0.445046,0.000537,-0.771347,0.056469,-0.633905,4.958448,100.991600,355.831400
284.180,12,0.139595,1.657612,-0.442154,0.004341,-0.772956,0.054309,-0.632117,4.500502,101.277500,355.664100
284.290,12,0.126259,1.656164,-0.440162,0.005785,-0.776792,0.056020,-0.627235,4.575638,101.978100,355.439200
284.402,12,0.120655,1.656154,-0.437958,0.009072,-0.778450,0.054903,-0.625235,4.251419,102.281800,355.238600
284.513,12,0.119828,1.655630,-0.435920,0.008667,-0.776900,0.055442,-0.627119,4.317043,101.998500,355.225200
284.626,12,0.121695,1.655242,-0.434336,0.008446,-0.775259,0.056765,-0.629031,4.438545,101.701000,355.137600
284.736,12,0.124889,1.655384,-0.433748,0.007453,-0.774807,0.057585,-0.629525,4.580004,101.619300,355.163000
284.847,12,0.128668,1.654670,-0.433467,0.002879,-0.773300,0.059176,-0.631266,5.042023,101.347800,355.441800
284.958,12,0.130005,1.654065,-0.433914,0.002100,-0.773464,0.061290,-0.630866,5.287964,101.381600,355.358300
285.069,12,0.131021,1.653148,-0.435105,0.002965,-0.777358,0.065137,-0.625671,5.598635,102.098100,355.036000
285.180,12,0.130686,1.652023,-0.435283,0.003172,-0.778699,0.068129,-0.623680,5.862841,102.350000,354.813800
285.291,12,0.129708,1.651861,-0.434631,0.004480,-0.779428,0.067013,-0.622882,5.674768,102.480900,354.783900
285.403,12,0.129130,1.651782,-0.433294,0.004466,-0.778152,0.067014,-0.624474,5.665267,102.246500,354.773600
285.513,12,0.128902,1.651673,-0.432088,0.003723,-0.777174,0.066616,-0.625739,5.675034,102.066800,354.859700
285.625,12,0.129070,1.651196,-0.431090,0.003593,-0.776207,0.067796,-0.626812,5.781977,101.892100,354.777000
285.735,12,0.129371,1.651321,-0.430178,0.004027,-0.775922,0.067224,-0.627224,5.697061,101.838600,354.777200
285.847,12,0.129949,1.652140,-0.429539,0.006830,-0.776535,0.063786,-0.626801,5.192467,101.943900,354.782200
285.958,12,0.130764,1.653266,-0.428851,0.008865,-0.778374,0.058903,-0.624969,4.623937,102.273600,354.968000
286.069,12,0.132301,1.652792,-0.428023,0.007460,-0.778932,0.059537,-0.624232,4.786123,102.376100,355.052000
286.180,12,0.133642,1.652641,-0.428549,0.006787,-0.781474,0.060378,-0.620973,4.929973,102.845200,355.071500
286.291,12,0.134928,1.652743,-0.428636,0.007623,-0.783036,0.060371,-0.618993,4.882236,103.134000,355.009400
286.403,12,0.136307,1.652270,-0.428137,0.006678,-0.782612,0.061490,-0.619430,5.046960,103.057500,355.010800
286.513,12,0.137284,1.652038,-0.427635,0.006513,-0.781968,0.062297,-0.620164,5.126265,102.939800,354.962600
286.625,12,0.137842,1.651725,-0.427141,0.006923,-0.782684,0.062909,-0.619194,5.157966,103.073400,354.887900
286.735,13,0.138544,1.651624,-0.426251,0.006234,-0.782302,0.063553,-0.619618,5.261941,103.004000,354.900500
286.847,13,0.139077,1.651683,-0.423859,0.006556,-0.780779,0.062035,-0.621685,5.089951,102.720000,354.967800
286.958,13,0.139780,1.651431,-0.422337,0.005345,-0.780015,0.062374,-0.622621,5.201013,102.580000,355.045500
287.069,13,0.140861,1.651133,-0.420091,0.003900,-0.778882,0.062228,-0.624064,5.282607,102.371800,355.175600
287.181,13,0.142306,1.650842,-0.417726,0.003117,-0.778471,0.063072,-0.624496,5.411445,102.298400,355.181200
287.292,13,0.145183,1.650602,-0.413352,0.000157,-0.774559,0.061729,-0.629482,5.475993,101.583700,355.508200
287.403,13,0.151539,1.650499,-0.403527,-0.010353,-0.755230,0.056859,-0.652907,5.704753,98.143910,356.623300
287.514,13,0.159851,1.648039,-0.391121,-0.028039,-0.722375,0.053552,-0.688855,6.661215,92.609550,358.080500
287.625,13,0.174334,1.643972,-0.373966,-0.053995,-0.663431,0.050336,-0.744587,8.464557,83.388210,359.808000
287.736,13,0.187128,1.641157,-0.358868,-0.070249,-0.597722,0.045331,-0.797332,9.567782,73.771100,0.679347
287.847,13,0.206195,1.638759,-0.336870,-0.082869,-0.486054,0.034519,-0.869306,10.231910,58.528680,1.196033
287.958,13,0.223123,1.639917,-0.318904,-0.073151,-0.378946,0.019694,-0.922313,8.618902,44.755600,1.107685
288.069,13,0.248206,1.644693,-0.303985,-0.041857,-0.257426,0.006649,-0.965368,4.832259,29.883390,0.501038
288.181,13,0.273412,1.654802,-0.299856,-0.020709,-0.179747,-0.013426,-0.983403,2.057550,20.751260,1.941082
288.292,13,0.295763,1.657041,-0.296458,-0.025909,-0.081464,-0.007591,-0.996311,2.888355,9.376794,1.110020
288.403,13,0.312831,1.650552,-0.290992,-0.062605,0.000698,-0.007600,-0.998009,7.179052,359.974500,0.871047
288.513,13,0.316190,1.639528,-0.283785,-0.117108,0.078310,-0.014975,-0.989914,13.544440,351.032800,0.666368
288.624,13,0.306794,1.629535,-0.274525,-0.158904,0.163355,-0.019868,-0.973483,18.413520,340.819000,359.200900
288.735,13,0.292204,1.621662,-0.265382,-0.180739,0.222008,-0.025243,-0.957815,20.942840,333.538400,358.042900
288.846,13,0.266650,1.615697,-0.251450,-0.190486,0.272664,-0.031149,-0.942549,22.090530,327.186000,357.206500
288.957,13,0.241899,1.608501,-0.236564,-0.202908,0.289785,-0.039683,-0.934494,23.717750,324.971800,357.280900
289.067,13,0.202391,1.580778,-0.203588,-0.273398,0.279861,-0.056946,-0.918525,32.284240,325.159100,356.717000
289.178,13,0.170680,1.546561,-0.167440,-0.371427,0.247600,-0.073846,-0.891786,44.349700,327.258300,355.812100
289.288,13,0.129472,1.513121,-0.112471,-0.440507,0.215889,-0.088382,-0.866911,53.314010,330.250800,356.452900
289.397,13,0.097677,1.507100,-0.079081,-0.454216,0.209661,-0.087191,-0.861468,54.999490,330.548200,355.977200
289.506,13,0.055338,1.533952,-0.055212,-0.361426,0.256289,-0.068292,-0.893881,42.933480,326.055800,355.050400
289.619,13,0.023899,1.585105,-0.052467,-0.215039,0.351360,-0.000402,-0.911210,23.089820,315.900900,350.591300
289.731,13,-0.001492,1.644309,-0.074519,-0.033589,0.487471,0.074384,-0.869316,359.190900,301.502700,350.671800
289.845,13,-0.017817,1.667752,-0.092493,0.037869,0.571683,0.082905,-0.815397,350.993400,290.351400,354.660900
289.957,13,-0.033842,1.671365,-0.097709,0.043646,0.637252,0.073318,-0.765917,350.775500,280.743900,356.707900
290.068,13,-0.058529,1.654612,-0.096352,-0.012756,0.732935,-0.000124,-0.680180,1.004657,265.714700,358.938100
290.179,13,-0.075214,1.634949,-0.086192,-0.075297,0.790447,-0.072171,-0.603585,11.828950,254.537100,358.131400
290.289,13,-0.094282,1.624482,-0.063205,-0.078808,0.860432,-0.115594,-0.489983,16.030630,239.132100,358.668100
290.400,13,-0.104603,1.622710,-0.040335,-0.069244,0.906587,-0.136360,-0.393335,17.560710,226.738800,358.901300
290.511,13,-0.107762,1.626257,-0.012414,-0.052987,0.953219,-0.147852,-0.258275,18.013550,210.085300,358.515100
290.622,13,-0.094084,1.625678,0.009134,-0.043065,0.978564,-0.154905,-0.128693,18.315740,194.551800,357.318500
290.733,13,-0.065722,1.621411,0.030870,-0.022051,0.984171,-0.175662,0.007976,20.206860,178.568300,357.177800
290.844,13,-0.025672,1.619700,0.056063,0.009737,0.967101,-0.187927,0.171185,21.519770,159.391400,357.196100
290.955,13,0.004528,1.616260,0.080780,0.028925,0.938599,-0.184715,0.289958,21.316610,145.053600,356.749500
291.066,13,0.022797,1.608936,0.104223,0.042140,0.913111,-0.204376,0.350262,23.750570,137.154500,355.851600
291.178,13,0.021866,1.609820,0.110527,0.042302,0.918778,-0.197919,0.338948,23.101670,138.781600,356.482400
291.288,13,-0.003157,1.621050,0.105770,0.019605,0.957453,-0.169835,0.232500,19.532030,152.268200,357.480400
291.400,13,-0.045685,1.638561,0.103094,0.012593,0.992820,-0.106352,0.053276,12.269980,173.942900,0.801719
291.511,13,-0.110630,1.654801,0.122619,0.003500,0.971351,-0.038223,-0.234527,4.164133,207.199600,1.420757
291.623,13,-0.158468,1.655146,0.152901,-0.031831,0.879692,-0.037257,-0.473013,5.489434,236.476800,358.805100
291.735,13,-0.186682,1.651276,0.174813,-0.056987,0.774629,-0.037429,-0.628730,7.449090,257.974200,357.617400
291.846,13,-0.206857,1.647420,0.193472,-0.072450,0.607518,-0.020030,-0.790741,7.985137,284.702900,356.737900
291.957,13,-0.208615,1.646678,0.199646,-0.074612,0.434121,0.003192,-0.897754,7.538615,308.117700,355.921300
292.068,13,-0.194618,1.645653,0.187844,-0.088394,0.185657,0.034733,-0.978014,9.207099,338.030700,354.141300
292.179,13,-0.170415,1.647802,0.169020,-0.085124,-0.018817,0.067847,-0.993880,9.890096,1.503734,352.319600
292.290,13,-0.128034,1.644998,0.131282,-0.082102,-0.256744,0.068884,-0.960519,11.133260,29.415950,354.727000
292.401,13,-0.084223,1.642011,0.085080,-0.077747,-0.424968,0.083117,-0.898026,12.138850,50.129890,355.118000
292.512,13,-0.041801,1.639077,0.037478,-0.071201,-0.543879,0.091749,-0.831089,12.600400,65.915680,355.589300
292.623,13,-0.000476,1.638086,-0.006718,-0.060887,-0.620597,0.103249,-0.774914,12.856840,76.819400,355.031000
292.734,13,0.036089,1.642905,-0.040977,-0.044016,-0.664680,0.093546,-0.739941,10.923300,83.419210,355.331000
292.846,13,0.081032,1.661065,-0.079180,0.008145,-0.695505,0.046510,-0.716968,3.039084,88.139940,355.518800
292.958,13,0.105958,1.677160,-0.105993,0.059785,-0.717571,-0.009915,-0.693844,354.422500,92.128410,355.849100
293.069,13,0.131253,1.685099,-0.131161,0.085707,-0.743158,-0.040819,-0.662348,349.967500,96.956170,355.730200
293.182,13,0.143864,1.698236,-0.140367,0.115875,-0.757158,-0.085634,-0.637144,343.898900,100.399500,356.040100
293.293,13,0.152014,1.700869,-0.138736,0.120820,-0.775766,-0.100303,-0.611171,342.343700,104.142200,356.097600
293.404,13,0.167542,1.682858,-0.130422,0.075542,-0.811182,-0.034224,-0.578883,351.779400,109.320100,355.193300
293.514,13,0.181905,1.641327,-0.116371,-0.027521,-0.830640,0.116172,-0.543860,12.881120,113.034600,355.254900
293.623,13,0.189579,1.584841,-0.088831,-0.130151,-0.819469,0.281997,-0.481674,35.983780,117.763500,355.864600
293.732,13,0.193845,1.551724,-0.070390,-0.151260,-0.822896,0.348788,-0.422268,44.569780,124.165700,356.328300
293.836,13,0.189952,1.529275,-0.060407,-0.164763,-0.823668,0.392279,-0.374888,50.331520,130.097500,357.961900
293.936,13,0.182299,1.512241,-0.055917,-0.166232,-0.824663,0.423828,-0.335660,54.157110,135.186800,358.986800
294.043,13,0.172295,1.503093,-0.049462,-0.162656,-0.827933,0.442006,-0.304466,56.196480,139.628900,0.019011
294.154,13,0.170067,1.508794,-0.040074,-0.148518,-0.835788,0.429927,-0.307511,54.095750,138.793900,358.421400
294.259,13,0.173839,1.520041,-0.032780,-0.136904,-0.847388,0.403765,-0.316490,50.439070,138.041500,357.880600
294.367,13,0.192834,1.545503,-0.021535,-0.113175,-0.866656,0.332466,-0.354352,41.031610,134.401300,357.002000
294.479,13,0.216469,1.562460,-0.009795,-0.102608,-0.865840,0.287298,-0.396550,35.372260,129.659800,356.472400
294.591,13,0.255927,1.572783,-0.000140,-0.095708,-0.856002,0.261887,-0.435334,32.119170,124.836000,355.655200
294.703,13,0.301911,1.573242,-0.001422,-0.093736,-0.850148,0.254531,-0.451305,31.157030,122.760800,355.283600
294.814,13,0.351098,1.569833,-0.013337,-0.090726,-0.851483,0.253662,-0.449891,30.904610,122.935900,355.070000
294.925,13,0.425985,1.566618,-0.042476,-0.085913,-0.858061,0.263311,-0.432455,31.747740,124.962700,354.581300
295.037,13,0.484918,1.574511,-0.072135,-0.075243,-0.868712,0.262894,-0.412996,31.258980,127.521600,354.197800
295.148,13,0.544373,1.585823,-0.106943,-0.054199,-0.894629,0.244581,-0.369975,28.536840,133.668400,354.513100
295.260,13,0.577058,1.596800,-0.132468,-0.040182,-0.923052,0.233248,-0.303241,27.063020,142.584000,355.667000
295.371,13,0.604977,1.610775,-0.156993,-0.017546,-0.966931,0.173589,-0.186020,20.012440,157.890900,358.130700
295.483,13,0.620040,1.609209,-0.164255,0.001564,-0.990239,0.137928,-0.020023,15.848890,177.611800,359.486500
295.594,13,0.631701,1.610694,-0.150367,0.034007,-0.969961,0.105893,0.216348,12.717140,205.015900,358.816200
295.705,13,0.661484,1.621713,-0.114890,0.047869,-0.904711,0.097541,0.411937,12.470180,228.921800,359.633000
295.815,13,0.695524,1.629086,-0.079987,0.063045,-0.847488,0.082449,0.520568,11.852210,242.992800,358.769400
295.926,13,0.735042,1.631938,-0.040313,0.079714,-0.780659,0.082065,0.614397,13.066440,256.248000,358.610700
296.037,13,0.761897,1.629532,-0.016139,0.089289,-0.744402,0.091385,0.655395,14.660620,262.623300,359.221300
296.148,13,0.789137,1.621898,0.002921,0.110378,-0.732440,0.110268,0.662714,17.928310,264.130200,359.064300
296.259,13,0.803479,1.606895,0.008691,0.148612,-0.731832,0.148792,0.648226,24.233090,262.734300,358.453200
296.370,13,0.815542,1.579798,0.013667,0.194532,-0.715368,0.208190,0.638014,33.099410,263.200100,359.133600
296.480,13,0.823588,1.566917,0.016899,0.221526,-0.696805,0.233514,0.640984,37.547270,264.991200,359.323300
296.591,13,0.828796,1.591401,0.016868,0.168622,-0.706145,0.151257,0.670856,26.095000,266.543400,357.753800
296.702,13,0.847236,1.648363,0.021012,0.025127,-0.702810,-0.010670,0.710854,1.187601,270.622000,357.105300
296.815,13,0.871812,1.671385,0.025015,-0.033911,-0.676296,-0.073360,0.732183,351.437700,274.811800,356.431000
296.927,13,0.891604,1.682651,0.021225,-0.072488,-0.653773,-0.115947,0.744233,344.959400,278.014800,355.379200
297.039,13,0.899336,1.687873,0.009144,-0.083884,-0.674842,-0.130296,0.721508,342.728200,274.511000,355.507100
297.150,13,0.907031,1.694291,-0.009432,-0.102437,-0.697803,-0.156779,0.691374,338.872400,270.316700,355.460600
297.263,13,0.910058,1.697688,-0.024641,-0.118806,-0.710273,-0.173151,0.671875,336.070300,267.667200,355.991000
297.375,13,0.905406,1.699619,-0.035570,-0.132645,-0.720607,-0.187922,0.654077,333.617900,265.278700,356.501800
297.486,13,0.885198,1.701600,-0.042755,-0.143442,-0.732440,-0.209079,0.631856,330.820600,262.491700,356.448100
297.598,13,0.853753,1.701364,-0.045919,-0.151123,-0.735351,-0.226970,0.620408,328.579200,261.430600,356.010500
297.709,13,0.794541,1.698838,-0.049267,-0.158348,-0.739662,-0.245020,0.606458,326.321900,260.011000,355.662200
297.821,13,0.726910,1.696720,-0.051098,-0.164841,-0.741033,-0.260801,0.596390,324.328100,259.172700,355.285200
297.932,13,0.652324,1.700512,-0.054041,-0.174064,-0.743494,-0.275436,0.583998,322.202300,257.861000,355.436000
298.043,13,0.578757,1.707208,-0.059746,-0.187315,-0.745723,-0.279362,0.575124,320.793900,256.386800,356.895500
298.154,13,0.513309,1.714280,-0.069569,-0.195724,-0.751876,-0.286919,0.560404,319.396300,254.158600,357.942300
298.265,13,0.456814,1.721001,-0.082707,-0.205612,-0.754570,-0.293043,0.549977,318.055800,252.529200,359.072700
298.376,13,0.412628,1.723779,-0.097493,-0.214027,-0.752506,-0.302050,0.544696,316.547900,252.015500,359.452400
298.487,13,0.361875,1.721221,-0.121005,-0.221441,-0.746256,-0.315484,0.542711,314.665600,252.458700,359.027600
298.598,13,0.327644,1.718958,-0.141653,-0.228021,-0.736928,-0.319181,0.550515,313.822700,254.064300,358.729100
298.709,13,0.291261,1.725309,-0.168748,-0.234300,-0.722401,-0.329948,0.560692,312.315400,256.818400,357.319700
298.821,13,0.263444,1.725748,-0.187183,-0.236186,-0.717016,-0.327241,0.568347,312.460300,258.049100,357.174800
298.931,13,0.242212,1.730439,-0.196098,-0.238444,-0.711052,-0.335330,0.570178,311.514700,259.138200,356.254000
299.043,13,0.222653,1.733688,-0.196387,-0.242924,-0.707863,-0.349524,0.563694,309.762800,259.171400,355.504300
299.153,13,0.202569,1.735402,-0.189822,-0.247780,-0.702388,-0.367784,0.556769,307.574000,259.656500,354.214800
299.264,13,0.180116,1.737982,-0.182842,-0.255557,-0.702096,-0.382406,0.543616,305.430400,258.407300,354.366000
299.375,13,0.160288,1.740867,-0.175449,-0.256209,-0.709417,-0.387934,0.529710,304.730000,255.999600,355.220700
299.487,13,0.137857,1.742258,-0.167557,-0.255959,-0.716745,-0.393825,0.515426,304.065300,253.565200,356.001300
299.598,13,0.123901,1.741623,-0.162111,-0.256010,-0.721882,-0.397481,0.505327,303.632700,251.765500,356.677800
299.709,13,0.107489,1.740320,-0.156432,-0.256806,-0.724435,-0.404656,0.495477,302.777600,250.410700,356.938200
299.820,13,0.094388,1.740055,-0.154619,-0.258257,-0.725809,-0.408635,0.489411,302.224200,249.471600,357.303100
299.931,13,0.075350,1.739627,-0.154718,-0.256689,-0.731654,-0.404073,0.485302,302.814800,248.067800,358.246800
300.042,13,0.060750,1.739841,-0.154792,-0.255794,-0.736907,-0.403701,0.478083,302.906200,246.465800,359.049300
300.153,13,0.050815,1.740187,-0.154234,-0.257571,-0.741278,-0.399112,0.474209,303.280900,245.027400,0.348660
300.265,13,0.044472,1.739534,-0.151486,-0.254412,-0.745293,-0.397048,0.471345,303.729700,244.348900,0.508668
300.376,13,0.040534,1.738703,-0.148308,-0.251407,-0.745801,-0.397014,0.472182,303.941700,244.673400,0.007590
300.487,13,0.034960,1.738518,-0.144610,-0.244250,-0.753328,-0.396554,0.464310,304.483900,243.307900,359.975100
300.598,13,0.030194,1.738365,-0.142746,-0.237713,-0.763635,-0.395418,0.451663,305.051000,240.901700,0.584603
300.709,13,0.024160,1.738912,-0.145322,-0.232568,-0.775152,-0.392881,0.436689,305.688200,237.912700,1.710847
300.820,13,0.015579,1.738332,-0.158873,-0.221434,-0.786423,-0.384270,0.429933,307.363500,236.496200,1.686436
300.932,13,0.007129,1.734692,-0.193945,-0.212905,-0.802156,-0.351718,0.433027,311.526200,235.283900,3.195850
301.043,13,0.003072,1.727101,-0.246871,-0.210687,-0.814992,-0.322392,0.432970,314.932800,233.792900,5.219003
301.153,13,0.004024,1.721393,-0.312476,-0.217869,-0.818037,-0.309119,0.433351,316.007000,232.965800,7.068973
301.265,13,0.005487,1.718605,-0.388904,-0.219536,-0.815808,-0.295882,0.445775,317.274000,234.414800,7.383500
301.376,13,0.005125,1.718947,-0.463004,-0.221356,-0.812392,-0.277641,0.462532,319.014000,236.379900,7.828556
301.487,13,0.001546,1.720727,-0.554575,-0.226092,-0.809553,-0.254425,0.478304,321.081000,237.940000,9.072345
301.599,13,-0.004965,1.719265,-0.613016,-0.227555,-0.801717,-0.236324,0.499619,322.676700,240.708700,9.315661
301.710,13,-0.011674,1.715701,-0.666132,-0.221262,-0.799587,-0.218630,0.513717,324.763000,242.543700,9.102120
301.821,13,-0.010671,1.716165,-0.688179,-0.224913,-0.779018,-0.220142,0.542294,324.060700,247.110900,7.926990
301.932,13,-0.004652,1.718514,-0.690812,-0.233291,-0.739716,-0.226460,0.589163,322.416000,255.141900,5.670021
302.043,13,0.008708,1.722959,-0.672577,-0.250082,-0.677524,-0.244214,0.647132,319.111100,266.727100,1.727964
302.153,13,0.033270,1.728193,-0.637309,-0.271549,-0.612561,-0.270343,0.691335,315.035600,278.293500,356.668700
302.265,13,0.062315,1.730658,-0.593014,-0.277472,-0.578294,-0.293173,0.708968,312.902100,285.085400,351.996700
302.375,13,0.088816,1.731380,-0.547883,-0.274922,-0.560872,-0.304859,0.718959,312.499000,288.976200,348.908100
302.487,13,0.122107,1.728972,-0.479425,-0.276874,-0.545965,-0.320915,0.722687,311.357400,292.281200,345.851200
302.598,13,0.145093,1.723244,-0.417512,-0.277294,-0.551140,-0.332144,0.713466,310.377200,291.621700,344.942900
302.709,13,0.170508,1.712179,-0.328338,-0.271439,-0.573136,-0.333433,0.697609,310.454500,287.551900,346.263800
302.820,13,0.187511,1.704206,-0.257624,-0.271678,-0.604025,-0.328019,0.673609,310.335100,280.926700,349.881700
302.931,13,0.208887,1.703181,-0.181665,-0.268147,-0.646483,-0.317208,0.639950,311.119400,271.770200,354.827300
303.042,13,0.231493,1.715034,-0.132763,-0.274556,-0.681587,-0.310057,0.603260,311.069000,263.015900,0.015431
303.154,13,0.250344,1.726489,-0.094298,-0.268591,-0.716534,-0.306467,0.566141,311.986000,255.178400,3.247955
303.265,13,0.264866,1.729273,-0.066057,-0.258988,-0.737121,-0.308069,0.542836,312.663700,250.981300,4.006376
303.376,13,0.276180,1.729155,-0.051269,-0.253734,-0.746897,-0.310620,0.530358,312.849600,248.931900,4.177914
303.487,13,0.289408,1.730266,-0.041999,-0.245554,-0.755936,-0.320289,0.515441,312.491900,247.042600,3.485447
303.598,13,0.299179,1.730811,-0.041599,-0.242557,-0.758841,-0.327844,0.507784,311.935700,246.231800,3.017290
303.709,13,0.310158,1.734667,-0.048094,-0.238174,-0.764027,-0.327278,0.502419,312.317600,245.337100,2.986933
303.821,13,0.317902,1.737487,-0.055350,-0.232321,-0.768725,-0.322112,0.501331,313.266800,244.985100,2.861186
303.932,13,0.324297,1.737261,-0.063436,-0.235375,-0.769377,-0.319499,0.500578,313.341400,244.573400,3.534770
304.043,13,0.327135,1.737712,-0.068563,-0.232921,-0.770474,-0.317833,0.501098,313.681000,244.643600,3.352481
304.154,13,0.327740,1.737817,-0.069715,-0.231868,-0.769954,-0.314017,0.504778,314.139900,245.102700,3.295846
304.265,13,0.327611,1.737662,-0.068381,-0.228498,-0.768923,-0.315681,0.506845,314.184800,245.691700,2.581477
304.376,13,0.327662,1.737352,-0.067568,-0.227327,-0.768815,-0.315623,0.507571,314.268200,245.856200,2.392827
304.487,13,0.327083,1.737233,-0.066798,-0.224249,-0.769935,-0.316375,0.506774,314.400800,245.857300,2.019174
304.599,13,0.326456,1.737118,-0.067307,-0.222668,-0.771389,-0.315623,0.505727,314.589500,245.668400,1.982788
304.709,13,0.326415,1.736891,-0.068074,-0.221122,-0.772819,-0.316448,0.503703,314.612500,245.406200,1.875308
304.820,13,0.326649,1.736620,-0.069272,-0.220253,-0.773548,-0.317153,0.502520,314.599700,245.266800,1.795550
304.931,13,0.326978,1.736602,-0.071115,-0.221710,-0.773266,-0.316735,0.502577,314.545500,245.204100,2.002668
305.043,13,0.326677,1.736061,-0.072484,-0.222105,-0.772880,-0.315496,0.503774,314.646000,245.326600,2.075000
305.154,13,0.325912,1.736072,-0.073500,-0.222547,-0.773121,-0.313209,0.504636,314.853900,245.321200,2.275096
305.265,13,0.324907,1.735596,-0.073504,-0.222823,-0.772844,-0.310630,0.506529,315.100200,245.488400,2.405349
305.376,13,0.324125,1.735736,-0.072491,-0.222048,-0.773267,-0.310406,0.506362,315.176500,245.468200,2.347237
305.487,13,0.323585,1.735458,-0.070216,-0.220068,-0.772509,-0.311110,0.507947,315.232100,245.855800,1.933569
305.598,13,0.323881,1.735237,-0.069466,-0.219019,-0.772076,-0.311681,0.508708,315.241800,246.059600,1.701942
305.710,13,0.324888,1.735251,-0.069514,-0.219291,-0.772233,-0.313011,0.507535,315.087100,245.927200,1.696003
305.820,13,0.324744,1.735032,-0.069986,-0.219040,-0.773060,-0.311487,0.507321,315.263800,245.799000,1.824337
305.931,13,0.323731,1.734833,-0.070733,-0.217573,-0.774074,-0.309117,0.507857,315.609100,245.788400,1.833273
306.043,13,0.322091,1.734532,-0.070948,-0.216424,-0.774218,-0.307551,0.509078,315.847100,245.940800,1.755862
306.154,13,0.320082,1.734367,-0.071209,-0.214661,-0.774592,-0.305707,0.510364,316.155200,246.104600,1.629136
306.265,14,0.318201,1.733900,-0.071647,-0.212406,-0.775345,-0.303405,0.511536,316.544300,246.233100,1.497573
306.376,14,0.317395,1.733906,-0.072084,-0.212207,-0.775446,-0.303184,0.511597,316.580500,246.235800,1.490552
306.487,14,0.316445,1.733461,-0.072842,-0.211619,-0.776411,-0.301405,0.511428,316.804900,246.114300,1.596627
306.599,14,0.314585,1.733029,-0.073772,-0.208208,-0.778599,-0.297010,0.512074,317.488600,246.058700,1.557744
306.709,14,0.310333,1.731601,-0.075208,-0.198125,-0.784299,-0.285502,0.513917,319.347000,245.985300,1.308962
306.820,14,0.300499,1.727087,-0.078044,-0.166867,-0.797620,-0.255555,0.520239,324.458400,246.221300,0.020668
306.932,14,0.287297,1.720369,-0.083726,-0.129719,-0.812918,-0.220313,0.523260,330.399800,245.879600,358.704400
307.042,14,0.272230,1.705746,-0.094918,-0.073839,-0.840354,-0.137871,0.518984,342.039400,243.578000,358.855300
307.152,14,0.266714,1.691733,-0.113060,-0.036247,-0.886882,-0.052141,0.457611,352.781100,234.525000,0.957175
307.263,14,0.269784,1.678140,-0.135414,-0.024234,-0.935068,0.023382,0.352865,1.525694,221.397000,3.545687
307.373,14,0.277440,1.662450,-0.157660,-0.014943,-0.964226,0.090628,0.248659,9.633216,209.283600,4.298088
307.483,14,0.287931,1.647004,-0.175898,-0.008475,-0.977121,0.143990,0.156299,16.185170,198.698800,3.676023
307.595,14,0.296489,1.634728,-0.185533,-0.003312,-0.979075,0.178885,0.096961,20.465340,191.766200,2.518924
307.706,14,0.304568,1.622846,-0.187872,0.000066,-0.975666,0.214936,0.043341,24.797840,185.343800,1.167832
307.818,14,0.305558,1.620598,-0.184669,0.000227,-0.974632,0.223008,0.018977,25.766820,182.347700,0.510408
307.929,14,0.297141,1.621823,-0.175342,0.005681,-0.975473,0.219140,0.019981,25.325260,182.313700,359.852600
308.040,14,0.272805,1.624666,-0.160647,0.024773,-0.975349,0.203770,0.080984,23.672360,189.291900,359.041500
308.151,14,0.232849,1.631179,-0.134145,0.033023,-0.958611,0.174463,0.222568,20.437380,206.300600,0.877262
308.263,14,0.188231,1.636405,-0.092141,0.042736,-0.896110,0.141052,0.418646,16.772890,230.448600,2.484771
308.373,14,0.154768,1.643199,-0.039100,0.053282,-0.781676,0.098475,0.613552,12.669900,256.502900,2.205133
308.485,14,0.135380,1.646967,0.004186,0.075699,-0.672120,0.063130,0.733852,11.301150,274.975600,359.468200
308.596,14,0.119257,1.648083,0.025871,0.085613,-0.610777,0.042262,0.786025,10.731870,284.093300,357.775200
308.707,14,0.091684,1.646941,0.035741,0.087098,-0.567175,0.034374,0.818258,10.458860,290.317500,357.520300
308.818,14,0.062980,1.645660,0.032781,0.087542,-0.547297,0.031356,0.831757,10.366820,293.079200,357.456100
308.929,14,0.014852,1.641992,0.019768,0.086743,-0.529173,0.031793,0.843469,10.368540,295.591800,357.776100
309.040,14,-0.036789,1.639385,0.007261,0.095851,-0.511595,0.033922,0.853190,11.435650,297.868700,357.650000
309.151,14,-0.092253,1.636967,0.001217,0.109466,-0.484358,0.040499,0.867049,13.241500,301.377300,357.891600
309.262,14,-0.147658,1.630098,0.000069,0.124452,-0.462362,0.042209,0.876899,14.909580,304.078700,357.564800
309.373,14,-0.196399,1.621113,0.000618,0.135518,-0.451309,0.047143,0.880757,16.335920,305.401100,357.654200
309.484,14,-0.233503,1.612083,-0.001284,0.144510,-0.437354,0.051440,0.886111,17.523600,307.134800,357.882200
309.596,14,-0.257267,1.605501,-0.003149,0.148717,-0.424732,0.055606,0.891288,18.200010,308.778000,358.358800
309.707,14,-0.276462,1.599191,-0.002168,0.155918,-0.406249,0.054723,0.898697,18.947850,311.063600,358.283900
309.818,14,-0.285952,1.596953,0.000448,0.154779,-0.392445,0.053232,0.905095,18.781580,312.865800,358.479400
309.928,14,-0.297332,1.592573,0.007915,0.146197,-0.382092,0.050700,0.911077,17.766410,314.313300,358.836500
310.040,14,-0.308873,1.584879,0.018774,0.145261,-0.372363,0.050420,0.915261,17.665070,315.574800,359.044800
310.151,14,-0.320591,1.577279,0.031097,0.143058,-0.364348,0.051993,0.918739,17.502870,316.655500,359.476700
310.263,14,-0.332053,1.570039,0.043828,0.144990,-0.363388,0.054849,0.918651,17.833540,316.792300,359.723100
310.374,14,-0.338481,1.564601,0.053676,0.145865,-0.362170,0.055297,0.918966,17.947350,316.942300,359.757700
310.485,14,-0.340151,1.560965,0.062813,0.148022,-0.355999,0.054367,0.921086,18.143020,317.686600,359.684200
310.596,14,-0.335341,1.563009,0.064075,0.146484,-0.352579,0.051615,0.922804,17.863340,318.102900,359.516400
310.708,14,-0.318303,1.566914,0.058343,0.144880,-0.354984,0.051968,0.922115,17.703320,317.824200,359.577900
310.819,14,-0.298702,1.572192,0.052017,0.139316,-0.361633,0.051103,0.920435,17.063090,317.040800,359.599100
310.929,14,-0.267135,1.578765,0.046158,0.131286,-0.371110,0.048371,0.917988,16.077590,315.903900,359.485100
311.041,14,-0.235345,1.583790,0.044240,0.129350,-0.378752,0.042766,0.915416,15.617440,314.884800,358.828700
311.151,14,-0.204292,1.588364,0.042738,0.125814,-0.383221,0.040163,0.914166,15.118300,314.331700,358.635000
311.263,14,-0.175339,1.590246,0.038786,0.122779,-0.390030,0.041784,0.911623,14.859530,313.522000,358.838500
311.373,14,-0.146365,1.594097,0.034220,0.117475,-0.401678,0.039939,0.907336,14.197470,312.080800,358.705700
311.485,14,-0.116900,1.597767,0.028906,0.113175,-0.409911,0.037571,0.904297,13.620450,311.056200,358.535900
311.596,14,-0.091591,1.601229,0.023533,0.106177,-0.416705,0.037221,0.902053,12.860230,310.269300,358.745800
311.707,14,-0.060405,1.602790,0.013861,0.098299,-0.427239,0.038917,0.897936,12.109840,309.022000,359.173500
311.818,14,-0.037971,1.604403,0.006527,0.092416,-0.434435,0.038303,0.895131,11.462590,308.153700,359.314500
311.929,14,-0.011362,1.604380,-0.001401,0.087343,-0.441696,0.035881,0.892182,10.809750,307.249900,359.233900
312.041,14,0.009356,1.603024,-0.006292,0.083569,-0.443423,0.034104,0.891756,10.328430,307.052600,359.226100
312.151,14,0.026428,1.601986,-0.010494,0.081325,-0.444656,0.033036,0.891390,10.041620,306.908100,359.218700
312.263,14,0.039230,1.602587,-0.015445,0.080681,-0.449691,0.028392,0.889080,9.729597,306.230700,358.716600
312.374,14,0.048573,1.602478,-0.021807,0.078020,-0.452222,0.025648,0.888116,9.310142,305.912100,358.547900
312.485,14,0.054139,1.601806,-0.028275,0.076688,-0.455069,0.026003,0.886767,9.187973,305.557800,358.625500
312.596,14,0.057328,1.601653,-0.034615,0.075500,-0.460735,0.026233,0.883932,9.070300,304.833200,358.654200
312.707,14,0.061457,1.602172,-0.041914,0.073882,-0.467701,0.024369,0.880456,8.794755,303.928400,358.481000
312.818,14,0.065346,1.602067,-0.046609,0.071379,-0.468710,0.023631,0.880147,8.499469,303.817200,358.533400
312.929,14,0.070008,1.602131,-0.050735,0.069433,-0.467552,0.023689,0.880916,8.307217,303.987600,358.657100
313.041,14,0.074131,1.601554,-0.053488,0.068372,-0.469088,0.023071,0.880199,8.163932,303.793400,358.637800
313.151,14,0.079137,1.601404,-0.057877,0.068023,-0.471403,0.023670,0.878972,8.157570,303.496700,358.696300
313.263,14,0.085492,1.601730,-0.064581,0.064871,-0.473741,0.022723,0.877978,7.784115,303.214100,358.752900
313.374,14,0.090858,1.601537,-0.072314,0.062095,-0.475087,0.023642,0.877427,7.552395,303.066100,358.987800
313.485,14,0.097394,1.600822,-0.082573,0.057946,-0.479899,0.024293,0.875071,7.165178,302.470900,359.243400
313.597,14,0.102472,1.600091,-0.089791,0.057152,-0.485631,0.023475,0.871978,7.034730,301.718800,359.158800
313.707,14,0.109837,1.599877,-0.097836,0.054279,-0.487277,0.020678,0.871314,6.588616,301.512400,359.027300
313.819,14,0.114682,1.599363,-0.103675,0.053327,-0.487419,0.020150,0.871306,6.463570,301.498700,359.027200
313.929,14,0.119853,1.598749,-0.111110,0.051923,-0.487218,0.020316,0.871499,6.332534,301.536100,359.124600
314.041,14,0.124225,1.597976,-0.117487,0.051472,-0.487427,0.020101,0.871414,6.275116,301.511100,359.126900
314.151,14,0.128335,1.599365,-0.124215,0.051278,-0.489203,0.019407,0.870445,6.214885,301.275500,359.055600
314.263,14,0.131472,1.603491,-0.133061,0.054300,-0.490993,0.020752,0.869222,6.590730,301.021600,359.005300
314.374,14,0.134541,1.610241,-0.143845,0.051870,-0.488982,0.018623,0.870551,6.230247,301.297400,358.945100
314.485,14,0.136229,1.617312,-0.161197,0.051966,-0.476893,0.015581,0.877286,6.087004,302.874900,358.719200
314.596,14,0.135479,1.619379,-0.177725,0.050494,-0.463138,0.011290,0.884775,5.728203,304.663000,358.456900
314.707,14,0.132596,1.623958,-0.200227,0.064967,-0.447752,0.008474,0.891754,7.091654,306.523200,357.512800
314.818,14,0.131409,1.626192,-0.217844,0.069876,-0.442356,0.005497,0.894096,7.458930,307.156000,356.994400
314.929,14,0.132888,1.625749,-0.239827,0.077442,-0.439461,0.003235,0.894911,8.131846,307.435300,356.393300
315.041,14,0.136426,1.626819,-0.257881,0.079314,-0.432817,0.004090,0.897977,8.394310,308.271900,356.446800
315.151,14,0.142082,1.626831,-0.272948,0.083332,-0.429460,0.006284,0.899211,8.932109,308.668700,356.502000
315.262,14,0.148881,1.626337,-0.281956,0.090146,-0.424666,0.008354,0.900812,9.758947,309.213600,356.421500
315.373,14,0.153200,1.626681,-0.284601,0.095788,-0.420829,0.011380,0.901997,10.508380,309.654600,356.496100
315.484,14,0.154588,1.628060,-0.282828,0.102153,-0.419816,0.013444,0.901742,11.275080,309.715100,356.403100
315.596,14,0.153176,1.630241,-0.279214,0.106065,-0.417326,0.014329,0.902432,11.735380,309.986800,356.330400
315.707,14,0.149287,1.632444,-0.276564,0.107954,-0.416782,0.019625,0.902360,12.191850,310.075600,356.799600
315.818,14,0.145543,1.633325,-0.277795,0.109027,-0.420434,0.020656,0.900512,12.340990,309.600200,356.803300
315.929,14,0.142660,1.634589,-0.284133,0.107497,-0.429200,0.025944,0.896414,12.415170,308.538000,357.314300
316.040,14,0.143919,1.636038,-0.289172,0.106264,-0.431151,0.026710,0.895602,12.320080,308.309600,357.431100
316.150,14,0.147127,1.635189,-0.291298,0.110361,-0.426528,0.028562,0.897262,12.850640,308.866300,357.478700
316.262,14,0.147906,1.634995,-0.289005,0.112937,-0.423360,0.028948,0.898429,13.146550,309.242400,357.433200
316.373,14,0.147524,1.633805,-0.286449,0.118369,-0.427693,0.028002,0.895703,13.650590,308.590800,356.986400
316.484,14,0.148965,1.633925,-0.285542,0.118094,-0.428565,0.028312,0.895312,13.634570,308.484900,357.019800
316.595,14,0.150014,1.634678,-0.286464,0.115341,-0.429888,0.027433,0.895065,13.300640,308.347500,357.051500
316.706,14,0.152334,1.635142,-0.288363,0.114740,-0.429047,0.028634,0.895507,13.301340,308.476800,357.221500
316.817,14,0.154243,1.636606,-0.290545,0.110921,-0.427333,0.027022,0.896857,12.829790,308.740200,357.276500
316.928,14,0.155741,1.638095,-0.293759,0.105675,-0.428317,0.026437,0.897039,12.253370,308.681700,357.472500
317.040,14,0.156259,1.638253,-0.295520,0.105918,-0.431368,0.026931,0.895532,12.294660,308.288100,357.469100
317.150,14,0.156115,1.637357,-0.295931,0.107906,-0.432983,0.028796,0.894457,12.589820,308.067500,357.537700
317.262,14,0.155630,1.636577,-0.295517,0.109776,-0.431708,0.029676,0.894817,12.831320,308.214200,357.550400
317.373,14,0.154439,1.636087,-0.295559,0.109719,-0.431182,0.029928,0.895069,12.839450,308.285500,357.587400
317.484,14,0.151693,1.634946,-0.295764,0.110459,-0.432415,0.030845,0.894351,12.959000,308.123200,357.626600
317.595,14,0.146393,1.633468,-0.294008,0.109682,-0.431258,0.031321,0.894989,12.905470,308.288800,357.734100
317.707,14,0.131755,1.627376,-0.283330,0.109903,-0.429474,0.030238,0.895857,12.878750,308.507000,357.635300
317.817,14,0.115072,1.620309,-0.267254,0.112743,-0.430258,0.031678,0.895078,13.243320,308.377900,357.626700
317.928,14,0.089740,1.610727,-0.240544,0.115867,-0.435543,0.034370,0.892018,13.688940,307.670000,357.663400
318.040,14,0.069214,1.603282,-0.219016,0.117230,-0.439025,0.033194,0.890176,13.760050,307.183800,357.413200
318.151,14,0.040767,1.594842,-0.193398,0.115860,-0.444178,0.035520,0.887705,13.724490,306.553200,357.648300
318.262,14,0.017316,1.589032,-0.173230,0.113167,-0.449149,0.036886,0.885493,13.506260,305.955400,357.858600
318.373,14,-0.003914,1.584013,-0.155060,0.111130,-0.451380,0.037266,0.884600,13.311960,305.696400,357.974700
318.485,14,-0.023747,1.578835,-0.138435,0.110345,-0.454097,0.036445,0.883341,13.181900,305.343900,357.891200
318.596,14,-0.038499,1.574754,-0.125350,0.108661,-0.456672,0.037143,0.882193,13.040710,305.036100,358.017100
318.707,14,-0.052188,1.569349,-0.111761,0.108834,-0.459444,0.038158,0.880687,13.106370,304.677300,358.070400
318.818,14,-0.057373,1.567377,-0.105534,0.107855,-0.460043,0.036582,0.880562,12.920870,304.599300,357.953300
318.929,14,-0.056209,1.567475,-0.104909,0.106723,-0.457737,0.036714,0.881896,12.817580,304.920500,358.063700
319.041,14,-0.046800,1.572726,-0.112322,0.105685,-0.455524,0.034317,0.883261,12.589190,305.205900,357.905900
319.151,14,-0.027965,1.582455,-0.129790,0.099963,-0.453308,0.029851,0.885228,11.773470,305.539800,357.788400
319.262,14,-0.003463,1.594867,-0.154076,0.091588,-0.448296,0.023388,0.888873,10.590590,306.253400,357.636400
319.374,15,0.022857,1.606874,-0.183059,0.085061,-0.442026,0.017820,0.892782,9.650364,307.106100,357.478100
319.485,15,0.050173,1.618494,-0.215081,0.079130,-0.438294,0.012681,0.895252,8.789165,307.621400,357.293900
319.596,15,0.074430,1.626344,-0.243641,0.081392,-0.433785,0.009787,0.897279,8.890844,308.158200,356.922000
319.707,15,0.103348,1.634850,-0.279057,0.083815,-0.431349,0.006474,0.898260,8.984093,308.422100,356.478100
319.818,15,0.124102,1.638002,-0.304454,0.093286,-0.427076,0.008024,0.899355,10.058170,308.862300,356.200400
319.929,15,0.145166,1.639469,-0.330056,0.099392,-0.417667,0.006720,0.903123,10.669350,309.975300,355.863400
320.040,15,0.158328,1.640024,-0.345134,0.101551,-0.409623,0.006376,0.906563,10.914720,310.969200,355.816300
320.150,15,0.167169,1.640424,-0.355319,0.102002,-0.403588,0.006176,0.909216,10.980200,311.729200,355.846500
320.262,15,0.173399,1.640397,-0.361406,0.101831,-0.395818,0.009413,0.912617,11.146430,312.743700,356.293200
320.373,15,0.175987,1.640514,-0.363638,0.102674,-0.391229,0.009329,0.914500,11.249990,313.312500,356.301000
320.484,15,0.175880,1.640810,-0.362020,0.102436,-0.387562,0.008821,0.916092,11.216670,313.774400,356.303500
320.595,15,0.174105,1.640673,-0.356385,0.104619,-0.379975,0.006522,0.919038,11.376370,314.681400,356.050900
320.706,15,0.172625,1.637786,-0.338535,0.116095,-0.340063,-0.001290,0.933208,12.462730,319.434100,355.220000
320.817,15,0.175812,1.632360,-0.314038,0.133125,-0.268184,-0.008543,0.954087,14.444590,327.940800,354.803700
320.928,15,0.186632,1.615581,-0.269607,0.184193,-0.141731,-0.017977,0.972452,20.679650,342.439400,354.653500
321.039,15,0.197652,1.601646,-0.227710,0.218637,-0.051975,-0.022815,0.974154,25.062160,352.946200,355.747000
321.149,15,0.205178,1.588826,-0.165933,0.247595,0.011782,-0.035327,0.968148,28.701660,0.347440,355.909400
321.261,15,0.208036,1.573582,-0.113723,0.266488,0.038418,-0.039376,0.962267,31.057040,3.543797,356.298500
321.372,15,0.209289,1.556753,-0.077029,0.293943,0.059244,-0.046722,0.952840,34.450760,5.946651,356.230700
321.483,15,0.211637,1.549475,-0.056502,0.310732,0.070168,-0.050396,0.946563,36.535990,7.258542,356.303600
321.594,15,0.213540,1.547485,-0.055878,0.318927,0.071774,-0.047838,0.943846,37.510270,7.604480,356.782500
321.705,15,0.212909,1.548999,-0.073917,0.323578,0.085216,-0.052655,0.940884,38.160960,9.242020,356.796700
321.816,15,0.209203,1.553229,-0.095035,0.319237,0.102135,-0.056102,0.940483,37.729520,11.397320,357.078100
321.928,15,0.199454,1.558859,-0.128474,0.308932,0.109417,-0.050634,0.943412,36.439960,12.576180,358.010200
322.039,15,0.191814,1.562788,-0.156948,0.297371,0.116384,-0.045987,0.946526,35.004660,13.626150,358.752100
322.150,15,0.185225,1.563470,-0.193082,0.298839,0.132348,-0.035278,0.944423,35.015580,16.229620,0.872200
322.261,15,0.182657,1.565145,-0.219031,0.299831,0.142670,-0.039005,0.942457,35.189690,17.483810,0.843655
322.372,15,0.185495,1.567572,-0.235691,0.299672,0.146734,-0.041999,0.941755,35.223050,17.908810,0.619927
322.484,15,0.191232,1.568081,-0.243508,0.299162,0.147549,-0.042268,0.941778,35.167010,18.000860,0.607546
322.595,15,0.198981,1.570181,-0.244280,0.296643,0.148084,-0.040693,0.942559,34.838100,18.101460,0.778033
322.706,15,0.211786,1.575950,-0.237358,0.279338,0.140283,-0.052592,0.948433,32.998890,16.394370,358.538700
322.817,15,0.225385,1.582794,-0.226810,0.266828,0.133671,-0.050774,0.953078,31.479190,15.485560,358.290100
322.928,15,0.240705,1.582012,-0.217395,0.277559,0.118693,-0.053291,0.951858,32.754760,13.503450,357.576500
323.033,15,0.253966,1.582355,-0.209175,0.288082,0.098091,-0.049657,0.951274,33.905900,10.975380,357.378700
323.146,15,0.267866,1.581440,-0.201820,0.294478,0.075285,-0.042651,0.951733,34.537850,8.248596,357.436400
323.258,15,0.280720,1.582575,-0.196033,0.288533,0.056539,-0.036612,0.955098,33.730990,5.995933,357.428800
323.368,15,0.295550,1.587307,-0.191439,0.274669,0.036486,-0.032745,0.960288,31.999480,3.521239,357.104000
323.480,15,0.304530,1.588161,-0.186562,0.268586,0.016829,-0.030222,0.962635,31.206050,1.082954,356.706100
323.591,15,0.316895,1.586576,-0.182065,0.270046,0.012404,-0.028248,0.962353,31.363130,0.578237,356.799600
323.702,15,0.324265,1.585075,-0.178906,0.281768,0.005366,-0.034548,0.958845,32.732340,359.374800,355.689400
323.813,15,0.328630,1.580159,-0.174077,0.299388,-0.011042,-0.029273,0.953618,34.775190,357.307300,355.640300
323.924,15,0.332132,1.571439,-0.163516,0.319107,-0.014291,-0.025318,0.947273,37.145370,356.890900,355.893100
324.036,15,0.332974,1.558043,-0.141192,0.329082,-0.016122,-0.027381,0.943767,38.335880,356.458600,355.444900
324.147,15,0.328765,1.528982,-0.093963,0.348239,-0.012289,-0.028518,0.936891,40.679220,356.758000,355.310900
324.258,15,0.321770,1.502425,-0.049122,0.350122,-0.004391,-0.028341,0.936265,40.947320,357.870400,355.737100
324.370,15,0.308133,1.463437,0.009567,0.353131,0.003312,-0.028748,0.935126,41.348330,358.923100,356.071900
324.481,15,0.294789,1.425143,0.061870,0.347868,0.006059,-0.029561,0.937058,40.715410,359.303600,356.127900
324.591,15,0.283867,1.381792,0.103954,0.345376,0.010676,-0.028234,0.937979,40.429600,0.039554,356.566300
324.703,15,0.278065,1.338534,0.142450,0.347304,0.007516,-0.027233,0.937327,40.653540,359.635500,356.536600
324.813,15,0.279728,1.295734,0.183184,0.349675,0.006053,-0.031356,0.936327,40.934740,359.196500,355.864000
324.924,15,0.285152,1.252359,0.221122,0.347776,0.004927,-0.027573,0.937159,40.701270,359.248500,356.350700
325.035,15,0.290838,1.216196,0.251753,0.349021,-0.000363,-0.026177,0.936749,40.834100,358.564600,356.264300
325.146,15,0.298260,1.171154,0.285759,0.353575,-0.009797,-0.022670,0.935080,41.360720,357.376700,356.232100
325.256,15,0.301366,1.139770,0.309038,0.358930,-0.013136,-0.019285,0.933073,42.013790,357.040700,356.495400
325.370,15,0.300718,1.106398,0.335233,0.360766,-0.023738,-0.018377,0.932173,42.199910,355.547100,356.022200
325.482,15,0.300441,1.072343,0.353706,0.358081,-0.030861,-0.015476,0.933052,41.856060,354.709800,356.075100
325.592,15,0.299306,1.036142,0.368958,0.361533,-0.036358,-0.014870,0.931532,42.258560,353.912300,355.816500
325.704,15,0.298496,1.003922,0.381149,0.359485,-0.041455,-0.013850,0.932127,41.991660,353.259200,355.708000
325.816,15,0.298043,0.989508,0.387483,0.361440,-0.045816,-0.018373,0.931088,42.173740,352.354600,354.787300
325.927,15,0.296188,1.004367,0.387747,0.362203,-0.047476,-0.019408,0.930687,42.248940,352.046200,354.533500
326.038,15,0.295224,1.042060,0.379721,0.346023,-0.050376,-0.022008,0.936614,40.237950,351.745500,354.279500
326.149,15,0.296118,1.103602,0.354686,0.314295,-0.035311,-0.017219,0.948512,36.513240,354.444400,356.086000
326.260,15,0.290335,1.157028,0.317732,0.297237,-0.018000,-0.015631,0.954506,34.531980,356.962500,357.179400
326.371,15,0.281263,1.214535,0.274490,0.275107,-0.015013,-0.019707,0.961094,31.884940,357.320100,356.884900
326.482,15,0.273425,1.262850,0.225754,0.258113,-0.006659,-0.022515,0.965829,29.886700,358.381600,356.897200
326.593,15,0.265975,1.298846,0.178608,0.244848,-0.001920,-0.022855,0.969290,28.331300,359.029100,357.053400
326.705,15,0.260589,1.323036,0.138798,0.235214,0.000877,-0.027932,0.971542,27.199440,359.263300,356.528100
326.816,15,0.257364,1.336430,0.111597,0.233385,0.000150,-0.031109,0.971887,26.978550,359.085100,356.113900
326.927,15,0.256703,1.350419,0.083117,0.233317,0.003056,-0.032359,0.971857,26.981240,359.411000,356.044600
327.038,15,0.258573,1.362968,0.059967,0.243104,0.011106,-0.030102,0.969469,28.166350,0.448363,356.555600
327.149,15,0.263608,1.385923,0.028427,0.251112,0.023713,-0.025201,0.967339,29.144660,2.179866,357.582000
327.260,15,0.265743,1.402360,0.003913,0.253254,0.025747,-0.025186,0.966729,29.403280,2.435648,357.654400
327.371,15,0.265119,1.409902,-0.011863,0.252669,0.026000,-0.029663,0.966748,29.345660,2.319656,357.092500
327.482,15,0.262701,1.411775,-0.018937,0.256206,0.024722,-0.027612,0.965912,29.756140,2.218748,357.314700
327.593,15,0.260277,1.412619,-0.022513,0.256466,0.027279,-0.027701,0.965771,29.794170,2.541462,357.390300
327.705,15,0.257530,1.418442,-0.023042,0.258875,0.027971,-0.022360,0.965247,30.066620,2.809608,358.100700
327.816,15,0.257115,1.427547,-0.022699,0.263170,0.022571,-0.016293,0.964348,30.551350,2.326360,358.699600
327.927,15,0.260527,1.442812,-0.022760,0.262805,0.018059,-0.011592,0.964610,30.492640,1.911847,359.144100
328.038,15,0.266336,1.450912,-0.019519,0.268815,0.004622,-0.002410,0.963178,31.188460,0.509510,359.855500
328.149,15,0.283803,1.447048,-0.004201,0.275341,-0.025462,0.004389,0.961000,31.966830,356.856500,359.622700
328.260,15,0.313717,1.433747,0.019016,0.283606,-0.052662,0.011973,0.957419,32.978230,353.563000,359.525700
328.371,15,0.356491,1.417868,0.056309,0.285377,-0.091255,0.014971,0.953944,33.175090,348.591600,358.389700
328.482,15,0.405093,1.406631,0.106189,0.287639,-0.154996,0.037474,0.944371,33.703270,340.975100,358.733500
328.592,15,0.444030,1.401529,0.151151,0.292557,-0.250537,0.086874,0.918746,35.528000,329.787300,0.917856
328.704,15,0.466502,1.404993,0.176343,0.297395,-0.310288,0.113619,0.895750,37.106090,322.245800,1.364575
328.816,15,0.477709,1.409564,0.182193,0.309357,-0.339459,0.124810,0.879482,38.967750,318.037000,0.700626
328.928,15,0.485759,1.409713,0.178154,0.313727,-0.356670,0.133999,0.869716,39.888360,315.654700,0.693606
329.038,15,0.487159,1.403882,0.170812,0.314746,-0.354505,0.141622,0.869025,40.350050,316.250700,1.728568
329.149,15,0.486606,1.384114,0.165972,0.310276,-0.363249,0.156363,0.864483,40.545620,315.668900,3.389860
329.259,15,0.487799,1.369010,0.171208,0.314127,-0.372910,0.156113,0.859006,41.003540,314.030300,2.576328
329.360,15,0.485213,1.345335,0.194318,0.306466,-0.400888,0.174088,0.845613,41.138610,310.662500,3.707972
329.469,15,0.480298,1.321691,0.224123,0.299049,-0.440540,0.192081,0.824378,41.475280,305.303200,4.072402
329.578,15,0.472693,1.290396,0.267808,0.292224,-0.493711,0.200330,0.794180,41.450050,297.122600,2.266977
329.691,15,0.471243,1.255185,0.310048,0.260763,-0.549721,0.208327,0.765774,38.933200,289.496800,2.384920
329.805,15,0.469137,1.218224,0.343140,0.247169,-0.578717,0.210813,0.748032,37.863520,285.274900,2.127522
329.916,15,0.464518,1.185442,0.367897,0.237802,-0.606997,0.209559,0.728759,36.941900,280.817900,1.200529
330.028,15,0.455203,1.154081,0.386012,0.227020,-0.623181,0.202275,0.720550,35.398900,278.480800,0.600976
330.129,15,0.447068,1.135041,0.392401,0.216844,-0.636495,0.192515,0.714696,33.712400,276.606800,359.940700
330.240,15,0.436220,1.114317,0.397112,0.210100,-0.653522,0.182569,0.703872,32.302690,273.903100,358.806900
330.349,15,0.423942,1.091958,0.402906,0.206225,-0.659701,0.180899,0.699673,31.820400,273.004200,358.721800
330.459,15,0.412573,1.073134,0.406937,0.208150,-0.661005,0.182734,0.697391,32.133980,272.673100,358.626200
330.565,15,0.399168,1.056690,0.410248,0.208133,-0.665879,0.179308,0.693639,31.838890,271.792400,358.082100
330.675,15,0.390426,1.050076,0.413205,0.205439,-0.667770,0.176896,0.693243,31.405370,271.595000,358.045700
330.786,15,0.384374,1.045464,0.414493,0.206916,-0.667725,0.177459,0.692704,31.577370,271.524100,357.950200
330.897,15,0.383137,1.065101,0.411885,0.204401,-0.672171,0.175479,0.689648,31.186990,270.858200,357.806200
331.008,15,0.387375,1.124488,0.402398,0.180676,-0.680219,0.159100,0.692348,27.815570,270.603600,358.348200
331.119,15,0.396031,1.184551,0.389411,0.156787,-0.692480,0.138556,0.690428,24.104110,269.483900,358.379200
331.231,15,0.413375,1.258730,0.370531,0.135026,-0.707527,0.119365,0.683319,20.697840,267.693200,358.288400
331.342,15,0.433134,1.316842,0.353140,0.121204,-0.720365,0.111894,0.673694,18.936340,265.924100,358.554700
331.453,15,0.450603,1.362829,0.340178,0.117177,-0.724027,0.098882,0.672515,17.505310,265.435700,357.795800
331.564,15,0.465435,1.398885,0.328693,0.110739,-0.729282,0.091072,0.669022,16.320400,264.725100,357.631500
331.675,15,0.477847,1.430571,0.320641,0.106968,-0.734180,0.085386,0.665017,15.524370,263.987500,357.412300
331.786,15,0.490758,1.462140,0.319006,0.125208,-0.720656,0.100466,0.674452,18.282120,265.769700,357.287000
331.892,15,0.495367,1.460806,0.317272,0.155346,-0.717002,0.132262,0.666545,23.375430,265.222600,357.099400
332.005,15,0.489702,1.445212,0.309437,0.171405,-0.715731,0.150274,0.660127,26.193780,264.673300,357.000100
332.116,15,0.475349,1.416592,0.296083,0.180757,-0.710032,0.165272,0.660202,28.253170,265.204600,357.497500
332.228,15,0.449472,1.377522,0.277544,0.191965,-0.698898,0.176119,0.666089,30.126400,266.645100,357.766700
332.339,15,0.425686,1.356739,0.268465,0.199162,-0.686246,0.179273,0.676212,31.024330,268.582600,357.933800
332.450,15,0.390869,1.342050,0.265612,0.202315,-0.666152,0.174700,0.696269,30.963010,272.046400,358.244400
332.561,15,0.360194,1.339484,0.268677,0.211802,-0.644049,0.172891,0.714458,31.691670,275.441000,358.264200
332.672,15,0.335055,1.343567,0.274432,0.212073,-0.626232,0.163859,0.732126,31.047990,278.438000,358.282100
332.784,15,0.317911,1.349335,0.280218,0.210228,-0.613843,0.156185,0.744719,30.322650,280.547000,358.309400
332.895,15,0.306709,1.356013,0.285847,0.205145,-0.605702,0.151554,0.753705,29.526850,282.078800,358.679000
333.007,15,0.289705,1.361691,0.295409,0.191046,-0.601979,0.150523,0.760569,28.153240,283.260800,359.932100
333.118,15,0.275112,1.362802,0.306889,0.191679,-0.598137,0.153649,0.762813,28.439860,283.882900,0.333016
333.229,15,0.258104,1.365316,0.326678,0.190193,-0.601298,0.152329,0.760962,28.206420,283.420500,0.202100
333.341,15,0.244196,1.367554,0.349106,0.193305,-0.605351,0.150470,0.757326,28.357000,282.626700,359.601200
333.452,15,0.233096,1.373961,0.365075,0.189604,-0.609585,0.152086,0.754537,28.134630,282.104100,359.892700
333.564,15,0.230003,1.377351,0.369558,0.186727,-0.614160,0.155893,0.750758,28.155120,281.506900,0.306461
333.675,15,0.235141,1.376667,0.365439,0.183748,-0.617041,0.160976,0.748053,28.265880,281.194700,0.915803
333.786,15,0.257481,1.372563,0.352537,0.187854,-0.620723,0.166012,0.742869,29.025300,280.465300,0.880632
333.897,15,0.283342,1.373613,0.339293,0.192757,-0.614591,0.162495,0.747475,29.202500,281.246800,0.393110
334.008,15,0.322481,1.369623,0.319444,0.206340,-0.605548,0.165297,0.750608,30.660630,282.178800,359.883400
334.118,15,0.355125,1.368195,0.306078,0.210812,-0.600438,0.156036,0.755438,30.390480,282.729100,358.843600
334.228,15,0.391869,1.365980,0.292115,0.213848,-0.590007,0.151560,0.763669,30.361980,284.245100,358.614700
334.339,15,0.416531,1.364797,0.283936,0.215548,-0.584372,0.150287,0.767765,30.439450,285.065600,358.594300
334.450,15,0.443542,1.365944,0.279257,0.216731,-0.581090,0.142222,0.771450,29.978890,285.447800,357.853300
334.562,15,0.468484,1.371370,0.277822,0.220114,-0.569913,0.139501,0.779287,30.137140,287.044800,357.782100
334.672,15,0.497610,1.391762,0.276024,0.212404,-0.562165,0.144877,0.786044,29.789040,288.662600,359.270300
334.784,15,0.533426,1.418089,0.274602,0.212336,-0.559547,0.144737,0.787954,29.775010,289.073600,359.370800
334.895,15,0.569348,1.443154,0.270449,0.215674,-0.562639,0.149418,0.783962,30.417560,288.515000,359.440800
335.007,15,0.614119,1.473147,0.262809,0.220856,-0.580946,0.142470,0.770342,30.384720,285.287600,357.534500
335.118,15,0.641659,1.486450,0.260704,0.225386,-0.591749,0.139385,0.761319,30.540160,283.295400,356.371200
335.230,15,0.667007,1.492973,0.257266,0.211024,-0.599750,0.146961,0.757741,29.741160,282.744000,357.993100
335.342,15,0.681207,1.485912,0.255857,0.215467,-0.603891,0.148413,0.752903,30.245200,281.875900,357.561500
335.453,15,0.689463,1.479705,0.255808,0.215884,-0.601955,0.158724,0.752230,31.056200,282.272100,358.587800
335.564,15,0.695560,1.477510,0.257973,0.218206,-0.606729,0.159859,0.747470,31.344840,281.381100,358.268600
335.675,15,0.698836,1.479191,0.261619,0.217970,-0.604915,0.155165,0.749994,30.975790,281.649900,357.930500
335.787,15,0.698656,1.478371,0.270046,0.212860,-0.594522,0.156017,0.759535,30.587970,283.603200,358.928400
335.898,15,0.693427,1.473161,0.280118,0.213341,-0.583920,0.156716,0.767440,30.695190,285.310000,359.426500
336.008,15,0.673298,1.454796,0.293785,0.214755,-0.570989,0.154278,0.777207,30.663780,287.293600,359.638000
336.120,15,0.644116,1.432204,0.305378,0.212836,-0.565933,0.155973,0.781084,30.599000,288.199900,0.183357
336.231,15,0.598105,1.404029,0.319696,0.212933,-0.562244,0.149272,0.785022,30.143580,288.687900,359.663600
336.341,15,0.555946,1.381229,0.331570,0.219361,-0.554799,0.155018,0.787432,31.162760,289.679100,0.048928
336.452,15,0.516755,1.365768,0.342051,0.224375,-0.548831,0.159254,0.789354,31.939830,290.477900,0.346197
336.564,15,0.483234,1.353744,0.348811,0.228855,-0.548334,0.157927,0.788679,32.288310,290.344900,359.873300
336.674,15,0.455862,1.342397,0.351337,0.230329,-0.547263,0.156921,0.789194,32.364490,290.434600,359.700300
336.785,15,0.421417,1.326956,0.350044,0.231696,-0.552229,0.158958,0.784916,32.635090,289.616600,359.567200
336.896,15,0.395278,1.317457,0.348832,0.226986,-0.555528,0.156439,0.784470,32.001400,289.260200,359.543900
337.008,15,0.365134,1.305157,0.349329,0.223549,-0.557027,0.155162,0.784647,31.578990,289.151900,359.626700
337.119,15,0.346845,1.295681,0.350387,0.222564,-0.559441,0.154025,0.783433,31.403630,288.794600,359.484000
337.230,15,0.331702,1.287038,0.350976,0.224132,-0.561826,0.152654,0.781546,31.457650,288.327500,359.111100
337.340,15,0.326716,1.287324,0.349008,0.224970,-0.563085,0.153710,0.780190,31.610600,288.104600,359.091200
337.451,15,0.335594,1.301467,0.344593,0.223659,-0.567939,0.151842,0.777410,31.347190,287.361700,358.794900
337.563,15,0.361746,1.336431,0.339864,0.215359,-0.570153,0.147192,0.779025,30.224210,287.309800,358.922900
337.674,15,0.400040,1.376837,0.334176,0.208156,-0.567943,0.149753,0.782104,29.716010,287.989300,359.855100
337.785,15,0.462817,1.432382,0.326483,0.207406,-0.568478,0.148889,0.782079,29.583830,287.923800,359.807200
337.896,15,0.510175,1.467776,0.321393,0.211983,-0.578338,0.149976,0.773367,30.089640,286.185000,359.124300
338.008,15,0.566785,1.499108,0.315887,0.224127,-0.596905,0.157668,0.754065,31.751540,282.700100,357.993000
338.119,15,0.607241,1.514184,0.311151,0.224649,-0.605765,0.163751,0.745498,32.231360,281.259400,358.102000
338.231,15,0.649014,1.526609,0.305714,0.225822,-0.611520,0.165982,0.739931,32.492420,280.250500,357.923800
338.343,15,0.674912,1.531763,0.302213,0.227218,-0.616199,0.168408,0.735058,32.791470,279.402900,357.788200
338.454,15,0.688847,1.532769,0.300919,0.224780,-0.618978,0.167624,0.733650,32.502160,279.051400,357.804200
338.566,15,0.693606,1.530172,0.297358,0.229351,-0.619574,0.168940,0.731427,33.014310,278.714900,357.466600
338.677,15,0.688875,1.528309,0.293742,0.229595,-0.619676,0.170005,0.731018,33.118440,278.692300,357.536800
338.788,15,0.675659,1.525251,0.288196,0.230718,-0.619977,0.174886,0.729255,33.597470,278.616600,357.866500
338.899,15,0.661831,1.522095,0.283834,0.231092,-0.620423,0.176619,0.728339,33.764720,278.532300,357.968200
339.011,15,0.649223,1.515983,0.279259,0.242005,-0.620305,0.186193,0.722487,35.498710,278.000400,357.804400
339.118,15,0.643080,1.515745,0.276378,0.244544,-0.620042,0.187019,0.721644,35.793590,277.900500,357.644800
339.218,15,0.639434,1.515271,0.273100,0.245248,-0.622469,0.188202,0.719004,35.942100,277.435500,357.544700
339.318,15,0.637139,1.513691,0.269975,0.249292,-0.626268,0.191525,0.713415,36.554630,276.525100,357.219100
339.427,15,0.637161,1.512333,0.264971,0.255954,-0.635053,0.198070,0.701401,37.634520,274.518600,356.580400
339.537,15,0.641309,1.516051,0.260738,0.256545,-0.643149,0.200542,0.693056,37.847130,272.982600,356.222800
339.647,15,0.653696,1.524070,0.257539,0.256934,-0.648891,0.204321,0.686425,38.162620,271.884200,356.139200
339.749,15,0.668397,1.534167,0.256316,0.250993,-0.657137,0.201399,0.681624,37.362810,270.745800,356.009100
339.859,15,0.680279,1.542287,0.256927,0.244798,-0.661683,0.197462,0.680631,36.480450,270.320600,356.066400
339.969,15,0.701851,1.553299,0.260259,0.238237,-0.664296,0.194258,0.681336,35.642620,270.275600,356.344800
340.070,15,0.716259,1.560117,0.263722,0.232493,-0.664986,0.188394,0.684287,34.662560,270.521200,356.418800
340.173,15,0.731543,1.565549,0.267293,0.227024,-0.665582,0.184542,0.686590,33.876190,270.753800,356.630600
340.287,15,0.744380,1.569189,0.269686,0.226091,-0.667219,0.183291,0.685643,33.684970,270.509900,356.530300
340.388,15,0.753245,1.571551,0.270768,0.222676,-0.669037,0.181321,0.685513,33.224070,270.384200,356.617200
340.501,15,0.761733,1.572508,0.271605,0.221717,-0.669362,0.180747,0.685658,33.094010,270.382500,356.650000
340.602,15,0.767329,1.573632,0.272192,0.220611,-0.668981,0.180900,0.686346,33.015650,270.518700,356.797200
340.703,15,0.773608,1.575482,0.272237,0.217939,-0.670619,0.178066,0.686342,32.546890,270.377000,356.743900
340.816,15,0.777129,1.576268,0.272927,0.215865,-0.669391,0.175962,0.688735,32.203110,270.720200,356.842100
340.930,15,0.779240,1.577108,0.273532,0.215714,-0.668461,0.174527,0.690049,32.075460,270.896200,356.784500
341.031,15,0.779947,1.577581,0.272985,0.214693,-0.668448,0.173722,0.690583,31.922700,270.956500,356.820100
341.147,16,0.778681,1.577576,0.271733,0.214672,-0.667871,0.174395,0.690979,31.979320,271.062500,356.908900
341.259,16,0.776372,1.577154,0.269755,0.214880,-0.668202,0.175573,0.690295,32.093160,270.991900,356.970600
341.372,16,0.772200,1.576243,0.267996,0.215698,-0.667076,0.175074,0.691255,32.125780,271.148100,356.904600
341.484,16,0.766618,1.575035,0.265654,0.216151,-0.663487,0.176367,0.694232,32.286430,271.771000,357.155900
341.597,16,0.760658,1.573436,0.263225,0.218173,-0.659836,0.179759,0.696207,32.752400,272.319300,357.436400
341.710,16,0.749852,1.571278,0.257298,0.221286,-0.661098,0.182892,0.693205,33.271860,271.916700,357.325000
341.810,16,0.739389,1.569423,0.250696,0.221784,-0.666906,0.188611,0.685912,33.767200,270.833800,357.443600
341.911,16,0.724022,1.566861,0.242017,0.220711,-0.675945,0.196097,0.675227,34.274670,269.221400,357.672600
342.023,16,0.703325,1.562675,0.228922,0.219173,-0.691448,0.206998,0.656517,35.032340,266.339700,357.809500
342.135,16,0.681923,1.557914,0.215392,0.220583,-0.702995,0.218443,0.639863,36.115440,263.909000,357.829800
342.247,16,0.652411,1.552949,0.195814,0.220176,-0.711929,0.233834,0.624501,37.441150,261.989800,358.452700
342.347,16,0.631062,1.552204,0.179204,0.218116,-0.717126,0.244472,0.615134,38.241290,260.939200,359.119700
342.449,16,0.609221,1.553121,0.160424,0.212592,-0.723630,0.253919,0.605548,38.679060,259.842500,359.988600
342.551,16,0.592002,1.547955,0.146496,0.219983,-0.725811,0.272513,0.592066,41.001220,258.505700,0.255091
342.654,16,0.574613,1.536746,0.137973,0.233290,-0.722869,0.295321,0.579501,44.214060,257.598500,0.399803
342.760,16,0.555037,1.527249,0.135831,0.246167,-0.720630,0.317060,0.565303,47.331130,256.361500,0.310988
342.870,16,0.518424,1.520053,0.141642,0.248291,-0.729174,0.320327,0.551405,47.813800,253.859400,359.246200
342.980,16,0.482040,1.510432,0.150218,0.249628,-0.737352,0.329024,0.534547,48.771720,251.235600,358.576700
343.089,16,0.432424,1.502493,0.165964,0.240943,-0.758312,0.345194,0.497746,49.763660,245.664400,358.067500
343.198,16,0.398817,1.505721,0.177514,0.235990,-0.772522,0.346480,0.476938,49.502270,241.992000,356.988700
343.308,16,0.358129,1.508136,0.187812,0.223084,-0.785093,0.359314,0.452500,50.003190,238.871200,357.761500
343.417,16,0.333626,1.507953,0.189240,0.218341,-0.797042,0.364985,0.428763,50.268580,235.079500,356.854800
343.527,16,0.311759,1.504262,0.184536,0.213096,-0.816565,0.369368,0.389076,50.268310,228.400200,354.560800
343.638,16,0.295123,1.499524,0.174885,0.215415,-0.826083,0.370369,0.366075,50.320340,224.214400,352.373700
343.750,16,0.270509,1.484026,0.148561,0.211824,-0.827707,0.376600,0.358058,50.815780,223.284600,352.637400
343.861,16,0.248768,1.459462,0.114161,0.217614,-0.823687,0.384718,0.355213,52.033760,222.766700,352.041500
343.974,16,0.223134,1.422821,0.064660,0.216715,-0.815840,0.384049,0.374093,52.072430,226.240600,353.810600
344.087,16,0.201717,1.380814,0.013562,0.223878,-0.802979,0.398112,0.382898,54.173710,228.245800,354.641100
344.200,16,0.182843,1.354262,-0.027736,0.235379,-0.793033,0.406379,0.388010,55.812450,229.004400,354.078500
344.312,16,0.151365,1.315003,-0.088875,0.257387,-0.777687,0.406059,0.405056,57.149270,230.902700,352.438600
344.423,16,0.131269,1.270240,-0.121878,0.281351,-0.761997,0.412051,0.412815,59.345310,231.183700,349.995500
344.534,16,0.109283,1.213497,-0.146990,0.292913,-0.747698,0.424271,0.418501,61.596870,232.480300,349.962700
344.647,16,0.090968,1.144344,-0.165092,0.306705,-0.727623,0.438755,0.428943,64.370920,235.176300,350.696200
344.759,16,0.081781,1.081455,-0.174560,0.317706,-0.713926,0.447920,0.434442,66.292980,236.611900,350.776100
344.871,16,0.069578,1.005288,-0.180189,0.321761,-0.710149,0.448413,0.437131,66.662020,237.013200,350.561200
344.983,16,0.060844,0.948641,-0.180197,0.325045,-0.707535,0.449647,0.437674,67.044610,236.982300,350.203200
345.094,16,0.048841,0.907457,-0.181081,0.321400,-0.707218,0.446816,0.443734,66.523700,238.708400,351.619000
345.204,16,0.039330,0.877767,-0.182413,0.320377,-0.704715,0.444659,0.450570,66.265560,240.446000,352.742300
345.310,16,0.029636,0.875074,-0.183928,0.321370,-0.704146,0.439317,0.455961,65.748480,241.148600,352.732500
345.414,16,0.015395,0.899120,-0.184728,0.317015,-0.709886,0.424765,0.463831,63.786110,241.780200,352.710100
345.521,16,-0.000628,0.948622,-0.182679,0.311014,-0.716875,0.401556,0.477612,60.787850,243.038000,352.661300
345.627,16,-0.014326,1.014785,-0.179683,0.294597,-0.729487,0.373541,0.491457,56.568890,244.420200,353.470400
345.733,16,-0.023056,1.113261,-0.175601,0.260557,-0.755576,0.322610,0.507087,48.743290,245.107100,354.207100
345.837,16,-0.021089,1.193720,-0.170916,0.231189,-0.776482,0.284265,0.512660,42.726280,244.802800,354.722700
345.950,16,-0.006077,1.312755,-0.161777,0.179009,-0.806797,0.220391,0.518134,32.760070,244.205600,355.876800
346.056,16,0.015758,1.399018,-0.152842,0.137969,-0.826917,0.161886,0.520544,24.290960,243.573100,356.248300
346.161,16,0.052088,1.477587,-0.143651,0.111155,-0.842032,0.121764,0.513616,18.617000,242.147800,356.242000
346.272,16,0.076112,1.511742,-0.140803,0.102537,-0.853948,0.121248,0.495538,17.980980,239.728200,356.687700
346.383,16,0.091409,1.518990,-0.141986,0.130303,-0.848906,0.159940,0.486620,23.475940,238.793300,355.900600
346.496,16,0.102362,1.508493,-0.146500,0.182981,-0.822763,0.214455,0.493547,32.242950,240.160700,353.931600
346.605,16,0.114866,1.496305,-0.158822,0.215833,-0.785155,0.230042,0.532944,36.248650,246.148700,353.326100
346.717,16,0.134832,1.484389,-0.172305,0.245295,-0.740448,0.241646,0.577214,39.868430,253.587400,353.694700
346.828,16,0.177371,1.478030,-0.195959,0.276415,-0.679454,0.229140,0.639868,41.691430,264.148800,353.666000
346.938,16,0.220786,1.482151,-0.220743,0.301961,-0.627191,0.215032,0.684991,43.110990,272.426100,353.378100
347.050,16,0.276916,1.490692,-0.255598,0.313031,-0.574068,0.190573,0.732216,42.626490,281.358900,353.732800
347.151,16,0.312652,1.502312,-0.276830,0.301030,-0.558922,0.173671,0.752878,40.346980,284.744800,354.352700
347.256,16,0.343695,1.512965,-0.289819,0.278946,-0.545865,0.166027,0.772435,37.748130,288.312700,356.516600
347.358,16,0.355520,1.507756,-0.293448,0.291090,-0.523897,0.170784,0.782068,39.364510,291.360300,357.192200
347.461,16,0.348962,1.485003,-0.292085,0.301683,-0.499062,0.182654,0.791557,41.292970,295.195100,359.088300
347.565,16,0.324908,1.445197,-0.285133,0.314019,-0.495109,0.194026,0.786519,43.321610,295.440200,359.548100
347.669,16,0.296966,1.399148,-0.274695,0.327770,-0.499887,0.190047,0.778821,44.471330,293.571000,357.456200
347.773,16,0.263592,1.334531,-0.257678,0.320640,-0.499454,0.188422,0.782453,43.629120,294.092600,357.987000
347.877,16,0.245263,1.275820,-0.243797,0.320048,-0.496135,0.191458,0.784068,43.777260,294.798200,358.623700
347.981,16,0.230816,1.178458,-0.224844,0.313217,-0.487634,0.183312,0.794043,42.547010,296.455800,358.883500
348.083,16,0.225704,1.101531,-0.211441,0.303993,-0.473739,0.179756,0.806751,41.361520,299.213500,0.153536
348.184,16,0.224950,1.024706,-0.202007,0.289959,-0.459660,0.167739,0.822496,39.137700,301.847800,0.691733
348.298,16,0.227681,0.940898,-0.193411,0.281718,-0.434500,0.153881,0.841526,37.435540,305.729900,1.023003
348.411,16,0.238902,0.862122,-0.182978,0.257954,-0.411045,0.140515,0.862994,34.107010,309.709900,2.108630
348.524,16,0.250921,0.803585,-0.177854,0.239154,-0.382077,0.121818,0.884298,31.067960,313.872800,2.187668
348.635,16,0.260327,0.764591,-0.175075,0.221943,-0.372734,0.108236,0.894481,28.537450,315.224200,1.838142
348.747,16,0.266799,0.731161,-0.174501,0.208364,-0.361518,0.087484,0.904564,26.117310,316.543500,0.485966
348.858,16,0.262570,0.728458,-0.173481,0.209098,-0.362561,0.090270,0.903703,26.319810,316.451600,0.737243
348.968,16,0.256128,0.746840,-0.181477,0.203551,-0.384793,0.091077,0.895660,25.767280,313.595900,0.413399
349.080,16,0.248531,0.759978,-0.206505,0.183421,-0.431926,0.087406,0.878725,23.444360,307.585600,359.697900
349.190,16,0.231200,0.767584,-0.259439,0.163556,-0.570205,0.066366,0.802316,19.763060,288.347000,355.121900
349.300,16,0.219486,0.777290,-0.301164,0.164888,-0.680451,0.047523,0.712419,17.434410,271.177000,350.547600
349.411,16,0.209909,0.793866,-0.352553,0.157237,-0.788734,0.035593,0.593219,14.045880,252.380200,347.751700
349.519,16,0.209577,0.798597,-0.380616,0.156928,-0.832306,0.033697,0.530570,12.862650,243.518400,346.628100
349.632,16,0.213763,0.799682,-0.409906,0.149263,-0.871117,0.041563,0.465992,12.211630,234.881900,346.912500
349.744,16,0.216596,0.802092,-0.421854,0.150065,-0.889586,0.037248,0.429801,11.260350,230.201600,346.138000
349.856,16,0.213845,0.804991,-0.427713,0.149678,-0.894765,0.039710,0.418825,11.328870,228.787500,346.157600
349.967,16,0.210251,0.805902,-0.433453,0.150423,-0.897377,0.044713,0.412418,11.789830,227.936100,346.224700
350.078,16,0.208518,0.804632,-0.436146,0.151642,-0.894964,0.046065,0.417039,12.059890,228.506500,346.215800
350.189,16,0.202622,0.802492,-0.432899,0.160790,-0.871798,0.063884,0.458294,14.996900,233.705800,346.725500
350.300,16,0.180090,0.824251,-0.408430,0.185597,-0.780768,0.108838,0.586609,22.811430,251.788000,349.870100
350.411,16,0.163619,0.876319,-0.378070,0.207880,-0.674877,0.147035,0.692610,29.105540,270.174100,354.949900
350.521,16,0.154834,0.934158,-0.355195,0.230547,-0.605875,0.158070,0.744834,32.342530,280.884000,357.022000
350.632,16,0.142061,0.989199,-0.340548,0.248623,-0.593691,0.170707,0.746041,35.005860,282.081300,357.165700
350.743,16,0.126473,1.037889,-0.329714,0.265605,-0.604747,0.173633,0.730470,36.729730,279.151500,355.163000
350.853,16,0.111882,1.079333,-0.320030,0.282904,-0.605483,0.177571,0.722375,38.591030,277.847000,353.680000
350.964,16,0.096816,1.116998,-0.317940,0.283115,-0.606754,0.171971,0.722580,38.158150,277.555700,353.058000
351.076,16,0.082725,1.145026,-0.327818,0.288302,-0.604525,0.168572,0.723198,38.375350,277.539500,352.321400
351.187,16,0.055739,1.181399,-0.348632,0.284744,-0.602395,0.157814,0.728790,37.241100,278.093500,351.837500
351.299,16,0.025474,1.209826,-0.371235,0.274434,-0.603328,0.148201,0.733974,35.568950,278.580600,351.972200
351.409,16,-0.020011,1.251111,-0.407204,0.251700,-0.597382,0.126476,0.750856,31.944000,280.838300,352.497900
351.522,16,-0.058150,1.295851,-0.437562,0.251017,-0.585269,0.112700,0.762725,30.986340,282.729500,351.824800
351.632,16,-0.087690,1.347668,-0.466916,0.241212,-0.573736,0.089079,0.777630,28.513260,284.855700,350.948300
351.744,16,-0.107633,1.383972,-0.487722,0.236479,-0.555337,0.079904,0.793280,27.641370,287.837400,351.176900
351.856,16,-0.121481,1.400125,-0.496860,0.236821,-0.538601,0.077520,0.804870,27.692400,290.331400,351.536700
351.966,16,-0.131918,1.414255,-0.496916,0.249348,-0.500165,0.076793,0.825690,29.247670,295.477700,351.921400
352.077,16,-0.132286,1.425179,-0.491774,0.263757,-0.460215,0.076461,0.844268,31.046970,300.689400,352.376200
352.187,16,-0.121999,1.424998,-0.479999,0.311024,-0.398284,0.085943,0.858631,37.054080,307.811600,352.789800
352.301,16,-0.095011,1.413957,-0.462952,0.370346,-0.300565,0.093150,0.873972,44.695610,320.058100,355.174000
352.410,16,-0.063948,1.414139,-0.450835,0.389114,-0.243107,0.101639,0.882700,47.422300,328.840500,359.173500
352.521,16,-0.033480,1.416850,-0.442081,0.411925,-0.222774,0.096892,0.878238,50.058990,330.977000,358.809000
352.635,16,-0.002554,1.422555,-0.437135,0.422560,-0.215857,0.091770,0.875458,51.213500,331.344900,358.010800
352.739,16,0.018334,1.426204,-0.437204,0.421683,-0.216109,0.090407,0.875961,51.062400,331.242700,357.823100
352.839,16,0.034840,1.428466,-0.438681,0.420733,-0.219882,0.089880,0.875533,50.919110,330.608100,357.487400
352.954,16,0.055672,1.430170,-0.440444,0.419027,-0.222868,0.090733,0.875508,50.729440,330.238600,357.473700
353.074,16,0.069216,1.424085,-0.439248,0.418150,-0.227345,0.090000,0.874851,50.584400,329.472500,357.051900
353.189,16,0.076304,1.409601,-0.437190,0.425106,-0.223672,0.086846,0.872762,51.341410,329.549100,356.459400
353.303,16,0.080774,1.396979,-0.435341,0.433986,-0.212502,0.080794,0.871764,52.279400,330.596200,355.915400
353.408,16,0.080804,1.391112,-0.437733,0.433266,-0.204439,0.080936,0.874033,52.229600,332.033000,356.661200
353.508,16,0.077502,1.384665,-0.447427,0.434409,-0.193291,0.078786,0.876196,52.345870,333.741700,357.197300
353.622,16,0.068796,1.367843,-0.468743,0.440667,-0.178292,0.075639,0.876529,53.081110,335.835700,357.659100
353.728,16,0.062868,1.347255,-0.488937,0.454777,-0.174829,0.071689,0.870330,54.753680,335.522300,356.599500
353.836,16,0.061112,1.330326,-0.501411,0.460346,-0.160130,0.064339,0.870805,55.320530,337.292200,356.435400
353.948,16,0.056459,1.311101,-0.522020,0.473557,-0.143377,0.068547,0.866308,57.155670,340.225000,358.200800
354.061,16,0.051317,1.309909,-0.534513,0.470578,-0.146965,0.063315,0.867726,56.644550,339.176300,357.035300
354.175,16,0.050841,1.309994,-0.544608,0.471897,-0.142817,0.061445,0.867837,56.783920,339.717700,357.055300
354.289,16,0.050529,1.311769,-0.549389,0.471912,-0.139270,0.060546,0.868469,56.777080,340.292900,357.250700
354.403,16,0.049687,1.312599,-0.550099,0.471315,-0.139986,0.060854,0.868656,56.705390,340.212500,357.261000
354.517,16,0.048545,1.309415,-0.545804,0.468142,-0.141468,0.060766,0.870137,56.293090,340.055300,357.241700
354.631,16,0.036291,1.299618,-0.530482,0.441679,-0.155919,0.061419,0.881384,52.913850,338.542100,357.199300
354.743,16,0.015650,1.301794,-0.516819,0.412569,-0.168615,0.060850,0.893114,49.241070,337.392700,357.327700
354.851,16,-0.002503,1.298584,-0.501865,0.406023,-0.167866,0.062619,0.896128,48.479600,337.842600,357.917700
354.958,16,-0.017224,1.276299,-0.479321,0.419282,-0.172833,0.065501,0.888843,50.173990,336.798700,357.450300
355.065,16,-0.038970,1.223665,-0.428525,0.421023,-0.168341,0.068056,0.888690,50.464560,337.665500,358.128500
355.171,16,-0.057542,1.150745,-0.381813,0.443683,-0.159936,0.078827,0.878267,53.567590,339.190200,359.666200
355.277,16,-0.067092,1.089022,-0.351338,0.454780,-0.158391,0.084597,0.872314,55.106860,339.601300,0.352911
355.384,16,-0.080089,1.002217,-0.313583,0.459860,-0.144090,0.090427,0.871545,55.856640,342.583700,2.563231
355.491,16,-0.086924,0.940480,-0.293001,0.462908,-0.132986,0.093711,0.871349,56.266880,344.864600,4.150104
355.598,16,-0.093008,0.910618,-0.280759,0.459835,-0.131298,0.089886,0.873632,55.797600,344.866900,3.702953
355.707,16,-0.103053,0.888268,-0.270437,0.457784,-0.134221,0.088221,0.874435,55.516170,344.220600,3.179212
355.815,16,-0.112457,0.888019,-0.267163,0.456759,-0.139469,0.090951,0.873869,55.453370,343.541000,3.189466
355.924,16,-0.121446,0.896996,-0.268678,0.449859,-0.147437,0.087043,0.876535,54.518240,341.918300,1.968658
356.030,16,-0.124725,0.900528,-0.272554,0.444204,-0.150249,0.085231,0.879116,53.767430,341.407500,1.587454
356.137,16,-0.127569,0.904911,-0.277123,0.442105,-0.156417,0.081767,0.879427,53.434620,340.096200,0.530070
356.243,16,-0.129447,0.923818,-0.283318,0.438861,-0.156788,0.080233,0.881125,52.991150,339.999800,0.359301
356.348,16,-0.131302,0.937402,-0.287393,0.430551,-0.156142,0.080793,0.885279,51.956690,340.383900,0.799113
356.454,16,-0.130022,0.936326,-0.291250,0.428551,-0.156625,0.077785,0.886432,51.640190,340.123000,0.337827
356.559,16,-0.129294,0.929244,-0.292324,0.433659,-0.157227,0.075110,0.884069,52.221680,339.668100,359.667000
356.664,16,-0.129824,0.922594,-0.291748,0.436535,-0.157361,0.075150,0.882625,52.584030,339.562000,359.554100
356.771,16,-0.131601,0.921074,-0.291337,0.438541,-0.158426,0.078196,0.881175,52.905160,339.561300,359.891300
356.876,16,-0.132439,0.921183,-0.289692,0.436497,-0.160561,0.078949,0.881736,52.664880,339.315300,359.910900
356.981,16,-0.131641,0.919998,-0.287596,0.438113,-0.158175,0.079170,0.881346,52.873310,339.696000,0.090615
357.087,16,-0.131444,0.920208,-0.286305,0.437102,-0.158558,0.079413,0.881757,52.751570,339.679300,0.135705
357.192,16,-0.131810,0.921170,-0.286168,0.436560,-0.161736,0.077613,0.881608,52.641600,339.004800,359.587700
357.299,16,-0.130919,0.924123,-0.286949,0.435559,-0.161997,0.075821,0.882211,52.473930,338.849600,359.309800
357.404,16,-0.128328,0.935827,-0.290514,0.434477,-0.160809,0.075597,0.882981,52.333650,339.069500,359.415400
357.509,16,-0.124512,0.960739,-0.298723,0.426962,-0.160314,0.071098,0.887101,51.289260,339.039400,359.014600
357.613,16,-0.119647,0.988800,-0.310148,0.418077,-0.159505,0.066855,0.891796,50.085740,339.129400,358.738300
357.717,16,-0.113545,1.017858,-0.325499,0.409719,-0.156159,0.063987,0.896465,48.988930,339.710400,358.844100
357.819,16,-0.107371,1.047994,-0.344992,0.400504,-0.156187,0.058330,0.901000,47.725300,339.577700,358.296600
357.922,16,-0.099276,1.089304,-0.375360,0.387750,-0.158306,0.051367,0.906615,46.000350,339.153000,357.555700
358.023,16,-0.094181,1.121217,-0.402781,0.378111,-0.165240,0.047226,0.909669,44.710010,338.113900,356.851200
358.124,16,-0.087754,1.155124,-0.435153,0.379490,-0.172191,0.043777,0.907977,44.765910,336.820200,355.865200
358.225,16,-0.076999,1.199989,-0.472434,0.383854,-0.175306,0.037117,0.905840,45.107720,335.818800,354.524900
358.328,16,-0.057664,1.264417,-0.520467,0.386008,-0.171829,0.032824,0.905757,45.278790,336.024400,354.029400
358.430,16,-0.039183,1.320424,-0.558694,0.382111,-0.163974,0.032495,0.908872,44.848670,337.332200,354.638600
358.535,16,-0.023426,1.363329,-0.589274,0.386118,-0.154683,0.038379,0.908578,45.521100,338.968700,355.931400
358.640,16,-0.009301,1.398296,-0.613991,0.388316,-0.160179,0.045199,0.906372,45.922360,338.472400,356.500000
358.746,16,0.002206,1.418809,-0.630742,0.399121,-0.153766,0.051493,0.902445,47.409160,339.552200,357.475900
358.854,16,0.008952,1.429555,-0.642899,0.408741,-0.146929,0.060336,0.898723,48.800420,340.969900,358.985500
358.962,16,0.012312,1.432640,-0.650413,0.410939,-0.150248,0.066821,0.896711,49.206220,340.829900,359.680100
359.070,16,0.016519,1.432568,-0.654669,0.415926,-0.143789,0.073809,0.894920,49.966420,342.263000,1.113057
359.179,16,0.017878,1.433990,-0.654494,0.410430,-0.145840,0.074033,0.897105,49.287430,342.061300,1.152256
359.290,16,0.014377,1.427712,-0.656377,0.424367,-0.158645,0.072178,0.888558,50.991330,339.477000,359.419400
359.399,16,0.011466,1.424601,-0.657067,0.428724,-0.170159,0.068602,0.884610,51.430660,337.137700,357.745100
359.509,16,0.011677,1.420603,-0.658482,0.433996,-0.167410,0.083118,0.881313,52.448150,338.544400,0.112367
359.620,16,0.013669,1.419381,-0.659542,0.434504,-0.170471,0.081252,0.880650,52.466180,337.855900,359.526800
359.731,16,0.016992,1.419863,-0.660844,0.431903,-0.170383,0.083765,0.881711,52.201420,338.150400,0.050066
359.842,16,0.020079,1.421155,-0.664069,0.429683,-0.178713,0.083370,0.881183,51.911430,336.770000,359.382200
359.952,16,0.021438,1.425275,-0.664988,0.414179,-0.184303,0.085202,0.887259,50.029410,336.469100,359.868200
360.063,16,0.023808,1.426824,-0.666334,0.411593,-0.183515,0.087808,0.888371,49.775710,336.860200,0.438704
360.172,16,0.026064,1.428903,-0.665624,0.413269,-0.179619,0.080844,0.889050,49.807070,336.961900,359.581600
360.282,16,0.026653,1.429241,-0.665946,0.413230,-0.187240,0.081979,0.887390,49.826340,335.789000,359.178300
360.391,16,0.026192,1.424226,-0.668644,0.430815,-0.190083,0.079686,0.878588,51.934940,334.508700,357.791600
360.501,16,0.023204,1.420297,-0.668989,0.436767,-0.195211,0.078720,0.874603,52.629680,333.302200,356.899800
360.611,16,0.017784,1.413225,-0.667578,0.440504,-0.203319,0.083208,0.870456,53.198410,332.062900,356.720600
360.722,16,0.008682,1.391773,-0.654422,0.434775,-0.209004,0.084467,0.871868,52.508140,331.438200,356.755200
360.832,16,-0.004989,1.342890,-0.623521,0.436823,-0.209977,0.084982,0.870559,52.773460,331.210400,356.637700
360.943,16,-0.023185,1.276417,-0.582584,0.440631,-0.208162,0.089232,0.868649,53.384580,331.674200,357.268600
361.053,16,-0.042737,1.208899,-0.541201,0.435172,-0.215305,0.091049,0.869471,52.744660,330.819000,357.248400
361.162,16,-0.059684,1.140461,-0.500577,0.421905,-0.223575,0.087919,0.874232,50.986550,329.792300,356.818900
361.271,16,-0.073699,1.078522,-0.468542,0.423565,-0.228110,0.089426,0.872102,51.222330,329.048500,356.589200
361.376,16,-0.082131,1.045874,-0.448508,0.414196,-0.232316,0.087460,0.875684,50.000140,328.649900,356.497100
361.481,16,-0.095591,1.010079,-0.424540,0.409601,-0.236313,0.089607,0.876558,49.502020,328.338900,356.778300
361.585,16,-0.103967,0.986768,-0.410131,0.413077,-0.239346,0.090543,0.874004,49.942970,327.732300,356.484000
361.689,16,-0.111821,0.965926,-0.397381,0.416463,-0.242438,0.089826,0.871616,50.313060,326.999500,355.928000
361.791,16,-0.117090,0.953432,-0.388785,0.418352,-0.246623,0.091610,0.869349,50.585540,326.314500,355.748700
361.895,16,-0.119965,0.945070,-0.382333,0.422143,-0.248579,0.091550,0.866961,51.030340,325.775400,355.336700
361.998,16,-0.122197,0.939560,-0.377352,0.420644,-0.250706,0.091846,0.867047,50.849300,325.514300,355.308000
362.102,16,-0.123402,0.934275,-0.373364,0.424422,-0.250776,0.094403,0.864908,51.399860,325.467400,355.442800
362.205,16,-0.124733,0.932092,-0.370435,0.426172,-0.252997,0.095512,0.863277,51.640990,325.062000,355.310900
362.310,16,-0.125221,0.931241,-0.368097,0.425941,-0.254212,0.094711,0.863122,51.575920,324.810200,355.101900
362.413,16,-0.124907,0.930715,-0.365631,0.426322,-0.254962,0.094373,0.862750,51.604510,324.635500,354.961100
362.519,16,-0.124237,0.931076,-0.363625,0.426101,-0.254415,0.092842,0.863187,51.522340,324.638400,354.787000
362.623,16,-0.122312,0.931657,-0.360751,0.425999,-0.252889,0.091173,0.863863,51.455400,324.793900,354.664900
362.728,16,-0.120291,0.931645,-0.359260,0.426675,-0.251109,0.090807,0.864087,51.533680,325.036600,354.709700
362.832,16,-0.119097,0.931644,-0.358478,0.426144,-0.249858,0.090810,0.864711,51.477390,325.282800,354.850400
362.938,16,-0.119097,0.931993,-0.358242,0.426480,-0.250190,0.090011,0.864534,51.485630,325.151900,354.677200
363.042,16,-0.119955,0.932165,-0.358395,0.425684,-0.249617,0.089489,0.865145,51.373570,325.260400,354.698800
363.146,16,-0.120954,0.931817,-0.358733,0.426045,-0.248344,0.089860,0.865296,51.438700,325.484200,354.836600
363.250,16,-0.122478,0.930746,-0.358929,0.426993,-0.249285,0.089236,0.864622,51.523680,325.225200,354.597900
363.354,16,-0.124068,0.928480,-0.359414,0.429452,-0.250737,0.089756,0.862929,51.830210,324.866600,354.386200
363.459,16,-0.125149,0.927887,-0.358768,0.429329,-0.250197,0.089593,0.863164,51.812740,324.956200,354.415100
363.565,16,-0.125824,0.927253,-0.358192,0.429585,-0.249818,0.090047,0.863099,51.863240,325.038200,354.499200
363.669,16,-0.125814,0.926779,-0.357526,0.430134,-0.249894,0.089843,0.862824,51.921180,324.978500,354.422900
363.774,16,-0.124881,0.927767,-0.356374,0.428566,-0.250112,0.088447,0.863685,51.677790,324.936800,354.298900
363.880,16,-0.121700,0.935968,-0.357141,0.427898,-0.249944,0.085764,0.864336,51.496220,324.821700,353.947600
363.985,16,-0.115094,0.956059,-0.360974,0.426244,-0.245740,0.084633,0.866467,51.283310,325.563100,354.235100
364.089,16,-0.103124,0.999787,-0.370501,0.414237,-0.239704,0.080816,0.874310,49.737150,326.978900,354.916000
364.192,16,-0.088309,1.053951,-0.386253,0.402925,-0.231960,0.077681,0.881937,48.309250,328.598100,355.696900
364.296,16,-0.073884,1.110340,-0.406818,0.393037,-0.228349,0.072304,0.887779,46.960350,329.284200,355.704600
364.399,16,-0.052965,1.194854,-0.444419,0.389269,-0.228332,0.067695,0.889804,46.357570,329.176000,355.238000
364.502,16,-0.030787,1.281175,-0.491947,0.396898,-0.228936,0.054708,0.887168,46.826030,327.980000,352.892600
364.606,17,-0.009607,1.356168,-0.543258,0.409655,-0.226210,0.055925,0.881978,48.410020,327.852700,352.496100
364.712,17,0.006282,1.410636,-0.583759,0.394954,-0.214065,0.058627,0.891488,46.827180,330.649500,354.585600
364.819,17,0.021475,1.450465,-0.626124,0.405088,-0.197458,0.069581,0.889985,48.462580,333.575400,356.877200
364.927,17,0.033093,1.486975,-0.671155,0.399109,-0.200761,0.060213,0.892626,47.449950,332.681800,355.525500
365.035,17,0.041853,1.511655,-0.705133,0.388070,-0.195768,0.058274,0.898711,46.082730,333.762100,356.098000
365.143,17,0.051098,1.524948,-0.730123,0.380641,-0.178642,0.055942,0.905577,45.185050,336.507600,357.179900
365.250,17,0.057325,1.534426,-0.753174,0.377630,-0.168054,0.056945,0.908796,44.871360,338.264500,358.106200
365.359,17,0.057851,1.537797,-0.767729,0.377666,-0.168554,0.055936,0.908752,44.850960,338.128700,357.926500
365.468,17,0.058479,1.539395,-0.779625,0.377153,-0.173423,0.060529,0.907754,44.887620,337.669300,358.307700
365.576,17,0.059859,1.539321,-0.786114,0.379118,-0.179603,0.059720,0.905785,45.092770,336.625600,357.727400
365.685,17,0.062124,1.539948,-0.788782,0.378461,-0.180901,0.056383,0.906015,44.925150,336.253300,357.186000
365.792,17,0.062978,1.540020,-0.789376,0.379712,-0.187184,0.056263,0.904221,45.052150,335.248600,356.721300
365.901,17,0.061621,1.538593,-0.788832,0.385376,-0.198890,0.056615,0.899290,45.696460,333.276900,355.774200
366.009,17,0.061818,1.536612,-0.787054,0.385996,-0.202418,0.060242,0.898001,45.859760,332.919600,356.042000
366.117,17,0.063264,1.534456,-0.785062,0.392260,-0.199553,0.065957,0.895522,46.792550,333.483400,356.783000
366.226,17,0.064771,1.534247,-0.784224,0.390554,-0.201830,0.073687,0.895155,46.799090,333.655900,357.846100
366.334,17,0.066124,1.536143,-0.786147,0.383762,-0.205612,0.076961,0.896955,46.061250,333.484500,358.368900
366.443,17,0.066277,1.536979,-0.791351,0.385794,-0.215440,0.081197,0.893396,46.412280,332.130600,358.242300
366.552,17,0.068684,1.539343,-0.796455,0.386254,-0.219689,0.077700,0.892473,46.351020,331.239500,357.424200
366.663,17,0.074730,1.541385,-0.801401,0.385718,-0.205427,0.087776,0.895163,46.604150,334.102900,359.889400
366.773,17,0.080350,1.539934,-0.807556,0.386467,-0.200363,0.093110,0.895449,46.839000,335.206000,0.995312
366.884,17,0.087669,1.529951,-0.816866,0.408699,-0.199959,0.097830,0.885105,49.694530,334.938700,0.862256
366.996,17,0.094732,1.524853,-0.827098,0.413560,-0.209511,0.088364,0.881626,50.017170,332.536800,358.440800
367.110,17,0.097581,1.525402,-0.828955,0.418873,-0.212325,0.071961,0.879935,50.149620,330.721600,355.414200
367.223,17,0.100448,1.528623,-0.831341,0.407665,-0.215794,0.069096,0.884572,48.680470,330.469300,355.334700
367.335,17,0.097233,1.530670,-0.837753,0.401155,-0.227182,0.075058,0.884211,48.031730,329.287700,355.751800
367.448,17,0.094466,1.533283,-0.843062,0.391425,-0.236128,0.078637,0.885916,46.943060,328.490700,356.177000
367.560,17,0.093032,1.532431,-0.848302,0.396689,-0.237621,0.082262,0.882841,47.690580,328.241500,356.314000
367.672,17,0.096540,1.532027,-0.851706,0.411061,-0.221146,0.089838,0.879803,49.732880,330.805800,357.896100
367.787,17,0.099896,1.532049,-0.855468,0.423215,-0.210114,0.094013,0.876301,51.373650,332.455600,358.799400
367.897,17,0.100692,1.531935,-0.857896,0.432357,-0.212113,0.095202,0.871213,52.536120,331.817600,358.348100
368.010,17,0.100609,1.534078,-0.857804,0.425235,-0.213151,0.086962,0.875317,51.398330,331.344300,357.332300
368.124,17,0.102190,1.534620,-0.860733,0.439222,-0.215382,0.089451,0.867579,53.192420,330.487000,356.747800
368.238,17,0.103776,1.535316,-0.861844,0.440262,-0.207777,0.096220,0.868182,53.556150,332.308700,358.468200
368.339,17,0.102867,1.536608,-0.861140,0.433784,-0.207463,0.087860,0.872394,52.496530,332.006800,357.487200
368.453,17,0.100832,1.537697,-0.859625,0.420015,-0.207268,0.084220,0.879508,50.689620,332.366100,357.651000
368.566,17,0.099613,1.537733,-0.857072,0.411741,-0.202651,0.076351,0.885196,49.454430,332.922900,357.204200
368.678,17,0.097809,1.537434,-0.855917,0.408266,-0.208002,0.071060,0.886005,48.852050,331.837700,356.172700
368.790,17,0.101033,1.535301,-0.853549,0.409037,-0.195442,0.070607,0.888541,48.981020,333.820500,356.994600
368.901,17,0.105299,1.534073,-0.849020,0.406576,-0.183326,0.074111,0.891961,48.805070,336.105800,358.532900
369.012,17,0.109020,1.537688,-0.844683,0.392485,-0.178248,0.070954,0.899527,47.003540,337.134900,358.969100
369.124,17,0.111330,1.541193,-0.838457,0.375872,-0.171647,0.071474,0.907827,44.990520,338.611200,0.059730
369.235,17,0.111239,1.544247,-0.832997,0.358621,-0.175104,0.064375,0.914651,42.731990,338.085500,359.389200
369.345,17,0.111380,1.542156,-0.834683,0.376084,-0.172732,0.067015,0.907873,44.912320,338.179700,359.333200
369.454,17,0.111324,1.542183,-0.837842,0.382662,-0.173602,0.068030,0.904878,45.737110,337.942000,359.200100
369.564,17,0.113793,1.539394,-0.840652,0.394577,-0.164503,0.071803,0.901162,47.288570,339.294700,359.965700
369.674,17,0.116221,1.538726,-0.839919,0.393937,-0.158717,0.072560,0.902418,47.224870,340.267600,0.498594
369.785,17,0.118200,1.536751,-0.838705,0.399991,-0.153664,0.070969,0.900754,47.936050,340.824900,0.421104
369.896,17,0.117408,1.534329,-0.837159,0.404162,-0.157636,0.075176,0.897860,48.543800,340.379900,0.655539
370.007,17,0.116920,1.532295,-0.833777,0.407533,-0.160356,0.076479,0.895742,48.991920,339.951900,0.550952
370.118,17,0.119106,1.531723,-0.828960,0.406005,-0.151193,0.077513,0.897938,48.813740,341.533500,1.429982
370.229,17,0.119109,1.525859,-0.821040,0.417105,-0.139682,0.075761,0.894859,50.144650,343.053700,1.704830
370.341,17,0.111040,1.516453,-0.800770,0.416571,-0.143663,0.077564,0.894323,50.119580,342.543900,1.701917
370.453,17,0.098356,1.496261,-0.766424,0.424772,-0.146766,0.077039,0.889996,51.142150,341.815600,1.136587
370.566,17,0.083542,1.458567,-0.724545,0.422802,-0.154155,0.077362,0.889657,50.909280,340.655000,0.663098
370.678,17,0.071236,1.420495,-0.685498,0.427379,-0.159114,0.078437,0.886498,51.508550,339.785100,0.282004
370.791,17,0.059264,1.366463,-0.637002,0.459477,-0.162832,0.085565,0.868933,55.728160,338.722300,359.904900
370.904,17,0.049746,1.315761,-0.596445,0.488136,-0.168033,0.087630,0.851945,59.449190,336.736700,358.339100
371.020,17,0.041082,1.252722,-0.555624,0.502418,-0.169317,0.097757,0.842230,61.570920,336.874100,359.341900
371.121,17,0.035535,1.198211,-0.526373,0.488934,-0.177336,0.101682,0.848031,59.919960,336.314700,359.891000
371.222,17,0.032599,1.147386,-0.497789,0.470626,-0.171317,0.098352,0.859935,57.470480,337.927400,0.841683
371.338,17,0.032870,1.106892,-0.471137,0.455189,-0.158610,0.097318,0.870733,55.443430,340.684500,2.534193
371.447,17,0.040695,1.072777,-0.434306,0.440368,-0.140661,0.093805,0.881755,53.415860,343.884000,3.996714
371.553,17,0.053875,1.055523,-0.397970,0.416205,-0.114345,0.085934,0.897950,50.095500,347.959600,5.290151
371.658,17,0.064725,1.045889,-0.371393,0.401596,-0.093912,0.081925,0.907298,48.083760,350.990800,6.293403
371.759,17,0.076994,1.037368,-0.341460,0.394348,-0.078981,0.073445,0.912610,47.001690,352.735900,6.040183
371.859,17,0.085897,1.038813,-0.321624,0.390915,-0.075512,0.065295,0.914997,46.488310,352.729100,5.037076
371.971,17,0.107018,1.066366,-0.301781,0.375783,-0.058826,0.050399,0.923464,44.424940,354.313000,3.923911
372.081,17,0.141523,1.113488,-0.286975,0.351594,-0.017485,0.034944,0.935337,41.219020,359.380300,4.046099
372.189,17,0.185100,1.162677,-0.276131,0.327334,0.025894,0.019241,0.944358,38.115240,4.483514,3.883999
372.300,17,0.225499,1.201368,-0.267014,0.310519,0.063820,0.002652,0.948419,36.062410,8.730639,3.167340
372.411,17,0.273009,1.238096,-0.257553,0.292424,0.104909,-0.013730,0.950418,33.968060,13.342100,2.436453
372.522,17,0.305605,1.255323,-0.250535,0.282670,0.129927,-0.027521,0.949979,32.970830,16.003640,1.445569
372.633,17,0.324850,1.269176,-0.247114,0.282760,0.144236,-0.034271,0.947665,33.080030,17.645620,1.136135
372.744,17,0.332097,1.283536,-0.235800,0.267072,0.142955,-0.034126,0.952403,31.230220,17.285250,0.760833
372.855,17,0.331649,1.290117,-0.220547,0.265316,0.136610,-0.036409,0.953740,31.066510,16.359250,0.203325
372.966,17,0.323937,1.300508,-0.193083,0.262704,0.128034,-0.037575,0.955606,30.777370,15.178900,359.697000
373.078,17,0.314885,1.322959,-0.164052,0.252422,0.120798,-0.033899,0.959449,29.509140,14.281470,359.732400
373.189,17,0.300205,1.366255,-0.119208,0.231052,0.123018,-0.029117,0.964694,26.933280,14.544570,0.043028
373.300,17,0.283905,1.413138,-0.087868,0.199338,0.117490,-0.026095,0.972512,23.194190,13.727040,359.756000
373.411,17,0.264035,1.481151,-0.061502,0.143069,0.092163,-0.019508,0.985219,16.589050,10.583220,359.278500
373.522,17,0.253600,1.525082,-0.050685,0.121873,0.071620,-0.019166,0.989773,14.122600,8.127451,358.789800
373.634,17,0.242306,1.561237,-0.038303,0.106078,0.014667,-0.010973,0.994189,12.195340,1.573317,358.903400
373.742,17,0.228793,1.581418,-0.024916,0.106756,-0.068944,-0.008272,0.991858,12.159460,351.853100,358.175200
373.855,17,0.210395,1.591208,-0.011991,0.118178,-0.199721,0.005944,0.972682,13.430960,336.546100,357.899900
373.966,17,0.192648,1.597986,-0.003981,0.122640,-0.392415,0.029986,0.911082,14.300290,313.086900,357.538800
374.077,17,0.189274,1.601436,-0.003718,0.133771,-0.511328,0.073125,0.845755,17.521030,297.565900,359.212300
374.188,17,0.200757,1.598001,-0.016019,0.158853,-0.604446,0.132593,0.769305,23.872540,283.844800,0.750173
374.299,17,0.217287,1.591853,-0.035428,0.183860,-0.655015,0.169191,0.713110,28.938420,274.870400,0.028853
374.410,17,0.244423,1.579488,-0.065068,0.204687,-0.702803,0.212481,0.647320,34.309360,265.023300,359.124500
374.520,17,0.269641,1.574412,-0.093908,0.206549,-0.735187,0.239865,0.599419,36.892090,257.996900,358.843200
374.631,17,0.297368,1.570520,-0.124848,0.204156,-0.754889,0.252815,0.569692,37.901500,253.578400,358.534800
374.742,17,0.333700,1.565470,-0.156165,0.200367,-0.772766,0.267188,0.539718,38.993420,249.307700,358.432400
374.855,17,0.371396,1.563527,-0.175851,0.208926,-0.777820,0.274578,0.525312,40.289320,247.060100,357.254600
374.974,17,0.427428,1.562359,-0.193300,0.203658,-0.783941,0.277828,0.516500,40.239170,245.868900,357.573800
375.075,17,0.459528,1.560809,-0.201741,0.200529,-0.788061,0.280969,0.509710,40.335640,244.970500,357.772200
375.176,17,0.492518,1.556137,-0.209234,0.196095,-0.793166,0.283878,0.501845,40.326550,243.922200,358.034500
375.283,17,0.524392,1.551496,-0.215322,0.199705,-0.793392,0.288846,0.497208,41.065780,243.305200,357.745800
375.383,17,0.535092,1.552594,-0.218499,0.197820,-0.790057,0.285108,0.505362,40.575170,244.529400,358.158200
375.485,17,0.536669,1.554574,-0.219038,0.196690,-0.778073,0.275447,0.529192,39.554290,248.052900,358.918700
375.591,17,0.531559,1.555199,-0.214230,0.197891,-0.760464,0.269604,0.556640,39.076420,252.384600,359.938500
375.691,17,0.524437,1.557752,-0.201009,0.204378,-0.739275,0.256651,0.588075,38.305210,256.994500,359.976400
375.805,17,0.507912,1.561590,-0.175222,0.210394,-0.731763,0.232442,0.605168,36.500610,258.556400,358.104800
375.910,17,0.488260,1.561381,-0.145653,0.217434,-0.725997,0.226758,0.611745,36.532590,259.335400,357.269600
376.023,17,0.454377,1.558435,-0.100833,0.222653,-0.716229,0.226328,0.621464,36.937680,260.994100,357.301400
376.135,17,0.413245,1.557561,-0.053226,0.222742,-0.704142,0.222357,0.636497,36.633210,263.498800,357.812900
376.247,17,0.350819,1.559150,0.012782,0.212415,-0.699731,0.216517,0.646821,35.295670,265.116100,358.794500
376.358,17,0.306026,1.560764,0.060839,0.210189,-0.699041,0.216693,0.648233,35.131660,265.393900,359.094400
376.468,17,0.256175,1.566071,0.110095,0.195944,-0.702150,0.210836,0.651260,33.456040,265.682000,359.962500
376.579,17,0.222570,1.566721,0.136550,0.193547,-0.704335,0.217068,0.647560,33.810170,265.368200,0.585194
376.690,17,0.183066,1.564531,0.154430,0.199271,-0.710825,0.229176,0.634427,35.355970,263.667100,0.526687
376.801,17,0.149119,1.561529,0.161197,0.207796,-0.717985,0.236592,0.620760,36.706950,261.582200,359.667300
376.912,17,0.108171,1.557190,0.167014,0.205286,-0.716386,0.239378,0.622373,36.762750,262.057300,0.274382
377.024,17,0.056560,1.550796,0.172070,0.196811,-0.701323,0.242859,0.640649,36.357260,265.643200,2.499216
377.134,17,0.003136,1.552565,0.171283,0.190597,-0.692797,0.234330,0.654824,35.050680,267.718500,2.996921
377.244,17,-0.070600,1.562507,0.166005,0.184579,-0.688076,0.233167,0.661902,34.417530,268.955600,3.799031
377.356,17,-0.117762,1.568349,0.160665,0.177137,-0.694130,0.227404,0.659617,33.324460,268.190300,3.711380
377.467,17,-0.162623,1.572534,0.153557,0.178115,-0.713834,0.221374,0.640087,32.960800,264.352700,1.988114
377.579,17,-0.190763,1.577412,0.148775,0.174370,-0.731161,0.219754,0.621858,32.562380,261.126800,1.246015
377.690,17,-0.225460,1.580018,0.139288,0.158207,-0.774302,0.215713,0.573493,31.031970,253.096500,0.161795
377.801,17,-0.258481,1.582148,0.130526,0.144239,-0.822459,0.209841,0.508648,29.465870,243.057500,358.434200
377.912,17,-0.294029,1.584902,0.127174,0.129005,-0.865820,0.204752,0.437939,27.875300,232.952200,357.143400
378.023,17,-0.330534,1.594226,0.130607,0.107680,-0.899592,0.202614,0.371600,26.395650,224.241000,357.238700
378.135,17,-0.357190,1.600852,0.131449,0.094206,-0.928594,0.191694,0.303467,24.405350,215.396700,356.309600
378.246,17,-0.378531,1.602058,0.127536,0.074077,-0.953657,0.205358,0.207071,24.983680,203.713000,356.442700
378.357,17,-0.382458,1.599670,0.122813,0.058555,-0.961313,0.231429,0.137438,27.454660,195.499800,356.836800
378.467,17,-0.374083,1.593172,0.111282,0.028362,-0.961810,0.264621,0.063977,30.841090,187.230100,358.618700
378.579,17,-0.361168,1.584551,0.090542,0.012493,-0.960292,0.278599,0.008058,32.362570,180.577600,358.676900
378.689,17,-0.331924,1.568779,0.054935,-0.003815,-0.955997,0.289645,-0.046483,33.652480,174.023900,358.648400
378.801,17,-0.295872,1.550214,0.015413,-0.016732,-0.950934,0.294046,-0.094770,34.222490,168.107300,358.342900
378.911,17,-0.255425,1.521887,-0.026815,-0.032564,-0.942508,0.301729,-0.139926,35.301280,162.595900,358.381200
379.023,17,-0.214606,1.481726,-0.067909,-0.041277,-0.935059,0.304666,-0.176462,35.755650,157.934900,357.858100
379.134,17,-0.181975,1.439977,-0.100968,-0.044910,-0.928711,0.310831,-0.197136,36.516300,155.110600,357.208900
379.245,17,-0.142951,1.390967,-0.149083,-0.052927,-0.924076,0.308653,-0.219126,36.415210,152.442200,357.332700
379.356,17,-0.117432,1.350434,-0.190090,-0.057548,-0.920805,0.307335,-0.233136,36.357610,150.711700,357.343900
379.467,17,-0.091042,1.292294,-0.246070,-0.065877,-0.915745,0.309442,-0.247624,36.824450,148.960300,357.666100
379.579,17,-0.071493,1.250971,-0.285776,-0.074953,-0.910224,0.313580,-0.259888,37.576050,147.476700,358.080700
379.690,17,-0.044613,1.206618,-0.326700,-0.083099,-0.903139,0.312508,-0.282440,37.692100,144.614400,358.086000
379.802,17,-0.020790,1.169573,-0.351476,-0.090250,-0.895075,0.316954,-0.300393,38.434250,142.159800,357.888500
379.913,17,0.005406,1.140834,-0.365051,-0.090956,-0.883295,0.320413,-0.329929,38.759700,137.723600,356.268800
380.024,17,0.036230,1.127705,-0.366024,-0.088848,-0.869767,0.323145,-0.362202,38.791060,132.719300,354.143400
380.136,17,0.066627,1.136541,-0.353838,-0.087278,-0.860228,0.314742,-0.391571,37.578750,128.672600,353.018500
380.247,17,0.111510,1.169355,-0.317179,-0.081055,-0.848563,0.286306,-0.437493,33.836090,123.070900,352.184500
380.358,17,0.147150,1.194993,-0.275796,-0.080378,-0.838871,0.265887,-0.468123,31.422390,119.509400,352.317200
380.469,17,0.188308,1.219955,-0.217627,-0.079499,-0.832461,0.245293,-0.490428,29.102360,117.143500,352.884200
380.581,17,0.215641,1.240170,-0.176903,-0.084696,-0.834737,0.227274,-0.494356,27.591660,117.404100,354.606100
380.692,17,0.226161,1.275383,-0.152554,-0.076060,-0.849694,0.206973,-0.478954,25.124420,120.207600,355.628900
380.803,17,0.218617,1.332902,-0.138275,-0.059894,-0.879064,0.166859,-0.442513,20.265230,126.096700,357.411100
380.915,17,0.195408,1.386249,-0.135602,-0.046134,-0.909772,0.134353,-0.390046,16.287020,133.409300,358.754500
381.026,17,0.149102,1.438381,-0.146828,-0.037687,-0.945007,0.108470,-0.306229,13.184750,144.122800,0.282165
381.138,17,0.118863,1.470041,-0.160372,-0.031924,-0.951633,0.101926,-0.288076,12.262150,146.328900,0.119328
381.248,17,0.086795,1.492518,-0.183030,-0.034699,-0.949197,0.131708,-0.283681,15.647610,146.648500,359.473200
381.360,17,0.062515,1.500656,-0.196909,-0.040654,-0.942571,0.184637,-0.275349,21.743680,147.134400,358.455200
381.470,17,0.027845,1.505908,-0.202162,-0.050514,-0.926683,0.273351,-0.252954,32.152560,148.592400,356.975600
381.581,17,-0.001259,1.513151,-0.193486,-0.053565,-0.920493,0.313620,-0.226860,36.989890,151.261300,356.864900
381.691,17,-0.026836,1.521451,-0.166493,-0.064538,-0.909234,0.353971,-0.209363,42.121770,153.147600,357.615700
381.802,17,-0.043985,1.534115,-0.128142,-0.063939,-0.909090,0.357642,-0.203859,42.557330,153.825600,357.699700
381.913,17,-0.056880,1.544013,-0.079927,-0.061520,-0.911466,0.359027,-0.191167,42.687720,155.544100,358.041500
382.021,17,-0.065529,1.552981,-0.027538,-0.060971,-0.914257,0.357935,-0.179720,42.563320,157.237400,358.664200
382.121,17,-0.070015,1.557001,0.016791,-0.054225,-0.919823,0.350227,-0.168304,41.494380,158.736500,358.612700
382.230,17,-0.074236,1.556060,0.061939,-0.048749,-0.920780,0.353769,-0.156956,41.819800,160.027500,358.363900
382.330,17,-0.074822,1.558777,0.090614,-0.043776,-0.925554,0.344407,-0.151058,40.598830,160.818600,358.262900
382.439,17,-0.073687,1.561352,0.110449,-0.041811,-0.926446,0.344351,-0.146191,40.561960,161.418500,358.249200
382.540,17,-0.071227,1.561790,0.125150,-0.043935,-0.928437,0.340744,-0.141307,40.175840,162.288500,358.896300
382.649,17,-0.070900,1.562770,0.131495,-0.046224,-0.928580,0.340938,-0.139153,40.243790,162.706100,359.321400
382.759,17,-0.071679,1.564221,0.134643,-0.044147,-0.930419,0.337129,-0.136807,39.748720,162.998600,359.247900
382.860,17,-0.072595,1.565266,0.138185,-0.044242,-0.930643,0.335677,-0.138807,39.573890,162.743500,359.194000
382.960,17,-0.072749,1.567008,0.140152,-0.042676,-0.932154,0.330557,-0.141417,38.927120,162.384200,358.973900
383.062,17,-0.073021,1.567302,0.142509,-0.041551,-0.931833,0.331340,-0.142037,38.999230,162.230800,358.769600
383.162,17,-0.072754,1.568107,0.144145,-0.040301,-0.932991,0.328746,-0.140820,38.666390,162.386200,358.724100
383.262,17,-0.071686,1.567773,0.145702,-0.040806,-0.932624,0.329488,-0.141370,38.763980,162.320500,358.747400
383.376,17,-0.071144,1.567271,0.146816,-0.039622,-0.932750,0.329840,-0.140048,38.786040,162.444200,358.642100
383.477,17,-0.070972,1.567819,0.148351,-0.038980,-0.933814,0.327950,-0.137552,38.551100,162.794700,358.723700
383.578,17,-0.070211,1.568432,0.150399,-0.036290,-0.934591,0.326460,-0.136552,38.325170,162.833500,358.442300
383.691,17,-0.070619,1.567897,0.153385,-0.036286,-0.934682,0.326372,-0.136140,38.315270,162.892200,358.464000
383.805,17,-0.072459,1.568013,0.156050,-0.033900,-0.934900,0.326475,-0.135008,38.286610,162.937800,358.191800
383.906,17,-0.073756,1.568326,0.158019,-0.032942,-0.935847,0.324674,-0.133011,38.057690,163.201200,358.201400
384.008,17,-0.072834,1.570036,0.159692,-0.032310,-0.936884,0.320779,-0.135300,37.575670,162.918900,358.101100
384.120,17,-0.067532,1.569903,0.159532,-0.037045,-0.938606,0.314190,-0.137592,36.869540,162.916700,358.788200
384.234,17,-0.059646,1.564034,0.151309,-0.043085,-0.937506,0.316198,-0.138729,37.216490,162.997000,359.500200
384.346,17,-0.049793,1.554322,0.125058,-0.047974,-0.934769,0.323284,-0.139260,38.152280,163.044200,359.974400
384.460,17,-0.035558,1.537046,0.077784,-0.052508,-0.932793,0.329047,-0.137363,38.924110,163.442400,0.556794
384.561,17,-0.018806,1.508797,0.023178,-0.054643,-0.928080,0.339419,-0.143099,40.214700,162.587100,0.321566
384.675,17,0.004088,1.465549,-0.050157,-0.059790,-0.924881,0.344103,-0.150376,40.881030,161.731000,0.538661
384.787,17,0.030071,1.413005,-0.128423,-0.061299,-0.925923,0.338093,-0.156848,40.190140,160.975800,0.559377
384.899,17,0.049025,1.374571,-0.181543,-0.061453,-0.926214,0.335257,-0.161101,39.854430,160.423400,0.434180
385.009,17,0.069887,1.330699,-0.241260,-0.058915,-0.926910,0.330392,-0.167951,39.218350,159.413000,359.869700
385.119,17,0.082972,1.302100,-0.281013,-0.059485,-0.929161,0.322664,-0.170321,38.307180,159.241300,0.045951
385.230,17,0.096507,1.269203,-0.322463,-0.060306,-0.932632,0.310152,-0.174259,36.836480,158.937800,0.314446
385.341,17,0.103853,1.240755,-0.350587,-0.059603,-0.931196,0.312887,-0.177267,37.146100,158.445500,0.005393
385.452,17,0.108696,1.221389,-0.370026,-0.056484,-0.930696,0.313090,-0.180529,37.097710,157.854600,359.432200
385.563,17,0.111482,1.208440,-0.381969,-0.059755,-0.929101,0.316477,-0.181776,37.575150,157.761300,359.709400
385.675,17,0.112718,1.201714,-0.387889,-0.058107,-0.927719,0.319419,-0.184210,37.884350,157.292800,359.283800
385.786,17,0.111944,1.197964,-0.391800,-0.055777,-0.926424,0.322852,-0.185457,38.234720,156.944900,358.803300
385.893,17,0.110900,1.196851,-0.393340,-0.056273,-0.926884,0.322117,-0.184285,38.160800,157.146800,358.950200
386.007,17,0.109776,1.195867,-0.393164,-0.054710,-0.926632,0.322898,-0.184653,38.215450,157.009100,358.697700
386.118,17,0.109436,1.200619,-0.389189,-0.052332,-0.927838,0.318147,-0.187510,37.589790,156.603200,358.394700
386.230,17,0.106885,1.231387,-0.371439,-0.047700,-0.929466,0.309389,-0.195180,36.423860,155.529000,357.713500
386.341,17,0.099769,1.300184,-0.337568,-0.032075,-0.941229,0.269569,-0.200977,31.355450,154.989600,356.779500
386.452,17,0.084751,1.383866,-0.278095,-0.022261,-0.947813,0.242677,-0.205580,27.980970,154.592500,356.261500
386.563,17,0.063289,1.462031,-0.192086,-0.016603,-0.950161,0.239233,-0.199212,27.466830,155.310000,355.878800
386.674,17,0.044707,1.515949,-0.105392,-0.009197,-0.947074,0.256628,-0.192636,29.316510,155.602600,354.639900
386.785,17,0.022357,1.556286,0.007168,-0.009523,-0.943696,0.278529,-0.178240,31.943870,157.033600,354.501000
386.896,17,0.006589,1.563209,0.082661,-0.013495,-0.939507,0.306253,-0.152819,35.420900,159.987500,355.196000
387.007,17,-0.008928,1.564995,0.154156,-0.013522,-0.940071,0.317255,-0.124228,36.858760,163.668600,356.173100
387.118,17,-0.016040,1.568608,0.192102,-0.013393,-0.940945,0.317030,-0.118051,36.854000,164.512600,356.442800
387.229,17,-0.018426,1.573648,0.222512,-0.011941,-0.945197,0.299578,-0.129281,34.708920,163.226400,356.171700
387.340,17,-0.018577,1.575089,0.236349,-0.013463,-0.946118,0.293984,-0.135102,34.050580,162.602900,356.265800
387.451,17,-0.018649,1.576082,0.245415,-0.015095,-0.946480,0.290888,-0.139037,33.699490,162.194000,356.394800
387.563,17,-0.019020,1.575418,0.247702,-0.015212,-0.946329,0.291335,-0.139121,33.754050,162.179700,356.395500
387.673,17,-0.019818,1.575927,0.247052,-0.014896,-0.946436,0.291992,-0.137035,33.833800,162.434300,356.422600
387.785,17,-0.020453,1.575743,0.245541,-0.017962,-0.946372,0.291921,-0.137257,33.880430,162.524700,356.814100
387.896,18,-0.020913,1.575733,0.244129,-0.017272,-0.945624,0.292756,-0.140683,33.954410,162.026900,356.564600
388.008,18,-0.017411,1.578638,0.244009,-0.020091,-0.945369,0.286988,-0.153335,33.283360,160.548400,356.569300
388.119,18,-0.008190,1.582639,0.246508,-0.026580,-0.941827,0.275663,-0.190433,31.963350,156.075000,356.288200
388.229,18,-0.004797,1.587975,0.256662,-0.027426,-0.929452,0.263723,-0.256548,30.285390,147.621100,354.395500
388.341,18,-0.013444,1.592919,0.267400,-0.024964,-0.925217,0.256607,-0.278393,29.257450,144.845200,353.637600
388.452,18,-0.021319,1.595044,0.273167,-0.018910,-0.927986,0.252018,-0.273810,28.560930,145.407200,353.271100
388.564,18,-0.023901,1.593631,0.274532,-0.022796,-0.930824,0.250922,-0.264736,28.633110,146.737200,354.087100
388.675,18,-0.024787,1.593865,0.275932,-0.021871,-0.934038,0.250460,-0.253701,28.618570,148.169200,354.362900
388.786,18,-0.026167,1.594913,0.277472,-0.023101,-0.935262,0.243939,-0.255432,27.910690,148.134300,354.714200
388.897,18,-0.026515,1.599050,0.282580,-0.025295,-0.933756,0.228882,-0.273993,26.186980,146.130100,355.001500
389.008,18,-0.026768,1.606590,0.294126,-0.014533,-0.928265,0.208733,-0.307481,23.356770,142.034100,353.659900
389.119,18,-0.025977,1.618448,0.307802,-0.006318,-0.927164,0.155388,-0.340854,17.004540,138.784200,354.346000
389.231,18,-0.028484,1.639867,0.333058,0.019694,-0.913826,0.069027,-0.399711,6.339138,132.458800,354.736500
389.344,18,-0.030662,1.664601,0.361135,0.052788,-0.889774,-0.034963,-0.451989,353.688400,126.338900,356.404400
389.456,18,-0.034720,1.683188,0.386248,0.085832,-0.852244,-0.110287,-0.504132,344.066300,119.081200,357.908100
389.569,18,-0.041595,1.694501,0.410794,0.109379,-0.825756,-0.156716,-0.530664,337.981600,114.719300,359.115400
389.681,18,-0.044945,1.698165,0.422001,0.118972,-0.817005,-0.171993,-0.537371,335.864100,113.459800,359.400200
389.792,18,-0.048070,1.703151,0.422290,0.120835,-0.824435,-0.192879,-0.518174,333.688000,115.689900,0.041432
389.904,18,-0.053734,1.707605,0.418525,0.125289,-0.839918,-0.216696,-0.481542,331.008600,120.376900,359.884100
390.015,18,-0.057102,1.707155,0.412106,0.118401,-0.853385,-0.218977,-0.458000,331.170900,123.581500,359.901900
390.126,18,-0.059124,1.706252,0.404732,0.116261,-0.863666,-0.219877,-0.438427,331.200700,126.306800,359.475600
390.237,18,-0.060355,1.706872,0.401216,0.115515,-0.868379,-0.223348,-0.427424,330.879500,127.751500,359.364200
390.348,18,-0.060262,1.707226,0.398124,0.114563,-0.872397,-0.225503,-0.418267,330.706000,128.962800,359.261000
390.460,18,-0.060022,1.707019,0.395517,0.115055,-0.874362,-0.225096,-0.414228,330.728500,129.554100,359.033300
390.570,18,-0.058761,1.707767,0.392519,0.115157,-0.875521,-0.225043,-0.411773,330.731900,129.903000,358.928600
390.681,18,-0.056653,1.707893,0.390954,0.113714,-0.876791,-0.223552,-0.410282,330.966200,130.117900,358.953600
390.793,18,-0.055218,1.707873,0.389900,0.114574,-0.877162,-0.223419,-0.409322,330.938800,130.275900,358.813500
390.904,18,-0.052998,1.707694,0.389447,0.114634,-0.878051,-0.224034,-0.407055,330.872700,130.578600,358.758800
391.015,18,-0.050708,1.707008,0.388990,0.112413,-0.879395,-0.222249,-0.405751,331.176600,130.754700,358.864900
391.127,18,-0.047391,1.706514,0.388118,0.110689,-0.879850,-0.221308,-0.405753,331.362900,130.738400,359.008500
391.237,18,-0.045065,1.706588,0.387981,0.110852,-0.880532,-0.222763,-0.403425,331.200900,131.029100,358.987800
391.348,18,-0.042011,1.706340,0.386788,0.109022,-0.881995,-0.222946,-0.400618,331.273600,131.372100,359.106100
391.459,18,-0.039778,1.706360,0.385422,0.107994,-0.883355,-0.222540,-0.398118,331.369900,131.705500,359.112200
391.570,18,-0.038101,1.706243,0.384038,0.108175,-0.884669,-0.223113,-0.394816,331.302900,132.153300,359.005800
391.681,18,-0.037239,1.706225,0.382867,0.107797,-0.885580,-0.223391,-0.392716,331.293200,132.428200,358.989600
391.792,18,-0.035943,1.706518,0.381385,0.107813,-0.886009,-0.223446,-0.391709,331.287600,132.566600,358.955000
391.904,18,-0.034069,1.707014,0.379960,0.107629,-0.886604,-0.223236,-0.390532,331.320500,132.730200,358.923200
392.015,18,-0.032598,1.707473,0.378602,0.108093,-0.887110,-0.223185,-0.389283,331.305700,132.915200,358.823100
392.126,18,-0.031207,1.707904,0.377483,0.107889,-0.888192,-0.224171,-0.386294,331.212200,133.299200,358.793100
392.237,18,-0.029834,1.708235,0.376839,0.106906,-0.888628,-0.224922,-0.385125,331.178100,133.418500,358.904300
392.348,18,-0.028595,1.708007,0.375687,0.105365,-0.889750,-0.223811,-0.383604,331.372800,133.617700,358.969400
392.460,18,-0.028531,1.707382,0.375174,0.105169,-0.890103,-0.223677,-0.382916,331.397300,133.710800,358.960800
392.570,18,-0.028571,1.707283,0.374497,0.105575,-0.890649,-0.224690,-0.380938,331.270600,133.968800,358.897300
392.682,18,-0.028106,1.707146,0.374158,0.105068,-0.890913,-0.223620,-0.381089,331.410500,133.961200,358.905400
392.793,18,-0.028008,1.707047,0.374233,0.104903,-0.891221,-0.223021,-0.380767,331.483700,134.015700,358.881900
392.904,18,-0.027504,1.707181,0.374112,0.105651,-0.890587,-0.223802,-0.381584,331.363000,133.903000,358.865100
393.015,18,-0.027509,1.706925,0.374197,0.105346,-0.890667,-0.223866,-0.381442,331.370300,133.913500,358.898600
393.127,18,-0.027495,1.706626,0.374618,0.105557,-0.890788,-0.224168,-0.380925,331.328200,133.982700,358.871800
393.237,18,-0.027518,1.706934,0.374930,0.106260,-0.891260,-0.226573,-0.378192,331.037000,134.318700,358.818900
393.348,18,-0.026167,1.707334,0.373091,0.103737,-0.892458,-0.224594,-0.377247,331.370100,134.433600,358.974600
393.460,18,-0.024138,1.706293,0.371807,0.102930,-0.891745,-0.222889,-0.380153,331.589900,134.055300,359.080800
393.570,18,-0.024014,1.705373,0.371675,0.102554,-0.893903,-0.222152,-0.375591,331.692600,134.688900,358.928200
393.682,18,-0.023364,1.706389,0.371296,0.102716,-0.893904,-0.226234,-0.373100,331.242200,134.938800,359.031300
393.793,18,-0.022840,1.705853,0.370985,0.102658,-0.894077,-0.226151,-0.372752,331.254200,134.987000,359.021500
393.904,18,-0.022653,1.705131,0.370388,0.101487,-0.894780,-0.224609,-0.372318,331.476300,135.053800,359.063200
394.015,18,-0.022973,1.705116,0.370085,0.102188,-0.895330,-0.224961,-0.370588,331.408100,135.299700,358.939700
394.126,18,-0.024342,1.705515,0.369863,0.102741,-0.895656,-0.227650,-0.367994,331.091800,135.606200,358.920400
394.238,18,-0.025190,1.705024,0.368956,0.102801,-0.896251,-0.226897,-0.366992,331.172900,135.762300,358.840200
394.348,18,-0.027182,1.704622,0.368044,0.102589,-0.897634,-0.226329,-0.364011,331.248700,136.177700,358.731800
394.460,18,-0.028893,1.705105,0.367484,0.103557,-0.896999,-0.227568,-0.364529,331.069000,136.103200,358.699100
394.570,18,-0.030866,1.706092,0.366317,0.104700,-0.896432,-0.229146,-0.364609,330.844800,136.085300,358.647300
394.682,18,-0.032329,1.705788,0.365303,0.104256,-0.897487,-0.226826,-0.363589,331.121100,136.266400,358.547600
394.793,18,-0.033291,1.705223,0.363748,0.103127,-0.898166,-0.225624,-0.362983,331.304000,136.347500,358.598500
394.904,18,-0.036689,1.704430,0.363693,0.102914,-0.898933,-0.225422,-0.361266,331.338300,136.580900,358.553400
395.015,18,-0.038419,1.703779,0.361086,0.101632,-0.900682,-0.222415,-0.359131,331.728500,136.904700,358.482500
395.126,18,-0.039588,1.703210,0.355166,0.101799,-0.903651,-0.220798,-0.352563,331.911900,137.832900,358.162300
395.238,18,-0.039443,1.702272,0.347420,0.100503,-0.905850,-0.218283,-0.348837,332.252100,138.353800,358.070900
395.348,18,-0.039091,1.701045,0.332444,0.097958,-0.909922,-0.213099,-0.342104,332.945900,139.293000,357.911000
395.460,18,-0.041484,1.700349,0.317566,0.096722,-0.912607,-0.211014,-0.336551,333.240300,140.041000,357.785300
395.570,18,-0.048593,1.702304,0.294008,0.104328,-0.908939,-0.219527,-0.338754,331.981500,139.783000,357.343000
395.682,18,-0.057680,1.704793,0.265980,0.115194,-0.900758,-0.230857,-0.349387,330.238800,138.410300,356.948900
395.793,18,-0.068908,1.705439,0.228324,0.121954,-0.893154,-0.229424,-0.367108,330.042100,136.187100,356.731300
395.904,18,-0.081809,1.709937,0.184972,0.127570,-0.885732,-0.235080,-0.379398,329.120400,134.503300,356.820200
396.016,18,-0.094524,1.712569,0.148323,0.127686,-0.881205,-0.231356,-0.391980,329.479600,132.831700,357.094700
396.127,18,-0.112115,1.715757,0.108972,0.134634,-0.870763,-0.238522,-0.408354,328.308300,130.509000,357.328100
396.238,18,-0.125432,1.715888,0.085700,0.139092,-0.867339,-0.238506,-0.414114,328.066700,129.800900,357.045500
396.349,18,-0.139070,1.715309,0.064154,0.149020,-0.867533,-0.237018,-0.411098,327.739700,130.539900,355.681000
396.460,18,-0.145452,1.714923,0.049446,0.151530,-0.868606,-0.233542,-0.409904,327.998700,130.866900,355.144500
396.571,18,-0.149827,1.715092,0.040027,0.154108,-0.868683,-0.229462,-0.411081,328.307400,130.865600,354.666900
396.682,18,-0.153033,1.716296,0.033047,0.155618,-0.867875,-0.228136,-0.412953,328.364500,130.668800,354.493800
396.793,18,-0.156313,1.716183,0.027560,0.156135,-0.867197,-0.227194,-0.414699,328.429900,130.454600,354.452400
396.904,18,-0.159614,1.715703,0.023321,0.155555,-0.868360,-0.223300,-0.414598,328.882500,130.543400,354.302200
397.016,18,-0.161627,1.716095,0.020245,0.156328,-0.867153,-0.223696,-0.416614,328.787400,130.266400,354.314400
397.127,18,-0.165021,1.715633,0.017114,0.157238,-0.865048,-0.222428,-0.421300,328.847900,129.648600,354.325500
397.238,18,-0.168061,1.714688,0.014860,0.158301,-0.864455,-0.221139,-0.422795,328.923100,129.491200,354.190300
397.348,18,-0.171893,1.713952,0.012181,0.160915,-0.864587,-0.219651,-0.422313,328.953800,129.660400,353.786700
397.460,18,-0.173903,1.714189,0.009620,0.162822,-0.864304,-0.219006,-0.422497,328.925000,129.696900,353.537800
397.570,18,-0.175252,1.714599,0.007173,0.164567,-0.864933,-0.219004,-0.420531,328.851500,130.023200,353.257400
397.682,18,-0.175494,1.714373,0.004527,0.164567,-0.866066,-0.217481,-0.418987,329.028700,130.276400,353.113500
397.793,18,-0.175391,1.714034,0.001802,0.164281,-0.866494,-0.217865,-0.418014,329.009200,130.399900,353.129100
397.904,18,-0.176055,1.713942,-0.000504,0.164588,-0.866560,-0.216634,-0.418395,329.124200,130.379100,353.042100
398.015,18,-0.176500,1.713948,-0.002633,0.166291,-0.865965,-0.216885,-0.418824,329.007700,130.356400,352.874700
398.127,18,-0.176815,1.714118,-0.006056,0.168315,-0.864990,-0.217073,-0.419931,328.875900,130.246500,352.693500
398.238,18,-0.177197,1.714411,-0.008479,0.168792,-0.864527,-0.216680,-0.420896,328.886300,130.129000,352.655100
398.349,18,-0.177475,1.714449,-0.011495,0.168859,-0.863920,-0.217009,-0.421944,328.838300,129.973800,352.706800
398.460,18,-0.178415,1.714288,-0.013205,0.169348,-0.863279,-0.216932,-0.423097,328.812100,129.822800,352.691800
398.570,18,-0.180360,1.713938,-0.014318,0.170853,-0.862530,-0.217318,-0.423821,328.687300,129.749700,352.567000
398.682,18,-0.181872,1.714610,-0.016770,0.173099,-0.862268,-0.218594,-0.422785,328.443400,129.930100,352.333600
398.793,18,-0.181558,1.713750,-0.021882,0.172421,-0.862939,-0.212862,-0.424615,329.082800,129.767600,352.174600
398.904,18,-0.179976,1.710819,-0.027570,0.173971,-0.862010,-0.209245,-0.427656,329.366700,129.443300,351.918800
399.015,18,-0.178100,1.707263,-0.031023,0.172195,-0.865825,-0.197125,-0.426424,330.777100,129.797200,351.429200
399.126,18,-0.181019,1.706840,-0.022930,0.174971,-0.869234,-0.203399,-0.415266,330.071300,131.333300,351.021500
399.237,18,-0.178971,1.709152,-0.011728,0.174722,-0.866674,-0.210016,-0.417423,329.343100,130.906300,351.474900
399.348,18,-0.177858,1.709947,0.013958,0.171657,-0.867793,-0.217672,-0.412417,328.709500,131.394800,352.037100
399.460,18,-0.176624,1.710242,0.043239,0.166258,-0.871245,-0.223833,-0.403968,328.375300,132.331500,352.655000
399.571,18,-0.170561,1.713835,0.074296,0.164922,-0.872813,-0.229470,-0.397922,327.871400,133.041500,352.859200
399.682,18,-0.160281,1.715597,0.104226,0.158919,-0.876613,-0.227848,-0.392912,328.375400,133.618500,353.284500
399.793,18,-0.153141,1.714290,0.136831,0.154337,-0.886840,-0.220548,-0.375571,329.528400,136.059800,352.796000
399.904,18,-0.144574,1.712038,0.165772,0.143898,-0.897121,-0.217710,-0.356470,330.447900,138.454400,353.201800
400.015,18,-0.138548,1.708719,0.188858,0.127037,-0.906095,-0.219686,-0.338514,331.045200,140.409500,354.656800
400.126,18,-0.134038,1.705400,0.213553,0.105613,-0.916244,-0.220206,-0.317572,331.926500,142.639300,356.512700
400.237,18,-0.134002,1.705665,0.228566,0.097831,-0.918471,-0.225506,-0.309817,331.649700,143.377400,357.396200
400.348,18,-0.138567,1.705666,0.242959,0.097553,-0.916359,-0.227514,-0.314653,331.421600,142.689900,357.675900
400.460,18,-0.147070,1.705793,0.249757,0.101363,-0.912461,-0.229993,-0.322868,330.976200,141.646800,357.610000
400.570,18,-0.162546,1.708580,0.249156,0.109252,-0.906086,-0.239210,-0.331438,329.608300,140.527500,357.380900
400.682,18,-0.176846,1.711573,0.239156,0.112277,-0.903010,-0.235907,-0.341048,329.825400,139.367400,357.224400
400.793,18,-0.192205,1.715505,0.223981,0.115517,-0.902830,-0.235578,-0.340672,329.729700,139.516500,356.809000
400.904,18,-0.207205,1.716568,0.208383,0.115766,-0.903217,-0.227319,-0.345143,330.623300,139.074200,356.565200
401.015,18,-0.219929,1.717578,0.196274,0.118355,-0.899215,-0.225215,-0.355927,330.706500,137.713600,356.546600
401.126,18,-0.237461,1.718261,0.181934,0.125595,-0.894774,-0.223128,-0.365812,330.581400,136.590900,355.950500
401.238,18,-0.250693,1.717176,0.173662,0.131129,-0.889559,-0.224118,-0.375848,330.178400,135.332400,355.714900
401.348,18,-0.264788,1.714319,0.166579,0.137596,-0.885800,-0.219730,-0.384896,330.317500,134.334700,355.072900
401.460,18,-0.271239,1.715290,0.165308,0.140043,-0.884932,-0.221213,-0.385161,330.040100,134.331600,354.871100
401.570,18,-0.275519,1.717935,0.167040,0.141323,-0.883412,-0.231237,-0.382283,328.895100,134.560500,355.116000
401.682,18,-0.275339,1.719570,0.167941,0.143568,-0.884643,-0.232642,-0.377721,328.663200,135.233000,354.742500
401.793,18,-0.270662,1.722503,0.170059,0.145734,-0.882154,-0.239005,-0.378739,327.854600,135.015200,354.844800
401.904,18,-0.266583,1.723877,0.172314,0.145574,-0.880998,-0.240229,-0.380712,327.715400,134.704200,355.006600
402.016,18,-0.263480,1.726158,0.175244,0.146382,-0.879560,-0.244434,-0.381050,327.211100,134.583400,355.140100
402.127,18,-0.261077,1.729413,0.182124,0.146524,-0.877368,-0.251665,-0.381341,326.402300,134.371800,355.512500
402.238,18,-0.258935,1.730211,0.186260,0.141878,-0.876822,-0.255267,-0.381959,326.218300,134.049700,356.288700
402.348,18,-0.254615,1.728487,0.187363,0.136542,-0.880491,-0.250120,-0.378857,327.049300,134.466900,356.520500
402.460,18,-0.254109,1.727497,0.189122,0.137260,-0.881940,-0.249932,-0.375335,327.051400,134.994200,356.276700
402.571,18,-0.255555,1.728171,0.189195,0.138372,-0.882972,-0.252664,-0.370641,326.717800,135.628300,356.086200
402.682,18,-0.257349,1.727156,0.187931,0.140347,-0.885546,-0.250663,-0.365075,326.878200,136.526700,355.511300
402.793,18,-0.259602,1.726534,0.184577,0.137781,-0.888591,-0.249361,-0.359502,327.164900,137.265400,355.524200
402.904,18,-0.263741,1.724179,0.182925,0.138483,-0.892190,-0.241908,-0.355388,327.988700,138.021700,354.914500
403.015,18,-0.267686,1.723796,0.179823,0.138603,-0.892837,-0.241052,-0.354296,328.085500,138.194700,354.816300
403.126,18,-0.273265,1.722360,0.176579,0.138342,-0.895299,-0.234949,-0.352280,328.790500,138.584000,354.486200
403.237,18,-0.278506,1.722604,0.175797,0.139635,-0.895359,-0.235314,-0.351372,328.700700,138.740800,354.312400
403.348,18,-0.284490,1.721832,0.176479,0.142600,-0.892535,-0.233511,-0.358495,328.729700,137.872000,354.149500
403.460,18,-0.288877,1.720538,0.179150,0.144140,-0.889707,-0.233844,-0.364639,328.585600,137.055000,354.220000
403.571,18,-0.292285,1.719920,0.183536,0.143607,-0.886021,-0.238040,-0.371053,328.103400,136.057500,354.740400
403.682,18,-0.293387,1.720156,0.185067,0.144152,-0.883611,-0.238490,-0.376264,327.998400,135.330300,354.907200
403.793,18,-0.293395,1.721083,0.184629,0.145365,-0.881755,-0.238960,-0.379835,327.870300,134.850500,354.931100
403.904,18,-0.294106,1.721920,0.183542,0.146713,-0.881256,-0.240537,-0.379481,327.635900,134.904700,354.836100
404.015,18,-0.294582,1.722692,0.182939,0.147393,-0.881295,-0.240861,-0.378921,327.572000,134.996600,354.748300
404.127,18,-0.297014,1.722892,0.184340,0.147043,-0.882325,-0.241646,-0.376150,327.517600,135.361600,354.715800
404.237,18,-0.295947,1.724111,0.183406,0.149334,-0.879859,-0.248284,-0.376699,326.672900,135.202500,354.799900
404.348,18,-0.291718,1.720369,0.179489,0.144538,-0.883401,-0.235239,-0.378648,328.326400,135.075300,354.793900
404.461,18,-0.291964,1.720082,0.180338,0.142547,-0.884840,-0.234577,-0.376447,328.503400,135.342500,354.909900
404.570,18,-0.293488,1.721488,0.179695,0.142385,-0.883761,-0.241850,-0.374436,327.716900,135.462900,355.212900
404.682,18,-0.295562,1.719797,0.178319,0.143187,-0.885010,-0.235616,-0.375153,328.366800,135.520500,354.834300
404.793,18,-0.298037,1.718950,0.175573,0.146007,-0.886020,-0.232945,-0.373345,328.546200,135.909100,354.295600
404.904,18,-0.300565,1.717725,0.172990,0.147011,-0.887093,-0.232309,-0.370791,328.588600,136.307800,354.044500
405.013,18,-0.302501,1.714750,0.169504,0.149801,-0.888680,-0.224828,-0.370487,329.296300,136.567000,353.344100
405.125,18,-0.303029,1.711680,0.166291,0.155689,-0.890431,-0.218558,-0.367594,329.756100,137.234400,352.244400
405.236,18,-0.299442,1.711250,0.168148,0.156763,-0.892715,-0.216117,-0.363012,330.021400,137.931800,351.837600
405.347,18,-0.285931,1.711851,0.175892,0.151589,-0.894366,-0.222020,-0.357543,329.633200,138.453500,352.515400
405.458,18,-0.268423,1.711205,0.185827,0.146830,-0.898592,-0.223712,-0.347744,329.723800,139.639600,352.796500
405.569,18,-0.238644,1.711225,0.204554,0.137448,-0.906044,-0.225487,-0.330678,330.032800,141.673900,353.375500
405.680,18,-0.204265,1.715626,0.220225,0.132873,-0.909483,-0.232410,-0.318073,329.517700,143.152400,353.748400
405.791,18,-0.168621,1.712753,0.234655,0.123212,-0.917614,-0.223707,-0.304564,330.947900,144.807100,354.100300
405.903,18,-0.135072,1.706638,0.252119,0.111514,-0.925381,-0.219833,-0.287938,331.895800,146.732100,354.810300
406.014,18,-0.111258,1.700258,0.267881,0.102145,-0.931363,-0.210332,-0.279088,333.333000,147.746800,355.322900
406.126,18,-0.090767,1.696670,0.281661,0.087459,-0.940236,-0.188522,-0.269752,336.315800,148.808000,356.070600
406.236,18,-0.081205,1.693057,0.288519,0.082497,-0.946312,-0.166595,-0.264451,338.965200,149.549800,355.820600
406.347,18,-0.073819,1.700495,0.290417,0.080468,-0.938188,-0.190702,-0.277417,336.266900,147.649200,357.171000
406.458,18,-0.073346,1.703229,0.288907,0.089866,-0.937488,-0.200841,-0.269637,334.847200,148.758700,356.187300
406.569,18,-0.076803,1.699613,0.284988,0.075187,-0.949365,-0.175558,-0.249464,338.232000,151.209600,356.594400
406.680,18,-0.081198,1.698179,0.280417,0.061780,-0.957138,-0.163471,-0.230973,340.033700,153.324900,357.393200
406.791,18,-0.084351,1.691024,0.273841,0.045182,-0.967461,-0.139133,-0.206447,343.269700,156.172400,358.206300
406.902,18,0.050857,1.654529,-0.035723,0.133689,-0.006328,0.007637,-0.990974,344.640900,0.866583,359.000100
407.013,18,0.056954,1.644372,-0.028837,0.103994,-0.028796,0.027564,-0.993779,348.164300,3.688642,356.439900
407.124,18,0.066054,1.626754,-0.025029,0.024950,-0.061822,0.037357,-0.997076,357.413000,7.196611,355.545900
407.233,18,0.073469,1.609316,-0.024925,-0.053769,-0.093518,0.046870,-0.993059,6.635817,10.481370,355.204900
407.344,18,0.080449,1.605108,-0.017957,-0.078084,-0.108433,0.053218,-0.989602,9.560333,12.075780,354.857100
407.455,18,0.083203,1.600846,-0.012558,-0.125038,-0.106880,0.064143,-0.984291,15.061680,11.611530,354.083200
407.567,18,0.085574,1.591043,-0.006617,-0.152878,-0.124376,0.067802,-0.978040,18.415660,13.566330,354.277900
407.678,18,0.087283,1.581173,-0.007982,-0.193001,-0.140884,0.078494,-0.967854,23.310260,15.304920,353.901800
407.789,18,0.087401,1.575569,-0.009078,-0.182569,-0.145498,0.066608,-0.970084,21.937640,16.147190,355.293900
407.900,18,0.086380,1.572626,-0.005749,-0.180406,-0.147863,0.051652,-0.971042,21.446920,16.768320,357.107900
408.011,18,0.085179,1.570856,-0.002872,-0.179244,-0.145931,0.048582,-0.971708,21.255350,16.595740,357.410900
408.123,18,0.086611,1.569889,0.003652,-0.207989,-0.154144,0.054561,-0.964367,24.706910,17.594490,357.406100
408.234,18,0.088282,1.565902,0.012353,-0.218723,-0.146990,0.059863,-0.962793,26.025360,16.608980,356.748300
408.345,18,0.088902,1.561616,0.016969,-0.237286,-0.145279,0.063036,-0.958445,28.240080,16.388670,356.623500
408.456,18,0.087532,1.561758,0.019021,-0.246491,-0.148505,0.053484,-0.956205,29.161730,17.159460,358.092100
408.565,18,0.082769,1.560812,0.024720,-0.251660,-0.133980,0.050063,-0.957189,29.682050,15.439640,358.126500
408.675,18,0.078467,1.559720,0.028556,-0.251725,-0.122969,0.053247,-0.958477,29.712060,13.918600,357.349500
408.786,18,0.070162,1.552705,0.028332,-0.269700,-0.114992,0.046208,-0.954936,31.716730,13.230970,358.233300
408.908,18,0.062115,1.545687,0.026705,-0.290049,-0.108055,0.050468,-0.949552,34.176160,12.277910,357.702800
409.010,18,0.056426,1.537588,0.024434,-0.317939,-0.099557,0.055691,-0.941224,37.559970,11.054550,356.997000
409.122,18,0.053010,1.533334,0.024642,-0.329820,-0.107839,0.058096,-0.936063,39.049800,12.158580,357.222700
409.241,18,0.055283,1.532633,0.023994,-0.332904,-0.131378,0.065408,-0.931470,39.595730,15.135880,357.443000
409.354,18,0.081963,1.552100,0.016097,-0.264734,-0.274300,0.066861,-0.922066,31.660480,33.552470,1.476552
409.465,18,0.118405,1.583172,-0.021723,-0.161695,-0.513205,0.021103,-0.842633,17.107090,63.868260,7.841775
409.577,18,0.131041,1.596654,-0.057439,-0.113716,-0.632675,0.017132,-0.765831,11.294510,79.804370,6.890526
409.689,18,0.134677,1.600577,-0.087266,-0.083938,-0.698620,0.035023,-0.709689,9.675913,89.432110,3.930476
409.801,18,0.136168,1.598572,-0.100192,-0.082106,-0.724342,0.048291,-0.682829,10.491350,93.663350,3.089537
409.912,18,0.138371,1.596910,-0.102982,-0.081672,-0.729534,0.056064,-0.676732,11.089490,94.546070,2.527990
410.020,18,0.137455,1.596493,-0.086278,-0.086362,-0.677194,0.054196,-0.728706,11.494120,86.026820,2.221207
410.133,18,0.123016,1.595799,-0.039309,-0.098265,-0.475338,0.048405,-0.872957,12.566950,57.195460,0.522916
410.244,18,0.091914,1.583694,0.003793,-0.147257,-0.229477,0.045946,-0.961012,17.705180,26.665820,358.753400
410.356,18,0.062917,1.580909,0.024819,-0.167096,-0.029957,0.026725,-0.985123,19.318670,3.042661,357.410000
410.466,18,0.033982,1.580823,0.037631,-0.163867,0.203726,-0.016850,-0.965070,18.853600,335.815400,357.926200
410.578,18,0.021106,1.574559,0.035692,-0.167351,0.398040,-0.044634,-0.900870,19.697510,311.766200,356.784700
410.689,18,0.030461,1.573836,0.026335,-0.158147,0.599458,-0.080876,-0.780448,20.109480,284.258400,356.130700
410.800,18,0.057444,1.570493,0.012792,-0.138011,0.733033,-0.111661,-0.656618,20.178350,263.099600,356.598100
410.911,18,0.089414,1.567996,0.004025,-0.124207,0.805119,-0.133866,-0.564301,20.838570,249.500700,356.999500
411.023,18,0.123545,1.574328,-0.003683,-0.104137,0.861014,-0.131813,-0.480037,19.084650,237.743200,356.798600
411.134,18,0.150499,1.581989,-0.007560,-0.080761,0.896395,-0.113973,-0.420671,15.799800,229.876300,357.087100
411.244,18,0.183836,1.586109,-0.015826,-0.060979,0.939408,-0.113555,-0.317646,14.601150,217.042300,357.487100
411.356,18,0.205890,1.587807,-0.025142,-0.049844,0.971438,-0.113328,-0.202435,13.907910,203.175400,356.990700
411.467,18,0.206474,1.567113,-0.036616,-0.072379,0.964525,-0.191827,-0.166296,23.210910,198.592300,355.267700
411.567,18,0.197176,1.545900,-0.047563,-0.085056,0.943825,-0.266088,-0.176512,32.161560,199.884100,355.486400
411.671,18,0.187543,1.533442,-0.055073,-0.094015,0.930269,-0.312420,-0.167790,37.793670,198.706100,354.912300
411.779,18,0.178154,1.536350,-0.058190,-0.092642,0.939478,-0.289380,-0.158297,34.964010,197.308400,354.225600
411.889,18,0.168445,1.549938,-0.052833,-0.085622,0.955285,-0.242845,-0.145346,29.265780,195.703200,353.880600
411.995,18,0.167652,1.565178,-0.044414,-0.069637,0.970151,-0.191811,-0.131024,22.980600,194.307300,354.711700
412.099,18,0.169249,1.561679,-0.035703,-0.072819,0.964849,-0.217812,-0.127754,26.034860,193.831300,354.580400
412.204,18,0.170923,1.553740,-0.031689,-0.069529,0.956785,-0.252505,-0.126367,30.050200,193.815500,355.412400
412.309,18,0.170058,1.556825,-0.028519,-0.067115,0.959996,-0.239443,-0.128725,28.490130,194.160300,355.614000
412.419,18,0.170945,1.562630,-0.023780,-0.065755,0.964998,-0.214340,-0.136064,25.567190,195.061800,355.640000
412.534,18,0.173103,1.562486,-0.019132,-0.064554,0.963910,-0.217246,-0.139694,25.902870,195.557300,355.935900
412.639,18,0.173702,1.562006,-0.016153,-0.067632,0.963598,-0.216306,-0.141831,25.852050,195.736800,355.603700
412.740,18,0.174450,1.562549,-0.012667,-0.068567,0.963158,-0.213605,-0.148319,25.582510,196.516200,355.630600
412.841,18,0.175908,1.563259,-0.010869,-0.068049,0.962978,-0.211568,-0.152582,25.355770,197.057400,355.780000
412.952,18,0.177613,1.562490,-0.010421,-0.069238,0.962613,-0.211203,-0.154839,25.344170,197.306700,355.691700
413.066,18,0.179011,1.561207,-0.010912,-0.071348,0.961495,-0.212844,-0.158537,25.589450,197.718900,355.566900
413.167,18,0.180093,1.560875,-0.011004,-0.071491,0.960738,-0.213625,-0.161977,25.698490,198.149700,355.661700
413.269,18,0.045869,1.659745,-0.041582,-0.220227,-0.009711,0.037372,-0.974684,25.469470,0.156706,355.643900
413.369,18,0.046840,1.660210,-0.041580,-0.218890,-0.011172,0.036036,-0.975020,25.318480,0.380873,355.852200
413.480,18,0.048436,1.659545,-0.041564,-0.220731,-0.009702,0.037407,-0.974569,25.528580,0.152205,355.638200
413.591,18,0.049381,1.657655,-0.038354,-0.227990,-0.006762,0.039520,-0.972838,26.367620,359.689000,355.274600
413.702,18,0.055738,1.648249,-0.032314,-0.254740,-0.031238,0.056997,-0.964823,29.677580,2.060602,353.784300
413.813,18,0.080250,1.631939,-0.033474,-0.295100,-0.128857,0.088230,-0.942618,35.385170,13.538280,353.642100
413.924,18,0.103778,1.612846,-0.041340,-0.344052,-0.219924,0.115875,-0.905447,42.377210,25.542700,355.457400
414.037,18,0.120976,1.618059,-0.046873,-0.323284,-0.266393,0.129848,-0.898700,40.560550,31.315050,355.383400
414.139,18,0.141055,1.646742,-0.060074,-0.229873,-0.374988,0.102479,-0.892211,29.146640,45.414580,359.313400
414.251,18,0.150419,1.705670,-0.090227,-0.035993,-0.564043,0.001985,-0.824958,3.533097,68.788730,2.143351
414.354,18,0.136131,1.729681,-0.098695,0.033125,-0.629196,-0.038472,-0.775587,354.272600,78.049680,1.036125
414.465,18,0.119608,1.737837,-0.084421,0.062799,-0.671911,-0.045053,-0.736588,351.195900,84.822160,358.955200
414.577,18,0.114207,1.737983,-0.080597,0.072039,-0.779854,-0.027414,-0.621198,352.399900,103.222400,355.469300
414.688,18,0.094521,1.720686,-0.082158,0.073879,-0.935670,0.054306,-0.340756,2.939151,139.718400,349.892600
414.799,18,0.069965,1.702290,-0.067201,0.068452,-0.984053,0.099336,-0.130719,10.230420,164.023500,350.602300
414.911,18,0.039660,1.684873,-0.037691,0.061528,-0.987902,0.127685,0.062939,15.071570,186.460200,353.727800
415.022,18,0.004246,1.678412,-0.009068,0.067745,-0.965155,0.134270,0.214148,16.750030,204.373900,355.612200
415.133,18,-0.029159,1.680356,0.022561,0.073571,-0.931044,0.113866,0.338790,15.181610,219.517200,356.445000
415.241,18,-0.047502,1.682476,0.042026,0.074781,-0.914487,0.106980,0.382984,14.651750,225.029800,356.751200
415.353,18,-0.060723,1.681718,0.053903,0.084895,-0.907371,0.105817,0.397836,15.045070,226.801900,355.851200
415.465,18,-0.069593,1.682752,0.053472,0.094121,-0.908874,0.104545,0.392633,15.304400,226.016800,354.706100
415.576,18,-0.077423,1.682240,0.052363,0.102199,-0.901847,0.103685,0.406789,15.673990,227.735600,354.039600
415.687,18,-0.085331,1.675232,0.067279,0.117796,-0.868501,0.109870,0.468785,17.534880,235.772900,353.883400
415.799,18,-0.087684,1.661118,0.089711,0.126817,-0.832284,0.137578,0.521817,21.183600,243.396100,355.847700
415.909,18,-0.087031,1.628963,0.123283,0.167456,-0.780740,0.211006,0.563809,31.218840,251.228900,358.422400
416.020,18,-0.085030,1.595035,0.153284,0.207792,-0.738920,0.296483,0.568259,42.400850,256.022800,2.318509
416.131,18,-0.086481,1.576206,0.176933,0.233954,-0.708717,0.328255,0.578995,47.408340,260.300100,4.109740
416.244,18,-0.082018,1.569670,0.191045,0.234203,-0.698500,0.336896,0.586300,48.182340,262.632000,5.841641
416.350,18,-0.063950,1.588863,0.182032,0.204105,-0.756186,0.310174,0.538809,43.554660,251.750200,2.021662
416.452,18,-0.026228,1.623455,0.152405,0.164481,-0.875608,0.236735,0.387574,32.824750,225.644200,352.854000
416.562,18,0.031670,1.658019,0.131036,0.113994,-0.966097,0.173394,0.153609,21.718860,196.077100,349.644800
416.675,18,0.067212,1.666805,0.130420,0.072353,-0.980872,0.180572,-0.006957,20.684960,177.563100,351.117700
416.784,18,0.079342,1.659183,0.134273,0.027160,-0.965823,0.226448,-0.123162,25.513690,163.904300,353.111400
416.896,18,0.071058,1.648676,0.132979,-0.007513,-0.951028,0.258373,-0.169505,29.603030,158.509600,355.163900
417.007,18,0.036598,1.636192,0.118000,-0.022081,-0.936486,0.302153,-0.176667,35.010440,157.188300,355.419900
417.118,18,0.000382,1.634587,0.100636,-0.025335,-0.937588,0.304014,-0.166920,35.347780,158.601000,356.205000
417.230,18,-0.046798,1.631973,0.085556,-0.028057,-0.937478,0.308856,-0.157972,36.012120,159.834000,356.812700
417.335,18,-0.077350,1.630931,0.079213,-0.025409,-0.935931,0.310311,-0.164606,36.102010,158.787100,356.125500
417.435,18,-0.100716,1.631834,0.075815,-0.024666,-0.934186,0.312580,-0.170243,36.328430,157.934000,355.704300
417.548,18,-0.120951,1.633067,0.076144,-0.024767,-0.931133,0.314440,-0.183043,36.486820,156.133700,355.077500
417.659,18,-0.131980,1.634735,0.079065,-0.016732,-0.931537,0.308302,-0.192120,35.508060,154.720800,353.844300
417.770,18,-0.141659,1.637078,0.086068,-0.015506,-0.934797,0.301741,-0.186728,34.744920,155.577000,354.153800
417.882,18,-0.146639,1.647682,0.094845,-0.011596,-0.946489,0.277121,-0.165012,31.898120,158.878000,355.304000
417.993,18,-0.150969,1.669909,0.106144,-0.008520,-0.974315,0.207185,-0.087820,23.905160,169.436600,358.759800
418.105,18,-0.152772,1.695189,0.127913,0.007214,-0.991046,0.126668,0.041607,14.576260,184.779600,359.777500
418.217,18,-0.144433,1.706367,0.150462,0.017864,-0.990378,0.093579,0.100377,10.891190,191.482300,359.031500
418.328,18,-0.130509,1.708997,0.174536,0.024761,-0.988402,0.083488,0.124413,9.857636,194.207200,358.361300
418.439,18,-0.125683,1.707840,0.189277,0.030500,-0.985817,0.087447,0.139960,10.425130,195.971400,357.922300
418.550,18,-0.124407,1.706986,0.201046,0.036587,-0.983006,0.090478,0.155484,10.909510,197.732100,357.443800
418.662,18,-0.125022,1.706660,0.204315,0.037441,-0.982056,0.091008,0.160879,10.999250,198.358100,357.416000
418.773,18,-0.128739,1.705259,0.202798,0.040701,-0.981234,0.095261,0.162634,11.547780,198.532500,357.139800
418.884,18,-0.133588,1.705212,0.197396,0.043386,-0.978111,0.098836,0.177901,12.050990,200.309200,357.086600
418.995,18,-0.137035,1.704064,0.188825,0.048446,-0.973871,0.097631,0.199239,12.090960,202.780200,356.748700
419.107,18,-0.151545,1.700416,0.172347,0.055440,-0.968728,0.100221,0.220112,12.625610,205.191000,356.281200
419.218,18,-0.175455,1.698055,0.154376,0.065072,-0.965618,0.100265,0.230856,12.925200,206.361900,355.328700
419.329,18,-0.219141,1.686682,0.118286,0.076249,-0.958466,0.117619,0.248386,15.268660,208.357200,354.782000
419.441,18,-0.268531,1.672513,0.071192,0.085838,-0.950001,0.137544,0.266855,17.887340,210.528500,354.592500
419.551,18,-0.327418,1.657704,0.006208,0.095938,-0.941647,0.163093,0.278383,21.135080,211.906600,354.470600
419.662,18,-0.387270,1.643148,-0.068652,0.101813,-0.937105,0.174896,0.284392,22.687290,212.623200,354.318400
419.774,18,-0.436174,1.628248,-0.135026,0.105220,-0.933887,0.187790,0.285514,24.257210,212.790700,354.379400
419.885,18,-0.490144,1.607254,-0.215575,0.107738,-0.932914,0.196234,0.282055,25.271990,212.357900,354.267500
419.997,18,-0.521497,1.587208,-0.268964,0.109245,-0.933484,0.201394,0.275886,25.866490,211.568500,354.078200
420.108,18,-0.547183,1.566440,-0.316147,0.111459,-0.933814,0.210364,0.267049,26.898550,210.442400,353.832800
420.219,18,-0.558230,1.558432,-0.335489,0.111342,-0.934332,0.212880,0.263267,27.156690,209.975600,353.807900
420.330,18,-0.561612,1.556410,-0.340222,0.112757,-0.936405,0.211031,0.256706,26.943520,209.072400,353.376400
420.442,18,-0.553471,1.573161,-0.316507,0.118971,-0.942320,0.198994,0.241413,25.624680,206.878000,351.829700
420.552,18,-0.535982,1.606176,-0.268156,0.117319,-0.951180,0.171983,0.227850,22.373060,205.156900,350.990500
420.664,18,-0.503869,1.636535,-0.199197,0.111074,-0.960604,0.155096,0.202109,20.051860,202.127600,350.768200
420.775,18,-0.465785,1.652314,-0.126316,0.107125,-0.966817,0.147998,0.178570,18.931110,199.360500,350.612800
420.886,18,-0.409656,1.655364,-0.021716,0.093821,-0.973175,0.157299,0.139232,19.407510,194.834400,351.537200
420.996,18,-0.368129,1.655455,0.059786,0.083705,-0.975921,0.172797,0.103504,20.768910,190.668400,352.155900
421.107,18,-0.327975,1.656077,0.154366,0.078556,-0.974286,0.194535,0.082175,23.077530,188.095800,352.436000
421.218,18,-0.306945,1.663485,0.214752,0.074268,-0.974340,0.202433,0.064555,23.832620,186.007100,352.551100
421.329,18,-0.292270,1.670853,0.272657,0.074494,-0.974502,0.204251,0.055477,23.975850,184.877800,352.293600
421.440,18,-0.283755,1.671717,0.307235,0.060207,-0.975021,0.211203,0.033213,24.573090,182.479000,353.473100
421.550,18,-0.277019,1.667256,0.326044,0.042280,-0.972743,0.226970,-0.021656,26.086960,176.084900,354.115100
421.662,18,-0.271545,1.661291,0.331544,0.034290,-0.963666,0.244528,-0.101873,27.664940,166.076800,352.480000
421.773,18,-0.269309,1.649835,0.337835,0.039477,-0.954162,0.260056,-0.142784,29.012280,160.424100,350.150300
421.884,18,-0.264650,1.642557,0.354462,0.023448,-0.945114,0.286493,-0.155343,32.293230,158.699800,350.924900
421.996,18,-0.257362,1.646792,0.372505,0.018403,-0.943074,0.291161,-0.159682,32.908210,158.191000,351.251100
422.109,18,-0.239970,1.650159,0.403918,0.020052,-0.946360,0.285782,-0.149432,32.337920,159.615700,351.604400
422.217,18,-0.221273,1.648881,0.430105,0.020364,-0.949428,0.282440,-0.135641,32.058770,161.489300,352.181500
422.318,18,-0.193178,1.647599,0.467237,0.019892,-0.954231,0.275466,-0.114744,31.409440,164.370000,353.191500
422.426,18,-0.154993,1.648119,0.523622,0.031976,-0.959238,0.270711,-0.074535,30.969790,169.224600,353.188100
422.539,18,-0.128032,1.649480,0.568392,0.034424,-0.962925,0.264022,-0.043386,30.363190,173.228900,354.065800
422.650,18,-0.101330,1.648372,0.620637,0.044881,-0.964713,0.258402,-0.023325,29.766940,175.493900,353.474500
422.761,18,-0.085318,1.649506,0.654874,0.047093,-0.967298,0.249074,-0.008852,28.752340,177.346700,353.745300
422.873,18,-0.074902,1.650146,0.674618,0.046463,-0.969019,0.242559,-0.003109,28.021220,178.145600,354.046900
422.983,18,-0.069074,1.650962,0.681728,0.047196,-0.970004,0.238462,-0.000203,27.554920,178.519700,354.065900
423.094,18,-0.065590,1.651392,0.684048,0.045039,-0.970216,0.238007,0.002246,27.518680,178.896400,354.414000
423.206,18,-0.062611,1.653489,0.677600,0.038869,-0.973543,0.225037,0.007797,26.025630,179.852500,355.393200
423.317,18,-0.060353,1.659294,0.661326,0.037170,-0.975386,0.217007,0.012196,25.102460,180.484700,355.743100
423.428,18,-0.059460,1.660707,0.647721,0.037513,-0.972316,0.230038,0.016617,26.653020,180.965200,355.809800
423.538,18,-0.061610,1.661863,0.632887,0.041744,-0.972451,0.226893,0.033422,26.364160,182.946700,355.774300
423.648,18,-0.067093,1.665931,0.596386,0.046905,-0.974524,0.211357,0.058583,24.673100,185.959900,355.793400
423.760,18,-0.075788,1.664441,0.554569,0.048477,-0.975284,0.204105,0.069374,23.881560,187.258600,355.845800
423.871,18,-0.099782,1.661688,0.489664,0.052788,-0.977176,0.195654,0.063718,22.898740,186.474300,355.128300
423.982,18,-0.125761,1.660857,0.440711,0.057251,-0.972865,0.214208,0.066118,25.110200,186.602900,354.736400
424.093,18,-0.151828,1.660478,0.396525,0.060439,-0.971751,0.219384,0.062595,25.717870,186.061400,354.266900
424.205,18,-0.172888,1.659114,0.360552,0.065403,-0.968303,0.236832,0.044966,27.679950,183.632200,353.166900
424.316,18,-0.185089,1.660535,0.335950,0.068431,-0.969554,0.231586,0.040634,27.041170,183.031100,352.654500
424.427,18,-0.187761,1.661127,0.305892,0.063756,-0.973096,0.214614,0.054409,25.126520,184.975600,353.612400
424.538,18,-0.180141,1.663796,0.279147,0.061222,-0.976395,0.193272,0.074510,22.739500,187.591300,354.352900
424.649,18,-0.160110,1.665767,0.235388,0.057668,-0.976919,0.172489,0.112031,20.483390,192.264600,355.467700
424.761,18,-0.134844,1.663603,0.186272,0.054915,-0.972701,0.157146,0.161687,18.872940,198.311100,356.606300
424.872,18,-0.105354,1.670277,0.125484,0.060302,-0.960643,0.155062,0.222449,18.950240,205.601400,357.159500
424.984,18,-0.076240,1.677324,0.061377,0.062380,-0.948837,0.152105,0.269595,18.800850,211.358600,357.798500
425.095,18,-0.056473,1.679784,0.011987,0.072666,-0.937256,0.154832,0.303806,19.535280,215.478400,357.437500
425.206,18,-0.050217,1.678865,-0.034717,0.086527,-0.921656,0.167483,0.339136,21.556060,219.865000,357.171300
425.317,18,-0.057614,1.677351,-0.054150,0.108230,-0.906301,0.175241,0.369047,23.423610,223.446200,355.823100
425.429,18,-0.073511,1.669324,-0.062084,0.126503,-0.890885,0.185124,0.395031,25.454520,226.690000,354.971700
425.539,18,-0.087227,1.663257,-0.064176,0.136986,-0.885665,0.191461,0.400219,26.666090,227.273300,354.258800
425.650,18,-0.099492,1.659153,-0.072156,0.135082,-0.880124,0.187938,0.414504,26.282780,229.211600,354.754300
425.761,18,-0.105738,1.665733,-0.092932,0.128102,-0.877341,0.182037,0.425118,25.361870,230.705100,355.556800
425.872,18,-0.111041,1.668932,-0.126010,0.122087,-0.873462,0.166924,0.440789,23.530230,232.693400,355.864400
425.984,18,-0.118931,1.667212,-0.173848,0.114613,-0.863876,0.157804,0.464414,22.278010,235.896700,356.812700
426.095,18,-0.132083,1.666459,-0.219374,0.111632,-0.857975,0.150358,0.478342,21.395500,237.726500,357.062800
426.207,18,-0.149737,1.661924,-0.263213,0.123063,-0.848306,0.151763,0.492139,22.247650,239.515900,356.319500
426.318,18,-0.158553,1.658531,-0.281013,0.132643,-0.839212,0.153806,0.504453,23.077470,241.161600,355.795100
426.429,18,-0.158929,1.661477,-0.286678,0.132114,-0.841577,0.146533,0.502814,22.302420,240.796700,355.349600
426.540,18,-0.142837,1.671292,-0.266670,0.123798,-0.856870,0.126733,0.484135,19.697690,237.986100,354.548400
426.651,18,-0.113291,1.679217,-0.216905,0.109415,-0.876560,0.107660,0.456158,16.771920,234.156900,354.390000
426.763,18,-0.081228,1.678627,-0.145679,0.090615,-0.899010,0.104841,0.415426,15.295260,228.996900,355.491600
426.874,18,-0.059140,1.681855,-0.082045,0.075748,-0.917852,0.097780,0.377159,13.687910,224.214400,356.146600
426.985,18,-0.036540,1.694146,-0.015570,0.070060,-0.929911,0.102828,0.346097,13.871050,220.404000,356.508700
427.096,18,-0.020349,1.698368,0.025957,0.071999,-0.935228,0.112101,0.328021,14.887100,218.181600,356.373600
427.207,18,0.003256,1.693107,0.068215,0.077452,-0.939804,0.126042,0.308031,16.536380,215.703500,355.936600
427.317,18,0.023656,1.690778,0.092731,0.081245,-0.940238,0.124676,0.306282,16.512070,215.422300,355.429000
427.428,18,0.052812,1.690730,0.115573,0.087912,-0.934966,0.128208,0.318861,17.205780,216.911700,355.037700
427.539,18,0.078863,1.688263,0.130214,0.092333,-0.930342,0.135269,0.328088,18.196610,218.047100,354.985100
427.650,18,0.109495,1.683339,0.150185,0.090366,-0.927998,0.145293,0.330974,19.237250,218.521100,355.654300
427.761,18,0.128968,1.682964,0.167136,0.092136,-0.926634,0.147912,0.333142,19.603490,218.789100,355.604300
427.873,18,0.140068,1.685006,0.178320,0.088453,-0.928447,0.139518,0.332712,18.537670,218.725300,355.680500
427.984,18,0.143132,1.686742,0.182887,0.088553,-0.928646,0.138471,0.332567,18.426020,218.697000,355.625300
428.095,18,0.143308,1.686780,0.184320,0.083644,-0.929717,0.137144,0.331394,18.086300,218.616100,356.101300
428.206,18,0.143529,1.686306,0.186709,0.086636,-0.932824,0.138826,0.321030,18.338190,217.274300,355.619700
428.317,18,0.143257,1.686593,0.187738,0.085634,-0.933390,0.137451,0.320246,18.145890,217.181600,355.665300
428.429,18,0.142115,1.685821,0.188131,0.087130,-0.933365,0.140195,0.318721,18.496550,216.985500,355.568100
428.539,18,0.142324,1.685649,0.188478,0.087362,-0.933388,0.141306,0.318101,18.624600,216.911900,355.570600
428.650,18,0.142481,1.686027,0.189050,0.086958,-0.933304,0.139797,0.319123,18.448190,217.036000,355.580900
428.763,18,0.142379,1.686660,0.189487,0.084228,-0.934192,0.141478,0.316504,18.521010,216.763800,355.898800
428.872,18,0.142628,1.688406,0.190510,0.083745,-0.933538,0.138618,0.319812,18.202420,217.166000,355.913500
428.984,18,0.144373,1.688576,0.193075,0.081136,-0.933219,0.135870,0.322581,17.814600,217.534700,356.158900
429.095,18,0.145535,1.688975,0.196299,0.078478,-0.933867,0.131512,0.323168,17.238630,217.616200,356.303600
429.207,18,0.145445,1.689657,0.200187,0.078124,-0.933828,0.131144,0.323518,17.186360,217.662700,356.335900
429.317,18,0.145599,1.689211,0.203019,0.078749,-0.933231,0.132330,0.324604,17.344290,217.798500,356.331600
429.429,18,0.146707,1.689549,0.205641,0.078010,-0.933211,0.127675,0.326697,16.814090,218.037500,356.275800
429.540,18,0.147816,1.690525,0.206830,0.075849,-0.934696,0.121903,0.325162,16.093800,217.835900,356.269400
429.650,18,0.149166,1.691421,0.207599,0.072169,-0.936023,0.117553,0.323782,15.473860,217.685400,356.491400
429.762,18,0.150636,1.691979,0.207955,0.069878,-0.936796,0.114780,0.323043,15.081850,217.606000,356.629600
429.873,19,0.152726,1.694467,0.208187,0.062128,-0.938871,0.105017,0.321920,13.721070,217.503400,357.106000
429.985,19,0.155510,1.695431,0.209527,0.061651,-0.939986,0.100166,0.320301,13.167750,217.281500,356.954300
430.096,19,0.157526,1.694041,0.210118,0.061183,-0.940782,0.102669,0.317248,13.414730,216.923500,357.054900
430.207,19,0.158905,1.691837,0.211395,0.064301,-0.940575,0.107750,0.315555,14.079910,216.705700,356.870200
430.318,19,0.160331,1.690913,0.212217,0.065421,-0.939705,0.109594,0.317276,14.328700,216.915500,356.839900
430.429,19,0.162041,1.690199,0.211997,0.063212,-0.939963,0.111628,0.316249,14.467740,216.828300,357.145000
430.541,19,0.163512,1.689452,0.211912,0.064114,-0.940564,0.113644,0.313551,14.713410,216.495500,357.075900
430.651,19,0.163738,1.688920,0.212544,0.064849,-0.940828,0.114884,0.312154,14.871790,216.320900,357.016700
430.762,19,0.163271,1.689737,0.213572,0.065683,-0.940430,0.112085,0.314188,14.601200,216.544700,356.853900
430.874,19,0.163808,1.690583,0.213823,0.064477,-0.940009,0.107367,0.317330,14.050240,216.920900,356.863600
430.985,19,0.165669,1.691770,0.213581,0.062277,-0.941038,0.102263,0.316405,13.407540,216.804600,356.906400
431.096,19,0.167844,1.691399,0.213734,0.064792,-0.941192,0.104855,0.314587,13.776940,216.564300,356.695000
431.207,19,0.168813,1.691137,0.211689,0.064078,-0.939439,0.102848,0.320577,13.551740,217.302100,356.789000
431.318,19,0.169724,1.690938,0.209705,0.063171,-0.937555,0.100935,0.326821,13.329820,218.074600,356.908500
431.430,19,0.169034,1.691140,0.206822,0.062329,-0.935328,0.099998,0.333584,13.217310,218.917100,357.063000
431.540,19,0.163542,1.689529,0.207550,0.063934,-0.924461,0.105348,0.360813,13.940690,222.336300,357.508700
431.651,19,0.152964,1.688845,0.213634,0.073044,-0.898945,0.100014,0.420191,13.957310,229.763500,357.207900
431.763,19,0.145464,1.687028,0.217141,0.079008,-0.877782,0.104249,0.460856,14.823210,235.072300,357.473400
431.875,19,0.141430,1.686212,0.213832,0.080662,-0.875105,0.102589,0.466005,14.757630,235.722000,357.299400
431.985,19,0.138696,1.686114,0.207756,0.080583,-0.878457,0.107720,0.458494,15.256880,234.782300,357.457400
432.097,19,0.136567,1.686722,0.204872,0.080907,-0.879280,0.106668,0.457104,15.161890,234.582500,357.341900
432.208,19,0.135497,1.686596,0.201820,0.082116,-0.879897,0.108600,0.455242,15.419130,234.345000,357.287000
432.319,19,0.137653,1.685655,0.199859,0.082483,-0.880348,0.115406,0.452621,16.132600,234.074200,357.568400
432.430,19,0.141219,1.685133,0.196141,0.079315,-0.882494,0.118665,0.448144,16.291920,233.556800,357.992000
432.541,19,0.143986,1.685265,0.193341,0.075593,-0.884375,0.117326,0.445422,15.953860,233.221100,358.260500
432.652,19,0.146984,1.685126,0.190932,0.071882,-0.887126,0.116016,0.440886,15.618180,232.647200,358.498400
432.763,19,0.148706,1.684463,0.189258,0.070913,-0.888439,0.116906,0.438156,15.656520,232.310000,358.598100
432.875,19,0.147353,1.684449,0.189030,0.069151,-0.887349,0.112725,0.441727,15.138000,232.746300,358.626700
432.985,19,0.145913,1.683881,0.185586,0.064341,-0.886394,0.116371,0.443423,15.269590,233.067000,359.354900
433.096,19,0.144532,1.680443,0.180286,0.064999,-0.888873,0.130701,0.434277,16.786680,232.059600,359.878500
433.207,19,0.133905,1.677940,0.174829,0.065402,-0.891870,0.137479,0.425900,17.513800,231.056500,0.026753
433.319,19,0.120963,1.676751,0.169091,0.065027,-0.898419,0.142808,0.410148,18.055810,229.078400,0.018219
433.430,19,0.104751,1.677399,0.149675,0.060742,-0.934725,0.148503,0.317090,18.429680,217.287500,358.829700
433.541,19,0.085562,1.676365,0.127345,0.048354,-0.967049,0.153443,0.197318,18.412450,202.742100,358.008900
433.651,19,0.064393,1.676365,0.103411,0.027291,-0.987322,0.147655,0.051459,17.120030,185.617700,357.679500
433.763,19,0.040150,1.674871,0.082917,-0.002592,-0.983361,0.149911,-0.102575,17.179370,167.857500,358.461200
433.874,19,0.018643,1.670629,0.069571,-0.030903,-0.961170,0.161178,-0.221855,18.877820,153.883500,359.266700
433.985,19,-0.002592,1.669928,0.069183,-0.071230,-0.919139,0.168130,-0.349059,21.026250,138.564200,0.832721
434.096,19,-0.012644,1.669657,0.082194,-0.082938,-0.875636,0.167931,-0.445178,21.588400,126.051800,359.736900
434.207,19,-0.026871,1.667399,0.111511,-0.100683,-0.819917,0.167504,-0.538091,22.521630,113.260900,359.059600
434.318,19,-0.041052,1.667537,0.145056,-0.114092,-0.782684,0.156293,-0.591575,22.311620,105.756800,359.608500
434.429,19,-0.070240,1.664758,0.193316,-0.120683,-0.750261,0.149576,-0.632591,22.155910,99.628710,359.495600
434.540,19,-0.099443,1.663352,0.231936,-0.127517,-0.739009,0.146143,-0.645172,22.367310,97.755330,359.993700
434.651,19,-0.142074,1.663280,0.284500,-0.119512,-0.722035,0.134245,-0.668102,20.704670,94.367550,359.583800
434.762,19,-0.180960,1.665662,0.330684,-0.116499,-0.710415,0.116643,-0.684202,18.974510,92.213430,0.358155
434.873,19,-0.213263,1.666907,0.372044,-0.126050,-0.700761,0.112632,-0.693080,19.425570,90.845020,1.247766
434.984,19,-0.234169,1.669957,0.405008,-0.134953,-0.689681,0.117290,-0.701692,20.559310,89.249970,1.318612
435.095,19,-0.247436,1.672590,0.423413,-0.131976,-0.692108,0.110505,-0.700969,19.754140,89.565520,1.690401
435.206,19,-0.266178,1.674075,0.436803,-0.128768,-0.695573,0.111117,-0.698033,19.532910,90.048950,1.459730
435.317,19,-0.282861,1.683063,0.433145,-0.107880,-0.724426,0.096078,-0.674046,16.537020,94.359020,1.600765
435.429,19,-0.303500,1.697913,0.417395,-0.069589,-0.779303,0.060190,-0.619856,10.374560,103.181700,1.971780
435.539,19,-0.317857,1.702646,0.405192,-0.047719,-0.804553,0.051000,-0.589760,7.952403,107.582000,0.962130
435.650,19,-0.326882,1.700465,0.392950,-0.044862,-0.807006,0.065824,-0.585147,9.133904,108.088000,359.731500
435.762,19,-0.328668,1.702417,0.387519,-0.044158,-0.802891,0.069826,-0.590373,9.454543,107.289800,359.329700
435.873,19,-0.330390,1.712205,0.389888,-0.022305,-0.779912,0.051515,-0.623367,6.209400,102.638800,358.303400
435.984,19,-0.333910,1.714132,0.382352,-0.016685,-0.789171,0.052229,-0.611721,5.903248,104.326700,357.835700
436.095,19,-0.335090,1.706572,0.369224,-0.030120,-0.810432,0.082752,-0.579177,9.730773,108.663900,357.264700
436.206,19,-0.332360,1.696851,0.350621,-0.045358,-0.832927,0.114085,-0.539593,13.827440,113.787000,357.192600
436.317,19,-0.331612,1.692400,0.337911,-0.048004,-0.844848,0.130147,-0.516709,15.635560,116.663700,356.822100
436.429,19,-0.335059,1.690264,0.325981,-0.052153,-0.863121,0.136833,-0.483300,16.655600,121.137300,357.473400
436.540,19,-0.342856,1.691785,0.318367,-0.043268,-0.889572,0.126566,-0.436774,15.246720,127.431500,358.005300
436.651,19,-0.355013,1.692097,0.312932,-0.039706,-0.914366,0.115425,-0.386051,13.989140,134.100900,359.025200
436.762,19,-0.364661,1.691461,0.311109,-0.038743,-0.922858,0.119049,-0.364224,14.356420,136.811400,359.100300
436.873,19,-0.370631,1.690658,0.311493,-0.036194,-0.924290,0.119407,-0.360722,14.290980,137.219100,358.862500
436.985,19,-0.372884,1.689465,0.314469,-0.043057,-0.919845,0.118157,-0.371579,14.440250,135.942300,359.491300
437.096,19,-0.366116,1.688877,0.316440,-0.051062,-0.909270,0.109514,-0.398280,13.876490,132.731500,0.331889
437.207,19,-0.358277,1.674428,0.324499,-0.084998,-0.892440,0.123110,-0.425640,16.983320,129.423200,2.811459
437.318,19,-0.364502,1.663687,0.333214,-0.102610,-0.887773,0.145678,-0.424392,20.227680,129.538700,3.576796
437.429,19,-0.375371,1.668036,0.343777,-0.089848,-0.889265,0.141198,-0.425674,19.124160,129.245600,2.401532
437.540,19,-0.382091,1.673835,0.349116,-0.068030,-0.892260,0.120375,-0.429830,15.860400,128.705400,1.067381
437.651,19,-0.382935,1.688501,0.354980,-0.032701,-0.898110,0.044534,-0.436286,6.230422,128.243100,1.145838
437.763,19,-0.386278,1.705828,0.363791,-0.003824,-0.903648,-0.044458,-0.425945,355.578600,129.425800,2.574415
437.875,19,-0.393349,1.706530,0.371938,-0.003981,-0.908103,-0.062580,-0.414025,353.663800,130.792800,3.406085
437.986,19,-0.401676,1.698775,0.374258,-0.007461,-0.920231,-0.043995,-0.388824,355.689100,134.085400,2.755886
438.097,19,-0.410170,1.696666,0.371840,-0.005515,-0.944419,-0.003419,-0.328680,359.837700,141.620800,0.725687
438.208,19,-0.411056,1.704965,0.378609,-0.002286,-0.953052,-0.046057,-0.299276,355.042200,145.053900,1.836357
438.320,19,-0.411232,1.706431,0.384782,0.004590,-0.957058,-0.062609,-0.283018,352.967100,146.957800,1.538844
438.431,19,-0.409291,1.706501,0.388401,0.013112,-0.959075,-0.077376,-0.272059,351.051100,148.249100,0.983204
438.542,19,-0.407730,1.706885,0.387173,0.015464,-0.964026,-0.072108,-0.255374,351.551200,150.295900,0.406228
438.653,19,-0.404861,1.708993,0.390857,0.018250,-0.964619,-0.078433,-0.251049,350.765300,150.804400,0.242251
438.765,19,-0.400554,1.711722,0.398292,0.021032,-0.959994,-0.082712,-0.266700,350.210800,148.929300,0.217313
438.876,19,-0.397444,1.717338,0.408292,0.025975,-0.951256,-0.104564,-0.288972,347.646300,146.134700,0.646102
438.987,19,-0.395369,1.722713,0.420445,0.033649,-0.936636,-0.134647,-0.321639,344.105000,141.899000,1.404999
439.099,19,-0.393691,1.725169,0.428827,0.031588,-0.927669,-0.152374,-0.339434,342.293000,139.384600,2.697605
439.209,19,-0.390832,1.725466,0.437437,0.032043,-0.919204,-0.153353,-0.361275,342.237100,136.599100,3.123942
439.321,19,-0.390281,1.725733,0.442901,0.028487,-0.913386,-0.156874,-0.374573,342.066400,134.780700,3.946624
439.432,19,-0.392551,1.726639,0.444184,0.031765,-0.911470,-0.161600,-0.376961,341.425600,134.429900,3.867007
439.542,19,-0.395094,1.727935,0.441923,0.038843,-0.911627,-0.164935,-0.374464,340.742800,134.794700,3.200360
439.653,19,-0.394275,1.730852,0.436450,0.041363,-0.910975,-0.164835,-0.375823,340.645500,134.659900,2.948832
439.765,19,-0.394755,1.733475,0.428636,0.046804,-0.913979,-0.160441,-0.369745,340.859200,135.610500,2.007215
439.876,19,-0.397275,1.736261,0.425406,0.052489,-0.914218,-0.167560,-0.365204,339.835900,136.162800,1.612486
439.987,19,-0.400445,1.736730,0.423679,0.055891,-0.916577,-0.165241,-0.359803,339.932300,136.957400,1.003601
440.098,19,-0.399106,1.736062,0.424194,0.054217,-0.917196,-0.162315,-0.359815,340.320100,136.976800,1.055943
440.209,19,-0.391954,1.739155,0.423562,0.047420,-0.909809,-0.171431,-0.374981,339.665400,134.738100,2.584319
440.321,19,-0.383663,1.741198,0.417270,0.051020,-0.900736,-0.179166,-0.392391,338.727600,132.358200,2.995359
440.433,19,-0.376601,1.743099,0.402447,0.055314,-0.892401,-0.180919,-0.409670,338.393800,130.101000,3.052517
440.543,19,-0.369060,1.745240,0.378089,0.063378,-0.887891,-0.179333,-0.418895,338.188500,129.037000,2.327092
440.654,19,-0.361619,1.746552,0.348384,0.068050,-0.886504,-0.174095,-0.423285,338.513500,128.640900,1.646107
440.765,19,-0.352675,1.752635,0.302426,0.078536,-0.881630,-0.181676,-0.428432,337.192400,127.949200,1.068706
440.876,19,-0.348781,1.759352,0.265120,0.085925,-0.878253,-0.194670,-0.428244,335.447100,127.794800,0.995653
440.987,19,-0.349237,1.764484,0.218662,0.101933,-0.875057,-0.219341,-0.419256,332.008400,128.710800,0.358561
441.099,19,-0.350896,1.764839,0.185588,0.101782,-0.878235,-0.218538,-0.413019,332.099900,129.598300,0.113090
441.210,19,-0.352799,1.767315,0.151694,0.106751,-0.876352,-0.223577,-0.413068,331.311100,129.566400,359.843400
441.321,19,-0.354529,1.770406,0.129221,0.111738,-0.876112,-0.221737,-0.413250,331.256900,129.704500,359.181500
441.432,19,-0.354070,1.771617,0.113757,0.112667,-0.872395,-0.216743,-0.423386,331.733400,128.437700,359.151200
441.543,19,-0.353737,1.772560,0.104925,0.116100,-0.861877,-0.212316,-0.445658,332.000600,125.491200,359.293500
441.654,19,-0.353813,1.771870,0.100114,0.115986,-0.854351,-0.205246,-0.463149,332.732800,123.201400,359.479900
441.766,19,-0.351935,1.770034,0.097853,0.118439,-0.839908,-0.203342,-0.489060,332.779000,119.578300,-0.004019
441.876,19,-0.352111,1.766304,0.103029,0.119116,-0.828345,-0.189309,-0.513632,334.151700,116.438300,359.817500
441.987,19,-0.352267,1.765683,0.117472,0.119762,-0.818834,-0.181254,-0.531333,334.906300,114.091200,359.777400
442.098,19,-0.350733,1.762562,0.134814,0.109953,-0.815514,-0.166535,-0.543243,336.977900,112.641700,0.099691
442.208,19,-0.346838,1.755718,0.166243,0.086185,-0.814377,-0.120127,-0.561188,342.999000,110.908200,359.667700
442.319,19,-0.341523,1.750681,0.197384,0.069142,-0.804532,-0.089069,-0.583108,347.058700,108.181600,359.566100
442.429,19,-0.338595,1.742952,0.235050,0.020719,-0.800240,-0.037779,-0.598130,355.109600,106.418700,0.691950
442.539,19,-0.337322,1.733096,0.263466,0.012247,-0.790960,0.019259,-0.611443,0.887519,104.570100,357.539500
442.649,19,-0.336788,1.731513,0.301217,0.010438,-0.782291,0.015322,-0.622638,0.628786,102.955200,357.970500
442.762,19,-0.334304,1.723232,0.328664,0.015428,-0.774463,0.031267,-0.631658,1.658410,101.545400,356.363700
442.873,19,-0.338228,1.712672,0.348021,0.006492,-0.783758,0.054719,-0.618617,4.458784,103.257700,355.519900
442.984,19,-0.340351,1.708984,0.364886,0.005857,-0.778735,0.058302,-0.624611,4.789042,102.337500,355.282600
443.095,19,-0.338183,1.706373,0.375415,-0.008856,-0.777172,0.068174,-0.625521,6.721603,102.098400,355.870000
443.206,19,-0.329247,1.696284,0.384760,-0.055958,-0.768867,0.100009,-0.629055,12.955190,101.157200,357.660900
443.317,19,-0.318388,1.693718,0.393746,-0.061149,-0.751038,0.122132,-0.645978,15.215650,98.077890,356.081700
443.428,19,-0.312666,1.711313,0.402383,-0.014648,-0.725206,0.087827,-0.682750,8.475536,93.029750,354.273900
443.540,19,-0.322322,1.738898,0.410522,0.063027,-0.692351,0.002759,-0.718798,355.021200,88.081210,354.745200
443.652,19,-0.337439,1.748066,0.412755,0.086962,-0.682559,-0.024904,-0.725210,350.785700,86.916310,355.200300
443.764,19,-0.339717,1.733683,0.419801,0.040759,-0.688062,0.021221,-0.724196,358.290500,87.143070,355.016800
443.874,19,-0.341144,1.713248,0.419777,-0.018130,-0.712844,0.091884,-0.695041,8.986359,90.983380,354.079700
443.984,19,-0.342185,1.703155,0.416580,-0.041525,-0.748945,0.118534,-0.650621,13.390420,97.399470,354.570900
444.095,19,-0.344235,1.702094,0.418628,-0.042337,-0.758520,0.119775,-0.639147,13.640150,99.135420,354.752400
444.206,19,-0.347237,1.701337,0.421531,-0.048022,-0.763080,0.117087,-0.633793,13.860900,100.036100,355.561900
444.317,19,-0.349742,1.700807,0.422303,-0.048252,-0.764930,0.118912,-0.631200,14.053770,100.386600,355.489100
444.428,19,-0.352520,1.701349,0.422061,-0.050422,-0.770024,0.114294,-0.625666,13.834190,101.341900,356.139900
444.539,19,-0.354874,1.701506,0.422931,-0.050464,-0.768906,0.113677,-0.627148,13.775030,101.132600,356.163700
444.650,19,-0.357949,1.704754,0.425787,-0.045478,-0.767084,0.099731,-0.632114,12.151590,100.668100,356.697800
444.762,19,-0.361369,1.715816,0.434061,-0.014746,-0.751846,0.062965,-0.656159,6.547764,97.575980,356.511300
444.873,19,-0.369119,1.731410,0.445164,0.036339,-0.721216,0.011339,-0.691663,358.056500,92.462810,356.092800
444.985,19,-0.378139,1.740213,0.452260,0.061434,-0.701763,-0.018411,-0.709518,353.510800,89.566930,356.532300
445.097,19,-0.384256,1.742664,0.455951,0.068877,-0.693637,-0.027756,-0.716487,352.114000,88.365820,356.771900
445.208,19,-0.390379,1.744553,0.460281,0.072118,-0.684725,-0.035897,-0.724335,351.162400,86.989210,357.287700
445.320,19,-0.393852,1.744974,0.462851,0.074999,-0.679930,-0.041410,-0.728255,350.470900,86.270960,357.578100
445.431,19,-0.393075,1.746199,0.465034,0.079966,-0.674817,-0.044048,-0.732317,349.830000,85.545000,357.472200
445.542,19,-0.387401,1.746683,0.467529,0.085473,-0.673624,-0.048668,-0.732500,349.001400,85.451300,357.439500
445.653,19,-0.372601,1.745482,0.469695,0.087203,-0.679492,-0.052457,-0.726592,348.579300,86.410160,357.527900
445.764,19,-0.347113,1.743428,0.468414,0.090804,-0.679669,-0.050846,-0.726099,348.405500,86.511370,357.098000
445.876,19,-0.316447,1.742150,0.464124,0.100173,-0.671482,-0.055550,-0.732115,347.215900,85.403300,356.873400
445.987,19,-0.262956,1.739043,0.453981,0.109300,-0.665749,-0.065643,-0.735203,345.633800,84.689200,357.100000
446.098,19,-0.208492,1.736648,0.447131,0.115451,-0.654943,-0.067107,-0.743786,344.951000,83.134420,356.948900
446.209,19,-0.127850,1.737300,0.439551,0.124813,-0.638757,-0.067425,-0.756218,344.043500,80.854240,356.572900
446.321,19,-0.052510,1.748758,0.431535,0.130414,-0.629901,-0.070159,-0.762427,343.306700,79.629050,356.569600
446.432,19,0.018493,1.757251,0.419325,0.140056,-0.621572,-0.064881,-0.767999,342.795600,78.645830,355.529800
446.543,19,0.081966,1.761093,0.409794,0.144425,-0.616825,-0.056816,-0.771648,342.963400,78.088930,354.569400
446.654,19,0.127736,1.762036,0.406578,0.145508,-0.608900,-0.049418,-0.778220,343.342200,76.961550,353.991500
446.766,19,0.176535,1.760232,0.406700,0.146081,-0.596404,-0.042849,-0.788116,343.658100,75.150660,353.615600
446.877,19,0.209512,1.757661,0.409538,0.145375,-0.587935,-0.036799,-0.794887,344.074600,73.917010,353.285200
446.988,19,0.243653,1.754357,0.414051,0.143251,-0.576511,-0.029459,-0.803894,344.675600,72.237350,352.983700
447.099,19,0.266608,1.748608,0.415150,0.139919,-0.572161,-0.017746,-0.807923,345.735800,71.588070,352.205600
447.210,19,0.291632,1.741166,0.414874,0.134488,-0.571649,-0.006123,-0.809378,347.014600,71.433650,351.510700
447.321,19,0.307816,1.735868,0.415159,0.131539,-0.569816,0.003451,-0.811169,347.908800,71.144340,350.849300
447.432,19,0.319050,1.732400,0.416370,0.130455,-0.569960,0.009055,-0.811200,348.385400,71.163630,350.397400
447.543,19,0.326354,1.729811,0.417818,0.128231,-0.567979,0.014311,-0.812866,348.918000,70.850750,350.087700
447.653,19,0.327024,1.729791,0.417678,0.129926,-0.568260,0.014669,-0.812395,348.788600,70.935450,349.931100
447.765,19,0.314663,1.732251,0.415117,0.128715,-0.570445,0.013129,-0.811081,348.824300,71.206490,350.130900
447.876,19,0.290050,1.736652,0.407799,0.132126,-0.574791,0.007021,-0.807533,348.151700,71.884000,350.399200
447.987,19,0.244845,1.741285,0.392412,0.140597,-0.582392,0.006230,-0.800633,347.415700,73.198960,349.745700
448.098,19,0.208695,1.742725,0.376730,0.142266,-0.591381,0.008172,-0.793701,347.516000,74.552540,349.302200
448.208,19,0.167651,1.741289,0.352897,0.149929,-0.595610,0.012168,-0.789064,347.166800,75.414090,348.295300
448.320,19,0.138581,1.736874,0.328846,0.161767,-0.597218,0.018564,-0.785377,346.589700,76.060840,346.784600
448.431,19,0.122651,1.731707,0.307623,0.169568,-0.601672,0.033845,-0.779803,347.071700,77.046650,344.721400
448.542,19,0.111779,1.726212,0.293089,0.173681,-0.607680,0.038235,-0.774014,347.150300,78.095190,343.905900
448.653,19,0.097662,1.722062,0.286904,0.170151,-0.608057,0.043325,-0.774235,347.831700,78.036460,343.721500
448.764,19,0.061379,1.723544,0.288561,0.157044,-0.594369,0.036624,-0.787859,348.233600,75.559990,345.543900
448.875,19,0.003961,1.724396,0.292202,0.141912,-0.566753,0.037664,-0.810699,349.198700,71.153900,346.942500
448.985,19,-0.086320,1.722730,0.291034,0.119377,-0.540773,0.040727,-0.831658,351.111400,66.962900,348.507200
449.096,19,-0.156567,1.722105,0.283612,0.109527,-0.524281,0.032262,-0.843855,351.313900,64.455540,350.138900
449.207,19,-0.233183,1.722460,0.265912,0.101579,-0.511953,0.029953,-0.852460,351.806600,62.621570,350.986100
449.318,19,-0.275567,1.721035,0.248566,0.104806,-0.512420,0.028683,-0.851833,351.421800,62.741490,350.906700
449.430,19,-0.309869,1.716439,0.229608,0.104049,-0.515804,0.033602,-0.849701,351.827300,63.203770,350.437200
449.541,19,-0.324717,1.718102,0.215772,0.102988,-0.510863,0.034578,-0.852770,351.933600,62.523120,350.454000
449.653,19,-0.327802,1.724951,0.201497,0.110736,-0.493584,0.030999,-0.862063,350.774400,60.355060,350.508900
449.764,19,-0.319936,1.729681,0.185826,0.116321,-0.475122,0.025640,-0.871820,349.720100,57.996990,350.922400
449.876,19,-0.307093,1.735979,0.169512,0.119134,-0.461404,0.020862,-0.878907,349.037700,56.222300,351.411600
449.987,19,-0.292805,1.745733,0.145523,0.120967,-0.448370,0.019887,-0.885402,348.675000,54.552630,351.573200
450.098,19,-0.288439,1.746468,0.126271,0.120414,-0.438069,0.018961,-0.890638,348.587100,53.199050,351.831600
450.209,19,-0.289181,1.745086,0.101461,0.119761,-0.424343,0.018910,-0.897348,348.528100,51.417600,352.048200
450.320,19,-0.291147,1.741194,0.080266,0.119711,-0.418597,0.021522,-0.899990,348.611600,50.701440,351.850800
450.431,19,-0.293398,1.736869,0.062505,0.119894,-0.414501,0.022871,-0.901827,348.621700,50.192410,351.751700
450.542,19,-0.293447,1.733806,0.048657,0.120888,-0.413514,0.023681,-0.902126,348.549200,50.092130,351.627900
450.653,19,-0.290543,1.732097,0.041577,0.119062,-0.414349,0.023324,-0.901995,348.728500,50.160780,351.748900
450.764,19,-0.283353,1.734325,0.043014,0.126187,-0.410594,0.014518,-0.902928,347.528600,49.742240,352.358200
450.875,19,-0.268852,1.735057,0.049337,0.138571,-0.400566,-0.002823,-0.905724,345.328500,48.525700,353.715300
450.987,19,-0.238042,1.738446,0.069096,0.140038,-0.394383,-0.007094,-0.908186,344.932500,47.713720,354.200600
451.098,19,-0.205728,1.739667,0.097572,0.144258,-0.396669,-0.014325,-0.906443,344.163800,48.003770,354.723300
451.209,19,-0.161524,1.736702,0.143936,0.151563,-0.391741,-0.021863,-0.907243,343.014000,47.417290,355.257100
451.321,19,-0.121598,1.737114,0.185486,0.158380,-0.387784,-0.030389,-0.907533,341.878200,46.925010,355.916700
451.432,19,-0.079598,1.743023,0.225321,0.170316,-0.383049,-0.040409,-0.906991,340.128700,46.402210,356.514500
451.543,19,-0.039252,1.751282,0.260946,0.183684,-0.375260,-0.049008,-0.907215,338.280400,45.523240,356.980500
451.654,19,-0.006713,1.756439,0.287903,0.190729,-0.373611,-0.053781,-0.906171,337.303400,45.374160,357.201200
451.765,19,0.030487,1.761273,0.316143,0.207506,-0.373514,-0.061158,-0.902047,335.162500,45.607870,357.178100
451.876,19,0.056527,1.765635,0.335692,0.218738,-0.372056,-0.063338,-0.899843,333.845600,45.650750,356.885000
451.987,19,0.086424,1.769155,0.358556,0.230020,-0.369439,-0.067129,-0.897830,332.442500,45.516160,356.804700
452.098,19,0.106462,1.771770,0.374145,0.233145,-0.369414,-0.067927,-0.896974,332.067200,45.581610,356.729900
452.209,19,0.126495,1.771569,0.389549,0.233202,-0.366597,-0.067812,-0.898123,332.056100,45.202890,356.808900
452.320,19,0.139782,1.769848,0.397785,0.231661,-0.365753,-0.064147,-0.899135,332.386000,45.131930,356.499100
452.431,19,0.150432,1.768169,0.401952,0.229399,-0.370404,-0.059037,-0.898160,332.883100,45.815940,355.883700
452.543,19,0.158585,1.766721,0.405375,0.225091,-0.373738,-0.056149,-0.898054,333.496100,46.208290,355.680600
452.654,19,0.164800,1.764897,0.407502,0.222814,-0.374260,-0.054120,-0.898529,333.837400,46.258640,355.557400
452.764,19,0.170143,1.763340,0.408173,0.220218,-0.374892,-0.050772,-0.899101,334.274300,46.342550,355.300000
452.876,19,0.171844,1.762911,0.406928,0.221899,-0.378611,-0.050679,-0.897132,334.117900,46.892040,355.084300
452.987,19,0.170878,1.762933,0.404986,0.221243,-0.382711,-0.051321,-0.895517,334.180600,47.411790,355.065700
453.099,19,0.163495,1.762712,0.398220,0.219358,-0.389861,-0.050670,-0.892929,334.453000,48.335010,354.878000
453.208,19,0.134006,1.765011,0.369757,0.217083,-0.414060,-0.058163,-0.882069,334.460600,51.405010,355.094100
453.320,19,0.095354,1.770017,0.333885,0.219377,-0.436055,-0.063743,-0.870440,334.055500,54.399750,354.873300
453.431,19,0.035675,1.769674,0.274674,0.229587,-0.452776,-0.064878,-0.859113,333.048700,57.070480,353.789800
453.542,19,-0.008585,1.764077,0.224363,0.238007,-0.455613,-0.056789,-0.855888,332.667000,57.940410,352.258200
453.653,19,-0.034090,1.755212,0.188502,0.228703,-0.462308,-0.052091,-0.855134,333.940300,58.608100,352.170800
453.764,19,-0.042572,1.748861,0.165985,0.214387,-0.465070,-0.032848,-0.858295,336.511300,58.771220,351.028400
453.875,19,-0.041806,1.745296,0.153845,0.206121,-0.460643,-0.015739,-0.863177,338.263500,58.116000,349.910800
453.986,19,-0.029029,1.742456,0.148713,0.208814,-0.446927,-0.003622,-0.869850,338.499400,56.516570,348.823200
454.098,19,-0.010047,1.740706,0.153038,0.209276,-0.449333,0.002550,-0.868503,338.824800,56.945590,348.086300
454.209,19,0.022442,1.738138,0.163921,0.207432,-0.454921,0.006802,-0.866010,339.323700,57.692520,347.624600
454.320,19,0.058072,1.738083,0.170246,0.212102,-0.453778,0.022120,-0.865222,339.698800,57.913890,345.755700
454.431,19,0.115102,1.739132,0.179592,0.226558,-0.449245,0.036161,-0.863448,338.976400,58.068250,343.442500
454.542,19,0.180070,1.732313,0.191102,0.238262,-0.428128,0.057907,-0.869819,338.598100,56.056210,340.893800
454.653,19,0.254680,1.727299,0.202518,0.252779,-0.396998,0.086839,-0.878040,337.978800,53.071080,337.604500
454.765,19,0.322209,1.720481,0.215032,0.250998,-0.379207,0.110174,-0.883778,338.894000,51.055160,335.619700
454.876,19,0.366794,1.716237,0.226673,0.245097,-0.369108,0.120338,-0.888372,339.718100,49.645090,335.112600
454.987,19,0.405630,1.713879,0.239599,0.239152,-0.355474,0.125143,-0.894865,340.181200,47.721390,335.241000
455.098,19,0.425350,1.711886,0.243729,0.237801,-0.351383,0.129064,-0.896283,340.392600,47.206810,334.975700
455.209,19,0.436418,1.710041,0.242926,0.235781,-0.351247,0.133499,-0.896220,340.801600,47.166000,334.610600
455.320,19,0.420167,1.713212,0.238215,0.232010,-0.351725,0.129385,-0.897619,341.004300,46.994800,335.275100
455.431,19,0.367159,1.729925,0.222975,0.232436,-0.343157,0.101100,-0.904431,339.447900,45.488420,338.550900
455.543,19,0.284532,1.744743,0.197845,0.230138,-0.332778,0.073115,-0.911564,338.228300,43.593380,342.032900
455.653,19,0.185831,1.745659,0.172336,0.220156,-0.344029,0.052533,-0.911272,338.586300,44.294400,344.600000
455.765,19,0.077728,1.734681,0.153131,0.200232,-0.354172,0.037460,-0.912725,340.185400,44.680670,347.088600
455.876,19,-0.017051,1.728205,0.140399,0.180141,-0.366325,0.023821,-0.912572,341.860500,45.446210,349.360300
455.986,19,-0.126448,1.725678,0.127547,0.135533,-0.369509,0.022597,-0.919012,346.560800,44.796060,351.623100
456.097,19,-0.194064,1.726853,0.119010,0.099338,-0.364919,0.025904,-0.925362,350.506100,43.627030,352.985900
456.207,19,-0.257065,1.732381,0.107717,0.078649,-0.373332,0.021699,-0.924103,352.579000,44.367990,354.280200
456.318,19,-0.287166,1.735777,0.097918,0.081505,-0.388996,0.016418,-0.917480,352.138200,46.324800,354.581900
456.430,19,-0.309548,1.736101,0.089068,0.080633,-0.406641,0.015769,-0.909886,352.304400,48.528500,354.541100
456.541,19,-0.321745,1.736290,0.085246,0.077461,-0.406925,0.020964,-0.909930,352.882400,48.553150,354.146900
456.652,19,-0.330153,1.735464,0.083034,0.070185,-0.410279,0.021829,-0.908993,353.702900,48.893780,354.383700
456.764,19,-0.336434,1.735208,0.081587,0.069739,-0.407102,0.021513,-0.910463,353.715000,48.486770,354.460300
456.875,19,-0.339556,1.734416,0.080207,0.069207,-0.405515,0.024574,-0.911134,353.904700,48.294830,354.175400
456.986,19,-0.341208,1.733154,0.078933,0.068187,-0.410988,0.026663,-0.908696,354.145300,48.981490,353.969800
457.098,19,-0.341867,1.732104,0.078339,0.067013,-0.411673,0.027689,-0.908443,354.320800,49.058700,353.915000
457.208,19,-0.342000,1.731448,0.077084,0.066679,-0.412243,0.030059,-0.908133,354.472500,49.136330,353.679900
457.320,20,-0.341201,1.730884,0.077113,0.067421,-0.415155,0.030484,-0.906737,354.436100,49.514140,353.581500
457.431,20,-0.339360,1.729911,0.080065,0.062647,-0.418850,0.030741,-0.905370,354.969500,49.927230,353.767500
457.542,20,-0.337560,1.730163,0.084625,0.059041,-0.426265,0.028960,-0.902205,355.305400,50.821060,354.091800
457.653,20,-0.335351,1.730229,0.090213,0.054019,-0.435175,0.029989,-0.898224,355.931900,51.905220,354.195000
457.764,20,-0.334498,1.730159,0.096001,0.050114,-0.442932,0.032493,-0.894564,356.509800,52.863190,354.104300
457.875,20,-0.335314,1.729848,0.101884,0.046456,-0.443749,0.034381,-0.894286,356.986200,52.937100,354.095900
457.986,20,-0.336532,1.727840,0.110526,0.036494,-0.439036,0.034452,-0.897067,357.981400,52.250430,354.611100
458.097,20,-0.333587,1.720222,0.119027,0.007910,-0.430438,0.052310,-0.901069,1.763669,50.977910,354.195900
458.208,20,-0.316444,1.688281,0.139134,-0.101441,-0.426076,0.117913,-0.891216,16.337300,50.038540,352.591900
458.318,20,-0.295500,1.655144,0.161512,-0.196213,-0.420083,0.156475,-0.872093,28.274520,49.662380,352.951400
458.428,20,-0.255153,1.631806,0.187622,-0.249743,-0.423982,0.194374,-0.848579,36.063080,50.357600,351.598500
458.539,20,-0.213639,1.626889,0.206472,-0.262447,-0.433475,0.201232,-0.838288,37.913450,51.933460,351.996100
458.650,20,-0.149746,1.629142,0.222387,-0.238325,-0.476084,0.204011,-0.821538,35.862290,57.696880,352.321800
458.762,20,-0.083847,1.651831,0.215337,-0.159520,-0.590863,0.157715,-0.774958,25.697410,73.835010,356.441000
458.873,20,-0.034918,1.675203,0.191185,-0.103207,-0.728901,0.095853,-0.669974,16.142450,95.010550,1.313438
458.985,20,-0.009573,1.693944,0.169941,-0.047084,-0.832545,0.047129,-0.549937,7.484690,113.207000,1.535185
459.097,20,0.002012,1.702833,0.160427,-0.012247,-0.896979,0.028497,-0.440984,3.550290,127.634000,359.818500
459.208,20,0.011963,1.713355,0.164528,0.011326,-0.956906,0.013378,-0.289870,1.090757,146.278200,358.313200
459.320,20,0.022082,1.710962,0.181879,0.018320,-0.988475,0.007397,-0.150093,0.522756,162.721900,357.797000
459.431,20,0.034619,1.699662,0.220693,0.036800,-0.998282,0.011209,0.044200,1.468779,185.017000,355.842000
459.542,20,0.045046,1.696547,0.270313,0.036647,-0.972147,0.024841,0.230152,3.736385,206.526500,356.563400
459.652,20,0.052320,1.700081,0.326933,0.034899,-0.929213,0.019091,0.367397,3.504227,223.056900,357.081000
459.764,20,0.055084,1.706039,0.383686,0.034504,-0.878717,0.012392,0.475934,3.131114,236.805400,357.196200
459.874,20,0.056407,1.707585,0.427693,0.042416,-0.837911,0.012315,0.544017,3.829439,245.876700,356.685800
459.986,20,0.056234,1.703892,0.468567,0.058391,-0.797040,0.019351,0.600786,5.797246,253.812000,355.975200
460.097,20,0.053955,1.701752,0.487824,0.065540,-0.780115,0.028216,0.621554,7.209467,256.847300,356.117100
460.208,20,0.049129,1.699194,0.496109,0.072730,-0.783587,0.046309,0.615270,9.327113,256.007600,356.688800
460.319,20,0.044462,1.696602,0.492260,0.072132,-0.801690,0.063333,0.589983,10.757880,252.475700,357.612600
460.430,20,0.040464,1.689157,0.477030,0.076616,-0.856414,0.108119,0.498995,15.168120,240.270600,358.615000
460.540,20,0.043598,1.684089,0.461131,0.077684,-0.900138,0.139102,0.405422,18.264960,228.231000,358.366900
460.651,20,0.051522,1.679858,0.444904,0.072583,-0.926176,0.165957,0.330739,20.819320,219.025500,358.487400
460.762,20,0.062255,1.673869,0.428630,0.068163,-0.940218,0.192294,0.272704,23.501460,212.046100,358.544200
460.873,20,0.068337,1.668542,0.417580,0.064435,-0.946688,0.203655,0.241155,24.624740,208.255500,358.501300
460.984,20,0.067808,1.664619,0.406754,0.054142,-0.951322,0.210603,0.218405,25.109710,205.704600,359.302700
461.095,20,0.058802,1.665486,0.397399,0.048142,-0.953575,0.206534,0.213823,24.486560,205.229500,359.780300
461.206,20,0.037129,1.665140,0.379951,0.043117,-0.961919,0.205798,0.174645,24.266530,200.431400,359.304500
461.317,20,0.008397,1.664650,0.360304,0.040372,-0.972683,0.193809,0.121230,22.756610,193.814200,358.039500
461.428,20,-0.044213,1.661984,0.326301,0.029636,-0.984064,0.173037,0.028245,20.012980,182.765500,357.038100
461.540,20,-0.091530,1.659782,0.293384,-0.000521,-0.984519,0.162117,-0.066640,18.619630,172.051400,358.755600
461.651,20,-0.143674,1.668577,0.251234,-0.033442,-0.966920,0.155501,-0.199415,18.303600,156.719600,0.160110
461.762,20,-0.186778,1.665826,0.230833,-0.062717,-0.944352,0.207049,-0.247783,24.969420,150.817600,1.001648
461.873,20,-0.231083,1.663945,0.224561,-0.075943,-0.938599,0.227787,-0.247747,27.725140,150.902000,1.922278
461.984,20,-0.269332,1.663219,0.229752,-0.080069,-0.938643,0.225277,-0.248573,27.562450,150.942300,2.477226
462.095,20,-0.297266,1.661600,0.241659,-0.081598,-0.934465,0.227990,-0.261032,27.949750,149.326300,2.171780
462.206,20,-0.328909,1.662658,0.263481,-0.089343,-0.928795,0.220478,-0.284162,27.408560,146.617500,2.625100
462.317,20,-0.351793,1.668076,0.287056,-0.084748,-0.918267,0.197120,-0.332787,24.735160,140.496400,1.542276
462.428,20,-0.387051,1.691739,0.337781,-0.023415,-0.862950,0.122746,-0.489595,13.578330,120.302400,355.292300
462.540,20,-0.434957,1.716098,0.385813,0.032288,-0.791408,0.052208,-0.608198,2.485187,104.772300,353.412600
462.652,20,-0.508037,1.727115,0.434131,0.045325,-0.739319,0.011191,-0.671735,357.458400,95.588950,355.288700
462.763,20,-0.565464,1.723708,0.466141,0.022232,-0.716773,0.007897,-0.696907,358.873200,91.634410,357.542100
462.874,20,-0.600662,1.705793,0.490947,-0.055542,-0.681265,0.066739,-0.726870,9.885355,86.182670,358.758600
462.985,20,-0.619797,1.654597,0.512446,-0.194672,-0.630096,0.173452,-0.731435,30.222670,81.335920,359.442100
463.096,20,-0.616494,1.606432,0.518437,-0.276998,-0.611985,0.238974,-0.701169,42.917260,82.349830,0.306355
463.205,20,-0.605167,1.556090,0.517617,-0.342453,-0.604637,0.300080,-0.653523,54.142950,86.644980,2.142672
463.311,20,-0.593651,1.530770,0.513139,-0.361673,-0.602688,0.329848,-0.630207,58.588710,88.689340,2.221874
463.412,20,-0.583988,1.526696,0.505943,-0.355608,-0.611255,0.337436,-0.621327,58.695350,90.019920,1.700526
463.522,20,-0.573958,1.571551,0.503478,-0.261663,-0.632364,0.283719,-0.671679,45.262120,84.840550,355.909900
463.635,20,-0.573925,1.657162,0.504834,-0.065765,-0.634994,0.142277,-0.756449,16.271300,78.893600,352.112600
463.746,20,-0.605577,1.726748,0.503525,0.097901,-0.531855,0.028152,-0.840686,352.260900,65.234410,351.207000
463.859,20,-0.614793,1.740995,0.503859,0.117466,-0.405373,0.015789,-0.906435,348.454300,48.925240,352.737400
463.971,20,-0.614794,1.729137,0.510216,0.045715,-0.183631,0.012163,-0.981856,355.106500,21.286630,357.660400
464.082,20,-0.609834,1.701265,0.503343,-0.069719,0.021484,0.010073,-0.997285,7.968396,357.438800,358.664200
464.192,20,-0.599629,1.675654,0.481118,-0.168811,0.187294,-0.026207,-0.967335,19.658260,337.952100,359.237400
464.304,20,-0.589992,1.654416,0.453339,-0.229211,0.298541,-0.064236,-0.924234,27.519050,323.910900,358.829300
464.413,20,-0.585259,1.626251,0.423644,-0.293005,0.399740,-0.086976,-0.864171,35.166070,308.483400,354.107300
464.524,20,-0.573902,1.597858,0.403220,-0.345934,0.435287,-0.098261,-0.825348,41.039270,300.402600,349.383400
464.635,20,-0.560018,1.592544,0.399519,-0.343959,0.431475,-0.098546,-0.828137,40.899200,301.154400,349.819400
464.746,20,-0.533403,1.608292,0.408444,-0.296621,0.401388,-0.075201,-0.863278,34.924900,307.736700,352.411000
464.857,20,-0.498700,1.637006,0.419464,-0.253261,0.341294,-0.045371,-0.904057,29.267970,317.073600,354.023000
464.969,20,-0.416392,1.684632,0.442383,-0.145938,0.079406,-0.002247,-0.986099,16.748740,350.627200,358.878400
465.081,20,-0.329233,1.703553,0.440457,-0.084425,-0.279414,0.005223,-0.956438,9.463171,32.749290,2.160596
465.192,20,-0.269930,1.696970,0.428408,-0.079166,-0.534677,0.044481,-0.840164,10.404170,64.997570,0.577460
465.303,20,-0.237934,1.682116,0.440321,-0.093781,-0.643106,0.082721,-0.755498,14.365020,80.778590,359.741600
465.413,20,-0.214282,1.668347,0.479159,-0.109774,-0.674423,0.112585,-0.721407,18.073830,86.006550,359.133900
465.524,20,-0.190422,1.655571,0.522840,-0.138935,-0.702575,0.169371,-0.677051,25.221770,91.636140,357.838500
465.636,20,-0.167015,1.648059,0.554665,-0.149586,-0.738154,0.206825,-0.624481,29.482930,98.887910,357.532200
465.746,20,-0.140452,1.641654,0.577386,-0.148291,-0.780814,0.244845,-0.555330,33.165310,108.334400,357.236100
465.856,20,-0.121678,1.640714,0.584838,-0.140237,-0.809008,0.262334,-0.506972,34.517140,115.007800,357.281100
465.967,20,-0.101481,1.643251,0.576380,-0.115190,-0.863259,0.262488,-0.415470,33.291980,128.204600,358.681500
466.078,20,-0.083460,1.650390,0.559182,-0.088159,-0.911616,0.229816,-0.329194,28.492970,140.445700,0.614497
466.188,20,-0.068386,1.671227,0.523543,-0.049182,-0.981014,0.117549,-0.146198,14.182780,163.504700,3.673915
466.301,20,-0.049139,1.682259,0.495776,-0.025524,-0.996253,0.079114,-0.023880,9.140347,177.472300,2.733150
466.412,20,-0.027388,1.688044,0.471966,0.001148,-0.994289,0.073338,0.077528,8.396168,188.955700,0.526395
466.524,20,-0.006324,1.695452,0.453610,0.025463,-0.981881,0.051994,0.180440,6.389819,200.725500,358.198600
466.636,20,0.016166,1.701240,0.440236,0.028283,-0.960993,0.043648,0.271638,5.696309,211.479500,358.235100
466.747,20,0.054777,1.699791,0.424823,0.035505,-0.931005,0.032382,0.361830,4.932880,222.371000,357.545000
466.858,20,0.095852,1.695973,0.415183,0.029885,-0.905298,0.024335,0.423025,3.976354,230.024400,358.074300
466.970,20,0.175501,1.719126,0.412409,-0.023766,-0.870235,-0.087808,0.484165,349.872400,238.405000,357.457800
467.082,20,0.260503,1.740451,0.414037,-0.080987,-0.831735,-0.170059,0.522244,338.439900,244.752700,357.355900
467.195,20,0.322505,1.748056,0.411023,-0.086279,-0.816657,-0.177423,0.542355,337.457100,247.815200,356.801500
467.307,20,0.384330,1.751009,0.405134,-0.100919,-0.806239,-0.181996,0.553779,336.093900,249.483300,357.564900
467.418,20,0.415658,1.752209,0.401089,-0.105827,-0.800121,-0.189303,0.559260,335.083300,250.496700,357.321000
467.529,20,0.433888,1.752196,0.392566,-0.112901,-0.793899,-0.191897,0.565821,334.376400,251.503700,357.591200
467.640,20,0.428002,1.749590,0.382418,-0.116249,-0.790985,-0.193744,0.568589,333.979500,251.956700,357.677400
467.751,20,0.401564,1.747398,0.372818,-0.119189,-0.794559,-0.199997,0.560778,333.160300,250.961700,357.758200
467.862,20,0.356227,1.745652,0.364268,-0.118676,-0.798377,-0.203089,0.554315,332.880300,250.098500,357.704100
467.973,20,0.297890,1.751023,0.359463,-0.122217,-0.801854,-0.215786,0.543626,331.383900,248.914600,357.478900
468.084,20,0.237307,1.761231,0.354941,-0.127441,-0.808084,-0.232285,0.526121,329.368800,246.835600,357.438600
468.195,20,0.188159,1.765707,0.347469,-0.136866,-0.814585,-0.241317,0.509397,327.819800,244.485900,358.451400
468.307,20,0.131514,1.772826,0.334041,-0.143935,-0.819374,-0.258541,0.490985,325.596100,242.248800,358.749600
468.418,20,0.090451,1.779278,0.319653,-0.155052,-0.820729,-0.277094,0.474954,322.977900,240.324900,359.375500
468.529,20,0.039913,1.781109,0.293998,-0.160561,-0.816438,-0.300913,0.465940,320.135300,239.920500,358.638400
468.641,20,0.001923,1.782412,0.268901,-0.165933,-0.812272,-0.311193,0.464586,318.721000,240.098100,358.506500
468.751,20,-0.033239,1.783643,0.251670,-0.172640,-0.807277,-0.336468,0.453088,315.598100,239.463500,357.901500
468.862,20,-0.070103,1.788338,0.244405,-0.165688,-0.807923,-0.355543,0.439770,313.926400,238.702400,356.281800
468.973,20,-0.109943,1.790078,0.241767,-0.166134,-0.806608,-0.385429,0.416207,310.529500,236.736200,355.337200
469.084,20,-0.156514,1.787887,0.240562,-0.163210,-0.813966,-0.409136,0.378722,307.845600,231.925900,355.868500
469.195,20,-0.202511,1.788773,0.240690,-0.156198,-0.827977,-0.423406,0.332842,306.378300,224.932600,357.758500
469.307,20,-0.259672,1.799281,0.240307,-0.148000,-0.846221,-0.438055,0.264789,304.939100,213.785900,1.850777
469.418,20,-0.293592,1.807968,0.239487,-0.130836,-0.860948,-0.449006,0.200112,304.360300,203.724600,4.632480
469.528,20,-0.324197,1.813665,0.239913,-0.110427,-0.872058,-0.458238,0.131676,304.075400,193.254000,7.374928
469.640,20,-0.343968,1.816737,0.243180,-0.093117,-0.874869,-0.465977,0.093802,303.611900,188.032200,7.840090
469.751,20,-0.359164,1.817480,0.247270,-0.077868,-0.873400,-0.475602,0.070087,302.680300,185.138400,7.379630
469.862,20,-0.369367,1.817800,0.246361,-0.060761,-0.873579,-0.480111,0.051589,302.317500,183.409000,6.079719
469.973,20,-0.374147,1.817330,0.242269,-0.052243,-0.873443,-0.482961,0.033410,302.094900,180.852100,6.374498
470.085,20,-0.375697,1.817801,0.236714,-0.042181,-0.873173,-0.485234,0.018356,301.903900,179.037200,6.066142
470.196,20,-0.374203,1.818250,0.232262,-0.034088,-0.874767,-0.483266,0.008631,302.212300,178.081400,5.522040
470.307,20,-0.367148,1.818114,0.228581,-0.028517,-0.875944,-0.481568,-0.000882,302.477500,176.903000,5.429459
470.418,20,-0.358129,1.817906,0.225662,-0.025586,-0.877156,-0.479497,-0.005075,302.761800,176.457100,5.275299
470.529,20,-0.342489,1.817168,0.221752,-0.022579,-0.877878,-0.478170,-0.013224,302.970400,175.276800,5.513773
470.640,20,-0.325301,1.815874,0.217527,-0.019975,-0.881588,-0.471207,-0.019187,303.895700,174.582200,5.484473
470.751,20,-0.294416,1.812684,0.214709,-0.016065,-0.884730,-0.465355,-0.020963,304.638600,174.746400,4.837903
470.862,20,-0.261651,1.810742,0.214649,-0.014657,-0.883670,-0.467743,-0.011320,304.276400,176.567700,3.715185
470.973,20,-0.230149,1.806719,0.211577,-0.012339,-0.886404,-0.462715,0.005598,304.870900,179.850200,1.673218
471.084,20,-0.203676,1.805076,0.207972,-0.016116,-0.889675,-0.455797,0.021656,305.735700,182.339600,0.876483
471.196,20,-0.191863,1.803884,0.205131,-0.010807,-0.892045,-0.449418,0.046502,306.601000,187.056700,357.835800
471.307,20,-0.191136,1.800351,0.203430,-0.008302,-0.896008,-0.437119,0.077642,308.315100,192.281300,355.096100
471.418,20,-0.198450,1.793862,0.202128,-0.007250,-0.897682,-0.432907,0.081895,308.884600,192.956900,354.708800
471.529,20,-0.212909,1.768152,0.197760,-0.010606,-0.897393,-0.432402,0.087194,308.929700,193.559500,354.853100
471.640,20,-0.228156,1.731601,0.190786,-0.015657,-0.899681,-0.427361,0.087702,309.491100,193.126400,355.780800
471.751,20,-0.243855,1.695727,0.182797,-0.017130,-0.901976,-0.422715,0.086359,310.047100,192.686600,356.247600
471.862,20,-0.260206,1.672085,0.176751,-0.014206,-0.901626,-0.425536,0.076083,309.690100,191.297000,356.486800
471.973,20,-0.274696,1.666945,0.175356,-0.011972,-0.901044,-0.428305,0.067323,309.334900,190.091600,356.735600
472.084,20,-0.284311,1.670334,0.175543,-0.013185,-0.900038,-0.430966,0.063445,308.972700,189.410800,357.179300
472.196,20,-0.289130,1.673015,0.175367,-0.012855,-0.902416,-0.427081,0.055520,309.444900,188.073100,357.815100
472.307,20,-0.287405,1.682022,0.180153,-0.009398,-0.901518,-0.429775,0.049705,309.119300,187.425700,357.658300
472.418,20,-0.274642,1.694187,0.184789,-0.002641,-0.902004,-0.429252,0.046102,309.229700,187.349400,356.844400
472.529,20,-0.243238,1.709766,0.192567,-0.002370,-0.899104,-0.435215,0.046838,308.479600,187.587600,356.636500
472.640,20,-0.208257,1.724066,0.198084,-0.009603,-0.894056,-0.442865,0.066645,307.517000,190.469600,356.058800
472.751,20,-0.175851,1.740180,0.200868,-0.011929,-0.891235,-0.442763,0.097568,307.670400,195.503300,353.881600
472.862,20,-0.148867,1.755471,0.202699,-0.011593,-0.889338,-0.439067,0.127140,308.380500,200.354600,351.569600
472.974,20,-0.128305,1.764183,0.206121,-0.010186,-0.887755,-0.435442,0.148924,309.089200,203.909000,349.804400
473.085,20,-0.116079,1.765354,0.211148,-0.010157,-0.884555,-0.438631,0.158309,308.812400,205.634100,348.877500
473.196,20,-0.111378,1.763956,0.215717,-0.009015,-0.882459,-0.440109,0.165798,308.762800,207.045500,348.013600
473.307,20,-0.109097,1.762595,0.218818,-0.009068,-0.880513,-0.441189,0.173110,308.731700,208.323400,347.372600
473.418,20,-0.107103,1.763275,0.217777,-0.013956,-0.880571,-0.439477,0.176807,308.838500,208.487000,347.959000
473.529,20,-0.104734,1.764526,0.213997,-0.018868,-0.882820,-0.434444,0.177570,309.306200,207.973100,348.990500
473.641,20,-0.103544,1.764928,0.211980,-0.022352,-0.883978,-0.432091,0.177148,309.480900,207.528800,349.710700
473.751,20,-0.103319,1.764834,0.211804,-0.022910,-0.885268,-0.428975,0.178205,309.853900,207.495800,349.904800
473.863,20,-0.100260,1.765635,0.213115,-0.017823,-0.891812,-0.411705,0.186688,312.184900,208.294600,349.538500
473.974,20,-0.086843,1.764545,0.217650,-0.005141,-0.914237,-0.346792,0.209476,320.487000,209.462500,349.855000
474.084,20,-0.061567,1.752308,0.227909,0.022966,-0.941274,-0.234540,0.241800,334.505400,211.080500,350.005200
474.195,20,-0.035268,1.743381,0.241421,0.041856,-0.953197,-0.147931,0.260348,344.916900,211.793500,350.652900
474.306,20,-0.002545,1.737037,0.262784,0.055374,-0.959652,-0.077259,0.264637,353.167000,211.343600,351.476000
474.416,20,0.016066,1.735036,0.277523,0.059428,-0.959710,-0.051891,0.269689,356.126900,211.669100,351.814300
474.526,20,0.032885,1.730235,0.291150,0.058884,-0.963644,-0.012238,0.260332,0.405238,210.211200,353.115900
474.637,20,0.041639,1.726304,0.298397,0.059217,-0.968393,0.011586,0.242020,2.929266,207.903200,353.729300
474.748,20,0.052766,1.726834,0.309202,0.062959,-0.971069,0.027293,0.228729,4.692472,206.248800,353.675500
474.860,20,0.063521,1.729555,0.325780,0.052980,-0.972806,0.021760,0.224427,3.790933,205.804100,354.634100
474.971,20,0.071557,1.728346,0.356788,0.051444,-0.975493,0.025451,0.212415,4.100706,204.384400,354.848800
475.082,20,0.074059,1.725703,0.401165,0.047285,-0.976744,0.015886,0.208526,2.909204,203.977200,355.074800
475.194,20,0.069948,1.726745,0.452483,0.030020,-0.974322,-0.020128,0.222238,358.517100,205.748100,356.131500
475.305,20,0.063311,1.735339,0.501345,0.016470,-0.970806,-0.049448,0.234138,354.934300,207.259500,356.827100
475.416,20,0.060337,1.744643,0.537755,0.008408,-0.966250,-0.076817,0.245741,351.702300,208.765400,356.871600
475.528,20,0.059709,1.748410,0.571061,0.000607,-0.963592,-0.092596,0.250830,349.738300,209.430500,357.226000
475.639,20,0.059116,1.749913,0.587697,0.000110,-0.963341,-0.096163,0.250453,349.326000,209.410400,357.178100
475.750,20,0.056225,1.752416,0.601055,-0.003782,-0.962565,-0.110328,0.247551,347.627400,209.146600,357.221900
475.862,20,0.052108,1.753610,0.606827,-0.002761,-0.961350,-0.120571,0.247512,346.515200,209.255000,356.794500
475.973,20,0.047292,1.754895,0.609318,-0.006003,-0.957987,-0.129671,0.255754,345.432700,210.310400,356.752600
476.084,20,0.042977,1.757162,0.608291,-0.001567,-0.955915,-0.141234,0.257444,344.286800,210.719500,355.846500
476.196,20,0.040613,1.758470,0.606351,-0.002600,-0.954599,-0.144778,0.260332,343.873200,211.104500,355.796400
476.307,20,0.038567,1.759492,0.604441,-0.003129,-0.954089,-0.151493,0.258370,343.100600,210.949000,355.665700
476.418,20,0.037609,1.759685,0.603512,-0.004671,-0.953098,-0.154808,0.260031,342.691000,211.175900,355.698600
476.528,20,0.037007,1.760736,0.601448,-0.003671,-0.952860,-0.158284,0.258826,342.329300,211.094800,355.489000
476.640,20,0.037214,1.761395,0.599091,-0.004653,-0.953190,-0.160339,0.256317,342.058000,210.800200,355.579700
476.750,20,0.038342,1.761638,0.595971,-0.009588,-0.954105,-0.162492,0.251374,341.645900,210.139100,356.170100
476.862,20,0.038436,1.762261,0.594795,-0.013050,-0.953802,-0.166151,0.249972,341.126800,209.957600,356.475400
476.973,20,0.036766,1.763045,0.595501,-0.013569,-0.953102,-0.169461,0.250390,340.742000,210.047200,356.417000
477.084,20,0.034182,1.763309,0.596385,-0.009491,-0.951433,-0.168830,0.257257,340.965100,210.960700,355.826100
477.195,20,0.033130,1.762353,0.596551,-0.007115,-0.951113,-0.166067,0.260299,341.361200,211.336300,355.586400
477.307,20,0.034029,1.761903,0.596645,-0.007611,-0.952123,-0.163064,0.258485,341.672500,211.058000,355.782900
477.417,20,0.035297,1.762115,0.597749,-0.008987,-0.951967,-0.166031,0.257122,341.292700,210.910400,355.866700
477.528,20,0.036305,1.762370,0.598846,-0.010050,-0.951180,-0.169652,0.257631,340.857500,211.009700,355.854300
477.639,20,0.036829,1.762293,0.598497,-0.011160,-0.951780,-0.169518,0.255449,340.829000,210.717500,356.032000
477.750,20,0.036785,1.761909,0.598005,-0.012641,-0.953283,-0.167649,0.250968,340.975100,210.109200,356.358200
477.861,20,0.036906,1.761271,0.598572,-0.012127,-0.954715,-0.165487,0.246953,341.217500,209.592100,356.452600
477.972,20,0.036605,1.760523,0.600499,-0.013082,-0.955728,-0.163453,0.244330,341.408100,209.224100,356.681400
478.083,20,0.033535,1.760048,0.603340,-0.012691,-0.956900,-0.159996,0.242039,341.799400,208.903500,356.791900
478.194,20,0.029491,1.759712,0.606073,-0.010435,-0.956980,-0.157290,0.243599,342.173800,209.097900,356.587900
478.306,21,0.024727,1.759375,0.609716,-0.008513,-0.955893,-0.155957,0.248745,342.398700,209.743500,356.312000
478.417,21,0.022018,1.758911,0.612322,-0.007464,-0.955870,-0.153926,0.250129,342.662500,209.903000,356.231900
478.528,21,0.019245,1.757968,0.614868,-0.005903,-0.956924,-0.150720,0.248083,343.059200,209.634900,356.194800
478.640,21,0.017408,1.757318,0.616124,-0.004236,-0.958018,-0.147317,0.245929,343.480100,209.353400,356.151800
478.750,21,0.015957,1.755813,0.615833,-0.003327,-0.961064,-0.137085,0.239901,344.627600,208.508200,356.469400
478.861,21,0.015353,1.754015,0.614032,-0.003443,-0.964767,-0.126568,0.230635,345.770500,207.271300,356.940300
478.972,21,0.014863,1.749222,0.609245,-0.004298,-0.971854,-0.096131,0.215035,349.123200,205.136100,358.074900
479.082,21,0.018022,1.735804,0.598430,-0.003774,-0.984692,-0.021367,0.172950,357.513400,199.923400,0.002328
479.192,21,0.026415,1.715663,0.587244,-0.003974,-0.991855,0.071188,0.105551,8.069634,192.242400,1.326007
479.303,21,0.037601,1.690897,0.579356,-0.006839,-0.986700,0.158408,0.035810,18.186620,184.396900,1.498319
479.414,21,0.048908,1.670898,0.574003,-0.017152,-0.976526,0.214187,-0.015032,24.761030,178.611000,1.707572
479.525,21,0.065542,1.653776,0.569073,-0.032734,-0.963269,0.254206,-0.080129,29.668610,170.879700,1.472221
479.636,21,0.078625,1.638152,0.565405,-0.037633,-0.947600,0.291748,-0.124582,34.214820,164.991200,359.905100
479.747,21,0.089351,1.616147,0.559729,-0.041971,-0.925658,0.346119,-0.146962,40.776680,161.281500,358.181500
479.858,21,0.093655,1.606817,0.553803,-0.043841,-0.916265,0.369864,-0.147433,43.686710,160.805700,357.723800
479.970,21,0.096705,1.604666,0.546210,-0.040152,-0.915439,0.374325,-0.142268,44.168240,161.262800,357.363400
480.079,21,0.094939,1.606503,0.541258,-0.034548,-0.920053,0.367385,-0.131673,43.245450,162.675900,357.389400
480.189,21,0.087951,1.616487,0.533245,-0.024119,-0.933850,0.341240,-0.104397,39.968700,166.530000,358.040800
480.302,21,0.071160,1.634526,0.520585,-0.003498,-0.954315,0.296891,-0.033555,34.533630,175.686100,359.078600
480.413,21,0.040329,1.658293,0.504946,0.006021,-0.967917,0.227771,0.105924,26.244500,193.035900,2.338524
480.524,21,0.005574,1.680402,0.492738,0.019849,-0.949163,0.151126,0.275420,17.326690,212.779400,2.735916
480.636,21,-0.023937,1.690507,0.488283,0.046322,-0.887773,0.110898,0.444314,13.772560,233.290400,0.961615
480.748,21,-0.047954,1.688590,0.486784,0.096656,-0.754987,0.092045,0.642013,15.253730,260.532400,358.351100
480.864,21,-0.059474,1.679744,0.478647,0.149329,-0.641824,0.101972,0.745228,20.699400,278.082600,357.567600
480.969,21,-0.075865,1.644920,0.455186,0.242945,-0.596482,0.178332,0.743899,35.043370,282.011000,358.285000
481.080,21,-0.090064,1.609852,0.445611,0.319695,-0.546458,0.216680,0.743121,45.394410,286.407700,357.767000
481.191,21,-0.098770,1.584246,0.449007,0.369772,-0.503229,0.229351,0.746610,51.534540,290.717900,357.264400
481.302,21,-0.092968,1.581679,0.470238,0.382344,-0.443904,0.206255,0.783723,51.482480,300.228500,358.513600
481.412,21,-0.063819,1.612041,0.510462,0.326643,-0.344903,0.143833,0.868135,41.786530,317.381200,1.876255
481.524,21,-0.010846,1.653285,0.548607,0.219596,-0.182306,0.075823,0.955402,26.567420,339.375300,4.155693
481.637,21,0.029264,1.692841,0.562746,0.099543,-0.091394,0.028364,0.990421,11.675260,349.683000,2.223211
481.749,21,0.072590,1.730005,0.568482,-0.052680,0.037857,0.001955,0.997892,353.956400,4.345462,-0.004973
481.862,21,0.105218,1.737601,0.571846,-0.095475,0.207407,0.003858,0.973577,349.192800,24.229720,358.127700
481.973,21,0.120349,1.735388,0.578687,-0.081185,0.345519,-0.001464,0.934892,351.327400,40.825600,356.587800
482.084,21,0.114956,1.726016,0.590419,-0.051138,0.430045,-0.011153,0.901289,355.262600,51.168390,356.312900
482.195,21,0.103163,1.717337,0.601404,-0.024643,0.486988,-0.030614,0.872524,359.244500,58.364230,355.559100
482.306,21,0.080334,1.708322,0.604467,0.003853,0.571481,-0.055290,0.818742,3.985477,69.657550,355.046900
482.416,21,0.055209,1.703405,0.595767,0.029173,0.645345,-0.061913,0.760819,7.140414,80.406930,356.732500
482.527,21,0.019694,1.698654,0.576914,0.043999,0.715241,-0.069600,0.694011,9.243636,91.568120,358.045300
482.638,21,0.000372,1.698759,0.558645,0.041055,0.762846,-0.076726,0.640698,9.768517,99.770300,357.925200
482.748,21,-0.009093,1.696557,0.537249,0.047345,0.804794,-0.085640,0.585433,11.144230,107.796200,358.594400
482.859,21,-0.007063,1.694596,0.523764,0.052144,0.823649,-0.085493,0.558189,11.481150,111.692700,359.441900
482.970,21,0.007544,1.691342,0.505167,0.062242,0.840608,-0.081130,0.531905,11.689700,115.461600,1.072876
483.081,21,0.036407,1.687788,0.483019,0.055365,0.844751,-0.094587,0.523817,12.580310,116.359200,359.674000
483.192,21,0.079345,1.681738,0.454920,0.056844,0.844020,-0.100280,0.523778,13.227810,116.292500,359.464800
483.304,21,0.134528,1.681367,0.421944,0.050737,0.838641,-0.104654,0.532123,13.269440,115.029300,358.453000
483.415,21,0.189264,1.683239,0.393105,0.048558,0.833057,-0.102328,0.541467,12.889680,113.755600,358.241700
483.527,21,0.256843,1.688554,0.359869,0.051255,0.822803,-0.099640,0.557171,12.772660,111.615700,358.432000
483.638,21,0.299634,1.691879,0.339873,0.048538,0.814061,-0.097372,0.570498,12.351880,109.750400,358.118400
483.749,21,0.344217,1.695716,0.323101,0.051647,0.801538,-0.096058,0.587913,12.398920,107.289100,358.230800
483.861,21,0.377902,1.695535,0.316094,0.050026,0.788380,-0.095058,0.605738,12.150960,104.701100,357.873100
483.972,21,0.408586,1.694857,0.314835,0.048478,0.780834,-0.095906,0.615426,12.089700,103.249300,357.518400
484.083,21,0.437873,1.694825,0.320112,0.052086,0.774089,-0.096346,0.623532,12.363660,102.045700,357.681800
484.194,21,0.461440,1.694956,0.329218,0.052183,0.768259,-0.093718,0.631089,12.114360,100.959900,357.766200
484.306,21,0.491515,1.696751,0.344482,0.053759,0.765847,-0.091887,0.634149,12.059330,100.536400,357.996000
484.417,21,0.519010,1.699479,0.357361,0.050053,0.766145,-0.088602,0.634560,11.495320,100.523000,357.909200
484.528,21,0.556803,1.696090,0.372340,0.054853,0.765910,-0.087534,0.634595,11.753670,100.550000,358.415400
484.640,21,0.582791,1.694649,0.383171,0.056582,0.765894,-0.088949,0.634266,12.006750,100.579900,358.467300
484.750,21,0.608590,1.693604,0.394317,0.057622,0.767700,-0.089837,0.631859,12.166540,100.931000,358.531200
484.862,21,0.621008,1.691919,0.396498,0.055987,0.771441,-0.090814,0.627294,12.143160,101.595900,358.385000
484.973,21,0.620987,1.690694,0.392219,0.055988,0.770770,-0.097036,0.627187,12.698180,101.496900,357.919800
485.084,21,0.606940,1.689504,0.382976,0.057846,0.763245,-0.093282,0.636718,12.477510,100.133000,358.210700
485.195,21,0.586174,1.689786,0.368950,0.058377,0.752209,-0.090042,0.650128,12.202390,98.143460,358.284900
485.306,21,0.555880,1.691581,0.347880,0.053599,0.742191,-0.085065,0.662604,11.379070,96.291910,358.061200
485.417,21,0.532516,1.691856,0.332224,0.054509,0.736896,-0.083138,0.668656,11.269470,95.381250,358.197500
485.528,21,0.502448,1.691301,0.313683,0.056837,0.728391,-0.079423,0.678165,11.115710,93.948550,358.544500
485.639,21,0.480699,1.691444,0.299658,0.055361,0.721869,-0.078452,0.685336,10.902910,92.820570,358.389100
485.750,21,0.456049,1.688267,0.285459,0.065670,0.703465,-0.089383,0.702022,12.589220,89.903180,358.056100
485.862,21,0.434842,1.683895,0.274488,0.084577,0.674783,-0.101962,0.726029,15.094670,85.543040,357.987200
485.972,21,0.412565,1.681529,0.262699,0.092558,0.656463,-0.114417,0.739864,16.689250,82.744260,357.140600
486.082,21,0.387782,1.680239,0.254691,0.098729,0.646489,-0.118989,0.747091,17.539880,81.276920,356.985900
486.193,21,0.359634,1.679599,0.249859,0.098550,0.640421,-0.119645,0.752219,17.548190,80.321400,356.767100
486.304,21,0.327687,1.682862,0.249033,0.091294,0.638261,-0.117072,0.755370,16.700310,79.863040,356.388900
486.415,21,0.294787,1.686682,0.253776,0.082290,0.632166,-0.108244,0.762809,15.212470,78.814470,356.369800
486.527,21,0.241939,1.689305,0.264917,0.068667,0.617311,-0.096869,0.777708,13.085290,76.436980,356.120900
486.638,21,0.193264,1.687115,0.273750,0.070742,0.616183,-0.095771,0.778551,13.189760,76.297710,356.352100
486.749,21,0.135973,1.686713,0.282125,0.069148,0.620581,-0.091340,0.775728,12.747110,76.952500,356.715200
486.860,21,0.104252,1.687703,0.286807,0.075281,0.626377,-0.101597,0.769197,14.068830,77.861370,356.336000
486.971,21,0.091983,1.692171,0.291056,0.073618,0.633493,-0.105087,0.763036,14.210730,78.905780,356.031100
487.082,21,0.090536,1.694887,0.294939,0.070795,0.632554,-0.102694,0.764406,13.777460,78.735050,356.018600
487.193,21,0.097910,1.699108,0.300487,0.060797,0.626213,-0.103138,0.770405,12.876440,77.661010,355.129200
487.305,21,0.103488,1.701421,0.306266,0.059930,0.616663,-0.103632,0.778072,12.771920,76.221880,354.861200
487.416,21,0.102804,1.703905,0.311446,0.056442,0.601477,-0.096811,0.790991,11.873380,73.979350,355.002100
487.527,21,0.087862,1.708699,0.317923,0.053927,0.569460,-0.089049,0.815400,10.915610,69.391390,355.104000
487.638,21,0.067237,1.712483,0.321680,0.050109,0.551063,-0.077925,0.829305,9.729372,66.840300,355.692900
487.749,21,0.037127,1.713762,0.323886,0.052208,0.540526,-0.065875,0.837118,9.127029,65.450950,356.873400
487.861,21,0.010339,1.712732,0.322508,0.058076,0.541453,-0.057225,0.836769,9.158307,65.658990,358.091600
487.971,21,-0.011943,1.712918,0.319567,0.058226,0.540394,-0.054654,0.837614,9.010210,65.526050,358.339000
488.083,21,-0.029296,1.712958,0.317266,0.056608,0.537106,-0.054865,0.839823,8.859787,65.060740,358.182100
488.194,21,-0.040345,1.712319,0.315989,0.056424,0.535197,-0.055841,0.840989,8.898021,64.793260,358.055200
488.306,21,-0.047529,1.711992,0.317066,0.055034,0.533753,-0.054452,0.842089,8.674133,64.591700,358.089500
488.416,21,-0.043086,1.710340,0.321516,0.051028,0.538548,-0.048923,0.839624,7.954334,65.244100,358.426700
488.527,21,-0.022527,1.706599,0.330698,0.054629,0.542985,-0.049187,0.836519,8.326385,65.878400,358.670000
488.638,21,0.006338,1.704985,0.339572,0.049142,0.542281,-0.048931,0.837330,7.779744,65.744040,358.343300
488.749,21,0.062398,1.700174,0.353235,0.044933,0.542881,-0.046180,0.837334,7.203237,65.810520,358.351000
488.861,21,0.129983,1.696876,0.370500,0.045900,0.541029,-0.049921,0.838265,7.525648,65.548210,358.033000
488.972,21,0.203115,1.694938,0.392370,0.041186,0.538119,-0.052594,0.840218,7.227718,65.114460,357.454800
489.083,21,0.266520,1.692579,0.413882,0.043805,0.532827,-0.054426,0.843336,7.578473,64.397280,357.391200
489.194,21,0.311801,1.690382,0.430332,0.044515,0.528163,-0.055117,0.846182,7.675184,63.763010,357.324900
489.306,21,0.359034,1.685432,0.446212,0.045678,0.527374,-0.058989,0.846351,8.021146,63.645550,357.008800
489.417,21,0.388530,1.680791,0.453805,0.050150,0.533067,-0.062376,0.842279,8.683830,64.431120,357.007400
489.528,21,0.421659,1.676563,0.455336,0.053537,0.552243,-0.068696,0.829121,9.477001,67.067870,356.816100
489.640,21,0.446985,1.673361,0.451149,0.048173,0.572708,-0.073929,0.814997,9.392796,69.880290,356.203500
489.750,21,0.479579,1.667001,0.440846,0.045277,0.604033,-0.082599,0.791373,9.871993,74.324520,355.573600
489.862,21,0.504617,1.662183,0.427149,0.042048,0.639025,-0.086739,0.763122,10.080550,79.480160,355.418400
489.973,21,0.525304,1.658374,0.411076,0.037480,0.675801,-0.085632,0.731134,9.819530,85.122630,355.660400
490.084,21,0.544770,1.654532,0.394192,0.032225,0.705640,-0.083128,0.702939,9.359103,89.879910,355.850900
490.195,21,0.561235,1.650314,0.381542,0.026948,0.721432,-0.081603,0.687132,8.903742,92.458680,355.747300
490.306,21,0.582449,1.643476,0.369810,0.022371,0.731801,-0.078036,0.676666,8.307695,94.176640,355.777000
490.418,21,0.598291,1.637428,0.364354,0.020310,0.734209,-0.076561,0.674288,8.037028,94.573180,355.747400
490.528,21,0.615112,1.631071,0.360269,0.017032,0.735075,-0.074440,0.673672,7.607501,94.701930,355.645700
490.639,21,0.624493,1.627655,0.358362,0.012923,0.734858,-0.069561,0.674521,6.872981,94.643020,355.676400
490.750,21,0.633330,1.622985,0.356707,0.008556,0.735785,-0.066132,0.673924,6.249027,94.784050,355.583700
490.862,21,0.634119,1.620635,0.356450,0.011377,0.734464,-0.065808,0.675353,6.432595,94.567630,355.834800
490.973,21,0.620330,1.627667,0.355674,0.011061,0.733305,-0.063729,0.676816,6.225259,94.368240,355.959700
491.084,21,0.593391,1.639858,0.352951,0.003711,0.732889,-0.058054,0.677857,5.170845,94.277270,355.781200
491.195,21,0.559427,1.653476,0.347648,-0.004951,0.732175,-0.052083,0.679104,3.987771,94.150960,355.516100
491.306,21,0.499343,1.672410,0.337112,-0.019068,0.736035,-0.045082,0.675172,2.327714,94.835290,354.892800
491.417,21,0.442119,1.682802,0.329436,-0.020408,0.742288,-0.048427,0.668017,2.557844,95.907300,354.543400
491.527,21,0.366856,1.694658,0.323887,-0.019955,0.747576,-0.046205,0.662266,2.444566,96.813930,354.772000
491.638,21,0.311879,1.699617,0.319536,-0.022487,0.746585,-0.036686,0.663897,1.427912,96.651210,355.278400
491.749,21,0.256120,1.701747,0.316667,-0.015088,0.731525,-0.047087,0.680020,2.772517,94.059670,355.054000
491.860,21,0.210530,1.705716,0.319103,0.002480,0.700183,-0.050667,0.712159,4.271579,88.881030,356.050100
491.970,21,0.143798,1.709437,0.322837,0.011661,0.641559,-0.061174,0.764542,5.527491,79.784070,355.472100
492.082,21,0.093983,1.712108,0.323292,0.025252,0.602877,-0.065733,0.794720,6.857173,74.111810,355.723800
492.194,21,0.056407,1.713849,0.321917,0.031046,0.589367,-0.060873,0.804970,6.992218,72.203450,356.453100
492.305,21,0.029408,1.716508,0.319023,0.029283,0.581241,-0.059304,0.811039,6.686636,71.045780,356.412000
492.416,21,0.013502,1.718172,0.315519,0.027353,0.573750,-0.055126,0.816715,6.196374,69.993660,356.617500
492.528,21,0.000692,1.719511,0.307105,0.030598,0.565424,-0.053959,0.822465,6.393140,68.840540,356.876100
492.638,21,-0.007762,1.719920,0.296216,0.031930,0.558604,-0.052184,0.827175,6.380066,67.900670,357.078100
492.749,21,-0.018394,1.721060,0.277930,0.031267,0.547613,-0.046549,0.834851,5.922806,66.395450,357.494700
492.861,21,-0.027809,1.724072,0.259818,0.035470,0.534928,-0.045400,0.842931,6.221330,64.677930,357.775300
492.971,21,-0.039321,1.726448,0.241087,0.035399,0.529133,-0.043301,0.846694,6.071486,63.896260,357.933100
493.083,21,-0.053412,1.726799,0.224195,0.039936,0.524725,-0.039414,0.849421,6.269658,63.331840,358.556200
493.194,21,-0.066283,1.726230,0.212574,0.043972,0.513164,-0.035587,0.856425,6.421485,61.808310,359.087500
493.305,21,-0.079988,1.724759,0.199809,0.050446,0.500022,-0.030988,0.863987,6.785886,60.108600,359.821300
493.416,21,-0.088597,1.723725,0.191505,0.051623,0.485818,-0.029219,0.872045,6.801229,58.241760,359.953700
493.527,21,-0.097271,1.723314,0.181387,0.049716,0.473599,-0.029985,0.878825,6.648963,56.621680,359.676200
493.638,21,-0.102673,1.723580,0.173737,0.047087,0.470956,-0.027887,0.880458,6.268166,56.269540,359.726000
493.749,21,-0.107374,1.723512,0.164512,0.043502,0.469187,-0.026855,0.881618,5.848857,56.023630,359.623900
493.861,21,-0.109730,1.722740,0.157148,0.042955,0.469732,-0.028158,0.881314,5.863923,56.087040,359.465600
493.971,21,-0.111330,1.722090,0.150914,0.042644,0.470382,-0.030535,0.880903,5.961357,56.161360,359.212000
494.083,21,-0.112004,1.721331,0.146283,0.042789,0.471355,-0.031434,0.880344,6.025457,56.285590,359.135300
494.194,21,-0.112555,1.720523,0.143294,0.043211,0.470555,-0.032097,0.880727,6.103270,56.180660,359.085400
494.305,22,-0.112903,1.720022,0.141069,0.043028,0.470245,-0.033457,0.880851,6.157933,56.133990,358.935300
494.416,22,-0.112961,1.719737,0.140183,0.044161,0.470153,-0.034471,0.880805,6.327306,56.123360,358.893200
494.527,22,-0.112819,1.719417,0.138708,0.044043,0.470408,-0.036532,0.880592,6.427019,56.147740,358.679400
494.638,22,-0.112392,1.719237,0.138636,0.044626,0.471948,-0.037776,0.879686,6.555743,56.346390,358.596200
494.748,22,-0.111964,1.718670,0.138913,0.046409,0.473314,-0.040120,0.878755,6.865692,56.523430,358.466000
494.860,22,-0.112368,1.718338,0.140938,0.047296,0.469692,-0.040043,0.880653,6.945147,56.054570,358.493400
494.971,22,-0.111771,1.717414,0.146417,0.052863,0.458287,-0.040756,0.886294,7.530828,54.594860,358.624800
495.082,22,-0.110258,1.713131,0.158281,0.064951,0.435719,-0.046890,0.896511,9.051427,51.714790,358.405800
495.193,22,-0.110569,1.706478,0.176162,0.091074,0.414213,-0.052095,0.904112,11.995800,49.113710,358.901600
495.304,22,-0.109702,1.699692,0.197856,0.114793,0.415928,-0.063174,0.899909,15.020100,49.469310,358.919700
495.415,22,-0.108567,1.698420,0.221087,0.116179,0.439127,-0.070036,0.888124,15.537710,52.438110,358.669800
495.526,22,-0.109055,1.699600,0.254759,0.098711,0.506808,-0.062035,0.854139,13.385720,61.325100,359.651400
495.638,22,-0.114095,1.702076,0.281273,0.068655,0.593937,-0.050459,0.799987,9.775302,73.186990,0.047744
495.748,22,-0.129377,1.709764,0.321162,0.028548,0.704922,-0.039334,0.707617,5.500664,89.738740,359.112500
495.859,22,-0.144572,1.714557,0.356859,-0.001813,0.762035,-0.043204,0.646090,3.640965,99.307210,356.634300
495.970,22,-0.168318,1.716829,0.397864,-0.010630,0.802414,-0.046102,0.594889,3.516667,106.768600,355.868500
496.082,22,-0.190057,1.718921,0.422480,-0.008821,0.822038,-0.054174,0.566782,4.534947,110.655700,355.632600
496.192,22,-0.216333,1.711298,0.438003,0.007452,0.822540,-0.088922,0.561662,8.896761,110.950300,354.911300
496.304,22,-0.244552,1.709939,0.440584,0.015657,0.823403,-0.102824,0.557843,10.766010,111.276100,354.805900
496.414,22,-0.265743,1.715664,0.436688,0.025464,0.826175,-0.111006,0.551783,12.211590,112.018800,355.279800
496.525,22,-0.287537,1.708752,0.433468,0.031814,0.827994,-0.119340,0.546966,13.440050,112.561800,355.408100
496.636,22,-0.301063,1.705646,0.434371,0.032865,0.824648,-0.118182,0.552186,13.368490,111.859800,355.501200
496.747,22,-0.314425,1.715198,0.438479,0.020159,0.834287,-0.095569,0.542610,10.447850,113.547300,355.913800
496.859,22,-0.317422,1.719889,0.445307,0.013324,0.847976,-0.069188,0.525331,7.547001,116.251500,357.103400
496.970,22,-0.310078,1.721433,0.461679,0.010258,0.865232,-0.058779,0.497808,6.426511,120.040300,357.648600
497.081,22,-0.292834,1.723642,0.483278,0.003534,0.876872,-0.046275,0.478479,4.849357,122.667600,357.809500
497.193,22,-0.266261,1.725410,0.509292,-0.003311,0.886073,-0.038503,0.461932,3.736853,124.854100,357.620000
497.304,22,-0.233070,1.729073,0.535375,-0.012802,0.898091,-0.032179,0.438445,2.669462,127.888600,357.061300
497.415,22,-0.202142,1.731269,0.554791,-0.018619,0.913434,-0.031652,0.405326,2.449057,132.069400,356.575800
497.526,22,-0.164643,1.730622,0.576584,-0.019713,0.928676,-0.030645,0.369099,2.428181,136.577600,356.601000
497.638,22,-0.140254,1.728596,0.594469,-0.016142,0.934581,-0.037158,0.353436,3.327524,138.475000,356.759100
497.748,22,-0.115392,1.728816,0.619135,-0.014481,0.939550,-0.037437,0.340052,3.468446,140.114900,356.975200
497.860,22,-0.101992,1.727062,0.639370,-0.011134,0.942420,-0.039044,0.331958,3.795696,141.102100,357.305500
497.971,22,-0.090698,1.726253,0.665145,-0.011625,0.946367,-0.038138,0.320623,3.711428,142.481500,357.331500
498.082,22,-0.083583,1.725933,0.683834,-0.010763,0.948824,-0.034152,0.313769,3.328152,143.332800,357.597100
498.193,22,-0.078592,1.725574,0.697052,-0.011941,0.950381,-0.032870,0.309116,3.158371,143.897200,357.530700
498.305,22,-0.076682,1.725206,0.701262,-0.016119,0.955816,-0.037841,0.291074,3.609465,146.030300,356.964900
498.415,22,-0.082575,1.723441,0.694186,-0.035466,0.969780,-0.053887,0.235300,5.038585,152.484700,354.576700
498.526,22,-0.101595,1.714857,0.679475,-0.051791,0.987744,-0.078740,0.124416,8.201959,165.133800,352.925100
498.637,22,-0.125379,1.708242,0.667585,-0.063038,0.992225,-0.098222,0.043228,10.921660,174.262100,352.180500
498.747,22,-0.176438,1.689798,0.651010,-0.083131,0.979748,-0.151587,-0.101016,18.290090,190.482100,351.992200
498.858,22,-0.222528,1.678962,0.642322,-0.093452,0.961206,-0.176420,-0.190333,22.007350,201.044300,353.030800
498.970,22,-0.283170,1.670783,0.632153,-0.104847,0.940053,-0.195442,-0.259055,24.946590,209.470100,353.930900
499.081,22,-0.341880,1.659445,0.624877,-0.119164,0.917023,-0.227492,-0.305151,29.337770,215.436800,354.753500
499.192,22,-0.406111,1.657429,0.620142,-0.124672,0.901322,-0.236211,-0.341000,30.719150,220.279900,355.754500
499.304,22,-0.472703,1.664180,0.614358,-0.121336,0.898927,-0.215801,-0.361439,28.404240,222.782200,355.948500
499.415,22,-0.530712,1.675785,0.606910,-0.104803,0.906812,-0.175910,-0.368461,23.344940,223.446300,356.225500
499.527,22,-0.591721,1.691981,0.597218,-0.090390,0.926607,-0.124504,-0.343117,17.023270,219.901200,355.076000
499.638,22,-0.629415,1.703811,0.587295,-0.083298,0.940039,-0.099190,-0.315516,13.830440,216.433300,354.443800
499.750,22,-0.672630,1.711039,0.572650,-0.069396,0.942597,-0.076873,-0.317467,10.893380,216.770000,355.209000
499.862,22,-0.702762,1.712303,0.552012,-0.057921,0.944272,-0.063919,-0.317664,9.062584,216.870500,356.006300
499.973,22,-0.726569,1.709615,0.523244,-0.037974,0.948907,-0.054619,-0.308464,7.301078,215.874400,357.782900
500.084,22,-0.745922,1.707166,0.484693,-0.024935,0.958518,-0.047583,-0.279925,6.037415,212.495400,358.780600
500.195,22,-0.763317,1.713633,0.444777,-0.014229,0.964489,-0.044166,-0.260015,5.312855,210.163200,359.742200
500.306,22,-0.786318,1.719083,0.399609,-0.000584,0.968778,-0.033756,-0.245620,3.766589,208.482600,0.887193
500.417,22,-0.804507,1.717630,0.374211,-0.001702,0.971982,-0.036016,-0.232274,4.060165,206.907100,0.770977
500.528,22,-0.831249,1.723644,0.348178,-0.012852,0.978254,-0.028398,-0.205057,3.487593,203.653700,359.225200
500.640,22,-0.857771,1.723836,0.326476,-0.019451,0.983171,-0.022629,-0.180237,2.952439,200.732000,358.273400
500.750,22,-0.901407,1.722124,0.298101,-0.025722,0.988895,-0.020549,-0.144925,2.756872,196.612900,357.422700
500.862,22,-0.951349,1.724245,0.272081,-0.029705,0.993089,-0.014055,-0.112667,1.983361,192.889800,356.797400
500.973,22,-1.007390,1.735496,0.245682,-0.026889,0.995885,-0.010074,-0.085957,1.414608,189.829400,357.028400
501.084,22,-1.053924,1.735440,0.226348,-0.034852,0.997886,-0.003259,-0.054762,0.591390,186.261700,356.031800
501.195,22,-1.087378,1.735481,0.213576,-0.041308,0.998299,-0.010088,-0.039888,1.343000,184.521200,355.314100
501.306,22,-1.114953,1.736342,0.199939,-0.039997,0.998910,-0.006939,-0.023039,0.899945,182.606600,355.434700
501.417,22,-1.127635,1.735700,0.194230,-0.039076,0.999179,-0.008781,-0.006164,1.033095,180.666500,355.526800
501.528,22,-1.137637,1.734707,0.189394,-0.040389,0.999140,-0.009382,0.000644,1.071223,179.882800,355.369100
501.637,22,-1.140067,1.734548,0.186550,-0.038995,0.999171,-0.011239,0.003357,1.271921,179.565300,355.525300
501.747,22,-1.139245,1.734180,0.183456,-0.034949,0.999225,-0.011716,0.013782,1.286415,178.374300,355.975500
501.858,22,-1.135369,1.733797,0.180553,-0.032157,0.998991,-0.011967,0.028986,1.263195,176.635000,356.275500
501.968,22,-1.119607,1.734127,0.178685,-0.025295,0.996688,-0.010853,0.076523,1.017818,171.192700,357.014000
502.079,22,-1.093000,1.733499,0.187153,-0.021106,0.990594,-0.013163,0.134551,1.168857,164.503300,357.399700
502.199,22,-1.033619,1.735767,0.217363,-0.010168,0.974722,-0.001232,0.223186,359.877500,154.207400,358.832800
502.300,22,-0.990147,1.736477,0.239132,-0.003027,0.963448,0.005402,0.267824,359.310700,148.930800,359.831500
502.410,22,-0.919657,1.742376,0.273068,0.001328,0.938140,0.012587,0.346024,358.699400,139.500700,0.642091
502.522,22,-0.862028,1.741564,0.300968,-0.002121,0.911001,0.008616,0.412309,359.000300,131.296400,0.185675
502.634,22,-0.817615,1.738116,0.323752,0.000910,0.891940,-0.001496,0.452150,0.200071,126.236500,0.015491
502.745,22,-0.769807,1.734189,0.352058,0.001024,0.871812,-0.007596,0.489780,0.816362,121.343500,359.675900
502.856,22,-0.740145,1.730756,0.372379,0.001977,0.859878,-0.016670,0.510223,1.758409,118.621000,359.219800
502.967,22,-0.711169,1.728105,0.391782,-0.004441,0.853808,-0.023907,0.520021,2.074876,117.278400,358.139300
503.078,22,-0.692560,1.728894,0.399633,-0.007599,0.856225,-0.028366,0.515769,2.334693,117.823100,357.575200
503.189,22,-0.670622,1.726859,0.400919,-0.006333,0.860100,-0.030753,0.509158,2.662505,118.694700,357.578200
503.301,22,-0.649504,1.724908,0.393115,-0.007204,0.859345,-0.035663,0.510100,3.092338,118.538400,357.200800
503.411,22,-0.624543,1.724160,0.377890,-0.011886,0.855473,-0.038637,0.516268,3.085914,117.685900,356.541900
503.523,22,-0.596872,1.722831,0.356501,-0.014958,0.851012,-0.038275,0.523537,2.836345,116.707700,356.237800
503.634,22,-0.570216,1.726014,0.333438,-0.018244,0.845434,-0.038082,0.532408,2.577180,115.506800,355.901600
503.746,22,-0.535909,1.730850,0.303765,-0.020518,0.836414,-0.036317,0.546509,2.196443,113.597700,355.752000
503.857,22,-0.511004,1.735086,0.282255,-0.024597,0.826478,-0.034645,0.561363,1.699093,111.561800,355.435000
503.968,22,-0.484431,1.737027,0.256179,-0.024654,0.817817,-0.033963,0.573946,1.561587,109.815400,355.449300
504.079,22,-0.466844,1.736831,0.235939,-0.026764,0.819872,-0.035454,0.570821,1.580504,110.239400,355.158800
504.190,22,-0.445082,1.736521,0.209001,-0.027070,0.831482,-0.035609,0.553748,1.675382,112.603700,355.153400
504.301,22,-0.426682,1.735398,0.189530,-0.026667,0.833885,-0.035231,0.550167,1.685591,113.098900,355.223100
504.412,22,-0.409012,1.733450,0.175315,-0.027252,0.827276,-0.033547,0.560131,1.431214,111.738500,355.256400
504.524,22,-0.393843,1.731412,0.168421,-0.022709,0.807353,-0.037001,0.588470,1.892202,107.748200,355.396500
504.635,22,-0.385838,1.730523,0.167808,-0.017115,0.782188,-0.038559,0.621613,2.237535,102.967200,355.712100
504.746,22,-0.381730,1.729769,0.169911,-0.015947,0.753928,-0.037406,0.655697,2.033823,97.898010,355.805300
504.858,22,-0.380717,1.730053,0.172336,-0.015096,0.739932,-0.035298,0.671585,1.831542,95.480320,355.998300
504.968,22,-0.381381,1.730476,0.175961,-0.013875,0.727860,-0.031774,0.684849,1.561481,93.437870,356.345400
505.080,22,-0.382428,1.729916,0.180285,-0.012855,0.718941,-0.028919,0.694350,1.359789,91.953710,356.637100
505.191,22,-0.384710,1.727694,0.187916,-0.005133,0.708063,-0.028276,0.705564,1.879591,90.158220,357.294900
505.303,22,-0.387540,1.725909,0.194956,-0.002193,0.697625,-0.022720,0.716099,1.636495,88.473530,357.959000
505.413,22,-0.391165,1.725628,0.198639,0.004468,0.692796,-0.025077,0.720684,2.360419,87.704040,358.282000
505.525,22,-0.394865,1.724177,0.199650,0.010020,0.693479,-0.031094,0.719736,3.299186,87.820170,358.228500
505.636,22,-0.397436,1.722970,0.199400,0.014583,0.694020,-0.040979,0.718641,4.464467,87.916420,357.777900
505.747,22,-0.399296,1.722589,0.199405,0.015116,0.695288,-0.045505,0.717130,4.873620,88.119720,357.454900
505.858,22,-0.399736,1.722713,0.200118,0.015561,0.693583,-0.045375,0.718778,4.894008,87.848770,357.489500
505.969,22,-0.401516,1.723062,0.201330,0.013884,0.690446,-0.045035,0.721847,4.716946,87.344020,357.363400
506.081,22,-0.402910,1.724787,0.203350,0.009980,0.688281,-0.038321,0.724363,3.853719,86.992940,357.600100
506.192,22,-0.405228,1.725842,0.204217,0.007805,0.687172,-0.032001,0.725748,3.170545,86.815360,357.949700
506.303,22,-0.407450,1.726197,0.203546,0.007050,0.689555,-0.031051,0.723534,3.039492,87.191470,357.979300
506.414,22,-0.408855,1.726965,0.202828,0.005034,0.692657,-0.030999,0.720583,2.877423,87.681620,357.836700
506.526,22,-0.410271,1.726766,0.201354,0.006264,0.693421,-0.029056,0.719919,2.826728,87.804920,358.098100
506.637,22,-0.410463,1.726428,0.198577,0.006916,0.695790,-0.030187,0.717577,2.976903,88.183510,358.066200
506.748,22,-0.404502,1.726453,0.194033,0.001740,0.707902,-0.033607,0.705509,2.868064,90.129370,357.420100
506.859,22,-0.392240,1.724467,0.194240,-0.003537,0.712368,-0.031583,0.701086,2.294693,90.857920,357.170500
506.970,22,-0.366973,1.721991,0.200790,-0.002953,0.703200,-0.025195,0.710539,1.790098,89.369350,357.708900
507.082,22,-0.336288,1.719097,0.209625,-0.005577,0.695790,-0.015146,0.718064,0.748706,88.183780,358.308700
507.192,22,-0.299331,1.712602,0.219357,-0.005800,0.690332,-0.011044,0.723385,0.392871,87.316560,358.625600
507.304,22,-0.262291,1.704991,0.229670,-0.005708,0.688081,-0.007667,0.725571,0.129910,86.960520,358.912400
507.415,22,-0.230285,1.701331,0.239056,-0.003806,0.690784,-0.005460,0.723031,0.116922,87.386030,359.246300
507.526,22,-0.189366,1.699701,0.249053,-0.001338,0.697380,-0.003154,0.716694,0.142156,88.434560,359.634100
507.638,22,-0.160086,1.699607,0.254748,-0.003645,0.703158,-0.003644,0.711015,-0.003378,89.363300,359.409300
507.748,22,-0.128389,1.699216,0.261448,-0.003825,0.707712,-0.004487,0.706477,0.054224,90.099700,359.326400
507.860,22,-0.105402,1.698329,0.266159,-0.002247,0.712584,-0.007534,0.701543,0.434548,90.891690,359.210800
507.971,22,-0.089468,1.698737,0.269931,-0.002855,0.720902,-0.008617,0.692978,0.485138,92.258990,359.079800
508.083,22,-0.079766,1.699421,0.274340,-0.002480,0.727308,-0.007792,0.686262,0.454413,93.323200,359.180500
508.194,22,-0.073975,1.701035,0.279871,-0.001554,0.729463,-0.007072,0.683982,0.469351,93.683240,359.315800
508.305,22,-0.067440,1.702652,0.285470,-0.003508,0.731799,-0.003083,0.681505,359.984600,94.076240,359.465100
508.416,22,-0.058441,1.701706,0.290273,-0.000536,0.734206,-0.000804,0.678927,0.025923,94.480280,359.892300
508.527,22,-0.045359,1.699530,0.295233,0.000142,0.737888,0.000800,0.674923,359.943300,95.103650,0.073890
508.639,22,-0.037242,1.697537,0.299180,0.002133,0.741124,0.003879,0.671354,359.834700,95.655020,0.479608
508.749,22,-0.034609,1.697216,0.302329,0.001560,0.742895,0.007873,0.669360,359.449500,95.957760,0.736769
508.861,22,-0.043451,1.697608,0.303155,0.002118,0.744482,0.009833,0.667567,359.323200,96.230120,0.933002
508.972,22,-0.065460,1.702441,0.301584,0.000148,0.745973,0.017120,0.665756,358.547700,96.487530,1.319279
509.083,22,-0.099346,1.709516,0.297213,-0.006448,0.743546,0.024061,0.668221,357.455400,96.079540,1.294446
509.194,22,-0.135670,1.716266,0.291398,-0.011992,0.738269,0.029061,0.673773,356.613500,95.194050,1.231490
509.305,22,-0.186878,1.724437,0.281504,-0.019709,0.728589,0.033632,0.683841,355.643400,93.591480,0.992943
509.416,22,-0.228163,1.728046,0.273249,-0.024635,0.722909,0.035313,0.689600,355.122100,92.669700,0.752447
509.527,22,-0.278442,1.729997,0.263655,-0.023021,0.716152,0.034436,0.696714,355.330800,91.541200,0.862958
509.639,22,-0.313881,1.729291,0.256599,-0.022222,0.711534,0.032526,0.701547,355.557100,90.778630,0.805327
509.749,22,-0.353787,1.727576,0.248942,-0.021603,0.707742,0.031374,0.705444,355.705200,90.156810,0.786413
509.861,22,-0.381751,1.725546,0.243827,-0.021544,0.704372,0.030150,0.708864,355.812700,89.609740,0.712095
509.972,22,-0.401835,1.724123,0.240949,-0.023273,0.701594,0.029212,0.711597,355.749800,89.169890,0.512405
510.083,22,-0.414122,1.724126,0.240590,-0.021613,0.699619,0.030309,0.713545,355.799100,88.843370,0.747588
510.194,22,-0.419910,1.723772,0.240592,-0.021275,0.696707,0.033328,0.716266,355.588600,88.373810,1.040060
510.305,22,-0.420385,1.722514,0.240875,-0.019963,0.694764,0.030721,0.718304,355.907500,88.057590,0.941788
510.416,22,-0.418346,1.721544,0.240715,-0.017420,0.693705,0.028408,0.719488,356.303000,87.878640,0.959446
510.527,22,-0.415489,1.721073,0.241143,-0.014771,0.691926,0.027171,0.721306,356.622800,87.586400,1.076659
510.638,22,-0.413370,1.721278,0.240294,-0.014612,0.689931,0.027701,0.723198,356.597000,87.268950,1.142533
510.749,22,-0.410571,1.721560,0.239384,-0.016056,0.689337,0.025349,0.723820,356.664000,87.180020,0.835667
510.860,22,-0.407350,1.722274,0.238444,-0.016131,0.690364,0.026282,0.722805,356.582700,87.342970,0.902361
510.971,22,-0.402504,1.721811,0.238344,-0.013393,0.690088,0.021397,0.723285,357.196900,87.291450,0.715213
511.082,22,-0.396465,1.718724,0.237367,0.001032,0.693928,0.002357,0.720040,359.897700,87.883740,0.276491
511.193,22,-0.390528,1.713464,0.236558,0.021392,0.704297,-0.020413,0.709289,3.388135,89.597310,0.067429
511.304,22,-0.388118,1.710970,0.238467,0.033429,0.712777,-0.043888,0.699218,6.275709,91.057050,359.209200
511.415,22,-0.386336,1.710733,0.240749,0.040104,0.716206,-0.054929,0.694567,7.723376,91.683880,358.909600
511.526,22,-0.386684,1.708566,0.242903,0.048685,0.710645,-0.064448,0.698899,9.186676,90.857510,358.787400
511.637,22,-0.386999,1.707813,0.244113,0.049177,0.708763,-0.070949,0.700145,9.754972,90.553820,358.276600
511.748,22,-0.387438,1.706804,0.247033,0.054398,0.704261,-0.070376,0.704347,10.122700,89.876860,358.689300
511.859,22,-0.387546,1.706709,0.248043,0.054399,0.701521,-0.071639,0.706949,10.219910,89.428340,358.546300
511.970,22,-0.388008,1.706901,0.248813,0.054904,0.699182,-0.070786,0.709310,10.187640,89.053340,358.623600
512.082,22,-0.387853,1.706378,0.249593,0.056119,0.699142,-0.074121,0.708913,10.556760,89.061430,358.448400
512.192,22,-0.387413,1.705739,0.250619,0.057377,0.699147,-0.075957,0.708613,10.808480,89.078130,358.400500
512.304,22,-0.386690,1.707368,0.252776,0.053317,0.697887,-0.069589,0.710822,9.958151,88.823600,358.574000
512.415,22,-0.384115,1.709329,0.255023,0.046106,0.694895,-0.058785,0.715220,8.490812,88.262410,358.840600
512.526,22,-0.371577,1.709940,0.259648,0.033123,0.696905,-0.043490,0.715077,6.199379,88.475270,359.076100
512.637,22,-0.355174,1.710309,0.269132,0.025600,0.702254,-0.028180,0.710908,4.357392,89.289270,359.763700
512.748,22,-0.325974,1.709644,0.286523,0.021057,0.713690,-0.014579,0.699993,2.882583,91.124170,0.553423
512.860,22,-0.287668,1.708948,0.302626,0.016373,0.731393,-0.013191,0.681632,2.385181,94.040860,0.342228
512.971,22,-0.239940,1.711910,0.315332,0.003022,0.756114,-0.015101,0.654258,1.535133,98.249700,359.129300
513.082,22,-0.190529,1.714749,0.322099,-0.003502,0.783749,-0.012341,0.620945,0.859144,103.213200,358.807100
513.193,22,-0.143710,1.714500,0.327775,-0.014927,0.807975,-0.007929,0.588974,359.726700,107.824100,358.082400
513.305,22,-0.104017,1.714282,0.334654,-0.011565,0.824335,-0.005042,0.565962,359.726200,111.058900,358.580400
513.416,22,-0.077326,1.714325,0.340470,-0.014050,0.834787,-0.000611,0.550393,359.172300,113.214500,358.617200
513.528,22,-0.050271,1.711565,0.344189,-0.015600,0.846391,-0.001307,0.532332,359.175100,115.676300,358.406900
513.639,22,-0.033561,1.707294,0.344055,-0.013774,0.853885,-0.005754,0.520248,359.741900,117.298300,358.308900
513.750,22,-0.014920,1.704817,0.340108,-0.016063,0.862826,-0.010578,0.505135,0.116108,119.304800,357.798900
513.862,22,0.004848,1.702940,0.333281,-0.016506,0.866952,-0.009814,0.498022,0.032967,120.248800,357.799600
513.972,22,0.030805,1.697657,0.320303,-0.016791,0.865273,-0.012136,0.500872,0.239633,119.865300,357.637900
514.084,22,0.062320,1.694203,0.298428,-0.019140,0.860859,-0.014146,0.508287,0.280656,118.874600,357.286900
514.196,22,0.095326,1.691665,0.271415,-0.022452,0.857659,-0.013674,0.513547,0.022660,118.174900,356.987300
514.306,22,0.148045,1.690692,0.226914,-0.024146,0.853371,-0.016466,0.520485,0.170098,117.235700,356.654800
514.418,22,0.191987,1.692915,0.191175,-0.024534,0.847943,-0.016638,0.529258,0.128708,116.054100,356.605100
514.528,22,0.244297,1.697513,0.149943,-0.022579,0.840209,-0.020465,0.541406,0.569592,114.389700,356.554100
514.640,22,0.278662,1.698275,0.122790,-0.020753,0.834593,-0.020972,0.550076,0.697650,113.202500,356.691200
514.751,22,0.315866,1.696172,0.094638,-0.020388,0.829428,-0.022312,0.557795,0.817522,112.133900,356.633700
514.862,22,0.343722,1.692281,0.074665,-0.020394,0.826307,-0.025701,0.562264,1.119585,111.497900,356.410000
514.973,22,0.366296,1.687898,0.059432,-0.018905,0.821007,-0.033803,0.569602,1.946584,110.427500,356.009500
515.084,22,0.384506,1.685399,0.047573,-0.018178,0.816743,-0.037253,0.575512,2.288316,109.576500,355.834900
515.195,22,0.398721,1.682729,0.039037,-0.019096,0.813405,-0.034454,0.580363,1.941843,108.915200,355.923000
515.306,22,0.416359,1.678065,0.030010,-0.015975,0.810060,-0.037859,0.584906,2.444261,108.251500,355.972600
515.417,22,0.427481,1.674948,0.024421,-0.012823,0.809872,-0.043383,0.584860,3.168353,108.215400,355.892700
515.528,22,0.436600,1.672454,0.020243,-0.010323,0.810323,-0.044432,0.584205,3.436706,108.302000,356.056700
515.639,22,0.438640,1.670342,0.019359,-0.008998,0.811587,-0.045712,0.582371,3.653229,108.551400,356.101700
515.750,22,0.438080,1.671716,0.020171,-0.005347,0.813915,-0.042479,0.579404,3.609239,109.003000,356.672500
515.862,22,0.436277,1.672557,0.020185,-0.007642,0.811707,-0.041280,0.582554,3.331350,108.565700,356.525500
515.972,22,0.435380,1.671554,0.018645,-0.012928,0.808929,-0.043914,0.586121,3.204036,108.032200,355.842000
516.084,22,0.432809,1.669421,0.021006,-0.014629,0.808098,-0.047490,0.586948,3.415734,107.879600,355.438300
516.195,22,0.426105,1.671312,0.032172,-0.014610,0.809600,-0.043232,0.585206,3.032476,108.165800,355.735500
516.306,22,0.410716,1.681954,0.063632,-0.012981,0.807207,-0.021635,0.589729,1.124004,107.671700,357.335700
516.417,22,0.392827,1.692304,0.100960,-0.008879,0.807535,0.006367,0.589718,358.810800,107.725100,359.608500
516.528,22,0.363717,1.703169,0.161513,-0.001231,0.811343,0.042043,0.583055,356.005700,108.501500,2.702166
516.640,22,0.340208,1.710486,0.216066,0.008011,0.816123,0.066646,0.573966,354.284600,109.505800,5.165255
516.750,22,0.313578,1.717917,0.291443,0.020631,0.820623,0.094160,0.563281,352.455400,110.532100,8.114968
516.861,22,0.295670,1.717497,0.355605,0.028352,0.820177,0.107736,0.561158,351.668200,110.529500,9.741693
516.972,22,0.280877,1.712710,0.413847,0.036660,0.818639,0.110925,0.562300,351.929800,110.270900,10.755450
517.085,22,0.265639,1.709176,0.464630,0.046553,0.820510,0.101757,0.560572,353.408300,110.679700,11.054720
517.194,22,0.245466,1.709698,0.501016,0.046193,0.829524,0.083089,0.550321,355.008600,112.453600,9.713886
517.305,22,0.208608,1.713521,0.536697,0.036074,0.844383,0.060577,0.531081,356.331500,115.432500,7.210743
517.416,22,0.176680,1.716804,0.553771,0.026486,0.854305,0.041696,0.517420,357.487700,117.485200,5.076574
517.527,22,0.130953,1.718177,0.567218,0.020554,0.870299,-0.000616,0.492095,1.220535,121.051100,2.015925
517.637,22,0.091917,1.712874,0.575752,0.027422,0.881395,-0.045043,0.469428,6.035566,123.939100,0.348564
517.747,22,0.036668,1.703415,0.587995,0.047270,0.888998,-0.094883,0.445472,12.170230,126.766500,359.971300
517.857,22,-0.008410,1.698363,0.599458,0.054647,0.891796,-0.115578,0.434000,14.689260,128.077600,359.830900
517.967,22,-0.066421,1.693004,0.616855,0.063645,0.890828,-0.134777,0.429196,17.143050,128.530200,359.862300
518.079,22,-0.111515,1.690753,0.634180,0.067249,0.887069,-0.144791,0.433154,18.369140,127.887900,359.630300
518.190,22,-0.163137,1.690114,0.658465,0.053778,0.886391,-0.141053,0.437634,17.285080,127.189900,358.312200
518.302,22,-0.205077,1.688133,0.687115,0.052176,0.893567,-0.156758,0.417425,18.887180,129.542100,357.721100
518.413,22,-0.240118,1.689438,0.723117,0.048478,0.905865,-0.160597,0.388931,19.187920,133.147100,357.749100
518.525,22,-0.264906,1.683030,0.765837,0.053923,0.914488,-0.177342,0.359659,21.293230,136.726900,358.220000
518.636,22,-0.276669,1.672986,0.807204,0.057699,0.915033,-0.210437,0.339266,25.104100,138.789400,357.645900
518.745,22,-0.283989,1.663431,0.838429,0.053562,0.918953,-0.227137,0.317908,26.840720,141.129300,357.046400
518.856,22,-0.294943,1.665144,0.836149,0.071806,0.911994,-0.243005,0.322583,29.311990,140.597900,358.304100
518.968,22,-0.315417,1.672316,0.820967,0.059743,0.924020,-0.214964,0.310496,25.744720,142.516800,358.531500
519.079,22,-0.327016,1.684918,0.809342,0.031162,0.930193,-0.175022,0.321150,20.219840,141.312200,356.673900
519.190,22,-0.339100,1.689299,0.810540,-0.004588,0.937310,-0.155026,0.312082,16.723420,142.239900,353.683800
519.302,22,-0.341910,1.691442,0.820189,-0.009267,0.937690,-0.150652,0.312978,16.065080,142.141600,353.326000
519.413,22,-0.339678,1.691005,0.827268,-0.004473,0.937938,-0.153337,0.311030,16.550380,142.403200,353.785000
519.524,22,-0.338059,1.688576,0.830793,0.002339,0.937254,-0.158454,0.310551,17.366070,142.471500,354.346000
519.635,22,-0.340781,1.687777,0.829902,0.005089,0.935405,-0.167073,0.311572,18.405120,142.227800,354.278700
519.747,22,-0.349979,1.687974,0.814737,0.008241,0.934022,-0.175134,0.311229,19.407710,142.167600,354.303600
519.858,22,-0.358246,1.687862,0.793977,0.012190,0.931480,-0.177068,0.317559,19.731450,141.397400,354.528700
519.969,22,-0.368529,1.685076,0.761776,0.016293,0.924408,-0.178596,0.336613,19.947570,139.014800,354.499000
520.081,22,-0.374900,1.682528,0.735724,0.020348,0.916748,-0.183191,0.354401,20.505900,136.702200,354.330100
520.194,22,-0.374151,1.682506,0.710806,0.027208,0.910147,-0.187347,0.368501,21.166470,134.897000,354.551300
520.295,22,-0.367470,1.683248,0.691214,0.029714,0.906467,-0.184173,0.378833,20.879670,133.667700,354.739000
520.408,22,-0.343711,1.680389,0.659448,0.025393,0.905852,-0.183114,0.381125,20.554910,133.322700,354.264500
520.523,22,-0.317649,1.681296,0.637402,0.028982,0.904632,-0.191361,0.379713,21.606620,133.365200,354.266100
520.635,22,-0.298585,1.679310,0.619751,0.033059,0.902080,-0.189445,0.386354,21.551310,132.610700,354.648700
520.747,22,-0.282924,1.676843,0.599320,0.031495,0.898077,-0.192764,0.394092,21.780820,131.479500,354.105700
520.858,22,-0.274772,1.677780,0.583415,0.040095,0.894297,-0.194544,0.400971,22.340730,130.667200,354.770800
520.969,22,-0.268775,1.681493,0.559427,0.035038,0.884350,-0.183650,0.427751,20.780930,127.303000,354.159400
521.081,22,-0.269476,1.686209,0.531707,0.026520,0.870735,-0.162083,0.463515,17.869350,122.957000,353.722300
521.190,22,-0.280432,1.691750,0.496707,0.015119,0.849618,-0.129122,0.511124,13.583620,117.189900,353.721400
521.300,22,-0.304991,1.692178,0.453713,0.008954,0.814528,-0.107072,0.570087,10.639870,109.438400,353.720700
521.411,22,-0.331436,1.698700,0.399958,0.021954,0.768250,-0.083080,0.634356,8.946160,100.580400,355.839200
521.522,22,-0.361169,1.706241,0.346266,0.034342,0.730486,-0.077668,0.677627,9.207703,94.041970,356.800900
521.634,22,-0.387109,1.714725,0.303415,0.032769,0.710421,-0.074714,0.699032,8.741154,90.669250,356.641900
521.739,22,-0.405690,1.716418,0.278566,0.027231,0.698784,-0.079285,0.710403,8.597707,88.729800,355.673500
521.853,22,-0.419247,1.712217,0.261188,0.033569,0.686102,-0.080338,0.722277,9.133393,86.732480,355.935000
521.965,22,-0.425751,1.709673,0.248091,0.043582,0.673968,-0.084459,0.732622,10.236040,84.884990,356.212400
522.076,22,-0.425360,1.709728,0.238969,0.047472,0.670166,-0.085828,0.735703,10.654600,84.320980,356.344500
522.188,22,-0.415485,1.713106,0.234362,0.044962,0.668979,-0.087985,0.736685,10.600780,84.108600,355.946700
522.299,22,-0.404242,1.711526,0.237098,0.049377,0.671687,-0.092242,0.733410,11.323180,84.569480,355.966500
522.410,22,-0.386025,1.708104,0.247794,0.060925,0.679764,-0.110076,0.722560,13.750540,85.960940,355.498000
522.521,22,-0.365416,1.712048,0.259964,0.064271,0.696153,-0.108280,0.706764,13.981410,88.672540,356.243700
522.632,22,-0.348073,1.707604,0.269774,0.083126,0.705757,-0.121818,0.692934,16.687340,90.598560,356.918600
522.743,22,-0.330074,1.699246,0.278809,0.103302,0.711588,-0.132639,0.682187,19.251240,92.067340,357.939000
522.855,22,-0.320603,1.686659,0.287705,0.127808,0.705855,-0.151002,0.680171,22.770020,91.810460,358.447100
522.966,22,-0.323827,1.664820,0.302781,0.171112,0.683519,-0.191340,0.683310,29.697030,89.535290,358.181100
523.077,22,-0.325668,1.656813,0.314421,0.181778,0.662789,-0.199114,0.698585,31.192540,86.291160,357.505200
523.188,22,-0.324505,1.649307,0.324579,0.206189,0.641130,-0.203330,0.710701,33.628040,83.595710,358.305200
523.299,22,-0.321555,1.647590,0.329737,0.199975,0.631411,-0.179268,0.727457,31.153270,81.759370,359.445200
523.410,22,-0.315502,1.655857,0.337477,0.167368,0.619222,-0.132594,0.755627,24.654470,78.762910,0.434565
523.522,22,-0.313028,1.665650,0.340161,0.131057,0.619946,-0.090784,0.768277,18.296770,78.025820,1.388280
523.633,22,-0.311273,1.674828,0.340425,0.103684,0.618417,-0.062030,0.776507,13.753420,77.295250,1.882422
523.745,22,-0.310531,1.678122,0.337199,0.092775,0.617711,-0.056581,0.778861,12.381480,77.004040,1.553481
523.856,22,-0.304940,1.678138,0.332088,0.089480,0.621774,-0.055540,0.776084,12.002490,77.555600,1.468344
523.967,22,-0.284368,1.682070,0.315569,0.078762,0.641653,-0.036866,0.762049,9.633869,80.415450,2.609681
524.079,22,-0.263040,1.684692,0.293281,0.071744,0.672462,-0.027532,0.736132,8.201470,85.056260,3.240895
524.190,22,-0.233894,1.679473,0.250154,0.059950,0.699093,-0.030726,0.711850,7.372047,89.113190,2.316020
524.301,22,-0.203159,1.669278,0.196820,0.035394,0.708079,-0.014066,0.705106,4.004367,90.301930,1.739892
524.413,22,-0.165459,1.658139,0.132659,0.001409,0.698402,0.020221,0.715419,358.497100,88.597640,1.771407
524.524,22,-0.122251,1.651356,0.054035,-0.022567,0.664929,0.049606,0.744916,354.284500,83.379390,2.528328
524.636,22,-0.075797,1.656591,-0.021529,-0.012755,0.620321,0.052441,0.782490,355.122800,76.649020,3.812130
524.747,22,-0.031033,1.681016,-0.110337,0.007786,0.539755,0.067759,0.839054,356.555600,65.294010,7.026777
524.859,22,-0.014717,1.704116,-0.172298,-0.004760,0.460045,0.065019,0.885499,356.086400,54.688600,6.374567
524.968,22,-0.015980,1.717482,-0.245194,-0.043095,0.357445,0.039925,0.932085,353.749300,41.825320,2.514943
525.079,22,-0.026818,1.716567,-0.293961,-0.032524,0.285554,0.028395,0.957390,355.498000,33.134940,2.057737
525.190,22,0.049793,1.656153,-0.065667,0.011974,-0.044291,0.021654,0.998712,1.480471,354.952700,2.418877
525.300,22,0.060064,1.640815,-0.113709,0.075703,-0.113166,0.025310,0.990365,8.956031,347.112400,1.914359
525.411,22,0.079447,1.628600,-0.165758,0.116014,-0.133024,0.021879,0.984056,13.541440,344.688300,0.718739
525.522,22,0.108182,1.629869,-0.211816,0.157963,-0.138419,0.024426,0.977390,18.393720,343.917900,0.242590
525.632,22,0.142724,1.633201,-0.245614,0.191601,-0.150616,0.021815,0.969602,22.217600,342.153500,359.046100
525.744,22,0.183228,1.637092,-0.271716,0.174150,-0.159599,0.016943,0.971552,20.108500,341.097200,358.616900
525.855,22,0.224145,1.638704,-0.289435,0.166603,-0.174327,0.012224,0.970414,19.123810,339.280600,357.915800
525.967,22,0.285654,1.646012,-0.299434,0.153936,-0.205549,0.017021,0.966314,17.728020,335.697500,358.171800
526.079,22,0.332969,1.653270,-0.300367,0.138113,-0.213302,0.014131,0.967072,15.852260,334.861400,358.118300
526.190,22,0.385748,1.651683,-0.306217,0.136976,-0.211028,0.014291,0.967730,15.732320,335.148700,358.204900
526.301,22,0.420579,1.651898,-0.312881,0.137944,-0.213038,0.011184,0.967193,15.759570,334.850200,357.788400
526.412,22,0.445123,1.654178,-0.318110,0.130130,-0.223562,0.009347,0.965919,14.807300,333.627500,357.621200
526.524,22,0.463947,1.653052,-0.320563,0.131797,-0.230076,0.010224,0.964153,15.001740,332.837200,357.571300
526.635,22,0.475843,1.652243,-0.319783,0.129076,-0.229181,0.009031,0.964746,14.666410,332.955200,357.527300
526.746,22,0.483575,1.652313,-0.317281,0.124531,-0.233203,0.009283,0.964377,14.153370,332.516900,357.625200
526.866,22,0.487630,1.651770,-0.315112,0.122062,-0.233464,0.009397,0.964628,13.879220,332.509900,357.705600
526.969,22,0.488334,1.652973,-0.313156,0.116244,-0.230971,0.007140,0.965965,13.171890,332.833900,357.651200
527.080,22,0.488930,1.652255,-0.310248,0.120743,-0.218958,0.002431,0.968232,13.584490,334.176400,357.159600
527.184,22,0.488311,1.651637,-0.307708,0.121491,-0.207888,0.003939,0.970571,13.737190,335.516100,357.470800
527.285,22,0.486732,1.651423,-0.306356,0.121752,-0.204412,0.002161,0.971281,13.732780,335.906500,357.310700
527.399,22,0.480980,1.651933,-0.306240,0.119461,-0.224069,0.005784,0.967207,13.513740,333.617400,357.503800
527.505,22,0.467938,1.651190,-0.309350,0.122966,-0.284014,0.010240,0.950848,13.866480,326.377000,357.025800
527.619,22,0.469165,1.650768,-0.305109,0.130039,-0.258643,0.001819,0.957178,14.470540,329.278300,356.223000
527.747,22,0.487596,1.649473,-0.291263,0.134398,-0.100249,-0.011937,0.985771,15.223070,347.985500,357.001100
527.865,22,0.506161,1.646352,-0.281927,0.142430,0.037164,-0.022626,0.988848,16.461180,4.009378,357.958600
527.965,22,0.516806,1.637808,-0.271783,0.176049,0.086361,-0.037521,0.979868,20.578450,9.594180,357.359800
528.076,22,0.520929,1.635744,-0.260138,0.184914,0.089118,-0.038532,0.977947,21.625640,9.914269,357.385400
528.187,22,0.513506,1.636553,-0.249243,0.187378,0.038287,-0.030355,0.981072,21.714810,3.934623,357.210500
528.300,22,0.499575,1.640574,-0.247023,0.171909,-0.044945,-0.014775,0.983976,19.692990,354.298800,357.289200
528.415,22,0.488430,1.640291,-0.248157,0.174019,-0.113326,-0.006809,0.978176,19.809830,346.221400,356.785100
528.519,22,0.481363,1.638075,-0.245917,0.177782,-0.153614,0.004822,0.971995,20.309260,341.543200,357.234600
528.629,22,0.473877,1.636562,-0.241722,0.178444,-0.202116,0.012627,0.962885,20.410710,335.764100,357.075600
528.737,22,0.467852,1.637485,-0.240089,0.169453,-0.239808,0.018918,0.955730,19.449540,331.358700,357.257800
528.844,22,0.462653,1.640978,-0.240125,0.152683,-0.266230,0.019473,0.951541,17.513900,328.328400,357.341100
528.951,22,0.455026,1.645715,-0.242736,0.133196,-0.305223,0.017694,0.942754,15.185400,323.740900,357.152300
529.066,22,0.448160,1.647806,-0.247717,0.124595,-0.340613,0.022403,0.931642,14.324750,319.514000,357.448500
529.177,22,0.443005,1.649243,-0.252777,0.123195,-0.364556,0.023632,0.922694,14.156580,316.542800,357.268200
529.289,22,0.435624,1.646990,-0.256781,0.132353,-0.390203,0.025595,0.910807,15.133530,313.170800,356.634800
529.401,22,0.428901,1.628927,-0.250592,0.196205,-0.375922,0.043037,0.904618,22.788960,313.994900,355.667200
529.519,22,0.423184,1.613520,-0.241897,0.248845,-0.349214,0.063987,0.901128,29.549320,316.617400,356.145500
529.621,22,0.414807,1.608237,-0.230506,0.252655,-0.333786,0.068090,0.905603,30.203010,318.722700,356.992800
529.728,22,0.407440,1.611282,-0.222608,0.249845,-0.322754,0.065649,0.910548,29.826000,320.230900,357.243300
529.832,22,0.404029,1.631846,-0.218770,0.178471,-0.302103,0.043268,0.935419,21.102280,323.895600,358.348500
529.934,22,0.402091,1.650136,-0.220081,0.123103,-0.267285,0.019800,0.955517,14.231450,328.537900,358.346600
530.049,22,0.394830,1.657791,-0.223428,0.112252,-0.245965,0.003932,0.962749,12.596050,331.028100,357.201400
530.161,22,0.384241,1.664581,-0.226908,0.093341,-0.237577,0.003681,0.966867,10.500630,332.190300,357.829800
530.270,22,0.372871,1.668898,-0.229037,0.080361,-0.231199,-0.000866,0.969582,8.941886,333.000100,357.746800
530.376,22,0.364744,1.671202,-0.228766,0.074861,-0.226836,-0.000607,0.971051,8.343802,333.554700,357.964600
530.481,22,0.351950,1.675397,-0.226089,0.058197,-0.213356,-0.003298,0.975234,6.436686,335.217800,358.197000
530.583,22,0.340476,1.681047,-0.222996,0.031344,-0.189062,-0.004062,0.981456,3.439204,338.158700,358.861900
530.685,22,0.326194,1.687214,-0.219622,-0.002277,-0.163873,-0.009309,0.986435,359.567800,341.139400,358.990400
530.797,22,0.308593,1.690853,-0.214812,-0.024275,-0.142465,-0.012645,0.989421,357.039900,343.639600,358.961200
530.898,22,0.285670,1.693660,-0.208344,-0.048468,-0.118013,-0.016164,0.991697,354.263900,346.486800,358.812500
531.007,22,0.261581,1.689609,-0.195844,-0.068494,-0.093071,-0.014941,0.993189,352.019500,349.361400,359.020500
531.119,22,0.249040,1.688723,-0.178357,-0.076961,-0.082711,-0.011700,0.993529,351.091200,350.529700,359.390000
531.230,22,0.240347,1.687833,-0.142901,-0.082321,-0.078575,-0.013614,0.993410,350.462300,351.023400,359.180100
531.341,22,0.238911,1.683544,-0.100776,-0.083098,-0.080573,-0.016967,0.993134,350.340700,350.823200,358.819500
531.452,22,0.242424,1.687858,-0.053162,-0.081954,-0.093054,-0.021450,0.992051,350.410000,349.415800,358.413100
531.563,22,0.246302,1.691862,-0.006869,-0.094497,-0.107327,-0.026814,0.989360,348.887300,347.803600,358.085900
531.674,22,0.247554,1.697714,0.030473,-0.107361,-0.118912,-0.030544,0.986611,347.343200,346.481300,357.959700
531.786,22,0.245956,1.701177,0.075092,-0.123837,-0.134316,-0.033160,0.982611,345.387900,344.674800,358.110800
531.897,22,0.242307,1.701221,0.109159,-0.132088,-0.145977,-0.034660,0.979818,344.397400,343.291700,358.253300
532.008,22,0.236588,1.699245,0.149734,-0.136700,-0.154547,-0.035779,0.977828,343.835400,342.272100,358.346300
532.119,22,0.232205,1.697137,0.178031,-0.134807,-0.158083,-0.034195,0.977583,344.074900,341.830700,358.555800
532.231,22,0.227766,1.694132,0.210542,-0.127362,-0.160258,-0.036110,0.978158,344.886400,341.625900,358.229900
532.342,22,0.225109,1.690819,0.235723,-0.122160,-0.155908,-0.037611,0.979467,345.461500,342.180300,357.893200
532.453,22,0.222891,1.688299,0.253717,-0.117599,-0.152307,-0.037219,0.980606,345.996900,342.612500,357.804400
532.566,22,0.220286,1.685234,0.269767,-0.111991,-0.152441,-0.035448,0.981307,346.667400,342.583800,357.913500
532.677,22,0.217518,1.682433,0.281054,-0.109925,-0.155394,-0.036209,0.981050,346.883200,342.248300,357.829700
532.787,22,0.208805,1.679098,0.297725,-0.104834,-0.160053,-0.037937,0.980792,347.421100,341.727900,357.600700
532.899,22,0.196881,1.676953,0.311278,-0.101160,-0.158675,-0.029033,0.981706,348.004700,341.790400,358.541300
533.010,22,0.174575,1.674575,0.332442,-0.103876,-0.148457,-0.021944,0.983203,347.832100,342.904100,359.278500
533.122,22,0.144133,1.668342,0.357090,-0.105934,-0.135973,-0.014731,0.984923,347.720600,344.280800,359.987700
533.233,22,0.104781,1.663337,0.385141,-0.106201,-0.125838,-0.004808,0.986338,347.836000,345.351100,1.010737
533.344,22,0.058595,1.668498,0.417286,-0.109843,-0.101322,0.001336,0.988770,347.470200,348.137900,1.461644
533.456,22,0.016586,1.678161,0.448530,-0.115198,-0.077739,0.003472,0.990290,346.843100,350.854600,1.458629
533.567,22,-0.029517,1.682244,0.486453,-0.115252,-0.052299,0.010287,0.991905,346.846400,353.743400,1.910413
533.678,22,-0.056414,1.683199,0.510986,-0.113692,-0.038641,0.014245,0.992662,347.019800,355.293500,2.180047
533.788,22,-0.080045,1.684630,0.535450,-0.116884,-0.024321,0.017946,0.992686,346.633200,356.907800,2.433804
533.900,22,-0.090337,1.685141,0.552057,-0.116055,-0.015175,0.020484,0.992916,346.712100,357.945600,2.602986
534.011,22,-0.097768,1.684204,0.568053,-0.109557,-0.005870,0.016508,0.993826,347.433800,359.102700,2.002039
534.122,22,-0.104067,1.683622,0.576278,-0.106970,0.001634,0.014529,0.994155,347.717200,0.008287,1.673635
534.233,22,-0.111598,1.682038,0.576221,-0.106127,0.008210,0.015122,0.994204,347.803100,0.768833,1.660700
534.345,22,-0.118786,1.681406,0.563760,-0.111487,0.017707,0.023263,0.993336,347.155200,1.762770,2.484645
534.456,22,-0.122151,1.684125,0.541368,-0.116238,0.022991,0.027439,0.992576,346.584500,2.313269,2.894944
534.567,22,-0.118392,1.688857,0.494552,-0.127623,0.031442,0.026665,0.990966,345.249100,3.290724,2.656570
534.678,22,-0.109802,1.691432,0.448176,-0.137673,0.040213,0.018419,0.989490,344.101500,4.443255,1.512086
534.789,22,-0.096338,1.692053,0.384273,-0.142892,0.048265,0.018973,0.988379,343.483400,5.385598,1.417213
534.901,22,-0.083593,1.693762,0.325190,-0.141518,0.055235,0.013828,0.988297,343.665100,6.297484,0.698556
535.012,22,-0.074900,1.695059,0.267905,-0.144477,0.055938,0.010609,0.987869,343.343300,6.439767,0.286895
535.123,22,-0.070366,1.694835,0.215828,-0.142757,0.055755,0.006119,0.988167,343.571500,6.491728,359.771500
535.234,22,-0.069111,1.695235,0.176386,-0.140341,0.060286,0.001457,0.988265,343.885100,7.100225,359.162500
535.345,22,-0.072660,1.696326,0.132787,-0.142925,0.071541,-0.002817,0.987141,343.634100,8.513720,358.446500
535.456,22,-0.079982,1.698653,0.102952,-0.144752,0.077951,-0.005605,0.986377,343.459900,9.329314,357.989900
535.567,22,-0.093823,1.699843,0.069998,-0.148909,0.085405,-0.005040,0.985143,342.990400,10.226540,357.880500
535.678,22,-0.107687,1.701505,0.047227,-0.151776,0.093533,-0.009489,0.983934,342.728500,11.289560,357.175000
535.788,22,-0.130713,1.702850,0.020524,-0.152763,0.108049,-0.013877,0.982240,342.716400,13.105110,356.380900
535.900,22,-0.149982,1.704951,0.000523,-0.147532,0.123409,-0.019115,0.981142,343.454200,14.981470,355.577300
536.010,22,-0.170804,1.702520,-0.026278,-0.130366,0.163344,-0.022961,0.977648,345.676100,19.621970,354.819700
536.122,22,-0.185110,1.696639,-0.052660,-0.105999,0.209371,-0.022449,0.971815,348.660500,24.827930,354.849500
536.232,22,-0.197198,1.690061,-0.081255,-0.085741,0.237262,-0.026931,0.967280,351.193900,27.978810,354.612400
536.343,22,-0.207702,1.688530,-0.105795,-0.075321,0.252426,-0.032424,0.964135,352.595700,29.720080,354.180500
536.455,22,-0.214065,1.689146,-0.121469,-0.076891,0.260215,-0.034510,0.961865,352.532900,30.678330,353.839400
536.567,22,-0.217974,1.692031,-0.133536,-0.085898,0.268304,-0.030637,0.959008,351.470800,31.714570,353.913500
536.678,22,-0.217469,1.694074,-0.135267,-0.094240,0.278793,-0.028363,0.955295,350.547000,33.052800,353.788100
536.790,22,-0.210503,1.694218,-0.129054,-0.098989,0.299302,-0.026291,0.948646,350.091600,35.573410,353.639200
536.901,22,-0.197531,1.693107,-0.119210,-0.105588,0.311945,-0.021991,0.943959,349.302600,37.161830,353.725500
537.012,22,-0.174852,1.691879,-0.107282,-0.107247,0.319280,-0.022172,0.941311,349.178700,38.083450,353.556700
537.124,22,-0.142647,1.689519,-0.094460,-0.105301,0.334881,-0.021547,0.936110,349.472000,39.965140,353.525200
537.235,22,-0.107506,1.688004,-0.081541,-0.112175,0.345698,-0.022112,0.931354,348.833400,41.408090,353.048000
537.346,22,-0.051788,1.684291,-0.060547,-0.134504,0.339717,-0.019434,0.930657,346.281600,41.016040,352.454900
537.458,22,0.000268,1.684665,-0.038246,-0.147377,0.321346,-0.015964,0.935287,344.608100,38.928050,352.575800
537.569,22,0.073258,1.691719,-0.005061,-0.154673,0.296467,-0.009016,0.942392,343.370700,35.879070,353.485900
537.681,22,0.133998,1.699607,0.024895,-0.162733,0.266417,-0.006421,0.950000,342.195500,32.265980,354.037000
537.792,22,0.185351,1.703928,0.051442,-0.168671,0.236584,-0.007697,0.956828,341.389300,28.715450,354.275000
537.903,22,0.226267,1.704111,0.076831,-0.169574,0.215911,-0.007829,0.961543,341.172100,26.199220,354.648100
538.015,22,0.251944,1.705187,0.098874,-0.175032,0.204990,-0.007480,0.962958,340.486400,24.937450,354.754900
538.126,22,0.273837,1.704430,0.128930,-0.181156,0.194727,-0.008241,0.963948,339.754700,23.785600,354.713700
538.237,22,0.284483,1.703440,0.155456,-0.184998,0.188297,-0.011057,0.964468,339.348400,23.111780,354.419400
538.348,22,0.291023,1.702013,0.193512,-0.192231,0.184142,-0.007572,0.963889,338.420600,22.635810,354.731100
538.460,22,0.292190,1.699871,0.227005,-0.193650,0.179975,-0.004957,0.964409,338.177600,22.086270,355.101900
538.571,22,0.293300,1.702614,0.274179,-0.195687,0.175154,-0.001140,0.964897,337.837400,21.435800,355.618700
538.682,22,0.295897,1.704230,0.316378,-0.194875,0.172984,-0.002467,0.965450,337.949000,21.187100,355.533200
538.793,22,0.297327,1.705263,0.355919,-0.191584,0.170887,-0.004082,0.966476,338.350600,20.920290,355.472500
538.903,22,0.297597,1.704879,0.390812,-0.190072,0.167084,-0.003651,0.967441,338.497100,20.423990,355.649400
539.014,22,0.298070,1.703457,0.417886,-0.188760,0.162509,-0.003327,0.968478,338.620800,19.839190,355.824900
539.126,22,0.297983,1.696625,0.449374,-0.176676,0.147650,-0.006232,0.973112,340.000600,17.947460,356.076300
539.237,22,0.297313,1.691135,0.472720,-0.160853,0.128319,-0.012170,0.978526,341.839800,15.569820,356.071500
539.348,22,0.296697,1.686811,0.505779,-0.148137,0.084161,-0.021368,0.985148,343.245200,10.357240,355.985600
539.459,22,0.295366,1.683663,0.537100,-0.142815,0.020922,-0.037330,0.988824,343.687600,3.108191,355.230500
539.570,22,0.292827,1.678660,0.585004,-0.138540,-0.101809,-0.081215,0.981757,343.228100,349.322400,352.120500
539.682,22,0.292874,1.672183,0.636105,-0.125760,-0.199882,-0.099669,0.966591,343.563000,337.868300,351.461700
539.792,22,0.292772,1.674358,0.691287,-0.120703,-0.306697,-0.108727,0.937841,342.956800,324.953800,352.191400
539.904,22,0.289874,1.684587,0.742646,-0.117909,-0.416385,-0.112877,0.894416,342.246600,311.049900,353.747300
540.014,22,0.283735,1.690679,0.777059,-0.109949,-0.491470,-0.119562,0.855613,342.201600,301.165200,354.181500
540.126,22,0.271543,1.697046,0.802803,-0.101816,-0.559872,-0.117109,0.813918,342.730300,291.653300,355.397400
540.237,22,0.264521,1.698563,0.808646,-0.094214,-0.610208,-0.115775,0.778053,343.267700,284.361700,356.097400
540.348,22,0.264034,1.697394,0.804490,-0.083446,-0.662924,-0.116934,0.734775,343.879100,276.403000,356.347300
540.459,22,0.269701,1.696382,0.794809,-0.074070,-0.690320,-0.120021,0.709625,344.286300,272.139900,355.944700
540.569,22,0.281287,1.691968,0.771681,-0.058144,-0.721343,-0.113951,0.680661,345.904000,267.196900,355.787700
540.680,22,0.295058,1.689551,0.746959,-0.041541,-0.746205,-0.096783,0.657333,348.518400,263.137600,356.182800
540.790,22,0.322126,1.688172,0.719049,-0.022623,-0.770711,-0.070273,0.632894,352.128200,258.999800,356.870500
540.900,22,0.352204,1.680652,0.700482,-0.001130,-0.782214,-0.049966,0.621002,355.436000,257.030500,356.532600
541.011,22,0.382683,1.674225,0.684029,0.001283,-0.782147,-0.042142,0.621666,356.311800,257.057500,356.874900
541.123,22,0.405634,1.678018,0.672362,-0.007715,-0.783898,-0.055400,0.618365,354.468300,256.692200,356.750500
541.235,22,0.415087,1.684168,0.670896,-0.023017,-0.773586,-0.084127,0.627661,350.848000,258.434900,355.934400
541.346,22,0.406601,1.686451,0.671604,-0.041134,-0.760954,-0.101105,0.639559,348.083400,260.500300,356.089800
541.458,22,0.382817,1.683992,0.671090,-0.049255,-0.765707,-0.114223,0.631047,346.285300,259.474500,355.943000
541.569,22,0.331567,1.677557,0.673520,-0.052838,-0.775258,-0.123421,0.617213,345.132100,257.594800,355.821300
541.681,22,0.268455,1.675347,0.677904,-0.054398,-0.783647,-0.136670,0.603540,343.747900,255.885100,355.237200
541.792,22,0.193567,1.681872,0.681592,-0.055430,-0.796427,-0.149036,0.583456,342.417800,253.249900,354.847000
541.904,22,0.115471,1.694144,0.681763,-0.055250,-0.811720,-0.162840,0.558159,340.971600,249.964300,354.410100
542.015,22,0.056152,1.697616,0.674999,-0.055460,-0.830561,-0.164975,0.529033,340.565800,245.850100,354.985500
542.127,22,-0.001025,1.700423,0.659031,-0.070541,-0.849786,-0.158007,0.497918,340.196700,241.133300,357.718200
542.239,22,-0.032323,1.700773,0.643739,-0.074673,-0.862734,-0.154133,0.475769,340.305500,237.938800,358.915600
542.349,22,-0.060103,1.700380,0.624253,-0.069778,-0.875465,-0.152179,0.453359,340.748000,234.917500,359.040600
542.461,22,-0.072666,1.699403,0.608674,-0.070733,-0.885394,-0.147819,0.434999,341.137800,232.364000,359.797200
542.571,22,-0.073319,1.699379,0.594970,-0.069622,-0.900260,-0.144157,0.404850,341.583000,228.342700,0.521315
542.682,22,-0.059303,1.700225,0.583814,-0.068147,-0.915862,-0.143267,0.368819,341.778400,223.684200,1.155098
542.793,22,-0.025254,1.702194,0.577936,-0.061289,-0.931288,-0.144808,0.328600,341.941000,218.688300,1.144404
542.904,22,0.027390,1.704915,0.579709,-0.060639,-0.941426,-0.149638,0.296056,341.479100,214.662200,1.545437
543.015,22,0.083203,1.706938,0.586735,-0.060413,-0.947804,-0.155684,0.271625,340.856500,211.676500,1.816372
543.126,22,0.160273,1.709108,0.601919,-0.059512,-0.954294,-0.166756,0.240776,339.700600,207.957200,2.033639
543.237,22,0.215568,1.708112,0.615720,-0.053267,-0.957130,-0.166958,0.230630,339.868800,206.825100,1.523073
543.347,22,0.277179,1.707704,0.634086,-0.034978,-0.960151,-0.156889,0.228631,341.502200,206.832700,359.723800
543.458,22,0.317804,1.706164,0.650789,-0.019791,-0.960420,-0.146229,0.236259,343.128000,207.916200,358.138800
543.568,22,0.357261,1.701595,0.675722,0.003504,-0.955389,-0.130970,0.264702,345.617200,211.540400,355.498100
543.679,22,0.376169,1.697050,0.695335,0.019519,-0.947825,-0.110680,0.298324,348.570400,215.546700,353.965800
543.789,22,0.390443,1.688949,0.719536,0.037178,-0.942342,-0.073968,0.324250,353.379300,218.370800,353.175400
543.900,22,0.398399,1.681136,0.737009,0.051941,-0.941770,-0.053505,0.327886,356.174500,218.648100,352.344400
544.012,22,0.403582,1.677370,0.750495,0.056057,-0.943562,-0.042556,0.323633,357.476800,218.032200,352.330400
544.123,22,0.406488,1.675152,0.759834,0.059768,-0.944283,-0.038296,0.321389,358.056900,217.726600,352.092700
544.234,22,0.407891,1.674784,0.763074,0.061430,-0.945005,-0.039146,0.318841,358.005000,217.429900,351.885500
544.345,22,0.407481,1.675630,0.759261,0.055335,-0.946445,-0.044007,0.315029,357.223700,217.005500,352.378600
544.457,22,0.403307,1.677017,0.751576,0.049057,-0.948961,-0.045332,0.308239,356.801600,216.184000,353.036200
544.568,22,0.392775,1.680614,0.740627,0.044104,-0.950365,-0.044475,0.304766,356.695000,215.744600,353.619900
544.679,22,0.385047,1.679837,0.734127,0.050422,-0.948758,-0.035117,0.309971,357.972600,216.305300,353.251000
544.790,22,0.379703,1.680050,0.727392,0.051748,-0.948972,-0.031056,0.309532,358.458200,216.221100,353.253200
544.901,22,0.376436,1.681364,0.719537,0.046906,-0.949190,-0.034414,0.309279,357.918800,216.210000,353.661300
545.012,22,0.370757,1.681341,0.705128,0.041480,-0.950577,-0.043358,0.304636,356.723300,215.712000,353.947000
545.124,22,0.357372,1.681887,0.685430,0.031047,-0.953136,-0.051231,0.296551,355.454700,214.769900,354.844900
545.235,22,0.337355,1.681927,0.662844,0.025193,-0.954026,-0.062934,0.291958,353.951500,214.289700,355.107100
545.346,22,0.299784,1.680440,0.620414,0.018070,-0.956144,-0.075916,0.282309,352.243100,213.203300,355.518600
545.458,22,0.263631,1.679477,0.578370,0.017026,-0.959510,-0.083574,0.268450,351.301200,211.603300,355.500700
545.569,22,0.216226,1.680646,0.518969,0.013417,-0.964627,-0.089676,0.247533,350.423400,209.126700,355.912900
545.681,22,0.179693,1.681403,0.468972,0.011043,-0.967995,-0.095720,0.231737,349.618900,207.274600,356.167600
545.792,22,0.150087,1.680416,0.424677,0.009293,-0.970886,-0.098498,0.218155,349.210200,205.664100,356.438600
545.904,22,0.127348,1.678096,0.388614,0.005811,-0.974837,-0.096347,0.200940,349.309100,203.567400,357.080400
546.014,22,0.112801,1.675913,0.364305,0.004372,-0.977717,-0.095823,0.186732,349.295600,201.867400,357.413900
546.126,22,0.101147,1.672518,0.344465,0.004442,-0.980878,-0.091567,0.171684,349.740400,200.065900,357.661200
546.237,22,0.098128,1.672239,0.338255,0.004417,-0.982275,-0.092268,0.163103,349.640400,199.060300,357.740900
546.348,22,0.103519,1.672213,0.342463,0.006856,-0.982732,-0.091979,0.160409,349.712800,198.766400,357.496200
546.459,22,0.119019,1.675398,0.357642,0.003445,-0.980319,-0.097038,0.171889,349.101400,200.113600,357.658800
546.570,22,0.157690,1.679353,0.393347,-0.008501,-0.974167,-0.112235,0.195781,347.173500,202.907900,358.390600
546.681,22,0.211538,1.679536,0.439068,-0.020873,-0.964796,-0.127040,0.229333,345.243700,206.880300,358.933900
546.792,22,0.282628,1.673822,0.493878,-0.029781,-0.950562,-0.138812,0.276183,343.719000,212.573500,358.802700
546.903,22,0.361047,1.668890,0.548017,-0.029193,-0.934281,-0.132767,0.329606,344.494800,219.131700,358.039000
547.013,22,0.438047,1.672643,0.598164,-0.025252,-0.920518,-0.119421,0.371145,346.195900,224.218900,357.512100
547.124,22,0.504617,1.681931,0.643360,-0.021269,-0.913498,-0.117718,0.388859,346.608000,226.481700,356.895100
547.235,22,0.549534,1.687155,0.674685,-0.019264,-0.910578,-0.108388,0.398407,347.716900,227.585600,356.991500
547.346,22,0.589263,1.689009,0.701362,-0.010955,-0.909521,-0.093764,0.404797,349.663500,228.279600,356.737700
547.457,22,0.609851,1.690194,0.710182,-0.007436,-0.910721,-0.084657,0.404184,350.781000,228.121000,356.812200
547.568,22,0.628711,1.690245,0.710115,-0.009896,-0.913266,-0.078152,0.399674,351.334900,227.466500,357.426100
547.679,22,0.637707,1.688894,0.703964,-0.015879,-0.912688,-0.072059,0.401940,351.703200,227.658100,358.324000
547.790,22,0.643293,1.689274,0.685786,-0.028771,-0.912003,-0.072381,0.402720,351.071700,227.676700,359.662500
547.902,22,0.643449,1.687453,0.656033,-0.047817,-0.916988,-0.071893,0.389460,350.264700,225.866500,1.842961
548.013,22,0.633995,1.682670,0.615140,-0.054625,-0.925045,-0.063349,0.370533,350.927600,223.408600,3.141489
548.124,22,0.611140,1.675665,0.565761,-0.054938,-0.930281,-0.055558,0.358431,351.792800,221.883300,3.613977
548.236,22,0.581901,1.669500,0.518131,-0.052321,-0.934391,-0.055945,0.347916,351.896900,220.603700,3.407814
548.347,22,0.537090,1.665393,0.455768,-0.040227,-0.938990,-0.048744,0.338089,353.180600,219.456900,2.458166
548.458,22,0.502080,1.669181,0.406866,-0.032867,-0.940879,-0.037585,0.335044,354.678200,219.103200,2.110160
548.568,22,0.463378,1.672676,0.353357,-0.026745,-0.944034,-0.026946,0.327655,356.077800,218.217100,1.886210
548.680,22,0.436859,1.676606,0.315980,-0.028054,-0.941355,-0.033502,0.334578,355.305200,219.061000,1.747919
548.791,22,0.417631,1.686074,0.285088,-0.061898,-0.923487,-0.066931,0.372640,350.226700,223.628800,3.749251
548.903,22,0.403503,1.695884,0.260434,-0.115424,-0.884906,-0.101147,0.439760,343.708300,231.861900,6.900331
549.016,22,0.392310,1.702676,0.241579,-0.150808,-0.842411,-0.124907,0.501995,338.785800,240.093500,7.933998
549.127,22,0.376835,1.708145,0.219255,-0.172965,-0.773039,-0.154430,0.590462,333.703300,253.474100,5.443466
549.239,22,0.368107,1.717246,0.199068,-0.193848,-0.704327,-0.169409,0.661549,330.322500,265.556900,3.227828
549.350,22,0.360619,1.729582,0.166975,-0.219506,-0.618868,-0.181812,0.731959,326.881400,279.458800,0.378436
549.461,22,0.355145,1.739743,0.133536,-0.249446,-0.560515,-0.185370,0.767618,323.788800,287.841000,359.648500
549.572,22,0.343355,1.741894,0.097151,-0.262448,-0.531730,-0.180798,0.784664,322.833200,291.864600,359.667200
549.684,22,0.321267,1.738081,0.064071,-0.251300,-0.529256,-0.158322,0.794777,325.455900,292.369100,0.997669
549.795,22,0.293644,1.724719,0.044479,-0.187073,-0.544610,-0.120631,0.808611,334.282700,291.952500,0.551745
549.905,22,0.253393,1.694226,0.032821,-0.040117,-0.563363,-0.041729,0.824180,353.503400,291.368600,358.639900
550.013,22,0.227188,1.675184,0.021155,0.029577,-0.572888,0.006633,0.819073,3.213192,290.022400,358.678700
550.124,22,0.207234,1.664713,0.012270,0.063938,-0.561392,0.024827,0.824703,7.662338,291.392700,358.216800
550.234,22,0.194353,1.665538,0.004838,0.047696,-0.541029,0.013865,0.839536,5.456346,294.323700,358.369200
550.345,22,0.185799,1.679352,0.003143,-0.030801,-0.460224,-0.009013,0.887223,356.390900,305.144000,0.709475
550.458,22,0.182714,1.684553,0.008949,-0.071468,-0.352498,-0.021201,0.932839,351.472500,318.552400,0.627461
550.569,22,0.166709,1.680566,0.017091,-0.077521,-0.242395,-0.022461,0.966815,350.747400,331.877900,359.660400
550.681,22,0.136633,1.674203,0.025389,-0.072982,-0.220250,-0.030706,0.972225,351.057900,334.596100,358.401400
550.793,22,0.099453,1.675999,0.039184,-0.066562,-0.206343,-0.041252,0.975341,351.554700,336.336100,356.928600
550.904,22,0.059052,1.683138,0.052076,-0.070927,-0.193499,-0.047688,0.977371,350.961400,337.904800,356.181500
551.015,22,0.023109,1.685899,0.060735,-0.078573,-0.189618,-0.051948,0.977329,350.021200,338.405000,355.822500
551.126,22,-0.020182,1.690922,0.070098,-0.079122,-0.170996,-0.044865,0.981064,350.177900,340.530600,356.452300
551.238,22,-0.050716,1.694168,0.077549,-0.079652,-0.148858,-0.044721,0.984630,350.202300,343.127100,356.255600
551.348,22,-0.082049,1.692688,0.082383,-0.082833,-0.112141,-0.037435,0.989526,350.076900,347.349200,356.769700
551.459,22,-0.094793,1.688268,0.077637,-0.073261,-0.072273,-0.037566,0.993981,351.311100,351.965100,356.282700
551.570,22,-0.100767,1.685009,0.056245,-0.056452,0.014459,-0.039296,0.997527,353.598800,1.919347,355.380800
551.680,22,-0.104586,1.681683,0.022771,-0.045202,0.114432,-0.044085,0.991423,355.437900,13.392500,354.371900
551.790,22,-0.118350,1.680873,-0.017218,-0.025065,0.190994,-0.048254,0.980084,358.240800,22.146560,354.018300
551.901,22,-0.139531,1.680911,-0.057472,-0.018145,0.233363,-0.045032,0.971177,359.184900,27.061980,354.494200
552.012,22,-0.160988,1.679668,-0.096065,-0.008316,0.248837,-0.040600,0.967658,0.235576,28.832920,355.255400
552.124,22,-0.176536,1.677915,-0.131439,-0.005139,0.261362,-0.036897,0.964522,0.537039,30.303490,355.763900
552.235,22,-0.185288,1.677022,-0.157387,-0.000794,0.272004,-0.040139,0.961459,1.163686,31.547940,355.547500
552.346,22,-0.192411,1.677573,-0.182252,-0.004348,0.276849,-0.040848,0.960035,0.817609,32.139230,355.362700
552.457,22,-0.194881,1.678267,-0.194969,-0.005421,0.278510,-0.045838,0.959324,0.867065,32.338490,354.780200
552.568,22,-0.197381,1.678774,-0.203975,-0.005394,0.276337,-0.043415,0.960065,0.781423,32.081120,355.046300
552.680,22,-0.197361,1.679520,-0.207543,-0.007195,0.271383,-0.042089,0.961524,0.516145,31.500710,355.132700
552.791,22,-0.193577,1.680336,-0.209278,-0.012368,0.268738,-0.042436,0.962199,359.943100,31.212110,354.933500
552.902,22,-0.189115,1.682472,-0.208897,-0.020139,0.266320,-0.042248,0.962748,359.067500,30.968530,354.716300
553.013,22,-0.186367,1.683971,-0.210086,-0.023893,0.269500,-0.041648,0.961803,358.652700,31.368810,354.662700
553.125,22,-0.187242,1.684158,-0.213886,-0.023475,0.270293,-0.039001,0.961701,358.620900,31.457440,354.966900
553.235,22,-0.189197,1.684426,-0.219770,-0.026849,0.274043,-0.035949,0.960670,358.172900,31.919650,355.191300
553.346,22,-0.191888,1.684193,-0.228292,-0.031768,0.279266,-0.031452,0.959173,357.514000,32.563510,355.517500
553.458,22,-0.192932,1.684386,-0.235103,-0.037384,0.286181,-0.029889,0.956979,356.879100,33.421240,355.485000
553.569,22,-0.193405,1.684575,-0.242723,-0.039916,0.295851,-0.027732,0.953997,356.574500,34.590720,355.602900
553.680,22,-0.193340,1.685037,-0.246812,-0.042982,0.301887,-0.029414,0.951920,356.326400,35.342380,355.289600
553.791,22,-0.193343,1.686463,-0.244578,-0.048044,0.300590,-0.029075,0.952099,355.755900,35.222820,355.153900
553.902,22,-0.190125,1.688139,-0.235094,-0.055404,0.298475,-0.025307,0.952472,354.811400,35.010940,355.318600
554.013,22,-0.179723,1.689706,-0.218406,-0.063970,0.299719,-0.022551,0.951613,353.786600,35.219200,355.311000
554.125,22,-0.161803,1.691945,-0.194691,-0.072731,0.302675,-0.020260,0.950099,352.765000,35.642660,355.228200
554.236,22,-0.140772,1.693188,-0.168126,-0.077299,0.302536,-0.017472,0.949838,352.167900,35.651770,355.370400
554.347,22,-0.110105,1.695622,-0.130901,-0.081398,0.301285,-0.015243,0.949931,351.636100,35.525230,355.477800
554.459,22,-0.086101,1.695747,-0.102070,-0.080748,0.298357,-0.014632,0.950920,351.672100,35.160060,355.594200
554.570,22,-0.054387,1.695586,-0.062418,-0.080729,0.292157,-0.013642,0.952860,351.612100,34.403360,355.758600
554.681,22,-0.027463,1.694634,-0.027792,-0.082849,0.280774,-0.010656,0.956132,351.231400,33.028130,356.118600
554.792,22,-0.001129,1.692717,0.005561,-0.083244,0.270165,-0.010181,0.959155,351.130400,31.752340,356.256500
554.904,22,0.021177,1.690841,0.034261,-0.081082,0.260549,-0.010248,0.961995,351.334800,30.581460,356.406100
555.015,22,0.036262,1.689457,0.052745,-0.077320,0.252608,-0.009367,0.964429,351.697000,29.595310,356.690200
555.126,22,0.050384,1.687064,0.068083,-0.071910,0.247565,-0.011242,0.966134,352.334900,28.967040,356.683900
555.238,22,0.057672,1.685601,0.075401,-0.069118,0.247197,-0.011571,0.966428,352.653300,28.905310,356.732100
555.348,22,0.062866,1.685044,0.078993,-0.067110,0.245142,-0.011488,0.967094,352.867100,28.646320,356.815400
555.459,22,0.063237,1.685583,0.076041,-0.066000,0.243391,-0.013339,0.967588,353.036900,28.442630,356.653700
555.570,22,0.057534,1.687444,0.062466,-0.067898,0.242721,-0.016269,0.967580,352.906200,28.395430,356.276500
555.681,22,0.043646,1.689955,0.039641,-0.069363,0.244652,-0.018330,0.966953,352.809200,28.649380,355.989600
555.792,22,0.021029,1.691935,0.008066,-0.072469,0.251718,-0.020179,0.964873,352.548500,29.527350,355.637500
555.902,22,-0.009048,1.692825,-0.027159,-0.067423,0.259420,-0.023458,0.963123,353.240400,30.423620,355.369600
556.013,22,-0.043527,1.692764,-0.062418,-0.060873,0.261328,-0.027315,0.962941,354.090500,30.618510,355.131300
556.124,22,-0.079239,1.692441,-0.096305,-0.050381,0.258870,-0.028340,0.964181,355.268900,30.249530,355.353400
556.235,22,-0.108459,1.689602,-0.124935,-0.035395,0.256010,-0.029300,0.965582,356.941700,29.813570,355.709500
556.346,22,-0.140029,1.684080,-0.161056,-0.013058,0.257818,-0.035617,0.965449,359.607600,29.918110,355.669600
556.457,22,-0.159743,1.680556,-0.187695,-0.003378,0.259634,-0.042274,0.964776,0.884280,30.087490,355.219800
556.568,22,-0.179416,1.677260,-0.218119,0.003432,0.261791,-0.047441,0.963952,1.802630,30.306960,354.853100
556.679,22,-0.190582,1.676305,-0.236842,0.003383,0.260931,-0.049446,0.964085,1.852522,30.201770,354.627900
556.790,22,-0.200846,1.676561,-0.255264,-0.000010,0.257190,-0.050891,0.965020,1.498851,29.772540,354.361000
556.902,22,-0.207252,1.676224,-0.265860,-0.003219,0.252212,-0.051712,0.966284,1.138184,29.199090,354.169800
557.012,22,-0.211153,1.675820,-0.272616,-0.004669,0.250311,-0.051518,0.966783,0.960477,28.982400,354.147600
557.124,23,-0.213283,1.675267,-0.276551,-0.005008,0.251345,-0.051751,0.966500,0.935973,29.106370,354.113100
557.235,23,-0.214617,1.674719,-0.279505,-0.004260,0.252759,-0.049783,0.966238,0.970285,29.271240,354.354600
557.346,23,-0.215340,1.675336,-0.283153,-0.008251,0.252853,-0.046261,0.966363,0.426772,29.305850,354.630100
557.457,23,-0.214899,1.674722,-0.285281,-0.004790,0.251968,-0.044734,0.966689,0.761008,29.184360,354.899100
557.568,23,-0.213783,1.673076,-0.287879,0.000459,0.253837,-0.047194,0.966095,1.423767,29.378000,354.779900
557.679,23,-0.214261,1.672273,-0.288473,0.004385,0.250879,-0.047675,0.966834,1.856755,29.009390,354.834400
557.790,23,-0.216256,1.670596,-0.288206,0.011358,0.241436,-0.046822,0.969220,2.557755,27.866410,355.103100
557.902,23,-0.218385,1.668473,-0.287017,0.021090,0.234565,-0.045349,0.970813,3.567477,27.026720,355.508700
558.012,23,-0.222121,1.665939,-0.285217,0.031600,0.221406,-0.043240,0.973710,4.627975,25.457330,355.960600
558.124,23,-0.227476,1.663449,-0.282397,0.045385,0.200368,-0.040335,0.977837,6.022692,22.976140,356.501000
558.234,23,-0.233806,1.659203,-0.279642,0.065394,0.171499,-0.038008,0.982277,8.134993,19.592160,356.975200
558.346,23,-0.242325,1.653206,-0.276303,0.093568,0.130938,-0.032569,0.986428,11.135170,14.896080,357.678100
558.457,23,-0.249919,1.648350,-0.273525,0.114210,0.098511,-0.029942,0.988107,13.391400,11.133180,357.839800
558.568,23,-0.258384,1.641231,-0.268728,0.141830,0.062316,-0.029613,0.987484,16.487140,6.868375,357.560800
558.678,23,-0.262011,1.634707,-0.262843,0.163287,0.044422,-0.036994,0.984883,18.961000,4.574013,356.462000
558.789,23,-0.260514,1.627608,-0.249140,0.181006,0.039123,-0.045490,0.981650,21.034400,3.706786,355.382000
558.900,23,-0.253186,1.622591,-0.230928,0.189477,0.050132,-0.051475,0.979253,22.101740,4.871218,354.933900
559.010,23,-0.241032,1.617132,-0.203696,0.198672,0.066280,-0.058844,0.976050,23.305090,6.627889,354.468200
559.122,23,-0.223127,1.611986,-0.165971,0.204040,0.085078,-0.055412,0.973683,24.002040,9.010086,355.404800
559.233,23,-0.200261,1.604645,-0.115793,0.198858,0.091167,-0.048403,0.974578,23.355230,9.938332,356.372400
559.344,23,-0.174307,1.591275,-0.056833,0.193930,0.097441,-0.041218,0.975294,22.725050,10.878760,357.352400
559.456,23,-0.151502,1.577749,-0.003436,0.189294,0.100123,-0.036265,0.976129,22.136420,11.314670,357.964900
559.567,23,-0.125152,1.558827,0.063950,0.190235,0.097597,-0.036072,0.976209,22.238280,11.013200,357.938600
559.680,23,-0.108080,1.542358,0.113353,0.192190,0.095631,-0.033495,0.976113,22.433070,10.839000,358.225000
559.789,23,-0.091943,1.526381,0.166184,0.195836,0.091691,-0.032146,0.975811,22.835940,10.399060,358.332200
559.901,23,-0.083033,1.517265,0.201260,0.194148,0.084335,-0.030151,0.976875,22.606620,9.543811,358.376100
560.012,23,-0.075922,1.508298,0.228414,0.194299,0.077329,-0.026421,0.977533,22.578800,8.778468,358.659300
560.124,23,-0.069945,1.500931,0.250215,0.194116,0.072519,-0.025779,0.977955,22.545150,8.206485,358.618500
560.235,23,-0.065440,1.496068,0.265993,0.193102,0.065882,-0.026053,0.978618,22.419060,7.389013,358.416400
560.346,23,-0.059493,1.488881,0.284758,0.187611,0.058167,-0.027631,0.980130,21.776090,6.408695,358.004400
560.458,23,-0.055990,1.479972,0.300928,0.183894,0.052626,-0.028530,0.981122,21.336650,5.716101,357.746400
560.569,23,-0.054038,1.466539,0.323548,0.180826,0.042657,-0.029539,0.982146,20.959960,4.490143,357.385500
560.680,23,-0.053318,1.455086,0.344650,0.179400,0.033507,-0.027706,0.982815,20.762260,3.428641,357.398700
560.791,23,-0.052274,1.446179,0.361980,0.182137,0.027244,-0.027307,0.982516,21.062880,2.677206,357.313800
560.903,23,-0.051127,1.442158,0.371192,0.184013,0.023317,-0.029449,0.982206,21.275370,2.150444,356.969200
561.013,23,-0.050904,1.443401,0.372159,0.181951,0.023463,-0.030044,0.982568,21.036870,2.159790,356.898300
561.125,23,-0.053674,1.449053,0.364283,0.176831,0.021893,-0.029053,0.983569,20.433680,2.005456,356.977700
561.236,23,-0.056976,1.459703,0.347795,0.168552,0.022880,-0.028335,0.985020,19.472310,2.159287,357.075100
561.347,23,-0.062850,1.481373,0.311041,0.154536,0.029343,-0.025891,0.987212,17.856830,3.007188,357.468000
561.459,23,-0.070468,1.501666,0.271874,0.142480,0.035652,-0.024174,0.988860,16.469740,3.803913,357.749900
561.569,23,-0.083958,1.525367,0.215430,0.133114,0.039467,-0.023840,0.990028,15.393950,4.270882,357.818600
561.680,23,-0.095778,1.543202,0.164487,0.125732,0.036458,-0.026400,0.991043,14.544790,3.887465,357.444500
561.791,23,-0.104968,1.560381,0.113196,0.119498,0.031452,-0.029767,0.991890,13.823350,3.263546,356.957800
561.902,23,-0.109335,1.580276,0.060290,0.112082,0.031128,-0.034348,0.992617,12.982170,3.182442,356.398500
562.012,23,-0.109981,1.600313,0.006262,0.107947,0.034300,-0.040420,0.992742,12.538790,3.487191,355.720100
562.123,23,-0.108408,1.615006,-0.043815,0.114410,0.043497,-0.043863,0.991511,13.337860,4.492654,355.459600
562.234,23,-0.107190,1.623059,-0.082058,0.122370,0.048642,-0.044890,0.990275,14.283870,5.052832,355.442500
562.345,23,-0.104643,1.628771,-0.120573,0.123127,0.050573,-0.048797,0.989900,14.400710,5.219167,355.015600
562.457,23,-0.102931,1.630578,-0.141924,0.124468,0.050087,-0.051978,0.989595,14.569420,5.109286,354.640200
562.568,23,-0.102151,1.632348,-0.160071,0.124131,0.047281,-0.053679,0.989684,14.523490,4.755785,354.397100
562.679,23,-0.103139,1.632641,-0.168948,0.126326,0.041596,-0.052224,0.989740,14.738340,4.099917,354.489600
562.789,23,-0.104541,1.633135,-0.171582,0.127072,0.040472,-0.048258,0.989892,14.802060,4.024944,354.941000
562.901,23,-0.106881,1.629291,-0.161305,0.134343,0.038861,-0.041165,0.989317,15.605710,3.919216,355.771900
563.011,23,-0.106879,1.623743,-0.140136,0.142698,0.034870,-0.030560,0.988680,16.516830,3.601708,356.982100
563.123,23,-0.102784,1.615422,-0.109599,0.153988,0.027812,-0.025369,0.987355,17.787800,2.835788,357.500200
563.234,23,-0.096965,1.607256,-0.073697,0.166555,0.014830,-0.023942,0.985630,19.210160,1.289964,357.435300
563.345,23,-0.088571,1.590670,-0.023150,0.186823,-0.002775,-0.021434,0.982156,21.522020,359.171000,357.342000
563.457,23,-0.082948,1.576293,0.015930,0.206934,-0.012622,-0.018978,0.978090,23.848520,357.960800,357.346200
563.568,23,-0.078366,1.560881,0.061043,0.223212,-0.026652,-0.017016,0.974257,25.723240,356.211400,357.133500
563.678,23,-0.076259,1.551658,0.091424,0.228493,-0.033316,-0.016667,0.972833,26.324860,355.364300,356.952400
563.789,23,-0.074413,1.540894,0.125805,0.233227,-0.033317,-0.012380,0.971773,26.901760,355.463900,357.454700
563.901,23,-0.073446,1.532949,0.151889,0.230445,-0.032245,-0.009760,0.972502,26.588960,355.689300,357.830900
564.012,23,-0.071797,1.525183,0.174895,0.230057,-0.032820,-0.008680,0.972585,26.546910,355.651100,357.951000
564.124,23,-0.070306,1.518934,0.194143,0.226809,-0.032812,-0.009305,0.973342,26.162230,355.648900,357.893000
564.235,23,-0.069488,1.515621,0.207753,0.224089,-0.032542,-0.010147,0.973972,25.839550,355.671000,357.812700
564.346,23,-0.069213,1.512885,0.219154,0.224491,-0.032831,-0.009969,0.973872,25.886910,355.638200,357.824100
564.457,23,-0.069240,1.511610,0.224946,0.225340,-0.033437,-0.009823,0.973657,25.985950,355.563100,357.819700
564.568,23,-0.069182,1.511923,0.228765,0.224073,-0.033235,-0.010082,0.973953,25.836390,355.586800,357.801100
564.680,23,-0.068753,1.513181,0.226979,0.223258,-0.034450,-0.012053,0.974076,25.728650,355.384300,357.527500
564.790,23,-0.068325,1.519555,0.216907,0.218484,-0.033375,-0.014708,0.975159,25.159030,355.468000,357.259900
564.902,23,-0.069130,1.530706,0.197912,0.208725,-0.031409,-0.015467,0.977348,24.017950,355.740000,357.280100
565.013,23,-0.071444,1.546345,0.168681,0.193646,-0.028219,-0.013395,0.980574,22.272540,356.249600,357.696200
565.124,23,-0.075571,1.565604,0.128989,0.175303,-0.026545,-0.011956,0.984084,20.144670,356.553600,357.995500
565.235,23,-0.079668,1.582828,0.087302,0.163207,-0.024417,-0.011729,0.986220,18.744190,356.852800,358.117700
565.346,23,-0.084666,1.602767,0.028351,0.151778,-0.018370,-0.013990,0.988145,17.424160,357.564100,358.004400
565.457,23,-0.088251,1.614451,-0.018031,0.152301,-0.014705,-0.018242,0.988057,17.483240,357.920100,357.564700
565.568,23,-0.091996,1.624785,-0.074895,0.153397,-0.009700,-0.025189,0.987796,17.611540,358.383300,356.828000
565.679,23,-0.094034,1.628592,-0.113265,0.155783,-0.001817,-0.027850,0.987397,17.910930,359.261500,356.652400
565.789,23,-0.097797,1.631046,-0.154992,0.153223,-0.001801,-0.028400,0.987782,17.613820,359.262900,356.592000
565.903,24,-0.100246,1.632423,-0.186393,0.149896,-0.002767,-0.031643,0.988191,17.222160,359.102900,356.196100
566.012,24,-0.103085,1.633675,-0.212761,0.146535,0.000117,-0.035540,0.988567,16.841670,359.390400,355.791800
566.124,24,-0.107172,1.634444,-0.233223,0.144267,0.002368,-0.035505,0.988899,16.588690,359.667500,355.839100
566.235,24,-0.111306,1.635621,-0.246539,0.141692,0.003728,-0.034545,0.989301,16.296560,359.855900,355.979600
566.346,24,-0.115549,1.636580,-0.259676,0.140010,0.009315,-0.033064,0.989554,16.123630,0.547391,356.250200
566.457,24,-0.118681,1.636390,-0.267087,0.142750,0.012838,-0.033178,0.989119,16.454030,0.951400,356.295300
566.568,24,-0.123972,1.636528,-0.272055,0.143837,0.014470,-0.030577,0.989023,16.582800,1.185334,356.631200
566.679,24,-0.128752,1.636524,-0.272518,0.146818,0.010586,-0.028669,0.988691,16.913170,0.749514,356.789600
566.790,24,-0.134445,1.636840,-0.270497,0.148280,0.001766,-0.025723,0.988609,17.054030,359.752100,356.981900
566.902,24,-0.137859,1.636846,-0.266151,0.150463,-0.004792,-0.024492,0.988301,17.287710,358.989300,357.007200
567.012,24,-0.139588,1.634882,-0.258810,0.158276,-0.005326,-0.025150,0.987060,18.191160,358.885700,356.902500
567.124,24,-0.141361,1.626795,-0.246816,0.184373,-0.005238,-0.025606,0.982509,21.224740,358.786900,356.786900
567.235,24,-0.142999,1.614212,-0.233385,0.230637,-0.004974,-0.028666,0.972605,26.637980,358.532100,356.276000
567.346,24,-0.143543,1.604906,-0.211321,0.258258,-0.011234,-0.026183,0.965656,29.880160,357.671900,356.272400
567.457,24,-0.144540,1.605479,-0.189856,0.253454,-0.039672,-0.017633,0.966373,29.239570,354.369400,356.439500
567.568,24,-0.150088,1.611856,-0.156324,0.220537,-0.120505,-0.007107,0.967880,25.162940,344.859300,355.760600
567.679,24,-0.157405,1.621153,-0.127891,0.170751,-0.226507,-0.001543,0.958925,19.073190,332.600200,355.125400
567.790,24,-0.163040,1.632353,-0.092061,0.123361,-0.392464,0.000161,0.911457,13.002990,312.759100,354.314000
567.902,24,-0.161467,1.642598,-0.062010,0.091553,-0.543675,0.015350,0.834146,9.754634,293.442200,355.697300
568.013,24,-0.153815,1.646662,-0.035776,0.083203,-0.664018,0.038001,0.742101,10.017950,276.080700,356.851000
568.126,24,-0.141427,1.651837,-0.021388,0.082353,-0.748587,0.052312,0.655819,10.739080,262.141700,356.809400
568.237,24,-0.125677,1.654764,-0.019421,0.076004,-0.802880,0.064742,0.587721,11.145280,252.147600,357.316100
568.347,24,-0.101032,1.656006,-0.026206,0.066868,-0.854551,0.074378,0.509647,11.260940,241.401300,357.751900
568.458,24,-0.078775,1.654572,-0.038700,0.065075,-0.886564,0.084170,0.450205,11.995690,233.599900,357.679800
568.569,24,-0.047784,1.655225,-0.056567,0.056120,-0.910259,0.093948,0.399316,12.465600,227.198700,358.407400
568.680,24,-0.015936,1.658022,-0.073922,0.042846,-0.926915,0.075977,0.364993,9.911435,222.865300,358.605900
568.791,24,0.020068,1.665778,-0.089939,0.033648,-0.938654,0.046623,0.340035,6.338891,219.726200,358.186000
568.903,24,0.053536,1.673537,-0.104561,0.022153,-0.946264,0.020148,0.322006,3.003489,217.542500,358.338700
569.014,24,0.077337,1.675601,-0.116550,0.021691,-0.949533,0.011332,0.312712,2.010651,216.422400,358.044300
569.126,24,0.099852,1.672552,-0.130112,0.020433,-0.951109,0.012599,0.307921,2.094581,215.846000,358.216000
569.237,24,0.108354,1.661547,-0.140840,0.036448,-0.949012,0.055515,0.308166,7.344345,215.849900,357.979700
569.347,24,0.106072,1.634796,-0.154930,0.076842,-0.933166,0.155491,0.314833,19.790510,216.803300,357.228000
569.458,24,0.094857,1.621807,-0.164627,0.091161,-0.923585,0.194397,0.317633,24.645020,217.338900,357.168600
569.567,24,0.069433,1.619956,-0.174174,0.091318,-0.926137,0.196779,0.308560,24.887830,216.187500,356.985200
569.679,24,0.042004,1.622272,-0.178115,0.085762,-0.934641,0.181321,0.293621,22.911170,214.201500,356.649400
569.790,24,-0.002841,1.634928,-0.178923,0.059900,-0.954516,0.133540,0.259768,16.621710,210.055200,357.310000
569.902,24,-0.051057,1.652693,-0.181019,0.036412,-0.968570,0.077033,0.233695,9.569366,206.962000,357.993200
570.013,24,-0.097482,1.668248,-0.191361,0.025321,-0.974511,0.032321,0.220552,4.253160,205.429900,357.983200
570.125,24,-0.135434,1.675536,-0.207484,0.021817,-0.976854,0.008576,0.212618,1.491683,204.529300,357.765400
570.237,24,-0.162537,1.680635,-0.225723,0.010989,-0.979407,-0.009303,0.201384,359.209500,203.248300,358.551800
570.348,24,-0.190671,1.684975,-0.257182,0.007158,-0.981524,-0.035137,0.187951,356.199300,201.732500,358.434500
570.460,24,-0.208303,1.685273,-0.290195,0.001682,-0.981170,-0.049388,0.186721,354.474600,201.610000,358.748200
570.570,24,-0.225269,1.681562,-0.340314,-0.007607,-0.980436,-0.059870,0.187359,353.093600,201.663500,359.566100
570.682,24,-0.237292,1.679713,-0.390660,-0.007185,-0.979524,-0.062408,0.191277,352.818800,202.134300,359.434200
570.793,24,-0.247609,1.680175,-0.448088,-0.006934,-0.979464,-0.052733,0.194477,353.915300,202.481800,359.600800
570.905,24,-0.259008,1.678413,-0.508076,0.003812,-0.979616,-0.013938,0.200359,358.522800,203.128000,359.251800
571.015,24,-0.269932,1.675097,-0.553128,0.015290,-0.975951,0.008445,0.217288,1.325233,205.086100,358.499700
571.126,24,-0.283520,1.668959,-0.595548,0.022011,-0.969935,0.027675,0.240782,3.685886,207.828900,358.313400
571.236,24,-0.294333,1.668109,-0.616906,0.031910,-0.967455,0.036016,0.248425,4.907213,208.694700,357.477700
571.347,24,-0.310230,1.667638,-0.632888,0.041188,-0.963711,0.034186,0.261525,5.016039,210.210600,356.460200
571.458,24,-0.324171,1.665424,-0.639943,0.043401,-0.959852,0.035632,0.274831,5.293543,211.785900,356.330300
571.569,24,-0.346952,1.666338,-0.647694,0.047334,-0.956776,0.032934,0.285051,5.163912,212.994100,355.865800
571.681,24,-0.376603,1.663743,-0.662786,0.053068,-0.956622,0.034874,0.284326,5.560716,212.877100,355.291400
571.791,24,-0.414533,1.660658,-0.683545,0.053567,-0.956744,0.039001,0.283285,6.025889,212.743100,355.362500
571.903,24,-0.457406,1.660798,-0.705724,0.053682,-0.957999,0.041823,0.278580,6.317752,212.174700,355.409200
572.014,24,-0.493110,1.659537,-0.723801,0.053799,-0.959550,0.042113,0.273124,6.327234,211.520600,355.369200
572.126,24,-0.533342,1.657571,-0.745713,0.054710,-0.960985,0.036825,0.268624,5.748958,210.987200,355.078100
572.237,24,-0.558584,1.655106,-0.762011,0.055737,-0.962748,0.037049,0.261986,5.770357,210.190200,354.931000
572.348,24,-0.580812,1.651423,-0.779515,0.054967,-0.965763,0.042716,0.249913,6.314193,208.746400,355.104600
572.459,24,-0.590902,1.649975,-0.786359,0.054256,-0.968122,0.044071,0.240528,6.397933,207.634300,355.159800
572.570,24,-0.596808,1.649772,-0.782803,0.058149,-0.970479,0.043445,0.230005,6.377255,206.367400,354.637400
572.681,24,-0.595152,1.652968,-0.766960,0.059675,-0.973880,0.043281,0.214765,6.311417,204.561200,354.362300
572.791,24,-0.586846,1.657294,-0.737396,0.063537,-0.977063,0.040429,0.199192,5.987709,202.719200,353.762800
572.903,24,-0.570353,1.659954,-0.694967,0.065124,-0.978407,0.040497,0.191937,5.983610,201.859900,353.540400
573.013,24,-0.545870,1.664966,-0.644814,0.063789,-0.979645,0.026692,0.188451,4.378185,201.524200,353.381600
573.124,24,-0.515727,1.664621,-0.592561,0.058728,-0.981609,0.015653,0.180969,2.979883,200.727400,353.697400
573.235,24,-0.488895,1.662988,-0.545772,0.056707,-0.983059,0.012229,0.173870,2.508235,199.924900,353.837900
573.346,24,-0.459763,1.663436,-0.484581,0.053037,-0.984839,0.011245,0.164778,2.271148,198.882100,354.212500
573.457,24,-0.441405,1.663179,-0.436664,0.055236,-0.986450,0.009527,0.154189,2.053323,197.658400,353.909100
573.568,24,-0.422756,1.663499,-0.379302,0.056591,-0.987481,0.008128,0.147010,1.873416,196.832400,353.717300
573.679,24,-0.410018,1.664420,-0.340501,0.052289,-0.988499,0.008835,0.141625,1.849734,196.213300,354.207600
573.790,24,-0.393908,1.670740,-0.301030,0.044450,-0.991083,0.005261,0.125501,1.236841,194.380100,355.020000
573.902,24,-0.382036,1.677771,-0.272753,0.034698,-0.994265,-0.005471,0.101012,359.778300,191.609900,355.980100
574.013,24,-0.376140,1.679169,-0.246028,0.026973,-0.996672,-0.007762,0.076530,359.350100,188.799600,356.849500
574.125,24,-0.376246,1.678486,-0.218976,0.022529,-0.998731,0.002235,0.044985,0.371878,185.149600,357.432300
574.237,24,-0.381910,1.677234,-0.197002,0.022441,-0.999529,0.008250,0.019252,0.994445,182.184700,357.446600
574.348,24,-0.393143,1.676278,-0.171464,0.016943,-0.999482,0.020197,-0.018463,2.277954,177.843900,358.014800
574.458,24,-0.404501,1.680810,-0.153443,0.014624,-0.998645,0.023661,-0.043994,2.634889,174.913800,358.205000
574.569,24,-0.418642,1.681983,-0.131799,0.013322,-0.997279,0.028033,-0.066871,3.103044,172.280600,358.259900
574.680,24,-0.427893,1.681104,-0.114576,0.008356,-0.995995,0.033498,-0.082481,3.746886,170.490300,358.726900
574.791,24,-0.436524,1.678849,-0.098619,0.002719,-0.994390,0.035934,-0.099452,4.067018,168.551800,359.278900
574.902,24,-0.445203,1.679155,-0.084165,0.006102,-0.993265,0.032172,-0.111141,3.586432,167.196300,358.893500
575.013,24,-0.452130,1.679377,-0.072488,0.007837,-0.992979,0.025598,-0.115219,2.810381,166.732500,358.768600
575.125,24,-0.455861,1.680401,-0.064375,0.008709,-0.993054,0.018264,-0.115911,1.963088,166.663800,358.765600
575.236,24,-0.454650,1.682303,-0.061411,0.009345,-0.993464,0.008372,-0.113455,0.831600,166.961400,358.827000
575.346,24,-0.447236,1.683543,-0.063937,0.005561,-0.993865,-0.002822,-0.110421,359.608200,167.322600,359.402300
575.458,24,-0.437304,1.683613,-0.071060,0.004493,-0.994857,-0.011168,-0.100570,358.674900,168.459500,359.616300
575.569,24,-0.417777,1.684235,-0.087747,-0.000462,-0.997153,-0.020406,-0.072592,357.671500,171.668000,0.222678
575.680,24,-0.394428,1.685695,-0.112056,0.002076,-0.998262,-0.036258,-0.046406,355.837700,174.678500,359.955200
575.792,24,-0.368350,1.691724,-0.139913,0.005324,-0.998605,-0.050167,-0.015608,354.240100,178.235300,359.477900
575.904,24,-0.341436,1.695550,-0.166778,0.003658,-0.997768,-0.065040,0.014649,352.548800,181.716900,359.468100
576.015,24,-0.319098,1.696730,-0.186956,0.004516,-0.996650,-0.069648,0.042636,352.042200,184.959300,359.135600
576.126,24,-0.292539,1.694874,-0.208262,0.001732,-0.994064,-0.078759,0.075036,351.006500,188.703100,359.114500
576.237,24,-0.273856,1.691340,-0.222699,0.001325,-0.992081,-0.080248,0.096608,350.852900,191.207900,358.947500
576.348,24,-0.253034,1.688919,-0.239271,-0.003864,-0.990205,-0.072444,0.119295,351.698000,193.779700,359.442200
576.460,24,-0.241376,1.687636,-0.250702,-0.007822,-0.989262,-0.067539,0.129379,352.203700,194.910000,359.884300
576.570,24,-0.233690,1.686064,-0.266483,-0.011165,-0.987179,-0.065767,0.145011,352.352100,196.701800,0.171741
576.681,24,-0.232221,1.685053,-0.281999,-0.010640,-0.985300,-0.065010,0.157620,352.445900,198.175600,0.027352
576.792,24,-0.234642,1.684437,-0.298064,-0.009202,-0.984813,-0.066125,0.160268,352.345900,198.498400,359.822500
576.904,24,-0.240737,1.684573,-0.316297,-0.007443,-0.984392,-0.070523,0.161068,351.880200,198.618100,359.533300
577.015,24,-0.248568,1.683804,-0.335479,-0.008870,-0.984477,-0.075236,0.158321,351.318300,198.299900,359.631500
577.126,24,-0.262562,1.683505,-0.365420,-0.005298,-0.985146,-0.083169,0.150139,350.476100,197.401000,359.155500
577.237,24,-0.276472,1.685413,-0.392608,-0.001735,-0.985701,-0.088506,0.143377,349.922600,196.664700,358.722000
577.348,24,-0.296717,1.688453,-0.431191,0.000096,-0.985462,-0.096497,0.139833,349.037800,196.304500,358.413800
577.460,24,-0.314024,1.690396,-0.463310,0.001854,-0.984956,-0.102641,0.139007,348.364800,196.258100,358.116800
577.570,24,-0.337651,1.690857,-0.506275,0.002523,-0.985015,-0.107943,0.134491,347.762000,195.763700,358.006000
577.681,24,-0.359715,1.691236,-0.544609,0.004302,-0.985339,-0.115062,0.125891,346.957900,194.813600,357.797000
577.793,24,-0.381976,1.691427,-0.581341,0.005309,-0.986100,-0.118876,0.115962,346.513500,193.679100,357.758100
577.904,24,-0.403590,1.690885,-0.615872,0.008458,-0.986320,-0.123644,0.108691,345.991500,192.893200,357.426700
578.015,24,-0.420382,1.689457,-0.642642,0.009405,-0.985956,-0.127507,0.107449,345.557400,192.783700,357.280500
578.126,24,-0.436048,1.689212,-0.669462,0.010164,-0.986554,-0.126892,0.102501,345.623800,192.207100,357.274200
578.237,24,-0.443934,1.688399,-0.684329,0.010502,-0.987179,-0.125152,0.098508,345.816600,191.731000,357.316500
578.348,24,-0.452247,1.687610,-0.697986,0.010941,-0.986968,-0.124206,0.101719,345.939300,192.110100,357.230900
578.460,24,-0.456378,1.687237,-0.705070,0.010816,-0.987003,-0.122893,0.102982,346.092000,192.249300,357.244600
578.570,24,-0.460647,1.687156,-0.710202,0.011218,-0.986322,-0.124524,0.107411,345.922600,192.786800,357.111500
578.682,24,-0.462414,1.687317,-0.711866,0.010545,-0.985297,-0.125047,0.115943,345.878900,193.787200,357.057900
578.793,24,-0.458708,1.689489,-0.704335,0.005633,-0.984547,-0.120674,0.126779,346.338200,194.969700,357.541100
578.904,24,-0.448667,1.695868,-0.686836,0.000844,-0.980652,-0.128099,0.148029,345.463800,197.466800,357.656600
579.015,24,-0.434153,1.698427,-0.669860,-0.006665,-0.977194,-0.127217,0.169890,345.469500,199.953100,358.212200
579.126,24,-0.405019,1.699101,-0.648405,-0.012762,-0.971066,-0.125619,0.202701,345.573200,203.777000,358.453300
579.237,24,-0.372237,1.695632,-0.632149,-0.018457,-0.962716,-0.123143,0.240152,345.761000,208.187800,358.604300
579.348,24,-0.315990,1.684626,-0.611630,-0.021755,-0.945119,-0.121812,0.302389,345.912100,215.721500,358.077000
579.459,24,-0.261780,1.674508,-0.597146,-0.012331,-0.924848,-0.115854,0.362054,347.101500,223.164300,356.407300
579.570,24,-0.184864,1.678883,-0.582950,-0.000654,-0.889314,-0.116342,0.442250,348.023600,233.508400,354.030200
579.682,24,-0.118423,1.685283,-0.574180,-0.001825,-0.854543,-0.105800,0.508487,349.474300,242.071000,353.899900
579.792,24,-0.056625,1.683795,-0.566154,0.000702,-0.820351,-0.085753,0.565393,351.957800,249.550000,354.312900
579.903,24,-0.004710,1.685726,-0.559431,0.007369,-0.792492,-0.072527,0.605509,353.913500,255.069400,354.256500
580.013,24,0.037652,1.687198,-0.553424,0.012856,-0.775217,-0.064321,0.628281,355.206100,258.289800,354.197000
580.124,24,0.073720,1.686202,-0.547780,0.019433,-0.768856,-0.050829,0.637102,356.939000,259.438200,354.561100
580.234,24,0.100547,1.687494,-0.540655,0.016401,-0.770949,-0.049674,0.634745,356.802900,259.073000,354.923400
580.346,24,0.130221,1.686362,-0.526541,0.014250,-0.774492,-0.048121,0.630590,356.757200,258.439500,355.245000
580.458,24,0.150341,1.684813,-0.511131,0.012520,-0.774549,-0.044124,0.630849,356.987400,258.437300,355.689100
580.569,24,0.174478,1.682397,-0.486869,0.013691,-0.774687,-0.033009,0.631334,358.059800,258.418000,356.392100
580.681,24,0.192534,1.684674,-0.465293,0.010549,-0.776654,-0.025770,0.629312,358.467000,258.072200,357.200700
580.792,24,0.209604,1.684116,-0.448560,0.007169,-0.777689,-0.020670,0.628268,358.674000,257.891700,357.871900
580.903,24,0.228919,1.682984,-0.443632,0.009663,-0.770568,-0.015642,0.637093,359.324200,259.178600,358.004300
581.014,24,0.247135,1.684586,-0.450634,0.003782,-0.754666,-0.014369,0.655941,359.041600,262.004800,358.592600
581.125,24,0.270533,1.683569,-0.472519,0.003604,-0.730827,-0.012742,0.682435,359.214700,266.086600,358.701500
581.236,24,0.285692,1.686701,-0.495875,0.010522,-0.714620,-0.018423,0.699191,359.334400,268.763100,357.661500
581.347,24,0.298684,1.686615,-0.524732,0.006827,-0.697692,-0.025436,0.715914,358.526400,271.510900,357.365700
581.458,24,0.306736,1.681726,-0.540689,0.013050,-0.691576,-0.025275,0.721744,359.076200,272.470900,356.873500
581.569,24,0.313091,1.682483,-0.550006,0.020437,-0.684324,-0.028494,0.728335,359.471200,273.587300,356.015800
581.680,24,0.313813,1.682985,-0.550576,0.024210,-0.676809,-0.032983,0.735021,359.481000,274.743300,355.339000
581.791,24,0.309800,1.684954,-0.547032,0.028251,-0.677598,-0.037841,0.733915,359.437700,274.596000,354.615700
581.902,24,0.304842,1.687165,-0.539343,0.028413,-0.681902,-0.045165,0.729495,358.845900,273.923200,353.992000
582.013,24,0.300143,1.688383,-0.526655,0.028346,-0.681741,-0.043847,0.729728,358.944900,273.948700,354.107700
582.124,24,0.296255,1.689119,-0.511598,0.026464,-0.673623,-0.042735,0.737364,358.937300,275.225600,354.336000
582.236,24,0.293029,1.689424,-0.501735,0.030571,-0.679019,-0.044908,0.732108,359.070400,274.359100,353.841200
582.347,24,0.289910,1.689865,-0.492368,0.029475,-0.691651,-0.046051,0.720159,358.782400,272.379000,353.850400
582.458,24,0.287969,1.690861,-0.486628,0.026335,-0.696739,-0.044831,0.715438,358.579600,271.589100,354.210400
582.569,24,0.285705,1.689809,-0.480319,0.026432,-0.698507,-0.041839,0.713890,358.813300,271.305500,354.451700
582.680,24,0.284313,1.689314,-0.476257,0.026247,-0.699268,-0.041108,0.713194,358.851000,271.184600,354.527900
582.791,24,0.282984,1.689442,-0.473235,0.025374,-0.699894,-0.039479,0.712704,358.905900,271.089400,354.732300
582.903,24,0.281923,1.689288,-0.471060,0.024928,-0.700917,-0.038070,0.711790,358.975500,270.927700,354.885000
583.013,24,0.281875,1.689262,-0.470002,0.025475,-0.704199,-0.036860,0.708587,359.094100,270.395900,354.944200
583.125,24,0.282378,1.689043,-0.469457,0.024661,-0.706720,-0.037168,0.706086,358.985300,269.993000,354.988400
583.236,24,0.282887,1.689201,-0.468850,0.024802,-0.706929,-0.037822,0.705837,358.942100,269.958400,354.924200
583.347,24,0.283512,1.689910,-0.470277,0.020784,-0.709064,-0.039607,0.703724,358.457600,269.632700,355.109600
583.459,24,0.286069,1.695813,-0.479157,0.000663,-0.736264,-0.056229,0.674355,355.302000,265.155500,355.579800
583.570,24,0.295454,1.704612,-0.505736,-0.032309,-0.811881,-0.086395,0.576491,349.773700,251.000500,357.253900
583.682,24,0.308764,1.709193,-0.535000,-0.051354,-0.877637,-0.099722,0.466016,347.120500,235.954300,359.835200
583.793,24,0.321485,1.708571,-0.559036,-0.056693,-0.917327,-0.090787,0.383478,347.875000,225.159500,2.015356
583.905,24,0.326521,1.707377,-0.573620,-0.056596,-0.927682,-0.082493,0.359720,348.827000,222.127900,2.667443
584.016,24,0.326475,1.706942,-0.580057,-0.054071,-0.927711,-0.080957,0.360381,349.095000,222.224600,2.449858
584.126,24,0.323318,1.706149,-0.583358,-0.049116,-0.924028,-0.079203,0.370794,349.467300,223.557100,1.867081
584.237,24,0.320469,1.704958,-0.584344,-0.043944,-0.922347,-0.077206,0.376010,349.894100,224.239700,1.338837
584.348,24,0.315047,1.703621,-0.582583,-0.035885,-0.913772,-0.071622,0.398250,350.823600,227.058300,0.495394
584.459,24,0.305723,1.701890,-0.572378,-0.026186,-0.882785,-0.059100,0.465309,352.604700,235.619400,359.493500
584.570,24,0.293146,1.698325,-0.551523,-0.015674,-0.816332,-0.041856,0.575851,355.044200,250.455600,358.699300
584.681,24,0.286724,1.695547,-0.537580,0.002298,-0.774890,-0.034581,0.631146,357.094300,258.394200,357.290400
584.791,24,0.283077,1.693123,-0.529075,0.014453,-0.755619,-0.030167,0.654157,358.471200,261.813900,356.483700
584.902,24,0.281035,1.691973,-0.524950,0.021021,-0.748944,-0.027775,0.661717,359.210200,262.950300,356.086400
585.013,24,0.279479,1.691341,-0.522637,0.023833,-0.744528,-0.025966,0.666661,359.605300,263.697300,355.979600
585.124,24,0.278017,1.690665,-0.521738,0.025496,-0.742837,-0.023523,0.668574,359.951000,263.977900,356.024400
585.235,24,0.276727,1.690381,-0.521646,0.026502,-0.743627,-0.021677,0.667718,0.180633,263.836500,356.080000
585.346,24,0.275496,1.689865,-0.522140,0.027023,-0.745547,-0.018807,0.665639,0.454463,263.503400,356.254100
585.458,24,0.275286,1.689303,-0.522676,0.027244,-0.748644,-0.016878,0.662198,0.619381,262.967900,356.379500
585.568,24,0.275163,1.688652,-0.522977,0.028359,-0.751333,-0.014427,0.659156,0.900023,262.494100,356.466000
