timestamp,level,px,py,pz,rx,ry,rz,rw,ex,ey,ez
142.771,1,0.143894,1.675818,-0.163307,-0.046573,-0.014334,0.042824,-0.997894,5.403933,1.416996,355.152300
142.884,1,0.141676,1.682083,-0.162011,-0.026259,-0.010715,0.039854,-0.998803,3.055857,1.108047,355.459600
142.996,1,0.139458,1.688474,-0.160946,-0.002964,-0.004609,0.037917,-0.999266,0.359435,0.514857,355.655500
143.107,1,0.136843,1.696904,-0.160590,0.030076,0.006190,0.034913,-0.998919,356.530400,359.410700,356.014400
143.219,1,0.135782,1.700562,-0.159580,0.044011,0.010647,0.032493,-0.998446,354.918300,358.941500,356.319100
143.330,1,0.136287,1.702121,-0.157594,0.050947,0.012019,0.030034,-0.998177,354.120800,358.794100,356.615000
143.442,1,0.137664,1.700835,-0.156385,0.047184,0.013387,0.029150,-0.998371,354.549000,358.619700,356.720800
143.553,1,0.139483,1.698560,-0.155822,0.037462,0.015746,0.027720,-0.998789,355.658200,358.311700,356.884500
143.664,1,0.141777,1.693781,-0.155011,0.017514,0.020309,0.027857,-0.999252,357.929300,357.728300,356.847300
143.775,1,0.143184,1.685992,-0.154636,-0.015548,0.030788,0.029631,-0.998966,1.675526,356.418900,356.549700
143.886,1,0.142211,1.672739,-0.154192,-0.071135,0.054853,0.030030,-0.995505,7.951561,353.420200,356.086500
143.996,1,0.139494,1.667170,-0.153825,-0.089958,0.080068,0.028558,-0.992311,10.018060,350.410900,355.860700
144.107,1,0.137373,1.663773,-0.151902,-0.100145,0.103236,0.025044,-0.989286,11.126400,347.685100,355.895700
144.218,1,0.136894,1.661336,-0.151872,-0.106605,0.115483,0.025092,-0.987254,11.811780,346.206700,355.654400
144.328,1,0.136660,1.660831,-0.153705,-0.109855,0.123063,0.025930,-0.985959,12.136580,345.283000,355.413800
144.440,1,0.136739,1.661303,-0.155519,-0.108676,0.125405,0.024354,-0.985835,12.014880,345.036300,355.586100
144.551,1,0.137495,1.659769,-0.156684,-0.115536,0.125940,0.026460,-0.984932,12.763380,344.892100,355.222800
144.662,1,0.133405,1.660388,-0.154260,-0.121461,0.127530,0.028172,-0.983967,13.405470,344.631000,354.903100
144.773,1,0.120674,1.661672,-0.148295,-0.122154,0.134142,0.028904,-0.982980,13.438180,343.835200,354.714600
144.885,1,0.102112,1.663822,-0.140241,-0.122556,0.143046,0.035034,-0.981474,13.329290,342.699100,353.874500
144.996,1,0.086076,1.666060,-0.133381,-0.123328,0.139924,0.038771,-0.981687,13.372940,343.009700,353.470300
145.107,1,0.065490,1.669002,-0.126163,-0.120214,0.130038,0.044090,-0.983206,12.998340,344.138500,353.046400
145.218,1,0.049648,1.669716,-0.120596,-0.117966,0.121756,0.048101,-0.984351,12.739920,345.085000,352.730400
145.329,1,0.031423,1.669382,-0.115126,-0.118375,0.106012,0.049548,-0.986050,12.881920,346.909100,352.762500
145.440,1,0.016470,1.670358,-0.111878,-0.113091,0.093757,0.051514,-0.987809,12.343070,348.373100,352.768000
145.551,1,0.003815,1.672926,-0.109789,-0.102127,0.075790,0.053463,-0.990438,11.197790,350.550600,352.892000
145.663,1,-0.005378,1.674932,-0.107233,-0.087984,0.052027,0.052691,-0.993366,9.748187,353.437500,353.367200
145.774,1,-0.009487,1.680257,-0.104799,-0.063485,0.026759,0.054542,-0.996132,7.097589,356.520000,353.516100
145.886,1,-0.013137,1.683342,-0.099086,-0.044827,-0.007240,0.059175,-0.997214,5.178634,0.525538,353.231800
145.996,1,-0.017148,1.670618,-0.085894,-0.088900,-0.032172,0.062890,-0.993532,10.410300,3.074206,353.036300
146.107,1,-0.022035,1.629280,-0.060967,-0.222311,-0.060573,0.074151,-0.970263,26.128360,5.405308,352.514600
146.217,1,-0.022053,1.606161,-0.043846,-0.280927,-0.082897,0.082958,-0.952537,33.294400,7.652977,352.336600
146.327,1,-0.019025,1.599401,-0.030455,-0.289147,-0.106316,0.084324,-0.947618,34.467060,10.675640,353.150000
146.438,1,-0.013946,1.596544,-0.024790,-0.288668,-0.129479,0.090305,-0.944326,34.651210,13.526190,353.312200
146.549,1,0.003323,1.587953,-0.020395,-0.303030,-0.183756,0.106440,-0.929019,37.024730,20.294780,353.787100
146.657,1,0.025739,1.585895,-0.017536,-0.304743,-0.236117,0.110473,-0.916066,37.625540,27.463550,355.764900
146.757,1,0.053859,1.586855,-0.013217,-0.295950,-0.276968,0.114209,-0.907005,36.878510,32.928370,356.901400
146.872,1,0.104071,1.586757,-0.005742,-0.283762,-0.307875,0.119657,-0.900208,35.772500,36.833590,357.124200
146.980,1,0.142195,1.586580,-0.001744,-0.277591,-0.314909,0.127439,-0.898630,35.391890,37.407320,356.187200
147.093,1,0.214263,1.584260,0.008955,-0.270825,-0.319293,0.143171,-0.896776,35.251490,37.322460,354.107400
147.205,1,0.284008,1.580169,0.022874,-0.271498,-0.321736,0.143653,-0.895622,35.363060,37.664890,354.185600
147.315,1,0.340568,1.576484,0.038600,-0.276987,-0.321501,0.143737,-0.894011,35.992690,37.739590,354.403800
147.424,1,0.403942,1.573575,0.060710,-0.276584,-0.316408,0.138488,-0.896777,35.711560,37.197730,354.816400
147.534,1,0.442183,1.573039,0.075994,-0.271067,-0.314186,0.134042,-0.899913,34.896870,36.931090,355.039400
147.646,1,0.476638,1.578305,0.094341,-0.259820,-0.312606,0.127753,-0.904683,33.365810,36.709410,355.281000
147.758,1,0.496199,1.579076,0.109697,-0.250751,-0.309016,0.129564,-0.908211,32.380780,35.994820,354.539000
147.869,1,0.512677,1.575888,0.127437,-0.245361,-0.316842,0.132006,-0.906633,31.907900,36.903810,354.329300
147.981,1,0.517166,1.573657,0.141695,-0.239977,-0.330371,0.131969,-0.903244,31.380070,38.672800,354.634100
148.091,1,0.515499,1.575807,0.156455,-0.230202,-0.350784,0.129103,-0.898493,30.281210,41.385030,355.317700
148.203,1,0.509681,1.575740,0.173913,-0.217472,-0.378674,0.128077,-0.890454,28.966340,45.002520,355.845000
148.315,1,0.504045,1.566598,0.194653,-0.208296,-0.405779,0.130504,-0.880298,28.205610,48.502250,356.049100
148.426,1,0.498456,1.549312,0.221455,-0.186419,-0.436683,0.122959,-0.871457,25.613630,52.486020,356.726200
148.537,1,0.495503,1.525624,0.235509,-0.181384,-0.444906,0.124874,-0.868081,25.215660,53.486210,356.489000
148.648,1,0.499928,1.466879,0.244946,-0.166176,-0.444573,0.130861,-0.870411,23.931020,53.047010,354.975600
148.760,1,0.504402,1.403682,0.244120,-0.163442,-0.444940,0.130313,-0.870824,23.617050,53.060940,354.895800
148.871,1,0.509580,1.314602,0.239026,-0.156164,-0.452421,0.124608,-0.869138,22.594470,54.062430,355.321700
148.982,1,0.510581,1.231919,0.232813,-0.155468,-0.456797,0.125301,-0.866871,22.582610,54.640600,355.328100
149.093,1,0.506086,1.152040,0.224076,-0.145719,-0.458571,0.118998,-0.868515,21.238760,54.824210,355.504500
149.205,1,0.498491,1.077811,0.214088,-0.141811,-0.456504,0.116035,-0.870649,20.663330,54.527000,355.551300
149.316,1,0.493298,1.025995,0.208137,-0.136778,-0.454129,0.111188,-0.873325,19.870150,54.201160,355.732900
149.427,1,0.488717,0.980589,0.205253,-0.135503,-0.452425,0.108920,-0.874692,19.609240,53.984620,355.864600
149.538,1,0.486067,0.959151,0.203942,-0.135643,-0.441422,0.103405,-0.880940,19.285600,52.584500,356.207200
149.649,1,0.488732,0.940909,0.204411,-0.130873,-0.428603,0.107137,-0.887521,18.913670,50.765680,355.271200
149.761,1,0.496852,0.934531,0.204449,-0.132045,-0.418748,0.115002,-0.891061,19.367930,49.361420,354.259700
149.872,1,0.509294,0.935283,0.193498,-0.126210,-0.420181,0.119826,-0.890596,18.995930,49.423680,353.479800
149.983,1,0.526124,0.942461,0.161633,-0.109770,-0.442487,0.126626,-0.880978,17.786460,52.146660,352.398100
150.094,1,0.543288,0.951091,0.118001,-0.091976,-0.471453,0.131832,-0.867118,16.487900,55.830700,351.489600
150.205,1,0.566002,0.957519,0.054521,-0.067547,-0.505242,0.136901,-0.849368,14.659870,60.231380,350.222000
150.317,1,0.581712,0.957019,0.011012,-0.052734,-0.531990,0.147316,-0.832168,14.152810,63.779750,348.755600
150.428,1,0.591028,0.963841,-0.021985,-0.053170,-0.557907,0.152580,-0.814022,14.881120,67.373130,348.717900
150.539,1,0.586350,0.997036,-0.019856,-0.062399,-0.562076,0.140646,-0.812647,15.041810,68.090710,350.557000
150.650,1,0.579017,1.085857,0.010386,-0.068623,-0.540825,0.125483,-0.828887,14.447300,65.238400,352.058300
150.761,1,0.565689,1.185381,0.035392,-0.053567,-0.515660,0.117339,-0.847029,12.225530,61.758900,351.554700
150.872,1,0.549886,1.288600,0.047270,-0.031364,-0.485999,0.107868,-0.866710,9.161307,57.829880,350.879200
150.984,1,0.534635,1.394533,0.042480,-0.010896,-0.478339,0.098467,-0.872570,6.500727,56.930580,350.650300
151.095,1,0.521055,1.483884,0.022919,0.001379,-0.482844,0.092502,-0.870806,4.986769,57.605370,350.615900
151.207,1,0.498563,1.579459,-0.024476,0.024314,-0.492003,0.078736,-0.866685,2.024811,59.002200,350.763800
151.318,1,0.479839,1.629427,-0.075939,0.045137,-0.493391,0.065657,-0.866151,359.232100,59.395940,350.892200
151.429,1,0.461063,1.663375,-0.152502,0.059315,-0.478436,0.055049,-0.874386,357.073500,57.597690,351.186200
151.541,1,0.457627,1.681548,-0.222623,0.065984,-0.453470,0.036353,-0.888082,355.168400,54.402300,352.827600
151.651,1,0.457944,1.693517,-0.276922,0.069084,-0.449033,0.030648,-0.890313,354.520500,53.850900,353.272300
151.762,1,0.457235,1.699934,-0.310382,0.068075,-0.427578,0.035375,-0.900717,354.699400,51.114150,352.965700
151.873,1,0.455542,1.700420,-0.330545,0.073580,-0.404430,0.036452,-0.910875,353.998200,48.264390,352.725900
151.984,1,0.451387,1.702573,-0.342959,0.083703,-0.391068,0.032909,-0.915957,352.669300,46.707450,352.715900
152.095,1,0.450200,1.701878,-0.345123,0.086568,-0.378741,0.033344,-0.920842,352.289100,45.211470,352.637800
152.206,1,0.452778,1.696024,-0.328750,0.070154,-0.373042,0.033280,-0.924560,353.979000,44.292490,353.424600
152.318,1,0.451892,1.693035,-0.300290,0.068947,-0.368307,0.029163,-0.926685,353.897800,43.673180,353.947800
152.428,1,0.445809,1.683753,-0.242868,0.062499,-0.380141,0.023855,-0.922506,354.423500,45.047770,354.723400
152.539,1,0.436616,1.675786,-0.177665,0.054775,-0.397216,0.015071,-0.915965,354.930100,47.070110,355.905400
152.650,1,0.421639,1.668229,-0.068880,0.044095,-0.412867,0.010695,-0.909661,355.906000,48.938460,356.789200
152.761,1,0.409243,1.672319,0.034370,0.033121,-0.422712,0.010566,-0.905597,357.073400,50.113340,357.294700
152.871,1,0.398750,1.682418,0.123577,0.019574,-0.423025,0.004224,-0.905897,358.172500,50.084340,358.611800
152.983,1,0.391953,1.689125,0.188267,0.011960,-0.420889,0.005911,-0.907014,359.042000,49.796190,358.808500
153.094,1,0.389149,1.691669,0.224293,0.008241,-0.428949,0.009266,-0.903244,359.602500,50.810620,358.635700
153.205,1,0.382981,1.690330,0.238682,-0.002475,-0.430160,0.006201,-0.902728,0.561671,50.954090,359.480500
153.316,1,0.380525,1.687901,0.233124,0.007581,-0.425922,0.005067,-0.904714,359.461400,50.424490,359.104600
153.427,1,0.384784,1.682256,0.233755,0.007009,-0.431753,0.019405,-0.901756,0.235827,51.164540,357.647300
153.538,1,0.389703,1.674965,0.252963,-0.017435,-0.450047,0.024699,-0.892493,3.058328,53.476330,358.370500
153.649,1,0.397041,1.653305,0.300109,-0.055161,-0.463471,0.037119,-0.883614,7.578821,55.300190,359.163800
153.760,1,0.398678,1.645531,0.352687,-0.062050,-0.472298,0.038453,-0.878411,8.356606,56.493610,359.482100
153.871,1,0.399183,1.641987,0.429886,-0.055058,-0.480615,0.041489,-0.874218,7.824902,57.523420,358.865300
153.982,1,0.399308,1.642877,0.495473,-0.058204,-0.491373,0.038190,-0.868163,7.966375,58.982260,359.472900
154.093,1,0.399085,1.648098,0.545696,-0.062321,-0.487931,0.037840,-0.869832,8.357180,58.559210,359.709700
154.205,1,0.395957,1.652363,0.582279,-0.050335,-0.500978,0.043755,-0.862887,7.510445,60.182350,358.550600
154.316,1,0.389910,1.653892,0.609989,-0.047442,-0.516036,0.035151,-0.854529,6.739730,62.216410,359.359000
154.427,1,0.380669,1.658637,0.639114,-0.039502,-0.527682,0.025838,-0.848129,5.409533,63.771620,359.876900
154.539,1,0.373959,1.666057,0.651781,-0.026706,-0.534704,0.013509,-0.844509,3.414208,64.689990,0.329604
154.650,1,0.366267,1.676289,0.654772,-0.012788,-0.538353,0.008740,-0.842577,1.774134,65.151120,359.945000
154.761,1,0.359627,1.692678,0.646341,0.005888,-0.544425,0.000835,-0.838789,359.486100,65.974010,359.552400
154.873,1,0.353290,1.726745,0.628157,0.027699,-0.545872,-0.005437,-0.837393,357.000600,66.230030,358.787400
154.984,1,0.346697,1.776776,0.604976,0.044537,-0.557388,-0.032134,-0.828434,353.706900,67.855600,0.207165
155.096,1,0.337214,1.797275,0.583266,0.060986,-0.572376,-0.053305,-0.815981,350.761300,70.015480,0.997216
155.207,1,0.328812,1.798129,0.563343,0.073079,-0.584891,-0.046898,-0.806450,350.053400,71.954060,359.427300
155.318,1,0.325264,1.803474,0.554588,0.078261,-0.591695,-0.050147,-0.800786,349.357300,72.987620,359.283000
155.429,1,0.325700,1.800279,0.549208,0.084319,-0.589320,-0.048700,-0.802010,348.892500,72.737950,358.758200
155.540,1,0.335252,1.775594,0.547494,0.080586,-0.594020,-0.050117,-0.798833,349.147000,73.356500,359.085900
155.651,1,0.350597,1.717719,0.545986,0.081927,-0.594596,-0.052095,-0.798142,348.887900,73.451450,359.166900
155.762,1,0.365374,1.634258,0.542567,0.082683,-0.594239,-0.046744,-0.798661,349.185700,73.432040,358.623100
155.873,1,0.380042,1.537997,0.537000,0.086181,-0.590883,-0.051515,-0.800485,348.530200,72.979930,358.867400
155.984,1,0.396160,1.431018,0.529556,0.090997,-0.589538,-0.056117,-0.800634,347.767600,72.840840,358.977800
156.096,1,0.410099,1.331123,0.523554,0.091007,-0.586777,-0.053712,-0.802823,347.926900,72.452940,358.795400
156.206,1,0.416633,1.206005,0.513054,0.090262,-0.586476,-0.046501,-0.803578,348.485900,72.429860,358.178900
156.317,1,0.415488,1.126156,0.503518,0.087576,-0.587201,-0.043722,-0.803501,348.925700,72.503460,358.097000
156.428,1,0.417914,1.080631,0.487323,0.092862,-0.588612,-0.043869,-0.801865,348.429700,72.792300,357.720500
156.539,1,0.431740,1.087074,0.472690,0.096277,-0.597532,-0.040915,-0.794992,348.347600,74.157160,357.073500
156.650,1,0.446694,1.093201,0.449280,0.101398,-0.609879,-0.032794,-0.785297,348.506500,76.092680,355.776200
156.762,1,0.449397,1.080577,0.416105,0.106525,-0.622286,-0.026633,-0.775051,348.564100,78.057270,354.655500
156.872,1,0.444970,1.068974,0.371432,0.113638,-0.643183,-0.010163,-0.757165,349.329600,81.408520,352.351700
156.983,1,0.434444,1.068925,0.326273,0.124688,-0.668848,-0.003984,-0.732857,349.158900,85.667810,350.567800
157.094,1,0.422451,1.070047,0.291982,0.137972,-0.688191,-0.002268,-0.712286,348.482200,89.139660,349.017600
157.205,1,0.407647,1.066437,0.252427,0.156420,-0.697517,0.007607,-0.699246,347.986600,91.288440,346.468800
157.317,1,0.398051,1.061628,0.220817,0.171281,-0.705021,0.018878,-0.687933,347.933900,93.094080,344.125600
157.428,1,0.386336,1.055332,0.179891,0.191165,-0.717782,0.032754,-0.668709,347.956900,96.075570,341.010300
157.538,1,0.376159,1.049896,0.149206,0.207967,-0.728926,0.044742,-0.650703,348.145800,98.767030,338.328300
157.650,1,0.361590,1.043903,0.113942,0.231736,-0.740683,0.058320,-0.627922,348.192100,102.066600,334.815700
157.761,1,0.348746,1.040258,0.089930,0.249601,-0.748501,0.066906,-0.610713,348.187500,104.501800,332.275100
157.871,1,0.338736,1.037194,0.073565,0.260980,-0.757067,0.065706,-0.595334,347.804300,106.800700,331.031900
157.983,1,0.332722,1.033647,0.063646,0.263491,-0.766086,0.070234,-0.582024,348.515300,108.603500,330.304700
158.094,1,0.329946,1.037330,0.060803,0.257196,-0.778752,0.072023,-0.567634,349.641300,110.544200,330.637000
158.206,1,0.338830,1.066934,0.074356,0.223780,-0.806003,0.072166,-0.543207,352.716100,113.746200,333.723100
158.316,1,0.357870,1.116189,0.094493,0.186879,-0.827298,0.076898,-0.524157,356.062200,116.086600,336.999100
158.427,1,0.373767,1.164877,0.114509,0.154518,-0.832608,0.083928,-0.525209,358.707900,115.742900,339.784500
158.538,1,0.364940,1.170282,0.115209,0.133927,-0.829622,0.063466,-0.538297,357.771800,114.376400,343.096300
158.649,1,0.344516,1.125373,0.088265,0.124615,-0.807458,0.037929,-0.575365,355.288100,109.643700,345.775700
158.761,1,0.315295,1.072586,0.045293,0.108039,-0.791265,0.025414,-0.601317,354.852900,106.060900,348.325300
158.872,1,0.286674,1.056060,0.015404,0.089874,-0.779277,0.018067,-0.619939,355.223100,103.385600,350.616500
158.984,1,0.260333,1.062728,-0.006552,0.097206,-0.758196,0.011979,-0.644630,353.848400,99.764280,350.573200
159.095,1,0.242729,1.068255,-0.020350,0.100131,-0.750445,0.004959,-0.653285,352.912500,98.482990,350.910800
159.206,1,0.232990,1.069047,-0.022104,0.090120,-0.740090,-0.006264,-0.666413,352.565900,96.468490,352.755400
159.318,1,0.230104,1.066593,-0.013215,0.088462,-0.727311,-0.009827,-0.680512,352.259200,94.260460,353.317700
159.428,1,0.223073,1.068055,0.002792,0.090207,-0.715027,-0.016072,-0.693066,351.487600,92.248520,353.805100
159.540,1,0.214394,1.073483,0.019726,0.092670,-0.713143,-0.027041,-0.694341,350.371600,91.994910,354.492600
159.651,1,0.198251,1.080167,0.040653,0.090223,-0.705886,-0.029068,-0.701954,350.345800,90.745740,354.962400
159.762,1,0.174980,1.083690,0.054638,0.084693,-0.703361,-0.032577,-0.705017,350.488400,90.219570,355.743400
159.873,1,0.147196,1.086526,0.063715,0.089945,-0.696996,-0.038041,-0.710394,349.582400,89.288540,355.840700
159.984,1,0.118481,1.090632,0.068851,0.101156,-0.691352,-0.048094,-0.713783,347.824500,88.616620,355.822300
160.095,1,0.097186,1.091979,0.072517,0.107326,-0.689700,-0.057055,-0.713820,346.589500,88.492570,356.074600
160.206,1,0.082965,1.092783,0.076268,0.110803,-0.687703,-0.065294,-0.714509,345.632300,88.250570,356.502700
160.317,1,0.077443,1.090072,0.077762,0.109043,-0.690213,-0.056618,-0.713099,346.486600,88.619080,355.884700
160.428,1,0.072565,1.088768,0.080159,0.107794,-0.693299,-0.058295,-0.710154,346.471300,89.090480,356.068000
160.539,1,0.069998,1.085607,0.081804,0.103247,-0.694655,-0.051276,-0.710046,347.416700,89.202280,355.850200
160.650,1,0.062616,1.083631,0.084150,0.104442,-0.694909,-0.055944,-0.709270,346.943800,89.271390,356.127200
160.761,1,0.056636,1.083365,0.084613,0.106186,-0.693333,-0.059062,-0.710300,346.541200,89.055700,356.265700
160.872,1,0.054363,1.083776,0.083836,0.106151,-0.695982,-0.059230,-0.707696,346.544400,89.488440,356.231400
160.983,1,0.055489,1.083408,0.084074,0.104978,-0.696170,-0.060041,-0.707618,346.575400,89.490170,356.393100
161.094,1,0.058149,1.081587,0.084215,0.103920,-0.697121,-0.057168,-0.707075,346.899200,89.620770,356.229600
161.205,1,0.061094,1.079925,0.085035,0.102437,-0.694211,-0.057849,-0.710093,346.950200,89.108600,356.464800
161.316,1,0.062686,1.079553,0.084993,0.103867,-0.692485,-0.057969,-0.711559,346.814800,88.861120,356.387100
161.427,1,0.059094,1.079276,0.085449,0.106905,-0.695339,-0.061929,-0.707983,346.261200,89.401280,356.400700
161.539,1,0.052331,1.079585,0.086984,0.106432,-0.694736,-0.064220,-0.708442,346.111500,89.290080,356.640300
161.650,1,0.054170,1.078076,0.088243,0.101681,-0.693039,-0.060987,-0.711083,346.753500,88.898230,356.807800
161.761,1,0.071592,1.074068,0.089298,0.093372,-0.693546,-0.053609,-0.712321,348.031000,88.796270,356.886000
161.872,1,0.098438,1.071679,0.090998,0.089162,-0.693700,-0.047093,-0.713171,348.900600,88.735170,356.697400
161.983,1,0.133574,1.070033,0.095490,0.082110,-0.692683,-0.038374,-0.715525,350.173500,88.435840,356.576700
162.095,1,0.168225,1.068012,0.100396,0.075509,-0.691294,-0.032610,-0.717877,351.170300,88.096490,356.659600
162.206,1,0.211872,1.063086,0.104326,0.071930,-0.689185,-0.028015,-0.720462,351.821300,87.701300,356.595600
162.317,1,0.242218,1.057538,0.105522,0.073815,-0.689922,-0.027228,-0.719596,351.732000,87.850400,356.369300
162.428,1,0.274324,1.050055,0.106138,0.073483,-0.692725,-0.028015,-0.716901,351.710600,88.293780,356.428800
162.540,1,0.294626,1.046032,0.106075,0.075538,-0.692386,-0.033231,-0.716793,351.123400,88.272130,356.694800
162.651,1,0.321999,1.042601,0.105586,0.078283,-0.692155,-0.037527,-0.716509,350.553300,88.281200,356.827500
162.762,1,0.351477,1.038305,0.105230,0.079598,-0.693252,-0.035827,-0.715389,350.586400,88.482190,356.565400
162.873,1,0.383605,1.032189,0.105515,0.076619,-0.698499,-0.030742,-0.710833,351.264500,89.277850,356.326200
162.985,1,0.414355,1.025737,0.109304,0.071649,-0.701181,-0.030289,-0.708728,351.718600,89.628020,356.666300
163.095,1,0.438268,1.021949,0.115208,0.074300,-0.696890,-0.028397,-0.712754,351.634000,88.977930,356.344600
163.207,1,0.466789,1.020988,0.123602,0.065975,-0.702034,-0.026650,-0.708580,352.477500,89.676800,356.827500
163.318,1,0.486840,1.020491,0.129985,0.063256,-0.705803,-0.024401,-0.705157,352.896900,90.249270,356.829700
163.428,1,0.510746,1.016104,0.136810,0.058387,-0.707381,-0.026095,-0.703934,353.158700,90.438140,357.352300
163.539,1,0.525255,1.013040,0.141502,0.058178,-0.705543,-0.028122,-0.705715,353.004200,90.135690,357.551600
163.650,1,0.535249,1.008426,0.143548,0.050490,-0.712790,-0.022908,-0.699183,354.073000,91.223400,357.698500
163.762,1,0.533207,1.005376,0.145643,0.046270,-0.716903,-0.019460,-0.695363,354.706800,91.852130,357.739300
163.873,1,0.517559,1.007990,0.148415,0.056353,-0.713294,-0.026630,-0.698088,353.300000,91.380580,357.506300
163.984,1,0.493799,1.015214,0.148358,0.051505,-0.716820,-0.040695,-0.694161,352.539200,91.905430,358.997900
164.095,1,0.473075,1.032374,0.146663,0.055005,-0.711434,-0.043771,-0.699228,351.998300,91.060470,359.013300
164.206,1,0.455570,1.058061,0.135208,0.049831,-0.706239,-0.048757,-0.704533,352.005100,90.145420,359.902600
164.318,1,0.448993,1.065733,0.123295,0.046614,-0.690137,-0.044701,-0.720791,352.594100,87.510330,0.005831
164.428,1,0.440590,1.056092,0.108368,0.031419,-0.662723,-0.024972,-0.747788,355.406400,83.107450,359.753000
164.539,1,0.427148,1.040539,0.099824,0.025867,-0.637828,0.004667,-0.769730,358.059100,79.331990,357.695800
164.650,1,0.404619,1.019878,0.092719,0.007096,-0.617290,0.036820,-0.785842,1.965945,76.234700,356.177300
164.761,1,0.385953,0.996219,0.087784,-0.025510,-0.610706,0.075023,-0.787883,7.575454,75.226400,354.961400
164.871,1,0.375994,0.985540,0.091948,-0.020547,-0.617840,0.078934,-0.782062,7.450809,76.248500,354.323700
164.983,1,0.365875,0.976122,0.105522,-0.046896,-0.620271,0.073828,-0.779496,9.479621,76.746450,356.691600
165.093,1,0.356994,0.974154,0.111392,-0.064512,-0.617763,0.109286,-0.776057,13.600780,76.408050,354.691900
165.204,1,0.348730,0.976528,0.114623,-0.086985,-0.611075,0.126910,-0.776476,16.869160,75.596690,354.556900
165.316,1,0.342317,0.993642,0.115375,-0.094201,-0.612265,0.135604,-0.773221,18.163330,75.835290,354.301200
165.427,1,0.333460,1.029131,0.115743,-0.106833,-0.611310,0.140338,-0.771487,19.658950,75.877590,354.765100
165.539,1,0.323858,1.053353,0.112758,-0.137214,-0.609950,0.165853,-0.762645,24.306270,76.143100,354.611400
165.649,1,0.299292,1.082851,0.106479,-0.171711,-0.598035,0.179958,-0.761895,28.482770,75.118310,355.508000
165.760,1,0.286093,1.103426,0.099160,-0.197505,-0.575627,0.195941,-0.768930,31.958970,72.204820,354.999500
165.870,1,0.265376,1.138864,0.077982,-0.238262,-0.525763,0.221068,-0.786087,37.376440,65.177340,352.987400
165.982,1,0.241552,1.195561,0.044642,-0.236691,-0.474420,0.202639,-0.823310,35.592280,57.426100,352.290600
166.092,1,0.217127,1.266475,0.008156,-0.220161,-0.443542,0.167035,-0.852584,31.573050,53.263210,353.968400
166.203,1,0.190686,1.335807,-0.026023,-0.179982,-0.401433,0.125152,-0.889266,24.871490,47.501380,355.062600
166.315,1,0.167402,1.386229,-0.047173,-0.106742,-0.323571,0.104822,-0.934302,15.503280,37.173660,352.439100
166.426,1,0.141078,1.429255,-0.068764,-0.031374,-0.213755,0.104593,-0.970765,6.063393,24.251770,349.004900
166.538,1,0.120354,1.454836,-0.076809,0.007444,-0.130358,0.106966,-0.985652,0.757059,14.986430,347.712200
166.650,1,0.096077,1.480720,-0.073199,0.010548,-0.034647,0.099073,-0.994421,359.191300,4.071688,348.592200
166.762,1,0.085849,1.495188,-0.066227,0.002242,-0.015222,0.091464,-0.995690,359.903700,1.760599,349.501600
166.872,1,0.076541,1.504388,-0.060531,0.003068,-0.008311,0.073700,-0.997241,359.719600,0.975729,351.544300
166.984,1,0.072045,1.508771,-0.055917,0.004185,-0.001620,0.066653,-0.997766,359.533800,0.217175,352.355500
167.095,1,0.072201,1.510773,-0.051176,-0.001912,-0.001909,0.063499,-0.997978,0.232523,0.204362,352.719100
167.206,1,0.071289,1.513336,-0.045430,-0.001512,0.004696,0.065731,-0.997825,0.137500,359.451700,352.461500
167.318,1,0.070643,1.513670,-0.041326,-0.002524,0.003868,0.065419,-0.997847,0.259644,359.538800,352.497100
167.428,1,0.072760,1.514727,-0.039398,-0.006964,-0.008756,0.066484,-0.997725,0.862952,0.948156,352.382500
167.539,1,0.075358,1.521005,-0.044038,-0.016521,-0.038397,0.069799,-0.996685,2.194561,4.260313,352.069800
167.650,1,0.081204,1.537712,-0.063047,-0.036301,-0.129082,0.079978,-0.987737,5.299344,14.493000,351.415900
167.761,1,0.086017,1.557597,-0.095270,-0.064787,-0.236939,0.096246,-0.964572,9.822274,26.822790,350.951100
167.871,1,0.086678,1.574536,-0.137314,-0.102937,-0.342584,0.112327,-0.927051,15.534540,39.439740,351.780900
167.983,1,0.078697,1.582245,-0.176438,-0.146808,-0.406454,0.127325,-0.892766,21.446570,47.693880,353.336600
168.093,1,0.064540,1.584786,-0.207908,-0.176593,-0.439181,0.145608,-0.868754,25.768000,52.207340,353.760200
168.204,1,0.046761,1.588634,-0.227709,-0.185450,-0.448449,0.147940,-0.861752,26.891990,53.619380,354.295800
168.315,1,0.028115,1.591539,-0.235494,-0.186912,-0.446531,0.150446,-0.861998,27.167460,53.327630,354.035700
168.425,1,0.000945,1.592036,-0.234720,-0.194424,-0.441257,0.153217,-0.862564,28.074710,52.675590,353.966900
168.536,1,-0.021987,1.588441,-0.226694,-0.202339,-0.438040,0.161047,-0.860955,29.307680,52.208130,353.412100
168.648,1,-0.049492,1.586420,-0.210876,-0.205011,-0.440896,0.170386,-0.857059,30.109750,52.454670,352.608900
168.759,1,-0.068107,1.591484,-0.198690,-0.209026,-0.455280,0.179656,-0.846612,31.165730,54.404170,352.352800
168.869,1,-0.089364,1.598037,-0.185427,-0.202751,-0.475934,0.179931,-0.836662,30.699760,57.281780,352.778300
168.981,1,-0.107448,1.596878,-0.174300,-0.204128,-0.484202,0.186294,-0.830166,31.287150,58.401930,352.494100
169.091,1,-0.124250,1.593221,-0.165451,-0.206320,-0.489816,0.187927,-0.825951,31.662860,59.262780,352.688500
169.203,1,-0.139546,1.592175,-0.160125,-0.207050,-0.498233,0.183895,-0.821630,31.566160,60.637080,353.539600
169.313,1,-0.150998,1.593354,-0.156833,-0.203055,-0.503661,0.180627,-0.820042,30.995880,61.411300,353.858900
169.425,1,-0.158512,1.593796,-0.155769,-0.199851,-0.506647,0.179151,-0.819313,30.598100,61.801070,353.927700
169.536,1,-0.162397,1.592943,-0.154361,-0.201123,-0.502737,0.180244,-0.821168,30.766550,61.225970,353.733100
169.647,1,-0.163665,1.592426,-0.152838,-0.199824,-0.499406,0.181516,-0.823235,30.684110,60.664620,353.371200
169.758,1,-0.163153,1.591600,-0.152599,-0.201318,-0.499761,0.181411,-0.822679,30.834800,60.760300,353.495900
169.870,1,-0.163038,1.591435,-0.149830,-0.197807,-0.492560,0.185142,-0.827031,30.635330,59.514360,352.562900
169.980,1,-0.160509,1.592045,-0.147714,-0.197201,-0.494365,0.184753,-0.826185,30.565300,59.776560,352.640100
170.091,1,-0.154102,1.592662,-0.142774,-0.200073,-0.498614,0.182802,-0.823370,30.781360,60.526370,353.214400
170.202,1,-0.139015,1.591488,-0.130905,-0.201192,-0.508709,0.179638,-0.817598,30.780830,62.140730,354.050800
170.313,1,-0.105606,1.583449,-0.110173,-0.200768,-0.514070,0.173692,-0.815632,30.403390,63.053020,354.883300
170.425,1,-0.043686,1.562433,-0.079460,-0.199349,-0.514964,0.167269,-0.816758,29.862150,63.264210,355.507900
170.536,1,0.026627,1.527704,-0.049219,-0.200890,-0.512492,0.167342,-0.817919,30.009680,62.936060,355.507000
170.648,1,0.112569,1.465758,-0.012458,-0.184909,-0.514797,0.165265,-0.820659,28.271500,62.872120,354.731500
170.760,1,0.165083,1.412991,0.012972,-0.160405,-0.518360,0.141265,-0.828020,24.336170,63.176650,355.742300
170.871,1,0.223608,1.335442,0.041770,-0.115467,-0.529035,0.115081,-0.832794,18.305570,64.175020,355.801600
170.982,1,0.267027,1.260968,0.061161,-0.102882,-0.525324,0.105575,-0.838036,16.460830,63.567350,355.882500
171.093,1,0.299882,1.195753,0.074359,-0.086294,-0.530187,0.090302,-0.838630,13.915490,64.170340,356.458700
171.205,1,0.316925,1.142666,0.081168,-0.060454,-0.532134,0.077435,-0.840942,10.607980,64.292860,356.155800
171.317,1,0.322503,1.107663,0.084848,-0.040469,-0.532867,0.062402,-0.842924,7.742884,64.356210,356.408500
171.428,1,0.319538,1.082199,0.088342,-0.029762,-0.536049,0.041001,-0.842665,5.400402,64.822750,357.859000
171.539,1,0.315538,1.068789,0.088198,-0.016617,-0.532140,0.039781,-0.845558,4.039234,64.266780,357.150500
171.650,1,0.310270,1.058705,0.090228,-0.013228,-0.530159,0.033978,-0.847114,3.350236,64.006910,357.500200
171.762,1,0.305167,1.064847,0.093072,-0.015223,-0.529035,0.034630,-0.847757,3.580548,63.855210,357.553200
171.872,1,0.299982,1.101994,0.096973,-0.029226,-0.528786,0.037806,-0.847409,5.135707,63.842980,358.091700
171.984,1,0.285357,1.192160,0.102075,-0.031268,-0.532781,0.037805,-0.844830,5.342831,64.392010,358.241100
172.095,1,0.264771,1.294780,0.105399,-0.031174,-0.534341,0.050887,-0.843160,6.139591,64.565540,356.973400
172.206,1,0.218300,1.443096,0.084805,-0.050181,-0.541483,0.089019,-0.834478,10.378780,65.458580,354.503200
172.317,1,0.173036,1.533774,0.043857,-0.085242,-0.536349,0.136165,-0.828567,16.697670,64.647720,351.945700
172.427,1,0.112141,1.603889,-0.026741,-0.114331,-0.490465,0.167361,-0.847563,20.975920,58.148740,349.413400
172.537,1,0.072758,1.625167,-0.089652,-0.132966,-0.426307,0.169927,-0.878469,22.240480,49.497310,348.459200
172.648,1,0.046185,1.635440,-0.167111,-0.137366,-0.339419,0.135353,-0.920655,20.170590,38.769890,350.434900
172.759,1,0.037771,1.638469,-0.216360,-0.146603,-0.287227,0.118543,-0.939125,20.087500,32.508010,351.523500
172.870,1,0.025720,1.654108,-0.263585,-0.111583,-0.217673,0.090668,-0.965374,14.768310,24.437730,352.484100
172.981,1,0.009753,1.670529,-0.293229,-0.064373,-0.151584,0.067235,-0.984052,8.457564,17.029380,353.451200
173.092,1,-0.005259,1.676618,-0.311845,-0.045005,-0.106989,0.052069,-0.991875,5.763356,12.040800,354.598300
173.204,1,-0.013890,1.680813,-0.320486,-0.034666,-0.079938,0.050705,-0.994906,4.421064,8.975401,354.512100
173.315,1,-0.017000,1.682001,-0.322269,-0.032865,-0.070246,0.042476,-0.996083,4.096711,7.903285,355.399600
173.426,1,-0.019681,1.682529,-0.320910,-0.031910,-0.051971,0.038146,-0.997410,3.877231,5.823801,355.816900
173.538,1,-0.020147,1.682259,-0.318812,-0.031744,-0.045748,0.038775,-0.997695,3.835334,5.107383,355.719800
173.648,1,-0.020882,1.681687,-0.318657,-0.038524,-0.049382,0.030649,-0.997566,4.582070,5.536017,356.702100
173.760,1,-0.021190,1.683638,-0.318453,-0.033335,-0.051787,0.027090,-0.997734,3.975153,5.841566,357.092300
173.871,1,-0.023263,1.686284,-0.318927,-0.023116,-0.050186,0.023648,-0.998192,2.781183,5.693961,357.424100
173.982,1,-0.026984,1.690647,-0.320958,-0.005602,-0.048277,0.018078,-0.998655,0.741157,5.522087,357.961600
174.094,1,-0.026002,1.696045,-0.323896,0.017509,-0.067936,0.018765,-0.997360,358.144700,7.830384,357.717200
174.205,1,-0.018037,1.699725,-0.327123,0.041222,-0.117704,0.024609,-0.991888,355.642300,13.662940,356.635300
174.317,1,-0.011168,1.701521,-0.330607,0.051624,-0.170128,0.022165,-0.983819,354.604200,19.787820,356.476900
174.428,1,-0.005990,1.703027,-0.336580,0.055296,-0.209982,0.010738,-0.976081,354.062800,24.413740,357.453900
174.538,1,-0.007405,1.701547,-0.340296,0.046239,-0.209052,0.004818,-0.976799,354.933100,24.233280,358.346300
174.650,1,-0.015280,1.699694,-0.344407,0.040994,-0.171058,0.006741,-0.984385,355.503300,19.777430,358.431000
174.761,1,-0.024567,1.700074,-0.346940,0.049376,-0.123229,0.004966,-0.991137,354.453600,14.235900,358.732800
174.872,1,-0.034845,1.700079,-0.348708,0.054586,-0.066726,0.001987,-0.996275,353.771100,7.698630,359.351900
174.984,1,-0.039496,1.699918,-0.350480,0.057260,-0.033775,0.001911,-0.997786,353.446100,3.902759,359.557000
175.095,1,-0.038625,1.699044,-0.349947,0.057268,-0.021913,0.002064,-0.998116,353.440800,2.537324,359.617600
175.206,1,-0.033920,1.695917,-0.346900,0.048206,-0.023658,0.005922,-0.998540,354.491600,2.753500,359.187900
175.317,1,-0.028992,1.692686,-0.338428,0.033035,-0.041273,0.013415,-0.998512,356.280900,4.788909,358.305000
175.427,1,-0.025542,1.679841,-0.316257,-0.021950,-0.080673,0.030043,-0.996046,2.784162,9.182382,356.768300
175.538,1,-0.026866,1.668323,-0.289887,-0.068073,-0.116665,0.042148,-0.989939,8.314671,13.158020,356.084700
175.648,1,-0.035911,1.667525,-0.252613,-0.078635,-0.154281,0.049565,-0.983645,9.787295,17.462830,355.737500
175.760,1,-0.051042,1.675261,-0.224833,-0.055437,-0.154587,0.049881,-0.985161,7.160634,17.542030,355.309100
175.871,1,-0.082183,1.692577,-0.193527,0.006812,-0.100515,0.048425,-0.993733,359.782100,11.562220,354.398200
175.983,1,-0.108544,1.699766,-0.170835,0.029282,-0.067290,0.037390,-0.996603,356.942700,7.845778,355.493100
176.094,1,-0.126079,1.701622,-0.154739,0.039214,-0.057495,0.033035,-0.997028,355.733400,6.751643,355.952800
176.206,1,-0.141568,1.701687,-0.137483,0.041691,-0.057862,0.030145,-0.996998,355.431900,6.792022,356.265100
176.318,1,-0.148809,1.701797,-0.125820,0.043887,-0.062030,0.027756,-0.996723,355.179000,7.269522,356.503400
176.428,1,-0.152318,1.703165,-0.114385,0.046532,-0.078131,0.026985,-0.995491,354.926800,9.130941,356.489100
176.540,1,-0.152225,1.704112,-0.107063,0.048606,-0.093141,0.021369,-0.994236,354.682700,10.841600,357.032500
176.651,1,-0.150791,1.706998,-0.095769,0.051535,-0.101913,0.016556,-0.993320,354.318100,11.839980,357.500600
176.762,1,-0.148470,1.708570,-0.083346,0.057956,-0.111316,0.017299,-0.991943,353.619700,12.957780,357.276500
176.874,1,-0.146958,1.708397,-0.072007,0.060087,-0.114877,0.014842,-0.991450,353.353900,13.363380,357.505200
176.985,1,-0.143414,1.706005,-0.063680,0.058983,-0.119949,0.014513,-0.990920,353.487900,13.944790,357.524500
177.096,1,-0.140624,1.704238,-0.059151,0.056166,-0.124989,0.018078,-0.990402,353.872800,14.539300,357.126200
177.207,1,-0.137190,1.699688,-0.058391,0.048392,-0.128836,0.021034,-0.990261,354.812100,14.966640,356.884400
177.318,1,-0.134112,1.697176,-0.063741,0.036491,-0.120849,0.023020,-0.991733,356.169000,13.999940,356.870100
177.428,1,-0.128121,1.698581,-0.080064,0.036949,-0.088936,0.019987,-0.995151,355.986900,10.307180,357.336700
177.540,1,-0.119351,1.701221,-0.099800,0.043978,-0.058968,0.006140,-0.997272,355.009500,6.811551,358.997300
177.651,1,-0.100423,1.704247,-0.129603,0.047321,-0.022664,-0.002444,-0.998620,354.570400,2.592788,0.157454
177.762,1,-0.077999,1.706336,-0.154704,0.054963,0.002164,-0.000852,-0.998486,353.698700,359.745500,0.111790
177.872,1,-0.054819,1.705638,-0.175856,0.055819,0.015657,0.001347,-0.998317,353.598700,358.206000,359.945700
177.984,1,-0.033712,1.703809,-0.192855,0.055191,0.018481,0.001568,-0.998304,353.670100,357.882300,359.937100
178.094,1,-0.019546,1.702997,-0.204146,0.054950,0.015876,0.001910,-0.998361,353.697300,358.184500,359.880700
178.205,1,-0.006561,1.701192,-0.214797,0.055078,0.009401,0.002346,-0.998435,353.683000,358.932700,359.789700
178.317,1,-0.000759,1.700717,-0.220379,0.053486,0.004834,0.001756,-0.998555,353.867200,359.454600,359.827800
178.428,1,0.003792,1.699939,-0.225744,0.054254,0.003937,0.002254,-0.998517,353.779000,359.561000,359.765200
178.539,1,0.005078,1.700727,-0.228212,0.056625,0.004441,0.004693,-0.998375,353.505500,359.519200,359.488700
178.650,1,0.006688,1.701728,-0.229072,0.057583,0.002173,0.009054,-0.998297,353.395800,359.809800,358.971700
178.761,1,0.007442,1.702634,-0.226578,0.055760,-0.003546,0.013100,-0.998352,353.613000,0.492480,358.469000
178.872,1,0.007039,1.702629,-0.222575,0.054033,-0.006984,0.015201,-0.998399,353.818400,0.898445,358.207000
178.984,1,0.004761,1.701962,-0.218623,0.051075,-0.007767,0.016845,-0.998523,354.160800,0.992469,358.016400
179.095,1,0.002344,1.701766,-0.215462,0.049705,-0.005656,0.015834,-0.998622,354.313000,0.741084,358.146400
179.206,1,-0.000539,1.702322,-0.212843,0.050742,-0.000184,0.013399,-0.998622,354.183700,0.099493,358.457600
179.317,1,-0.001997,1.702800,-0.211528,0.052591,0.002166,0.012408,-0.998537,353.968100,359.826000,358.585300
179.428,1,-0.002337,1.702745,-0.211145,0.052719,0.001988,0.012042,-0.998535,353.953800,359.844400,358.626300
179.539,1,-0.002210,1.703379,-0.211521,0.054450,0.002788,0.011219,-0.998450,353.754300,359.749500,358.726100
179.650,1,-0.002215,1.703659,-0.212250,0.055538,0.006403,0.009709,-0.998389,353.625800,359.325100,358.923300
179.761,1,-0.001536,1.703679,-0.212886,0.056063,0.007913,0.009298,-0.998353,353.564300,359.149000,358.980600
179.872,1,-0.000650,1.703367,-0.212953,0.055855,0.007305,0.008704,-0.998374,353.589200,359.215000,359.044900
179.984,1,-0.000252,1.703192,-0.213148,0.054882,0.008370,0.007923,-0.998426,353.700600,359.086600,359.141000
180.095,1,0.000508,1.703183,-0.213491,0.055948,0.008469,0.007569,-0.998369,353.578500,359.073700,359.183300
180.206,1,0.001466,1.703203,-0.213302,0.055288,0.006438,0.008043,-0.998417,353.655500,359.310100,359.115100
180.317,1,0.001671,1.703116,-0.213148,0.055548,0.006942,0.008307,-0.998397,353.625100,359.254100,359.088100
180.428,1,0.001303,1.703342,-0.213167,0.056299,0.007811,0.007711,-0.998354,353.538600,359.150700,359.162900
180.540,1,0.001028,1.703498,-0.212934,0.056731,0.008745,0.007714,-0.998321,353.488200,359.043500,359.168900
180.650,1,0.001193,1.703735,-0.212570,0.057183,0.009143,0.008056,-0.998289,353.435700,359.000200,359.132600
180.762,1,0.002107,1.703519,-0.212193,0.056393,0.008468,0.009722,-0.998326,353.525400,359.088300,358.935700
180.873,1,0.003666,1.703685,-0.212028,0.057291,0.006441,0.010795,-0.998278,353.423800,359.329700,358.799400
180.984,1,0.005173,1.703736,-0.212138,0.057479,0.005647,0.011641,-0.998263,353.402700,359.426800,358.696800
181.093,2,0.006702,1.703762,-0.212149,0.057480,0.005735,0.011549,-0.998263,353.402500,359.416200,358.708000
181.204,2,0.008060,1.703511,-0.212199,0.057323,0.005839,0.012021,-0.998266,353.420200,359.407100,358.654200
181.316,2,0.009856,1.703138,-0.211452,0.056372,0.005421,0.011618,-0.998328,353.530100,359.451400,358.697500
181.427,2,0.011149,1.702321,-0.210090,0.053878,0.008269,0.012588,-0.998434,353.811700,359.126500,358.602500
181.538,2,0.011546,1.700575,-0.207629,0.049611,0.012895,0.012957,-0.998601,354.294400,358.590900,358.583500
181.649,2,0.013463,1.698174,-0.203507,0.039957,0.016059,0.011429,-0.999007,355.399900,358.207800,358.761100
181.760,2,0.015399,1.695269,-0.199742,0.031850,0.022037,0.012769,-0.999168,356.318500,357.517500,358.615400
181.871,2,0.013080,1.689941,-0.194263,0.010564,0.042344,0.013830,-0.998952,358.723500,355.162600,358.467600
181.982,2,-0.004880,1.681520,-0.189886,-0.025836,0.117744,0.012834,-0.992625,2.766686,346.426800,358.189100
182.092,2,-0.039610,1.670831,-0.195424,-0.057940,0.254765,0.006402,-0.965245,6.234079,330.297800,357.585400
182.204,2,-0.075335,1.652100,-0.211082,-0.112488,0.376264,-0.005299,-0.919644,12.174220,315.028200,355.605300
182.315,2,-0.098367,1.635350,-0.225289,-0.154490,0.432529,-0.016942,-0.888124,16.802130,307.148600,353.790300
182.426,2,-0.115727,1.622064,-0.236325,-0.179367,0.455312,-0.030494,-0.871544,19.902550,303.651100,353.270500
182.537,2,-0.121237,1.617375,-0.235677,-0.190335,0.446862,-0.031689,-0.873546,21.152610,304.494900,352.932800
182.648,2,-0.127296,1.615512,-0.217440,-0.189795,0.419045,-0.030952,-0.887368,21.270780,308.237500,353.584000
182.759,2,-0.140879,1.611564,-0.186221,-0.182038,0.387416,-0.027936,-0.903322,20.519350,312.567700,354.450000
182.870,2,-0.178933,1.592910,-0.125561,-0.164289,0.355684,-0.027389,-0.919646,18.763240,317.045200,355.973100
182.982,2,-0.222274,1.565049,-0.062195,-0.147967,0.333358,-0.021217,-0.930875,16.835420,320.069300,356.456900
183.093,2,-0.270275,1.550425,0.003869,-0.086231,0.323291,-0.010918,-0.942299,9.762856,321.952400,357.954300
183.205,2,-0.319573,1.536046,0.074690,-0.048470,0.313548,-0.008463,-0.948297,5.580031,323.367600,359.174200
183.316,2,-0.359827,1.515252,0.138807,-0.030840,0.290881,-0.002965,-0.956258,3.480418,326.140400,359.295600
183.428,2,-0.402904,1.480068,0.210259,-0.017939,0.269722,-0.000294,-0.962771,1.988640,328.690300,359.477700
183.539,2,-0.427640,1.445237,0.260835,-0.014372,0.257123,0.000938,-0.966271,1.563937,330.190800,359.472500
183.651,2,-0.450309,1.399310,0.323951,-0.013936,0.253680,-0.002432,-0.967185,1.615514,330.604300,359.864400
183.762,2,-0.462509,1.350998,0.375846,-0.008927,0.261360,-0.001562,-0.965199,1.034181,329.696400,359.905400
183.873,2,-0.467839,1.297219,0.420333,-0.005298,0.275912,0.001678,-0.961167,0.530513,327.965200,359.647600
183.984,2,-0.472547,1.234492,0.452706,-0.003124,0.275285,0.008520,-0.961320,0.075377,328.040000,358.962900
184.095,2,-0.480844,1.184748,0.460179,-0.003180,0.283543,0.009123,-0.958911,0.053027,327.054300,358.894100
184.207,2,-0.483564,1.127279,0.449303,0.027056,0.285170,0.023356,-0.957810,356.264500,326.895100,358.316800
184.318,2,-0.481691,1.078328,0.438951,0.038640,0.280387,0.029235,-0.958663,354.808700,327.483800,358.021400
184.429,2,-0.480018,1.024304,0.432206,0.046632,0.277460,0.039177,-0.958805,353.617700,327.879500,357.159400
184.540,2,-0.477894,0.990607,0.436014,0.047692,0.280687,0.034297,-0.958000,353.648300,327.464200,357.754600
184.651,2,-0.475434,0.967617,0.445637,0.047658,0.278148,0.038808,-0.958570,353.514300,327.794300,357.237400
184.762,2,-0.476964,0.947072,0.460832,0.040669,0.279323,0.031989,-0.958802,354.499300,327.622500,357.776300
184.873,2,-0.475613,0.931551,0.480354,0.033192,0.280180,0.032575,-0.958821,355.302000,327.525400,357.477300
184.984,2,-0.469090,0.921031,0.493697,0.026893,0.276958,0.042122,-0.959582,355.702100,327.943600,356.208400
185.095,2,-0.460671,0.916079,0.499448,0.017038,0.270288,0.048758,-0.961393,356.610800,328.738100,355.141900
185.205,2,-0.454708,0.950005,0.513344,0.002438,0.234019,0.034162,-0.971629,358.812300,332.955000,356.258300
185.317,2,-0.459152,1.004341,0.518712,-0.018392,0.205948,0.017022,-0.978242,1.660276,336.188400,357.656200
185.428,2,-0.446848,1.056137,0.517314,-0.004187,0.195235,0.019525,-0.980553,0.033700,337.477800,357.711900
185.539,2,-0.411632,1.046957,0.521174,0.020924,0.209470,0.030127,-0.977127,356.932500,335.877900,357.123600
185.650,2,-0.333931,0.999815,0.537856,0.028783,0.209582,0.041664,-0.976479,355.774800,335.919800,356.015200
185.761,2,-0.264213,0.966518,0.567671,0.031268,0.229207,0.038659,-0.972107,355.496900,333.603400,356.501800
185.872,2,-0.204634,0.957856,0.600871,0.021502,0.238085,0.035815,-0.970346,356.630000,332.528600,356.596300
185.984,2,-0.152216,0.960926,0.624964,0.019280,0.249405,0.039105,-0.967417,356.743300,331.195200,356.207100
186.094,2,-0.110569,0.963105,0.640495,0.023717,0.271199,0.050794,-0.960890,355.806200,328.656500,355.125200
186.205,2,-0.058736,0.964465,0.654956,0.026883,0.297636,0.057510,-0.952567,355.098100,325.527300,354.611700
186.317,2,-0.021740,0.967946,0.663794,0.032040,0.303872,0.066653,-0.949838,354.181700,324.833500,353.817200
186.427,2,0.005465,0.968866,0.676206,0.039665,0.304106,0.071750,-0.949104,353.169500,324.854900,353.519000
186.539,2,0.010215,0.965599,0.688310,0.040703,0.304139,0.072019,-0.949029,353.046400,324.855200,353.525200
186.650,2,-0.001429,0.953655,0.705053,0.026060,0.311362,0.064795,-0.947722,354.851100,323.901900,353.856500
186.761,2,-0.038093,0.948719,0.711121,-0.000430,0.320785,0.075860,-0.944109,357.256900,322.665100,351.739100
186.872,2,-0.097755,0.952166,0.690670,-0.006424,0.355088,0.064565,-0.932579,358.059000,318.432300,352.815900
186.983,2,-0.145436,0.951734,0.660201,0.001392,0.401953,0.063531,-0.913453,356.926500,312.675000,353.389900
187.094,2,-0.179180,0.949509,0.636937,0.014574,0.422517,0.058763,-0.904331,355.640300,310.120500,354.592500
187.205,2,-0.219779,0.947766,0.610225,0.017851,0.441843,0.052332,-0.895387,355.514200,307.646200,355.516100
187.317,2,-0.231718,0.961131,0.594270,0.014978,0.473622,0.060075,-0.878549,355.226100,303.561600,354.739300
187.427,2,-0.221846,0.993205,0.584940,0.001867,0.502416,0.054561,-0.862901,356.672300,299.734800,354.695900
187.539,2,-0.225131,1.006074,0.563475,-0.005634,0.511018,0.056125,-0.857717,357.266200,298.568000,354.136800
187.649,2,-0.269035,0.979190,0.509215,0.028585,0.500930,0.059017,-0.863000,353.773200,299.963600,355.775800
187.761,2,-0.338267,0.946962,0.454044,0.016744,0.523394,0.041022,-0.850938,355.903400,296.917800,356.995100
187.872,2,-0.422740,0.935825,0.395486,0.015602,0.515785,0.034412,-0.855885,356.433600,297.927400,357.541600
187.983,2,-0.523645,0.933919,0.324994,0.007756,0.526395,0.018396,-0.850006,358.134500,296.483000,358.675300
188.096,2,-0.602959,0.943294,0.268079,0.001796,0.527795,0.010710,-0.849303,359.177500,296.289300,359.066100
188.206,2,-0.665838,0.956695,0.219203,0.004303,0.528292,-0.014360,-0.848930,0.450759,296.218200,1.657744
188.318,2,-0.679189,0.957500,0.204040,0.016332,0.529237,0.006411,-0.848293,358.023200,296.074800,0.367485
188.428,2,-0.679740,0.935470,0.191089,0.029474,0.525442,0.024402,-0.849968,355.655800,296.575000,359.396100
188.540,2,-0.686404,0.956020,0.174712,0.046058,0.530778,0.020026,-0.846022,354.307400,295.750300,0.864239
188.651,2,-0.701121,1.073658,0.158037,0.031037,0.543745,0.017578,-0.838492,355.919100,294.066100,0.245541
188.762,2,-0.697333,1.209077,0.147602,0.028732,0.535041,0.016760,-0.844171,356.190200,295.261700,0.140673
188.873,2,-0.683481,1.330018,0.138383,0.021540,0.531568,0.026392,-0.846331,356.300900,295.775800,358.749800
188.985,2,-0.671174,1.418146,0.127854,0.031390,0.519982,0.034042,-0.852921,354.896800,297.328100,358.537200
189.095,2,-0.658068,1.473117,0.119401,0.033319,0.515001,0.034428,-0.855850,354.692900,297.991400,358.583600
189.207,2,-0.631730,1.523873,0.115518,0.036978,0.498683,0.041413,-0.865005,353.957000,300.178100,357.996600
189.318,2,-0.597689,1.556127,0.116743,0.038924,0.481057,0.045957,-0.874618,353.551900,302.516200,357.523300
189.429,2,-0.534516,1.601935,0.117603,0.054514,0.463621,0.059385,-0.882359,351.299700,304.801500,356.853900
189.540,2,-0.460672,1.640074,0.120260,0.060742,0.464555,0.065403,-0.881034,350.340200,304.685200,356.580000
189.650,2,-0.373277,1.668041,0.129203,0.065659,0.473379,0.071770,-0.875472,349.460400,303.540300,356.296600
189.762,2,-0.280871,1.685177,0.143913,0.064373,0.484127,0.062785,-0.870365,350.046600,302.069300,357.267100
189.872,2,-0.193326,1.693624,0.157544,0.059557,0.485179,0.051919,-0.870838,351.134900,301.898900,358.107200
189.984,2,-0.122183,1.700492,0.170059,0.059437,0.485683,0.049994,-0.870678,351.253500,301.822500,358.300000
190.095,2,-0.075343,1.706109,0.178630,0.062898,0.496569,0.048877,-0.864334,350.951500,300.345500,358.722000
190.206,2,-0.031080,1.712915,0.183767,0.059130,0.525280,0.051820,-0.847290,351.104000,296.522000,358.509800
190.317,2,-0.004114,1.714287,0.181557,0.057021,0.541926,0.053688,-0.836769,351.163400,294.268200,358.373500
190.427,2,0.024920,1.713530,0.167083,0.050759,0.555244,0.057056,-0.828174,351.521700,292.484500,357.790100
190.538,2,0.045321,1.713440,0.142378,0.050812,0.568016,0.060584,-0.819211,351.252700,290.711700,357.591300
190.650,2,0.072474,1.712514,0.094418,0.051681,0.591470,0.060669,-0.802379,351.100400,287.372300,357.898800
190.761,2,0.100692,1.708047,0.041033,0.047534,0.609762,0.060854,-0.788814,351.419200,284.756600,357.795500
190.871,2,0.132225,1.703822,-0.017103,0.038878,0.623042,0.050403,-0.779594,352.910200,282.845000,358.259400
190.982,2,0.166199,1.703438,-0.067592,0.041646,0.629590,0.049675,-0.774218,352.701600,281.854600,358.585800
191.093,2,0.194242,1.702202,-0.103822,0.031142,0.627332,0.038114,-0.777195,354.478000,282.236800,358.838800
191.204,2,0.212746,1.703025,-0.125332,0.018718,0.613457,0.034204,-0.788765,355.900200,284.316100,358.219400
191.315,2,0.224790,1.701080,-0.136870,0.005951,0.589822,0.036099,-0.806705,357.008600,287.732000,357.059900
191.427,2,0.232602,1.698974,-0.143258,-0.003790,0.566033,0.040386,-0.823384,357.737500,291.067400,355.937100
191.538,2,0.234158,1.697560,-0.142901,-0.006803,0.557631,0.035329,-0.829309,358.388800,292.219300,356.203600
191.650,2,0.230615,1.691795,-0.128764,-0.029045,0.544350,0.029053,-0.837852,0.976361,293.937400,355.393200
191.761,2,0.221582,1.680209,-0.099458,-0.067240,0.511738,0.012965,-0.856408,5.848591,298.011700,354.750000
191.871,2,0.208623,1.668885,-0.055177,-0.093814,0.472349,0.000974,-0.876405,9.411112,302.921300,354.746300
191.982,2,0.194346,1.661201,0.002615,-0.108327,0.441995,-0.002916,-0.890448,11.273760,306.679400,354.701300
192.093,2,0.180547,1.657276,0.073396,-0.114717,0.428037,0.013061,-0.896356,11.213950,308.248100,352.877700
192.205,2,0.170978,1.658094,0.154575,-0.112070,0.429906,0.020868,-0.895648,10.533380,307.996700,352.181600
192.316,2,0.165796,1.664096,0.229057,-0.102724,0.432389,0.036171,-0.895086,8.778468,307.744800,351.059700
192.427,2,0.162549,1.666507,0.312760,-0.097390,0.430660,0.038978,-0.896397,8.107327,308.043000,351.064800
192.538,2,0.157836,1.670030,0.364770,-0.094204,0.431365,0.038525,-0.896418,7.796537,308.009500,351.272000
192.649,2,0.142576,1.676813,0.418167,-0.064625,0.457979,0.056979,-0.884778,3.564235,304.978300,350.773800
192.761,2,0.121507,1.675447,0.455612,-0.067278,0.480316,0.046486,-0.873275,4.177582,302.069800,351.592800
192.872,2,0.091464,1.673731,0.488350,-0.058914,0.496344,0.037996,-0.865291,3.683034,300.091300,352.848400
192.984,2,0.049894,1.669936,0.518186,-0.039517,0.510527,0.027959,-0.858498,2.252469,298.422400,354.927100
193.095,2,-0.001302,1.667359,0.545989,-0.019328,0.524570,0.014749,-0.851020,0.998314,296.677900,357.398600
193.207,2,-0.081367,1.670780,0.583138,0.002106,0.541494,-0.013657,-0.840591,0.644602,294.430400,1.446471
193.318,2,-0.140114,1.675881,0.608775,0.005909,0.551981,-0.022496,-0.833532,0.858575,292.992300,2.523514
193.429,2,-0.197382,1.677677,0.632664,0.004076,0.578469,-0.033714,-0.814997,1.854461,289.322600,3.422674
193.540,2,-0.236454,1.681542,0.648725,0.006920,0.616718,-0.028619,-0.786633,1.398906,283.844800,3.071128
193.652,2,-0.273820,1.679953,0.668308,-0.000992,0.663576,-0.021978,-0.747785,1.756524,276.856800,1.808985
193.762,2,-0.308167,1.676245,0.697691,-0.007754,0.705157,-0.015585,-0.708837,1.889467,270.308800,0.639735
193.873,2,-0.335432,1.670603,0.741480,-0.021183,0.734183,-0.011139,-0.678530,2.585116,265.467400,359.083000
193.984,2,-0.365195,1.672699,0.796808,-0.024834,0.752384,-0.007721,-0.658211,2.539695,262.326500,358.439500
194.094,2,-0.394772,1.677882,0.842028,-0.033466,0.758363,-0.006171,-0.650944,3.033972,261.217600,357.547900
194.205,2,-0.425771,1.681385,0.881123,-0.035632,0.777491,-0.006788,-0.627847,3.169959,257.769300,357.308700
194.317,2,-0.444475,1.683842,0.898210,-0.033856,0.801363,-0.006261,-0.597186,2.893100,253.320100,357.315100
194.427,2,-0.464861,1.683033,0.907634,-0.037906,0.830211,-0.009757,-0.556074,3.345591,247.540800,357.009100
194.539,2,-0.480757,1.683795,0.905176,-0.037083,0.852629,-0.010324,-0.521097,3.224706,242.778700,356.987100
194.649,2,-0.499815,1.682801,0.890957,-0.032734,0.876123,-0.008766,-0.480895,2.684886,237.458000,357.192500
194.761,2,-0.515740,1.683508,0.867908,-0.027704,0.904058,-0.003324,-0.426498,1.698643,230.471800,357.290200
194.871,2,-0.526522,1.683921,0.840585,-0.033833,0.930080,-0.003126,-0.365783,1.751609,222.884400,356.521400
194.983,2,-0.532101,1.683289,0.816898,-0.036981,0.951902,0.002046,-0.304156,1.065855,215.401700,355.890600
195.093,2,-0.545293,1.686054,0.801255,-0.036813,0.969331,0.001365,-0.242984,0.873446,208.113400,355.868900
195.205,2,-0.567367,1.686412,0.797774,-0.032704,0.981261,0.009913,-0.189629,359.595900,201.889000,356.104100
195.316,2,-0.592637,1.683648,0.804986,-0.026510,0.990114,0.010710,-0.137320,359.202000,195.814300,356.821800
195.426,2,-0.631375,1.684815,0.816713,-0.019371,0.997133,0.014127,-0.071776,358.545000,188.264000,357.669000
195.538,2,-0.660692,1.682063,0.825103,-0.015381,0.999441,0.013795,-0.026294,358.466200,183.038200,358.196000
195.649,2,-0.693176,1.681810,0.833298,-0.014478,0.999154,0.011449,0.036751,358.628000,175.806300,358.389900
195.760,2,-0.717935,1.681031,0.838917,-0.019645,0.996397,0.006206,0.082272,359.106200,170.576800,357.814600
195.871,2,-0.738218,1.680999,0.846277,-0.026889,0.992062,0.007218,0.122628,358.801500,165.937900,357.042700
195.982,2,-0.756066,1.681343,0.854983,-0.034597,0.988432,0.010962,0.147257,358.174200,163.112400,356.261800
196.088,2,-0.768581,1.683003,0.859576,-0.042609,0.986207,0.012479,0.159452,357.810600,161.719400,355.404500
196.189,2,-0.772541,1.681551,0.856951,-0.042663,0.984541,0.009558,0.169611,358.092100,160.528000,355.364900
196.297,2,-0.769466,1.679258,0.848872,-0.043966,0.982921,-0.000094,0.178698,359.110300,159.430500,355.039200
196.410,2,-0.756603,1.677173,0.827147,-0.043162,0.981238,-0.006980,0.187780,359.856000,158.338900,354.990200
196.512,2,-0.744359,1.672376,0.802405,-0.040042,0.982537,-0.016925,0.180916,1.075539,159.088200,355.134100
196.613,2,-0.725328,1.666487,0.762828,-0.034278,0.986255,-0.029727,0.158879,2.736581,161.591600,355.575400
196.714,2,-0.705469,1.663285,0.726617,-0.025530,0.988816,-0.036180,0.142414,3.685498,163.496200,356.507400
196.819,2,-0.682200,1.659889,0.687550,-0.020775,0.991127,-0.038649,0.125467,4.094399,165.466000,357.076100
196.919,2,-0.652591,1.660731,0.641718,-0.017281,0.993219,-0.042340,0.106890,4.612211,167.614500,357.505700
197.032,2,-0.614601,1.668051,0.589594,-0.014438,0.994719,-0.043303,0.091924,4.789481,169.352100,357.890300
197.144,2,-0.578352,1.667590,0.542650,-0.009805,0.995704,-0.050710,0.076857,5.709106,171.093900,358.426600
197.255,2,-0.556956,1.659282,0.509838,-0.010375,0.994259,-0.080400,0.069845,9.115585,171.815900,358.150800
197.367,2,-0.540910,1.652959,0.468833,-0.005757,0.991280,-0.110212,0.072007,12.572360,171.514200,358.398100
197.478,2,-0.538177,1.650880,0.437048,-0.002092,0.990366,-0.116005,0.075591,13.265200,171.122100,358.723500
197.589,2,-0.546505,1.648679,0.394312,-0.001116,0.988277,-0.114417,0.101071,13.057270,168.150700,358.509700
197.700,2,-0.566257,1.647151,0.357797,-0.010754,0.984603,-0.107015,0.137799,11.991770,163.754000,357.030800
197.811,2,-0.603502,1.647369,0.304842,-0.021303,0.976775,-0.104989,0.185565,11.372970,158.016800,355.285200
197.922,2,-0.635698,1.654331,0.259824,-0.027187,0.972081,-0.102411,0.209359,10.819710,155.161400,354.406600
198.034,2,-0.658934,1.659018,0.221596,-0.018846,0.968955,-0.096398,0.226890,10.268320,153.221500,355.321100
198.142,2,-0.673294,1.657069,0.192226,-0.020962,0.963991,-0.104303,0.243726,11.003940,151.108400,354.665700
198.254,2,-0.682319,1.657106,0.162130,-0.022642,0.962503,-0.106434,0.248490,11.164910,150.495900,354.356200
198.366,2,-0.683607,1.656931,0.121950,-0.022067,0.963118,-0.108698,0.245154,11.452660,150.875200,354.390500
198.477,2,-0.674986,1.654325,0.089267,-0.017881,0.963216,-0.111150,0.244011,11.852710,151.028700,354.800600
198.588,2,-0.653148,1.649082,0.044736,-0.008706,0.964271,-0.111420,0.240189,12.163180,151.586200,355.875200
198.700,2,-0.628415,1.648361,0.009090,0.001712,0.965782,-0.108180,0.235711,12.108510,152.272200,357.204200
198.811,2,-0.592538,1.655029,-0.031670,0.016966,0.965738,-0.103911,0.237203,12.049100,152.298300,359.031700
198.923,2,-0.564132,1.656914,-0.057390,0.021560,0.963463,-0.096268,0.249013,11.317050,150.980200,359.626000
199.034,2,-0.544191,1.655918,-0.074591,0.030636,0.956139,-0.104125,0.272060,12.461670,148.246000,0.113148
199.145,2,-0.525938,1.660382,-0.095148,0.031952,0.942719,-0.095537,0.318014,11.563330,142.714600,359.969500
199.257,2,-0.517187,1.661150,-0.112531,0.031303,0.926148,-0.091656,0.364513,11.104250,136.982700,359.484000
199.367,2,-0.516557,1.660492,-0.138673,0.027183,0.894853,-0.084202,0.437504,10.048490,127.762800,358.543500
199.480,2,-0.524042,1.662985,-0.165904,0.027011,0.868835,-0.074524,0.488715,8.968914,121.167100,358.497200
199.590,2,-0.534447,1.669001,-0.209454,0.019495,0.840623,-0.063763,0.537501,7.363238,114.676700,357.933000
199.701,2,-0.545833,1.667831,-0.247345,0.019681,0.815618,-0.063261,0.574785,7.227992,109.505300,357.653400
199.812,2,-0.556248,1.669830,-0.281595,0.014864,0.794856,-0.065120,0.603111,6.975904,105.426600,356.828200
199.923,2,-0.562071,1.672894,-0.310876,0.007435,0.780614,-0.065696,0.621507,6.419584,102.721200,355.957600
200.035,2,-0.565123,1.671491,-0.329541,0.005287,0.770670,-0.070468,0.633304,6.621621,100.905100,355.316600
200.145,2,-0.568311,1.671161,-0.345267,0.001523,0.763109,-0.073919,0.642027,6.590478,99.542020,354.651800
200.257,2,-0.569511,1.673284,-0.351990,-0.002013,0.756855,-0.070724,0.649743,5.994843,98.422210,354.521400
200.368,2,-0.570743,1.674255,-0.355036,-0.003353,0.748830,-0.065822,0.659477,5.402838,97.010800,354.707100
200.480,2,-0.570206,1.676071,-0.352975,-0.004688,0.742659,-0.062435,0.666737,4.961411,95.941610,354.804400
200.590,2,-0.570011,1.681623,-0.338884,-0.007532,0.737498,-0.054224,0.673127,4.004871,95.056370,355.163400
200.702,2,-0.571393,1.689778,-0.309369,-0.011539,0.731938,-0.034917,0.680378,2.029418,94.116130,356.305100
200.813,2,-0.571129,1.706374,-0.264544,-0.009716,0.723207,-0.023846,0.690151,1.207832,92.651190,357.307300
200.924,2,-0.567095,1.742623,-0.210801,-0.017683,0.718909,-0.018987,0.694620,0.156632,91.964740,357.030500
201.036,2,-0.565593,1.771040,-0.161381,-0.037104,0.718662,-0.001701,0.694367,357.186600,92.048640,356.803500
201.147,2,-0.566529,1.781782,-0.098995,-0.045900,0.716951,0.009991,0.695539,355.516300,91.853880,357.014800
201.258,2,-0.568907,1.783697,-0.055797,-0.042649,0.711916,0.017723,0.700744,355.123600,90.994130,357.935900
201.370,2,-0.575727,1.787130,-0.015236,-0.045800,0.701999,0.030313,0.710057,353.822900,89.412140,358.775000
201.482,2,-0.583768,1.791320,0.005440,-0.048918,0.699028,0.036457,0.712487,353.068900,88.964900,359.051100
201.592,2,-0.592552,1.792107,0.013973,-0.051778,0.696896,0.042267,0.714051,352.365300,88.652360,359.317500
201.704,2,-0.599729,1.791738,0.013482,-0.054443,0.683903,0.046225,0.726069,351.819900,86.604450,359.575000
201.815,2,-0.603735,1.793492,0.006094,-0.061720,0.675847,0.046057,0.733008,351.214400,85.424140,359.077700
201.926,2,-0.605155,1.793993,-0.006253,-0.073236,0.669994,0.048638,0.737142,350.029300,84.670040,358.462300
202.038,2,-0.604922,1.783739,-0.016438,-0.087446,0.663890,0.057585,0.740464,348.114300,83.945880,358.194600
202.148,2,-0.606674,1.752093,-0.025888,-0.073216,0.655533,0.045401,0.750236,350.248100,82.430140,358.379600
202.260,2,-0.608425,1.716283,-0.029794,-0.070384,0.647513,0.034630,0.758007,351.283200,81.180820,357.759000
202.371,2,-0.609564,1.644383,-0.030059,-0.074863,0.647303,0.045023,0.757210,350.115600,81.195690,358.328600
202.482,2,-0.609305,1.564386,-0.027942,-0.065072,0.649560,0.034670,0.756727,351.748200,81.418300,358.143200
202.593,2,-0.609857,1.498409,-0.025023,-0.066789,0.648065,0.035108,0.757838,351.562200,81.213390,358.067700
202.704,2,-0.607427,1.438175,-0.024157,-0.071047,0.644472,0.038795,0.760331,350.906700,80.720950,358.109100
202.815,2,-0.600552,1.393748,-0.023073,-0.064872,0.642390,0.035097,0.762821,351.717000,80.328030,358.274300
202.926,2,-0.592114,1.359397,-0.019645,-0.064725,0.644458,0.035299,0.761077,351.719600,80.638420,358.280400
203.037,2,-0.589744,1.335567,-0.015257,-0.069797,0.640868,0.048235,0.762949,350.309400,80.137860,359.078200
203.148,2,-0.583195,1.284987,-0.010245,-0.067765,0.633141,0.050082,0.769436,350.345900,78.942380,359.492100
203.259,2,-0.582445,1.241771,-0.008089,-0.067425,0.630754,0.046099,0.771673,350.664600,78.590050,359.192300
203.370,2,-0.587207,1.197722,-0.006551,-0.069324,0.628194,0.051498,0.773249,350.101000,78.218950,359.566300
203.482,2,-0.589573,1.180674,-0.003027,-0.071229,0.630089,0.050887,0.771573,349.977000,78.529440,359.346200
203.592,2,-0.589353,1.186326,0.003091,-0.066370,0.626473,0.050471,0.774971,350.438500,77.926870,359.713500
203.704,2,-0.593498,1.192224,0.008469,-0.070705,0.631106,0.051431,0.770753,349.984900,78.673210,359.420300
203.815,2,-0.597590,1.188549,0.015967,-0.067458,0.632056,0.053030,0.770157,350.157400,78.768390,359.791100
203.926,2,-0.589005,1.197939,0.020335,-0.063851,0.612990,0.049400,0.785956,350.739000,75.906330,359.963600
204.038,2,-0.572959,1.219608,0.009522,-0.068718,0.601169,0.031251,0.795549,351.552000,74.294940,358.094100
204.148,2,-0.583702,1.230666,0.022440,-0.066852,0.633392,0.022740,0.770603,352.424100,79.026600,357.129500
204.260,2,-0.615013,1.211483,0.063857,-0.076142,0.632479,0.032849,0.770126,350.860900,79.002400,357.345800
204.371,2,-0.659562,1.146424,0.142633,-0.086275,0.629442,0.044644,0.770951,349.092100,78.681400,357.678600
204.482,2,-0.680659,1.104278,0.225272,-0.070323,0.632094,0.044946,0.770384,350.492800,78.832180,358.858400
204.592,2,-0.692496,1.109860,0.308648,-0.053929,0.637534,0.043689,0.767290,352.041000,79.452690,359.900600
204.704,2,-0.700734,1.150802,0.382062,-0.044743,0.635708,0.040143,0.769585,353.113300,79.099110,0.282755
204.815,2,-0.708946,1.180068,0.422142,-0.053252,0.642424,0.061511,0.762019,350.782000,80.146930,1.470171
204.926,2,-0.722538,1.171133,0.448632,-0.051587,0.640309,0.049184,0.764803,351.842500,79.835690,0.530750
205.038,2,-0.736320,1.136799,0.450587,-0.062164,0.636319,0.046228,0.767527,351.126300,79.357580,359.527400
205.148,2,-0.748906,1.110847,0.447645,-0.062866,0.639184,0.048192,0.764964,350.921500,79.793010,359.615000
205.260,2,-0.754110,1.108945,0.446443,-0.054381,0.629521,0.049370,0.773505,351.588200,78.247510,0.458038
205.370,2,-0.760418,1.112885,0.437466,-0.058169,0.636241,0.054619,0.767353,350.864300,79.281360,0.569017
205.482,2,-0.763582,1.104604,0.431181,-0.062145,0.638293,0.051268,0.765566,350.758300,79.643490,359.951500
205.593,2,-0.761838,1.097485,0.428599,-0.057628,0.639677,0.053438,0.764616,350.996600,79.795130,0.463643
205.704,2,-0.756298,1.098905,0.424825,-0.057098,0.633717,0.050573,0.769796,351.256800,78.899950,0.318539
205.815,2,-0.751088,1.103039,0.417005,-0.061853,0.631976,0.047542,0.771051,351.055700,78.700160,359.717800
205.926,2,-0.746257,1.105977,0.402982,-0.068038,0.636554,0.044758,0.766920,350.715200,79.471010,358.956800
206.038,2,-0.741667,1.128112,0.396953,-0.070262,0.637547,0.046152,0.765812,350.417700,79.647580,358.901600
206.149,2,-0.723556,1.221425,0.396631,-0.049005,0.642858,0.026310,0.763963,353.759400,80.231420,358.685400
206.260,2,-0.717373,1.320899,0.395444,-0.050595,0.640778,0.021590,0.765753,353.963900,79.941340,358.168900
206.371,2,-0.719889,1.409011,0.391836,-0.048119,0.641101,0.020906,0.765662,354.232600,79.966060,358.290300
206.483,2,-0.725463,1.486766,0.388007,-0.050928,0.643543,0.018294,0.763495,354.185200,80.364520,357.833200
206.594,2,-0.732081,1.551609,0.384324,-0.055750,0.644831,0.021272,0.761993,353.546500,80.607070,357.723000
206.706,2,-0.740349,1.599706,0.380539,-0.058992,0.651660,0.020011,0.755949,353.380700,81.681020,357.309300
206.817,2,-0.749616,1.636743,0.378065,-0.054740,0.661069,0.019600,0.748069,353.810800,83.068290,357.518200
206.928,2,-0.764003,1.675262,0.367790,-0.051898,0.666244,0.023807,0.743545,353.748100,83.829260,358.054300
207.039,2,-0.782108,1.690907,0.347686,-0.058246,0.664259,0.025821,0.744782,353.046400,83.595070,357.753000
207.150,2,-0.798865,1.700719,0.305249,-0.072885,0.662465,0.027824,0.745020,351.635700,83.519970,356.806900
207.262,2,-0.808314,1.702192,0.250630,-0.077699,0.654281,0.035565,0.751408,350.601100,82.325120,357.198200
207.372,2,-0.810088,1.702342,0.172426,-0.084073,0.645289,0.038733,0.758310,349.776200,81.052000,357.101700
207.484,2,-0.808678,1.706890,0.088337,-0.090942,0.645233,0.032887,0.757840,349.614000,81.180660,356.064400
207.595,2,-0.808623,1.711743,0.033642,-0.090350,0.651774,0.029738,0.752425,349.937100,82.174850,355.746800
207.706,2,-0.809005,1.720983,-0.005362,-0.094811,0.637962,0.034992,0.763408,349.081900,80.146580,356.055400
207.817,2,-0.809301,1.723819,-0.019287,-0.096302,0.627098,0.039588,0.771950,348.560500,78.527450,356.510200
207.928,2,-0.810815,1.725915,-0.022129,-0.097866,0.627544,0.042128,0.771256,348.238700,78.617050,356.612500
208.040,2,-0.813176,1.742009,-0.015491,-0.103302,0.631165,0.050029,0.767110,347.194500,79.247920,356.846300
208.151,2,-0.817030,1.785444,-0.000736,-0.108652,0.633418,0.048205,0.764626,346.866300,79.710380,356.236100
208.262,2,-0.824250,1.801392,0.012727,-0.121040,0.628712,0.061455,0.765699,344.773500,79.239980,356.548800
208.373,2,-0.828289,1.797371,0.022197,-0.118615,0.627172,0.059642,0.767482,345.114900,78.953780,356.604800
208.485,2,-0.828525,1.802131,0.027450,-0.117912,0.625290,0.062742,0.768878,344.942800,78.639530,356.974000
208.595,2,-0.825084,1.801225,0.029870,-0.120416,0.621367,0.061140,0.771794,344.819900,78.112300,356.717000
208.706,2,-0.814569,1.794098,0.031094,-0.115291,0.625926,0.060436,0.768943,345.347200,78.683270,356.955500
208.817,2,-0.800835,1.783774,0.033943,-0.115519,0.630793,0.060163,0.764942,345.366800,79.428530,356.818800
208.928,2,-0.776082,1.766181,0.043544,-0.101133,0.643530,0.045855,0.757324,347.748700,81.094250,356.438300
209.039,2,-0.760820,1.744230,0.058814,-0.084215,0.651760,0.039142,0.752718,349.758200,82.042500,357.038100
209.150,2,-0.749397,1.716214,0.085881,-0.084203,0.653880,0.038181,0.750929,349.840400,82.369430,356.926600
209.261,2,-0.734977,1.696179,0.108094,-0.067621,0.636042,0.044430,0.767401,350.775500,79.389120,358.965100
209.371,2,-0.708953,1.688069,0.118910,-0.080904,0.593958,0.047679,0.798996,349.285100,73.361690,358.838500
209.483,2,-0.659535,1.669976,0.119198,-0.086845,0.542798,0.047095,0.834032,348.697400,66.204040,359.081400
209.595,2,-0.593181,1.654123,0.106892,-0.090224,0.476009,0.043735,0.873706,348.504300,57.220290,359.446200
209.706,2,-0.476778,1.652970,0.072837,-0.104642,0.379418,0.054834,0.917652,346.487300,44.778610,1.251184
209.818,2,-0.389302,1.675480,0.050728,-0.112668,0.312645,0.051905,0.941735,345.838200,36.530560,1.614110
209.929,2,-0.309443,1.710103,0.034305,-0.138968,0.253457,0.041993,0.956391,343.315500,29.599340,0.590907
210.041,2,-0.270971,1.724708,0.024239,-0.171837,0.200007,0.034987,0.963974,339.800600,23.457070,359.921600
210.152,2,-0.259437,1.730718,0.015121,-0.188592,0.167387,0.020747,0.967463,338.169800,19.905540,358.580700
210.263,2,-0.270977,1.738585,0.004365,-0.202544,0.159484,0.020987,0.965971,336.546900,19.062100,358.497200
210.373,2,-0.293590,1.750034,0.001538,-0.234459,0.136474,0.017809,0.962334,332.863300,16.605170,358.086300
210.485,2,-0.310284,1.753446,0.003882,-0.268684,0.088868,0.017979,0.958952,328.767900,10.837740,359.110600
210.596,2,-0.307340,1.758306,0.006369,-0.298483,0.040525,0.013830,0.953454,325.228900,4.819981,0.152058
210.707,2,-0.278711,1.754590,0.014010,-0.303850,-0.023439,-0.002775,0.952428,324.625400,356.979700,0.629514
210.819,2,-0.244113,1.743174,0.024945,-0.271239,-0.078255,-0.012298,0.959247,328.513700,350.315100,1.267172
210.930,2,-0.196970,1.732340,0.042024,-0.230971,-0.148590,-0.010430,0.961491,333.432500,341.694500,3.113786
211.041,2,-0.160188,1.727688,0.057604,-0.204180,-0.200340,-0.011328,0.958147,336.683600,335.605700,3.752572
211.151,2,-0.134799,1.723388,0.073864,-0.176838,-0.238781,-0.007844,0.954804,340.035500,331.172100,4.238776
211.262,2,-0.121187,1.720515,0.085419,-0.158703,-0.267803,-0.011308,0.950246,342.081200,327.918100,3.827310
211.374,2,-0.120175,1.718459,0.093461,-0.149262,-0.288056,-0.017644,0.945745,342.992800,325.648700,3.154239
211.485,2,-0.130639,1.713714,0.103011,-0.148159,-0.301026,-0.026574,0.941662,342.840600,324.190100,2.348433
211.596,2,-0.142842,1.693004,0.108530,-0.159338,-0.305640,-0.039045,0.937908,341.170300,323.658500,1.462699
211.707,2,-0.156607,1.617646,0.108441,-0.163902,-0.314082,-0.045588,0.934029,340.438700,322.641400,1.082144
211.818,2,-0.169412,1.572237,0.106712,-0.161067,-0.315580,-0.050275,0.933777,340.577400,322.572700,0.471978
211.929,2,-0.185255,1.629267,0.102906,-0.173059,-0.317741,-0.053244,0.930729,339.146700,322.178700,0.666124
212.040,2,-0.199213,1.838168,0.102194,-0.120032,-0.327117,-0.038925,0.936521,345.505200,321.450200,0.332631
212.151,2,-0.211386,1.992232,0.103392,-0.164917,-0.331418,-0.050493,0.927586,340.158600,320.510600,0.952714
212.262,2,-0.218397,2.014531,0.103586,-0.134518,-0.332366,-0.051139,0.932107,343.455300,320.801500,359.646400
212.374,2,-0.223094,1.925426,0.096424,-0.155438,-0.342368,-0.065541,0.924299,340.596400,319.502900,359.105500
212.485,2,-0.236086,1.715992,0.102708,-0.159650,-0.351480,-0.066299,0.920097,340.099200,318.290500,359.404400
212.596,2,-0.259318,1.596207,0.128887,-0.115803,-0.345608,-0.048510,0.929942,345.586900,319.301500,359.397900
212.706,2,-0.291968,1.585660,0.167440,-0.090644,-0.331614,-0.037663,0.938295,348.750500,321.131700,359.383100
212.817,2,-0.306277,1.619862,0.193377,-0.084101,-0.339909,-0.045878,0.935566,349.131700,320.225100,358.327100
212.928,2,-0.310057,1.643532,0.234656,-0.093765,-0.348270,-0.051615,0.931264,347.843000,319.183300,358.193200
213.040,2,-0.302367,1.626884,0.260341,-0.091827,-0.363062,-0.051538,0.925796,348.027100,317.350200,358.315900
213.151,2,-0.293679,1.575925,0.290121,-0.096124,-0.380275,-0.062318,0.917752,347.065800,315.261400,357.572600
213.262,2,-0.297849,1.514720,0.309243,-0.091874,-0.381471,-0.072064,0.916977,347.086900,315.237800,356.349000
213.373,2,-0.306449,1.445135,0.311005,-0.084137,-0.382715,-0.067080,0.917579,348.126600,315.076400,356.561100
213.484,2,-0.311718,1.366896,0.298269,-0.076501,-0.394574,-0.066691,0.913242,348.909600,313.614300,356.410500
213.595,2,-0.310983,1.292169,0.282424,-0.082180,-0.400035,-0.077607,0.909503,347.785200,312.990200,355.574400
213.705,2,-0.306385,1.190350,0.255954,-0.088226,-0.407005,-0.072208,0.906283,347.367700,312.015200,356.529800
213.816,2,-0.301021,1.126082,0.235354,-0.089726,-0.415508,-0.070556,0.902399,347.257400,310.899200,356.898300
213.927,2,-0.294734,1.091547,0.217644,-0.095546,-0.414030,-0.078861,0.901793,346.253400,311.127800,356.274500
214.039,2,-0.292021,1.087536,0.206514,-0.095525,-0.412622,-0.077585,0.902551,346.322400,311.296100,356.387800
214.150,2,-0.293666,1.097673,0.200705,-0.078872,-0.406608,-0.070220,0.907479,348.448300,312.104100,356.295300
214.261,2,-0.307568,1.148201,0.211407,0.021580,-0.372464,-0.044322,0.926736,0.399942,316.189000,354.362900
214.371,2,-0.321256,1.217216,0.227263,0.092893,-0.346158,-0.017939,0.933394,9.264504,318.843200,354.313100
214.483,2,-0.322812,1.284438,0.237561,0.105507,-0.326957,-0.014677,0.939017,10.868090,321.067500,354.357500
214.593,2,-0.321444,1.348433,0.240891,0.094622,-0.308350,-0.017142,0.946400,9.702317,323.458400,354.714500
214.705,2,-0.320165,1.399463,0.241114,0.086379,-0.275681,-0.024033,0.957059,8.747986,327.445800,354.564200
214.816,2,-0.310449,1.435707,0.241694,0.108484,-0.186978,-0.047780,0.975186,11.169700,337.524700,352.163900
214.928,2,-0.270843,1.475175,0.232890,0.156257,0.011216,-0.060267,0.985812,18.025010,0.197642,353.034600
215.038,2,-0.229377,1.500203,0.210347,0.212603,0.146251,-0.045897,0.965041,25.072630,16.863660,358.329900
215.148,2,-0.178683,1.537078,0.173078,0.241174,0.244050,-0.053820,0.937752,28.593530,29.454320,1.094853
215.259,2,-0.142881,1.556617,0.147679,0.249153,0.278932,-0.058650,0.925570,29.599560,34.071570,2.005260
215.370,2,-0.101909,1.576676,0.122939,0.251979,0.272434,-0.069089,0.926020,30.286220,32.955380,0.619782
215.481,2,-0.066334,1.606182,0.108403,0.201343,0.212244,-0.080341,0.952869,24.696440,24.179230,355.730300
215.592,2,-0.028193,1.634942,0.092763,0.114931,0.136789,-0.081867,0.980499,14.345940,14.918920,352.342300
215.704,2,0.020058,1.628340,0.082763,0.127756,0.141278,-0.073453,0.978940,15.717000,15.536500,353.575300
215.816,2,0.064372,1.612300,0.083668,0.166258,0.210025,-0.085724,0.959635,20.799730,23.622200,354.186400
215.927,2,0.107022,1.595299,0.071479,0.203448,0.357491,-0.092862,0.906745,25.807280,42.699910,358.539700
216.038,2,0.119315,1.588396,0.051857,0.210370,0.446538,-0.095593,0.864413,26.683760,54.983880,1.450194
216.148,2,0.115376,1.570477,0.021101,0.246962,0.506187,-0.120351,0.817496,31.710070,64.550410,3.588451
216.260,2,0.105735,1.565937,-0.000161,0.258349,0.523120,-0.129461,0.801774,33.347950,67.534970,4.304458
216.370,2,0.088276,1.557191,-0.021069,0.281328,0.501531,-0.136093,0.806722,36.186610,65.191870,4.449159
216.482,2,0.073154,1.557360,-0.033911,0.279939,0.468928,-0.132843,0.827099,35.991300,60.087640,3.031889
216.592,2,0.060197,1.559905,-0.043307,0.276011,0.434022,-0.126035,0.848268,35.286530,54.769070,1.808875
216.703,2,0.050803,1.564454,-0.051360,0.265343,0.404440,-0.114768,0.867669,33.593190,50.303830,1.064148
216.815,2,0.046503,1.568394,-0.057167,0.260196,0.390940,-0.101245,0.877048,32.382560,48.558630,1.753921
216.926,2,0.038576,1.573488,-0.054593,0.259731,0.340410,-0.085400,0.899649,31.700230,41.894480,1.560496
217.037,2,0.023365,1.575996,-0.041435,0.265951,0.211401,-0.069791,0.937928,31.896970,25.047130,358.753200
217.147,2,-0.005254,1.580204,-0.026082,0.271149,-0.034998,-0.044510,0.960871,31.195670,353.866600,352.981900
217.259,2,-0.018674,1.582851,-0.022217,0.263785,-0.222859,-0.014347,0.938374,29.252710,330.786800,350.466700
217.369,2,-0.009164,1.584542,-0.018630,0.258930,-0.382740,0.023316,0.886523,28.485860,310.681100,349.719300
217.481,2,0.012865,1.584265,-0.002623,0.253561,-0.435954,0.055062,0.861754,29.013950,304.181000,351.703900
217.592,2,0.032023,1.580769,0.019567,0.257097,-0.444412,0.077735,0.854609,30.565730,303.305100,353.622200
217.703,2,0.041319,1.578433,0.041841,0.260815,-0.442679,0.088585,0.853325,31.570640,303.643200,354.630300
217.814,2,0.041554,1.577719,0.058100,0.269725,-0.441491,0.089802,0.851040,32.573960,303.463400,354.189600
217.925,2,0.033459,1.578880,0.076507,0.275415,-0.441653,0.091982,0.848899,33.287900,303.237500,354.018600
218.036,2,0.017413,1.574179,0.092350,0.287455,-0.436879,0.098053,0.846695,34.921120,303.538200,354.040900
218.147,2,-0.029780,1.552945,0.118214,0.309445,-0.426480,0.106207,0.843255,37.768420,304.234600,353.840000
218.258,2,-0.087696,1.514752,0.144880,0.322721,-0.406436,0.108088,0.847926,39.431020,306.674300,354.127300
218.368,2,-0.157045,1.429571,0.177600,0.313640,-0.389088,0.084617,0.862021,37.342250,309.014400,352.906000
218.480,2,-0.191528,1.335135,0.200664,0.296891,-0.386317,0.066279,0.870760,34.628360,309.665300,352.039200
218.591,2,-0.199784,1.241969,0.213848,0.265603,-0.388096,0.062915,0.880272,31.093780,310.635200,353.604000
218.703,2,-0.200113,1.170680,0.219387,0.237463,-0.384945,0.043501,0.890807,27.165240,311.614300,353.201600
218.815,2,-0.204902,1.129040,0.218070,0.217132,-0.389461,0.038978,0.894234,24.752220,311.550900,353.714900
218.926,2,-0.211843,1.094307,0.213113,0.196609,-0.392298,0.030427,0.898065,22.148490,311.596600,353.826200
219.038,2,-0.217179,1.077232,0.211380,0.178335,-0.391747,0.025409,0.902267,19.981680,312.050200,354.267400
219.148,2,-0.216064,1.068502,0.214958,0.174473,-0.396251,0.026554,0.901022,19.599990,311.570200,354.492200
219.260,2,-0.213244,1.068710,0.219548,0.162172,-0.392872,0.023508,0.904875,18.177480,312.241200,354.874400
219.371,2,-0.211366,1.070717,0.224109,0.157641,-0.400662,0.022093,0.902292,17.588570,311.307300,354.796600
219.482,2,-0.209324,1.071750,0.226146,0.155108,-0.401718,0.018588,0.902341,17.148820,311.177900,354.530800
219.593,2,-0.208410,1.077490,0.224941,0.155071,-0.401029,0.022747,0.902558,17.347480,311.322100,354.992500
219.705,2,-0.204776,1.119814,0.218079,0.156807,-0.401712,0.022363,0.901964,17.507750,311.192200,354.847900
219.816,2,-0.203145,1.181607,0.208912,0.141698,-0.409127,0.026197,0.901027,16.068310,310.578300,355.898000
219.927,2,-0.200148,1.263678,0.199859,0.141799,-0.415281,0.020473,0.898341,15.769750,309.711100,355.172400
220.038,2,-0.196092,1.319258,0.193352,0.134885,-0.408110,0.019209,0.902709,15.022790,310.754300,355.521600
220.149,2,-0.193528,1.366311,0.182700,0.134481,-0.406413,0.020915,0.903497,15.070430,310.999400,355.752600
220.260,2,-0.192128,1.386787,0.173533,0.135941,-0.409583,0.019404,0.901879,15.135360,310.547100,355.463000
220.371,2,-0.188762,1.404399,0.164199,0.138026,-0.411704,0.016689,0.900650,15.210610,310.203900,355.030500
220.482,2,-0.185410,1.429505,0.158375,0.138069,-0.409986,0.014038,0.901472,15.096260,310.395600,354.776200
220.593,2,-0.180441,1.466733,0.152862,0.136053,-0.409945,0.012711,0.901817,14.821650,310.424500,354.740100
220.704,2,-0.173864,1.513922,0.148020,0.130473,-0.408238,0.007125,0.903475,13.979590,310.688500,354.461600
220.816,2,-0.168718,1.555310,0.144216,0.122632,-0.407505,0.004696,0.904919,13.048170,310.897400,354.613600
220.927,2,-0.160236,1.594620,0.138266,0.115179,-0.406435,-0.002266,0.906388,11.943780,311.095700,354.266800
221.039,2,-0.154389,1.613823,0.133520,0.104367,-0.409483,-0.003587,0.906321,10.733550,310.867400,354.628500
221.149,2,-0.153871,1.620238,0.133155,0.103727,-0.413984,-0.005508,0.904339,10.547350,310.288900,354.405200
221.261,2,-0.159133,1.606047,0.136373,0.116270,-0.418399,-0.001853,0.900789,12.000380,309.550800,354.094900
221.371,2,-0.161515,1.575616,0.134623,0.106064,-0.416461,-0.002991,0.902940,10.897220,309.956100,354.521900
221.483,2,-0.167061,1.510720,0.128320,0.100512,-0.410217,0.005507,0.906415,10.761940,310.901100,355.769100
221.594,2,-0.169415,1.425938,0.116749,0.100114,-0.424525,0.010266,0.899806,10.887560,309.114100,356.115500
221.705,2,-0.174449,1.361899,0.112428,0.110568,-0.433629,0.012447,0.894195,12.036480,307.803600,355.682300
221.816,2,-0.178866,1.335261,0.112143,0.104127,-0.435714,0.012930,0.893949,11.387020,307.636000,356.044600
221.927,2,-0.189419,1.324275,0.116597,0.107629,-0.440116,0.023689,0.891153,12.279430,307.101500,356.919100
222.038,2,-0.197711,1.330530,0.121476,0.106299,-0.451258,0.023455,0.885729,12.091420,305.666700,356.811500
222.149,2,-0.206473,1.337798,0.123850,0.105906,-0.463540,0.023158,0.879419,11.990050,304.059000,356.632900
222.260,2,-0.199075,1.331868,0.108623,0.111213,-0.468568,0.015654,0.876259,12.097310,303.252300,355.495800
222.371,2,-0.188083,1.322816,0.075057,0.112273,-0.470675,0.013798,0.875025,12.091430,302.941500,355.216400
222.483,2,-0.180516,1.314396,0.018761,0.115003,-0.463146,0.015719,0.878649,12.512670,303.903000,355.364200
222.593,2,-0.169400,1.300169,-0.052955,0.136069,-0.458207,0.026930,0.877956,15.284020,304.261700,355.397200
222.704,2,-0.154076,1.291175,-0.116976,0.146001,-0.457279,0.024945,0.876902,16.192860,304.154900,354.635800
222.816,2,-0.138342,1.288361,-0.161224,0.156758,-0.452145,0.027370,0.877635,17.451780,304.620300,354.362500
222.926,2,-0.121736,1.296431,-0.198144,0.148847,-0.448327,0.031691,0.880820,16.895670,305.357300,355.346000
223.037,2,-0.114829,1.303416,-0.212208,0.150180,-0.444807,0.032621,0.882343,17.100030,305.806400,355.437000
223.148,2,-0.108047,1.307917,-0.222131,0.143907,-0.449096,0.033472,0.881183,16.480020,305.379700,355.797800
223.259,2,-0.103687,1.307251,-0.222645,0.144429,-0.445477,0.033315,0.882939,16.542460,305.846900,355.821500
223.370,2,-0.102829,1.305025,-0.220611,0.147094,-0.444453,0.033842,0.882995,16.848950,305.933200,355.746400
223.482,2,-0.103956,1.306697,-0.220838,0.147993,-0.449567,0.034896,0.880210,16.972070,305.247600,355.704700
223.593,2,-0.104341,1.309029,-0.226006,0.143034,-0.450520,0.036431,0.880481,16.541080,305.241600,356.128400
223.704,2,-0.106217,1.313775,-0.234174,0.137152,-0.462579,0.044195,0.874790,16.310680,303.837000,357.039700
223.815,2,-0.101715,1.314540,-0.225930,0.141437,-0.467291,0.042322,0.871690,16.626500,303.100000,356.505700
223.926,2,-0.100065,1.300499,-0.196656,0.148073,-0.489101,0.036775,0.858780,16.875740,299.947600,355.103400
224.038,2,-0.102006,1.273960,-0.162088,0.151009,-0.499837,0.039652,0.851932,17.273720,298.437300,354.989600
224.148,2,-0.113764,1.227718,-0.096677,0.152798,-0.533027,0.045426,0.830946,17.599400,293.827100,354.739200
224.259,2,-0.121434,1.197098,-0.028625,0.164877,-0.552462,0.049024,0.815597,18.851370,290.744500,353.799900
224.371,2,-0.121101,1.188293,0.066788,0.158636,-0.547940,0.058542,0.819249,18.909840,291.661000,355.275100
224.482,2,-0.113342,1.204948,0.149804,0.151652,-0.548125,0.057132,0.820546,18.150050,291.815000,355.624900
224.593,2,-0.104268,1.231495,0.227384,0.147754,-0.549128,0.054044,0.820796,17.572080,291.749100,355.575000
224.704,2,-0.096189,1.257112,0.289901,0.151728,-0.555890,0.058294,0.815210,18.191340,290.707900,355.554000
224.815,2,-0.087487,1.278643,0.330160,0.151253,-0.559391,0.058865,0.812859,18.164830,290.220500,355.562100
224.927,2,-0.078899,1.299497,0.359968,0.154817,-0.566390,0.067306,0.806662,19.026890,289.172400,355.948900
225.038,2,-0.076876,1.310089,0.366791,0.150768,-0.583737,0.069295,0.794807,18.696950,286.753400,356.012700
225.148,2,-0.076766,1.309237,0.360577,0.150640,-0.619359,0.072262,0.767125,18.701150,281.411300,355.414100
225.260,2,-0.071638,1.296054,0.349283,0.154299,-0.654939,0.073438,0.736107,18.865990,275.730900,354.299200
225.371,2,-0.056207,1.283395,0.337978,0.156060,-0.697914,0.075020,0.694935,18.760830,268.615600,353.111500
225.482,2,-0.030631,1.283081,0.342411,0.158536,-0.735493,0.084837,0.653238,19.385190,261.945900,352.546600
225.593,2,-0.004794,1.292222,0.367664,0.150224,-0.753972,0.098059,0.631936,19.738680,258.845900,353.742300
225.704,2,0.015571,1.309932,0.406421,0.139008,-0.758312,0.109806,0.627362,19.934760,258.419300,355.543500
225.815,2,0.021429,1.331268,0.443985,0.129125,-0.769808,0.114939,0.614419,19.611240,256.584300,356.496700
225.926,2,0.015053,1.348704,0.500325,0.117200,-0.789769,0.108248,0.592294,18.048050,253.191800,356.569600
226.038,2,-0.000550,1.345974,0.554725,0.106786,-0.813240,0.108404,0.561681,17.234050,248.791200,356.884500
226.148,2,-0.026823,1.327649,0.642072,0.094598,-0.841512,0.119233,0.518356,17.382060,242.937700,357.862100
226.260,2,-0.044149,1.321083,0.702639,0.085170,-0.852989,0.125045,0.499519,17.362220,240.520600,358.776900
226.370,2,-0.061755,1.325493,0.750406,0.071374,-0.863854,0.126699,0.482296,16.723090,238.340100,359.934100
226.482,2,-0.065686,1.330866,0.769679,0.065930,-0.881705,0.131682,0.448230,16.936610,233.910500,0.106978
226.592,2,-0.065313,1.337319,0.785242,0.073074,-0.894639,0.130329,0.421066,17.141510,230.218800,358.741100
226.704,2,-0.068152,1.345074,0.798927,0.074152,-0.900672,0.121271,0.410590,16.220950,228.724600,357.971500
226.815,2,-0.073424,1.350841,0.804017,0.074901,-0.902733,0.119877,0.406317,16.099160,228.145600,357.744400
226.926,2,-0.080978,1.353094,0.795044,0.072899,-0.905052,0.118290,0.401964,15.826360,227.590000,357.804500
227.037,2,-0.084538,1.351624,0.769656,0.074112,-0.909495,0.126015,0.389163,16.672600,226.009100,357.802700
227.148,2,-0.088260,1.349151,0.712618,0.069954,-0.921300,0.132284,0.358906,17.095190,222.262300,357.964900
227.259,2,-0.094967,1.340030,0.651021,0.062403,-0.930886,0.134967,0.333679,17.033060,219.206400,358.435300
227.370,2,-0.109242,1.318336,0.548837,0.046356,-0.945544,0.134600,0.292714,16.360350,214.326000,359.470700
227.482,2,-0.128571,1.296396,0.459200,0.036491,-0.953114,0.139759,0.265912,16.607870,211.219000,0.285067
227.593,2,-0.143789,1.280168,0.390773,0.040670,-0.955799,0.160317,0.243090,19.040350,208.541200,0.011949
227.704,2,-0.154223,1.278282,0.337373,0.041002,-0.960534,0.170832,0.215660,20.234600,205.253100,359.689600
227.816,2,-0.161175,1.280101,0.303765,0.034224,-0.964906,0.178657,0.189388,20.961320,202.227700,0.099700
227.927,2,-0.175264,1.284030,0.276380,0.031794,-0.974074,0.175340,0.139373,20.514930,196.140900,359.200800
228.038,2,-0.200886,1.286789,0.266289,0.036237,-0.980599,0.166597,0.096739,19.496000,190.862700,357.638900
228.149,2,-0.260445,1.288860,0.258953,0.035465,-0.987018,0.152370,0.036361,17.659720,183.668600,356.454400
228.260,2,-0.333277,1.292213,0.250507,0.028787,-0.988357,0.149310,-0.005410,17.147490,178.843200,356.488900
228.371,2,-0.387042,1.291940,0.242975,0.011510,-0.986123,0.161839,-0.035189,18.564700,175.575700,357.939100
228.483,2,-0.413192,1.291662,0.237263,-0.000537,-0.981424,0.173629,-0.081603,19.931390,170.201700,358.336900
228.594,2,-0.424315,1.295124,0.238419,-0.004759,-0.974747,0.185712,-0.123919,21.298270,165.084600,357.739500
228.705,2,-0.425318,1.316997,0.253013,-0.010004,-0.965054,0.199970,-0.169068,22.913780,159.517000,356.993700
228.815,2,-0.430112,1.369033,0.288860,-0.007543,-0.938809,0.262786,-0.222542,29.786460,151.517600,353.197500
228.926,2,-0.452188,1.454575,0.354142,-0.014653,-0.911469,0.329054,-0.246440,37.377750,146.413100,350.184200
229.036,2,-0.470310,1.512602,0.397928,-0.008269,-0.921996,0.296846,-0.248470,33.469380,147.086800,350.876800
229.146,2,-0.495723,1.542486,0.457102,-0.027039,-0.912319,0.325843,-0.246514,37.436130,147.024300,351.941300
229.255,2,-0.511354,1.553640,0.491346,-0.029164,-0.912403,0.327683,-0.243503,37.745930,147.468000,352.269500
229.365,2,-0.523834,1.561914,0.518286,-0.031032,-0.919485,0.313523,-0.235135,36.238880,149.203800,353.566700
229.476,2,-0.529799,1.566954,0.535567,-0.032390,-0.919267,0.313486,-0.235850,36.273040,149.158800,353.710500
229.587,2,-0.533804,1.572646,0.546535,-0.024048,-0.921058,0.307622,-0.237576,35.317180,148.787200,352.828200
229.698,2,-0.537248,1.575149,0.554226,-0.019392,-0.923415,0.300971,-0.237370,34.405670,148.856200,352.543600
229.801,2,-0.540962,1.575742,0.561794,-0.016483,-0.923140,0.301907,-0.237474,34.418450,148.706300,352.129800
229.911,2,-0.544828,1.578487,0.567586,-0.011719,-0.925028,0.294878,-0.239234,33.445770,148.523500,351.772300
230.023,2,-0.549096,1.580761,0.571130,-0.006293,-0.926387,0.291308,-0.238553,32.869690,148.542500,351.280700
230.134,2,-0.553239,1.581807,0.571527,-0.003654,-0.928087,0.289612,-0.234024,32.634670,149.115400,351.204300
230.245,2,-0.557146,1.582577,0.570495,-0.000796,-0.929969,0.288562,-0.227790,32.484430,149.886500,351.135900
230.356,2,-0.559414,1.582693,0.570095,0.001483,-0.930740,0.288808,-0.224301,32.475860,150.267900,350.976000
230.467,2,-0.562830,1.583943,0.570058,0.003169,-0.932467,0.287112,-0.219230,32.279920,150.939000,351.031600
230.569,2,-0.565899,1.584807,0.570720,0.006842,-0.933006,0.284979,-0.219637,31.922340,150.825800,350.646200
230.672,2,-0.570512,1.585526,0.570230,0.012699,-0.933426,0.284384,-0.218358,31.692280,150.819000,349.989900
230.775,2,-0.573334,1.586869,0.569334,0.016768,-0.934531,0.282069,-0.216350,31.328820,151.022400,349.655100
230.877,2,-0.575644,1.590320,0.568894,0.017805,-0.937311,0.275284,-0.212955,30.561970,151.640700,349.925700
230.980,2,-0.578328,1.596962,0.572791,0.018835,-0.942404,0.260360,-0.209123,28.871770,152.528700,350.509100
231.081,2,-0.582965,1.602451,0.581247,0.015900,-0.946922,0.247449,-0.204583,27.524310,153.527200,351.481700
231.181,2,-0.584574,1.607936,0.588241,0.013648,-0.947994,0.234475,-0.214808,26.020870,152.591300,351.900500
231.283,2,-0.581796,1.617525,0.595571,0.014500,-0.946558,0.207018,-0.246904,22.628150,149.142600,351.923700
231.394,2,-0.577981,1.623727,0.600024,0.012193,-0.941439,0.186007,-0.280971,20.082750,145.381300,352.198800
231.506,2,-0.571824,1.632554,0.601555,0.010633,-0.934296,0.159918,-0.318439,16.980640,141.265500,352.688400
231.617,2,-0.566478,1.639596,0.600184,0.011697,-0.929882,0.134352,-0.342247,13.996060,138.760200,353.269700
231.728,2,-0.557397,1.645666,0.592576,0.013804,-0.928069,0.117544,-0.353102,12.030300,137.666700,353.622900
231.839,2,-0.543220,1.648225,0.579968,0.013552,-0.930450,0.110822,-0.348997,11.348140,138.282300,353.994900
231.950,2,-0.510702,1.651075,0.554865,0.013187,-0.934246,0.096611,-0.343041,9.873231,139.217300,354.704700
232.061,2,-0.470433,1.649416,0.530082,0.010985,-0.937275,0.097652,-0.334453,10.119760,140.280100,354.993400
232.172,2,-0.418491,1.652135,0.504334,0.010899,-0.941874,0.086998,-0.324323,9.021973,141.646200,355.530600
232.284,3,-0.361063,1.665990,0.482163,0.009966,-0.946459,0.068360,-0.315345,7.071859,142.924200,356.419400
232.395,3,-0.315646,1.678272,0.471660,0.014210,-0.950188,0.043944,-0.308236,4.286883,143.938000,356.890400
232.502,3,-0.274575,1.683714,0.465768,0.016565,-0.951440,0.031211,-0.305800,2.823546,144.292800,357.095500
232.616,3,-0.248284,1.689391,0.456895,0.016160,-0.953885,0.013023,-0.299454,0.869062,145.125900,357.785900
232.727,3,-0.222965,1.692555,0.440038,0.020941,-0.954475,-0.003621,-0.297533,358.889900,145.394000,357.832100
232.839,3,-0.211018,1.695869,0.423015,0.029659,-0.953004,-0.019774,-0.300855,356.816500,145.030300,357.438000
232.950,3,-0.206189,1.699929,0.392528,0.047864,-0.948305,-0.040070,-0.311161,353.927700,143.869800,356.203400
233.062,3,-0.211631,1.699774,0.353604,0.061122,-0.943800,-0.050224,-0.320911,352.297300,142.766000,355.187500
233.174,3,-0.216906,1.702870,0.310648,0.075809,-0.934456,-0.053152,-0.343832,351.288000,140.063500,353.894700
233.285,3,-0.218675,1.710159,0.254983,0.078674,-0.919889,-0.067279,-0.378270,349.438100,135.800600,354.522200
233.397,3,-0.221201,1.711422,0.215543,0.076434,-0.912793,-0.074208,-0.394284,348.711700,133.744500,355.261000
233.508,3,-0.228451,1.716299,0.171679,0.082480,-0.922388,-0.105926,-0.362184,345.217200,137.704900,355.525800
233.620,3,-0.231992,1.723425,0.137844,0.084641,-0.939322,-0.153735,-0.294746,340.201800,145.885400,355.832000
233.732,3,-0.229469,1.730920,0.110227,0.076519,-0.952672,-0.202158,-0.213762,335.298300,155.527500,356.253200
233.844,3,-0.217714,1.737174,0.089658,0.059728,-0.959806,-0.239089,-0.134318,331.640500,164.897400,356.714900
233.955,3,-0.196203,1.737993,0.075958,0.046144,-0.963447,-0.257278,-0.058722,329.922800,174.069700,356.110500
234.066,3,-0.152841,1.739101,0.056884,0.019694,-0.963132,-0.265908,0.035810,329.283000,185.302800,356.199800
234.177,3,-0.117945,1.742648,0.041918,-0.006998,-0.953536,-0.278709,0.114203,327.783800,194.644200,356.590600
234.288,3,-0.086821,1.750039,0.030978,-0.047450,-0.927356,-0.296385,0.223418,325.186200,208.063800,356.897900
234.399,3,-0.073529,1.753196,0.033907,-0.073596,-0.897834,-0.304659,0.309292,323.658900,219.332300,355.991900
234.511,3,-0.067432,1.754603,0.047539,-0.100054,-0.865969,-0.304608,0.383797,322.817000,229.272000,355.642900
234.622,3,-0.072043,1.755882,0.065795,-0.115387,-0.846127,-0.302753,0.423196,322.410600,234.647300,355.586100
234.733,3,-0.081742,1.758295,0.089319,-0.124901,-0.829960,-0.303978,0.450738,321.890000,238.692000,355.136900
234.844,3,-0.090496,1.755899,0.113843,-0.130502,-0.818234,-0.299986,0.472727,322.098800,241.783700,354.906100
234.955,3,-0.099186,1.754091,0.133562,-0.134613,-0.811363,-0.297907,0.484584,322.129200,243.448700,354.892100
235.066,3,-0.111189,1.748908,0.155552,-0.139108,-0.801573,-0.295856,0.500599,322.151600,245.796000,354.681000
235.177,3,-0.118984,1.750236,0.168761,-0.145186,-0.793006,-0.290302,0.515545,322.401700,247.760100,354.999500
235.287,3,-0.125697,1.750684,0.183052,-0.151558,-0.785282,-0.294703,0.522984,321.583400,249.118300,354.858200
235.399,3,-0.127435,1.750923,0.190902,-0.152203,-0.781744,-0.296796,0.526900,321.359800,249.888100,354.504900
235.510,3,-0.123384,1.752063,0.196997,-0.155267,-0.782582,-0.303326,0.521010,320.465300,249.262600,354.564700
235.622,3,-0.118449,1.754365,0.202756,-0.156296,-0.782803,-0.309621,0.516648,319.740900,248.924600,354.342300
235.732,3,-0.115773,1.756794,0.207900,-0.156188,-0.784650,-0.310022,0.513631,319.687000,248.445500,354.478500
235.844,3,-0.118369,1.755245,0.213188,-0.153708,-0.791033,-0.306270,0.506793,320.183100,247.113400,354.976700
235.955,3,-0.121726,1.752506,0.217808,-0.142634,-0.798510,-0.298312,0.503038,321.690300,246.258000,354.710600
236.066,3,-0.100744,1.748395,0.222560,-0.119399,-0.805030,-0.281665,0.508267,324.909400,246.623300,353.397400
236.177,3,-0.061345,1.749164,0.224779,-0.123066,-0.800032,-0.278615,0.516892,325.038500,247.744300,353.616800
236.288,3,0.002221,1.747901,0.221505,-0.130248,-0.791279,-0.278934,0.528307,324.616100,249.450900,353.761100
236.400,3,0.057456,1.745146,0.212780,-0.132731,-0.788153,-0.279872,0.531855,324.384000,250.032700,353.751700
236.511,3,0.132213,1.736705,0.196901,-0.133604,-0.787042,-0.272261,0.537205,325.102700,250.441600,354.246900
236.622,3,0.196848,1.727714,0.183370,-0.137854,-0.788703,-0.260797,0.539379,325.937700,250.090400,355.577100
236.733,3,0.253936,1.727379,0.174679,-0.142117,-0.787004,-0.250362,0.545661,326.690100,250.486900,356.602100
236.845,3,0.301069,1.735840,0.170036,-0.142725,-0.788594,-0.234232,0.550350,328.229000,250.449100,357.794700
236.955,3,0.336465,1.737292,0.168917,-0.141292,-0.791419,-0.227014,0.549689,329.025300,250.044900,358.266900
237.067,3,0.373074,1.739017,0.171152,-0.140199,-0.792935,-0.218251,0.551330,329.953100,249.947400,358.787400
237.178,3,0.391500,1.732703,0.174812,-0.108310,-0.803312,-0.180719,0.557045,335.731400,249.847000,358.282400
237.288,3,0.402055,1.713498,0.182618,-0.034109,-0.817406,-0.092472,0.567568,349.053500,249.824000,357.127200
237.398,3,0.406920,1.694731,0.193815,0.025100,-0.818831,-0.017141,0.573230,0.040392,249.987300,356.516800
237.507,3,0.406545,1.680804,0.211613,0.052204,-0.819172,0.023415,0.570687,5.620921,249.560700,356.612600
237.617,3,0.402672,1.672558,0.227121,0.069539,-0.816568,0.043861,0.571364,8.690365,249.682300,356.320100
237.729,3,0.395743,1.662225,0.247154,0.091027,-0.807280,0.075240,0.578232,13.105760,250.820300,356.470600
237.841,3,0.390017,1.659252,0.263238,0.097880,-0.803593,0.080898,0.581476,14.113760,251.315700,356.261700
237.951,3,0.384451,1.656586,0.276907,0.102722,-0.805104,0.085706,0.577850,14.875550,250.822400,356.063300
238.062,3,0.378915,1.654061,0.288986,0.109662,-0.807393,0.090917,0.572559,15.806390,250.080300,355.650600
238.173,3,0.374842,1.652344,0.299497,0.113832,-0.808066,0.095262,0.570085,16.483770,249.752300,355.492900
238.285,3,0.373551,1.651789,0.308148,0.116468,-0.809789,0.095934,0.566987,16.705000,249.294400,355.218300
238.396,3,0.372723,1.652152,0.314885,0.120066,-0.811949,0.093184,0.563596,16.657980,248.742000,354.613300
238.507,3,0.371634,1.653580,0.322254,0.120124,-0.810634,0.089336,0.566093,16.310360,249.053100,354.402800
238.618,3,0.371120,1.656960,0.325194,0.110628,-0.814038,0.080829,0.564421,14.861170,248.783300,354.724600
238.729,3,0.369833,1.659960,0.324962,0.101666,-0.825998,0.073926,0.549479,13.523940,246.659100,354.883400
238.841,3,0.366585,1.661528,0.323692,0.097150,-0.835587,0.072124,0.535868,12.982380,244.774600,354.992400
238.951,3,0.362866,1.663728,0.324925,0.091618,-0.840300,0.065438,0.530302,11.955100,243.991300,355.041000
239.063,3,0.360379,1.666824,0.327830,0.084020,-0.841067,0.056029,0.531420,10.576480,244.130700,355.227700
239.175,3,0.359323,1.669633,0.331027,0.076513,-0.842522,0.048771,0.530965,9.406221,244.069900,355.515600
239.286,3,0.358258,1.674567,0.336314,0.066620,-0.843658,0.032641,0.531730,7.234088,244.159700,355.508000
239.397,3,0.357640,1.678390,0.340932,0.057778,-0.840128,0.018280,0.538992,5.336109,245.157300,355.542900
239.508,3,0.358037,1.682188,0.348165,0.047962,-0.831842,0.003523,0.552925,3.376680,247.095400,355.639600
239.620,3,0.359316,1.685576,0.353805,0.038563,-0.825836,-0.007231,0.562544,1.801840,248.459100,355.878900
239.731,3,0.361804,1.690981,0.361105,0.022578,-0.820168,-0.027995,0.570991,358.846100,249.730200,356.042300
239.842,3,0.364024,1.693925,0.366376,0.013415,-0.818469,-0.039979,0.573002,357.130000,250.088500,356.108900
239.954,3,0.364299,1.694242,0.369433,0.011866,-0.820433,-0.042764,0.570018,356.752900,249.692500,356.081800
240.065,3,0.363539,1.692867,0.371176,0.013352,-0.825493,-0.040417,0.562805,357.036600,248.671200,356.122200
240.176,3,0.362335,1.692188,0.370939,0.014667,-0.830112,-0.037713,0.556127,357.346300,247.727800,356.194500
240.288,3,0.360075,1.690613,0.370959,0.017629,-0.833809,-0.033179,0.550773,357.942000,246.961500,356.216400
240.399,3,0.360144,1.689960,0.369735,0.018153,-0.838751,-0.032827,0.543221,357.974400,245.925700,356.206700
240.510,3,0.360067,1.689233,0.368549,0.018095,-0.840392,-0.028682,0.540917,358.359200,245.585000,356.475900
240.621,3,0.359969,1.689527,0.366906,0.016685,-0.842586,-0.029784,0.537479,358.151600,245.122600,356.550700
240.732,3,0.359448,1.689741,0.366338,0.015928,-0.842049,-0.030124,0.538323,358.075500,245.238800,356.600900
240.844,3,0.359176,1.689685,0.366132,0.015499,-0.841630,-0.031558,0.538908,357.913100,245.326900,356.552000
240.953,3,0.357988,1.690061,0.366425,0.013497,-0.840903,-0.032754,0.540026,357.678400,245.484500,356.667900
241.065,3,0.357027,1.690274,0.365888,0.012157,-0.842981,-0.032979,0.536794,357.561300,245.044700,356.792400
241.176,3,0.355916,1.690488,0.365733,0.011618,-0.843481,-0.032802,0.536031,357.542400,244.939300,356.857800
241.287,3,0.354623,1.691121,0.366372,0.009980,-0.843717,-0.034642,0.535576,357.262100,244.887300,356.903900
241.398,3,0.353750,1.690987,0.367365,0.010417,-0.843452,-0.034322,0.536006,357.321500,244.944100,356.880100
241.509,3,0.353552,1.690242,0.368935,0.011431,-0.843253,-0.033553,0.536347,357.459500,244.986800,356.828500
241.621,3,0.354102,1.690117,0.370753,0.010759,-0.842148,-0.034169,0.538055,357.365000,245.222100,356.850100
241.732,3,0.355450,1.689845,0.372693,0.009968,-0.841607,-0.034672,0.538885,357.270700,245.337300,356.892600
241.843,3,0.356714,1.689832,0.374648,0.009475,-0.841042,-0.035478,0.539722,357.165600,245.456100,356.887200
241.954,3,0.357664,1.690126,0.376406,0.008250,-0.840818,-0.037382,0.539963,356.907200,245.500200,356.886000
242.065,3,0.358722,1.691152,0.378398,0.004138,-0.839969,-0.041991,0.540991,356.211900,245.667500,356.990600
242.177,3,0.360005,1.692943,0.380561,0.000150,-0.839037,-0.048377,0.541920,355.352900,245.838400,356.970000
242.288,3,0.361627,1.697098,0.382404,-0.009889,-0.838113,-0.060896,0.541997,353.523600,245.941900,357.148200
242.400,3,0.361959,1.699915,0.382712,-0.017709,-0.838377,-0.071228,0.540127,352.035300,245.774000,357.265300
242.511,3,0.358463,1.700028,0.381892,-0.019979,-0.838476,-0.072178,0.539768,351.801200,245.727100,357.428100
242.622,3,0.351437,1.697511,0.380804,-0.014718,-0.838513,-0.066054,0.540663,352.721700,245.798700,357.299100
242.733,3,0.338063,1.688377,0.379038,0.006525,-0.837920,-0.039513,0.544321,356.611000,246.108000,356.902000
242.844,3,0.318412,1.665442,0.376575,0.068039,-0.828410,0.035087,0.554867,7.679875,247.341400,355.729900
242.954,3,0.303268,1.650671,0.375401,0.100384,-0.820406,0.077460,0.557546,13.829500,247.838400,355.372700
243.064,3,0.291746,1.644454,0.376898,0.109959,-0.812941,0.091065,0.564574,15.796440,248.930300,355.472600
243.175,3,0.288332,1.643934,0.378521,0.108809,-0.813237,0.090304,0.564492,15.647680,248.917000,355.531500
243.286,3,0.288679,1.647131,0.380992,0.099762,-0.817522,0.080775,0.561410,14.127780,248.425500,355.717200
243.398,3,0.290720,1.651696,0.381664,0.085967,-0.824362,0.065525,0.555647,11.745650,247.547200,355.963400
243.509,3,0.296324,1.660183,0.381113,0.068556,-0.837535,0.038122,0.540724,7.931908,245.398100,355.737800
243.620,3,0.302564,1.668190,0.381838,0.047309,-0.841994,0.014649,0.537210,4.329882,244.938500,356.324100
243.732,3,0.307212,1.676085,0.383018,0.026877,-0.842460,-0.009561,0.538003,0.733992,245.105000,356.813900
243.844,3,0.306676,1.681974,0.382885,0.012197,-0.842486,-0.026139,0.537946,358.228100,245.161400,357.208800
243.955,3,0.301846,1.683744,0.381495,0.005432,-0.842332,-0.033658,0.537880,357.084700,245.187700,357.396900
244.066,3,0.288033,1.687982,0.374516,-0.005232,-0.845036,-0.051212,0.532226,354.714300,244.529000,357.371200
244.178,3,0.270797,1.699666,0.361244,-0.033280,-0.850601,-0.094341,0.516208,348.764000,242.739500,357.616900
244.290,3,0.235329,1.706541,0.335051,-0.059819,-0.855357,-0.132957,0.497100,343.326100,240.588700,358.214200
244.402,3,0.195334,1.705763,0.300802,-0.077990,-0.850111,-0.146743,0.499695,340.886700,241.037400,359.147800
244.513,3,0.156854,1.708243,0.253209,-0.092237,-0.840697,-0.147847,0.512702,339.930000,242.716600,0.212525
244.624,3,0.129079,1.715792,0.204991,-0.086620,-0.840418,-0.119080,0.521551,343.111700,243.456200,1.280353
244.735,3,0.111101,1.717040,0.171952,-0.083271,-0.838936,-0.102205,0.528022,344.964100,244.123300,1.886093
244.846,3,0.091520,1.713091,0.140624,-0.076735,-0.843095,-0.084387,0.525530,347.117800,243.603200,2.392508
244.957,3,0.073340,1.709561,0.122830,-0.080715,-0.850654,-0.078743,0.513490,347.475400,241.869900,3.315289
245.067,3,0.037894,1.702278,0.109503,-0.078747,-0.865700,-0.065703,0.489944,348.993500,238.610300,4.204106
245.179,3,0.007061,1.701344,0.115919,-0.074556,-0.878142,-0.076138,0.466381,348.272100,235.585100,3.508714
245.290,3,-0.028560,1.705154,0.154184,-0.060378,-0.893131,-0.092218,0.436082,347.444500,231.871900,1.609854
245.401,3,-0.062654,1.711738,0.199030,-0.055697,-0.906774,-0.116475,0.401363,345.170600,227.693000,0.445238
245.512,3,-0.098364,1.712180,0.235261,-0.035968,-0.920149,-0.119315,0.371210,345.742600,224.106200,358.676300
245.624,3,-0.139777,1.713056,0.254384,-0.038780,-0.929132,-0.129385,0.344193,344.506700,220.791400,358.989000
245.735,3,-0.176651,1.712093,0.257510,-0.029126,-0.936460,-0.127732,0.325392,345.037500,218.544200,358.305000
245.846,3,-0.215166,1.707035,0.246365,-0.018537,-0.946532,-0.112840,0.301664,347.009100,215.575500,358.059900
245.957,3,-0.241860,1.701679,0.227258,-0.018995,-0.950770,-0.109585,0.289252,347.328000,214.020500,358.397900
246.067,3,-0.276396,1.694841,0.187108,-0.032918,-0.949741,-0.096775,0.295877,348.269900,214.575600,0.307865
246.178,3,-0.302533,1.699384,0.140911,-0.052527,-0.948912,-0.094336,0.296492,347.867100,214.430700,2.564721
246.288,3,-0.337846,1.700939,0.073105,-0.079047,-0.953608,-0.095468,0.274352,346.970600,211.438600,5.795388
246.400,3,-0.360940,1.695975,0.040117,-0.074126,-0.958902,-0.069499,0.264921,350.063300,210.354100,6.138914
246.511,3,-0.372679,1.702498,0.031448,-0.065278,-0.960981,-0.077451,0.257402,349.486700,209.530000,4.993955
246.622,3,-0.375472,1.713314,0.036201,-0.057168,-0.967529,-0.114881,0.217766,345.688100,204.918600,3.585038
246.733,3,-0.382404,1.721380,0.043029,-0.041505,-0.976317,-0.145439,0.154693,342.732700,197.678300,2.163359
246.845,3,-0.398666,1.727393,0.047447,-0.019755,-0.981669,-0.176379,0.069471,339.571700,187.938600,0.873099
246.957,3,-0.425685,1.730026,0.049461,0.002209,-0.980758,-0.195051,-0.008027,337.503300,179.077000,359.925500
247.068,3,-0.477161,1.734585,0.044333,0.036355,-0.970548,-0.216093,-0.100095,334.739500,168.611300,358.269600
247.179,3,-0.524304,1.739713,0.028555,0.048127,-0.960860,-0.230564,-0.145848,332.798600,163.131400,358.374300
247.291,3,-0.577051,1.737585,0.006792,0.060999,-0.953677,-0.227164,-0.187552,332.860200,158.232200,357.994800
247.402,3,-0.610398,1.739318,-0.004753,0.069757,-0.949037,-0.220957,-0.213638,333.307800,155.205600,357.562600
247.512,3,-0.635386,1.739334,-0.007562,0.074353,-0.944535,-0.214482,-0.237324,333.866500,152.364500,357.532300
247.624,3,-0.656502,1.741750,-0.003218,0.087167,-0.935037,-0.218477,-0.265283,332.946900,149.050600,356.968900
247.735,3,-0.673031,1.743420,0.005042,0.097085,-0.922600,-0.221382,-0.300624,332.168900,144.643700,357.016000
247.846,3,-0.691175,1.743190,0.037590,0.101673,-0.912239,-0.216994,-0.332261,332.389200,140.630700,357.328400
247.957,3,-0.700854,1.744820,0.081335,0.103217,-0.904634,-0.232229,-0.342130,330.607400,139.047400,358.168800
248.068,3,-0.702675,1.743778,0.139882,0.099773,-0.896065,-0.243909,-0.357242,329.442400,136.610300,359.698100
248.179,3,-0.697223,1.740013,0.182614,0.097378,-0.895915,-0.241421,-0.359958,329.821900,136.234000,359.954800
248.290,3,-0.688856,1.735525,0.231234,0.092441,-0.895445,-0.226042,-0.372208,331.729700,134.813300,0.176852
248.401,3,-0.688705,1.734485,0.265632,0.102373,-0.890602,-0.216478,-0.386633,332.305700,133.304700,359.032500
248.512,3,-0.689306,1.733843,0.291940,0.099333,-0.890126,-0.210942,-0.391552,333.043200,132.691700,359.251300
248.623,3,-0.689092,1.731875,0.312338,0.101520,-0.889009,-0.199633,-0.399380,334.148500,131.924400,358.659900
248.735,3,-0.685651,1.731208,0.327582,0.101007,-0.886127,-0.201887,-0.404745,333.924300,131.132500,359.005800
248.846,3,-0.676026,1.728764,0.344065,0.099092,-0.882976,-0.194263,-0.415688,334.821400,129.770400,359.146200
248.957,3,-0.663391,1.727553,0.350978,0.096435,-0.882276,-0.193926,-0.417949,334.988300,129.417700,359.490200
249.068,3,-0.639474,1.726257,0.347776,0.089884,-0.882245,-0.189907,-0.421308,335.743200,128.928100,0.089149
249.179,3,-0.616579,1.724947,0.331238,0.087295,-0.882108,-0.188969,-0.422560,335.973700,128.731900,0.357232
249.290,3,-0.587443,1.723034,0.293119,0.090325,-0.876836,-0.184428,-0.434726,336.299300,127.230900,0.122095
249.401,3,-0.564162,1.726610,0.248037,0.105906,-0.868427,-0.174564,-0.451824,336.490900,125.366700,358.362900
249.512,3,-0.539878,1.734440,0.202488,0.112224,-0.862566,-0.178294,-0.459997,335.743300,124.258400,358.141300
249.623,3,-0.516454,1.735394,0.161163,0.112725,-0.853957,-0.182075,-0.474235,335.298900,122.183800,358.749100
249.735,3,-0.497191,1.735642,0.130072,0.110934,-0.851360,-0.178019,-0.480821,335.808000,121.325600,358.888300
249.846,3,-0.473471,1.737733,0.100222,0.109618,-0.851633,-0.174719,-0.481849,336.219600,121.239800,358.852100
249.957,3,-0.455947,1.738721,0.084786,0.104157,-0.856699,-0.174513,-0.474092,336.561100,122.248600,359.188600
250.068,3,-0.432444,1.741002,0.074134,0.096912,-0.867667,-0.178904,-0.453603,336.523200,124.876500,359.633200
250.179,3,-0.409664,1.741580,0.070577,0.090946,-0.878314,-0.180267,-0.433356,336.703700,127.522300,359.780500
250.290,3,-0.377505,1.738138,0.073252,0.079669,-0.894769,-0.174561,-0.403199,337.875000,131.507500,359.888300
250.402,3,-0.350833,1.740686,0.078844,0.072875,-0.904036,-0.172045,-0.384458,338.462800,133.916800,0.032311
250.512,3,-0.331102,1.740293,0.082455,0.069789,-0.905584,-0.178490,-0.378402,337.908100,134.539500,0.536893
250.624,3,-0.317472,1.739743,0.081509,0.070685,-0.907935,-0.177224,-0.373162,338.002300,135.267700,0.241709
250.735,3,-0.308610,1.738487,0.077868,0.072488,-0.911165,-0.173361,-0.366700,338.340900,136.213600,359.694500
250.846,3,-0.298882,1.737312,0.071428,0.070110,-0.914848,-0.170542,-0.359239,338.751600,137.188800,359.646500
250.957,3,-0.291708,1.736176,0.065987,0.066965,-0.916400,-0.166753,-0.357661,339.296800,137.398300,359.788600
251.068,3,-0.284480,1.735719,0.057848,0.066031,-0.915671,-0.166795,-0.359675,339.331600,137.120800,359.942300
251.179,3,-0.281093,1.735872,0.049346,0.066199,-0.916140,-0.166950,-0.358374,339.307800,137.289600,359.899900
251.290,3,-0.280084,1.735324,0.034034,0.058598,-0.917992,-0.160698,-0.357817,340.307400,137.331800,0.451310
251.402,3,-0.286790,1.727354,0.017515,0.054523,-0.915678,-0.163605,-0.363036,340.171500,136.545000,1.153514
251.512,3,-0.287666,1.723578,-0.001281,0.049471,-0.918287,-0.153470,-0.361591,341.480000,136.815900,1.216461
251.624,3,-0.271080,1.728014,-0.022390,0.038261,-0.919914,-0.163749,-0.354233,340.829800,137.411800,2.768187
251.735,3,-0.243971,1.723838,-0.042858,0.034708,-0.919452,-0.162642,-0.356301,341.106100,137.110700,3.155172
251.846,3,-0.203437,1.724814,-0.064508,0.038957,-0.922841,-0.156071,-0.349984,341.619500,138.097000,2.255148
251.957,3,-0.176885,1.730859,-0.077751,0.038137,-0.925978,-0.158550,-0.340546,341.361100,139.245300,2.259583
252.068,3,-0.150564,1.734368,-0.089453,0.039649,-0.932772,-0.164197,-0.318439,340.636000,141.984000,1.859069
252.179,3,-0.133397,1.734569,-0.095029,0.034999,-0.937400,-0.169551,-0.302174,340.182400,143.874000,2.244939
252.291,3,-0.117092,1.733136,-0.100990,0.031984,-0.940959,-0.166534,-0.292984,340.601000,145.021900,2.272009
252.402,3,-0.109523,1.732204,-0.103664,0.032404,-0.942845,-0.167961,-0.285978,340.412000,145.886300,2.126759
252.513,3,-0.104976,1.731657,-0.104786,0.031453,-0.944102,-0.168757,-0.281433,340.345300,146.426500,2.166241
252.624,3,-0.102462,1.731042,-0.106058,0.032072,-0.945503,-0.165572,-0.278534,340.672700,146.844700,1.918262
252.735,3,-0.101338,1.730771,-0.106500,0.031845,-0.946251,-0.164746,-0.276502,340.768100,147.105300,1.871667
252.846,3,-0.103773,1.729877,-0.104725,0.033088,-0.946728,-0.163665,-0.275363,340.845600,147.283700,1.667177
252.957,3,-0.107975,1.730116,-0.101208,0.032668,-0.946734,-0.162870,-0.275864,340.948800,147.224400,1.697737
253.068,3,-0.117926,1.730417,-0.092893,0.036389,-0.946087,-0.164345,-0.276741,340.663800,147.161700,1.342501
253.179,3,-0.132752,1.727255,-0.076615,0.038367,-0.944352,-0.158963,-0.285410,341.207900,146.184400,1.106164
253.290,3,-0.160506,1.729614,-0.048356,0.039243,-0.940173,-0.164565,-0.295724,340.570300,144.834000,1.430372
253.403,3,-0.184432,1.730397,-0.026713,0.039406,-0.939680,-0.167566,-0.295586,340.232000,144.811700,1.522402
253.512,3,-0.201953,1.730339,-0.011412,0.030333,-0.941453,-0.165361,-0.292237,340.786600,145.104000,2.399484
253.624,3,-0.213675,1.730827,-0.003090,0.029791,-0.942112,-0.164091,-0.290881,340.942500,145.283100,2.384712
253.735,3,-0.220447,1.731386,0.000458,0.032230,-0.942715,-0.166803,-0.287100,340.548900,145.759500,2.127920
253.846,3,-0.224886,1.730798,0.003569,0.033471,-0.943399,-0.162560,-0.287144,340.977500,145.835700,1.830851
253.957,3,-0.226743,1.730594,0.005027,0.035029,-0.944284,-0.159095,-0.285988,341.306900,146.053500,1.502875
254.067,3,-0.227096,1.727714,0.003786,0.046280,-0.954720,-0.137112,-0.259937,343.389300,149.688200,358.978200
254.179,3,-0.223281,1.721164,0.002814,0.063540,-0.978859,-0.116593,-0.155575,345.639200,162.596300,354.781300
254.289,3,-0.209283,1.695374,0.009153,0.079557,-0.990047,-0.059199,0.099866,354.184200,192.019000,350.198800
254.400,3,-0.181574,1.664366,0.025012,0.103233,-0.945012,-0.018641,0.309756,1.645926,216.124200,348.068300
254.509,3,-0.126914,1.626782,0.052930,0.141840,-0.842881,0.057003,0.515930,14.031310,241.620100,349.290300
254.621,3,-0.080176,1.608365,0.075381,0.174592,-0.765336,0.118086,0.608140,23.147770,255.357100,352.273700
254.732,3,-0.039306,1.601120,0.091545,0.205353,-0.728136,0.162900,0.633334,29.824240,260.398600,353.865500
254.843,3,-0.006779,1.604020,0.105691,0.203829,-0.719264,0.158729,0.644918,29.422240,262.229100,354.169700
254.954,3,0.016727,1.603752,0.121860,0.209973,-0.696933,0.159506,0.666899,30.158300,266.046900,354.696200
255.065,3,0.039869,1.605496,0.140329,0.196194,-0.675505,0.157942,0.693004,29.032590,270.681600,356.974300
255.177,3,0.052917,1.604187,0.150894,0.191915,-0.668946,0.156101,0.700937,28.547460,272.045900,357.525400
255.288,3,0.064778,1.609012,0.159895,0.186601,-0.665345,0.151903,0.706698,27.766960,272.914600,357.823200
255.399,3,0.072757,1.622112,0.161145,0.164070,-0.682942,0.121795,0.701311,23.358690,270.832800,356.673700
255.510,3,0.083174,1.643821,0.161202,0.130686,-0.713523,0.072216,0.684537,16.378130,266.869900,354.759800
255.622,3,0.077184,1.637497,0.163715,0.140318,-0.704214,0.093596,0.689662,18.987890,268.108400,355.844000
255.732,3,0.066013,1.617010,0.167319,0.174355,-0.680445,0.142530,0.697338,25.921280,270.840300,357.547000
255.844,3,0.059059,1.613981,0.168414,0.183884,-0.668934,0.141108,0.706259,26.648940,272.400000,357.005200
255.955,3,0.055789,1.622567,0.165087,0.166192,-0.674856,0.121277,0.708690,23.531040,272.118900,356.722500
256.066,3,0.052729,1.648781,0.154288,0.116069,-0.715334,0.044843,0.687615,12.931020,267.038700,353.851700
256.177,3,0.056779,1.682023,0.146368,0.036514,-0.746445,-0.053371,0.662298,358.205700,263.276200,352.803800
256.289,3,0.067808,1.713269,0.138997,-0.047701,-0.753407,-0.148192,0.638860,343.486200,261.615800,352.962100
256.402,3,0.073065,1.721231,0.131932,-0.071629,-0.754284,-0.169684,0.630184,339.741400,260.913800,353.524100
256.513,3,0.074498,1.724079,0.123084,-0.086101,-0.759456,-0.176678,0.620160,337.966400,259.534700,354.530400
256.625,3,0.072443,1.723681,0.114108,-0.087806,-0.768185,-0.177276,0.608896,337.710200,257.793500,354.979000
256.736,3,0.067874,1.723635,0.106906,-0.084886,-0.772373,-0.183697,0.602072,337.295500,256.999300,354.396900
256.847,3,0.060313,1.724909,0.096931,-0.086395,-0.772242,-0.198777,0.597216,335.782600,256.839500,353.452700
256.959,3,0.051328,1.725896,0.087990,-0.096006,-0.773735,-0.208964,0.590297,334.105800,256.122600,353.737300
257.069,3,0.027637,1.727582,0.078931,-0.101334,-0.781174,-0.216330,0.576801,332.942700,254.298600,354.119600
257.180,3,-0.008121,1.724798,0.073569,-0.103604,-0.787166,-0.222244,0.565901,332.150900,252.849700,354.260100
257.291,3,-0.056870,1.721398,0.072453,-0.106004,-0.802053,-0.230380,0.540740,331.040300,249.315700,354.812600
257.403,3,-0.114467,1.718350,0.074453,-0.108744,-0.830490,-0.243183,0.489207,329.314900,242.050000,356.178800
257.514,3,-0.171664,1.730909,0.075540,-0.113331,-0.862356,-0.252874,0.423737,327.847200,232.703800,358.724800
257.625,3,-0.215206,1.745105,0.072074,-0.111857,-0.888503,-0.262964,0.359028,326.797000,223.802400,0.681175
257.737,3,-0.240478,1.751725,0.065398,-0.099478,-0.909363,-0.262770,0.306781,327.388300,216.892400,1.339977
257.848,3,-0.256968,1.748831,0.057508,-0.080871,-0.930960,-0.250795,0.252737,329.480100,209.945200,1.583458
257.958,3,-0.258659,1.749010,0.054706,-0.070191,-0.939169,-0.244510,0.230760,330.549800,207.280400,1.250051
258.069,3,-0.255651,1.750705,0.053958,-0.069340,-0.943000,-0.247121,0.211835,330.300800,204.865200,1.720358
258.179,3,-0.254028,1.750970,0.052844,-0.061547,-0.943051,-0.250863,0.209606,330.069200,204.869200,0.721891
258.290,3,-0.250828,1.749830,0.047317,-0.059561,-0.942568,-0.249237,0.214240,330.306100,205.514900,0.361928
258.402,3,-0.245821,1.749015,0.037921,-0.056372,-0.943616,-0.248648,0.211152,330.457900,205.202500,0.091013
258.512,3,-0.237928,1.756319,0.024099,-0.047422,-0.943396,-0.248239,0.214784,330.741900,205.946200,358.873000
258.624,3,-0.231390,1.790470,0.015226,-0.043826,-0.946930,-0.243679,0.204995,331.349700,204.712100,358.896200
258.735,3,-0.234631,1.818580,0.019560,-0.032486,-0.949095,-0.246155,0.193835,331.324900,203.649500,357.794600
258.846,3,-0.242223,1.826020,0.024308,-0.039198,-0.948584,-0.242436,0.199690,331.601800,204.146100,358.537000
258.957,3,-0.246004,1.825437,0.024678,-0.039477,-0.949255,-0.242013,0.196944,331.639800,203.777300,358.673000
259.068,3,-0.248733,1.828707,0.028439,-0.035758,-0.948920,-0.248830,0.190671,330.930100,203.182200,358.228100
259.179,3,-0.250116,1.829518,0.031402,-0.034491,-0.948845,-0.251098,0.188290,330.692700,202.948200,358.087300
259.290,3,-0.251747,1.830359,0.033510,-0.034819,-0.947612,-0.253662,0.190987,330.393200,203.328500,357.963000
259.401,3,-0.251895,1.829691,0.033010,-0.033857,-0.948164,-0.251495,0.191282,330.668000,203.362200,357.895800
259.512,3,-0.251541,1.828754,0.032174,-0.033857,-0.947993,-0.251010,0.192761,330.727400,203.546200,357.859700
259.625,3,-0.250262,1.819220,0.031089,-0.034548,-0.948722,-0.249784,0.190631,330.848300,203.229300,358.052500
259.735,3,-0.247781,1.787399,0.029518,-0.026818,-0.948027,-0.247531,0.198129,331.317300,204.398100,356.913400
259.846,3,-0.228557,1.745709,0.019199,-0.007690,-0.939355,-0.212958,0.268703,336.157800,213.252800,353.723500
259.957,3,-0.197566,1.720190,-0.000043,0.015221,-0.915879,-0.158055,0.368718,343.841600,225.087800,351.351200
260.067,3,-0.145487,1.688725,-0.034754,0.069408,-0.842380,-0.054659,0.531593,358.951800,244.601300,349.916800
260.177,3,-0.106217,1.666033,-0.055570,0.111508,-0.766041,0.024247,0.632582,10.266350,258.361600,351.810800
260.287,3,-0.060598,1.648804,-0.065558,0.147581,-0.707029,0.086250,0.686215,18.935740,267.373800,354.520900
260.397,3,-0.028840,1.640762,-0.058319,0.166170,-0.670780,0.106526,0.714909,22.364880,272.782000,355.620700
260.508,3,0.009838,1.634817,-0.034541,0.184622,-0.619349,0.107293,0.755520,24.322600,280.409400,355.810800
260.620,3,0.044835,1.633791,-0.010776,0.187692,-0.600398,0.106603,0.770019,24.649190,283.267700,356.138600
260.731,3,0.081458,1.634998,0.014405,0.178368,-0.605042,0.109547,0.768186,23.991440,282.916500,357.017500
260.843,3,0.122080,1.646740,0.037400,0.136041,-0.638947,0.083750,0.752480,18.165250,278.868300,357.116100
260.954,3,0.160255,1.659428,0.053580,0.105795,-0.656585,0.050012,0.745119,12.904960,276.799700,356.212000
261.065,3,0.206380,1.677003,0.062893,0.046896,-0.684968,-0.002666,0.727058,3.700396,273.288300,356.085800
261.177,3,0.236733,1.692516,0.064669,0.001514,-0.705878,-0.048570,0.706665,356.191100,270.199100,355.932100
261.289,4,0.267099,1.703997,0.063660,-0.036879,-0.724140,-0.079856,0.684021,350.438600,267.007700,356.754100
261.401,4,0.284413,1.707291,0.062724,-0.049905,-0.730985,-0.094726,0.673942,348.126500,265.683400,356.794500
261.512,4,0.292220,1.708493,0.062225,-0.053343,-0.727141,-0.099387,0.677158,347.480000,266.290600,356.651200
261.623,4,0.286527,1.699507,0.066939,-0.017657,-0.709142,-0.085713,0.699614,351.589100,269.630000,354.495700
261.734,4,0.271816,1.668236,0.079555,0.086309,-0.651371,-0.005624,0.753814,7.053471,277.907500,353.001700
261.844,4,0.253447,1.642860,0.096616,0.142803,-0.577489,0.050670,0.802214,16.716700,287.765500,354.990000
261.954,4,0.242550,1.635291,0.104965,0.157647,-0.550296,0.066144,0.817280,19.298020,291.417500,356.027300
262.065,4,0.230393,1.632855,0.110613,0.159965,-0.538127,0.067008,0.824828,19.633660,293.108900,356.248700
262.176,4,0.220744,1.631847,0.112500,0.161056,-0.538351,0.066756,0.824490,19.721800,293.044100,356.142400
262.287,4,0.209642,1.632668,0.114964,0.157425,-0.540957,0.060920,0.823937,18.985350,292.716600,355.758900
262.398,4,0.203581,1.632662,0.118178,0.157184,-0.548803,0.061942,0.818701,18.987450,291.607900,355.687700
262.509,4,0.201721,1.639712,0.125215,0.131688,-0.569031,0.046320,0.810381,15.435250,289.245300,355.549700
262.621,4,0.206253,1.661587,0.133700,0.055622,-0.595815,-0.010781,0.801121,4.374314,286.537900,355.193100
262.732,4,0.207465,1.685195,0.144077,-0.013874,-0.616103,-0.062498,0.785060,354.330300,283.982800,355.329200
262.844,4,0.190644,1.697083,0.158225,-0.056518,-0.631147,-0.098373,0.767321,347.824300,281.621800,355.327600
262.957,4,0.157326,1.699687,0.171700,-0.078358,-0.641817,-0.126907,0.752214,343.692900,279.830200,354.599000
263.068,4,0.099925,1.701934,0.181133,-0.100726,-0.639256,-0.138741,0.749638,340.828400,279.901100,355.188200
263.180,4,0.049277,1.715640,0.179777,-0.118282,-0.636818,-0.137717,0.749338,339.349400,279.903900,356.584700
263.292,4,0.010457,1.720689,0.177540,-0.125444,-0.632576,-0.139607,0.751413,338.583500,280.410600,356.853500
263.404,4,-0.022326,1.726813,0.178995,-0.131451,-0.648040,-0.140772,0.736851,337.903300,277.786500,357.706100
263.515,4,-0.050320,1.730632,0.186135,-0.134956,-0.672196,-0.155555,0.711156,336.354600,273.748000,357.509000
263.626,4,-0.084557,1.734123,0.201799,-0.135804,-0.719586,-0.182760,0.656012,333.819400,265.366600,357.167900
263.738,4,-0.106613,1.735403,0.221294,-0.127224,-0.775537,-0.208798,0.582031,331.838500,254.521300,357.027300
263.848,4,-0.134471,1.734210,0.257438,-0.116885,-0.849352,-0.228431,0.461258,330.273200,237.223400,359.196400
263.960,4,-0.164205,1.737119,0.290073,-0.101364,-0.904008,-0.235495,0.342106,330.321500,221.069700,1.460183
264.070,4,-0.189322,1.738976,0.314543,-0.074855,-0.938788,-0.244060,0.231319,330.470600,207.204300,1.820025
264.182,4,-0.199567,1.736330,0.333201,-0.039267,-0.960568,-0.235558,0.142407,332.372400,196.733000,0.539789
264.292,4,-0.192324,1.733368,0.355817,-0.017644,-0.972009,-0.223148,0.071368,334.130600,188.362800,0.155973
264.403,4,-0.176314,1.732303,0.378510,-0.003081,-0.976385,-0.215945,0.005600,335.056400,180.606900,0.227316
264.514,4,-0.159927,1.726259,0.395465,0.008771,-0.978506,-0.203003,-0.035197,336.553200,175.917100,359.820500
264.625,4,-0.138366,1.700879,0.410539,0.029926,-0.987923,-0.144878,-0.046076,343.201000,175.064200,357.259200
264.735,4,-0.124383,1.678212,0.417163,0.029641,-0.994246,-0.098826,-0.028812,348.567000,176.992000,356.885900
264.845,4,-0.113675,1.661599,0.426024,0.025966,-0.997822,-0.051586,-0.031872,353.995800,176.487700,357.203000
264.954,4,-0.112479,1.658653,0.432687,0.029134,-0.998427,-0.033179,-0.034565,356.085500,176.144300,356.788900
265.065,4,-0.115336,1.658704,0.439261,0.030633,-0.998397,-0.032263,-0.034996,356.183200,176.097800,356.615300
265.176,4,-0.120008,1.654620,0.438645,0.031523,-0.998641,-0.031459,-0.027061,356.299700,177.009300,356.480700
265.288,4,-0.124844,1.623924,0.425028,0.030684,-0.998972,-0.031111,-0.012034,356.393900,178.729200,356.521400
265.400,4,-0.129203,1.584921,0.412773,0.028465,-0.999082,-0.031849,-0.003345,356.340400,179.720300,356.745000
265.511,4,-0.135604,1.522537,0.398834,0.025777,-0.999003,-0.036436,-0.001426,355.821000,179.944200,357.045900
265.622,4,-0.143122,1.469389,0.382386,0.025754,-0.999243,-0.028338,-0.006841,356.733200,179.299200,357.067200
265.733,4,-0.154874,1.418451,0.369860,0.023950,-0.999107,-0.031739,-0.014305,356.324500,178.446000,357.303500
265.845,4,-0.167457,1.364603,0.359789,0.020508,-0.998685,-0.040356,-0.024074,355.319900,177.329900,357.756300
265.955,4,-0.176561,1.327396,0.352158,0.020283,-0.998442,-0.035497,-0.037974,355.846800,175.722600,357.827600
266.067,4,-0.193234,1.298777,0.342921,0.021676,-0.998209,-0.027008,-0.048792,356.787800,174.468700,357.667300
266.178,4,-0.214236,1.289381,0.333955,0.022882,-0.998395,-0.019965,-0.047805,357.589800,174.570200,357.488500
266.289,4,-0.258919,1.287961,0.319736,0.020787,-0.999113,-0.023723,-0.027887,357.216400,176.858400,357.692500
266.400,4,-0.312332,1.288029,0.303923,0.028576,-0.999330,-0.022399,-0.004633,357.418900,179.542300,356.734400
266.511,4,-0.369821,1.289927,0.287135,0.028235,-0.999281,-0.019784,0.015806,357.785100,181.875700,356.726700
266.622,4,-0.426175,1.292863,0.267884,0.031160,-0.999059,-0.014417,0.026498,358.443900,183.087700,356.385200
266.733,4,-0.478254,1.295700,0.248691,0.023915,-0.998818,-0.011731,0.040649,358.768700,184.691000,357.206400
266.845,4,-0.523223,1.298996,0.230222,0.023583,-0.998714,-0.011668,0.043346,358.781700,184.999700,357.241400
266.956,4,-0.557541,1.303538,0.214986,0.028603,-0.998670,-0.009681,0.041791,359.029100,184.820600,356.677900
267.067,4,-0.590124,1.315016,0.194286,0.033575,-0.998951,-0.008961,0.029809,359.088900,183.449200,356.122600
267.178,4,-0.599338,1.323499,0.181464,0.030402,-0.999531,-0.001497,0.003313,359.840100,180.384700,356.515000
267.289,4,-0.599051,1.331887,0.174322,0.019676,-0.999561,-0.000673,-0.022165,359.872900,177.461900,357.747400
267.401,4,-0.592572,1.333859,0.172565,0.020375,-0.998577,0.002680,-0.049214,0.191719,174.353100,357.652700
267.511,4,-0.587578,1.335795,0.179278,0.022197,-0.996131,-0.001467,-0.085022,359.616300,170.251500,357.479700
267.622,4,-0.598107,1.335860,0.195067,0.027730,-0.994366,0.000441,-0.102311,359.725200,168.258500,356.833500
267.733,4,-0.618462,1.342799,0.220353,0.022547,-0.991399,0.003434,-0.128870,0.057140,165.186200,357.386900
267.844,4,-0.648114,1.350504,0.243730,0.020094,-0.987886,-0.000365,-0.153877,359.604300,162.300900,357.731100
267.956,4,-0.677181,1.352106,0.253561,0.021156,-0.987555,0.006684,-0.155701,0.378986,162.072300,357.485700
268.067,4,-0.710932,1.355702,0.251234,0.015582,-0.986461,0.017223,-0.162342,1.657203,161.279100,357.916800
268.178,4,-0.740106,1.361981,0.238989,0.013172,-0.986292,0.019979,-0.163266,2.012056,161.168800,358.136100
268.289,4,-0.781810,1.362722,0.206750,0.015461,-0.984270,0.013204,-0.175496,1.178388,159.760000,357.989800
268.400,4,-0.818395,1.358129,0.169042,0.006578,-0.983659,0.021000,-0.178693,2.232915,159.384900,358.827500
268.511,4,-0.862780,1.356465,0.123304,-0.000772,-0.981379,0.024438,-0.190518,2.766221,158.016500,359.552700
268.622,4,-0.894995,1.357036,0.090916,-0.001658,-0.979034,0.021534,-0.202550,2.455160,156.615500,359.685900
268.733,4,-0.919222,1.355991,0.064839,0.002485,-0.977302,0.023959,-0.210475,2.624171,155.672800,359.142900
268.844,4,-0.934632,1.353907,0.048093,0.006722,-0.975017,0.026131,-0.220487,2.750810,154.481300,358.587000
268.955,4,-0.941345,1.353484,0.039845,0.007902,-0.973296,0.030772,-0.227347,3.227884,153.657100,358.314100
269.066,4,-0.934364,1.362501,0.044033,0.002225,-0.972961,0.025539,-0.229543,2.790006,153.428400,359.079000
269.178,4,-0.908065,1.367440,0.061287,-0.003924,-0.966301,0.021009,-0.256527,2.442374,150.261000,359.816800
269.288,4,-0.858477,1.371195,0.097817,-0.001066,-0.956969,0.011349,-0.289968,1.280027,146.282800,359.739800
269.400,4,-0.805858,1.372491,0.137236,-0.003741,-0.949324,0.005212,-0.314235,0.701749,143.371200,0.219249
269.510,4,-0.718424,1.377085,0.195136,-0.004978,-0.940907,-0.000157,-0.338630,0.176266,140.413500,0.542821
269.622,4,-0.630292,1.384960,0.251274,-0.003627,-0.936295,0.001074,-0.351194,0.261208,138.879700,0.345893
269.732,4,-0.548227,1.399633,0.305969,0.004994,-0.931166,0.008449,-0.364465,0.692931,137.243200,359.114200
269.844,4,-0.485535,1.416533,0.346596,0.012411,-0.930326,0.005756,-0.366479,0.092469,136.997200,358.434900
269.955,4,-0.442436,1.428029,0.368578,0.004496,-0.931673,-0.002679,-0.363261,359.526800,137.399700,359.631500
270.067,4,-0.398272,1.433343,0.380296,0.004845,-0.933746,-0.009979,-0.357765,358.733500,138.072500,359.890700
270.178,4,-0.365287,1.433441,0.377634,0.009468,-0.932199,-0.012494,-0.361608,358.272800,137.604000,359.506200
270.288,4,-0.324603,1.435055,0.355551,0.027169,-0.932688,-0.009262,-0.359541,357.890300,137.884200,357.475300
270.400,4,-0.281759,1.442732,0.319208,0.036228,-0.933241,-0.014103,-0.357143,357.007800,138.203500,356.696600
270.511,4,-0.238442,1.449032,0.280004,0.040030,-0.930465,-0.007776,-0.364104,357.499900,137.344000,356.049400
270.623,4,-0.203491,1.449812,0.246616,0.039821,-0.930268,-0.005412,-0.364672,357.758400,137.267700,355.974900
270.734,4,-0.179036,1.447143,0.222006,0.036681,-0.933527,0.003285,-0.356610,358.852300,138.226700,355.937600
270.845,4,-0.157188,1.439844,0.198787,0.031863,-0.942659,0.008788,-0.332116,359.736600,141.192100,356.220900
270.956,4,-0.143510,1.435066,0.189146,0.035554,-0.953646,0.008774,-0.298695,359.741800,145.226900,355.810600
271.068,4,-0.115879,1.432868,0.190832,0.024304,-0.965014,0.004325,-0.261035,359.751300,149.733700,357.181900
271.179,4,-0.088266,1.433460,0.199914,0.016900,-0.974453,-0.000858,-0.223955,359.470400,154.121900,358.134500
271.290,4,-0.040930,1.438014,0.217691,0.013148,-0.983159,-0.007291,-0.182131,358.904100,159.022500,358.670500
271.401,4,0.005950,1.441883,0.233883,0.020971,-0.986414,-0.005720,-0.162833,358.962000,161.273400,357.735300
271.512,4,0.047994,1.448752,0.251419,0.027499,-0.988623,-0.009148,-0.147595,358.498400,163.056500,357.037100
271.623,4,0.081342,1.459547,0.267762,0.021030,-0.990552,-0.020396,-0.133973,357.361100,164.642800,357.923400
271.734,4,0.100317,1.465061,0.277398,0.013667,-0.991557,-0.026228,-0.126251,356.820500,165.520200,358.824700
271.845,4,0.112411,1.465540,0.280171,0.003224,-0.992578,-0.022689,-0.119431,357.374200,166.279200,359.943800
271.956,4,0.112281,1.470967,0.284589,0.002084,-0.993101,-0.017829,-0.115884,357.942900,166.688600,-0.000400
272.067,4,0.097453,1.514980,0.299989,0.004500,-0.993597,-0.047429,-0.102448,354.538700,168.224200,0.044696
272.179,4,0.077405,1.570627,0.321646,0.009656,-0.993223,-0.073978,-0.089120,351.449900,169.771400,359.652700
272.290,4,0.046481,1.641281,0.360282,0.011084,-0.992624,-0.098020,-0.070480,348.687700,171.924500,359.521500
272.401,4,0.023640,1.680872,0.394949,0.016683,-0.993767,-0.084489,-0.070789,350.195500,171.956700,358.767500
272.512,4,0.004731,1.701565,0.425797,0.013533,-0.994015,-0.082469,-0.070360,350.453100,171.976500,359.111100
272.623,4,-0.010784,1.708401,0.447170,0.012485,-0.994956,-0.078937,-0.060636,350.874900,173.095700,359.113700
272.734,4,-0.021527,1.711778,0.459107,0.014375,-0.995463,-0.079903,-0.049621,350.763700,174.389700,358.798900
272.845,4,-0.030709,1.712832,0.468464,0.019766,-0.995327,-0.083242,-0.044767,350.358900,175.005800,358.146100
272.956,4,-0.032920,1.712117,0.473450,0.022778,-0.995110,-0.082264,-0.049700,350.445300,174.462100,357.840600
273.067,4,-0.031676,1.712128,0.479401,0.023502,-0.994849,-0.082882,-0.053422,350.362100,174.038300,357.796500
273.178,4,-0.027517,1.712312,0.482930,0.021097,-0.994444,-0.083994,-0.059846,350.236600,173.270600,358.144700
273.288,4,-0.022243,1.711729,0.487446,0.017749,-0.994253,-0.081900,-0.066621,350.489800,172.451000,358.583400
273.400,4,-0.020014,1.711865,0.493026,0.020619,-0.994329,-0.083986,-0.061899,350.237100,173.027700,358.220300
273.511,4,-0.017495,1.712308,0.499628,0.019795,-0.994668,-0.087445,-0.050955,349.864600,174.292100,358.226400
273.622,4,-0.012219,1.711773,0.506312,0.019445,-0.995105,-0.086935,-0.042774,349.939900,175.237600,358.180500
273.733,4,-0.004128,1.710690,0.510461,0.017953,-0.995844,-0.085575,-0.025475,350.133500,177.226900,358.173800
273.844,4,0.003607,1.705526,0.508793,0.008949,-0.996619,-0.081276,0.008021,350.685200,181.012700,358.888500
273.955,4,-0.001663,1.701712,0.515577,-0.008013,-0.997322,-0.067767,0.026312,352.207100,182.973600,0.718136
274.066,4,-0.034285,1.704151,0.541811,-0.001866,-0.996957,-0.071657,0.030626,351.779000,183.521900,359.961300
274.177,4,-0.079089,1.704586,0.567965,0.002968,-0.996218,-0.078144,0.037877,351.055900,184.408400,359.313700
274.288,4,-0.154634,1.702711,0.601302,0.011399,-0.995530,-0.087912,0.032586,349.962300,183.894700,358.345800
274.399,4,-0.222625,1.699603,0.624380,0.015215,-0.995871,-0.085562,0.026235,350.234300,183.190900,357.976800
274.510,4,-0.300986,1.697288,0.651018,0.015737,-0.995898,-0.085188,0.026113,350.278800,183.181000,357.918900
274.621,4,-0.352414,1.698660,0.671299,0.019176,-0.996152,-0.080556,0.028721,350.828500,183.502500,357.513300
274.732,4,-0.389275,1.700671,0.687495,0.019607,-0.996752,-0.074646,0.022982,351.494400,182.824900,357.536100
274.844,4,-0.414463,1.699692,0.698884,0.026440,-0.997052,-0.070678,0.013877,351.940300,181.817900,356.833900
274.955,4,-0.428167,1.699086,0.702585,0.030461,-0.996707,-0.074398,0.010607,351.508600,181.487600,356.388500
275.066,4,-0.435320,1.697307,0.694924,0.032187,-0.996671,-0.074536,0.007456,351.483400,181.139200,356.215800
275.177,4,-0.436262,1.695781,0.677949,0.031972,-0.997083,-0.068901,0.007447,352.130100,181.113800,356.250200
275.288,4,-0.432162,1.694836,0.639831,0.028352,-0.997290,-0.067391,0.008233,352.302100,181.170400,356.664400
275.400,4,-0.423791,1.688141,0.588473,0.024029,-0.997804,-0.061467,0.005592,352.969600,180.814700,357.190900
275.511,4,-0.408039,1.679874,0.523645,0.014275,-0.998025,-0.061127,0.002477,352.995800,180.386200,358.337500
275.623,4,-0.382802,1.678953,0.450881,0.004430,-0.998210,-0.059574,0.002871,353.170900,180.361200,359.469900
275.734,4,-0.356384,1.686176,0.389998,-0.003768,-0.998532,-0.052558,0.012567,353.969600,181.423300,0.357435
275.846,4,-0.321966,1.693534,0.328690,-0.014006,-0.998137,-0.055797,0.020342,353.572000,182.251800,1.481405
275.957,4,-0.300024,1.695935,0.291503,-0.020440,-0.998178,-0.054853,0.014664,353.678600,181.558500,2.260104
276.068,4,-0.280069,1.698088,0.248927,-0.017388,-0.998026,-0.060339,0.000474,353.081500,179.933500,2.000294
276.179,4,-0.270760,1.697055,0.217280,-0.014679,-0.997938,-0.059595,-0.018806,353.200700,177.732600,1.820160
276.290,4,-0.268318,1.693526,0.177455,-0.005382,-0.996718,-0.058489,-0.055714,353.339000,173.543300,0.994876
276.401,4,-0.273313,1.690036,0.139864,0.010858,-0.993465,-0.060708,-0.096046,352.951500,168.991100,359.427700
276.512,4,-0.280616,1.688068,0.093259,0.023608,-0.984883,-0.059800,-0.160846,352.796900,161.548400,358.425200
276.624,4,-0.290921,1.692756,0.041322,0.038262,-0.966802,-0.060263,-0.245354,352.224100,151.694900,357.430900
276.735,4,-0.298995,1.701403,-0.002693,0.047700,-0.943708,-0.057328,-0.322264,352.013200,142.505800,356.927500
276.846,4,-0.307294,1.707287,-0.048416,0.061469,-0.907927,-0.048560,-0.411744,352.021700,131.500900,355.852200
276.956,4,-0.311451,1.709044,-0.073119,0.073700,-0.875650,-0.040931,-0.475532,351.849400,123.363100,354.775200
277.067,4,-0.317679,1.708509,-0.088693,0.090833,-0.823005,-0.028332,-0.560008,351.467600,112.044700,353.160000
277.178,4,-0.329967,1.710504,-0.086008,0.108428,-0.768249,-0.023810,-0.630452,350.020200,101.950100,352.028700
277.289,4,-0.354817,1.713029,-0.071291,0.136790,-0.672614,-0.023175,-0.726872,346.701000,86.597440,351.114200
277.401,4,-0.385081,1.713182,-0.057554,0.149344,-0.586203,-0.020742,-0.796010,344.806700,73.868870,351.534400
277.512,4,-0.426805,1.705878,-0.046239,0.141798,-0.504998,-0.010065,-0.851334,345.427700,62.309850,352.514900
277.623,4,-0.475241,1.705707,-0.043115,0.136143,-0.441890,-0.008909,-0.886634,345.564400,53.767930,353.804000
277.734,4,-0.516869,1.705675,-0.049326,0.130846,-0.401659,-0.008790,-0.906351,345.862700,48.456850,354.723400
277.845,4,-0.568147,1.708784,-0.066777,0.133016,-0.364985,-0.007333,-0.921433,345.493900,43.848330,355.047100
277.956,4,-0.601438,1.712343,-0.082842,0.135936,-0.347485,-0.017005,-0.927624,344.691700,41.574450,356.259500
278.067,4,-0.632703,1.714546,-0.103000,0.136329,-0.338212,-0.024614,-0.930818,344.309300,40.317810,357.237900
278.178,4,-0.649621,1.714215,-0.117590,0.138550,-0.338588,-0.027889,-0.930260,343.939000,40.353020,357.498900
278.289,4,-0.661124,1.715216,-0.135404,0.151286,-0.355542,-0.032395,-0.921766,342.426000,42.629940,357.122600
278.401,4,-0.664184,1.714875,-0.150752,0.152388,-0.390377,-0.024501,-0.907625,342.797400,47.222850,355.526900
278.511,4,-0.667942,1.715864,-0.161032,0.160532,-0.420585,-0.020412,-0.892705,342.314900,51.378390,354.060300
278.623,4,-0.671978,1.714954,-0.165829,0.163561,-0.429853,-0.020738,-0.887718,342.047900,52.664990,353.736100
278.733,4,-0.676452,1.713494,-0.167315,0.162393,-0.425531,-0.017896,-0.890074,342.283100,52.103560,353.589900
278.845,4,-0.681378,1.712958,-0.167578,0.162612,-0.424275,-0.018277,-0.890626,342.232100,51.938820,353.643800
278.956,4,-0.685104,1.712350,-0.166100,0.162642,-0.423587,-0.019370,-0.890925,342.168900,51.835060,353.772200
279.067,4,-0.687301,1.711167,-0.160278,0.157696,-0.415287,-0.018913,-0.895718,342.649700,50.639820,354.161500
279.178,4,-0.686343,1.710889,-0.153846,0.153982,-0.411337,-0.017887,-0.898205,343.062400,50.056440,354.328200
279.289,4,-0.680713,1.711122,-0.141940,0.151818,-0.407645,-0.017909,-0.900253,343.264700,49.530470,354.515400
279.400,4,-0.669134,1.710620,-0.126858,0.148022,-0.400591,-0.016488,-0.904071,343.688800,48.557160,354.692400
279.511,4,-0.651514,1.710819,-0.107419,0.142854,-0.397303,-0.015275,-0.906372,344.270500,48.047040,354.884600
279.622,4,-0.626848,1.711773,-0.083681,0.143372,-0.393005,-0.018042,-0.908111,344.063200,47.471000,355.232200
279.733,4,-0.593282,1.713280,-0.057804,0.157628,-0.382586,-0.023814,-0.910063,342.234400,46.331090,355.346100
279.845,4,-0.552279,1.713003,-0.030484,0.160544,-0.372389,-0.025393,-0.913733,341.802100,45.054210,355.582800
279.957,4,-0.511235,1.712269,-0.005276,0.161535,-0.356813,-0.025759,-0.919743,341.607600,43.071860,355.897200
280.068,4,-0.457111,1.717316,0.025911,0.157874,-0.333158,-0.025126,-0.929220,341.932300,40.010070,356.472200
280.179,4,-0.418412,1.719670,0.046793,0.153935,-0.312213,-0.030858,-0.936950,342.077700,37.222340,357.693200
280.290,4,-0.373424,1.718297,0.070641,0.148755,-0.285704,-0.026997,-0.946317,342.724600,33.908430,357.965300
280.401,4,-0.339795,1.719507,0.089504,0.144672,-0.272105,-0.023738,-0.951034,343.256100,32.228990,357.990400
280.511,4,-0.316389,1.720348,0.106972,0.141672,-0.259738,-0.016097,-0.955095,343.800500,30.791380,357.442700
280.623,4,-0.307661,1.722113,0.121937,0.136984,-0.250196,-0.016781,-0.958309,344.279600,29.563450,357.834000
280.734,4,-0.311102,1.722790,0.129968,0.133637,-0.244685,-0.017945,-0.960181,344.608500,28.841580,358.161200
280.845,4,-0.328698,1.726869,0.133279,0.139443,-0.243805,-0.022374,-0.959487,343.829500,28.726590,358.504900
280.957,4,-0.345419,1.738128,0.136390,0.143550,-0.247842,-0.021704,-0.957861,343.395700,29.271830,358.231400
281.067,4,-0.359728,1.782620,0.143252,0.144741,-0.264638,-0.018113,-0.953252,343.409100,31.398000,357.483700
281.179,4,-0.366186,1.809462,0.144484,0.146513,-0.269830,-0.025342,-0.951359,342.995400,31.945750,358.151400
281.290,4,-0.371379,1.817313,0.141589,0.146889,-0.267135,-0.016471,-0.952256,343.228700,31.756410,357.179800
281.401,4,-0.372335,1.825234,0.140183,0.149719,-0.270158,-0.016355,-0.950963,342.926900,32.166790,357.014300
281.512,4,-0.372871,1.827535,0.138087,0.153223,-0.272625,-0.018586,-0.949659,342.473100,32.482230,357.100000
281.624,4,-0.375107,1.826462,0.135954,0.156647,-0.267299,-0.019007,-0.950606,342.062500,31.863490,357.131700
281.735,4,-0.377748,1.825592,0.134579,0.155768,-0.263555,-0.020581,-0.951763,342.100000,31.363430,357.414200
281.846,4,-0.382702,1.824959,0.131516,0.153145,-0.264405,-0.020483,-0.951955,342.397900,31.436160,357.475400
281.957,4,-0.388997,1.823566,0.127311,0.151973,-0.265531,-0.020483,-0.951829,342.531500,31.560090,357.493600
282.068,4,-0.399923,1.820970,0.122527,0.149559,-0.276458,-0.023590,-0.949024,342.727700,32.828120,357.724300
282.179,4,-0.407909,1.819639,0.123154,0.142413,-0.304102,-0.027609,-0.941530,343.443300,36.100850,357.929800
282.290,4,-0.419641,1.813529,0.124623,0.128490,-0.339640,-0.034303,-0.931106,344.776900,40.266670,358.610300
282.401,4,-0.429928,1.811188,0.113806,0.123588,-0.341816,-0.037533,-0.930849,345.182500,40.440030,359.133800
282.511,4,-0.437140,1.812041,0.088637,0.130732,-0.339225,-0.035026,-0.930919,344.504400,40.233240,358.603700
282.623,4,-0.440904,1.811688,0.053336,0.138660,-0.337928,-0.031823,-0.930358,343.768700,40.218070,357.940800
282.734,4,-0.440827,1.809466,0.015053,0.142622,-0.334924,-0.030405,-0.930892,343.387500,39.916210,357.671800
282.845,4,-0.436620,1.801327,-0.041076,0.143250,-0.317398,-0.023909,-0.937105,343.521300,37.821760,357.243000
282.956,4,-0.432566,1.795928,-0.081516,0.141881,-0.286296,-0.019691,-0.947374,343.733600,34.004510,357.377100
283.067,4,-0.434784,1.796504,-0.124589,0.130184,-0.253036,-0.008874,-0.958617,345.280600,29.947160,357.103800
283.178,4,-0.444381,1.799351,-0.154086,0.124158,-0.242220,-0.008530,-0.962206,345.932600,28.578340,357.416000
283.289,4,-0.466976,1.803754,-0.189956,0.132970,-0.243025,-0.011460,-0.960795,344.865600,28.725660,357.470100
283.400,4,-0.492315,1.804736,-0.212600,0.144206,-0.260118,-0.013849,-0.954647,343.588300,30.902120,357.097200
283.511,4,-0.539861,1.802642,-0.228738,0.154142,-0.284679,-0.019923,-0.945939,342.364500,33.965490,356.988300
283.622,4,-0.590838,1.794742,-0.228578,0.157262,-0.298559,-0.020956,-0.941112,342.030300,35.721370,356.717800
283.733,4,-0.638011,1.793491,-0.222808,0.145388,-0.298803,-0.025691,-0.942825,343.171800,35.509690,357.698300
283.844,4,-0.674733,1.790732,-0.225819,0.153352,-0.292983,-0.035437,-0.943074,341.940200,34.737190,358.612600
283.955,4,-0.696316,1.778379,-0.232943,0.151521,-0.298900,-0.030435,-0.941687,342.328100,35.530850,357.999700
284.066,4,-0.714580,1.757861,-0.241059,0.159216,-0.308493,-0.029584,-0.937340,341.534600,36.854550,357.415400
284.177,4,-0.724147,1.731317,-0.241446,0.164218,-0.305672,-0.023774,-0.937567,341.187900,36.674810,356.619700
284.288,4,-0.729648,1.711596,-0.230614,0.142347,-0.323664,-0.013598,-0.935304,344.033300,38.734760,356.021400
284.399,4,-0.730769,1.711701,-0.214846,0.118863,-0.336260,-0.016559,-0.934092,346.514800,39.937880,357.111500
284.510,4,-0.724760,1.710670,-0.182519,0.114354,-0.336842,-0.022289,-0.934326,346.779300,39.891810,357.916700
284.621,4,-0.706273,1.703489,-0.141218,0.106895,-0.324914,-0.038071,-0.938912,346.969500,38.163090,0.119191
284.733,4,-0.672559,1.695512,-0.102334,0.110475,-0.307821,-0.041161,-0.944112,346.470700,36.048500,0.572151
284.845,4,-0.627769,1.703758,-0.072008,0.118081,-0.282083,-0.026739,-0.951720,346.122600,33.131860,359.072100
284.957,4,-0.587144,1.717509,-0.050746,0.140330,-0.263061,-0.019896,-0.954312,343.840900,31.126090,357.860500
285.068,4,-0.541768,1.717956,-0.024751,0.145767,-0.248672,-0.007458,-0.957527,343.568900,29.618990,356.520400
285.180,4,-0.515351,1.724705,-0.001033,0.149704,-0.253878,-0.008692,-0.955541,343.111600,30.286940,356.440800
285.291,4,-0.489811,1.726776,0.037379,0.161548,-0.275926,-0.020349,-0.947287,341.500600,32.977790,356.941500
285.402,4,-0.473329,1.728346,0.079722,0.168312,-0.327946,-0.037385,-0.928830,340.294500,39.326600,357.507300
285.513,4,-0.466133,1.727645,0.129538,0.175431,-0.404514,-0.065619,-0.895146,338.459400,48.922640,358.493700
285.625,4,-0.469411,1.727927,0.187881,0.183532,-0.496480,-0.098349,-0.842705,335.984600,61.228830,358.966100
285.736,4,-0.476756,1.737755,0.243265,0.197004,-0.575012,-0.131703,-0.783074,332.612900,72.898830,358.690400
285.848,4,-0.485534,1.749662,0.309591,0.190301,-0.661413,-0.184479,-0.701631,329.264500,86.489010,0.475772
285.960,4,-0.493331,1.750577,0.351288,0.172103,-0.715382,-0.217908,-0.641190,327.827100,95.612480,2.248057
286.070,4,-0.517228,1.751706,0.389438,0.140471,-0.765549,-0.258060,-0.572371,326.226000,104.747100,5.546148
286.182,4,-0.554350,1.754780,0.410676,0.132185,-0.800689,-0.294902,-0.504437,322.727400,113.487500,6.192760
286.292,4,-0.603339,1.757711,0.427776,0.138493,-0.821844,-0.325384,-0.446674,318.810500,121.145000,4.805496
286.404,4,-0.660989,1.752447,0.442953,0.138714,-0.833374,-0.343918,-0.409838,316.612900,126.033700,4.000518
286.515,4,-0.714846,1.742437,0.452426,0.138332,-0.843115,-0.348065,-0.385839,316.079000,129.685100,2.811839
286.626,4,-0.772443,1.742884,0.465296,0.135980,-0.861730,-0.344573,-0.346700,316.516500,136.023300,0.360921
286.737,4,-0.803819,1.745470,0.476636,0.125608,-0.874425,-0.336597,-0.326047,317.889300,139.107300,359.986300
286.848,4,-0.834350,1.741921,0.492447,0.126250,-0.881161,-0.328923,-0.315319,318.754500,141.053000,358.852200
286.959,4,-0.850373,1.740427,0.505576,0.122564,-0.886710,-0.329598,-0.300149,318.845600,143.155500,358.516000
287.069,4,-0.862064,1.740134,0.517638,0.119568,-0.888716,-0.333962,-0.290442,318.467100,144.342100,358.581500
287.181,4,-0.865435,1.737600,0.523716,0.116662,-0.887072,-0.330019,-0.300967,319.025500,142.753800,359.368200
287.291,4,-0.867444,1.735303,0.527919,0.115680,-0.884935,-0.329183,-0.308458,319.157900,141.613300,359.874200
287.403,4,-0.868732,1.733837,0.529005,0.115203,-0.882770,-0.331484,-0.312352,318.912100,140.924300,0.280002
287.514,4,-0.868936,1.733018,0.526253,0.113814,-0.879987,-0.334991,-0.316940,318.568900,140.037700,0.919683
287.625,4,-0.868327,1.732571,0.518209,0.113336,-0.878437,-0.333284,-0.323149,318.792500,139.139700,1.240269
287.736,4,-0.867001,1.732406,0.506881,0.112716,-0.879621,-0.330825,-0.322672,319.099900,139.281000,1.152418
287.847,4,-0.862599,1.731668,0.485314,0.108774,-0.883753,-0.322000,-0.321661,320.274300,139.599100,1.109397
287.959,4,-0.856058,1.730613,0.462787,0.105069,-0.886891,-0.309087,-0.326880,321.906700,139.140700,1.143034
288.069,4,-0.841369,1.730771,0.425185,0.107354,-0.888513,-0.285467,-0.342823,324.486900,137.691100,0.349021
288.180,4,-0.821653,1.729230,0.382933,0.115847,-0.884518,-0.270919,-0.361677,325.732100,135.712700,359.378300
288.291,4,-0.792576,1.723219,0.333270,0.131944,-0.882221,-0.259804,-0.369837,326.220100,135.363100,357.197600
288.403,4,-0.749325,1.718498,0.285698,0.118725,-0.892518,-0.246174,-0.358768,328.357400,136.875700,357.624300
288.513,4,-0.698115,1.730591,0.245659,0.098129,-0.893479,-0.245613,-0.362962,329.327300,135.728900,0.196052
288.624,4,-0.648402,1.737829,0.215773,0.082940,-0.890135,-0.251017,-0.371175,329.439500,134.025300,2.575102
288.735,4,-0.610443,1.736408,0.193873,0.068799,-0.881667,-0.252811,-0.392449,330.013900,130.641400,5.108009
288.846,4,-0.570336,1.737136,0.165372,0.067626,-0.862403,-0.242874,-0.438977,331.426700,124.436800,6.314542
288.957,4,-0.543035,1.736630,0.141646,0.080168,-0.838510,-0.233960,-0.485528,331.952500,118.347200,6.032194
289.068,4,-0.512584,1.736504,0.106532,0.106294,-0.787387,-0.221088,-0.565547,332.070000,107.287500,5.369818
289.179,4,-0.496430,1.733574,0.073916,0.130212,-0.733727,-0.196800,-0.637149,332.952900,97.134880,3.843619
289.290,4,-0.485026,1.736701,0.026136,0.155322,-0.645768,-0.172867,-0.727307,333.307800,82.428830,3.262764
289.402,4,-0.477596,1.740420,-0.010403,0.176909,-0.573734,-0.144657,-0.786516,333.623200,71.850720,1.570418
289.512,4,-0.477579,1.741173,-0.035948,0.177137,-0.534665,-0.133845,-0.815378,334.405900,66.091450,1.833166
289.623,4,-0.482272,1.738150,-0.056479,0.184183,-0.505024,-0.128682,-0.833348,334.090500,62.016360,1.811946
289.734,4,-0.482925,1.736729,-0.069107,0.188442,-0.489616,-0.128315,-0.841606,333.714900,59.909160,2.010334
289.846,4,-0.477756,1.735568,-0.075879,0.185437,-0.482236,-0.123288,-0.847267,334.333200,58.858680,1.911592
289.957,4,-0.471426,1.734243,-0.074287,0.183945,-0.474586,-0.123407,-0.851882,334.498600,57.732170,2.264403
290.067,4,-0.456920,1.733069,-0.061133,0.184042,-0.467737,-0.123012,-0.855698,334.529700,56.772930,2.434909
290.179,4,-0.439500,1.730871,-0.040555,0.178428,-0.471266,-0.125254,-0.854625,334.973700,57.102580,2.904695
290.290,4,-0.406820,1.724823,0.000238,0.169057,-0.489776,-0.128644,-0.845571,335.675000,59.456330,3.268635
290.401,4,-0.367964,1.717019,0.053950,0.162769,-0.507760,-0.134241,-0.835264,335.906000,61.800610,3.702994
290.512,4,-0.323008,1.708397,0.123300,0.152179,-0.520744,-0.132595,-0.829510,337.010400,63.459950,3.829556
290.624,4,-0.277895,1.713130,0.195106,0.147590,-0.535544,-0.124346,-0.822161,337.921800,65.599510,2.869015
290.735,4,-0.244064,1.724589,0.245952,0.141712,-0.553651,-0.122396,-0.811424,338.561300,68.126690,2.568521
290.846,4,-0.213147,1.732592,0.291806,0.137602,-0.577820,-0.127026,-0.794389,338.566800,71.563700,2.635222
290.957,4,-0.199972,1.731245,0.314399,0.129280,-0.598067,-0.123319,-0.781278,339.542500,74.447880,2.327950
291.068,4,-0.195031,1.729214,0.330996,0.122956,-0.615057,-0.128828,-0.768108,339.674100,76.860130,2.851990
291.179,4,-0.190818,1.726585,0.338766,0.119208,-0.627350,-0.131121,-0.758307,339.799300,78.665780,3.010527
291.290,4,-0.180525,1.727227,0.347690,0.120865,-0.637450,-0.136978,-0.748522,339.171400,80.261480,3.126254
291.402,4,-0.170599,1.726227,0.355440,0.118360,-0.644674,-0.139032,-0.742332,339.207400,81.339420,3.299603
291.513,4,-0.160858,1.725146,0.361870,0.117591,-0.653210,-0.141074,-0.734566,339.080400,82.682090,3.291679
291.624,4,-0.151392,1.725066,0.368292,0.119633,-0.654000,-0.142129,-0.733329,338.815900,82.856880,3.195441
291.735,4,-0.143644,1.724093,0.373776,0.118028,-0.654257,-0.141113,-0.733556,339.034300,82.861840,3.228366
291.846,4,-0.134798,1.722293,0.378173,0.112617,-0.658516,-0.138380,-0.731112,339.700800,83.427670,3.302046
291.957,4,-0.127451,1.722252,0.378272,0.111196,-0.663304,-0.142503,-0.726193,339.479300,84.158060,3.639826
292.068,4,-0.111568,1.721599,0.371842,0.106743,-0.670532,-0.140319,-0.720628,340.000000,85.239460,3.605023
292.180,4,-0.093598,1.721158,0.361625,0.102953,-0.673634,-0.134142,-0.719461,340.800000,85.674000,3.297116
292.290,4,-0.063388,1.719339,0.340374,0.104798,-0.669470,-0.129156,-0.723979,341.054100,85.047480,2.829693
292.401,4,-0.034464,1.716584,0.311170,0.110578,-0.663432,-0.119612,-0.730290,341.323900,84.228790,1.692555
292.512,4,-0.008310,1.717640,0.271727,0.119786,-0.656073,-0.111023,-0.736813,341.204000,83.300540,0.389163
292.624,4,0.018710,1.724933,0.231488,0.132206,-0.650842,-0.110346,-0.739426,340.175000,82.803200,359.457600
292.735,4,0.039697,1.727425,0.201223,0.132790,-0.646331,-0.110025,-0.743315,340.145400,82.101760,359.507400
292.846,4,0.059259,1.725134,0.170603,0.134247,-0.643250,-0.109883,-0.745743,340.026100,81.654330,359.462300
292.957,4,0.070237,1.725520,0.154502,0.135834,-0.641641,-0.106722,-0.747299,340.124800,81.457760,359.097800
293.068,4,0.080461,1.726057,0.141990,0.139967,-0.635273,-0.108927,-0.751646,339.585500,80.562430,359.138900
293.179,4,0.084767,1.725755,0.137917,0.142123,-0.631445,-0.102424,-0.755373,339.875500,80.055050,358.489600
293.290,4,0.084144,1.726132,0.140850,0.140832,-0.626501,-0.100186,-0.760017,340.147400,79.257060,358.527100
293.402,4,0.076683,1.725948,0.149770,0.139953,-0.624679,-0.098664,-0.761876,340.335000,78.956760,358.508400
293.513,4,0.051981,1.722816,0.167576,0.132978,-0.635164,-0.095149,-0.754872,341.238300,80.408540,358.470400
293.624,4,0.011724,1.724609,0.196381,0.132257,-0.647511,-0.108258,-0.742642,340.328000,82.281050,359.362300
293.735,4,-0.024881,1.724251,0.228140,0.133469,-0.653627,-0.117804,-0.735581,339.491000,83.260600,359.928500
293.846,4,-0.068811,1.719724,0.271189,0.122875,-0.682172,-0.117867,-0.711091,340.393300,87.622020,-0.000962
293.957,4,-0.101791,1.712888,0.301625,0.107010,-0.726154,-0.120057,-0.668457,341.492900,94.687980,0.307828
294.067,4,-0.140995,1.702220,0.335055,0.078385,-0.785759,-0.120133,-0.601670,343.553800,104.931600,1.277170
294.178,4,-0.165997,1.703527,0.356584,0.064058,-0.812328,-0.116307,-0.567884,344.828200,109.865000,1.664028
294.289,4,-0.191252,1.706807,0.375868,0.049812,-0.834551,-0.116475,-0.536169,345.651200,114.250500,2.470422
294.400,4,-0.207389,1.707569,0.383641,0.041263,-0.859223,-0.125419,-0.494270,345.148400,119.770100,3.147583
294.511,4,-0.218150,1.709159,0.380168,0.029563,-0.895373,-0.135638,-0.423125,344.460000,128.909800,3.680435
294.623,4,-0.223797,1.710900,0.369732,0.020662,-0.926716,-0.136465,-0.349496,344.492100,138.211100,3.396731
294.734,4,-0.229085,1.710943,0.356888,0.014202,-0.949708,-0.136796,-0.281319,344.465300,146.593900,2.974185
294.845,4,-0.242500,1.709161,0.341888,0.004742,-0.972373,-0.134654,-0.190623,344.711700,157.481000,2.502321
294.956,4,-0.259873,1.707982,0.334794,-0.001240,-0.983422,-0.130685,-0.125699,345.124200,165.158900,2.092712
295.067,4,-0.291180,1.706257,0.336979,0.003051,-0.990589,-0.126423,-0.052363,345.476000,173.894000,0.425825
295.178,4,-0.318762,1.702005,0.349224,0.003894,-0.991722,-0.128029,-0.009006,345.285200,179.000800,359.679100
295.289,4,-0.356722,1.691268,0.375533,0.003091,-0.991579,-0.126880,0.025738,345.435800,183.069500,359.250500
295.400,4,-0.393986,1.688663,0.406472,-0.000252,-0.991664,-0.117988,0.051775,346.465300,186.059300,359.309400
295.511,4,-0.430440,1.692965,0.441419,0.003690,-0.990016,-0.120803,0.072535,346.192600,188.558200,358.534800
295.622,4,-0.459684,1.696149,0.472767,0.005964,-0.989993,-0.117085,0.078546,346.650500,189.280900,358.221200
295.733,4,-0.479662,1.701668,0.500428,0.008791,-0.990472,-0.114011,0.076740,347.026500,189.094100,357.946800
295.844,4,-0.489113,1.706271,0.523486,0.016777,-0.989189,-0.116569,0.087376,346.839200,190.459600,356.846800
295.955,4,-0.486257,1.708936,0.542644,0.015637,-0.987319,-0.113955,0.109413,347.197100,193.015400,356.718800
296.067,4,-0.464891,1.710926,0.566251,0.014827,-0.983305,-0.118660,0.137152,346.744700,196.303300,356.365100
296.178,4,-0.432320,1.711612,0.582905,0.014952,-0.980185,-0.122448,0.154987,346.384300,198.444500,356.031200
296.289,4,-0.368438,1.708777,0.603087,0.015009,-0.978955,-0.122679,0.162395,346.389600,199.325300,355.915300
296.400,4,-0.296018,1.702694,0.620323,0.018771,-0.980775,-0.117750,0.154477,346.986900,198.393300,355.691300
296.511,4,-0.221577,1.695036,0.635840,0.016298,-0.982580,-0.106789,0.151220,348.174800,197.888800,356.231800
296.621,4,-0.159285,1.697881,0.645658,0.004057,-0.984851,-0.099163,0.142194,348.803900,196.638600,357.885700
296.732,4,-0.112247,1.702236,0.647044,0.000493,-0.984495,-0.097511,0.145815,348.939000,197.016100,358.282900
296.843,4,-0.075326,1.702426,0.638697,-0.013351,-0.984301,-0.094950,0.148180,348.996200,197.132900,359.891600
296.955,4,-0.052265,1.699974,0.622967,-0.024680,-0.985699,-0.091708,0.139205,349.183500,195.949100,1.348825
297.067,4,-0.036280,1.693143,0.592400,-0.021691,-0.989784,-0.087329,0.110596,349.765900,192.628100,1.375516
297.178,4,-0.033738,1.687606,0.561065,-0.009972,-0.992812,-0.084804,0.083867,350.208600,189.629300,0.324215
297.289,4,-0.040591,1.691136,0.510943,0.017498,-0.993841,-0.089325,0.063210,349.901700,187.515500,357.317700
297.401,4,-0.049922,1.700747,0.464714,0.029511,-0.993775,-0.094513,0.051059,349.348400,186.254100,356.014600
297.512,4,-0.060610,1.704295,0.422179,0.038520,-0.992609,-0.102568,0.052179,348.486400,186.533200,354.895900
297.624,4,-0.069509,1.704731,0.384865,0.038932,-0.991507,-0.096444,0.078078,349.328900,189.508700,354.612800
297.735,4,-0.075018,1.707009,0.355317,0.031430,-0.989154,-0.093904,0.108487,349.691300,192.952400,355.186800
297.846,4,-0.079793,1.707427,0.318489,0.021794,-0.983678,-0.089406,0.154629,350.261400,198.216700,355.896600
297.957,4,-0.080820,1.707778,0.288861,0.011447,-0.975054,-0.088216,0.203361,350.364800,203.847200,356.615600
298.068,4,-0.074702,1.707896,0.247606,-0.002139,-0.956401,-0.090306,0.277736,349.983800,212.621400,357.318500
298.179,4,-0.060678,1.708378,0.213041,-0.012194,-0.937795,-0.092333,0.334463,349.552400,219.464600,357.733400
298.290,4,-0.034844,1.712513,0.167434,-0.027267,-0.912196,-0.096764,0.397231,348.568400,227.221800,358.413900
298.402,4,-0.015041,1.716601,0.130716,-0.039141,-0.890798,-0.094079,0.442828,348.329900,232.946500,359.205000
298.512,4,-0.001097,1.715871,0.101370,-0.045065,-0.872656,-0.087773,0.478265,348.679500,237.481200,359.690000
298.624,4,0.009724,1.714014,0.079243,-0.047811,-0.860173,-0.080028,0.501410,349.302600,240.466400,0.116526
298.735,4,0.016145,1.714200,0.063394,-0.052190,-0.852772,-0.081798,0.513192,348.867600,242.049700,0.295209
298.846,4,0.015991,1.712812,0.044269,-0.057588,-0.845214,-0.077225,0.525674,348.983700,243.667400,0.943248
298.957,4,0.008913,1.711068,0.030775,-0.058085,-0.842027,-0.069500,0.531777,349.699100,244.423000,1.391989
299.068,4,-0.010308,1.710387,0.017138,-0.057799,-0.838268,-0.068631,0.537826,349.791300,245.247700,1.343728
299.179,4,-0.034104,1.708709,0.009550,-0.054133,-0.837392,-0.066763,0.539802,350.197300,245.520800,1.080661
299.290,4,-0.074056,1.704779,0.004998,-0.046784,-0.839854,-0.067341,0.536584,350.600300,245.119000,0.366736
299.400,4,-0.117593,1.701225,0.007873,-0.039720,-0.846010,-0.072026,0.526784,350.577300,243.860000,359.496000
299.511,4,-0.166681,1.704028,0.015139,-0.032090,-0.852804,-0.083742,0.514474,349.871900,242.365100,358.170200
299.623,4,-0.218147,1.710121,0.022852,-0.029742,-0.855439,-0.092189,0.508765,349.164700,241.720900,357.495500
299.734,4,-0.260139,1.712212,0.028598,-0.031742,-0.859965,-0.094326,0.500555,348.813000,240.632300,357.672700
299.846,4,-0.305400,1.712753,0.037557,-0.029804,-0.860808,-0.093133,0.499447,349.040700,240.478900,357.564500
299.957,4,-0.332272,1.713342,0.044830,-0.027826,-0.858300,-0.097791,0.502976,348.705100,241.034400,357.041900
300.068,4,-0.356459,1.713600,0.053417,-0.022758,-0.856921,-0.101682,0.504807,348.624100,241.375100,356.277100
300.179,4,-0.369454,1.714252,0.061057,-0.017520,-0.856387,-0.105829,0.505070,348.524000,241.514000,355.499800
300.290,4,-0.381287,1.715123,0.072067,-0.010523,-0.858627,-0.112552,0.499981,348.240600,240.995500,354.462200
300.402,4,-0.388497,1.716362,0.084099,-0.000911,-0.863479,-0.123162,0.489116,347.667400,239.814800,353.008800
300.512,4,-0.390417,1.719665,0.106195,0.013899,-0.872871,-0.145154,0.465654,346.086500,237.313800,350.545300
300.624,4,-0.390933,1.723159,0.133065,0.025334,-0.883636,-0.178514,0.432064,342.927000,233.924000,347.982700
300.735,4,-0.387707,1.723701,0.152492,0.035280,-0.889447,-0.195691,0.411514,341.392800,231.904700,346.339800
300.846,4,-0.364607,1.722514,0.174042,0.042337,-0.895157,-0.201149,0.395527,340.935700,230.105800,345.608400
300.957,4,-0.326848,1.723749,0.197043,0.038081,-0.896362,-0.215156,0.385737,339.124600,229.256600,345.480300
301.069,4,-0.262181,1.726191,0.232437,0.020194,-0.892365,-0.252575,0.373474,334.170500,228.752400,345.543700
301.180,4,-0.212221,1.729296,0.255592,0.012083,-0.890648,-0.266160,0.368454,332.276500,228.478600,345.765800
301.291,4,-0.168822,1.733840,0.275823,-0.001343,-0.889745,-0.273082,0.365757,330.861000,228.101400,346.939900
301.402,4,-0.155246,1.733064,0.287454,0.000400,-0.899288,-0.242360,0.364064,334.175800,226.690500,348.647300
301.513,4,-0.163015,1.733688,0.299377,0.007149,-0.902090,-0.232112,0.363740,335.570600,226.421200,348.484900
301.624,4,-0.184331,1.733165,0.306989,0.017222,-0.905268,-0.228564,0.357704,336.327900,225.703200,347.726100
301.735,4,-0.211126,1.733574,0.305969,0.015623,-0.908320,-0.234210,0.346202,335.502300,224.361700,347.912800
301.846,4,-0.248404,1.735900,0.297504,0.007610,-0.917457,-0.237235,0.319272,334.504200,220.771500,349.438000
301.958,4,-0.273569,1.738619,0.290707,0.000136,-0.921576,-0.240903,0.304405,333.644500,218.772000,350.563300
302.068,4,-0.296626,1.747763,0.280725,0.003548,-0.927182,-0.236078,0.290842,334.169500,216.945500,350.800400
302.180,4,-0.302340,1.772118,0.275574,0.002881,-0.930303,-0.231136,0.284789,334.633200,216.007700,351.278600
302.290,4,-0.295790,1.810045,0.274329,-0.009642,-0.929292,-0.240521,0.280131,333.100300,215.353200,352.472100
302.402,4,-0.284203,1.807729,0.274527,-0.016226,-0.932607,-0.238287,0.270554,333.048500,213.879900,353.644600
302.513,4,-0.277859,1.801365,0.273152,-0.011772,-0.933470,-0.235230,0.270484,333.542800,213.908300,353.247000
302.624,4,-0.274880,1.789765,0.267611,-0.013801,-0.933504,-0.227323,0.276954,334.401700,214.499200,353.624200
302.735,4,-0.274702,1.754339,0.262302,-0.008474,-0.935948,-0.224073,0.271516,334.909900,213.849300,353.290200
302.846,4,-0.277250,1.696067,0.255268,-0.002552,-0.940097,-0.213939,0.265408,336.196400,212.971500,353.172800
302.957,4,-0.279131,1.656761,0.247594,0.005353,-0.942682,-0.208051,0.260839,337.079100,212.435700,352.599800
303.068,4,-0.280867,1.610774,0.236002,0.001568,-0.944878,-0.196337,0.262020,338.271600,212.255000,353.457100
303.180,4,-0.283799,1.571519,0.226790,0.002938,-0.945715,-0.196634,0.258745,338.259700,211.878300,353.365800
303.290,4,-0.286050,1.516683,0.213240,0.005132,-0.947461,-0.189360,0.257749,339.134400,211.652900,353.403700
303.401,4,-0.287798,1.472379,0.203322,0.005431,-0.951271,-0.181785,0.249013,339.931200,210.430000,353.835300
303.512,4,-0.290444,1.436650,0.198464,0.007041,-0.952469,-0.184883,0.242018,339.587200,209.649700,353.696400
303.624,4,-0.293685,1.406721,0.194445,0.008561,-0.953021,-0.181651,0.242240,339.996000,209.648300,353.625800
303.735,4,-0.295057,1.385948,0.190451,0.006492,-0.953799,-0.182242,0.238777,339.846100,209.190800,353.921100
303.846,4,-0.293333,1.353282,0.187680,0.002656,-0.957954,-0.177465,0.225441,340.195700,207.392100,354.810300
303.956,4,-0.291262,1.314911,0.187533,0.003675,-0.957194,-0.187433,0.220533,339.071700,206.967200,354.488800
304.067,4,-0.287354,1.253201,0.185772,0.002071,-0.957731,-0.183094,0.221865,339.525500,207.028900,354.781400
304.179,4,-0.281579,1.201295,0.187946,-0.000022,-0.960984,-0.180296,0.209772,339.724600,205.454700,355.377300
304.289,4,-0.275669,1.143916,0.193410,0.004584,-0.960607,-0.183869,0.208339,339.430600,205.424400,354.765200
304.401,4,-0.270419,1.141472,0.189339,0.011907,-0.957489,-0.179201,0.225745,340.257800,207.634300,353.674000
304.511,4,-0.267655,1.218724,0.177436,0.003176,-0.959876,-0.175901,0.218373,340.348400,206.508900,354.948600
304.623,4,-0.266044,1.322555,0.169490,0.013063,-0.963803,-0.166423,0.207886,341.617000,205.268000,354.292500
304.734,4,-0.260442,1.418017,0.172091,0.012151,-0.964268,-0.160107,0.210726,342.323000,205.506600,354.524700
304.846,4,-0.252195,1.545801,0.180838,0.005323,-0.962365,-0.166635,0.214610,341.431200,205.952300,355.051600
304.957,4,-0.247620,1.640564,0.191500,0.005875,-0.959709,-0.173394,0.221042,340.718000,206.849300,354.654700
305.068,4,-0.237664,1.722323,0.218335,0.008748,-0.959209,-0.178345,0.219170,340.226300,206.751500,354.208500
305.180,4,-0.227259,1.737574,0.245125,0.007354,-0.960400,-0.177024,0.215034,340.314000,206.195900,354.499100
305.290,4,-0.219353,1.741532,0.273840,0.002346,-0.960324,-0.181098,0.212077,339.706400,205.797300,355.026200
305.402,4,-0.218627,1.740905,0.291404,0.011302,-0.960769,-0.177903,0.212476,340.303100,205.971600,354.067000
305.512,4,-0.226620,1.733451,0.303110,0.035233,-0.961773,-0.143041,0.230847,344.996400,208.044200,352.036800
305.623,4,-0.249053,1.717760,0.321845,0.053342,-0.970775,-0.070189,0.223213,353.542700,206.339100,352.197300
305.733,4,-0.290273,1.699820,0.353421,0.080646,-0.983298,-0.035577,0.159237,357.462000,198.614900,350.206600
305.843,4,-0.349141,1.692845,0.388364,0.066372,-0.992144,-0.070464,0.079241,352.570700,189.671600,351.716100
305.955,4,-0.403037,1.698823,0.417065,0.059875,-0.989131,-0.134287,0.001099,344.601900,181.085000,352.925300
306.066,4,-0.454659,1.715264,0.448360,0.060346,-0.982965,-0.161355,-0.064049,341.037900,173.537600,354.054200
306.178,4,-0.487387,1.719716,0.465368,0.053893,-0.979588,-0.166000,-0.099737,340.368300,169.136800,355.586900
306.289,4,-0.518287,1.722726,0.480627,0.057359,-0.976993,-0.162302,-0.125910,340.635300,166.051800,355.671400
306.401,4,-0.535834,1.723053,0.489807,0.060280,-0.973597,-0.162912,-0.148107,340.422800,163.426800,355.792900
306.511,4,-0.546774,1.722277,0.494667,0.066278,-0.971489,-0.160423,-0.161494,340.542600,161.926800,355.318100
306.623,4,-0.551686,1.722246,0.496902,0.066688,-0.970095,-0.159008,-0.170834,340.652900,160.803400,355.437200
306.734,4,-0.553975,1.722113,0.497831,0.067862,-0.968099,-0.159409,-0.181019,340.535900,159.587000,355.517900
306.845,4,-0.553951,1.721987,0.497880,0.067713,-0.966586,-0.161373,-0.187313,340.285800,158.811400,355.708400
306.956,4,-0.550501,1.723029,0.494478,0.067488,-0.965177,-0.165761,-0.190794,339.773600,158.367000,355.904000
307.067,4,-0.537000,1.726682,0.480144,0.066946,-0.962714,-0.173397,-0.196553,338.888700,157.617400,356.267000
307.179,4,-0.519434,1.728629,0.457907,0.066333,-0.961401,-0.178342,-0.198753,338.328600,157.308500,356.505000
307.290,4,-0.488706,1.730671,0.415555,0.060257,-0.958773,-0.199229,-0.193471,336.087100,157.693600,357.589100
307.402,4,-0.454148,1.729169,0.373084,0.051959,-0.961210,-0.214426,-0.165520,334.569400,160.872900,358.165900
307.513,4,-0.417051,1.743019,0.330126,0.044259,-0.965064,-0.221152,-0.133357,333.981900,164.654400,358.313900
307.625,4,-0.395990,1.802157,0.298043,0.035103,-0.965697,-0.233324,-0.108425,332.725500,167.456700,358.891100
307.736,4,-0.390335,1.843786,0.281926,0.034161,-0.964035,-0.245401,-0.096167,331.332800,168.918100,358.781000
307.847,4,-0.388297,1.843025,0.270738,0.035143,-0.964974,-0.244086,-0.089515,331.486500,169.800100,358.426800
307.958,4,-0.389059,1.848136,0.262509,0.039366,-0.965788,-0.243567,-0.079867,331.526200,171.159500,357.579000
308.069,4,-0.388401,1.826814,0.250958,0.037535,-0.963150,-0.256756,-0.070782,330.006500,172.231200,357.620700
308.180,4,-0.387462,1.752007,0.233558,0.034550,-0.960541,-0.266365,-0.072230,328.888800,171.919000,358.132900
308.291,4,-0.384427,1.694568,0.213551,0.028203,-0.970567,-0.228307,-0.071276,333.436100,171.935600,358.577800
308.403,4,-0.383937,1.854284,0.188909,0.040349,-0.972406,-0.219449,-0.068116,334.387400,172.688200,356.912100
308.513,4,-0.381856,1.976680,0.182168,0.048582,-0.972441,-0.219864,-0.060484,334.310900,173.867300,355.679500
308.625,4,-0.375938,1.982099,0.185979,0.044577,-0.974518,-0.208409,-0.069952,335.642200,172.572900,356.367000
308.736,4,-0.372495,1.889113,0.189503,0.045357,-0.971656,-0.219417,-0.075386,334.327000,171.925500,356.497600
308.847,4,-0.368678,1.676737,0.184849,0.040711,-0.983659,-0.154696,-0.082620,341.876700,170.922400,356.710800
308.956,4,-0.380091,1.620795,0.186179,0.054699,-0.992454,-0.089914,-0.062914,349.318200,173.276900,354.319900
309.066,4,-0.405705,1.645893,0.194668,0.058230,-0.996958,0.048845,-0.017283,5.473220,177.688400,353.204000
309.175,4,-0.433526,1.656034,0.212421,0.050312,-0.989997,0.131270,-0.011975,14.993470,177.809500,353.893100
309.285,4,-0.479277,1.644073,0.241459,0.052011,-0.983071,0.171394,-0.038601,19.449080,174.295600,352.964600
309.390,4,-0.528866,1.639024,0.265094,0.038884,-0.984549,0.149627,-0.082239,16.752240,169.556400,353.934700
309.504,4,-0.578579,1.638176,0.280260,0.033444,-0.982423,0.144933,-0.112788,16.094790,166.069700,354.121500
309.616,4,-0.617295,1.644080,0.289907,0.024657,-0.980408,0.148713,-0.126793,16.579500,164.511000,354.848400
309.729,5,-0.653356,1.653383,0.298666,0.017258,-0.978322,0.132602,-0.158128,14.714220,161.057300,355.510900
309.839,5,-0.673164,1.658722,0.300952,0.021544,-0.975006,0.120908,-0.185151,13.167190,157.904800,354.886700
309.949,5,-0.683494,1.664143,0.293133,0.025138,-0.969988,0.117411,-0.211437,12.541320,154.769800,354.213400
310.061,5,-0.677864,1.668024,0.276832,0.020963,-0.963072,0.112548,-0.243695,11.921190,151.016400,354.414500
310.172,5,-0.660971,1.669291,0.253996,0.019871,-0.953532,0.104460,-0.281906,10.836620,146.523200,354.344400
310.284,5,-0.634329,1.677285,0.226505,0.031106,-0.947095,0.058845,-0.313976,5.274713,143.063100,354.475000
310.396,5,-0.603084,1.694726,0.202890,0.062751,-0.934412,-0.040687,-0.348255,353.122700,139.428200,354.860700
310.508,5,-0.560635,1.716073,0.172258,0.093338,-0.918706,-0.167526,-0.345257,338.144600,139.472700,356.551900
310.621,5,-0.514957,1.727740,0.133452,0.069989,-0.924152,-0.182958,-0.327981,337.413800,141.036300,359.419900
310.732,5,-0.467858,1.709034,0.085323,0.041082,-0.941010,-0.083753,-0.325267,349.376800,141.987600,358.668800
310.843,5,-0.428322,1.688861,0.034103,0.014935,-0.948720,0.004126,-0.315739,359.908200,143.186000,358.226800
310.953,5,-0.397254,1.680113,-0.018009,0.012030,-0.947325,0.041472,-0.317351,4.067914,142.858400,357.177700
311.064,5,-0.370575,1.669432,-0.075498,0.003291,-0.943928,0.063525,-0.323964,6.764838,141.953000,357.265700
311.175,5,-0.351584,1.659440,-0.128821,0.003131,-0.933533,0.070368,-0.351503,7.422295,138.526900,356.802200
311.286,5,-0.343433,1.653848,-0.196063,0.009147,-0.903571,0.067644,-0.422966,6.575082,129.586300,355.742400
311.397,5,-0.342159,1.667921,-0.258911,0.022581,-0.883462,0.063258,-0.463664,5.211519,124.358000,354.320300
311.508,5,-0.341992,1.679153,-0.341549,0.021128,-0.878042,0.054535,-0.474997,4.341251,122.981500,354.884400
311.620,5,-0.339469,1.679451,-0.397127,0.021376,-0.880048,0.059771,-0.470623,4.880723,123.496300,354.593300
311.731,5,-0.330454,1.681938,-0.453811,0.019570,-0.878264,0.057520,-0.474301,4.730662,123.046400,354.879900
311.842,5,-0.319369,1.680459,-0.494268,0.024122,-0.877968,0.057316,-0.474663,4.458875,122.988300,354.430000
311.953,5,-0.304487,1.678072,-0.525071,0.017694,-0.884250,0.056414,-0.463257,4.782544,124.499100,355.190000
312.065,5,-0.280551,1.674682,-0.547936,0.014216,-0.887333,0.044720,-0.458735,3.802724,125.197300,356.192600
312.176,5,-0.250207,1.672332,-0.565982,0.002511,-0.887335,0.035496,-0.459751,3.479176,125.155600,357.870200
312.287,5,-0.198271,1.680494,-0.591376,-0.010713,-0.884455,0.015540,-0.466243,2.147797,124.412600,0.255670
312.399,5,-0.151787,1.683318,-0.610151,-0.020367,-0.880282,0.010517,-0.473896,2.167445,123.436800,1.484591
312.510,5,-0.095633,1.676004,-0.629901,-0.033668,-0.869731,0.018321,-0.492035,3.726872,121.079200,2.328039
312.622,5,-0.060337,1.674090,-0.641001,-0.045346,-0.857445,0.030511,-0.511665,5.665899,118.480900,2.680609
312.733,5,-0.038038,1.676790,-0.651910,-0.038484,-0.847731,0.032176,-0.528049,5.462624,116.248500,1.799892
312.844,5,-0.029677,1.675413,-0.677322,-0.028291,-0.860908,0.049623,-0.505545,6.548584,119.150300,359.915700
312.955,5,-0.030540,1.672885,-0.707036,-0.024659,-0.873842,0.055969,-0.482347,6.984781,122.165600,359.371000
313.066,5,-0.031943,1.673227,-0.747192,-0.017711,-0.873724,0.059268,-0.482472,6.930049,122.093200,358.485200
313.179,5,-0.028684,1.675869,-0.775390,-0.012138,-0.867977,0.054348,-0.493473,6.103546,120.660600,358.123100
313.289,5,-0.028428,1.675709,-0.808621,-0.012787,-0.849280,0.053639,-0.525056,6.000460,116.443700,358.005900
313.400,5,-0.032068,1.674601,-0.837254,-0.014367,-0.834977,0.052876,-0.547551,5.971482,113.386900,358.046000
313.511,5,-0.033329,1.674535,-0.863295,-0.013889,-0.818631,0.052142,-0.571779,5.811328,110.026800,357.875100
313.622,5,-0.031228,1.675275,-0.881554,-0.011743,-0.791025,0.050302,-0.609599,5.387846,104.645300,357.538900
313.733,5,-0.030878,1.673746,-0.893659,-0.016255,-0.755447,0.053224,-0.652842,5.833593,98.202310,357.411200
313.844,5,-0.032255,1.672105,-0.904976,-0.016931,-0.722924,0.057923,-0.688288,6.145625,92.640850,356.814100
313.955,5,-0.034662,1.670171,-0.914514,-0.021863,-0.710330,0.062436,-0.700753,6.854070,90.582470,356.740900
314.066,5,-0.034579,1.666958,-0.919382,-0.025179,-0.693115,0.071397,-0.716840,7.762743,87.806980,356.096300
314.177,5,-0.030474,1.664402,-0.923175,-0.029436,-0.678795,0.073071,-0.730090,8.174163,85.553470,356.134300
314.288,5,-0.019152,1.661753,-0.930858,-0.037388,-0.658399,0.074070,-0.748082,8.828259,82.427060,356.426600
314.399,5,-0.002548,1.658843,-0.931485,-0.043752,-0.629986,0.083212,-0.770895,9.921653,78.142350,355.740200
314.509,5,0.027053,1.653774,-0.921043,-0.065213,-0.591243,0.092440,-0.798520,12.325040,72.587130,355.860800
314.620,5,0.056911,1.652585,-0.900397,-0.062257,-0.554974,0.083898,-0.825281,11.296250,67.437660,355.943100
314.731,5,0.084381,1.653306,-0.868927,-0.050859,-0.523563,0.065000,-0.847980,8.877206,63.127640,356.693800
314.843,5,0.109827,1.661643,-0.830018,-0.042797,-0.501603,0.038758,-0.863169,6.474716,60.245100,358.617400
314.954,5,0.124831,1.665619,-0.796989,-0.049000,-0.477229,0.022602,-0.877121,6.172982,57.122060,0.410281
315.066,5,0.134238,1.665935,-0.766907,-0.050254,-0.448070,0.016844,-0.892426,6.015098,53.366000,0.862526
315.177,5,0.133913,1.671143,-0.749506,-0.052255,-0.419641,0.008699,-0.906143,5.854526,49.781080,1.618166
315.288,5,0.129305,1.670841,-0.730261,-0.060395,-0.357151,-0.000393,-0.932092,6.448322,42.073330,2.530611
315.399,5,0.129435,1.669374,-0.721485,-0.064740,-0.289137,-0.001216,-0.955095,7.063050,33.827100,2.296168
315.510,5,0.140454,1.671477,-0.721926,-0.052906,-0.201634,-0.003088,-0.978026,5.868217,23.379030,1.576977
315.621,5,0.160353,1.675633,-0.735969,-0.039852,-0.131006,-0.000479,-0.990580,4.521124,15.093300,0.654734
315.732,5,0.183947,1.684497,-0.755857,-0.014034,-0.063452,0.000988,-0.997886,1.612138,7.276568,359.989000
315.843,5,0.208030,1.689756,-0.777981,0.005776,-0.014802,0.000830,-0.999874,359.339500,1.696912,359.895100
315.955,5,0.226541,1.690102,-0.797115,0.015584,0.019875,0.001284,-0.999680,358.211500,357.723800,359.888300
316.066,5,0.247281,1.691278,-0.819845,0.032737,0.056287,0.001134,-0.997877,356.246600,353.540400,0.081698
316.177,5,0.258647,1.693915,-0.835951,0.048452,0.085137,0.004004,-0.995183,354.426700,350.219800,0.016115
316.288,5,0.265956,1.692816,-0.853307,0.046275,0.129784,0.005028,-0.990449,354.665400,345.064000,0.118034
316.399,5,0.266760,1.687522,-0.861651,0.028575,0.167646,0.005117,-0.985420,356.673100,340.690700,359.971100
316.509,5,0.259078,1.662965,-0.865191,-0.065363,0.225100,-0.002962,-0.972136,7.378100,333.837500,358.632500
316.620,5,0.252837,1.638150,-0.864973,-0.150460,0.257490,-0.013382,-0.954401,17.102960,329.334500,356.884800
316.729,5,0.250723,1.627451,-0.864532,-0.176324,0.271575,-0.021367,-0.945886,20.192180,327.359100,356.619200
316.836,5,0.251189,1.625628,-0.863853,-0.179248,0.272691,-0.022191,-0.944996,20.541090,327.188300,356.582700
316.950,5,0.250711,1.630462,-0.860907,-0.158706,0.279490,-0.018372,-0.946763,18.106470,326.587700,356.747500
317.051,5,0.251991,1.642741,-0.859152,-0.122836,0.279457,-0.010168,-0.952214,13.863810,326.934200,357.089900
317.163,5,0.257776,1.668951,-0.863241,-0.027684,0.280169,0.007205,-0.959524,2.813798,327.404400,358.316800
317.270,5,0.270837,1.693400,-0.874082,0.065046,0.270045,0.033055,-0.960079,351.792900,328.697900,358.359200
317.383,5,0.284642,1.710698,-0.889161,0.130242,0.258810,0.047171,-0.955944,344.131800,329.891100,358.643600
317.495,5,0.294603,1.720751,-0.903488,0.173976,0.257263,0.054452,-0.948991,339.009100,329.821700,359.151100
317.607,5,0.305585,1.733054,-0.922829,0.214315,0.263662,0.063907,-0.938332,334.157600,328.711400,359.559500
317.719,5,0.313024,1.743633,-0.935165,0.235531,0.275087,0.067335,-0.929687,331.641500,326.961800,0.285264
317.830,5,0.323027,1.747442,-0.947380,0.251622,0.288280,0.073520,-0.920965,329.611600,325.063500,0.641385
317.942,5,0.323537,1.747657,-0.963537,0.249097,0.276907,0.084230,-0.924218,329.530000,326.963500,358.820600
318.053,5,0.310957,1.748625,-0.990872,0.253244,0.258331,0.078452,-0.928966,329.266600,329.192400,359.005600
318.165,5,0.288530,1.750289,-1.027564,0.263441,0.248965,0.069556,-0.929396,328.377700,329.971700,0.126788
318.276,5,0.263298,1.749706,-1.063358,0.270384,0.238569,0.064070,-0.930523,327.739700,331.048800,0.662224
318.387,5,0.226810,1.749196,-1.111371,0.274167,0.220931,0.063954,-0.933773,327.297500,333.343200,0.116134
318.498,5,0.200226,1.748141,-1.147423,0.274858,0.211631,0.056006,-0.936231,327.427500,334.297500,0.779665
318.608,5,0.177180,1.746260,-1.187609,0.284072,0.205121,0.055479,-0.934960,326.361500,334.985600,0.880742
318.721,5,0.165227,1.746071,-1.216083,0.287936,0.193266,0.054634,-0.936353,325.920900,336.485000,0.621465
318.831,5,0.157089,1.744606,-1.238346,0.291678,0.185107,0.053481,-0.936909,325.503800,337.480100,0.540122
318.943,5,0.151031,1.744873,-1.254153,0.299343,0.184527,0.053757,-0.934587,324.594200,337.437900,0.702457
319.054,5,0.146869,1.745354,-1.263766,0.298595,0.182515,0.053081,-0.935260,324.696800,337.698300,0.681428
319.165,5,0.142134,1.743985,-1.272407,0.291108,0.173396,0.049607,-0.939537,325.652200,338.920900,0.537040
319.276,5,0.138754,1.740253,-1.274961,0.278681,0.168424,0.045333,-0.944413,327.204000,339.611200,0.562087
319.387,5,0.135920,1.735954,-1.272659,0.259405,0.162744,0.044539,-0.950915,329.479800,340.581400,359.981900
319.497,5,0.135280,1.732360,-1.267708,0.240511,0.155871,0.045276,-0.956979,331.676900,341.689800,359.239900
319.607,5,0.145678,1.724301,-1.250904,0.180869,0.106127,0.069491,-0.975292,338.435400,348.722600,354.003400
319.717,5,0.168722,1.703076,-1.232154,0.087668,-0.014276,0.093182,-0.991679,350.141500,2.597681,349.039900
319.825,5,0.208609,1.663319,-1.220988,-0.044750,-0.222926,0.104921,-0.968139,7.667694,25.218090,349.347200
319.937,5,0.233259,1.636688,-1.225891,-0.129547,-0.361556,0.102569,-0.917592,18.174430,42.097300,354.288500
320.047,5,0.250688,1.617654,-1.230416,-0.191568,-0.443564,0.104495,-0.869272,25.198120,53.901880,359.257600
320.155,5,0.258084,1.612397,-1.231843,-0.206751,-0.466289,0.116833,-0.852161,27.472760,57.273960,359.592600
320.264,5,0.264863,1.610615,-1.233117,-0.211061,-0.488514,0.118193,-0.838355,27.993080,60.589150,0.521496
320.377,5,0.267682,1.612079,-1.230733,-0.205726,-0.493070,0.113164,-0.837707,27.146840,61.168080,0.854971
320.490,5,0.266248,1.608540,-1.227501,-0.214896,-0.488294,0.112664,-0.838269,28.054290,60.782200,1.362273
320.602,5,0.259643,1.613283,-1.221877,-0.207552,-0.483054,0.105950,-0.844012,26.917740,59.901040,1.392721
320.713,5,0.248287,1.622012,-1.213823,-0.190936,-0.468018,0.095118,-0.857587,24.615240,57.460140,0.981869
320.825,5,0.226486,1.638727,-1.206925,-0.141404,-0.400654,0.078510,-0.901841,18.539470,47.628360,358.289600
320.936,5,0.200248,1.668399,-1.197497,-0.037177,-0.287671,0.072706,-0.954242,6.475723,33.168330,353.216200
321.048,5,0.165154,1.699613,-1.193153,0.075295,-0.138154,0.057933,-0.985844,352.388700,16.476280,352.170200
321.160,5,0.148953,1.711802,-1.192750,0.125353,-0.062393,0.052345,-0.988764,346.033300,8.086355,352.947100
321.271,5,0.143820,1.720381,-1.191677,0.164540,-0.008591,0.054569,-0.984822,341.146600,2.112183,353.306300
321.383,5,0.148648,1.727560,-1.187912,0.200737,0.017318,0.060239,-0.977638,336.760100,359.396600,353.072200
321.495,5,0.155585,1.732809,-1.177869,0.228452,0.031353,0.064641,-0.970901,333.406200,357.991100,352.856700
321.608,5,0.164568,1.734760,-1.151335,0.247458,0.056375,0.066929,-0.964939,330.980300,355.035600,353.350100
321.719,5,0.171577,1.734181,-1.122514,0.261629,0.083366,0.067517,-0.959188,329.125500,351.652800,354.256000
321.831,5,0.184023,1.736491,-1.079445,0.275904,0.113167,0.075620,-0.951500,327.169200,348.074900,354.436900
321.943,5,0.195091,1.740472,-1.040207,0.290581,0.132028,0.081266,-0.944207,325.236100,345.758800,354.640400
322.054,5,0.203904,1.743619,-1.005310,0.296677,0.147107,0.084792,-0.939762,324.369300,343.842700,354.912000
322.166,5,0.215536,1.745887,-0.963240,0.294356,0.166446,0.084966,-0.937247,324.545700,341.239400,355.685600
322.277,5,0.225667,1.745501,-0.934745,0.293137,0.181712,0.087703,-0.934537,324.565800,339.284200,355.960900
322.387,5,0.238047,1.742729,-0.903726,0.286467,0.197966,0.089805,-0.933103,325.238400,337.227500,356.219100
322.498,5,0.248028,1.740350,-0.884088,0.281640,0.206926,0.088957,-0.932710,325.792500,336.036300,356.576600
322.609,5,0.260348,1.737431,-0.863571,0.280479,0.214438,0.088687,-0.931388,325.909300,335.022300,356.891100
322.721,5,0.267418,1.736177,-0.848708,0.280661,0.217859,0.090933,-0.930322,325.817500,334.640100,356.749500
322.831,5,0.268852,1.737121,-0.834625,0.281489,0.219613,0.091672,-0.929586,325.694800,334.418000,356.752400
322.943,5,0.264054,1.736330,-0.820636,0.284295,0.223138,0.085274,-0.928501,325.528800,333.652800,357.811600
323.054,5,0.255359,1.736328,-0.806357,0.289853,0.223446,0.079926,-0.927184,325.025500,333.312400,358.693800
323.165,5,0.236911,1.733166,-0.781028,0.287662,0.212552,0.071754,-0.931087,325.515700,334.525800,359.212300
323.276,5,0.215963,1.729244,-0.758155,0.285489,0.198913,0.060148,-0.935581,326.073800,335.972600,0.071036
323.387,5,0.179199,1.727602,-0.723627,0.288877,0.183636,0.044528,-0.938534,326.041300,337.383500,1.555478
323.498,5,0.145332,1.732474,-0.694378,0.293065,0.169807,0.032247,-0.940340,325.797900,338.698400,2.694694
323.609,5,0.098934,1.739860,-0.657203,0.293067,0.155128,0.015470,-0.943296,326.103200,340.021700,4.265738
323.720,5,0.057128,1.742845,-0.626888,0.292988,0.148210,0.001931,-0.944557,326.354000,340.429300,5.735904
323.831,5,0.017917,1.741943,-0.598056,0.290632,0.143266,-0.010707,-0.945988,326.852100,340.660000,7.103129
323.943,5,-0.014263,1.739501,-0.572048,0.286115,0.142354,-0.018907,-0.947373,327.538500,340.579700,7.990087
324.054,5,-0.035670,1.736531,-0.548731,0.277751,0.139162,-0.023875,-0.950220,328.587000,341.008400,8.264755
324.165,5,-0.047148,1.736106,-0.524919,0.273571,0.133451,-0.025133,-0.952217,329.049900,341.797400,8.102780
324.276,5,-0.050555,1.734787,-0.501752,0.268917,0.127359,-0.023212,-0.954424,329.508600,342.745800,7.522226
324.387,5,-0.048785,1.733422,-0.467385,0.265158,0.131898,-0.014278,-0.955034,329.821000,342.530700,6.457264
324.498,5,-0.042839,1.733207,-0.438067,0.265758,0.142706,-0.001457,-0.953418,329.579600,341.551200,5.231569
324.610,5,-0.029346,1.731444,-0.394976,0.267371,0.165843,0.017073,-0.949061,329.125100,339.137400,3.759441
324.721,5,-0.013324,1.732287,-0.351402,0.267611,0.189551,0.028389,-0.944272,328.925100,336.408400,3.201770
324.832,5,-0.000137,1.738632,-0.307684,0.279433,0.203207,0.038540,-0.937624,327.338900,334.719400,2.811448
324.943,5,0.008078,1.741958,-0.269897,0.277981,0.216811,0.038465,-0.935008,327.553800,332.928800,3.302009
325.055,5,0.014523,1.741828,-0.241419,0.276500,0.230757,0.038408,-0.932107,327.779400,331.093500,3.795992
325.166,5,0.023403,1.740722,-0.210563,0.276840,0.231891,0.040479,-0.931637,327.683100,331.003900,3.593517
325.277,5,0.027630,1.739148,-0.190654,0.276101,0.228379,0.039471,-0.932766,327.784500,331.457400,3.556091
325.387,5,0.027679,1.738747,-0.169162,0.274124,0.231255,0.037470,-0.932724,328.082800,331.051000,3.842806
325.499,5,0.025308,1.737976,-0.153100,0.273037,0.231028,0.035088,-0.933191,328.277600,331.027400,4.090196
325.610,5,0.016214,1.736851,-0.131066,0.272717,0.222062,0.026963,-0.935728,328.509800,331.958800,4.753253
325.721,5,0.003076,1.736290,-0.108393,0.273611,0.215452,0.017303,-0.937240,328.645300,332.494300,5.743841
325.832,5,-0.013361,1.733263,-0.081201,0.274792,0.202453,0.009664,-0.939898,328.636500,333.929700,6.259380
325.943,5,-0.034478,1.730284,-0.048386,0.276637,0.188013,0.003376,-0.942397,328.488200,335.577000,6.577831
326.054,5,-0.054030,1.732290,-0.015686,0.281292,0.166287,-0.001593,-0.945104,327.915500,338.158800,6.544081
326.166,5,-0.071743,1.741369,0.027487,0.276815,0.094082,-0.011670,-0.956235,328.183200,347.329100,5.023384
326.277,5,-0.073014,1.746818,0.054893,0.279611,-0.035825,-0.026631,-0.959075,327.435800,3.661751,2.111246
326.388,5,-0.065475,1.748610,0.073637,0.279339,-0.253024,-0.065539,-0.923933,326.677700,31.046170,358.611200
326.499,5,-0.062407,1.747730,0.079327,0.269838,-0.391558,-0.094983,-0.874556,326.882400,49.157840,356.907900
326.610,5,-0.064025,1.746033,0.084589,0.258166,-0.503971,-0.120271,-0.815413,327.163100,64.726100,355.626400
326.722,5,-0.068548,1.744528,0.091583,0.243418,-0.556944,-0.142520,-0.781185,327.380400,71.939410,356.700800
326.832,5,-0.072359,1.742902,0.097555,0.229951,-0.590007,-0.160347,-0.757168,327.490800,76.418660,358.061600
326.944,5,-0.075244,1.742694,0.098470,0.218067,-0.618721,-0.171314,-0.735039,327.820900,80.529660,358.781400
327.055,5,-0.077894,1.741666,0.092281,0.204174,-0.631371,-0.176379,-0.727031,328.694400,81.969090,359.909300
327.166,5,-0.083031,1.742022,0.070086,0.206923,-0.628696,-0.167740,-0.730608,329.117800,81.702770,358.993200
327.277,5,-0.086937,1.741294,0.043818,0.209988,-0.621466,-0.164823,-0.736559,329.055900,80.648050,358.784200
327.388,5,-0.090496,1.737182,-0.004783,0.212424,-0.598598,-0.160290,-0.755556,329.143200,76.999720,359.192600
327.499,5,-0.092225,1.732172,-0.057118,0.213981,-0.583805,-0.158284,-0.767027,329.131300,74.681050,359.530700
327.610,5,-0.089697,1.723141,-0.138855,0.207900,-0.573349,-0.162023,-0.775756,329.445900,72.699140,0.863778
327.722,5,-0.083767,1.719119,-0.211339,0.205977,-0.571067,-0.153986,-0.779579,330.196700,72.363040,0.319242
327.832,5,-0.080526,1.723304,-0.269705,0.206741,-0.573081,-0.154847,-0.777727,330.062400,72.701610,0.257803
327.943,5,-0.081433,1.726648,-0.310924,0.195452,-0.568436,-0.157487,-0.783503,330.966700,71.505130,1.610898
328.055,5,-0.084500,1.729070,-0.339285,0.198286,-0.565789,-0.151972,-0.785793,331.079800,71.265340,0.946694
328.166,5,-0.088703,1.728831,-0.363875,0.197846,-0.576679,-0.150922,-0.778152,331.185500,72.970890,0.437749
328.277,5,-0.090407,1.731913,-0.375919,0.197598,-0.581662,-0.152226,-0.774243,331.114200,73.734020,0.382770
328.388,5,-0.092176,1.733194,-0.391331,0.202688,-0.584756,-0.147997,-0.771412,330.935500,74.474720,359.428900
328.499,5,-0.094289,1.733003,-0.400733,0.203626,-0.588049,-0.142884,-0.769623,331.218200,75.093010,358.721800
328.610,5,-0.097294,1.733391,-0.409546,0.205435,-0.586395,-0.143018,-0.770379,331.036300,74.903160,358.652400
328.722,5,-0.098740,1.732649,-0.417196,0.205838,-0.586121,-0.141895,-0.770687,331.078700,74.888470,358.521900
328.832,5,-0.100966,1.731152,-0.424904,0.202385,-0.586027,-0.139270,-0.772150,331.590100,74.758730,358.558200
328.944,5,-0.104274,1.731165,-0.436733,0.204124,-0.587532,-0.133972,-0.771486,331.810900,75.123930,357.845000
329.055,5,-0.107935,1.732121,-0.452606,0.207004,-0.581880,-0.128889,-0.775856,331.887300,74.404340,357.341900
329.166,5,-0.112486,1.734155,-0.478501,0.214554,-0.570040,-0.118248,-0.784244,331.878800,72.987430,356.155200
329.277,5,-0.117697,1.733985,-0.497606,0.216860,-0.566030,-0.110229,-0.787675,332.198100,72.556370,355.341000
329.388,5,-0.130284,1.733663,-0.515447,0.216886,-0.565191,-0.104412,-0.789061,332.593600,72.494380,354.804700
329.499,5,-0.141583,1.732563,-0.524114,0.222569,-0.558957,-0.100761,-0.792388,332.266200,71.826750,354.220600
329.610,5,-0.156712,1.730439,-0.529427,0.219571,-0.543273,-0.090760,-0.805237,333.113300,69.435810,354.053100
329.721,5,-0.174586,1.728062,-0.531030,0.214804,-0.530148,-0.080603,-0.816275,334.142100,67.414790,353.865200
329.832,5,-0.200082,1.727245,-0.531297,0.208078,-0.519658,-0.070633,-0.825633,335.354500,65.749030,353.707200
329.943,5,-0.227982,1.728737,-0.530663,0.204921,-0.520667,-0.076592,-0.825256,335.292800,65.701020,354.506200
330.054,5,-0.249528,1.725266,-0.530383,0.192922,-0.527931,-0.085476,-0.822657,335.941600,66.223960,356.039800
330.165,5,-0.273697,1.722557,-0.537788,0.167379,-0.541676,-0.094685,-0.818295,337.882500,67.324550,358.368900
330.276,5,-0.289406,1.725320,-0.552727,0.156516,-0.550270,-0.100972,-0.813948,338.536100,68.213310,359.514900
330.387,5,-0.302519,1.727028,-0.579749,0.161845,-0.557988,-0.101683,-0.807537,337.983800,69.484010,358.987100
330.498,5,-0.305764,1.729425,-0.604488,0.170095,-0.560046,-0.104167,-0.804093,337.031700,70.004800,358.568500
330.609,5,-0.300977,1.731648,-0.639819,0.180754,-0.563689,-0.105841,-0.798987,335.910500,70.870380,357.825000
330.721,5,-0.290152,1.732942,-0.670978,0.185529,-0.557670,-0.108141,-0.801804,335.283500,70.101990,357.885700
330.832,5,-0.275481,1.734450,-0.700060,0.187401,-0.549600,-0.106820,-0.807100,335.170600,68.972850,357.880700
330.943,5,-0.260172,1.733351,-0.725976,0.186993,-0.542522,-0.105817,-0.812100,335.258200,67.919090,358.042200
331.054,5,-0.245692,1.732307,-0.748098,0.187120,-0.535216,-0.104881,-0.817025,335.289700,66.855580,358.175800
331.165,5,-0.233053,1.730932,-0.766714,0.186075,-0.529399,-0.103657,-0.821199,335.458000,65.983850,358.313600
331.276,5,-0.224088,1.730108,-0.780970,0.186567,-0.523489,-0.102981,-0.824953,335.440600,65.144540,358.398300
331.387,5,-0.213737,1.729515,-0.797290,0.192122,-0.519302,-0.101772,-0.826472,334.958900,64.725160,358.019300
331.499,5,-0.205888,1.728123,-0.807301,0.192679,-0.520091,-0.099071,-0.826175,335.075300,64.895080,357.679300
331.609,5,-0.197337,1.727281,-0.815237,0.193136,-0.517938,-0.097329,-0.827627,335.133300,64.620220,357.538900
331.721,5,-0.191659,1.725916,-0.820225,0.190236,-0.514856,-0.096639,-0.830298,335.454500,64.090340,357.769000
331.832,5,-0.187534,1.725409,-0.824762,0.190448,-0.513104,-0.094175,-0.831616,335.581300,63.877470,357.557500
331.943,5,-0.183960,1.724671,-0.827817,0.191070,-0.511255,-0.092523,-0.832797,335.616000,63.652730,357.403200
332.054,5,-0.181093,1.723983,-0.829032,0.190205,-0.513016,-0.092214,-0.831945,335.726300,63.884070,357.376700
332.165,5,-0.178854,1.722382,-0.827860,0.185978,-0.513215,-0.090678,-0.832947,336.240800,63.802910,357.505600
332.276,5,-0.178229,1.722151,-0.826141,0.183597,-0.512969,-0.092485,-0.833428,336.364700,63.671700,357.860600
332.387,5,-0.177213,1.722229,-0.825694,0.183216,-0.510130,-0.093061,-0.835188,336.360200,63.245040,358.030700
332.499,5,-0.175786,1.722184,-0.827046,0.183072,-0.506376,-0.090159,-0.837818,336.542300,62.742790,357.855200
332.609,5,-0.170143,1.723849,-0.831529,0.184540,-0.498686,-0.085485,-0.842585,336.656600,61.754340,357.503200
332.721,5,-0.157242,1.724810,-0.837586,0.185975,-0.492451,-0.076303,-0.846808,337.037900,61.041620,356.641600
332.832,5,-0.144764,1.719919,-0.845829,0.183513,-0.484029,-0.055663,-0.853780,338.454200,60.070030,354.905000
332.943,5,-0.145378,1.716729,-0.858207,0.170172,-0.473505,-0.037505,-0.863382,340.769800,58.476940,354.140500
333.053,5,-0.158768,1.717425,-0.874341,0.167723,-0.463110,-0.039385,-0.869394,340.845600,56.977670,354.723700
333.165,5,-0.179530,1.718801,-0.895139,0.183083,-0.444711,-0.033195,-0.876134,339.492300,54.985040,353.583600
333.276,5,-0.203626,1.718406,-0.915382,0.194007,-0.426314,-0.027025,-0.883112,338.549200,52.914650,352.736000
333.387,5,-0.239845,1.720788,-0.941857,0.199690,-0.395034,-0.023451,-0.896394,337.881100,48.969870,352.823900
333.498,5,-0.269062,1.720585,-0.960531,0.197022,-0.353266,-0.025729,-0.914179,337.765100,43.379750,354.285900
333.608,5,-0.299974,1.717591,-0.981940,0.191854,-0.301376,-0.031333,-0.933479,337.847700,36.478240,356.462800
333.720,5,-0.314621,1.718292,-0.996020,0.182312,-0.287076,-0.034264,-0.939775,338.756300,34.437530,357.523400
333.830,5,-0.324086,1.718293,-1.010485,0.173664,-0.292677,-0.034385,-0.939680,339.726300,35.004510,357.737500
333.941,5,-0.328946,1.717927,-1.020551,0.168046,-0.307289,-0.038228,-0.935881,340.242800,36.690830,358.068300
334.052,5,-0.334391,1.715567,-1.028054,0.160023,-0.317243,-0.039582,-0.933907,341.094500,37.803010,358.328200
334.163,5,-0.340709,1.715978,-1.035432,0.161094,-0.317148,-0.042861,-0.933611,340.853500,37.751910,358.656500
334.274,5,-0.345740,1.716951,-1.043242,0.166001,-0.312275,-0.042643,-0.934403,340.314600,37.212230,358.540300
334.385,5,-0.349437,1.717291,-1.049151,0.166329,-0.307949,-0.040903,-0.935858,340.335500,36.701100,358.425000
334.497,5,-0.351029,1.716987,-1.052307,0.164798,-0.304040,-0.039546,-0.937464,340.547100,36.209510,358.416000
334.609,5,-0.351388,1.716594,-1.053255,0.164018,-0.304353,-0.038267,-0.937552,340.680000,36.259740,358.294600
334.721,5,-0.349562,1.717128,-1.047542,0.163812,-0.302858,-0.038970,-0.938043,340.674800,36.056580,358.414400
334.831,5,-0.345002,1.716411,-1.033407,0.164707,-0.301952,-0.037138,-0.938252,340.640200,35.987370,358.191300
334.943,5,-0.336106,1.714471,-1.008527,0.164758,-0.300901,-0.035747,-0.938635,340.682200,35.880040,358.054100
335.053,5,-0.323609,1.710795,-0.970500,0.166062,-0.290718,-0.031038,-0.941777,340.680700,34.703830,357.686600
335.165,5,-0.304005,1.705546,-0.918413,0.166506,-0.271455,-0.021569,-0.947694,340.894900,32.472980,356.996200
335.276,5,-0.278739,1.702306,-0.864713,0.170345,-0.254302,-0.010773,-0.951944,340.743600,30.595130,355.983300
335.387,5,-0.236096,1.703702,-0.792918,0.174701,-0.239977,-0.005343,-0.954915,340.353600,28.990350,355.515100
335.499,5,-0.197600,1.714317,-0.740317,0.179161,-0.233729,-0.007793,-0.955621,339.753400,28.239320,355.791300
335.610,5,-0.152341,1.718032,-0.686846,0.179981,-0.234011,-0.006782,-0.955406,339.690900,28.306470,355.641300
335.721,5,-0.120378,1.722002,-0.649194,0.175387,-0.249560,-0.008314,-0.952308,340.233100,30.130940,355.630200
335.832,5,-0.094726,1.723929,-0.617306,0.174658,-0.273612,-0.018601,-0.945667,340.091700,32.920320,356.317000
335.943,5,-0.074457,1.725046,-0.588238,0.170577,-0.307575,-0.029154,-0.935655,340.297400,36.926930,356.932800
336.054,5,-0.060305,1.725413,-0.564301,0.167061,-0.352477,-0.040080,-0.919915,340.389800,42.393040,357.320900
336.166,5,-0.045514,1.724920,-0.534728,0.162450,-0.434058,-0.056300,-0.884327,340.354900,52.723500,357.477500
336.277,5,-0.039071,1.724798,-0.510475,0.157183,-0.504963,-0.066711,-0.846082,340.527700,62.138080,357.212000
336.388,5,-0.036123,1.728875,-0.475708,0.154799,-0.584028,-0.078658,-0.792945,340.283100,73.339190,356.585300
336.500,5,-0.034911,1.730774,-0.448898,0.152952,-0.631670,-0.086812,-0.755025,340.084300,80.498640,356.210400
336.610,5,-0.033841,1.730902,-0.419403,0.139864,-0.683884,-0.094805,-0.709755,340.839900,88.454240,356.557300
336.721,5,-0.034986,1.729789,-0.399347,0.130778,-0.721623,-0.099491,-0.672502,341.368100,94.581120,356.676900
336.832,5,-0.038284,1.728820,-0.384314,0.124031,-0.741409,-0.107339,-0.650698,341.302200,97.897050,357.323900
336.943,5,-0.043004,1.727454,-0.376537,0.120086,-0.750455,-0.114080,-0.639830,341.040900,99.445440,357.924300
337.054,5,-0.046203,1.727278,-0.374647,0.118842,-0.758014,-0.119185,-0.630148,340.703100,100.834800,358.180900
337.166,5,-0.048042,1.727457,-0.374564,0.117236,-0.765354,-0.122867,-0.620800,340.510500,102.187900,358.364700
337.277,5,-0.047563,1.728596,-0.374185,0.119010,-0.764969,-0.127538,-0.619995,339.958700,102.209500,358.540300
337.388,5,-0.045367,1.728684,-0.373910,0.116930,-0.762952,-0.127208,-0.622937,340.136100,101.750700,358.785200
337.499,5,-0.044076,1.728812,-0.372798,0.117661,-0.760846,-0.127436,-0.625324,340.057900,101.378500,358.801300
337.610,5,-0.042201,1.728422,-0.369730,0.116436,-0.758166,-0.127734,-0.628738,340.116900,100.833200,359.029200
337.721,5,-0.039765,1.728014,-0.366719,0.115785,-0.756009,-0.127696,-0.631457,340.165400,100.406300,359.159400
337.832,5,-0.036730,1.727608,-0.362639,0.112900,-0.756242,-0.127596,-0.631721,340.389200,100.353500,359.419200
337.943,5,-0.034488,1.726547,-0.354610,0.110016,-0.756622,-0.126979,-0.631899,340.659100,100.327800,359.635300
338.054,5,-0.033868,1.725594,-0.342806,0.105110,-0.757558,-0.129723,-0.631055,340.779400,100.364600,0.271294
338.165,5,-0.033589,1.724084,-0.325713,0.099795,-0.759788,-0.134949,-0.628134,340.704900,100.652800,1.085899
338.277,5,-0.030083,1.723529,-0.314684,0.094434,-0.763596,-0.139868,-0.623250,340.651200,101.245100,1.829786
338.387,5,-0.018692,1.722882,-0.309062,0.087074,-0.769448,-0.144801,-0.615955,340.725100,102.186700,2.694985
338.499,5,-0.008986,1.721638,-0.314523,0.085917,-0.771807,-0.144529,-0.613224,340.824100,102.605900,2.708616
338.610,5,0.002960,1.721589,-0.333082,0.094711,-0.766938,-0.143701,-0.618212,340.274000,101.913900,1.972570
338.721,5,0.017332,1.724223,-0.351313,0.110679,-0.764075,-0.134634,-0.621139,339.926000,101.802900,359.885300
338.832,5,0.029924,1.724999,-0.361104,0.115606,-0.768833,-0.126339,-0.616092,340.323100,102.820300,358.655700
338.943,5,0.038979,1.728333,-0.359816,0.113492,-0.791141,-0.123143,-0.588261,340.830000,107.089500,357.894900
339.054,5,0.041289,1.727875,-0.348221,0.109189,-0.818503,-0.128783,-0.549131,340.686600,112.670500,357.734500
339.166,5,0.037429,1.726344,-0.318675,0.102391,-0.860366,-0.133187,-0.481195,340.869600,122.055200,357.087200
339.276,5,0.034992,1.724532,-0.287692,0.095173,-0.884127,-0.147249,-0.433105,339.951600,128.242000,357.514400
339.387,5,0.033079,1.720143,-0.248053,0.072385,-0.904615,-0.150254,-0.392246,340.814400,133.250600,359.205900
339.499,5,0.029069,1.719657,-0.223743,0.065587,-0.914469,-0.150563,-0.369833,341.102100,136.047400,359.479900
339.609,5,0.022788,1.720618,-0.202988,0.062635,-0.922386,-0.154858,-0.348282,340.773300,138.707000,359.534000
339.721,5,0.018680,1.721352,-0.192006,0.062663,-0.924122,-0.156030,-0.343114,340.647300,139.352000,359.469000
339.831,5,0.014379,1.721694,-0.185643,0.060554,-0.924980,-0.156672,-0.340879,340.663200,139.593600,359.683700
339.943,5,0.010092,1.722783,-0.182741,0.064291,-0.925282,-0.160253,-0.337696,340.124300,140.014000,359.345600
340.054,5,0.007782,1.722520,-0.181437,0.063678,-0.926195,-0.158858,-0.335966,340.302500,140.243300,359.317500
340.165,5,0.006234,1.722482,-0.180329,0.064061,-0.925382,-0.160018,-0.337577,340.159300,140.028400,359.358900
340.276,5,0.006391,1.723284,-0.179866,0.065962,-0.925466,-0.162596,-0.335744,339.803200,140.260500,359.211900
340.388,5,0.007456,1.723946,-0.178011,0.066255,-0.927546,-0.164533,-0.328935,339.585400,141.109500,359.103300
340.498,5,0.008271,1.723943,-0.176275,0.064949,-0.931494,-0.167412,-0.316346,339.330400,142.652300,359.076600
340.609,5,0.008940,1.723301,-0.176537,0.061157,-0.939290,-0.166495,-0.293723,339.592200,145.458300,358.955700
340.721,5,0.007160,1.720433,-0.179659,0.057545,-0.949937,-0.154028,-0.265677,341.142800,149.026000,358.335700
340.832,5,0.002600,1.718406,-0.182041,0.062118,-0.961243,-0.142764,-0.227536,342.378400,153.873100,356.724700
340.943,5,-0.000286,1.718096,-0.182036,0.067958,-0.965332,-0.142901,-0.207593,342.295400,156.401100,355.673200
341.053,5,0.000913,1.718676,-0.180820,0.068270,-0.964674,-0.147326,-0.207457,341.785900,156.409700,355.738300
341.165,5,0.002741,1.721385,-0.179852,0.068147,-0.961431,-0.158087,-0.214511,340.535900,155.504300,356.155600
341.276,5,0.002293,1.723499,-0.178386,0.067136,-0.960273,-0.164917,-0.214874,339.782700,155.406900,356.452500
341.388,5,-0.000846,1.727375,-0.177294,0.071237,-0.957991,-0.185009,-0.207247,337.418200,156.327800,356.286400
341.499,5,-0.004843,1.728725,-0.175389,0.074826,-0.957883,-0.194907,-0.197164,336.240300,157.615000,355.833800
341.610,5,-0.007947,1.729412,-0.171608,0.077310,-0.958176,-0.199818,-0.189723,335.653400,158.582900,355.446300
341.722,5,-0.007784,1.729424,-0.168367,0.079960,-0.956989,-0.202682,-0.191572,335.256000,158.405000,355.238600
341.832,5,-0.005468,1.729645,-0.164332,0.078451,-0.955418,-0.204781,-0.197703,335.018700,157.584400,355.638500
341.944,5,-0.003251,1.730483,-0.161402,0.076355,-0.953335,-0.210565,-0.202447,334.380400,156.894500,356.163800
342.055,5,-0.001887,1.731293,-0.159618,0.076707,-0.951089,-0.216862,-0.206197,333.631500,156.382000,356.385800
342.166,5,-0.002245,1.730836,-0.157736,0.073287,-0.952081,-0.218327,-0.201257,333.562000,156.905600,356.691800
342.277,5,-0.002881,1.730415,-0.156110,0.073235,-0.952683,-0.219506,-0.197102,333.441700,157.423800,356.602500
342.388,5,-0.002924,1.730595,-0.154183,0.073551,-0.951909,-0.222168,-0.197739,333.124400,157.331000,356.647400
342.499,5,-0.002069,1.730316,-0.153407,0.072881,-0.951274,-0.222018,-0.201181,333.145600,156.874300,356.830400
342.610,5,-0.002024,1.734718,-0.150940,0.087599,-0.939887,-0.246323,-0.219691,329.899400,154.693600,356.259700
342.722,5,-0.017654,1.732815,-0.152403,0.090177,-0.953663,-0.235922,-0.163512,331.349200,162.127600,353.795500
342.833,5,-0.014186,1.731432,-0.152105,0.095976,-0.947895,-0.213963,-0.215646,333.447100,155.725300,354.246800
342.944,5,-0.009047,1.729892,-0.157682,0.092661,-0.944915,-0.200286,-0.241734,334.956600,152.401600,355.043200
343.054,5,-0.008411,1.727700,-0.170606,0.088048,-0.940773,-0.192585,-0.264775,335.859000,149.418200,355.998300
343.165,5,-0.014950,1.726586,-0.201055,0.096106,-0.929425,-0.177308,-0.309023,337.108600,144.088100,355.700700
343.276,5,-0.024856,1.725609,-0.231312,0.101921,-0.921938,-0.165323,-0.335128,338.090100,140.970600,355.231800
343.388,5,-0.038253,1.726912,-0.272730,0.111017,-0.910535,-0.161008,-0.364250,338.032400,137.413200,354.748900
343.499,5,-0.049480,1.727906,-0.303392,0.116324,-0.901218,-0.166615,-0.382773,337.085100,135.012600,354.885300
343.610,5,-0.062004,1.730913,-0.331373,0.126962,-0.876907,-0.183385,-0.425776,334.549100,129.157200,355.776200
343.721,5,-0.069571,1.731442,-0.344072,0.134082,-0.851888,-0.188810,-0.469745,333.406500,123.027700,356.726500
343.832,5,-0.075277,1.731002,-0.349431,0.134504,-0.834113,-0.192129,-0.499250,332.946900,118.699400,357.906000
343.943,5,-0.078769,1.730757,-0.350370,0.137533,-0.819283,-0.192105,-0.522452,332.710500,115.334600,358.412100
344.055,5,-0.078830,1.731198,-0.348116,0.137927,-0.815143,-0.189698,-0.529654,332.911400,114.341700,358.460900
344.166,5,-0.075472,1.732677,-0.338864,0.136587,-0.821281,-0.187948,-0.521073,333.188300,115.648600,358.171100
344.277,5,-0.069166,1.735337,-0.325491,0.135791,-0.833052,-0.191027,-0.501092,332.976300,118.483000,357.761300
344.388,5,-0.053421,1.732524,-0.300991,0.120310,-0.863285,-0.162970,-0.462282,336.882800,124.390200,356.443700
344.499,5,-0.034475,1.738644,-0.278965,0.124925,-0.887624,-0.186313,-0.402249,334.452800,132.278900,355.430100
344.610,5,-0.009411,1.736601,-0.243636,0.101260,-0.920006,-0.196866,-0.323388,334.676500,142.107200,356.258100
344.721,5,0.011788,1.732209,-0.219165,0.060985,-0.943562,-0.189949,-0.264371,337.001800,148.881500,359.088000
344.833,5,0.018651,1.731777,-0.199441,0.028299,-0.955471,-0.186286,-0.227097,338.356300,152.900100,1.882379
344.943,5,0.008896,1.732681,-0.177977,0.016362,-0.959618,-0.190620,-0.206227,338.124400,155.178900,2.916630
345.054,5,-0.010118,1.736095,-0.156197,0.016721,-0.959096,-0.208694,-0.190534,336.003200,156.894900,2.977356
345.165,5,-0.042510,1.736215,-0.128501,0.017731,-0.957654,-0.220027,-0.184859,334.660900,157.473000,3.005558
345.276,5,-0.072359,1.731472,-0.108470,0.022698,-0.957630,-0.218892,-0.185785,334.680300,157.502100,2.400573
345.388,5,-0.105081,1.723846,-0.085054,0.028986,-0.959333,-0.211189,-0.185038,335.422200,157.856100,1.420371
345.498,5,-0.122069,1.719743,-0.068179,0.025305,-0.961973,-0.200114,-0.184180,336.775800,158.001800,1.560663
345.609,5,-0.138899,1.719331,-0.047442,0.025777,-0.962743,-0.194791,-0.185793,337.378300,157.871900,1.412140
345.721,5,-0.149790,1.719053,-0.030659,0.026436,-0.963744,-0.190303,-0.185156,337.877000,158.013400,1.207240
345.831,5,-0.156812,1.718752,-0.015921,0.027506,-0.963908,-0.188412,-0.186083,338.070900,157.942300,1.055820
345.942,5,-0.160878,1.718216,-0.005441,0.026705,-0.963486,-0.190095,-0.186671,337.896700,157.834400,1.206587
346.053,5,-0.163025,1.717851,0.000670,0.026731,-0.963640,-0.189419,-0.186557,337.973400,157.856100,1.184074
346.164,5,-0.163478,1.717605,0.003464,0.026032,-0.964072,-0.187419,-0.186442,338.217900,157.875500,1.215101
346.276,5,-0.162971,1.717712,0.004433,0.025420,-0.963945,-0.186626,-0.187978,338.324400,157.680900,1.304473
346.387,5,-0.162510,1.717856,0.004373,0.025488,-0.963484,-0.186676,-0.190267,338.320300,157.399300,1.351822
346.498,5,-0.162624,1.717959,0.003929,0.026213,-0.963266,-0.187429,-0.190531,338.218000,157.374600,1.290987
346.610,5,-0.163040,1.717958,0.003211,0.027061,-0.963169,-0.187151,-0.191176,338.231200,157.316400,1.198714
346.720,5,-0.163360,1.717578,0.001272,0.026803,-0.963345,-0.185656,-0.191784,338.408800,157.251400,1.206029
346.831,5,-0.163057,1.717051,-0.001982,0.026565,-0.963268,-0.185105,-0.192730,338.478500,157.135200,1.242535
346.943,5,-0.161584,1.716568,-0.007482,0.026240,-0.963607,-0.185029,-0.191146,338.492600,157.324500,1.241938
347.053,5,-0.158037,1.716109,-0.016170,0.024973,-0.964481,-0.185457,-0.186438,338.466100,157.873100,1.292361
347.165,5,-0.151388,1.715467,-0.028794,0.023294,-0.965280,-0.185485,-0.182449,338.494500,158.327700,1.398907
347.276,5,-0.142568,1.714532,-0.043876,0.022047,-0.965867,-0.184365,-0.180623,338.647300,158.536800,1.477393
347.387,5,-0.127902,1.714239,-0.066670,0.018941,-0.966472,-0.181301,-0.180840,339.065800,158.475200,1.776949
347.499,5,-0.116204,1.714223,-0.085567,0.019901,-0.966113,-0.181707,-0.182244,339.000900,158.318900,1.704915
347.609,5,-0.101262,1.714457,-0.110382,0.024273,-0.965811,-0.184537,-0.180461,338.579100,158.603200,1.213658
347.721,5,-0.085792,1.719281,-0.132188,0.026859,-0.966887,-0.184410,-0.174357,338.532500,159.411300,0.761446
347.832,5,-0.068009,1.725796,-0.150926,0.028684,-0.967654,-0.184108,-0.170080,338.527000,159.979300,0.437949
347.943,5,-0.047836,1.727972,-0.163743,0.028569,-0.968398,-0.182222,-0.167882,338.745000,160.262400,0.359681
348.054,5,-0.029315,1.728228,-0.168826,0.029115,-0.967775,-0.183256,-0.170238,338.616100,159.976600,0.371717
348.166,5,-0.007699,1.724733,-0.169378,0.026388,-0.965074,-0.180942,-0.187608,338.952200,157.804600,1.041278
348.276,5,0.005644,1.724550,-0.167956,0.027657,-0.959292,-0.180420,-0.215507,339.018200,154.396500,1.515945
348.388,5,0.017583,1.725984,-0.167459,0.037373,-0.946821,-0.184807,-0.260728,338.318500,148.905500,1.578477
348.499,5,0.022752,1.727369,-0.171517,0.049541,-0.935160,-0.187613,-0.296349,337.650300,144.606700,1.148654
348.610,5,0.024294,1.729022,-0.185049,0.066031,-0.918716,-0.186546,-0.341762,337.176200,139.112000,0.384239
348.721,5,0.019970,1.729113,-0.208682,0.081605,-0.902176,-0.187435,-0.379852,336.409700,134.397300,359.696800
348.832,5,0.008758,1.726652,-0.246709,0.097082,-0.886563,-0.182616,-0.413803,336.162400,130.236100,358.684200
348.943,5,-0.006602,1.726311,-0.298983,0.116098,-0.871015,-0.183004,-0.440866,335.091800,126.878000,357.416300
349.055,5,-0.019924,1.727527,-0.351432,0.131270,-0.860352,-0.185509,-0.456233,333.960800,124.962700,356.387900
349.166,5,-0.035470,1.726194,-0.413967,0.150366,-0.851579,-0.182824,-0.467737,333.125200,123.752200,354.527300
349.277,5,-0.042021,1.728219,-0.453773,0.157016,-0.842088,-0.180408,-0.483411,332.893600,121.683200,354.195900
349.388,5,-0.047462,1.730445,-0.494764,0.162510,-0.819432,-0.174587,-0.521192,332.901500,116.395200,354.563200
349.500,5,-0.053168,1.730271,-0.520821,0.170158,-0.801465,-0.164851,-0.549112,333.184600,112.574300,354.102000
349.610,5,-0.057094,1.730665,-0.547117,0.184520,-0.774678,-0.157896,-0.583863,332.606100,107.592100,353.435100
349.722,5,-0.064253,1.730841,-0.562181,0.196446,-0.755291,-0.146738,-0.607794,332.583400,104.223600,352.336700
349.833,5,-0.072648,1.733367,-0.560511,0.205428,-0.720978,-0.143773,-0.646003,331.788500,98.090510,352.798900
349.944,5,-0.085331,1.734410,-0.548746,0.211738,-0.682225,-0.138694,-0.685930,331.333100,91.340580,353.545400
350.055,5,-0.097953,1.733486,-0.532550,0.206854,-0.654025,-0.127351,-0.716411,332.421400,86.188170,354.295500
350.166,5,-0.126517,1.733180,-0.506814,0.205356,-0.618165,-0.120576,-0.749108,332.823100,80.201000,355.277600
350.277,5,-0.150789,1.734584,-0.489082,0.204592,-0.599568,-0.117852,-0.764703,332.984900,77.203550,355.810100
350.388,5,-0.182516,1.728932,-0.474735,0.186036,-0.598971,-0.118121,-0.769852,334.662900,76.352660,357.400700
350.499,5,-0.203890,1.726436,-0.468474,0.175661,-0.603261,-0.113982,-0.769563,335.927900,76.674510,357.708500
350.610,5,-0.226321,1.725933,-0.466593,0.167245,-0.623142,-0.114177,-0.755438,336.735100,79.498210,357.758800
350.721,5,-0.240546,1.725987,-0.465532,0.163882,-0.637698,-0.117179,-0.743474,336.850400,81.685240,357.832500
350.831,5,-0.245393,1.724867,-0.466624,0.162124,-0.656399,-0.109672,-0.728580,337.652900,84.682600,356.713300
350.943,5,-0.237611,1.721485,-0.469693,0.150779,-0.698683,-0.100826,-0.692057,339.538000,91.332280,355.645400
351.053,5,-0.221799,1.717735,-0.466889,0.143037,-0.714220,-0.094449,-0.678609,340.789100,93.712210,355.375600
351.165,5,-0.196649,1.713990,-0.458433,0.142064,-0.704285,-0.087820,-0.689991,341.352500,91.959600,355.222300
351.276,5,-0.170648,1.710727,-0.453365,0.143084,-0.696661,-0.079240,-0.698507,341.922800,90.700310,354.648500
351.387,5,-0.130853,1.715551,-0.446106,0.156730,-0.679067,-0.073836,-0.713338,341.102100,88.267310,353.474500
351.499,5,-0.100847,1.720830,-0.443526,0.163759,-0.665342,-0.073413,-0.724648,340.425900,86.287550,353.202900
351.610,5,-0.060484,1.720728,-0.443725,0.167815,-0.659608,-0.074544,-0.728834,339.942800,85.511610,353.107800
351.721,5,-0.028634,1.718060,-0.445240,0.161143,-0.670262,-0.076087,-0.720411,340.477600,86.985650,353.518800
351.832,5,0.001388,1.720515,-0.443636,0.162503,-0.689744,-0.077652,-0.701296,340.424700,90.261930,352.973600
351.943,5,0.029522,1.724006,-0.435123,0.157641,-0.713107,-0.087099,-0.677527,340.255100,94.066370,353.484200
352.055,5,0.055486,1.725825,-0.421581,0.152682,-0.733615,-0.095828,-0.655221,340.081500,97.517590,353.989700
352.166,5,0.088456,1.726241,-0.393232,0.143348,-0.769735,-0.107696,-0.612667,340.035100,103.918200,354.583900
352.277,5,0.107303,1.724561,-0.361424,0.131411,-0.801932,-0.113056,-0.571713,340.635000,109.874400,355.044600
352.388,5,0.129148,1.727146,-0.313341,0.122748,-0.832179,-0.114118,-0.528573,341.355500,115.987300,354.934700
352.499,5,0.143426,1.729183,-0.279179,0.115956,-0.845865,-0.125379,-0.505319,340.774000,119.006600,355.781800
352.610,5,0.156958,1.729109,-0.247729,0.103654,-0.874320,-0.129719,-0.456063,341.253700,125.534400,356.189300
352.722,5,0.168835,1.725649,-0.226063,0.092352,-0.897783,-0.136554,-0.408424,341.299000,131.617200,356.714800
352.832,5,0.182793,1.723696,-0.211829,0.073334,-0.915971,-0.143409,-0.367497,341.541500,136.561800,358.251700
352.943,5,0.185625,1.720719,-0.202635,0.052295,-0.928175,-0.146948,-0.337880,342.053700,139.973200,0.133849
353.054,5,0.172765,1.720891,-0.196061,0.046719,-0.934873,-0.144490,-0.320862,342.534100,142.064500,0.322589
353.166,5,0.141208,1.722653,-0.189362,0.048929,-0.942020,-0.153027,-0.294596,341.510100,145.288000,359.877900
353.277,5,0.109015,1.723307,-0.184146,0.048327,-0.946551,-0.155284,-0.278553,341.283100,147.253200,359.698900
353.388,5,0.059945,1.724280,-0.175477,0.048569,-0.948216,-0.157315,-0.271624,341.051200,148.097600,359.597400
353.499,5,0.019790,1.724632,-0.165414,0.047962,-0.948704,-0.155320,-0.271174,341.293700,148.163700,359.590700
353.609,5,-0.027542,1.722236,-0.148375,0.047029,-0.948599,-0.151004,-0.274127,341.804000,147.825600,359.611900
353.721,5,-0.062471,1.717850,-0.130520,0.047526,-0.947095,-0.149669,-0.279914,341.934200,147.129600,359.624300
353.831,5,-0.089129,1.715845,-0.112209,0.047246,-0.944180,-0.149698,-0.289625,341.937700,145.917500,359.849100
353.942,5,-0.109751,1.714402,-0.096005,0.047771,-0.942517,-0.149262,-0.295129,341.967200,145.244900,359.882700
354.053,5,-0.126777,1.714511,-0.083613,0.050054,-0.942028,-0.153828,-0.293964,341.382500,145.376800,359.766300
354.164,5,-0.141066,1.715317,-0.074221,0.052448,-0.943291,-0.159959,-0.286121,340.622700,146.329500,359.549700
354.276,5,-0.150845,1.715889,-0.068333,0.053572,-0.945395,-0.165855,-0.275412,339.933800,147.623500,359.393900
354.387,5,-0.158166,1.715453,-0.064223,0.051998,-0.949399,-0.165367,-0.261901,340.047900,149.285800,359.261500
354.498,5,-0.160485,1.715457,-0.062536,0.050421,-0.951093,-0.165795,-0.255720,340.052500,150.020800,359.322400
354.609,5,-0.160785,1.715869,-0.062013,0.050116,-0.952003,-0.168608,-0.250501,339.748700,150.635200,359.331400
354.720,5,-0.158709,1.716563,-0.062334,0.050395,-0.951474,-0.169735,-0.251691,339.612700,150.481100,359.360700
354.831,5,-0.156494,1.717223,-0.062720,0.051840,-0.950173,-0.170648,-0.255663,339.463900,150.005000,359.311200
354.943,5,-0.154345,1.718041,-0.063082,0.053057,-0.948424,-0.172858,-0.260380,339.175000,149.416200,359.348800
355.054,5,-0.152626,1.718252,-0.064559,0.054218,-0.946992,-0.173316,-0.265004,339.084300,148.855300,359.335800
355.165,5,-0.150996,1.717893,-0.067650,0.054531,-0.946248,-0.172391,-0.268184,339.176100,148.473500,359.342000
355.276,5,-0.149252,1.717200,-0.071040,0.053552,-0.946216,-0.170126,-0.269936,339.459900,148.260600,359.418900
355.387,5,-0.146527,1.716415,-0.075827,0.052228,-0.945899,-0.168159,-0.272527,339.721200,147.933200,359.563400
355.499,5,-0.144695,1.716118,-0.079550,0.050727,-0.946310,-0.166913,-0.272146,339.908900,147.966700,359.685400
355.609,5,-0.143366,1.716314,-0.083099,0.049136,-0.946437,-0.167850,-0.271422,339.855300,148.016500,359.884500
355.720,5,-0.143507,1.716256,-0.085542,0.048416,-0.946866,-0.168540,-0.269622,339.801300,148.220000,359.951000
355.831,5,-0.144336,1.716343,-0.087004,0.048262,-0.947010,-0.169346,-0.268637,339.716000,148.330700,359.974100
355.943,5,-0.145984,1.716529,-0.088075,0.048722,-0.947199,-0.170046,-0.267442,339.623000,148.480700,359.917800
356.054,5,-0.148182,1.716622,-0.088520,0.049088,-0.947370,-0.171121,-0.266079,339.491100,148.645600,359.881000
356.165,5,-0.152044,1.716662,-0.088691,0.049822,-0.948064,-0.171430,-0.263258,339.434100,149.009000,359.742500
356.276,5,-0.154917,1.716907,-0.088224,0.051149,-0.948003,-0.173150,-0.262094,339.200000,149.160900,359.619000
356.387,5,-0.157435,1.716764,-0.086682,0.051169,-0.948203,-0.173233,-0.261309,339.190500,149.258500,359.601400
356.498,5,-0.158431,1.717249,-0.084742,0.051587,-0.947635,-0.175159,-0.262004,338.960800,149.157900,359.632500
356.610,5,-0.159540,1.717636,-0.081846,0.050794,-0.946331,-0.177095,-0.265547,338.767300,148.675000,359.872000
356.721,5,-0.160745,1.717988,-0.079365,0.051312,-0.945150,-0.179552,-0.267993,338.474900,148.348000,359.953300
356.831,5,-0.162057,1.718348,-0.077993,0.051644,-0.944067,-0.183271,-0.269224,338.046800,148.152400,0.072353
356.943,5,-0.163073,1.717725,-0.078898,0.052003,-0.943831,-0.183186,-0.270041,338.045000,148.057900,0.047664
357.054,5,-0.163146,1.717917,-0.082440,0.052949,-0.943834,-0.183470,-0.269652,337.982700,148.122900,359.938000
357.165,5,-0.159738,1.718475,-0.090865,0.055584,-0.944153,-0.186483,-0.265914,337.561100,148.612100,359.641600
357.276,5,-0.153451,1.720392,-0.100113,0.058364,-0.945081,-0.191927,-0.258031,336.865400,149.601800,359.297800
357.388,5,-0.139110,1.721904,-0.116074,0.061811,-0.947401,-0.199675,-0.242364,335.901500,151.573100,358.723700
357.499,5,-0.122026,1.721180,-0.133237,0.063399,-0.950455,-0.204098,-0.225743,335.380100,153.668700,358.211800
357.610,5,-0.092085,1.721659,-0.159840,0.057248,-0.956966,-0.203481,-0.198833,335.656100,156.913600,358.197900
357.721,5,-0.060228,1.725834,-0.184496,0.039604,-0.964424,-0.195284,-0.173730,337.018500,159.684700,359.468700
357.832,5,-0.028950,1.731364,-0.205353,0.034993,-0.967229,-0.195980,-0.157594,337.036600,161.566700,359.631500
357.943,5,-0.000130,1.733530,-0.224502,0.036270,-0.969237,-0.197909,-0.141761,336.801000,163.539500,359.115000
358.054,5,0.025011,1.733180,-0.238683,0.031088,-0.970756,-0.200626,-0.128128,336.579100,165.078000,359.441400
358.166,5,0.057388,1.730452,-0.256057,0.019465,-0.973220,-0.193505,-0.122553,337.578500,165.528400,0.591374
358.277,5,0.080039,1.729587,-0.266133,0.017130,-0.973490,-0.189083,-0.127564,338.129500,164.891700,0.919191
358.388,5,0.102763,1.728537,-0.278818,0.005805,-0.973938,-0.189637,-0.124292,338.233000,165.029500,2.211213
358.499,5,0.115604,1.726755,-0.289592,-0.000762,-0.975724,-0.187889,-0.112515,338.501100,166.332100,2.696248
358.610,5,0.128198,1.724005,-0.300527,-0.014528,-0.979295,-0.179158,-0.093124,339.623300,168.456000,3.781303
358.721,5,0.136685,1.722854,-0.306830,-0.024532,-0.978752,-0.183982,-0.087135,339.153200,168.920200,4.915942
358.832,5,0.141203,1.721227,-0.312146,-0.031527,-0.979370,-0.182634,-0.080528,339.350300,169.579500,5.591020
358.943,5,0.142723,1.722449,-0.319877,-0.034044,-0.979505,-0.182148,-0.078957,339.423800,169.719700,5.852029
359.054,5,0.143360,1.724550,-0.330121,-0.030384,-0.978539,-0.184074,-0.087491,339.210800,168.748500,5.627355
359.166,5,0.142920,1.724249,-0.346886,-0.022562,-0.975179,-0.184487,-0.120336,339.244200,164.936400,5.424946
359.277,5,0.137586,1.723645,-0.359787,-0.006348,-0.968247,-0.187522,-0.165204,338.836100,159.781000,4.566839
359.388,5,0.119348,1.725315,-0.378745,0.014235,-0.950058,-0.196662,-0.241891,337.631100,150.596000,4.222704
359.500,5,0.098652,1.730314,-0.396632,0.032854,-0.934855,-0.201658,-0.290347,336.664200,144.774400,3.476140
359.610,5,0.073033,1.734062,-0.415265,0.058528,-0.916944,-0.223907,-0.325045,333.341700,140.381500,2.451438
359.723,5,0.055057,1.738896,-0.424042,0.072360,-0.905417,-0.248897,-0.336205,330.041900,138.614400,2.403158
359.833,5,0.036327,1.744738,-0.422729,0.086473,-0.896580,-0.288010,-0.325141,325.062700,139.425000,2.253035
359.945,5,0.017919,1.750640,-0.417437,0.104438,-0.896412,-0.320085,-0.288244,320.649400,144.421200,359.799000
360.056,5,0.004253,1.753608,-0.411604,0.110353,-0.903686,-0.345623,-0.227421,317.556600,153.023300,356.718200
360.167,5,-0.003761,1.756490,-0.392171,0.112250,-0.905228,-0.379215,-0.155428,313.826100,163.535300,352.920800
360.278,5,-0.003532,1.757805,-0.369137,0.109479,-0.904500,-0.397610,-0.108633,312.007100,170.586500,350.395300
360.390,5,0.001446,1.756471,-0.336494,0.103138,-0.911392,-0.396761,-0.036157,313.057500,181.337400,346.506400
360.500,5,0.006499,1.739612,-0.319003,0.102874,-0.945265,-0.305980,0.047621,325.342800,190.718500,344.224600
360.611,5,0.007954,1.699991,-0.308548,0.120545,-0.973120,-0.125618,0.150756,347.986800,199.325800,343.824200
360.720,5,0.003510,1.663208,-0.292476,0.132908,-0.961416,0.004152,0.240829,4.128891,207.591900,345.272600
360.828,5,-0.003536,1.626085,-0.265110,0.133278,-0.925543,0.104385,0.338692,16.469520,218.664300,349.424600
360.938,5,-0.008898,1.609553,-0.245798,0.133725,-0.903874,0.141506,0.380928,20.958220,224.177200,351.754100
361.041,5,-0.014826,1.601753,-0.228945,0.135226,-0.896596,0.151247,0.393642,22.189860,225.902700,352.340700
361.142,5,-0.022925,1.604559,-0.213920,0.132696,-0.878687,0.149917,0.433389,22.239440,231.247100,353.595300
361.255,5,-0.031939,1.612548,-0.195465,0.121748,-0.844638,0.133144,0.504021,20.343230,240.867100,355.629500
361.367,5,-0.039240,1.619780,-0.172107,0.116208,-0.790476,0.109743,0.591270,18.114620,253.073500,356.746300
361.479,5,-0.041397,1.623185,-0.155743,0.112502,-0.732719,0.094909,0.664423,16.772990,264.061000,357.680800
361.590,5,-0.039822,1.627854,-0.153374,0.107608,-0.701275,0.083529,0.699755,15.530520,269.599700,357.976200
361.701,5,-0.041077,1.636582,-0.176608,0.094097,-0.754249,0.066431,0.646406,12.818400,260.824100,356.703900
361.813,5,-0.034972,1.646807,-0.223798,0.089897,-0.875583,0.035243,0.473319,8.442494,236.256700,352.795000
361.924,5,-0.013632,1.656644,-0.277365,0.088293,-0.976790,0.022441,0.193859,4.477832,202.080200,350.544200
362.035,5,0.007380,1.662079,-0.306369,0.082563,-0.992521,0.022542,-0.087045,1.740534,169.828700,350.334700
362.147,5,0.011956,1.662945,-0.320136,0.052910,-0.917156,0.032650,-0.393648,1.044828,133.477100,352.947400
362.258,5,-0.004253,1.662161,-0.328191,0.029648,-0.825242,0.034226,-0.562961,1.324122,111.340200,354.980600
362.369,5,-0.037214,1.660252,-0.340068,0.007419,-0.692509,0.045256,-0.719950,2.980556,87.661220,355.667700
362.480,5,-0.068821,1.657668,-0.350711,-0.009257,-0.575785,0.061519,-0.815231,4.929876,70.243610,354.837600
362.591,5,-0.099563,1.654264,-0.356399,-0.028076,-0.466663,0.076431,-0.880679,6.937525,55.456890,353.729700
362.702,5,-0.128346,1.648656,-0.359201,-0.052495,-0.374097,0.077805,-0.922628,8.921425,43.668820,353.939900
362.813,5,-0.159019,1.640907,-0.358104,-0.079801,-0.262945,0.076340,-0.958470,11.134940,30.086220,353.893700
362.924,5,-0.184991,1.636702,-0.361029,-0.093464,-0.176619,0.069387,-0.977372,11.958770,19.855310,353.978900
363.035,5,-0.202320,1.634518,-0.365064,-0.101691,-0.121887,0.060763,-0.985449,12.429330,13.493700,354.419400
363.146,5,-0.223401,1.637334,-0.365031,-0.093307,-0.048165,0.042193,-0.993576,10.922450,5.132430,355.627700
363.257,5,-0.237043,1.638980,-0.365069,-0.098369,0.006138,0.032204,-0.994610,11.261200,358.916500,356.184100
363.368,5,-0.244648,1.650183,-0.363999,-0.053619,0.066419,0.035662,-0.995712,5.856657,352.136900,355.494800
363.481,5,-0.239240,1.670374,-0.370995,0.032360,0.071034,0.041580,-0.996081,355.964500,352.000500,355.501600
363.592,5,-0.233765,1.681609,-0.375097,0.079036,0.059504,0.039100,-0.994326,350.686900,353.474200,356.028400
363.704,5,-0.231599,1.683374,-0.376063,0.087093,0.049829,0.034967,-0.994339,349.823300,354.578000,356.455100
363.815,5,-0.232215,1.683449,-0.375545,0.086685,0.041079,0.030481,-0.994922,349.921800,355.546200,356.883300
363.926,5,-0.234778,1.685183,-0.375872,0.093414,0.034206,0.026796,-0.994679,349.183400,356.320200,357.262200
364.038,5,-0.237299,1.688118,-0.375817,0.103575,0.025529,0.023893,-0.994007,348.045900,357.316500,357.527000
364.149,5,-0.237940,1.697963,-0.379711,0.140468,-0.007827,0.013070,-0.989968,343.864300,1.143356,358.325100
364.261,5,-0.233930,1.713696,-0.391767,0.207243,-0.092024,-0.020712,-0.973732,335.957800,10.768280,0.137547
364.373,5,-0.230508,1.726548,-0.408246,0.262325,-0.203014,-0.074128,-0.940466,328.431800,23.736550,2.214279
364.484,5,-0.225876,1.735380,-0.428354,0.295809,-0.341119,-0.128149,-0.883013,322.422400,41.641610,1.771666
364.596,5,-0.223227,1.741714,-0.444129,0.304414,-0.455558,-0.170820,-0.818914,319.139900,58.105660,0.183209
364.707,5,-0.217201,1.747790,-0.451514,0.295764,-0.556558,-0.201194,-0.749859,318.124500,73.976290,357.884600
364.819,5,-0.203401,1.751576,-0.449313,0.280050,-0.606275,-0.208201,-0.714602,319.254300,81.803960,356.821000
364.929,5,-0.174721,1.774621,-0.445309,0.257237,-0.646649,-0.209954,-0.686727,321.329900,87.698940,356.745600
365.040,5,-0.155765,1.824443,-0.444506,0.254038,-0.677128,-0.208719,-0.658331,321.892400,93.356830,354.953200
365.151,5,-0.145886,1.845357,-0.447606,0.250527,-0.699424,-0.210206,-0.635497,322.232100,97.553660,353.952700
365.263,5,-0.144046,1.840527,-0.450453,0.246488,-0.715300,-0.203915,-0.621296,323.272900,100.409900,352.887300
365.373,5,-0.149117,1.827752,-0.451580,0.237284,-0.726482,-0.208535,-0.610273,323.657600,102.050100,353.567700
365.485,5,-0.157969,1.824763,-0.450133,0.233855,-0.737636,-0.209119,-0.597892,323.974300,104.141300,353.258600
365.595,5,-0.163343,1.824473,-0.442305,0.228734,-0.746209,-0.216934,-0.586338,323.701800,105.715200,353.804900
365.707,5,-0.162630,1.832990,-0.423167,0.227324,-0.753801,-0.220092,-0.575907,323.583900,107.335500,353.635300
365.818,5,-0.161929,1.835247,-0.407114,0.223949,-0.757861,-0.225273,-0.569865,323.366600,108.077700,354.085200
365.929,5,-0.179645,1.831830,-0.397556,0.212649,-0.756834,-0.232957,-0.572463,323.409900,107.095800,356.060700
366.040,5,-0.215255,1.815768,-0.404007,0.217612,-0.741193,-0.242060,-0.587098,322.095600,104.191600,357.213500
366.153,5,-0.262686,1.779217,-0.418943,0.231023,-0.717117,-0.261643,-0.603253,319.157000,100.299500,358.813300
366.262,5,-0.308986,1.756587,-0.432178,0.249445,-0.700479,-0.277882,-0.608184,316.154400,98.434660,359.089900
366.373,5,-0.349742,1.752370,-0.438223,0.265473,-0.684398,-0.304434,-0.606996,312.354600,96.627140,0.527532
366.485,5,-0.384669,1.748908,-0.439097,0.277050,-0.670766,-0.318663,-0.609730,310.062100,94.756220,1.506953
366.596,5,-0.407728,1.746477,-0.438058,0.288683,-0.658705,-0.338424,-0.606828,307.230900,93.265030,2.881667
366.707,5,-0.424042,1.740837,-0.437621,0.292720,-0.655311,-0.344150,-0.605346,306.346900,92.924190,3.193257
366.818,5,-0.429821,1.738338,-0.438233,0.291662,-0.654609,-0.343751,-0.606841,306.483400,92.618000,3.408936
366.929,5,-0.432129,1.736988,-0.439496,0.288907,-0.654093,-0.342026,-0.609683,306.896900,92.158270,3.735096
367.041,5,-0.434618,1.735766,-0.441312,0.287923,-0.654350,-0.338706,-0.611723,307.295300,92.094620,3.556118
367.152,5,-0.443541,1.731139,-0.441273,0.287121,-0.653613,-0.337089,-0.613777,307.523100,91.815580,3.620574
367.263,5,-0.462181,1.717862,-0.438087,0.277784,-0.656846,-0.329313,-0.618823,309.066500,91.565840,3.880452
367.373,5,-0.485593,1.698659,-0.433826,0.272466,-0.655546,-0.330504,-0.621924,309.445700,90.717400,4.863793
367.485,5,-0.502690,1.684118,-0.429355,0.270648,-0.657075,-0.332370,-0.620107,309.426000,90.901740,5.107485
367.596,5,-0.508521,1.682373,-0.425444,0.268764,-0.659740,-0.330926,-0.618868,309.708200,91.343740,4.935902
367.707,5,-0.500384,1.697439,-0.422508,0.268068,-0.661960,-0.329779,-0.617409,309.859600,91.797520,4.682163
367.819,5,-0.478650,1.712853,-0.423975,0.263226,-0.671191,-0.318246,-0.615577,311.298800,93.437250,3.340738
367.929,5,-0.431426,1.726803,-0.430492,0.246431,-0.693496,-0.288034,-0.612676,315.455300,96.714440,0.895942
368.041,5,-0.377093,1.732869,-0.437461,0.216771,-0.725412,-0.256174,-0.600968,320.786700,100.893400,359.512500
368.151,5,-0.320606,1.734910,-0.441748,0.185397,-0.755613,-0.231600,-0.583985,325.490800,104.810700,359.327200
368.263,5,-0.267095,1.739339,-0.444679,0.157563,-0.787347,-0.207421,-0.558780,329.820400,109.564800,358.919000
368.373,5,-0.218417,1.764271,-0.446843,0.136697,-0.818951,-0.181878,-0.526834,333.772800,114.973400,357.939300
368.485,5,-0.177270,1.795452,-0.447582,0.122326,-0.843589,-0.165963,-0.495833,336.339600,119.656900,357.384000
368.595,5,-0.150058,1.804260,-0.444474,0.114841,-0.856982,-0.165300,-0.474415,336.903400,122.572400,357.508200
368.707,5,-0.121622,1.808646,-0.439591,0.112252,-0.871438,-0.166609,-0.447479,336.993300,126.229400,357.102200
368.819,5,-0.101547,1.811125,-0.437047,0.104265,-0.881602,-0.166665,-0.429104,337.459000,128.597400,357.467700
368.929,5,-0.080432,1.808786,-0.435085,0.092691,-0.890475,-0.166213,-0.413323,338.121500,130.532700,358.290700
369.041,5,-0.068365,1.801991,-0.436308,0.080934,-0.893019,-0.165786,-0.410466,338.743700,130.726800,359.480300
369.151,5,-0.066435,1.795617,-0.445641,0.070054,-0.888778,-0.164003,-0.422219,339.471100,129.024700,0.854473
369.263,5,-0.077397,1.781041,-0.464784,0.072893,-0.880105,-0.162548,-0.440090,339.495700,126.702600,0.903181
369.373,5,-0.096760,1.749522,-0.489136,0.071381,-0.875907,-0.138471,-0.456637,342.075300,124.917700,0.085285
369.485,5,-0.113529,1.725438,-0.509724,0.084471,-0.872516,-0.124677,-0.464798,342.777200,124.196900,358.109800
369.595,5,-0.120848,1.721527,-0.520353,0.094326,-0.867519,-0.134432,-0.469512,341.227100,123.529000,357.734600
369.707,5,-0.124392,1.727576,-0.523727,0.095941,-0.865291,-0.140241,-0.471592,340.537500,123.170300,357.948000
369.818,5,-0.124964,1.729823,-0.516185,0.100463,-0.867002,-0.144104,-0.466314,339.905400,123.883600,357.570700
369.929,5,-0.122308,1.728883,-0.490151,0.101178,-0.877169,-0.142155,-0.447358,340.128400,126.494000,356.933400
370.040,5,-0.113502,1.729814,-0.452583,0.105660,-0.883992,-0.149991,-0.429998,339.142300,128.773900,356.453000
370.151,5,-0.097409,1.732282,-0.405059,0.101041,-0.895617,-0.141600,-0.409402,340.344000,131.554500,356.039400
370.263,5,-0.078437,1.728410,-0.352042,0.095052,-0.909923,-0.131308,-0.381789,341.847900,135.177200,355.611100
370.373,5,-0.057975,1.720469,-0.301944,0.079620,-0.924678,-0.124908,-0.350755,343.330400,138.976800,356.431800
370.484,5,-0.041115,1.717608,-0.264510,0.057897,-0.935697,-0.107809,-0.330901,346.109400,141.314700,357.815600
370.595,5,-0.035163,1.719020,-0.240736,0.041258,-0.939514,-0.100333,-0.324875,347.564800,141.929100,359.276400
370.706,5,-0.040066,1.719898,-0.219650,0.029075,-0.942383,-0.105913,-0.315992,347.408600,142.847600,0.712441
370.817,5,-0.052834,1.720583,-0.211888,0.021978,-0.941885,-0.107475,-0.317521,347.501400,142.568200,1.575961
370.928,5,-0.082815,1.722346,-0.213220,0.028728,-0.940158,-0.113901,-0.319852,346.552900,142.291400,1.110285
371.039,5,-0.116744,1.721518,-0.220392,0.031648,-0.939687,-0.112823,-0.321339,346.563000,142.151900,0.767581
371.150,5,-0.166702,1.719013,-0.234905,0.035901,-0.935152,-0.094777,-0.339439,348.367500,140.117200,359.836000
371.261,5,-0.210456,1.708939,-0.249130,0.039255,-0.930500,-0.075354,-0.356301,350.316400,138.190200,358.874800
371.372,5,-0.245704,1.696102,-0.261875,0.051040,-0.926619,-0.043424,-0.369981,353.209300,136.682300,356.393800
371.483,5,-0.270924,1.698961,-0.270590,0.046567,-0.924614,-0.047369,-0.375069,352.962000,136.019900,357.078700
371.593,5,-0.290999,1.701782,-0.275801,0.032724,-0.922522,-0.061979,-0.379527,351.998900,135.329300,359.228600
371.705,5,-0.307254,1.702018,-0.280149,0.038102,-0.919953,-0.061312,-0.385326,351.826500,134.641400,358.677000
371.816,5,-0.318334,1.702283,-0.281977,0.042353,-0.917761,-0.061944,-0.389979,351.562300,134.082100,358.295300
371.927,5,-0.328773,1.702867,-0.281081,0.049130,-0.907605,-0.061089,-0.412442,351.291000,131.294400,357.750900
372.038,5,-0.335892,1.704483,-0.281596,0.051044,-0.906180,-0.073935,-0.413238,349.852400,131.134400,358.171800
372.149,5,-0.345481,1.705237,-0.282183,0.049253,-0.913264,-0.080654,-0.396255,349.260100,133.231800,358.481100
372.261,5,-0.350922,1.703014,-0.281409,0.044259,-0.917859,-0.076071,-0.387026,349.985100,134.387500,358.698800
372.371,5,-0.352427,1.704707,-0.279851,0.049595,-0.914826,-0.086154,-0.391422,348.670100,133.806300,358.638600
372.483,5,-0.352248,1.706168,-0.278073,0.052558,-0.910822,-0.088624,-0.399735,348.260700,132.759100,358.543300
372.594,5,-0.351649,1.704561,-0.276179,0.046582,-0.911241,-0.080935,-0.401149,349.346100,132.588200,358.836200
372.705,5,-0.351792,1.703492,-0.272526,0.044343,-0.911886,-0.077993,-0.400519,349.760600,132.671800,358.928900
372.816,5,-0.351154,1.702936,-0.270528,0.040740,-0.910519,-0.076317,-0.404316,350.100600,132.175600,359.274400
372.927,5,-0.348101,1.702821,-0.269849,0.042568,-0.908792,-0.069560,-0.409202,350.719400,131.615100,358.813100
373.038,5,-0.344965,1.703155,-0.269133,0.041115,-0.911203,-0.073872,-0.403190,350.341300,132.338500,359.107200
373.149,5,-0.336011,1.706502,-0.268963,0.047003,-0.909857,-0.090144,-0.402274,348.354700,132.374400,359.239100
373.261,5,-0.327199,1.706486,-0.267580,0.046083,-0.915217,-0.087942,-0.390538,348.640400,133.873600,359.084700
373.372,5,-0.312440,1.705964,-0.266809,0.039605,-0.921858,-0.084408,-0.376145,349.314400,135.658100,359.444800
373.484,5,-0.290968,1.705756,-0.264176,0.037784,-0.922505,-0.077053,-0.376324,350.177200,135.673800,359.318500
373.594,5,-0.267069,1.707858,-0.259124,0.037767,-0.919687,-0.084135,-0.381668,349.421400,134.951600,359.694300
373.705,5,-0.236152,1.711158,-0.253407,0.031055,-0.928294,-0.086204,-0.360382,349.488700,137.541600,0.260917
373.817,5,-0.214934,1.713510,-0.248365,0.022305,-0.947599,-0.088346,-0.306194,349.566700,144.123100,0.689227
373.928,5,-0.174424,1.716080,-0.236188,0.036671,-0.938247,-0.088502,-0.332439,349.020700,141.035500,359.418100
374.039,5,-0.144670,1.715654,-0.225916,0.038276,-0.932658,-0.088250,-0.347700,348.975300,139.165000,359.414600
374.150,5,-0.115294,1.712970,-0.215165,0.027153,-0.941457,-0.083954,-0.325382,349.877800,141.850000,0.204173
374.261,5,-0.092887,1.711784,-0.208836,0.019356,-0.946968,-0.079923,-0.310629,350.596100,143.616400,0.754638
374.372,5,-0.075404,1.709383,-0.202911,0.021873,-0.948531,-0.068182,-0.308483,351.787700,143.966300,0.033112
374.484,5,-0.064110,1.708356,-0.198633,0.013443,-0.953619,-0.074897,-0.291241,351.333800,145.955000,1.042604
374.594,5,-0.057536,1.707767,-0.194328,0.010175,-0.952451,-0.074956,-0.295153,351.443200,145.457100,1.440842
374.705,5,-0.056279,1.709323,-0.192250,0.017648,-0.952465,-0.085204,-0.291958,350.060200,145.834800,0.938502
374.816,5,-0.056847,1.709513,-0.194797,0.016285,-0.954618,-0.090017,-0.283436,349.566400,146.820600,1.161529
374.928,5,-0.063954,1.702647,-0.197996,-0.008134,-0.957676,-0.062768,-0.280804,353.358600,147.146100,2.933307
375.038,5,-0.077644,1.700325,-0.197126,-0.043329,-0.956090,-0.057453,-0.284100,355.110100,146.617000,6.656662
375.149,5,-0.102643,1.706428,-0.191192,-0.042893,-0.930871,-0.087959,-0.351998,352.324600,138.020200,8.224931
375.261,5,-0.136274,1.713487,-0.195720,-0.013114,-0.910323,-0.110940,-0.398538,348.957900,132.076700,6.570230
375.372,5,-0.173683,1.719828,-0.211079,0.012820,-0.900756,-0.137279,-0.411861,345.056300,130.155200,5.343906
375.484,5,-0.212555,1.721390,-0.232355,0.022383,-0.907048,-0.157054,-0.389996,342.400000,132.704900,4.928828
375.595,5,-0.247546,1.710905,-0.248796,0.006868,-0.921995,-0.126460,-0.365904,346.218700,136.137200,4.717810
375.706,5,-0.286744,1.695541,-0.264219,-0.006500,-0.931928,-0.067529,-0.356241,353.036700,137.948400,3.478625
375.816,5,-0.309739,1.694707,-0.269628,-0.003680,-0.930379,-0.061460,-0.361391,353.586600,137.378600,2.957334
375.927,5,-0.333786,1.699644,-0.269886,0.000873,-0.921208,-0.084038,-0.379886,351.054400,134.897000,3.612474
376.038,5,-0.348090,1.701230,-0.270983,0.006340,-0.915094,-0.092009,-0.392553,350.016100,133.255300,3.529668
376.149,5,-0.360577,1.701498,-0.274782,0.009128,-0.912050,-0.096880,-0.398367,349.397600,132.482600,3.531024
376.261,5,-0.367466,1.696661,-0.278723,0.012922,-0.911442,-0.080090,-0.403351,351.000900,132.069700,2.382191
376.371,5,-0.367470,1.698954,-0.284717,0.014869,-0.908597,-0.087867,-0.408056,350.107100,131.404700,2.600080
376.484,5,-0.357831,1.695048,-0.289546,-0.007658,-0.906222,-0.073000,-0.416381,352.765500,130.372300,4.316803
376.593,5,-0.347323,1.680500,-0.288032,-0.054895,-0.900122,-0.031537,-0.431014,359.458300,128.791900,7.239406
376.704,5,-0.338421,1.686440,-0.285270,-0.042795,-0.893048,-0.054438,-0.444601,356.607400,126.854400,7.184340
376.815,5,-0.332791,1.693515,-0.282968,-0.027228,-0.889452,-0.073464,-0.450264,353.905600,125.947800,6.617695
376.927,5,-0.323967,1.697529,-0.282979,-0.013796,-0.891069,-0.085015,-0.445621,351.997700,126.453800,5.816432
377.040,5,-0.308503,1.695565,-0.286251,-0.016949,-0.894594,-0.065244,-0.441767,354.159600,127.179100,5.073235
377.151,5,-0.277766,1.691082,-0.291691,-0.029709,-0.899864,-0.042489,-0.433079,357.091800,128.467800,5.185846
377.262,5,-0.241357,1.689294,-0.295131,-0.029441,-0.910885,-0.040824,-0.409579,357.119400,131.452100,5.001747
377.373,5,-0.195258,1.692331,-0.291337,-0.030957,-0.922470,-0.049454,-0.381634,356.123200,134.864600,5.455871
377.485,5,-0.146119,1.703235,-0.276867,-0.025471,-0.926755,-0.083423,-0.365400,352.182900,136.534700,6.268683
377.596,5,-0.104077,1.709809,-0.263167,-0.020671,-0.932762,-0.094433,-0.347290,350.688000,138.663100,6.058516
377.707,5,-0.054594,1.717615,-0.245145,-0.011792,-0.938464,-0.114941,-0.325476,347.991400,141.146200,5.688640
377.819,5,-0.018276,1.722639,-0.237145,-0.004948,-0.943920,-0.139426,-0.299252,344.915000,144.088800,5.514616
377.930,5,0.027451,1.716882,-0.237622,-0.039729,-0.953019,-0.135880,-0.267795,346.248400,147.547200,8.794057
378.041,5,0.055038,1.701482,-0.243289,-0.082345,-0.961335,-0.078555,-0.250768,353.699900,150.126400,11.473950
378.151,5,0.062790,1.695193,-0.236945,-0.108874,-0.963434,-0.065093,-0.236018,355.754300,151.950100,13.955820
378.262,5,0.056577,1.706190,-0.218649,-0.103168,-0.956234,-0.115659,-0.248185,350.213100,149.610700,14.979710
378.373,5,0.038342,1.712487,-0.197563,-0.081113,-0.946297,-0.140021,-0.279887,347.314600,145.510900,13.750550
378.485,5,0.010529,1.702244,-0.179573,-0.071278,-0.945412,-0.085682,-0.306227,353.202900,143.457300,10.869650
378.595,5,-0.020114,1.696227,-0.168078,-0.060846,-0.937403,-0.070787,-0.335504,354.728000,140.183800,9.338019
378.706,5,-0.076725,1.695919,-0.150442,-0.047975,-0.939998,-0.070705,-0.330307,354.189800,140.875900,7.909456
378.817,5,-0.123066,1.692753,-0.133701,-0.038307,-0.946610,-0.066958,-0.313015,354.100400,143.064300,6.606596
378.928,5,-0.172640,1.690011,-0.109056,-0.035018,-0.953066,-0.066525,-0.293282,353.900000,145.465500,6.106204
379.039,5,-0.199617,1.691913,-0.088398,-0.022920,-0.953763,-0.076270,-0.289817,352.403200,145.857400,5.089232
379.150,5,-0.220668,1.694914,-0.061335,-0.014495,-0.946768,-0.093999,-0.307547,350.266000,143.585600,4.962855
379.261,5,-0.230887,1.695837,-0.044156,-0.006284,-0.939818,-0.096664,-0.327658,349.771500,141.166600,4.379940
379.373,5,-0.238712,1.695967,-0.035711,-0.000002,-0.940398,-0.098773,-0.325417,349.293900,141.472800,3.751408
379.484,5,-0.243718,1.695332,-0.033817,-0.001491,-0.946147,-0.096115,-0.309137,349.574500,143.481000,3.628786
379.595,5,-0.241215,1.695164,-0.037899,0.001363,-0.944406,-0.091426,-0.315812,350.005900,142.738900,3.211586
379.706,5,-0.229757,1.697034,-0.051137,0.004785,-0.942735,-0.088337,-0.321597,350.233500,142.090200,2.779817
379.817,5,-0.213186,1.696261,-0.065396,0.001279,-0.940591,-0.082798,-0.329289,350.990400,141.172600,3.025104
379.928,5,-0.181533,1.697670,-0.088789,0.000132,-0.934975,-0.087601,-0.343727,350.566700,139.342200,3.485595
380.040,5,-0.151515,1.700324,-0.103260,-0.003925,-0.930556,-0.086362,-0.355799,350.912900,137.833800,3.992888
380.151,5,-0.110731,1.705555,-0.120031,-0.005586,-0.920641,-0.096488,-0.378258,350.012300,134.903900,4.850861
380.262,5,-0.080013,1.704028,-0.129076,-0.011713,-0.919908,-0.093481,-0.380648,350.614800,134.598500,5.392257
380.373,5,-0.051950,1.699910,-0.138616,-0.026893,-0.917021,-0.094877,-0.386454,351.186300,133.746400,7.129948
380.484,5,-0.035795,1.695489,-0.142387,-0.031131,-0.911135,-0.081442,-0.402779,352.915600,131.864200,7.081256
380.595,5,-0.027313,1.694962,-0.145380,-0.031857,-0.897743,-0.085580,-0.430952,352.749900,128.233000,7.586061
380.706,5,-0.029772,1.694860,-0.149350,-0.023865,-0.876712,-0.081254,-0.473503,353.115300,122.840100,6.872281
380.817,5,-0.042865,1.696337,-0.156187,-0.014981,-0.855429,-0.077399,-0.511885,353.276300,117.851300,6.061412
380.928,5,-0.080189,1.699887,-0.173881,0.004132,-0.838497,-0.073249,-0.539944,352.686400,114.174800,4.172782
381.040,5,-0.120157,1.703261,-0.196322,0.012695,-0.835390,-0.077988,-0.543949,351.714100,113.594000,3.686854
381.150,5,-0.175024,1.705443,-0.233895,0.025871,-0.836700,-0.077923,-0.541472,350.885200,113.991800,2.385334
381.262,5,-0.219197,1.700741,-0.268416,0.035546,-0.849677,-0.069599,-0.521479,351.063100,116.866700,0.706682
381.373,5,-0.255123,1.694101,-0.297327,0.032385,-0.865850,-0.056858,-0.496006,352.496500,120.385900,0.018674
381.484,5,-0.278401,1.694657,-0.321403,0.036188,-0.872954,-0.053875,-0.483466,352.585200,122.083700,359.359400
381.595,5,-0.294641,1.691959,-0.335239,0.031639,-0.872015,-0.041175,-0.486717,354.110500,121.708400,359.130300
381.706,5,-0.308761,1.691705,-0.346326,0.033585,-0.860971,-0.039048,-0.506039,354.190100,119.163400,358.945300
381.817,5,-0.315028,1.692239,-0.351767,0.037557,-0.847262,-0.037330,-0.528530,354.090500,116.159300,358.607000
381.928,5,-0.322733,1.689489,-0.360211,0.035702,-0.847399,-0.022160,-0.529292,355.678600,116.101900,357.870700
382.039,5,-0.326394,1.682812,-0.364755,0.016335,-0.850108,0.017048,-0.526079,0.675991,116.483000,357.379900
382.149,5,-0.326586,1.683422,-0.365222,0.018269,-0.841403,0.009973,-0.540008,359.831000,114.619300,357.620700
382.260,5,-0.323823,1.688990,-0.364666,0.035695,-0.834350,-0.015626,-0.549857,356.254200,113.307900,357.565900
382.371,5,-0.320168,1.692857,-0.360793,0.039130,-0.828368,-0.034726,-0.557736,354.192800,112.171900,358.497100
382.483,5,-0.312447,1.696266,-0.356213,0.042891,-0.825778,-0.046908,-0.560403,352.787900,111.741900,358.945200
382.594,5,-0.303581,1.698872,-0.351992,0.042984,-0.832326,-0.053998,-0.549973,352.116100,113.137700,359.296700
382.706,5,-0.283668,1.702744,-0.341996,0.046406,-0.842717,-0.068249,-0.531993,350.537300,115.499900,359.674800
382.817,5,-0.263079,1.707276,-0.325663,0.048459,-0.850239,-0.081929,-0.517719,349.076700,117.311200,0.141690
382.928,5,-0.230199,1.714930,-0.295572,0.054677,-0.863399,-0.107541,-0.489886,346.156400,120.781100,0.646159
383.040,5,-0.194868,1.719609,-0.266194,0.056009,-0.875960,-0.121297,-0.463512,344.667300,124.114600,0.850870
383.151,5,-0.157800,1.715772,-0.238219,0.045986,-0.890293,-0.120023,-0.436873,345.292100,127.549300,1.361849
383.262,5,-0.122477,1.707341,-0.216302,0.031446,-0.900791,-0.109214,-0.419117,347.107800,129.865300,2.051386
383.373,5,-0.093876,1.700790,-0.202355,0.023351,-0.911141,-0.097175,-0.399792,348.711400,132.415100,2.053954
383.484,5,-0.071896,1.694551,-0.193979,0.009126,-0.923335,-0.087072,-0.373881,350.350700,135.674700,2.805660
383.595,5,-0.058673,1.688293,-0.189366,-0.004849,-0.927568,-0.081812,-0.364555,351.475200,136.791400,3.980229
383.706,5,-0.060795,1.683418,-0.180333,-0.015169,-0.932200,-0.066716,-0.355418,353.477000,138.010400,4.370126
383.817,5,-0.074102,1.683573,-0.170033,-0.013482,-0.932643,-0.064088,-0.354808,353.686100,138.118200,4.074718
383.928,5,-0.105315,1.687800,-0.149696,-0.005633,-0.927708,-0.063355,-0.367848,353.488300,136.554700,3.292480
384.039,5,-0.136017,1.688424,-0.136001,-0.000275,-0.921684,-0.072593,-0.381089,352.322000,134.856000,3.229831
384.150,5,-0.178700,1.680969,-0.126853,0.012942,-0.919129,-0.053705,-0.390065,353.752700,133.951800,1.043638
384.261,5,-0.210629,1.667978,-0.124319,0.020667,-0.924046,-0.044005,-0.379179,354.433600,135.392300,359.722300
384.373,5,-0.230432,1.658194,-0.128106,0.022499,-0.929205,-0.035812,-0.367136,355.234800,136.918400,359.107900
384.483,5,-0.241818,1.649325,-0.129915,0.022841,-0.931525,-0.022398,-0.362268,356.659100,137.542200,358.488900
384.594,5,-0.243607,1.646117,-0.127928,0.023147,-0.928432,-0.011692,-0.370597,357.772500,136.518000,358.032000
384.705,5,-0.233009,1.641778,-0.135747,0.023333,-0.924463,-0.012526,-0.380352,357.655400,135.311900,358.072100
384.816,5,-0.212523,1.632085,-0.153331,0.026932,-0.923327,-0.010226,-0.382932,357.735600,134.997000,357.596600
384.927,5,-0.176663,1.612951,-0.178872,0.026502,-0.925829,0.000719,-0.377013,358.931200,135.712600,357.155700
385.038,5,-0.140353,1.595883,-0.202683,0.021534,-0.928192,0.000776,-0.371476,359.165800,136.392900,357.675700
385.149,5,-0.095332,1.574924,-0.221008,0.009330,-0.930851,0.017781,-0.364846,1.506787,137.171900,358.260500
385.260,5,-0.063046,1.544972,-0.230835,0.006160,-0.931362,0.020438,-0.363470,1.925084,137.337600,358.490300
385.371,5,-0.043404,1.510738,-0.239351,0.006706,-0.934668,0.020714,-0.354855,1.946271,138.394000,358.438400
385.483,5,-0.039658,1.471096,-0.239847,0.003603,-0.934572,0.017092,-0.355346,1.683950,138.348200,358.917700
385.593,5,-0.046124,1.411607,-0.241952,0.014277,-0.928579,0.019456,-0.370351,1.464540,136.482200,357.653700
385.705,5,-0.058633,1.358952,-0.243109,0.009248,-0.935137,0.025262,-0.353264,2.333367,138.569100,357.984300
385.816,5,-0.070214,1.312640,-0.239442,0.013710,-0.937353,0.006441,-0.348052,0.145085,139.256500,358.270300
385.928,5,-0.088810,1.240391,-0.228393,0.024073,-0.935972,-0.012697,-0.351021,357.669300,138.926700,357.926600
386.039,5,-0.103713,1.168404,-0.219414,0.032264,-0.935064,-0.016727,-0.352612,356.902500,138.752500,357.213600
386.150,5,-0.120706,1.087094,-0.210019,0.038538,-0.936683,-0.032418,-0.346539,354.983600,139.520100,357.138700
386.261,5,-0.130558,1.050199,-0.208815,0.044030,-0.939879,-0.044228,-0.335758,353.528700,140.856000,356.938500
386.372,5,-0.134715,1.042024,-0.207675,0.048007,-0.934144,-0.043857,-0.350924,353.360000,139.018500,356.599900
386.484,5,-0.144558,1.041685,-0.213030,0.043695,-0.939051,-0.048441,-0.337530,353.080600,140.631700,357.149800
386.595,5,-0.144508,1.034638,-0.218678,0.053676,-0.932558,-0.066692,-0.350723,350.674800,139.031500,356.901900
386.706,5,-0.135407,1.012425,-0.234159,0.061403,-0.928785,-0.063406,-0.359955,350.677800,137.956100,356.024500
386.817,5,-0.129190,0.993479,-0.247714,0.046403,-0.940461,-0.052620,-0.332584,352.539600,141.245900,356.977700
386.928,5,-0.128045,0.985867,-0.249601,0.052014,-0.937086,-0.041303,-0.342721,353.508100,140.048500,356.007900
387.039,5,-0.132991,0.986955,-0.247202,0.051157,-0.940156,-0.036678,-0.334881,354.074900,141.002300,355.870500
387.150,5,-0.139822,0.990912,-0.245284,0.044863,-0.947174,-0.039358,-0.315120,354.097700,143.374800,356.531300
387.262,5,-0.143237,0.991556,-0.243064,0.046613,-0.948552,-0.044047,-0.310060,353.542400,143.996200,356.473700
387.373,5,-0.143387,0.988746,-0.241126,0.045665,-0.949685,-0.045069,-0.306565,353.477100,144.413500,356.589700
387.484,5,-0.144019,0.987551,-0.241331,0.043616,-0.949316,-0.044311,-0.308113,353.626600,144.215300,356.798300
387.595,5,-0.147458,0.986709,-0.243536,0.043237,-0.950906,-0.042264,-0.303515,353.879300,144.769800,356.738200
387.706,5,-0.151666,0.984605,-0.245551,0.043068,-0.953148,-0.040857,-0.296623,354.062900,145.600400,356.664900
387.817,5,-0.153546,0.983376,-0.245899,0.044054,-0.952435,-0.039574,-0.298933,354.161700,145.327000,356.527400
387.928,5,-0.156190,0.983725,-0.246143,0.045608,-0.951822,-0.039778,-0.300621,354.079700,145.131400,356.374100
388.039,5,-0.158362,0.983957,-0.245982,0.045804,-0.951895,-0.041873,-0.300076,353.845600,145.198500,356.420700
388.150,5,-0.160966,0.983638,-0.245769,0.046430,-0.952167,-0.045292,-0.298614,353.455100,145.378100,356.458500
388.262,5,-0.161728,0.983918,-0.245928,0.045448,-0.952276,-0.045820,-0.298337,353.431900,145.405800,356.582600
388.372,5,-0.161379,0.984277,-0.246286,0.043791,-0.951973,-0.045474,-0.299603,353.522100,145.243900,356.761700
388.484,5,-0.160929,0.984716,-0.246463,0.043540,-0.951352,-0.047599,-0.301277,353.292500,145.039000,356.873800
388.595,5,-0.160858,0.984869,-0.246887,0.043966,-0.950936,-0.048288,-0.302417,353.198500,144.903200,356.858800
388.706,5,-0.159973,0.985129,-0.248024,0.044795,-0.950645,-0.048282,-0.303211,353.167800,144.812200,356.773200
388.817,5,-0.158883,0.983599,-0.248581,0.045515,-0.949730,-0.046059,-0.306302,353.375100,144.444100,356.638900
388.928,5,-0.157263,0.981976,-0.249070,0.045253,-0.949200,-0.044383,-0.308223,353.560600,144.210900,356.622200
389.040,5,-0.155638,0.981895,-0.249498,0.045262,-0.948779,-0.043855,-0.309592,353.613000,144.045500,356.611900
389.150,5,-0.154752,0.982466,-0.249305,0.044474,-0.949179,-0.045557,-0.308230,353.459700,144.205200,356.748800
389.262,5,-0.153552,0.981842,-0.247982,0.043502,-0.949304,-0.048779,-0.307492,353.144600,144.286300,356.963400
389.372,5,-0.152006,0.982281,-0.246239,0.042236,-0.949113,-0.053411,-0.307488,352.682900,144.273000,357.265000
389.484,5,-0.150477,0.983990,-0.245401,0.041775,-0.948260,-0.054696,-0.309945,352.551900,143.969900,357.380200
389.595,5,-0.149930,0.984430,-0.246209,0.041574,-0.948000,-0.055549,-0.310615,352.464100,143.885800,357.437900
389.706,5,-0.150821,0.982160,-0.247917,0.042202,-0.949132,-0.054644,-0.307215,352.550000,144.303800,357.310000
389.817,5,-0.150662,0.981915,-0.248560,0.042129,-0.949108,-0.055624,-0.307123,352.445800,144.312600,357.351800
389.928,5,-0.150185,0.988201,-0.248962,0.051918,-0.945084,-0.082526,-0.311946,349.141800,143.725500,357.277700
390.040,5,-0.148441,1.015093,-0.249521,0.059054,-0.941710,-0.105580,-0.313923,346.353600,143.445200,357.349600
390.151,5,-0.134697,1.122984,-0.260554,0.063023,-0.938978,-0.131283,-0.311632,343.391900,143.598600,357.815400
390.263,5,-0.123637,1.237323,-0.266999,0.054644,-0.940813,-0.141086,-0.303281,342.625500,144.423700,358.964800
390.374,5,-0.121450,1.341223,-0.261398,0.056533,-0.938935,-0.155758,-0.301571,340.938100,144.511900,359.259400
390.486,5,-0.124815,1.473883,-0.244551,0.062794,-0.932410,-0.178187,-0.308089,338.224000,143.517300,359.549300
390.597,5,-0.131006,1.574840,-0.224766,0.071267,-0.926848,-0.201162,-0.308882,335.359700,143.245500,359.506100
390.708,5,-0.137954,1.683568,-0.196717,0.083433,-0.920675,-0.219673,-0.311674,332.838300,142.855000,358.924700
390.819,5,-0.143304,1.738404,-0.170217,0.091892,-0.918737,-0.222846,-0.312760,332.163300,142.873500,358.091200
390.931,5,-0.150438,1.771653,-0.125858,0.103135,-0.917499,-0.229038,-0.308382,331.059900,143.655200,356.856400
391.042,5,-0.149979,1.775792,-0.094499,0.099728,-0.923387,-0.215075,-0.301917,332.779600,144.635800,356.498900
391.153,5,-0.143254,1.775652,-0.078152,0.093285,-0.935297,-0.162127,-0.300386,338.941800,145.270700,355.261200
391.264,5,-0.134666,1.774427,-0.072007,0.084841,-0.946120,-0.109978,-0.292513,345.064000,146.389400,354.285900
391.373,5,-0.128692,1.772194,-0.069955,0.078065,-0.952054,-0.096320,-0.279683,346.875400,147.900700,354.415800
391.485,5,-0.123519,1.768629,-0.074719,0.073433,-0.957680,-0.073201,-0.268513,349.651200,149.211100,354.087200
391.596,5,-0.119386,1.770311,-0.082436,0.068447,-0.961951,-0.064725,-0.256468,350.814400,150.603300,354.274300
391.706,5,-0.114605,1.769128,-0.096249,0.066692,-0.964273,-0.062641,-0.248607,351.143200,151.524700,354.338600
391.816,5,-0.112469,1.763316,-0.111667,0.064139,-0.964398,-0.054689,-0.250661,352.088700,151.246800,354.420900
391.927,5,-0.119828,1.760685,-0.138885,0.062586,-0.957729,-0.053600,-0.275618,352.116000,148.251000,354.767600
392.038,5,-0.134967,1.759692,-0.167080,0.073800,-0.944752,-0.062336,-0.313229,350.559800,143.797300,354.158800
392.149,5,-0.165475,1.753227,-0.213893,0.090495,-0.910046,-0.078702,-0.396779,347.581100,133.540200,353.989900
392.261,5,-0.203589,1.749582,-0.265299,0.118413,-0.842667,-0.121538,-0.510998,340.983000,118.300400,355.428500
392.373,5,-0.245437,1.748272,-0.318099,0.146870,-0.751035,-0.148591,-0.626336,335.972600,100.806600,357.836900
392.485,5,-0.284478,1.750955,-0.359359,0.182713,-0.658829,-0.160860,-0.711818,331.830900,85.763690,359.236500
392.596,5,-0.317612,1.752918,-0.384864,0.192909,-0.599812,-0.167138,-0.758338,330.456600,76.301540,1.453984
392.708,5,-0.356295,1.754661,-0.411715,0.196160,-0.566304,-0.170925,-0.782053,329.973200,71.016140,2.990772
392.819,5,-0.378689,1.754231,-0.428166,0.214382,-0.558195,-0.174942,-0.782211,327.948200,70.356990,2.322618
392.930,5,-0.402578,1.751146,-0.442745,0.234416,-0.545028,-0.183184,-0.783860,325.446200,68.937620,2.202681
393.041,5,-0.423271,1.752683,-0.452931,0.270747,-0.534287,-0.208261,-0.773215,320.116100,68.400900,2.445969
393.152,5,-0.441869,1.752178,-0.459996,0.291221,-0.536922,-0.218092,-0.761145,317.349900,69.813100,1.501590
393.264,5,-0.457788,1.751503,-0.463234,0.301200,-0.540172,-0.224214,-0.753141,315.899500,70.899640,0.983786
393.375,5,-0.469371,1.750791,-0.463886,0.305051,-0.540234,-0.224733,-0.751389,315.473400,71.163440,0.653070
393.486,5,-0.480730,1.749310,-0.464188,0.308442,-0.538823,-0.225625,-0.750751,315.067700,71.121250,0.516814
393.597,5,-0.487179,1.748927,-0.464625,0.308795,-0.536428,-0.226248,-0.752132,314.989200,70.689930,0.733015
393.708,5,-0.489747,1.747007,-0.467519,0.304832,-0.529075,-0.215224,-0.762126,316.181200,69.361910,0.436539
393.819,5,-0.484248,1.742732,-0.469292,0.290826,-0.525862,-0.185362,-0.777516,319.669700,68.630290,358.675300
393.931,5,-0.470992,1.736553,-0.472334,0.270206,-0.528089,-0.144492,-0.791980,324.507000,68.664710,356.019700
394.042,5,-0.453303,1.727351,-0.475394,0.241723,-0.545144,-0.095892,-0.796990,330.669200,70.655980,352.705200
394.152,5,-0.431974,1.716129,-0.477761,0.194629,-0.576309,-0.056174,-0.791728,338.103400,73.728490,351.610000
394.262,5,-0.408498,1.710190,-0.477549,0.159461,-0.603528,-0.028635,-0.780709,343.527900,76.697260,351.135900
394.371,5,-0.382843,1.704567,-0.474524,0.142209,-0.623275,-0.024606,-0.768570,345.565800,79.131200,351.721000
394.482,5,-0.351277,1.703860,-0.468966,0.132301,-0.645658,-0.025877,-0.751633,346.567500,82.245140,352.203600
394.593,5,-0.307294,1.702259,-0.462239,0.117840,-0.683836,-0.028863,-0.719478,347.933800,87.833760,352.973000
394.705,5,-0.250571,1.691373,-0.451534,0.082514,-0.735626,-0.014429,-0.672189,352.405700,95.552370,354.093600
394.816,5,-0.189676,1.676732,-0.439074,0.049449,-0.787691,0.009489,-0.614010,357.376400,104.244600,354.856700
394.928,5,-0.108158,1.660600,-0.420652,0.016964,-0.852305,0.061335,-0.519159,4.987463,117.074400,354.666400
395.039,5,-0.049043,1.668428,-0.409241,0.008771,-0.894980,0.066293,-0.441066,6.368651,127.291500,355.719500
395.150,5,0.013260,1.676639,-0.404263,-0.003466,-0.935001,0.037502,-0.352641,4.161769,138.629800,358.852800
395.262,5,0.049623,1.679814,-0.407734,-0.020125,-0.962414,0.015104,-0.270417,2.289996,148.646600,1.753084
395.373,5,0.064577,1.680376,-0.407878,-0.036262,-0.979550,0.004414,-0.197858,1.317771,157.206900,3.974498
395.485,5,0.060646,1.683761,-0.400952,-0.049532,-0.988380,-0.013130,-0.143108,359.325100,163.488400,5.835756
395.595,5,0.043740,1.690562,-0.387054,-0.052977,-0.992791,-0.031099,-0.102925,357.085600,167.998900,6.415361
395.707,5,0.010420,1.702795,-0.354951,-0.052535,-0.994611,-0.069509,-0.056196,352.393700,173.099500,6.506351
395.818,5,-0.017668,1.711613,-0.318452,-0.054038,-0.992347,-0.104198,-0.038350,348.307600,174.881000,6.758420
395.929,5,-0.050265,1.724939,-0.257296,-0.053120,-0.985852,-0.156651,-0.027092,342.182300,175.779800,6.830295
396.041,5,-0.071646,1.733008,-0.195510,-0.045833,-0.978512,-0.199573,-0.024166,337.147800,175.918700,6.188644
396.152,5,-0.085409,1.735412,-0.136381,-0.039450,-0.972115,-0.229597,-0.026869,333.623400,175.495900,5.703697
396.264,5,-0.093339,1.737618,-0.086572,-0.041009,-0.965561,-0.255576,-0.026275,330.567800,175.277600,6.104888
396.376,5,-0.097889,1.739972,-0.052867,-0.041866,-0.961030,-0.272238,-0.023540,328.581400,175.427000,6.275668
396.487,5,-0.101565,1.741841,-0.022659,-0.042031,-0.956536,-0.287847,-0.020422,326.704600,175.659100,6.330572
396.598,5,-0.103994,1.741238,-0.009337,-0.041319,-0.956296,-0.289002,-0.016408,326.537800,176.201800,6.090260
396.709,5,-0.105262,1.741964,0.001683,-0.041877,-0.955986,-0.290231,-0.010141,326.353800,176.991100,5.926435
396.819,5,-0.104485,1.742825,0.009026,-0.045683,-0.954409,-0.294892,-0.007412,325.790600,177.151900,6.357348
396.930,5,-0.101494,1.742617,0.016383,-0.051437,-0.953060,-0.298353,-0.004120,325.370100,177.315000,7.015714
397.041,5,-0.097650,1.742785,0.018675,-0.053542,-0.951604,-0.302626,-0.000059,324.833500,177.720200,7.163259
397.152,5,-0.090025,1.743024,0.014265,-0.057503,-0.951616,-0.301653,0.011209,324.872100,179.064100,7.212206
397.263,5,-0.077275,1.743644,0.002787,-0.067842,-0.949794,-0.304107,0.028439,324.441300,180.898700,7.883030
397.374,5,-0.061741,1.743665,-0.015327,-0.081833,-0.945691,-0.309498,0.056422,323.515000,183.998300,8.572858
397.485,5,-0.033438,1.745089,-0.052561,-0.104762,-0.934493,-0.324136,0.103360,321.136900,189.257600,9.520855
397.597,5,-0.004405,1.745501,-0.091123,-0.121685,-0.925038,-0.329937,0.143666,319.806400,194.054100,9.823388
397.708,5,0.039100,1.747543,-0.148950,-0.136015,-0.908541,-0.337516,0.205272,317.999700,202.232800,8.401867
397.819,5,0.073672,1.750183,-0.196704,-0.146757,-0.892949,-0.331491,0.266869,317.906800,210.740500,6.590278
397.930,5,0.114176,1.752021,-0.254740,-0.160398,-0.875950,-0.312260,0.330875,319.217400,219.289900,5.635983
398.042,5,0.146360,1.753521,-0.295549,-0.172223,-0.856159,-0.299566,0.384177,319.813300,226.554700,4.860356
398.153,5,0.176141,1.755126,-0.320913,-0.195338,-0.828848,-0.292782,0.434893,319.061600,233.409900,5.252364
398.264,5,0.203839,1.756213,-0.331808,-0.217939,-0.799651,-0.299245,0.472772,316.791500,239.139000,5.163855
398.375,5,0.223929,1.752707,-0.336700,-0.234524,-0.780698,-0.301665,0.494478,315.335700,242.448500,5.474243
398.486,5,0.244069,1.750352,-0.341941,-0.254575,-0.768365,-0.300034,0.504765,314.104500,243.514300,7.290629
398.597,5,0.255258,1.749196,-0.345545,-0.265599,-0.763603,-0.301842,0.505231,313.167800,243.312200,8.457958
398.708,5,0.265925,1.748816,-0.347946,-0.273671,-0.763649,-0.310167,0.495723,311.836900,241.710900,9.532636
398.820,5,0.272380,1.748731,-0.348650,-0.277210,-0.761586,-0.316056,0.493204,310.987800,241.425400,9.697008
398.931,5,0.276823,1.747671,-0.353685,-0.268994,-0.768094,-0.312162,0.490131,311.993200,240.971100,9.222378
399.042,5,0.273949,1.745793,-0.367474,-0.252744,-0.799204,-0.291225,0.461067,315.688500,235.507900,10.910820
399.153,5,0.264256,1.735717,-0.392333,-0.215939,-0.871815,-0.228711,0.375500,325.877900,222.188600,14.319900
399.264,5,0.254589,1.716313,-0.420530,-0.177425,-0.942965,-0.128921,0.250433,340.609600,206.885000,16.635240
399.375,5,0.248580,1.703611,-0.434140,-0.152615,-0.974591,-0.085962,0.139610,347.867700,194.566600,16.243520
399.485,5,0.232620,1.702441,-0.430778,-0.141867,-0.984424,-0.094749,0.042490,348.544800,183.320900,16.067920
399.595,5,0.206035,1.700970,-0.419321,-0.136100,-0.985289,-0.100807,-0.022816,348.904900,175.769000,16.140350
399.707,5,0.148426,1.693730,-0.400702,-0.105555,-0.983250,-0.094556,-0.114619,350.691700,165.603300,13.433000
399.818,5,0.091537,1.691077,-0.385795,-0.082873,-0.973767,-0.097798,-0.188003,350.833500,157.213500,11.579900
399.928,5,0.025409,1.692889,-0.370152,-0.053656,-0.960644,-0.094204,-0.255754,351.167400,149.502200,8.806094
400.039,5,-0.013086,1.694422,-0.353916,-0.029070,-0.950833,-0.086367,-0.295993,351.545100,144.960400,6.175797
400.150,5,-0.045070,1.699056,-0.323749,-0.005474,-0.935618,-0.090717,-0.341116,350.443600,139.586600,4.194833
400.261,5,-0.066552,1.707256,-0.289143,0.029155,-0.919415,-0.110963,-0.376184,346.939700,135.294400,1.757315
400.372,5,-0.094647,1.716848,-0.253796,0.115131,-0.903551,-0.133916,-0.390393,340.616300,134.341800,353.701300
400.484,5,-0.121556,1.708054,-0.218443,0.107532,-0.909828,-0.085587,-0.391568,346.116400,134.356700,352.385000
400.595,5,-0.143897,1.709031,-0.184622,0.112229,-0.905653,-0.110654,-0.393641,343.214900,134.045200,353.030900
400.706,5,-0.169857,1.700429,-0.144147,0.106747,-0.908011,-0.117824,-0.387606,342.739100,134.703500,353.837400
400.817,5,-0.186540,1.695228,-0.118248,0.095724,-0.913028,-0.092815,-0.385490,345.919400,134.975300,353.890000
400.928,5,-0.209878,1.702472,-0.089706,0.091415,-0.908778,-0.111566,-0.391560,344.075800,134.038700,355.300600
401.039,5,-0.230325,1.703596,-0.076967,0.089594,-0.905263,-0.098374,-0.403478,345.498400,132.579500,355.092100
401.150,5,-0.262679,1.706047,-0.075107,0.100119,-0.899079,-0.086727,-0.417268,346.142900,130.981800,353.633900
401.261,5,-0.296199,1.702302,-0.089565,0.104584,-0.890539,-0.058354,-0.438859,348.712700,128.315200,352.084200
401.371,5,-0.328451,1.690863,-0.125110,0.093882,-0.887962,-0.005804,-0.450196,354.558000,126.674700,350.663500
401.482,5,-0.361979,1.696277,-0.174111,0.101901,-0.886425,-0.025799,-0.450779,352.090600,126.723500,350.856500
401.593,5,-0.384433,1.698802,-0.224732,0.096661,-0.875367,-0.058737,-0.470042,348.831100,124.184600,353.326600
401.705,5,-0.396114,1.698597,-0.265745,0.087830,-0.854452,-0.062221,-0.508257,348.719600,119.010800,354.919500
401.817,5,-0.407151,1.704013,-0.283102,0.086314,-0.826974,-0.076773,-0.550246,347.175500,113.107700,356.573900
401.929,5,-0.436046,1.713115,-0.283276,0.097857,-0.782409,-0.100929,-0.606691,343.938300,104.676900,358.171500
402.040,5,-0.469710,1.720068,-0.274184,0.117126,-0.756393,-0.110675,-0.633957,341.582800,100.426100,357.773600
402.152,5,-0.502985,1.726305,-0.256674,0.137615,-0.739022,-0.125740,-0.647378,338.652300,98.034710,357.501700
402.263,5,-0.535221,1.729928,-0.231611,0.157839,-0.726250,-0.131686,-0.655977,336.524800,96.554760,356.468800
402.374,5,-0.562678,1.728638,-0.209232,0.162956,-0.721325,-0.144972,-0.657358,334.951600,95.938330,357.185100
402.486,5,-0.593346,1.727535,-0.191003,0.161579,-0.722340,-0.154099,-0.654500,334.270000,96.102490,357.982500
402.597,5,-0.616356,1.730209,-0.186104,0.163009,-0.729867,-0.159182,-0.644502,333.737600,97.596910,357.906300
402.708,5,-0.642114,1.732333,-0.188015,0.171564,-0.747326,-0.159879,-0.621699,333.109600,101.372100,356.294800
402.819,5,-0.656560,1.733367,-0.190164,0.172593,-0.758531,-0.167052,-0.605752,332.449800,103.722200,356.155300
402.929,5,-0.667187,1.733951,-0.191082,0.168576,-0.763624,-0.172737,-0.598851,332.243400,104.601000,356.724000
403.041,5,-0.670694,1.733715,-0.191573,0.166469,-0.761062,-0.172628,-0.602721,332.391400,103.965400,357.070100
403.151,5,-0.670511,1.733347,-0.192575,0.163857,-0.761456,-0.173647,-0.602646,332.487400,103.917800,357.399300
403.263,5,-0.667762,1.732290,-0.193074,0.160686,-0.760154,-0.173684,-0.605128,332.708100,103.490000,357.801500
403.374,5,-0.664916,1.730297,-0.194719,0.154897,-0.756911,-0.169520,-0.611846,333.501800,102.507400,358.268200
403.485,5,-0.663683,1.729257,-0.198787,0.154364,-0.760551,-0.163493,-0.609101,334.104200,103.141700,357.729700
403.596,5,-0.662314,1.728611,-0.202358,0.156518,-0.764787,-0.163361,-0.603255,333.978200,104.091800,357.301400
403.707,5,-0.656215,1.726227,-0.206912,0.156104,-0.768573,-0.160374,-0.599340,334.301500,104.797700,356.964500
403.818,5,-0.650621,1.727127,-0.209750,0.154441,-0.767826,-0.156240,-0.601815,334.797500,104.517700,356.888500
403.928,5,-0.648107,1.727760,-0.211346,0.158300,-0.767208,-0.153829,-0.602220,334.741600,104.558400,356.347100
404.040,5,-0.646244,1.726557,-0.212285,0.152469,-0.770087,-0.155521,-0.599610,335.015500,104.866700,356.943800
404.151,5,-0.635784,1.725923,-0.218424,0.147708,-0.775394,-0.153911,-0.594356,335.526900,105.688000,357.096200
404.262,5,-0.615635,1.723886,-0.227450,0.137844,-0.779098,-0.144478,-0.594249,337.110700,105.874200,357.319900
404.372,5,-0.584588,1.721643,-0.239427,0.136713,-0.775724,-0.138032,-0.600425,337.770300,105.082900,357.130000
404.484,5,-0.542115,1.717975,-0.256969,0.142914,-0.761579,-0.132992,-0.617970,337.715900,102.536700,356.697200
404.595,5,-0.499771,1.715278,-0.282648,0.152318,-0.746965,-0.129174,-0.634158,337.284000,100.134800,356.039000
404.706,5,-0.446664,1.720320,-0.328317,0.167425,-0.736419,-0.124619,-0.643527,336.482600,98.825840,354.605900
404.817,5,-0.412328,1.725955,-0.362939,0.171136,-0.731409,-0.129545,-0.647280,335.729400,98.102860,354.799000
404.929,5,-0.378181,1.728690,-0.400795,0.172944,-0.722958,-0.141030,-0.653860,334.527400,96.688870,355.830700
405.040,5,-0.353777,1.730186,-0.427530,0.168988,-0.723622,-0.142312,-0.653882,334.725500,96.627890,356.293500
405.152,5,-0.333067,1.732533,-0.446406,0.165368,-0.726973,-0.150910,-0.649145,334.271300,97.120880,357.167900
405.263,5,-0.315341,1.731085,-0.456620,0.162542,-0.729929,-0.154024,-0.645803,334.227900,97.557050,357.559200
405.374,5,-0.304592,1.730207,-0.457753,0.157156,-0.737077,-0.155816,-0.638546,334.507000,98.663250,357.925100
405.485,5,-0.298148,1.731828,-0.453798,0.148538,-0.742360,-0.165636,-0.631984,334.299300,99.345480,359.289200
405.596,5,-0.294516,1.732828,-0.451688,0.148992,-0.740324,-0.174021,-0.632012,333.513200,99.035130,359.959200
405.707,5,-0.289839,1.734664,-0.453352,0.153752,-0.735171,-0.177558,-0.635890,332.831400,98.287270,359.983700
405.819,5,-0.283538,1.733256,-0.459094,0.156635,-0.730680,-0.174336,-0.641233,332.893500,97.543230,359.657500
405.929,5,-0.272474,1.732369,-0.466603,0.158601,-0.731429,-0.162727,-0.642944,333.769100,97.706230,358.545900
406.041,5,-0.262761,1.732647,-0.464339,0.156855,-0.740077,-0.155600,-0.635194,334.559200,99.216550,357.810600
406.151,5,-0.251912,1.734815,-0.452101,0.157373,-0.746277,-0.156087,-0.627647,334.499600,100.429600,357.526600
406.263,5,-0.237277,1.735156,-0.438990,0.155129,-0.751567,-0.156617,-0.621735,334.639500,101.349900,357.562500
406.373,5,-0.222759,1.732712,-0.434950,0.149545,-0.751714,-0.148440,-0.624922,335.790300,101.054300,357.530200
406.485,5,-0.208002,1.732972,-0.444871,0.153743,-0.744918,-0.140575,-0.633798,336.151600,99.889140,356.812300
406.596,5,-0.193900,1.731317,-0.464781,0.162604,-0.733749,-0.134260,-0.645869,335.979200,98.160670,355.907100
406.707,5,-0.174129,1.729205,-0.505906,0.175972,-0.703354,-0.125630,-0.677160,335.477800,93.235180,355.119900
406.819,5,-0.156740,1.731718,-0.546320,0.185505,-0.676103,-0.118980,-0.703076,335.055900,88.929190,354.713700
406.930,5,-0.132841,1.726511,-0.597101,0.189593,-0.650614,-0.113263,-0.726586,334.982800,84.839200,354.801000
407.041,5,-0.111685,1.724091,-0.635135,0.174103,-0.642028,-0.097409,-0.740270,337.490000,82.850590,355.073100
407.151,5,-0.090522,1.724675,-0.666365,0.174135,-0.635977,-0.102018,-0.744851,337.097000,81.860580,355.672100
407.263,5,-0.074247,1.721652,-0.689962,0.162855,-0.627992,-0.089958,-0.755653,338.954500,80.240290,355.785500
407.374,5,-0.064990,1.721622,-0.706425,0.172682,-0.606647,-0.087980,-0.770987,338.098200,77.278310,355.434600
407.485,5,-0.058159,1.722412,-0.714487,0.175885,-0.583013,-0.087725,-0.788330,337.691000,73.786350,355.861000
407.596,5,-0.055230,1.722455,-0.716549,0.177288,-0.553058,-0.085993,-0.809507,337.533100,69.383130,356.471300
407.707,5,-0.054284,1.721560,-0.718920,0.178071,-0.524323,-0.081126,-0.828731,337.652800,65.281750,356.760200
407.818,5,-0.054207,1.722158,-0.721572,0.182834,-0.514986,-0.081237,-0.833524,337.141000,64.084400,356.709700
407.929,5,-0.053507,1.722654,-0.723737,0.185309,-0.507215,-0.082805,-0.837578,336.770100,63.027800,356.926400
408.040,5,-0.051256,1.722892,-0.723415,0.185690,-0.499354,-0.084986,-0.841987,336.573500,61.889920,357.355500
408.151,5,-0.044435,1.723127,-0.717977,0.182839,-0.490748,-0.084595,-0.847691,336.858000,60.594990,357.754100
408.263,5,-0.030047,1.723279,-0.705524,0.182011,-0.482270,-0.082062,-0.852968,337.067200,59.416790,357.786900
408.373,5,-0.010918,1.721276,-0.685762,0.170094,-0.480086,-0.081988,-0.856658,338.275300,58.804500,358.590700
408.485,5,0.010218,1.718959,-0.659205,0.159586,-0.480168,-0.088138,-0.858023,338.991900,58.487430,359.876800
408.596,5,0.031138,1.717056,-0.631136,0.152753,-0.487878,-0.096644,-0.853992,339.194300,59.297670,0.981787
408.707,5,0.061092,1.718772,-0.590121,0.137752,-0.515074,-0.115331,-0.838106,339.530400,62.579090,3.145902
408.817,5,0.085383,1.723609,-0.560848,0.129594,-0.553601,-0.130262,-0.812259,339.221700,67.786910,4.178570
408.929,5,0.115494,1.727110,-0.530310,0.108807,-0.617380,-0.145600,-0.765379,339.736500,76.813250,5.414981
409.040,5,0.140797,1.725248,-0.512855,0.092016,-0.675255,-0.159712,-0.714182,339.688400,85.650350,6.358248
409.151,5,0.167975,1.722930,-0.501824,0.076027,-0.716357,-0.163475,-0.674040,340.323900,92.306370,6.797648
409.263,5,0.194048,1.719689,-0.494028,0.067352,-0.734657,-0.163312,-0.655036,340.840900,95.376820,6.992010
409.374,5,0.216832,1.718445,-0.489792,0.067116,-0.737323,-0.159720,-0.652948,341.144900,95.840450,6.650970
409.485,5,0.235574,1.720025,-0.492172,0.081306,-0.728618,-0.149662,-0.663405,340.975600,94.549610,4.859842
409.596,5,0.249227,1.723300,-0.501051,0.098304,-0.719179,-0.139301,-0.673583,340.561400,93.268410,2.812193
409.707,5,0.267096,1.728347,-0.515824,0.123043,-0.707508,-0.130515,-0.683563,339.335400,91.924100,0.264691
409.819,5,0.280901,1.728179,-0.525262,0.132991,-0.705686,-0.129684,-0.683741,338.598800,91.930220,359.362500
409.930,5,0.297367,1.730190,-0.527856,0.133804,-0.726063,-0.122997,-0.663175,339.140500,95.535580,358.088800
410.041,5,0.306719,1.732122,-0.520569,0.127856,-0.763209,-0.135312,-0.618753,338.606900,102.257000,358.294500
410.152,5,0.309523,1.729863,-0.504534,0.116696,-0.813547,-0.144155,-0.551129,338.704200,112.127800,358.094600
410.263,5,0.306877,1.730718,-0.477862,0.100167,-0.864462,-0.162271,-0.465124,338.053900,123.701400,358.626700
410.374,5,0.302138,1.730387,-0.449829,0.092560,-0.892600,-0.184684,-0.400736,336.179000,131.871700,358.921500
410.486,5,0.294722,1.730761,-0.416949,0.083306,-0.915469,-0.214707,-0.329967,333.378700,140.522400,359.305600
410.597,5,0.290170,1.731164,-0.396384,0.073215,-0.927817,-0.223587,-0.289490,332.787900,145.442800,359.587100
410.708,5,0.287364,1.733301,-0.376911,0.067226,-0.933507,-0.233207,-0.263931,331.908100,148.464700,359.843500
410.820,5,0.286192,1.734878,-0.367270,0.062744,-0.933912,-0.240284,-0.257166,331.244000,149.101600,0.417734
410.930,5,0.284962,1.737532,-0.360141,0.065120,-0.934571,-0.246463,-0.248180,330.462300,150.245500,0.040508
411.042,5,0.283637,1.737428,-0.355084,0.065049,-0.938293,-0.245533,-0.234710,330.574000,152.029400,359.551900
411.153,5,0.282104,1.736489,-0.348866,0.061516,-0.941611,-0.244097,-0.223610,330.843300,153.396200,359.561500
411.264,5,0.278736,1.736188,-0.343219,0.060955,-0.942537,-0.246656,-0.216954,330.566400,154.210900,359.481700
411.376,5,0.274311,1.735734,-0.340208,0.062008,-0.944644,-0.243286,-0.211222,330.933000,155.036400,359.057500
411.487,5,0.267237,1.736601,-0.337412,0.063897,-0.945807,-0.246648,-0.201323,330.508700,156.340400,358.580900
411.598,5,0.261539,1.737297,-0.336595,0.065404,-0.946005,-0.251155,-0.194210,329.960800,157.262600,358.266300
411.708,5,0.254226,1.737041,-0.337375,0.067451,-0.947701,-0.252442,-0.183263,329.787900,158.743200,357.657600
411.820,5,0.249368,1.738330,-0.337200,0.070256,-0.948067,-0.257847,-0.172474,329.126300,160.195400,357.043300
411.931,5,0.247755,1.739940,-0.335089,0.068558,-0.949050,-0.268421,-0.150180,327.989000,162.976200,356.652900
412.043,5,0.251243,1.738959,-0.330496,0.059118,-0.953230,-0.267172,-0.128361,328.363400,165.503200,357.029700
412.153,5,0.255164,1.738909,-0.323758,0.048823,-0.954296,-0.271688,-0.114549,328.013000,166.909800,357.909500
412.265,5,0.252199,1.740317,-0.314710,0.036822,-0.952855,-0.278539,-0.114581,327.367300,166.412400,359.568500
412.375,5,0.240049,1.741282,-0.304036,0.036361,-0.951106,-0.285822,-0.111270,326.510400,166.769500,359.618100
412.487,5,0.211502,1.744392,-0.285449,0.039874,-0.947616,-0.298800,-0.105608,324.920200,167.557400,359.127600
412.598,5,0.177521,1.746770,-0.267297,0.046248,-0.945205,-0.306972,-0.101083,323.867600,168.378800,358.200100
412.709,5,0.122532,1.747272,-0.243375,0.052943,-0.943749,-0.314100,-0.088753,322.968100,170.317700,356.827900
412.820,5,0.079672,1.746389,-0.223968,0.048407,-0.944629,-0.311813,-0.090030,323.286700,169.949200,357.475600
412.931,5,0.030240,1.743268,-0.197192,0.046265,-0.945082,-0.308407,-0.097800,323.701700,168.816100,358.071400
413.043,5,-0.005386,1.739995,-0.172696,0.042825,-0.945274,-0.305683,-0.105738,324.058100,167.609500,358.845100
413.153,5,-0.033035,1.739896,-0.151553,0.040933,-0.944253,-0.305925,-0.114550,324.047200,166.331900,359.489300
413.264,5,-0.051989,1.740787,-0.133190,0.042369,-0.943034,-0.306119,-0.123222,323.998800,165.214000,359.683400
413.376,5,-0.059515,1.741127,-0.118110,0.035512,-0.942803,-0.301609,-0.137450,324.656400,163.053800,1.120419
413.486,5,-0.058628,1.734998,-0.104593,0.028723,-0.946785,-0.260299,-0.187129,329.758600,156.868000,2.855016
413.597,5,-0.052385,1.728989,-0.098589,0.026790,-0.944524,-0.214464,-0.247311,335.267500,149.886600,3.501364
413.707,5,-0.048526,1.724161,-0.092724,0.019319,-0.935370,-0.194085,-0.295025,338.007700,144.045600,4.848981
413.818,5,-0.050306,1.721418,-0.089261,0.022946,-0.931593,-0.183460,-0.312971,339.134000,142.045200,4.424285
413.929,5,-0.055409,1.720981,-0.086060,0.025807,-0.931131,-0.181873,-0.315042,339.209200,141.865200,4.081182
414.040,5,-0.058891,1.721106,-0.085666,0.027497,-0.929995,-0.186992,-0.315257,338.583800,141.770000,4.112116
414.151,5,-0.061182,1.720034,-0.087755,0.026808,-0.930403,-0.184172,-0.315772,338.922000,141.746500,4.082435
414.262,5,-0.063247,1.720268,-0.090413,0.028193,-0.930645,-0.187591,-0.312915,338.481300,142.070400,4.001854
414.374,5,-0.066839,1.719942,-0.094546,0.032626,-0.934084,-0.185687,-0.303222,338.489000,143.426400,3.183030
414.485,5,-0.072590,1.721399,-0.096622,0.035862,-0.938340,-0.191036,-0.285896,337.727100,145.598500,2.597066
414.596,5,-0.083265,1.729312,-0.089300,0.045009,-0.936788,-0.230354,-0.259497,332.938600,148.488200,2.266929
414.708,5,-0.112642,1.750195,-0.063432,0.070364,-0.912509,-0.358864,-0.183283,317.099600,157.189600,0.244959
414.819,5,-0.133384,1.756275,-0.043294,0.078167,-0.900280,-0.399818,-0.153402,311.937200,161.351300,358.449900
414.931,5,-0.150186,1.756793,-0.021591,0.085363,-0.895933,-0.411969,-0.142474,310.313400,163.388100,356.848400
415.042,5,-0.157354,1.756522,-0.002197,0.089571,-0.892578,-0.418964,-0.140535,309.367600,163.907100,356.190700
415.153,5,-0.159187,1.756209,0.015146,0.094601,-0.889984,-0.421666,-0.145522,308.914400,163.420200,355.831400
415.264,5,-0.155632,1.755646,0.029283,0.100919,-0.892772,-0.411856,-0.152142,309.995400,162.942800,355.102300
415.375,5,-0.147755,1.755554,0.042792,0.103574,-0.898061,-0.396800,-0.159089,311.784600,162.213300,354.852900
415.486,5,-0.135262,1.755636,0.064726,0.105305,-0.908560,-0.371248,-0.160013,314.903100,162.474100,354.101700
415.598,5,-0.126942,1.755532,0.085619,0.096343,-0.917836,-0.351117,-0.158152,317.545100,162.435200,354.883800
415.708,5,-0.126709,1.748671,0.114430,0.082741,-0.932807,-0.312479,-0.159316,322.459000,161.963000,356.037200
415.819,5,-0.133746,1.741395,0.137383,0.081287,-0.943261,-0.281725,-0.155828,326.164200,162.616100,355.473900
415.930,5,-0.144958,1.737762,0.164306,0.075216,-0.954536,-0.249621,-0.144545,330.113200,164.040200,355.274300
416.041,5,-0.155101,1.733794,0.183373,0.069274,-0.962348,-0.222502,-0.139933,333.407900,164.531100,355.442000
416.151,5,-0.165364,1.729393,0.196845,0.062657,-0.968286,-0.199431,-0.136837,336.211600,164.794200,355.816000
416.262,5,-0.173297,1.726271,0.203408,0.063162,-0.971658,-0.183133,-0.135476,338.099300,165.000100,355.479800
416.373,5,-0.176641,1.724397,0.202489,0.061205,-0.973075,-0.179133,-0.131493,338.609900,165.446400,355.564800
416.484,5,-0.176334,1.722850,0.194846,0.058740,-0.975140,-0.169066,-0.130647,339.813700,165.504000,355.699400
416.595,5,-0.172794,1.722463,0.182425,0.057833,-0.975073,-0.170025,-0.130308,339.717700,165.525300,355.813800
416.706,5,-0.163951,1.716461,0.155138,0.053867,-0.973859,-0.168448,-0.142557,339.913000,163.959300,356.527100
416.817,5,-0.154607,1.700512,0.119277,0.056340,-0.970298,-0.175340,-0.156853,339.026400,162.252200,356.664500
416.929,5,-0.140229,1.643666,0.054861,0.063353,-0.965544,-0.182337,-0.174539,338.023600,160.211700,356.371300
417.040,5,-0.128851,1.588354,-0.002878,0.061825,-0.958587,-0.192342,-0.200733,336.823000,156.874000,357.424400
417.151,5,-0.115134,1.517002,-0.064768,0.075319,-0.956260,-0.197185,-0.202513,335.944200,156.944800,355.969400
417.262,5,-0.100942,1.467988,-0.102591,0.063758,-0.959198,-0.204553,-0.184480,335.421600,158.870000,357.047500
417.373,5,-0.090998,1.443369,-0.125749,0.059664,-0.958077,-0.200241,-0.196043,335.978100,157.349500,357.752900
417.485,5,-0.088743,1.441533,-0.136638,0.056454,-0.958309,-0.202942,-0.193059,335.747400,157.622600,358.124300
417.596,5,-0.092144,1.446408,-0.141445,0.060214,-0.956618,-0.210630,-0.192074,334.778700,157.779800,357.827700
417.707,5,-0.099910,1.438329,-0.156064,0.061645,-0.955521,-0.214646,-0.192630,334.281700,157.714200,357.766500
417.818,5,-0.112272,1.425039,-0.171512,0.058960,-0.957794,-0.209056,-0.188283,334.996900,158.237100,357.836100
417.929,5,-0.132642,1.389088,-0.194400,0.061291,-0.956628,-0.220257,-0.180539,333.670200,159.189700,357.586900
418.040,5,-0.139081,1.352145,-0.212231,0.050423,-0.957924,-0.211109,-0.187808,334.951000,158.058100,358.905300
418.151,5,-0.143107,1.327323,-0.220619,0.042461,-0.957419,-0.218638,-0.183694,334.262000,158.292200,359.937600
418.262,5,-0.143405,1.317639,-0.223824,0.037865,-0.957677,-0.221939,-0.179345,333.980700,158.681700,0.451566
418.373,5,-0.143833,1.314090,-0.224542,0.034015,-0.957676,-0.220690,-0.181648,334.211100,158.301000,0.956081
418.485,5,-0.145214,1.315994,-0.223063,0.032826,-0.956315,-0.226545,-0.181827,333.561600,158.174800,1.254290
418.595,5,-0.145922,1.322650,-0.221032,0.030636,-0.955523,-0.231438,-0.180203,333.042500,158.256800,1.598485
418.707,5,-0.159353,1.358609,-0.217121,0.039098,-0.953321,-0.256835,-0.153906,329.885600,161.578000,0.298736
418.818,5,-0.184015,1.408544,-0.209415,0.053679,-0.943195,-0.308626,-0.110690,323.553400,167.385800,357.653500
418.929,5,-0.214944,1.452200,-0.195191,0.062648,-0.928952,-0.359681,-0.061272,317.473700,174.645600,354.368600
419.040,5,-0.229574,1.464587,-0.182911,0.062491,-0.921505,-0.382734,-0.020928,314.927800,180.751600,351.929100
419.151,5,-0.231332,1.467060,-0.170904,0.059673,-0.917873,-0.392352,-0.002916,313.895400,183.429200,351.100900
419.263,5,-0.227571,1.468585,-0.160057,0.056229,-0.916407,-0.396257,0.004064,313.463900,184.336100,351.112400
419.374,5,-0.222173,1.473534,-0.150083,0.056212,-0.917622,-0.393302,0.011171,313.900200,185.355400,350.709000
419.485,5,-0.211909,1.486717,-0.135684,0.054780,-0.919851,-0.388136,0.014943,314.568000,185.726000,350.785000
419.596,5,-0.203280,1.502275,-0.124235,0.054661,-0.923459,-0.379474,0.015327,315.638600,185.602100,350.939500
419.707,5,-0.196113,1.522938,-0.111287,0.044198,-0.929411,-0.366182,0.012322,317.189300,184.321000,352.860200
419.818,5,-0.203554,1.535799,-0.097080,0.042792,-0.935397,-0.351001,0.000213,318.956500,182.313000,353.895400
419.929,5,-0.230749,1.551639,-0.069667,0.048639,-0.937329,-0.342285,-0.043462,319.767100,176.381800,355.384600
420.041,5,-0.282411,1.564427,-0.049892,0.052996,-0.942492,-0.302849,-0.131083,324.214000,164.631600,358.551900
420.151,5,-0.365448,1.570256,-0.034468,0.031223,-0.949306,-0.176420,-0.258302,339.446400,149.203600,1.949779
420.261,5,-0.460379,1.580288,-0.016821,0.000149,-0.921098,-0.055013,-0.385426,354.176800,134.463600,2.427266
420.370,5,-0.538854,1.592511,-0.000408,-0.011014,-0.888339,0.016149,-0.458772,2.223487,125.378200,0.272393
420.480,5,-0.591613,1.606336,0.010217,-0.019627,-0.867829,0.031004,-0.495506,4.201483,120.556800,0.191940
420.591,5,-0.623720,1.615156,0.018343,-0.018750,-0.851609,0.040869,-0.522246,5.117134,116.935200,359.381500
420.702,5,-0.641625,1.615124,0.025239,-0.018001,-0.844224,0.046947,-0.533627,5.651601,115.350700,358.865100
420.811,5,-0.642034,1.616024,0.029369,-0.015427,-0.843682,0.048911,-0.534388,5.682663,115.224600,358.488800
420.923,5,-0.623719,1.616486,0.031116,-0.014601,-0.844862,0.049339,-0.532505,5.676924,115.475000,358.394700
421.035,5,-0.588305,1.613898,0.026313,-0.018386,-0.851109,0.049976,-0.522281,5.985456,116.866600,358.795600
421.146,5,-0.510057,1.599281,-0.002272,-0.010701,-0.869792,0.044985,-0.491248,5.092817,121.020100,358.528300
421.257,5,-0.432795,1.574408,-0.044492,0.001534,-0.887833,0.017882,-0.459815,1.738775,125.223400,358.901200
421.369,5,-0.341897,1.527976,-0.103653,0.011406,-0.903221,-0.018475,-0.428627,357.526800,129.232200,359.726700
421.481,5,-0.283116,1.487913,-0.146572,0.025018,-0.912279,-0.040152,-0.406828,354.628400,131.966400,359.253200
421.592,5,-0.243008,1.464596,-0.174984,0.031211,-0.917368,-0.054547,-0.393048,352.841500,133.666400,359.169300
421.704,5,-0.217660,1.452753,-0.194647,0.032212,-0.918749,-0.070088,-0.387235,351.156700,134.313000,359.715400
421.815,5,-0.204344,1.446774,-0.207535,0.030702,-0.919494,-0.073466,-0.384957,350.866200,134.565200,0.005906
421.927,5,-0.194152,1.438439,-0.220455,0.028122,-0.919438,-0.074406,-0.385106,350.881200,134.521400,0.324698
422.038,5,-0.190355,1.435691,-0.228732,0.027278,-0.920331,-0.072965,-0.383304,351.070700,134.752100,0.332125
422.149,5,-0.191004,1.443785,-0.235056,0.030670,-0.921563,-0.072206,-0.380221,351.001600,135.167000,359.906000
422.260,5,-0.198495,1.479236,-0.232638,0.032825,-0.925867,-0.070686,-0.369726,351.073700,136.502000,359.506200
422.371,5,-0.228037,1.537735,-0.218077,0.047559,-0.935390,-0.067491,-0.343843,350.853100,139.831500,357.529400
422.483,5,-0.284986,1.590545,-0.206305,0.059954,-0.950351,-0.026376,-0.304207,355.031300,144.745200,354.360000
422.593,5,-0.365071,1.620551,-0.200823,0.066593,-0.961088,0.043380,-0.264563,2.759690,149.008500,351.307500
422.704,5,-0.468199,1.617817,-0.188424,0.051525,-0.958282,0.159683,-0.231393,16.391430,151.352500,349.632400
422.814,5,-0.557687,1.621217,-0.189434,0.045548,-0.958400,0.162334,-0.230312,16.868780,151.525800,350.248900
422.925,5,-0.650454,1.620173,-0.192147,0.037901,-0.954779,0.187806,-0.227353,19.961710,151.507800,350.336900
423.036,5,-0.698617,1.633065,-0.192854,0.021989,-0.954266,0.172511,-0.243173,18.575100,150.157900,352.369500
423.147,5,-0.727495,1.653770,-0.188373,0.030285,-0.942220,0.105789,-0.316408,10.380690,142.215900,352.757000
423.258,5,-0.729238,1.665628,-0.185658,0.033896,-0.920141,0.076091,-0.382625,6.551165,134.442200,353.027200
423.369,5,-0.712771,1.672824,-0.193856,0.031810,-0.901879,0.056281,-0.427125,4.263497,129.089900,353.929700
423.481,5,-0.686263,1.669207,-0.209857,0.025060,-0.900927,0.051126,-0.430219,4.046119,128.767100,354.872700
423.592,6,-0.651427,1.669287,-0.228780,0.012568,-0.903962,0.045615,-0.424987,4.116569,129.512900,356.465400
423.704,6,-0.596290,1.678342,-0.253206,0.003629,-0.902931,0.031219,-0.428636,3.053376,129.160100,358.088100
423.815,6,-0.550933,1.680891,-0.270591,0.002930,-0.902077,0.019429,-0.431129,1.863983,128.890500,358.736500
423.927,6,-0.504474,1.680179,-0.288493,-0.017622,-0.895581,0.023327,-0.443937,3.292179,127.282900,0.622826
424.038,6,-0.479036,1.692710,-0.306863,-0.004196,-0.887277,-0.018345,-0.460854,358.356100,125.085100,1.396093
424.149,6,-0.447081,1.691443,-0.342048,-0.001571,-0.867299,-0.047483,-0.495515,355.365100,120.402800,2.862887
424.261,6,-0.435745,1.697137,-0.380442,0.015628,-0.838025,-0.086264,-0.538544,350.710900,114.232500,3.876606
424.372,6,-0.441768,1.704309,-0.427358,0.048896,-0.795660,-0.117561,-0.592211,345.818800,106.227200,3.632904
424.484,6,-0.453417,1.717117,-0.472989,0.094553,-0.741844,-0.127887,-0.651439,341.763700,97.169950,1.588825
424.596,6,-0.459106,1.725424,-0.496824,0.128345,-0.670399,-0.131659,-0.718859,338.835200,85.806920,1.057087
424.707,6,-0.466113,1.707248,-0.486229,0.075390,-0.482987,-0.075437,-0.869109,348.234100,57.772300,3.414109
424.817,6,-0.471596,1.673353,-0.472492,-0.035893,-0.349753,0.010993,-0.936090,4.294736,40.984340,0.260085
424.926,6,-0.476837,1.654154,-0.463013,-0.086960,-0.267407,0.032570,-0.959099,10.616010,31.071620,359.069100
425.037,6,-0.479455,1.650085,-0.457120,-0.099211,-0.228138,0.030652,-0.968076,11.892310,26.435000,359.175600
425.147,6,-0.475850,1.648290,-0.454231,-0.100610,-0.214441,0.038373,-0.970783,12.227760,24.715660,358.161500
425.259,6,-0.459292,1.646894,-0.456731,-0.100187,-0.260882,0.057384,-0.958442,12.825770,30.071700,356.606000
425.369,6,-0.422456,1.644346,-0.465728,-0.104933,-0.380709,0.076044,-0.915569,14.480410,44.710100,356.485700
425.480,6,-0.390710,1.637409,-0.467664,-0.114110,-0.459567,0.081164,-0.877035,15.947500,54.996150,357.765700
425.591,6,-0.359246,1.632880,-0.451345,-0.124870,-0.502817,0.094183,-0.850125,17.879920,60.878060,357.918800
425.703,6,-0.324612,1.627640,-0.417541,-0.124250,-0.538145,0.097283,-0.827948,18.086280,65.783130,358.350600
425.813,6,-0.292322,1.619178,-0.365967,-0.134178,-0.575845,0.103368,-0.799821,19.492570,71.392330,359.342300
425.925,6,-0.259710,1.617155,-0.303197,-0.141222,-0.605472,0.103375,-0.776385,20.149220,76.012350,0.640493
426.036,6,-0.233109,1.617702,-0.252169,-0.154463,-0.608420,0.113745,-0.770083,22.105140,76.776730,0.789767
426.147,6,-0.198205,1.614584,-0.202532,-0.160297,-0.605469,0.138587,-0.767141,24.441370,76.312330,358.834200
426.258,6,-0.166296,1.614058,-0.176865,-0.160341,-0.612741,0.145439,-0.760057,24.959020,77.406030,358.445800
426.369,6,-0.121130,1.608373,-0.157585,-0.164261,-0.625215,0.154518,-0.747161,26.019220,79.468600,358.373800
426.481,6,-0.078567,1.603096,-0.153142,-0.158993,-0.630885,0.157741,-0.742849,25.801050,80.188970,357.852100
426.592,6,-0.031087,1.601175,-0.158498,-0.143230,-0.635941,0.158904,-0.741495,24.488810,80.504520,356.630900
426.703,6,0.023381,1.606862,-0.171476,-0.112773,-0.644029,0.149815,-0.741663,21.115530,81.056760,355.267300
426.815,6,0.071851,1.623867,-0.185938,-0.086558,-0.646832,0.131681,-0.746174,17.429090,81.062040,354.916700
426.926,6,0.119957,1.639170,-0.203307,-0.049737,-0.652675,0.110481,-0.747887,12.627530,81.568380,354.098500
427.038,6,0.148402,1.647714,-0.211653,-0.034376,-0.654581,0.103161,-0.748131,10.747980,81.767200,353.609500
427.149,6,0.183065,1.659529,-0.216226,-0.011365,-0.659129,0.071842,-0.748504,6.414409,82.434300,354.655200
427.261,6,0.217759,1.664456,-0.214959,-0.003397,-0.672176,0.051934,-0.738560,4.291729,84.456170,355.851100
427.372,6,0.258473,1.665527,-0.208433,-0.005544,-0.694644,0.040131,-0.718213,3.653199,87.997090,357.131400
427.484,6,0.305329,1.661505,-0.198182,-0.010561,-0.727400,0.038784,-0.685036,4.065239,93.358940,357.829800
427.595,6,0.351241,1.658487,-0.185962,-0.011892,-0.765891,0.043494,-0.641387,4.696534,100.023100,357.839200
427.707,6,0.411460,1.660749,-0.163484,-0.014596,-0.821824,0.039569,-0.568178,4.681939,110.633700,358.794200
427.818,6,0.454595,1.665539,-0.142287,-0.019207,-0.856561,0.036798,-0.514374,4.749407,118.017700,359.715300
427.929,6,0.502290,1.671464,-0.118590,-0.023115,-0.888279,0.021534,-0.458217,3.407631,125.462700,1.224468
428.040,6,0.534247,1.671026,-0.104891,-0.034649,-0.914523,0.019677,-0.402567,3.662969,132.569700,2.729936
428.151,6,0.558404,1.671716,-0.096977,-0.042405,-0.935387,0.008586,-0.350970,2.626741,138.962900,4.208189
428.263,6,0.567296,1.668325,-0.091192,-0.055615,-0.951004,0.009243,-0.303995,2.945931,144.694500,5.756045
428.373,6,0.554753,1.672312,-0.080412,-0.055095,-0.964449,-0.002459,-0.258451,1.360058,150.070400,6.175487
428.485,6,0.527764,1.680721,-0.065561,-0.045786,-0.976228,-0.023565,-0.210543,358.468300,155.582600,5.701900
428.596,6,0.497327,1.685063,-0.046698,-0.037930,-0.981364,-0.036483,-0.184813,356.698700,158.523900,5.053002
428.707,6,0.449400,1.681814,-0.015148,-0.023898,-0.984474,-0.037444,-0.169819,356.238200,160.313000,3.434119
428.818,6,0.412855,1.672783,0.007275,-0.010640,-0.986774,-0.018711,-0.160669,358.079700,161.478200,1.548639
428.928,6,0.386536,1.650772,0.031422,-0.012291,-0.980180,0.080870,-0.180434,9.379357,159.114900,359.704400
429.038,6,0.382969,1.631696,0.050005,-0.012605,-0.960870,0.165207,-0.221983,18.849320,153.489100,357.024600
429.148,6,0.387869,1.624533,0.067124,-0.014208,-0.948836,0.190332,-0.251560,21.613030,149.491700,355.756200
429.259,6,0.395856,1.624402,0.077041,-0.019002,-0.945252,0.196275,-0.260028,22.391930,148.425700,355.897200
429.370,6,0.409538,1.628078,0.084421,-0.016735,-0.948391,0.185231,-0.256833,21.096510,148.968500,356.103200
429.482,6,0.423657,1.636860,0.088824,-0.012337,-0.959842,0.160137,-0.230015,18.245470,152.563200,356.983100
429.593,6,0.438414,1.648921,0.091010,0.000423,-0.973955,0.123383,-0.190234,13.896990,157.552300,357.179500
429.705,6,0.452537,1.657235,0.091575,0.010771,-0.985737,0.106124,-0.130172,11.912380,164.655900,357.137500
429.816,6,0.465639,1.659884,0.091875,0.016850,-0.991178,0.105200,-0.078833,11.881390,170.600400,357.071800
429.927,6,0.486620,1.659732,0.088142,0.040839,-0.992590,0.110535,-0.029656,12.533420,176.011400,354.849700
430.038,6,0.514628,1.657864,0.081595,0.089408,-0.988249,0.112236,-0.052671,12.263980,172.699500,348.875500
430.149,6,0.546759,1.655974,0.069169,0.089297,-0.989279,0.106168,-0.045619,11.648840,173.597200,349.030500
430.261,6,0.559519,1.650945,0.059972,0.047666,-0.992235,0.109058,0.036121,12.701150,183.601800,354.900300
430.371,6,0.563405,1.643860,0.051490,0.015640,-0.985775,0.120038,0.116590,13.904740,193.469900,359.832100
430.482,6,0.565426,1.642288,0.043018,0.008813,-0.982877,0.116009,0.142888,13.330210,196.652000,0.931991
430.593,6,0.559901,1.654725,0.043141,0.007734,-0.988113,0.057945,0.142180,6.702348,196.380200,0.068787
430.705,6,0.542132,1.666350,0.058124,0.009838,-0.988182,0.015404,0.152190,1.916250,197.496500,359.154100
430.816,6,0.521141,1.675820,0.075155,0.017637,-0.989083,-0.004192,0.146244,359.820400,196.824600,357.930300
430.928,6,0.491119,1.685370,0.091081,0.039411,-0.991801,-0.022741,0.119415,357.954300,193.816700,355.201000
431.040,6,0.467727,1.690027,0.103391,0.047316,-0.992994,-0.036875,0.101806,356.353600,191.893500,354.163800
431.150,6,0.439373,1.693488,0.121133,0.046691,-0.994152,-0.057192,0.078803,353.894700,189.378200,354.120800
431.262,6,0.414911,1.695529,0.139666,0.049230,-0.993654,-0.074337,0.068578,351.895500,188.340400,353.735300
431.373,6,0.389916,1.700653,0.157266,0.048247,-0.990785,-0.103523,0.072801,348.573400,189.054200,353.516500
431.485,6,0.366576,1.704334,0.170087,0.046370,-0.987264,-0.127404,0.083233,345.886500,190.465600,353.322700
431.596,6,0.349529,1.706867,0.177993,0.046069,-0.985312,-0.138409,0.088773,344.658400,191.222900,353.129800
431.707,6,0.333034,1.709168,0.186308,0.050944,-0.983344,-0.150919,0.087538,343.268200,191.293100,352.402700
431.818,6,0.326676,1.711814,0.190623,0.055028,-0.981959,-0.163528,0.077374,341.781600,190.307100,351.928100
431.930,6,0.332574,1.714717,0.190863,0.048798,-0.983328,-0.170297,0.041034,340.676000,185.919400,353.309400
432.041,6,0.350378,1.719375,0.187247,0.042665,-0.983669,-0.174615,-0.009182,339.860300,179.806900,355.067200
432.152,6,0.375836,1.721450,0.180398,0.031736,-0.983170,-0.169486,-0.060368,340.299700,173.416100,357.446700
432.264,6,0.408133,1.720515,0.168558,0.028385,-0.979671,-0.157001,-0.121617,341.668100,166.016700,358.948100
432.375,6,0.440143,1.716252,0.153369,0.028857,-0.978549,-0.124406,-0.161658,345.356400,161.362400,359.037400
432.486,6,0.481346,1.711886,0.136412,0.021548,-0.979932,-0.098454,-0.171978,348.441600,160.141500,359.510700
432.596,6,0.512429,1.709315,0.124223,0.017538,-0.981643,-0.082670,-0.170985,350.310900,160.268800,359.641800
432.707,6,0.547959,1.706933,0.104242,0.015210,-0.985246,-0.076015,-0.152582,351.116400,162.424000,359.607100
432.817,6,0.567024,1.706718,0.086469,0.014217,-0.989808,-0.083356,-0.114583,350.312700,166.837900,359.474400
432.928,6,0.573913,1.720373,0.071459,0.001180,-0.981827,-0.187324,-0.030420,338.413200,176.344100,0.559481
433.041,6,0.566516,1.726925,0.067297,-0.007768,-0.969106,-0.245338,0.024156,331.582600,182.802900,0.208626
433.152,6,0.546076,1.729506,0.068846,-0.009427,-0.962925,-0.265791,0.045177,329.154400,185.480200,359.608900
433.264,6,0.513698,1.732158,0.078149,0.001520,-0.958996,-0.280117,0.043110,327.511400,185.683700,358.161100
433.375,6,0.475921,1.735557,0.090915,0.009623,-0.954681,-0.295698,0.032478,325.669300,184.702700,357.391600
433.486,6,0.418295,1.739193,0.105756,0.017938,-0.950793,-0.309033,0.013013,324.042500,182.537200,357.014900
433.597,6,0.377558,1.734883,0.107875,0.026231,-0.954959,-0.295576,0.000804,325.633600,181.183000,356.487300
433.708,6,0.347897,1.727692,0.100735,0.034210,-0.958692,-0.281834,-0.017573,327.208300,179.017700,356.201700
433.820,6,0.345746,1.718337,0.086973,0.033743,-0.962630,-0.266224,-0.036473,329.001700,176.505100,356.954300
433.930,6,0.358856,1.703811,0.060907,0.042615,-0.959263,-0.275429,-0.046230,327.835100,175.581500,356.187000
434.042,6,0.387407,1.684961,0.028856,0.037376,-0.959662,-0.274582,-0.047499,327.956600,175.219600,356.912700
434.153,6,0.419685,1.650552,-0.007651,0.030779,-0.962261,-0.265749,-0.049843,329.035500,174.675900,357.811600
434.264,6,0.442658,1.588060,-0.032277,0.026946,-0.968526,-0.243493,-0.044085,331.703600,175.291800,358.000200
434.375,6,0.452179,1.523677,-0.039051,0.030747,-0.969981,-0.237047,-0.044729,332.444200,175.329000,357.514800
434.486,6,0.453094,1.435044,-0.035740,0.042860,-0.967660,-0.244675,-0.043959,331.491300,175.816800,355.990900
434.597,6,0.449843,1.355208,-0.028876,0.047975,-0.966148,-0.248949,-0.047765,330.946500,175.511600,355.478100
434.708,6,0.437987,1.247646,-0.013338,0.049440,-0.963439,-0.258661,-0.049360,329.782200,175.384600,355.371500
434.820,6,0.426718,1.164818,-0.001581,0.052892,-0.962815,-0.260447,-0.048558,329.558400,175.612700,354.905500
434.930,6,0.417304,1.081108,0.005234,0.047445,-0.965132,-0.251839,-0.053350,330.581900,174.791000,355.739700
435.041,6,0.407379,1.053096,0.001540,0.051410,-0.966227,-0.244629,-0.062604,331.368700,173.732200,355.509600
435.151,6,0.392806,1.056654,-0.005142,0.055269,-0.966510,-0.243843,-0.057831,331.461700,174.458400,354.864700
435.263,6,0.375687,1.052352,-0.007495,0.060303,-0.965884,-0.247951,-0.044181,331.032600,176.366700,353.793900
435.373,6,0.361426,1.040411,-0.010580,0.062423,-0.966368,-0.246876,-0.035901,331.208200,177.477800,353.255600
435.485,6,0.353563,1.037010,-0.015244,0.064006,-0.968410,-0.238835,-0.032302,332.178700,177.927200,352.950700
435.596,6,0.350197,1.038840,-0.015917,0.063311,-0.968618,-0.237281,-0.038332,332.320600,177.138200,353.225900
435.707,6,0.346083,1.038306,-0.014528,0.064731,-0.966874,-0.242812,-0.044800,331.618700,176.403100,353.249500
435.818,6,0.343816,1.039810,-0.016065,0.066961,-0.966982,-0.242233,-0.042255,331.697400,176.791500,352.886700
435.929,6,0.346410,1.074917,-0.026936,0.068094,-0.968680,-0.235326,-0.040551,332.520400,176.994700,352.692900
436.040,6,0.356722,1.154728,-0.044868,0.058864,-0.975326,-0.209655,-0.036325,335.591400,177.093400,353.721200
436.151,6,0.367317,1.244858,-0.054761,0.051758,-0.976492,-0.205417,-0.039849,336.090000,176.452800,354.683200
436.263,6,0.370093,1.311933,-0.063848,0.052773,-0.975977,-0.208079,-0.037254,335.789400,176.809700,354.494300
436.374,6,0.365549,1.348354,-0.074035,0.055873,-0.979260,-0.193252,-0.024128,337.592900,178.409500,353.784000
436.485,6,0.350200,1.382686,-0.076747,0.067673,-0.983495,-0.167656,-0.007036,340.686900,180.537400,352.036000
436.596,6,0.324233,1.410989,-0.064743,0.063002,-0.983424,-0.170004,0.002571,340.485400,181.609700,352.392000
436.707,6,0.269323,1.444252,-0.048523,0.060283,-0.984624,-0.163369,0.013890,341.334700,182.846600,352.525100
436.818,6,0.220229,1.465175,-0.034425,0.061797,-0.984191,-0.165723,0.009270,341.030800,182.347100,352.422100
436.929,6,0.156594,1.487480,-0.016012,0.047406,-0.985520,-0.161824,-0.017791,341.297900,178.806800,354.688600
437.041,6,0.104891,1.500836,0.000245,0.031770,-0.985079,-0.164520,-0.039288,340.935800,175.938000,356.987900
437.151,6,0.061332,1.515629,0.012691,0.034135,-0.984616,-0.162910,-0.053158,341.068600,174.323600,356.976100
437.262,6,0.030401,1.536019,0.022746,0.039846,-0.983107,-0.163727,-0.071464,340.875800,172.246500,356.666100
437.373,6,0.006369,1.556156,0.032777,0.049574,-0.980214,-0.174082,-0.080115,339.560500,171.419900,355.759200
437.485,6,-0.007669,1.569438,0.040855,0.047898,-0.979086,-0.182338,-0.076481,338.630800,171.832700,355.942000
437.596,6,-0.009529,1.577145,0.046784,0.050180,-0.977455,-0.182713,-0.093164,338.497700,169.860700,356.052400
437.707,6,0.005109,1.581009,0.049389,0.042841,-0.978081,-0.165986,-0.118200,340.438300,166.685900,357.289200
437.818,6,0.043815,1.577299,0.050256,0.032740,-0.973822,-0.129115,-0.184195,344.720300,158.707600,359.037800
437.929,6,0.109935,1.572010,0.059282,0.026572,-0.959138,-0.105813,-0.261059,347.475700,149.520600,0.250852
438.039,6,0.170929,1.568609,0.069405,0.015650,-0.952195,-0.102881,-0.287222,348.175400,146.251400,1.715135
438.150,6,0.266804,1.564981,0.078282,0.004690,-0.946307,-0.101130,-0.307008,348.797300,143.746000,3.110025
438.261,6,0.356818,1.567555,0.083656,0.006853,-0.951174,-0.102005,-0.291231,348.577600,145.681600,2.711929
438.373,6,0.439846,1.577105,0.090289,0.007007,-0.960422,-0.092233,-0.262743,349.580900,149.213900,2.039799
438.484,6,0.506191,1.590450,0.096443,0.008644,-0.967995,-0.085736,-0.235712,350.208800,152.511100,1.377124
438.595,6,0.550396,1.599536,0.097151,0.009242,-0.971605,-0.089280,-0.218923,349.773700,154.494200,1.230344
438.706,6,0.591785,1.604265,0.088897,0.004615,-0.976650,-0.089721,-0.195152,349.801800,157.265100,1.514000
438.817,6,0.612136,1.606005,0.078844,0.003908,-0.978022,-0.090891,-0.187606,349.673700,158.143400,1.541168
438.928,6,0.618010,1.616881,0.066106,0.012522,-0.978298,-0.089595,-0.186409,349.632000,158.376800,0.518513
439.040,6,0.607691,1.633880,0.054995,0.030868,-0.979121,-0.094391,-0.177370,348.709100,159.619900,358.424400
439.151,6,0.593085,1.654587,0.039063,0.028836,-0.980976,-0.094221,-0.167266,348.784300,160.790800,358.536400
439.262,6,0.586458,1.663990,0.027478,0.024949,-0.982889,-0.092111,-0.157553,349.109600,161.897800,358.831900
439.373,6,0.585254,1.673104,0.019033,0.023388,-0.983297,-0.091986,-0.155300,349.154400,162.146400,358.983500
439.485,6,0.587253,1.677354,0.012171,0.021428,-0.984540,-0.093688,-0.146440,349.003200,163.162600,359.138800
439.596,6,0.593278,1.677824,0.007277,0.021730,-0.986386,-0.092292,-0.134361,349.169200,164.586200,358.946000
439.707,6,0.608950,1.676165,0.002164,0.019136,-0.990035,-0.084238,-0.111216,350.151000,167.277100,358.886100
439.818,6,0.627591,1.672845,-0.002505,0.013220,-0.992762,-0.074924,-0.092928,351.302400,169.359100,359.285700
439.928,6,0.657080,1.668048,-0.006891,0.005460,-0.994578,-0.067927,-0.078551,352.185000,170.969100,359.989000
440.040,6,0.684383,1.662584,-0.006813,-0.000148,-0.995181,-0.062270,-0.075743,352.881800,171.260300,0.561665
440.150,6,0.718259,1.657891,-0.003058,-0.004171,-0.995073,-0.064275,-0.075368,352.687100,171.270800,1.039281
440.262,6,0.744289,1.656905,-0.000362,-0.001884,-0.994203,-0.077177,-0.074843,351.188900,171.321500,0.887079
440.373,6,0.765259,1.655242,0.004209,-0.007489,-0.993841,-0.081428,-0.074787,350.750600,171.266000,1.571355
440.484,6,0.779603,1.653770,0.009041,-0.007041,-0.994177,-0.077020,-0.075042,351.252200,171.253500,1.481860
440.595,6,0.788410,1.652723,0.011925,-0.007489,-0.994539,-0.079155,-0.067613,351.000200,172.104600,1.485201
440.706,6,0.800543,1.647655,0.011464,-0.018216,-0.995619,-0.072139,-0.056623,351.860600,173.306800,2.573103
440.817,6,0.811104,1.640433,0.008150,-0.024043,-0.996181,-0.066152,-0.051673,352.570000,173.855800,3.164424
440.928,6,0.825207,1.632690,0.003288,-0.026421,-0.996539,-0.052865,-0.058451,354.129800,173.112500,3.390988
441.039,6,0.831510,1.625869,0.000677,-0.024080,-0.997423,-0.040266,-0.054274,355.543000,173.653500,3.013184
441.150,6,0.831627,1.625522,-0.000126,-0.035405,-0.998481,-0.035852,-0.022292,355.985000,177.296400,4.156390
441.261,6,0.827281,1.619334,-0.004476,-0.036913,-0.999067,-0.021913,0.004673,357.470600,180.442700,4.222188
441.371,6,0.824189,1.599306,-0.016836,-0.039171,-0.998317,0.039075,0.017357,4.396520,182.167900,4.577138
441.482,6,0.821160,1.560627,-0.035209,-0.017453,-0.988659,0.148340,0.015618,17.023920,182.161300,2.346231
441.592,6,0.817980,1.519553,-0.049325,0.009933,-0.965159,0.261301,0.009576,30.303720,180.882200,359.059600
441.703,6,0.813320,1.493341,-0.059088,0.036565,-0.945246,0.324299,0.002008,37.823540,178.554900,355.074400
441.814,6,0.807538,1.480399,-0.062979,0.040842,-0.933902,0.355090,0.008385,41.599740,178.977600,354.603400
441.925,6,0.801174,1.467507,-0.061562,0.041437,-0.915261,0.400411,0.015856,47.246000,179.649000,354.662100
442.037,6,0.797253,1.463815,-0.062278,0.043192,-0.911150,0.409312,0.020097,48.385130,180.109200,354.621100
442.147,6,0.792126,1.464516,-0.062161,0.042514,-0.909416,0.412769,0.027886,48.862070,181.360700,355.265000
442.258,6,0.788478,1.464501,-0.063026,0.040986,-0.909367,0.412519,0.034644,48.859820,182.543200,355.994100
442.369,6,0.783538,1.462470,-0.067875,0.029765,-0.909983,0.411045,0.045697,48.660380,185.098300,358.559500
442.480,6,0.762406,1.466339,-0.068752,-0.072273,-0.901156,0.405878,0.134007,45.410000,205.315700,19.907270
442.592,6,0.755311,1.471172,-0.070735,-0.082117,-0.900296,0.397714,0.156678,43.660900,208.701800,22.126570
442.702,6,0.770425,1.472936,-0.076655,-0.024165,-0.917734,0.389517,0.073873,45.346890,192.692100,8.336936
442.815,6,0.781563,1.477991,-0.079142,0.031619,-0.924408,0.380083,0.002723,44.658120,178.469300,355.453300
442.925,6,0.774109,1.489771,-0.077376,0.037089,-0.929799,0.366159,0.005096,42.944240,178.615700,354.886900
443.036,6,0.759036,1.506023,-0.076211,0.027809,-0.940853,0.335767,0.035830,39.331590,183.613300,357.905700
443.148,6,0.740006,1.527691,-0.081346,0.026105,-0.957722,0.282258,0.049175,32.902900,185.430300,358.481900
443.259,6,0.723693,1.550413,-0.097399,0.014629,-0.979005,0.196728,0.051321,22.749160,185.896000,359.475000
443.371,6,0.698004,1.575495,-0.122896,-0.001972,-0.993981,0.102820,0.037764,11.785840,184.422100,0.684029
443.483,6,0.664106,1.588331,-0.150273,-0.003878,-0.998769,0.049458,-0.000378,5.669904,179.978600,0.443820
443.595,6,0.624062,1.595912,-0.173328,0.000379,-0.999349,0.019004,-0.030675,2.175472,176.481700,359.889700
443.707,6,0.572368,1.609445,-0.193850,0.009295,-0.999072,-0.005939,-0.041646,359.275700,175.232600,358.964100
443.818,6,0.547792,1.617050,-0.207271,0.008827,-0.998613,-0.019134,-0.048243,357.761000,174.486100,359.094900
443.929,6,0.539011,1.627312,-0.226634,0.011905,-0.995782,-0.047711,-0.077463,354.441400,171.149400,359.060600
444.041,6,0.547229,1.639857,-0.244078,0.020526,-0.987863,-0.102653,-0.114754,348.022700,166.852400,359.004500
444.153,6,0.565812,1.655027,-0.262502,0.029176,-0.970901,-0.182394,-0.152424,338.711300,162.167800,359.935300
444.265,6,0.591953,1.665605,-0.297603,0.014251,-0.962791,-0.204401,-0.176211,336.508500,158.677300,2.787063
444.377,6,0.607136,1.671013,-0.324890,0.006656,-0.960235,-0.202911,-0.191656,336.906300,156.596800,4.051753
444.488,6,0.611466,1.687156,-0.341206,0.022720,-0.950794,-0.222940,-0.213943,334.299800,153.879900,3.320338
444.599,6,0.606118,1.701313,-0.347456,0.039697,-0.938403,-0.237883,-0.247460,332.218100,149.761700,2.800731
444.710,6,0.588480,1.715117,-0.361519,0.075268,-0.913335,-0.259243,-0.304871,328.705000,142.695400,1.380125
444.821,6,0.565707,1.720529,-0.379233,0.109200,-0.870594,-0.271151,-0.395751,326.044000,130.592800,1.691098
444.932,6,0.527069,1.726141,-0.401351,0.145602,-0.799951,-0.273204,-0.514040,324.070400,113.450700,3.393177
445.044,6,0.478870,1.734866,-0.430328,0.189257,-0.728224,-0.262899,-0.603950,322.301800,99.622210,3.036464
445.154,6,0.439910,1.739915,-0.445110,0.207149,-0.681802,-0.260025,-0.651631,321.351500,91.139320,4.142081
445.266,6,0.397561,1.739428,-0.450472,0.212109,-0.637838,-0.267173,-0.690501,320.672700,82.845210,7.306997
445.376,6,0.370959,1.738437,-0.451296,0.218443,-0.616061,-0.271462,-0.706442,319.975900,79.046710,8.591336
445.487,6,0.343870,1.737986,-0.447552,0.220039,-0.597942,-0.279879,-0.718134,319.402800,75.657160,10.535920
445.598,6,0.327671,1.738945,-0.444651,0.221817,-0.589782,-0.283907,-0.722738,319.041000,74.177330,11.358730
445.709,6,0.312987,1.741243,-0.444582,0.230001,-0.572604,-0.279370,-0.735647,318.826900,71.531700,11.311120
445.820,6,0.299361,1.741826,-0.444045,0.232822,-0.569459,-0.266361,-0.741998,319.543500,71.374270,9.845918
445.931,6,0.259938,1.748767,-0.423522,0.243365,-0.573587,-0.279973,-0.730333,317.417300,72.325870,10.150810
446.042,6,0.222230,1.750619,-0.387332,0.249781,-0.576378,-0.299597,-0.718081,315.244200,72.731610,11.562500
446.153,6,0.193735,1.748417,-0.336998,0.251604,-0.577699,-0.305148,-0.714034,314.612400,72.950060,11.920980
446.264,6,0.174503,1.749149,-0.275347,0.242946,-0.582174,-0.296377,-0.717085,316.091200,73.542790,11.382170
446.375,6,0.162017,1.747041,-0.224809,0.221154,-0.581289,-0.295625,-0.725121,318.362600,72.367180,13.275440
446.487,6,0.142240,1.751498,-0.185529,0.209509,-0.580438,-0.308983,-0.723690,318.552700,71.455350,15.792830
446.598,6,0.125479,1.752071,-0.173296,0.208446,-0.583827,-0.311931,-0.719997,318.364600,71.964800,15.982320
446.708,6,0.100226,1.754718,-0.175812,0.210629,-0.589140,-0.306048,-0.717554,318.479700,73.144490,14.782100
446.820,6,0.077347,1.758385,-0.192849,0.223769,-0.594665,-0.302681,-0.710412,317.318400,74.811520,12.884180
446.931,6,0.047237,1.760025,-0.227742,0.234421,-0.596293,-0.299304,-0.707036,316.493800,75.715050,11.424920
447.042,6,0.016841,1.762351,-0.262019,0.244885,-0.593367,-0.303476,-0.704166,315.168500,75.639430,11.120390
447.152,6,-0.014327,1.759266,-0.292942,0.259333,-0.600097,-0.303937,-0.693003,313.596000,77.839300,9.179673
447.264,6,-0.035501,1.754090,-0.310428,0.245080,-0.612354,-0.285275,-0.695397,316.351300,79.656650,7.672620
447.375,6,-0.037638,1.741500,-0.316154,0.177100,-0.624061,-0.221302,-0.728154,327.715500,79.203260,6.877947
447.486,6,-0.025174,1.709599,-0.315464,0.028381,-0.628994,-0.126232,-0.766568,348.327900,77.790050,9.274223
447.594,6,-0.021051,1.686431,-0.313946,-0.039239,-0.615199,-0.047168,-0.785981,0.208907,76.114410,7.032208
447.703,6,-0.020065,1.676562,-0.311278,-0.052104,-0.592364,-0.009878,-0.803924,4.133017,72.929700,4.462920
447.814,6,-0.021650,1.670634,-0.308557,-0.063119,-0.574806,0.015560,-0.815703,6.941751,70.508090,2.724066
447.926,6,-0.020501,1.661531,-0.302366,-0.083936,-0.553060,0.038364,-0.828014,10.453370,67.637000,1.708023
448.037,6,-0.014190,1.654320,-0.298779,-0.098671,-0.549936,0.068526,-0.826522,13.796680,67.242580,359.719700
448.148,6,0.004606,1.650019,-0.294927,-0.104578,-0.562823,0.077192,-0.816294,14.929110,69.106900,359.507600
448.259,6,0.028479,1.646734,-0.289181,-0.107961,-0.582983,0.087475,-0.800514,15.952620,72.010460,359.155500
448.370,6,0.074280,1.639479,-0.276094,-0.109933,-0.617153,0.090408,-0.773862,16.363950,77.108170,359.747100
448.482,6,0.134572,1.628919,-0.255701,-0.111508,-0.652026,0.095863,-0.743800,16.911200,82.501580,0.168078
448.592,6,0.216154,1.619869,-0.222842,-0.102713,-0.684418,0.091174,-0.716037,15.777070,87.496010,0.597150
448.704,6,0.310889,1.615891,-0.182609,-0.083709,-0.717570,0.087736,-0.685849,13.930040,92.588040,359.987500
448.816,6,0.385072,1.621058,-0.152744,-0.073358,-0.747352,0.089441,-0.654282,13.278310,97.547210,359.564900
448.927,6,0.453888,1.630569,-0.127058,-0.063644,-0.775736,0.083455,-0.622269,12.045350,102.497600,359.700000
449.039,6,0.487989,1.638067,-0.117252,-0.052077,-0.802911,0.077449,-0.588748,10.701290,107.455900,359.558600
449.150,6,0.512332,1.643451,-0.110545,-0.044525,-0.833017,0.061385,-0.548026,8.689050,113.350100,0.399919
449.262,6,0.514979,1.642890,-0.105947,-0.042405,-0.854705,0.055651,-0.514378,7.975749,117.980800,0.881493
449.373,6,0.497300,1.643634,-0.095943,-0.044694,-0.877758,0.059487,-0.473292,8.437897,123.427100,1.283226
449.484,6,0.460447,1.651805,-0.072474,-0.037512,-0.898110,0.043851,-0.435969,6.400258,128.307300,1.680602
449.595,6,0.413970,1.658022,-0.038005,-0.025226,-0.911973,0.028747,-0.408463,4.188643,131.793200,1.294214
449.707,6,0.336143,1.656231,0.025925,-0.003080,-0.923609,0.012719,-0.383112,1.481539,134.939700,359.767500
449.818,6,0.272061,1.652926,0.080175,0.014990,-0.929350,0.013895,-0.368634,0.846571,136.711500,357.815900
449.928,6,0.204901,1.657507,0.140374,0.036956,-0.935211,0.013753,-0.351889,359.983700,138.761300,355.480300
450.039,6,0.168109,1.665757,0.177936,0.040243,-0.940255,0.017425,-0.337635,0.320436,140.480700,354.983400
450.150,6,0.135901,1.676799,0.214270,0.046301,-0.943627,0.007899,-0.327661,359.115600,141.743400,354.688600
450.261,6,0.119019,1.680840,0.237644,0.049462,-0.947954,-0.000254,-0.314543,358.189300,143.372000,354.625700
450.372,6,0.113123,1.683404,0.256173,0.047646,-0.950627,0.001164,-0.306655,358.452300,144.313300,354.759600
450.484,6,0.117375,1.685687,0.270985,0.042659,-0.950307,0.000416,-0.308379,358.537700,144.102700,355.333200
450.594,6,0.126962,1.687046,0.283151,0.041612,-0.950322,0.001435,-0.308470,358.685200,144.086300,355.411600
450.706,6,0.148694,1.690761,0.300052,0.038660,-0.953527,-0.007096,-0.298732,357.900800,145.282400,356.012800
450.817,6,0.176685,1.694230,0.313125,0.037314,-0.958545,-0.014730,-0.282102,357.174700,147.291000,356.370700
450.928,6,0.229597,1.695369,0.332514,0.032788,-0.965690,-0.023515,-0.256546,356.431700,150.336600,357.056000
451.039,6,0.282756,1.692927,0.349055,0.037054,-0.972810,-0.035090,-0.225911,355.123200,153.990200,356.764400
451.150,6,0.364724,1.696333,0.366929,0.046878,-0.980666,-0.076639,-0.173847,350.409000,160.213400,356.203000
451.262,6,0.428255,1.701897,0.381798,0.038396,-0.983650,-0.111080,-0.136451,346.761400,164.513800,357.337200
451.374,6,0.465484,1.710356,0.402303,0.026120,-0.984673,-0.130966,-0.112179,344.705700,167.177100,358.689800
451.485,6,0.483506,1.716895,0.429741,0.024395,-0.984587,-0.148028,-0.089901,342.789800,169.760300,358.714900
451.596,6,0.487786,1.722575,0.456668,0.013888,-0.983161,-0.165678,-0.075849,340.859700,171.199200,359.868100
451.707,6,0.477016,1.727466,0.497472,0.008100,-0.981614,-0.179688,-0.063877,339.279900,172.474700,0.432085
451.819,6,0.458565,1.730470,0.535454,0.005240,-0.979776,-0.191047,-0.059273,337.976500,172.927100,0.765163
451.930,6,0.428256,1.736727,0.589453,0.006135,-0.976061,-0.212417,-0.046326,335.466000,174.459800,0.485303
452.042,6,0.403661,1.736382,0.636253,0.012640,-0.970179,-0.240020,-0.031349,332.191600,176.450500,359.386000
452.153,6,0.387439,1.735004,0.671334,0.012664,-0.967005,-0.253211,-0.024985,330.636700,177.243900,359.221600
452.265,6,0.376337,1.734132,0.694752,0.012556,-0.965975,-0.256256,-0.032668,330.271300,176.257800,359.504200
452.376,6,0.368626,1.733143,0.707036,0.017175,-0.966270,-0.254143,-0.037936,330.498600,175.744500,359.084400
452.486,6,0.360013,1.731538,0.711774,0.021364,-0.966128,-0.253445,-0.043668,330.555100,175.155200,358.740200
452.597,6,0.354992,1.732857,0.709292,0.026293,-0.965556,-0.254764,-0.045893,330.370400,175.035200,358.194200
452.708,6,0.351313,1.738535,0.704405,0.031064,-0.965130,-0.256637,-0.041177,330.136500,175.798300,357.433900
452.820,6,0.349363,1.738409,0.704904,0.028214,-0.965648,-0.256109,-0.033716,330.229600,176.653900,357.542400
452.930,6,0.345046,1.735101,0.709437,0.026616,-0.965676,-0.256513,-0.031039,330.193700,176.941900,357.656500
453.041,6,0.336102,1.732724,0.711086,0.034449,-0.966039,-0.253702,-0.034878,330.490000,176.712500,356.781400
453.152,6,0.323962,1.731223,0.705977,0.061361,-0.964175,-0.252832,-0.051739,330.402800,175.465600,353.915600
453.264,6,0.308412,1.729406,0.694378,0.073575,-0.963933,-0.250314,-0.052556,330.639300,175.756700,352.382400
453.374,6,0.292527,1.727347,0.677167,0.076784,-0.963969,-0.251984,-0.037047,330.560800,177.846300,351.457400
453.485,6,0.270598,1.722106,0.643113,0.073522,-0.964607,-0.252824,-0.014411,330.667900,180.616100,351.121500
453.596,6,0.252289,1.717435,0.605854,0.064052,-0.966433,-0.248782,0.003639,331.288800,182.542300,351.765600
453.707,6,0.227631,1.717243,0.547364,0.032319,-0.969124,-0.240972,0.041075,332.328000,186.170200,354.658900
453.818,6,0.209744,1.724811,0.498299,-0.000758,-0.969604,-0.233291,0.073781,333.095100,189.209500,357.882200
453.929,6,0.191633,1.719821,0.437246,-0.035632,-0.972564,-0.209163,0.095393,335.565800,190.803000,1.850740
454.041,6,0.180759,1.712783,0.393105,-0.057672,-0.980404,-0.166289,0.088486,340.350500,189.431300,5.096232
454.151,6,0.170896,1.716643,0.361882,-0.055287,-0.982616,-0.165402,0.063657,340.604300,186.502100,5.328333
454.262,6,0.159548,1.716198,0.331051,-0.053798,-0.985036,-0.162826,0.017272,341.177500,180.999300,6.086569
454.373,6,0.144379,1.707840,0.299570,-0.035598,-0.988001,-0.135931,-0.064109,344.690400,171.872700,5.221074
454.484,6,0.124872,1.677143,0.272152,-0.011120,-0.985475,0.001480,-0.169447,0.383054,160.491500,1.227139
454.592,6,0.092212,1.639654,0.251577,-0.001601,-0.954524,0.145244,-0.260358,16.147520,148.871100,355.666800
454.703,6,0.046817,1.612857,0.233494,-0.015410,-0.920129,0.226269,-0.319260,25.228750,140.076600,352.625000
454.807,6,0.017508,1.600735,0.220161,-0.031591,-0.907885,0.258429,-0.328576,29.341050,138.265000,352.587200
454.920,6,-0.002318,1.595230,0.209562,-0.047356,-0.895922,0.275450,-0.345265,31.753420,135.822600,352.882900
455.031,6,-0.016187,1.593354,0.190814,-0.050584,-0.888997,0.274600,-0.362932,31.665180,133.488000,352.616100
455.142,6,-0.019974,1.586891,0.169288,-0.057025,-0.883546,0.285141,-0.367137,33.075370,132.657600,352.553200
455.253,6,-0.019126,1.572361,0.145118,-0.071051,-0.873788,0.316586,-0.362242,37.209630,132.407200,352.410000
455.365,6,-0.010982,1.564149,0.118112,-0.081536,-0.868881,0.329954,-0.359900,39.203110,132.468200,352.897800
455.477,6,0.004983,1.561048,0.088105,-0.085844,-0.868581,0.327988,-0.361416,39.184470,132.494400,353.484400
455.588,6,0.039128,1.550664,0.036835,-0.087758,-0.865679,0.334202,-0.362226,39.955970,132.129900,353.244300
455.700,6,0.078459,1.538897,-0.009668,-0.099071,-0.864479,0.344102,-0.352782,41.669930,133.509000,354.507600
455.811,6,0.144833,1.535251,-0.066928,-0.120477,-0.860800,0.351979,-0.347303,43.602530,134.881300,357.065400
455.923,6,0.207023,1.541163,-0.103887,-0.132960,-0.856269,0.343394,-0.362223,43.188270,133.485400,358.344000
456.033,6,0.257700,1.544352,-0.126701,-0.137785,-0.847096,0.337160,-0.386998,42.676510,130.054900,357.854400
456.144,6,0.296745,1.547589,-0.140158,-0.148259,-0.832841,0.338962,-0.411704,43.367930,126.382200,357.465100
456.255,6,0.328709,1.551769,-0.149171,-0.157460,-0.818802,0.325733,-0.445722,42.360110,121.898600,357.478000
456.366,6,0.365001,1.552500,-0.163470,-0.169799,-0.791229,0.315766,-0.495396,41.906860,114.594900,356.598400
456.477,6,0.386190,1.553612,-0.180716,-0.178395,-0.769553,0.302191,-0.533521,40.954410,109.176000,356.365000
456.588,6,0.404916,1.559963,-0.215320,-0.181645,-0.738920,0.275942,-0.587246,38.399360,101.630700,355.928100
456.701,6,0.424010,1.572938,-0.253831,-0.186502,-0.703345,0.248937,-0.639182,36.057380,94.181980,356.036400
456.812,6,0.439985,1.581342,-0.282689,-0.195869,-0.664452,0.225956,-0.684897,34.650830,87.193460,356.569700
456.924,6,0.454912,1.589810,-0.301779,-0.192975,-0.628801,0.211468,-0.722946,33.022250,80.752550,355.685800
457.035,6,0.470202,1.594183,-0.313235,-0.180970,-0.604816,0.192695,-0.751210,30.330190,76.404240,355.308200
457.146,6,0.486410,1.596781,-0.318652,-0.176637,-0.585346,0.180537,-0.770439,28.916110,73.245060,355.321400
457.257,6,0.499625,1.598913,-0.314284,-0.174445,-0.574607,0.171891,-0.780928,28.034180,71.587860,355.581900
457.368,6,0.519667,1.605715,-0.298958,-0.166159,-0.570838,0.154191,-0.789151,25.994570,70.970520,356.577400
457.480,6,0.533681,1.620159,-0.280664,-0.136790,-0.580957,0.125191,-0.792531,21.240400,72.030330,357.571300
457.591,6,0.548966,1.645990,-0.251590,-0.075652,-0.610701,0.070740,-0.785059,11.840310,75.645700,358.907100
457.703,6,0.560755,1.675552,-0.224596,-0.012925,-0.640340,0.032935,-0.767276,3.555443,79.633700,358.048500
457.816,6,0.565891,1.714028,-0.208388,0.026440,-0.656110,0.008464,-0.754154,358.351200,82.085390,357.278500
457.928,6,0.562729,1.757816,-0.201921,0.084293,-0.664421,-0.046360,-0.741141,349.248400,83.989160,357.474300
458.040,6,0.550879,1.791843,-0.205028,0.147424,-0.666529,-0.122722,-0.720378,337.914000,85.790920,358.781000
458.152,6,0.537170,1.816173,-0.208799,0.192846,-0.666857,-0.166533,-0.700271,330.515000,87.614960,358.422400
458.263,6,0.528412,1.829203,-0.210567,0.211552,-0.669327,-0.180105,-0.689064,327.815700,89.018740,357.630700
458.375,6,0.519259,1.836073,-0.211578,0.226673,-0.669104,-0.199774,-0.678977,324.889800,89.871270,357.754500
458.486,6,0.512317,1.841822,-0.211707,0.234526,-0.667650,-0.209599,-0.674766,323.389000,90.108290,357.836600
458.597,6,0.508030,1.842255,-0.210649,0.239982,-0.663589,-0.209634,-0.676839,322.909100,89.704380,357.505200
458.708,6,0.500560,1.840056,-0.209080,0.245673,-0.663307,-0.213076,-0.673993,322.132800,90.048130,357.190900
458.819,6,0.494582,1.835011,-0.207125,0.248844,-0.662355,-0.212099,-0.674075,321.942700,90.092720,356.818100
458.930,6,0.488320,1.814700,-0.203818,0.249658,-0.665555,-0.211190,-0.670900,321.967500,90.769940,356.437200
459.041,6,0.487776,1.774628,-0.200526,0.246666,-0.665518,-0.203851,-0.674305,322.843900,90.540370,356.157700
459.152,6,0.493561,1.745946,-0.196530,0.227388,-0.673292,-0.187971,-0.677968,325.844500,90.696100,356.444400
459.264,6,0.502232,1.742521,-0.191987,0.219720,-0.673339,-0.188454,-0.680311,326.444600,90.228510,357.284800
459.375,6,0.512433,1.730881,-0.191240,0.212859,-0.668724,-0.185980,-0.687686,327.214300,88.977680,358.030200
459.486,6,0.517674,1.722700,-0.198572,0.185216,-0.659879,-0.164279,-0.709414,331.340900,86.045800,359.258500
459.597,6,0.515043,1.720617,-0.209607,0.182001,-0.642218,-0.153667,-0.728573,332.446400,82.946760,359.363300
459.708,6,0.510665,1.705692,-0.228390,0.184198,-0.599713,-0.153042,-0.763540,332.299700,76.090990,0.826755
459.818,6,0.505113,1.683571,-0.246203,0.190243,-0.553483,-0.147127,-0.797382,332.208400,69.145700,1.557160
459.929,6,0.493931,1.653146,-0.267668,0.179202,-0.518475,-0.121564,-0.827220,335.005300,63.941960,0.967094
460.040,6,0.481834,1.639531,-0.274725,0.160571,-0.489974,-0.109884,-0.849746,337.631000,59.576310,1.821575
460.151,6,0.471042,1.631582,-0.277520,0.145177,-0.462354,-0.096314,-0.869412,340.031800,55.651480,2.025916
460.262,6,0.467154,1.616950,-0.272357,0.142045,-0.437353,-0.087177,-0.883711,340.894600,52.357590,1.809150
460.373,6,0.472644,1.588984,-0.261220,0.123802,-0.431328,-0.067574,-0.891102,343.803400,51.541810,0.813379
460.484,6,0.479039,1.555039,-0.250088,0.117998,-0.433540,-0.043157,-0.892333,345.640300,52.014060,358.503900
460.594,6,0.479944,1.519029,-0.237243,0.104353,-0.441329,-0.018351,-0.891068,348.336200,53.051960,356.522500
460.705,6,0.470177,1.471856,-0.222950,0.085990,-0.460486,0.005638,-0.883474,351.561500,55.440730,354.828800
460.816,6,0.449079,1.443151,-0.211182,0.067223,-0.476951,0.019392,-0.876141,354.301300,57.407590,354.341900
460.927,6,0.406888,1.426133,-0.193182,0.051990,-0.484712,0.022491,-0.872837,356.046100,58.267520,354.843500
461.037,6,0.367056,1.426208,-0.180654,0.049411,-0.489264,0.016969,-0.870570,356.019000,58.828050,355.521600
461.148,6,0.312949,1.442439,-0.165852,0.052991,-0.490494,0.003657,-0.869824,354.917100,58.986430,356.642000
461.260,6,0.275134,1.468231,-0.158888,0.061142,-0.485833,-0.005838,-0.871891,353.552600,58.414570,357.160200
461.372,6,0.237847,1.520941,-0.159621,0.081209,-0.480347,-0.018597,-0.873113,350.811900,57.847710,357.355700
461.484,6,0.211379,1.579995,-0.171932,0.110234,-0.474379,-0.030735,-0.872851,347.197200,57.382600,357.006100
461.596,6,0.192997,1.628160,-0.190351,0.127812,-0.473800,-0.038811,-0.870443,344.972500,57.540040,356.821600
461.708,6,0.174420,1.675614,-0.218290,0.133116,-0.467971,-0.044632,-0.872520,344.093700,56.802230,357.216400
461.819,6,0.164624,1.697625,-0.239017,0.128412,-0.464069,-0.045119,-0.875280,344.533800,56.189290,357.609400
461.930,6,0.157221,1.710584,-0.259916,0.116887,-0.464839,-0.044845,-0.876500,345.723900,56.099740,358.222900
462.041,6,0.154960,1.716108,-0.273286,0.118121,-0.470741,-0.046306,-0.873102,345.530800,56.891490,358.203900
462.152,6,0.156735,1.717340,-0.281926,0.118185,-0.473487,-0.044013,-0.871725,345.656800,57.280080,357.918800
462.263,6,0.163835,1.718125,-0.287271,0.118070,-0.475043,-0.043489,-0.870921,345.701300,57.490640,357.845700
462.374,6,0.175171,1.717716,-0.295401,0.113633,-0.476874,-0.042816,-0.870543,346.191300,57.668680,358.003600
462.485,6,0.200234,1.719928,-0.319402,0.113135,-0.486091,-0.041639,-0.865553,346.330000,58.904800,357.764300
462.596,6,0.226882,1.722555,-0.349877,0.111550,-0.493089,-0.041435,-0.861802,346.518600,59.821770,357.725600
462.707,6,0.268943,1.722466,-0.396011,0.110619,-0.502581,-0.036214,-0.856659,346.942600,61.129300,357.108300
462.818,6,0.299656,1.717662,-0.428484,0.095253,-0.510689,-0.027365,-0.854034,349.009400,62.040550,357.048400
462.929,6,0.337007,1.703864,-0.454481,0.044364,-0.513967,0.014870,-0.856533,356.519300,62.056290,355.916700
463.039,6,0.366191,1.679708,-0.463683,-0.035919,-0.513579,0.073092,-0.854168,7.841871,61.684390,354.905300
463.148,6,0.406407,1.655065,-0.465874,-0.111378,-0.514815,0.108471,-0.843086,17.426850,62.190380,355.899600
463.259,6,0.438414,1.645361,-0.460111,-0.131307,-0.506576,0.120128,-0.843628,20.075370,61.214290,355.747100
463.370,6,0.485679,1.639906,-0.445055,-0.128006,-0.497187,0.107787,-0.851353,18.973900,59.999600,356.590300
463.482,6,0.538467,1.640109,-0.421382,-0.111382,-0.488078,0.083402,-0.861637,15.864020,58.768590,357.914900
463.593,6,0.597167,1.655874,-0.389149,-0.078766,-0.468422,0.057765,-0.878089,11.095430,55.999130,358.385200
463.705,6,0.644054,1.668479,-0.360470,-0.047800,-0.441846,0.039678,-0.894937,6.927857,52.452140,358.338800
463.817,6,0.674765,1.675413,-0.342051,-0.031768,-0.415271,0.037266,-0.908379,5.086823,49.030010,357.622600
463.929,6,0.705925,1.687102,-0.323940,-0.005829,-0.375246,0.026668,-0.926523,1.765874,44.056500,357.417100
464.040,6,0.734197,1.691891,-0.307212,0.009360,-0.320919,0.019450,-0.946861,359.699600,37.452460,357.544600
464.151,6,0.769533,1.693361,-0.293766,0.019423,-0.252913,0.017420,-0.967137,358.352100,29.345980,357.504700
464.263,6,0.814437,1.693024,-0.289734,0.028566,-0.175386,0.016262,-0.983951,357.104700,20.274180,357.588500
464.373,6,0.872883,1.702510,-0.287306,0.034525,-0.106733,0.012813,-0.993606,356.223000,12.324590,358.114500
464.484,6,0.921268,1.702299,-0.278382,0.001440,-0.086615,0.023211,-0.995970,0.066060,9.938924,357.335600
464.595,6,0.945950,1.703067,-0.264636,-0.008389,-0.079836,0.023461,-0.996497,1.172626,9.134534,357.396200
464.706,6,0.949369,1.697937,-0.247497,-0.021818,-0.071951,0.024395,-0.996871,2.694492,8.195172,357.389400
464.816,6,0.946037,1.696360,-0.238275,-0.024903,-0.083040,0.033657,-0.995666,3.163139,9.435353,356.389000
464.928,6,0.936820,1.688587,-0.229050,-0.037565,-0.102058,0.028376,-0.993664,4.614187,11.615490,357.198100
465.039,6,0.928026,1.683308,-0.221234,-0.064130,-0.109214,0.045499,-0.990903,7.876113,12.275340,355.590300
465.149,6,0.912238,1.673161,-0.210178,-0.099288,-0.115972,0.040392,-0.987452,11.856010,13.051660,356.676300
465.261,6,0.889362,1.669452,-0.196647,-0.110369,-0.105994,0.043303,-0.987274,13.126880,11.834770,356.343600
465.371,6,0.859594,1.665618,-0.180511,-0.118892,-0.090370,0.045367,-0.987745,14.067820,9.957880,355.972200
465.482,6,0.826804,1.662553,-0.164404,-0.122111,-0.070656,0.043296,-0.989051,14.339400,7.662997,355.952300
465.593,6,0.795008,1.664194,-0.150739,-0.108716,-0.036750,0.044443,-0.992399,12.652970,3.718385,355.284100
465.705,6,0.760548,1.675552,-0.140923,-0.055515,0.038269,0.054881,-0.996214,6.108396,355.249800,353.439900
465.816,6,0.731045,1.690634,-0.138524,0.006692,0.130963,0.070653,-0.988844,358.181100,345.037400,352.065100
465.928,6,0.703751,1.703438,-0.139540,0.059179,0.226829,0.079536,-0.968876,351.329300,334.208500,352.602900
466.040,6,0.691671,1.709494,-0.138431,0.077517,0.275754,0.084349,-0.954377,348.785600,328.448800,353.076000
466.151,6,0.683775,1.714194,-0.130462,0.091378,0.330209,0.092549,-0.934905,346.586200,321.876700,353.346600
466.263,6,0.682366,1.712587,-0.112640,0.095752,0.376533,0.096580,-0.916366,345.627800,316.109300,353.783500
466.374,6,0.686998,1.711803,-0.082851,0.089701,0.421035,0.103089,-0.896692,345.659900,310.511900,353.519800
466.485,6,0.696222,1.713173,-0.048778,0.077864,0.451348,0.107006,-0.882481,346.466100,306.657000,352.994800
466.596,6,0.703006,1.713545,-0.026605,0.076298,0.475306,0.104442,-0.870261,346.580400,303.475900,353.550800
466.707,6,0.703019,1.708467,-0.010460,0.056181,0.513516,0.090169,-0.851478,349.147600,298.345100,354.399100
466.817,6,0.692662,1.704915,-0.002882,0.029144,0.555141,0.067080,-0.828535,352.948000,292.634400,355.446000
466.927,6,0.670331,1.693852,0.007249,-0.009843,0.612174,0.037958,-0.789750,358.227700,284.501900,355.868800
467.038,6,0.644244,1.687226,0.016763,-0.028514,0.646694,0.021222,-0.761921,0.916850,279.321200,356.030400
467.148,6,0.604877,1.684126,0.028273,-0.024689,0.675002,0.021630,-0.737085,0.412269,275.021400,356.260600
467.260,6,0.571418,1.686850,0.035766,-0.016651,0.688756,0.017417,-0.724593,0.007939,272.904800,357.238600
467.371,6,0.531324,1.690882,0.043203,-0.002580,0.702051,0.014417,-0.711977,359.050600,270.815900,358.615900
467.484,6,0.505001,1.691646,0.044448,-0.001021,0.715690,0.016170,-0.698231,358.755500,268.600000,358.622000
467.595,6,0.487708,1.693394,0.043924,0.001321,0.737705,0.014273,-0.674971,358.691200,264.926000,359.007400
467.706,6,0.467653,1.696385,0.047622,0.011443,0.780385,0.015077,-0.625014,357.831700,257.383900,359.943400
467.817,6,0.453662,1.697171,0.058974,0.013822,0.824019,0.021412,-0.565989,357.080400,248.969600,359.916300
467.928,6,0.443662,1.697877,0.089420,0.012198,0.878864,0.035300,-0.475609,355.776300,236.867000,359.302700
468.040,6,0.439717,1.698894,0.132782,0.021981,0.922963,0.045010,-0.381616,354.268700,224.909200,0.358285
468.151,6,0.432501,1.701273,0.185261,0.019031,0.951373,0.053816,-0.302707,353.458600,215.288000,0.209318
468.262,6,0.427137,1.702050,0.229960,0.009131,0.967356,0.058784,-0.246340,353.210100,208.612400,359.348200
468.373,6,0.428004,1.701741,0.260876,0.008420,0.982246,0.058569,-0.178021,353.220100,200.560100,359.751300
468.485,6,0.428287,1.701686,0.282188,0.000194,0.991819,0.059317,-0.113030,353.240100,193.047400,359.248600
468.595,6,0.426469,1.700240,0.296124,-0.004436,0.995526,0.056580,-0.075550,353.570300,188.736000,358.997700
468.707,6,0.423163,1.698702,0.308919,-0.012624,0.997397,0.052728,-0.047534,354.031600,185.547800,358.260300
468.818,6,0.421389,1.698909,0.319000,-0.011531,0.997723,0.051259,-0.042295,354.185400,184.934800,358.425000
468.928,6,0.421654,1.701762,0.332491,-0.005277,0.996875,0.061342,-0.049494,353.005200,185.743300,359.042100
469.039,6,0.421449,1.703873,0.342780,0.000122,0.994704,0.072717,-0.072643,351.681200,188.397200,359.402300
469.150,6,0.423640,1.707327,0.355643,0.007792,0.989162,0.091135,-0.114857,349.508800,193.276100,359.678400
469.261,6,0.427335,1.717263,0.367930,0.026140,0.977385,0.140600,-0.155781,343.561600,198.049000,0.435659
469.373,6,0.432970,1.729847,0.380842,0.044303,0.959174,0.204392,-0.190384,335.860300,202.357000,0.449719
469.486,6,0.439035,1.736341,0.388793,0.059878,0.946243,0.239146,-0.209401,331.467500,204.738300,0.858523
469.597,6,0.442317,1.737538,0.390438,0.068009,0.942768,0.247314,-0.213071,330.310500,205.071000,1.506746
469.709,6,0.441797,1.736827,0.387083,0.066270,0.944124,0.247973,-0.206756,330.288100,204.309300,1.490643
469.820,6,0.441963,1.734977,0.379502,0.050818,0.948067,0.235570,-0.207588,332.110300,204.724400,359.906300
469.931,6,0.456644,1.735779,0.367657,0.050409,0.951073,0.227279,-0.203136,333.076700,204.058300,0.228063
470.042,6,0.479181,1.737515,0.350256,0.054156,0.953843,0.229144,-0.186396,332.785500,201.835300,1.152617
470.152,6,0.507417,1.740296,0.325741,0.054344,0.958609,0.225886,-0.164594,333.194500,199.029100,1.915210
470.263,6,0.540244,1.744890,0.301888,0.054773,0.964822,0.222302,-0.129232,333.696800,194.537200,3.084354
470.374,6,0.569383,1.745367,0.287473,0.055997,0.968558,0.221830,-0.097734,333.854300,190.557800,4.159499
470.486,6,0.598605,1.744256,0.277351,0.050945,0.970395,0.222552,-0.078797,333.898900,188.339900,4.074037
470.596,6,0.615375,1.740835,0.273680,0.050970,0.970268,0.222415,-0.080711,333.906800,188.577700,4.022941
470.708,6,0.630125,1.737902,0.272799,0.051996,0.970656,0.219276,-0.083919,334.252300,188.948900,4.083282
470.819,6,0.636912,1.737833,0.274551,0.046706,0.968970,0.225129,-0.090730,333.591900,189.952700,3.178543
470.930,6,0.642960,1.738347,0.275038,0.045963,0.965980,0.232793,-0.102850,332.664400,191.512900,2.639724
471.041,6,0.647231,1.739896,0.274944,0.048267,0.962427,0.244371,-0.108104,331.261400,192.146500,2.619461
471.152,6,0.649063,1.741180,0.277852,0.052404,0.957105,0.254589,-0.128017,329.950100,194.612300,2.325924
471.263,6,0.651440,1.741637,0.281911,0.054976,0.954306,0.259185,-0.138208,329.344200,195.873400,2.217433
471.374,6,0.653008,1.742389,0.285968,0.057384,0.951569,0.265100,-0.144727,328.591800,196.682900,2.180689
471.486,6,0.652931,1.744771,0.292055,0.063459,0.945646,0.276257,-0.159402,327.131500,198.493000,2.179841
471.597,6,0.650992,1.746248,0.294531,0.067385,0.941308,0.279802,-0.176378,326.596600,200.645500,1.932997
471.708,6,0.643912,1.745293,0.301970,0.067851,0.939659,0.273641,-0.193801,327.278500,202.878300,1.460992
471.819,6,0.632323,1.745674,0.313210,0.062001,0.940188,0.269496,-0.198932,327.898400,203.711500,0.633287
471.930,6,0.606425,1.745027,0.332938,0.050834,0.942493,0.262303,-0.200797,329.012400,204.230300,359.363900
472.041,6,0.566673,1.734853,0.348668,0.019060,0.957212,0.192692,-0.215064,337.846300,205.887800,357.128800
472.150,6,0.517970,1.714004,0.361377,-0.029611,0.968296,0.076372,-0.235994,352.303500,207.758300,354.592400
472.260,6,0.477926,1.696058,0.377710,-0.053957,0.966025,-0.000570,-0.252753,1.626071,209.239900,354.030400
472.369,6,0.434078,1.681148,0.401946,-0.059676,0.963416,-0.031929,-0.259323,5.305880,209.867400,354.327100
472.480,6,0.405112,1.674081,0.420792,-0.057662,0.961579,-0.041939,-0.265109,6.386153,210.541500,354.881900
472.589,6,0.372161,1.674092,0.439257,-0.054052,0.959313,-0.040969,-0.274076,6.213492,211.634800,355.312000
472.699,6,0.346642,1.675289,0.446641,-0.049302,0.957273,-0.036463,-0.282610,5.605437,212.687500,355.748500
472.811,6,0.314159,1.676182,0.448244,-0.048407,0.954279,-0.029125,-0.293532,4.818779,214.013000,355.666800
472.924,6,0.287213,1.675966,0.441874,-0.048801,0.950827,-0.023307,-0.304963,4.248734,215.397900,355.480200
473.035,6,0.263546,1.674235,0.426371,-0.043834,0.949209,-0.018173,-0.311049,3.541392,216.159400,355.868500
473.146,6,0.231995,1.669672,0.390123,-0.030156,0.949509,-0.020335,-0.311624,3.291236,216.265600,357.440000
473.258,6,0.210937,1.666681,0.344910,-0.016084,0.958324,-0.041012,-0.282268,5.030437,212.804600,359.558500
473.368,6,0.204848,1.651341,0.267575,0.001015,0.978441,-0.120858,-0.167471,13.660310,199.725500,2.504830
473.479,6,0.211699,1.629408,0.211911,-0.006091,0.981588,-0.184679,-0.048384,21.293560,185.712100,0.363659
473.589,6,0.214790,1.607191,0.158419,-0.006631,0.974062,-0.224569,0.026981,25.920910,176.459600,358.404900
473.701,6,0.213180,1.599913,0.128536,-0.002888,0.972391,-0.226142,0.057508,26.069760,172.763700,357.982300
473.811,6,0.210059,1.597451,0.111949,0.015065,0.968836,-0.229571,0.091801,26.589770,168.978100,359.169600
473.923,6,0.201987,1.599445,0.105734,0.021679,0.963371,-0.230788,0.134845,26.776730,163.751200,358.686200
474.034,6,0.188814,1.603268,0.108212,0.026849,0.960331,-0.214067,0.176692,24.874860,158.814000,358.479100
474.146,6,0.155445,1.615138,0.131711,0.031245,0.951421,-0.203392,0.229028,23.661680,152.488500,357.890800
474.257,6,0.117976,1.628178,0.149921,0.034757,0.950412,-0.175484,0.254389,20.563650,149.773000,358.579200
474.368,6,0.071407,1.629324,0.162952,0.024528,0.946514,-0.160538,0.278815,18.516690,146.748500,357.395500
474.480,6,0.043287,1.641932,0.176939,0.024614,0.945425,-0.135653,0.295236,15.725740,145.039100,358.002100
474.590,6,0.012888,1.676896,0.199746,-0.010326,0.938767,-0.012041,0.344186,0.888077,139.718200,358.413800
474.703,6,-0.022382,1.713012,0.227877,-0.071427,0.917939,0.123546,0.370167,343.758100,136.413500,357.632200
474.816,6,-0.049175,1.731355,0.249186,-0.098952,0.898952,0.197799,0.378113,334.503700,134.782200,358.201700
474.928,6,-0.072247,1.741167,0.263254,-0.111350,0.889684,0.238217,0.373250,329.535800,134.848400,358.650200
475.041,6,-0.084908,1.745676,0.269089,-0.118043,0.886991,0.259544,0.363250,326.894400,135.882700,358.573900
475.151,6,-0.096044,1.748938,0.276753,-0.122962,0.883855,0.276630,0.356590,324.781500,136.503800,358.592000
475.263,6,-0.109098,1.757125,0.287729,-0.133722,0.870300,0.311851,0.356997,320.336100,135.664200,359.248500
475.374,6,-0.123048,1.762988,0.295256,-0.149181,0.852657,0.341476,0.366218,316.243900,133.649400,359.659600
475.486,6,-0.137086,1.764860,0.307274,-0.159150,0.847138,0.348571,0.368140,314.947500,133.460800,358.945700
475.597,6,-0.143400,1.764549,0.323142,-0.161277,0.849319,0.348249,0.362450,314.890300,134.504200,358.253800
475.708,6,-0.147263,1.765573,0.353606,-0.163128,0.846387,0.355448,0.361490,313.976000,134.417100,358.419000
475.819,6,-0.150698,1.765460,0.385855,-0.169091,0.838937,0.367163,0.364396,312.329400,133.650500,358.627600
475.930,6,-0.153552,1.763210,0.434871,-0.172433,0.837884,0.370626,0.361738,311.769200,134.099400,358.209000
476.041,6,-0.153189,1.762068,0.481313,-0.172397,0.840809,0.372286,0.353161,311.598900,135.478400,357.673500
476.152,6,-0.147709,1.753647,0.520011,-0.152032,0.850129,0.360353,0.352579,313.953800,135.102900,359.637800
476.263,6,-0.143895,1.756307,0.546183,-0.139166,0.854028,0.353354,0.355541,315.371500,134.346900,1.091812
476.375,6,-0.144424,1.756721,0.560275,-0.134089,0.856197,0.348646,0.356921,316.152800,134.124500,1.530785
476.486,6,-0.145559,1.756658,0.564799,-0.129990,0.862794,0.339325,0.351494,317.396800,135.237000,1.107905
476.597,6,-0.141121,1.754467,0.554489,-0.127311,0.865495,0.333923,0.351006,318.134000,135.436100,1.080549
476.708,6,-0.126718,1.741274,0.515419,-0.138874,0.872588,0.309467,0.351476,320.379800,136.786300,358.153600
476.819,6,-0.107974,1.698067,0.468595,-0.144055,0.878673,0.288231,0.352286,322.553600,137.531300,356.383900
476.929,6,-0.086013,1.588973,0.413838,-0.136143,0.888622,0.240911,0.365756,328.146500,136.523100,355.561800
477.040,6,-0.076562,1.474288,0.381737,-0.128375,0.898612,0.205028,0.366033,332.454000,136.954400,354.782700
477.151,6,-0.072723,1.358487,0.361844,-0.120088,0.907999,0.178513,0.359513,335.762200,138.012300,354.353100
477.260,6,-0.077599,1.250979,0.353745,-0.109655,0.911684,0.161755,0.361448,338.024700,137.744900,354.864400
477.371,6,-0.090487,1.156324,0.353791,-0.102404,0.912798,0.156976,0.362867,338.845000,137.480200,355.509000
477.481,6,-0.095262,1.090431,0.350377,-0.102476,0.917280,0.154668,0.352383,339.147200,138.863200,355.151000
477.592,6,-0.081962,1.069295,0.341456,-0.086373,0.918260,0.151154,0.355655,340.181900,138.200000,356.885800
477.703,6,-0.069839,1.066477,0.328251,-0.087955,0.914239,0.145482,0.367785,340.688300,136.727900,356.731300
477.815,6,-0.063627,1.055812,0.318767,-0.083951,0.916079,0.138426,0.366865,341.626200,136.861000,356.844200
477.927,6,-0.058077,1.039131,0.313316,-0.077140,0.919604,0.124786,0.364427,343.397400,137.209000,356.953800
478.038,6,-0.056111,1.031696,0.311859,-0.074266,0.921074,0.115963,0.364226,344.471400,137.273400,356.886300
478.149,6,-0.055722,1.030026,0.309210,-0.071448,0.923539,0.112749,0.359527,344.951800,137.858000,356.978800
478.261,6,-0.055359,1.028222,0.307825,-0.069352,0.924691,0.109933,0.357843,345.348400,138.066200,357.062400
478.371,6,-0.055967,1.026209,0.308998,-0.070111,0.925211,0.105977,0.357546,345.745100,138.141300,356.809000
478.483,6,-0.058088,1.024790,0.313120,-0.068660,0.924979,0.107605,0.357941,345.628000,138.062900,357.042200
478.594,6,-0.061514,1.022956,0.315458,-0.068476,0.925179,0.107135,0.357599,345.687400,138.107200,357.037300
478.705,6,-0.065784,1.032798,0.315841,-0.068596,0.927736,0.109883,0.350037,345.409600,139.038700,357.017500
478.816,6,-0.053817,1.085310,0.301816,-0.066617,0.932810,0.095191,0.341126,347.112400,140.219600,356.510200
478.928,6,-0.033861,1.185977,0.286194,-0.048607,0.936434,0.090739,0.335402,348.314000,140.768700,358.234800
479.039,6,-0.025490,1.270343,0.281589,-0.046929,0.933643,0.081064,0.345742,349.407600,139.530000,358.159200
479.150,6,-0.031256,1.382438,0.282230,-0.053466,0.933215,0.090426,0.343618,348.140200,139.800700,357.795400
479.262,6,-0.043433,1.476613,0.287899,-0.055865,0.934955,0.093636,0.337595,347.712800,140.553100,357.581000
479.372,6,-0.055160,1.560818,0.300446,-0.056259,0.936858,0.097409,0.331124,347.304200,141.336400,357.597000
479.484,6,-0.060628,1.615402,0.316107,-0.056949,0.937209,0.100938,0.328948,346.899000,141.591800,357.626300
479.596,6,-0.062394,1.632774,0.324969,-0.055986,0.935596,0.097200,0.334779,347.328200,140.882000,357.669100
479.707,6,-0.061625,1.636067,0.312073,-0.053221,0.932255,0.097321,0.344379,347.401800,139.659900,358.109200
479.818,6,-0.061471,1.630255,0.277031,-0.056614,0.929869,0.083301,0.353837,348.756400,138.600600,357.292100
479.928,6,-0.064098,1.620501,0.203836,-0.063030,0.921727,0.075124,0.375237,349.292800,136.024400,356.510100
480.039,6,-0.068842,1.612543,0.125597,-0.068264,0.911067,0.071205,0.400283,349.374100,132.928600,356.068900
480.150,6,-0.067485,1.603074,0.012040,-0.074794,0.896567,0.058088,0.432666,350.277200,128.893200,355.119900
480.262,6,-0.052434,1.595631,-0.068655,-0.066584,0.894124,0.040169,0.441016,352.497900,127.808900,355.160700
480.372,6,-0.026660,1.585368,-0.122575,-0.058637,0.887363,0.020104,0.456886,354.878900,125.734800,355.064300
480.484,6,0.007524,1.573416,-0.150996,-0.054902,0.873368,0.008966,0.483875,356.055400,122.197000,354.984300
480.595,6,0.042543,1.554053,-0.159120,-0.052201,0.858611,0.004400,0.509945,356.514600,118.735300,355.106100
480.705,6,0.092526,1.503547,-0.159047,-0.045044,0.840885,-0.001933,0.539333,357.401600,114.750200,355.531000
480.816,6,0.132282,1.433065,-0.158492,-0.043758,0.832753,-0.016324,0.551672,358.791400,113.008700,354.784000
480.927,6,0.171249,1.342134,-0.161516,-0.030238,0.825525,-0.028366,0.562841,0.733186,111.397800,355.304400
481.038,6,0.191871,1.282505,-0.167554,-0.022043,0.824429,-0.035035,0.564450,1.884376,111.132900,355.644900
481.149,6,0.210188,1.231988,-0.174371,-0.016989,0.818567,-0.040217,0.572749,2.658284,109.940800,355.758400
481.261,6,0.221954,1.198917,-0.178396,-0.012889,0.812789,-0.041976,0.580901,3.053137,108.786500,355.996400
481.371,6,0.227222,1.175257,-0.179899,-0.006621,0.807769,-0.048878,0.587432,4.082048,107.809100,356.084000
481.483,6,0.226513,1.158913,-0.181752,-0.007163,0.804471,-0.047241,0.592067,3.871907,107.165000,356.122700
481.594,6,0.219268,1.149970,-0.184668,-0.006503,0.804212,-0.054578,0.591796,4.593608,107.130200,355.681500
481.705,6,0.206610,1.154750,-0.184411,-0.004285,0.803527,-0.057538,0.592466,5.013467,107.005700,355.678500
481.816,6,0.199353,1.161052,-0.180412,0.000654,0.798305,-0.056144,0.599631,5.187998,106.004400,356.183600
481.927,6,0.192029,1.171676,-0.174274,0.017113,0.795274,-0.073810,0.601497,7.931306,105.549600,356.435700
482.039,6,0.188208,1.184897,-0.167095,0.019426,0.795630,-0.073711,0.600967,8.085002,105.633800,356.659900
482.149,6,0.186313,1.193533,-0.164083,0.016700,0.817640,-0.078024,0.570175,8.431910,109.957100,356.425900
482.261,6,0.191642,1.194406,-0.163233,0.003199,0.844924,-0.073748,0.529768,7.354781,115.554100,355.794400
482.372,6,0.200613,1.181946,-0.166921,0.009188,0.904361,-0.053932,0.423248,6.045927,129.751800,358.326900
482.483,6,0.199488,1.178577,-0.171921,-0.002751,0.952761,-0.028274,0.302390,2.992985,144.749400,358.718000
482.595,6,0.186457,1.179783,-0.171579,0.004650,0.983082,-0.034291,0.179868,3.961937,159.257000,359.816600
482.706,6,0.158025,1.187408,-0.150439,-0.003787,0.996612,-0.050743,0.064614,5.776705,172.540000,359.187600
482.817,6,0.143572,1.201466,-0.127423,0.005347,0.999282,-0.037302,0.004051,4.277920,179.557700,0.596635
482.928,6,0.118614,1.220065,-0.096234,0.009039,0.996867,-0.033244,-0.071195,3.726442,188.212600,1.306640
483.040,6,0.095519,1.244883,-0.063780,-0.013090,0.994971,-0.018952,-0.097483,2.307604,191.165700,358.718100
483.150,6,0.051744,1.289526,-0.002067,-0.011650,0.985082,-0.016071,-0.170938,2.042759,199.670700,358.999000
483.262,6,0.013018,1.334949,0.072084,-0.020326,0.973844,-0.014385,-0.225849,2.131763,206.078500,358.102400
483.372,6,-0.017026,1.369148,0.145697,-0.028510,0.962358,-0.029503,-0.268671,4.134851,211.116400,357.757800
483.484,6,-0.032196,1.400849,0.203331,-0.035915,0.959035,-0.003164,-0.280983,1.504303,212.609100,356.150700
483.595,6,-0.035384,1.420466,0.239100,-0.037588,0.965175,0.009205,-0.258726,0.096377,210.008300,355.565400
483.706,6,-0.034927,1.433369,0.268620,-0.040896,0.970872,0.020457,-0.235194,358.826200,207.287500,354.891100
483.817,6,-0.031918,1.436340,0.279732,-0.037612,0.973821,0.022414,-0.223060,358.460000,205.867100,355.222700
483.928,6,-0.026843,1.436058,0.284869,-0.039246,0.977841,0.019224,-0.204739,358.766500,203.703600,355.144500
484.039,6,-0.019225,1.435033,0.286123,-0.040188,0.982257,0.013221,-0.182708,359.353200,201.101300,355.193800
484.150,6,0.007438,1.429376,0.282796,-0.033104,0.995838,-0.022456,-0.081896,2.874421,189.313000,356.426300
484.261,6,0.037829,1.417683,0.282039,-0.032935,0.996679,-0.069295,0.027288,7.835696,176.588000,355.981000
484.371,6,0.057338,1.407019,0.283714,-0.028317,0.991774,-0.091106,0.085331,10.129930,169.794400,355.822200
484.482,6,0.067493,1.400176,0.285793,-0.022474,0.987615,-0.107080,0.112453,11.914580,166.589300,355.987000
484.593,6,0.071914,1.397024,0.287655,-0.018440,0.984867,-0.116037,0.127411,12.935970,164.817700,356.123500
484.704,6,0.072457,1.395617,0.285645,-0.018074,0.983374,-0.120628,0.134527,13.437340,163.947900,355.990800
484.816,6,0.072293,1.392235,0.280515,-0.005235,0.983171,-0.121637,0.136205,13.754020,163.916200,357.437400
484.926,6,0.073026,1.383489,0.266373,0.003303,0.984328,-0.117157,0.131762,13.386130,164.583000,358.564500
485.037,6,0.074659,1.373358,0.252538,-0.004574,0.983442,-0.118328,0.137184,13.384330,163.831000,357.557400
485.149,6,0.079991,1.355572,0.232269,-0.017960,0.980583,-0.122096,0.152404,13.531320,161.824200,355.727200
485.260,6,0.085437,1.344414,0.214081,-0.018229,0.979219,-0.125548,0.158228,13.893010,161.099100,355.543400
485.361,6,0.095646,1.338895,0.190805,-0.015246,0.976633,-0.131030,0.169668,14.522650,159.728300,355.601400
485.468,6,0.109131,1.338245,0.162688,-0.010963,0.974449,-0.135139,0.179070,15.037220,158.627400,355.857400
485.579,6,0.124298,1.334570,0.133850,-0.008231,0.971769,-0.139122,0.190375,15.501030,157.272800,355.895800
485.690,6,0.141693,1.320987,0.095649,0.000070,0.968015,-0.153592,0.198387,17.300720,156.280400,356.348500
485.801,6,0.154866,1.300870,0.061560,0.005298,0.964851,-0.166543,0.203219,18.876670,155.633200,356.518200
485.912,6,0.168507,1.277810,0.025141,0.009805,0.959727,-0.181021,0.214614,20.589450,154.134700,356.393900
486.024,6,0.180920,1.257163,-0.015028,0.012452,0.954804,-0.188478,0.229502,21.446650,152.236800,356.135300
486.135,6,0.192090,1.241677,-0.056713,0.016278,0.949878,-0.192650,0.245670,21.961650,150.233500,356.059600
486.246,6,0.209202,1.227299,-0.119107,0.019897,0.939943,-0.188111,0.284122,21.403540,145.553200,355.719600
486.358,6,0.221409,1.214408,-0.166107,0.024721,0.927638,-0.189153,0.321089,21.518820,140.928600,355.338300
486.468,6,0.234032,1.196991,-0.211520,0.041599,0.915067,-0.187891,0.354427,21.922560,136.971700,356.473900
486.580,6,0.238576,1.188734,-0.231661,0.047069,0.905326,-0.191703,0.376058,22.489130,134.158000,356.341500
486.691,6,0.236987,1.200222,-0.243836,0.049502,0.897906,-0.201572,0.388180,23.604250,132.356300,355.769600
486.802,6,0.228691,1.251179,-0.241087,0.036003,0.899468,-0.191996,0.390894,21.933830,131.998600,354.721700
486.913,6,0.212064,1.340443,-0.218682,0.017015,0.905612,-0.159770,0.392494,17.621990,132.252300,354.303600
487.025,6,0.186656,1.444844,-0.173121,-0.012611,0.910714,-0.107194,0.398686,10.672250,132.122600,353.664400
487.136,6,0.161000,1.521604,-0.118013,-0.025457,0.912941,-0.084695,0.398393,7.721513,132.402500,353.395900
487.247,6,0.128783,1.597915,-0.040545,-0.041732,0.920329,-0.059512,0.384332,4.442809,134.394600,352.938800
487.359,7,0.102513,1.639701,0.020629,-0.049518,0.925391,-0.048248,0.372654,3.003084,135.938100,352.658600
487.470,7,0.073700,1.673301,0.094041,-0.055545,0.929661,-0.031327,0.362855,1.027812,137.292700,352.759700
487.581,7,0.056718,1.686194,0.151225,-0.039510,0.930311,-0.023309,0.363892,0.837368,137.236000,354.808400
487.692,7,0.046917,1.692340,0.191651,-0.037825,0.931174,-0.011055,0.362438,359.608600,137.480700,355.500100
487.803,7,0.037275,1.694727,0.212943,-0.046174,0.940180,-0.004972,0.337498,358.749900,140.563100,354.824800
487.914,7,0.028458,1.684733,0.216944,-0.043515,0.956228,-0.049105,0.285171,3.961879,146.566600,353.598600
488.025,7,0.017121,1.677846,0.213052,-0.031279,0.971028,-0.073264,0.225298,7.364957,153.525400,354.575300
488.136,7,0.005370,1.670161,0.204576,-0.028042,0.977185,-0.101442,0.184478,10.830780,158.107300,354.611800
488.246,7,-0.014733,1.658111,0.183323,-0.025400,0.981710,-0.140206,0.126267,15.596940,164.645600,354.920500
488.357,7,-0.036447,1.650391,0.159469,-0.033162,0.981689,-0.167700,0.084053,18.885810,169.270500,354.340900
488.468,7,-0.071703,1.646378,0.119155,-0.044977,0.982119,-0.177641,0.043155,20.184690,173.838000,353.658000
488.579,7,-0.102362,1.647787,0.081316,-0.052278,0.983046,-0.171519,0.038327,19.463990,174.321800,352.937100
488.690,7,-0.144037,1.657645,0.029066,-0.056480,0.987825,-0.137471,0.045962,15.450370,173.666200,352.595100
488.801,7,-0.175701,1.678278,-0.011867,-0.060802,0.994353,-0.050553,0.070784,5.274477,171.515600,352.610300
488.913,7,-0.198451,1.704546,-0.035839,-0.056796,0.990641,0.069142,0.103069,351.448500,168.547100,354.296400
489.026,7,-0.215464,1.720288,-0.050153,-0.050632,0.983443,0.126901,0.119052,344.831700,166.744100,355.878200
489.139,7,-0.227102,1.721110,-0.069480,-0.047164,0.984863,0.128220,0.106680,344.774400,168.156400,356.105000
489.250,7,-0.229021,1.708909,-0.111621,-0.030235,0.993561,0.079123,0.075252,350.689900,171.565300,357.201900
489.360,7,-0.214064,1.689114,-0.160714,-0.019469,0.997726,-0.002607,0.064482,0.154252,172.601300,357.754300
489.470,7,-0.174297,1.663854,-0.219044,0.002597,0.992712,-0.078842,0.091100,9.033278,169.471200,359.465700
489.581,7,-0.118823,1.656258,-0.275385,0.010156,0.984028,-0.106983,0.141920,12.323450,163.520700,359.391300
489.691,7,-0.069598,1.652736,-0.318728,0.020144,0.973889,-0.130275,0.184831,15.140830,158.437300,359.470400
489.802,7,-0.035588,1.641789,-0.347855,0.025917,0.963599,-0.155383,0.216014,18.098470,154.564300,358.964100
489.913,7,-0.017067,1.640154,-0.370135,0.030627,0.954496,-0.162361,0.248271,18.974860,150.615800,358.657800
490.024,7,-0.009146,1.644405,-0.387471,0.026597,0.947897,-0.155334,0.276868,18.011510,147.095300,357.855100
490.135,7,-0.002888,1.648244,-0.405176,0.021856,0.932843,-0.141151,0.330762,16.129010,140.508800,356.861300
490.247,7,-0.011326,1.651402,-0.430216,0.019082,0.897284,-0.134103,0.420160,14.873850,129.208600,355.344500
490.358,7,-0.031514,1.655066,-0.455758,0.021350,0.864932,-0.131040,0.484010,14.320710,120.868400,354.675300
490.468,7,-0.054475,1.655404,-0.501010,0.027361,0.833808,-0.127513,0.536430,14.004410,113.826900,354.608000
490.580,7,-0.066692,1.652508,-0.534136,0.028101,0.818289,-0.121135,0.561195,13.284550,110.496000,354.695700
490.691,7,-0.066227,1.652121,-0.564334,0.043627,0.787850,-0.121927,0.602099,14.161440,104.649600,355.381100
490.802,7,-0.069648,1.652444,-0.574828,0.052527,0.745947,-0.125975,0.651870,14.857970,97.035640,354.902900
490.912,7,-0.079474,1.653499,-0.571041,0.050737,0.699150,-0.122158,0.702633,14.011240,88.982410,354.041600
491.024,7,-0.095873,1.655521,-0.554238,0.054710,0.643723,-0.116834,0.754306,13.471020,80.216260,353.753000
491.135,7,-0.115538,1.654560,-0.535649,0.067689,0.599854,-0.116594,0.788670,14.279170,73.749790,353.916600
491.245,7,-0.147371,1.654447,-0.512736,0.074240,0.558172,-0.108040,0.819305,14.020020,67.845950,354.430800
491.356,7,-0.180725,1.655411,-0.499391,0.073389,0.546810,-0.102990,0.827651,13.539350,66.271200,354.675400
491.468,7,-0.225139,1.650997,-0.485912,0.073624,0.548278,-0.095918,0.827509,13.122240,66.525340,355.405400
491.579,7,-0.262472,1.642160,-0.478360,0.087710,0.547343,-0.095942,0.826751,14.480790,66.541050,356.291500
491.689,7,-0.310056,1.641889,-0.471885,0.101432,0.540091,-0.099447,0.829532,16.003890,65.669820,356.694500
491.801,7,-0.347668,1.649796,-0.468752,0.089696,0.539249,-0.091249,0.832370,14.343390,65.463290,356.735600
491.912,7,-0.380937,1.661008,-0.462746,0.070771,0.533760,-0.065095,0.840152,10.859840,64.669060,358.026000
492.023,7,-0.411475,1.675148,-0.457626,0.033047,0.519347,-0.030628,0.853375,5.061040,62.602070,358.967500
492.135,7,-0.432978,1.683685,-0.456659,0.008203,0.516920,-0.010754,0.855927,1.441799,62.250850,359.430900
492.246,7,-0.451952,1.689642,-0.460025,-0.008753,0.522854,0.004733,0.852365,358.861400,63.051810,359.937800
492.357,7,-0.460433,1.692581,-0.469750,-0.019856,0.533506,0.012573,0.845470,357.306600,64.505180,0.004169
492.468,7,-0.463013,1.698572,-0.492254,-0.038807,0.558698,0.014890,0.828329,355.358100,68.041890,358.925300
492.580,7,-0.460042,1.701654,-0.513180,-0.051932,0.579657,0.015419,0.813058,354.127100,71.076600,357.976100
492.691,7,-0.450638,1.704253,-0.543596,-0.058432,0.605263,0.015944,0.793718,353.566100,74.803220,357.380000
492.803,7,-0.441268,1.706675,-0.574136,-0.060679,0.621394,0.014682,0.781007,353.510100,77.185470,356.972500
492.913,7,-0.435009,1.709711,-0.608482,-0.066151,0.637896,0.014506,0.767139,353.107800,79.704930,356.411500
493.025,7,-0.432976,1.713108,-0.642443,-0.074061,0.650554,0.019330,0.755593,352.121600,81.723680,356.112900
493.136,7,-0.434426,1.714070,-0.671064,-0.082567,0.653559,0.021290,0.752057,351.256100,82.320010,355.595600
493.247,7,-0.438664,1.708697,-0.704909,-0.088859,0.655796,0.022477,0.749354,350.639000,82.776110,355.182800
493.359,7,-0.440381,1.703555,-0.726511,-0.090679,0.658423,0.017359,0.746964,350.890200,83.223250,354.567600
493.469,7,-0.440180,1.704876,-0.746332,-0.089325,0.661765,0.021969,0.744047,350.677000,83.706320,355.027500
493.581,7,-0.437161,1.703706,-0.757796,-0.087791,0.656906,0.021765,0.748527,350.791700,82.927800,355.190800
493.691,7,-0.431411,1.702796,-0.764304,-0.090702,0.651616,0.017078,0.752913,350.860600,82.179710,354.624700
493.803,7,-0.425468,1.702048,-0.764171,-0.089796,0.639955,0.013826,0.763023,351.099000,80.398270,354.550100
493.913,7,-0.420443,1.701059,-0.758312,-0.086730,0.620533,0.006837,0.779339,351.739700,77.462140,354.376100
494.024,7,-0.416996,1.699888,-0.746843,-0.084382,0.602018,-0.000433,0.794012,352.329300,74.736150,354.076000
494.135,7,-0.413707,1.701042,-0.731242,-0.085460,0.593164,-0.001140,0.800533,352.213900,73.481300,354.020700
494.247,7,-0.404318,1.701512,-0.699803,-0.083136,0.594324,0.002527,0.799913,352.183200,73.599010,354.510400
494.358,7,-0.393140,1.699017,-0.664515,-0.077631,0.604588,0.003603,0.792738,352.678400,74.988980,354.900700
494.469,7,-0.377713,1.693868,-0.601414,-0.066194,0.633065,0.008809,0.771213,353.497100,78.993420,355.947100
494.580,7,-0.366061,1.690881,-0.537837,-0.056561,0.667840,0.016181,0.741976,353.941300,84.136920,357.029300
494.691,7,-0.347891,1.690052,-0.447144,-0.025819,0.705839,0.044955,0.706473,354.264100,89.870510,1.559043
494.803,7,-0.333560,1.691706,-0.386433,-0.009106,0.719632,0.072922,0.690456,353.250500,92.072140,5.060357
494.914,7,-0.331514,1.693914,-0.353650,0.008557,0.738734,0.075719,0.669676,354.237200,95.282530,6.582695
495.026,7,-0.347428,1.696375,-0.328620,0.013354,0.756913,0.079758,0.648494,354.063900,98.451840,7.141846
495.137,7,-0.372930,1.702084,-0.317249,0.007456,0.772275,0.095745,0.627988,352.037800,101.233400,7.645958
495.248,7,-0.419177,1.707798,-0.306399,-0.009572,0.795878,0.114923,0.594373,348.795700,105.796100,7.107763
495.360,7,-0.463936,1.711802,-0.296865,-0.027929,0.809999,0.129591,0.571252,346.004500,108.865900,6.082331
495.471,7,-0.524606,1.713708,-0.280645,-0.060094,0.822044,0.146399,0.546992,342.155500,112.139600,3.695823
495.583,7,-0.570951,1.714911,-0.262845,-0.085263,0.828402,0.162882,0.529103,338.894300,114.511100,1.910325
495.694,7,-0.598038,1.717098,-0.246786,-0.089321,0.832571,0.158000,0.523339,339.109500,115.506400,1.020700
495.805,7,-0.613815,1.713768,-0.228475,-0.074722,0.830760,0.121346,0.538079,343.618500,114.082900,0.384355
495.915,7,-0.614863,1.696635,-0.215781,-0.037756,0.825744,0.041866,0.561220,353.597000,111.645200,359.114300
496.025,7,-0.617110,1.683118,-0.200382,-0.018505,0.814087,-0.017108,0.580196,0.365637,109.036300,357.135100
496.135,7,-0.619603,1.677418,-0.190596,-0.007557,0.810523,-0.040172,0.584279,3.226875,108.331100,356.601000
496.246,7,-0.618683,1.675181,-0.181109,-0.001296,0.802317,-0.044270,0.595253,3.984942,106.745700,356.851900
496.357,7,-0.613033,1.676281,-0.177606,-0.000448,0.796679,-0.040428,0.603049,3.662291,105.661000,357.158400
496.468,7,-0.595240,1.677897,-0.181550,0.002875,0.793447,-0.035860,0.607575,3.462735,105.046700,357.760000
496.579,7,-0.570374,1.676780,-0.191437,0.004196,0.792567,-0.035801,0.608719,3.546491,104.883300,357.879300
496.690,7,-0.520050,1.669696,-0.210249,0.008950,0.790076,-0.041760,0.611519,4.412329,104.438500,357.877200
496.802,7,-0.455644,1.661764,-0.230466,0.007193,0.787259,-0.037751,0.615424,3.915968,103.899400,357.981400
496.913,7,-0.377695,1.658873,-0.250606,0.000380,0.793668,-0.029133,0.607654,2.676967,105.076000,358.003400
497.024,7,-0.293469,1.671211,-0.259665,0.003147,0.806163,-0.015950,0.591471,1.686978,107.454400,359.209400
497.135,7,-0.227959,1.679253,-0.261233,0.009626,0.809267,-0.008294,0.587304,1.417136,108.065600,0.334541
497.247,7,-0.161122,1.682873,-0.267272,0.022839,0.803691,-0.000275,0.594608,1.581668,107.037200,2.085914
497.358,7,-0.119169,1.684549,-0.279264,0.023659,0.795758,0.001250,0.605152,1.526849,105.525900,2.245387
497.469,7,-0.066521,1.680949,-0.306713,0.026076,0.776243,-0.000084,0.629895,1.890012,101.921800,2.315252
497.582,7,-0.024426,1.676279,-0.341623,0.015426,0.744427,-0.000488,0.667525,1.221699,96.248700,1.279049
497.692,7,0.001800,1.673925,-0.383825,0.013297,0.699274,-0.015270,0.714567,2.313073,88.756740,359.815000
497.803,7,0.022732,1.683950,-0.425094,-0.009342,0.664783,-0.009692,0.746915,359.938700,83.341400,358.458600
497.914,7,0.040843,1.687588,-0.449526,-0.007355,0.637143,-0.006630,0.770682,359.834500,79.164510,358.877300
498.026,7,0.061861,1.688383,-0.467113,-0.004572,0.594957,-0.003860,0.803736,359.842100,73.021500,359.332700
498.136,7,0.080559,1.687958,-0.471002,-0.006790,0.561603,-0.004216,0.827369,359.627600,68.338590,359.163200
498.248,7,0.099337,1.685194,-0.466096,-0.007619,0.538505,-0.012676,0.842493,0.046682,65.171100,358.305800
498.359,7,0.107478,1.683164,-0.457055,-0.001246,0.533813,-0.017425,0.845422,0.945211,64.523410,358.235100
498.470,7,0.112839,1.684709,-0.442749,-0.009588,0.539118,-0.010703,0.842108,359.736000,65.258580,358.374500
498.581,7,0.112337,1.687909,-0.431468,-0.015898,0.552022,-0.000614,0.833678,358.519900,67.035020,358.935200
498.692,7,0.108316,1.688946,-0.420149,-0.017990,0.564914,0.000560,0.824954,358.262800,68.822220,358.887800
498.804,7,0.108450,1.685968,-0.405412,-0.014129,0.578011,-0.001753,0.815905,358.795000,70.641370,358.899900
498.915,7,0.119680,1.671095,-0.388827,-0.008421,0.584639,-0.014024,0.811128,0.156840,71.563550,358.132000
499.026,7,0.136187,1.622692,-0.372725,-0.001028,0.580058,-0.023248,0.814243,1.449581,70.903030,357.761200
499.137,7,0.144237,1.558592,-0.368603,0.003845,0.572193,-0.024411,0.819747,1.962159,69.796060,357.957400
499.247,7,0.153857,1.479101,-0.370515,-0.004179,0.567917,-0.025379,0.822684,1.257755,69.207100,357.334000
499.359,7,0.156123,1.417251,-0.375219,-0.010490,0.563519,-0.020400,0.825784,0.324662,68.612240,357.391200
499.470,7,0.154822,1.336331,-0.382708,-0.010559,0.558370,-0.019822,0.829288,0.264857,67.899860,357.439900
499.581,7,0.147341,1.268021,-0.390950,-0.018308,0.553970,-0.020145,0.832091,359.533100,67.320460,356.915400
499.692,7,0.134938,1.200741,-0.398504,-0.033774,0.549720,-0.009207,0.834615,357.348800,66.811630,356.987300
499.803,7,0.126361,1.139080,-0.406351,-0.041765,0.545046,-0.010259,0.837303,356.631500,66.230490,356.398600
499.914,7,0.121419,1.103489,-0.413246,-0.041273,0.545037,-0.010259,0.837333,356.678700,66.225400,356.429500
500.025,7,0.113032,1.087495,-0.422772,-0.041318,0.547249,-0.016818,0.835781,357.096300,66.538360,355.789100
500.136,7,0.106071,1.086146,-0.429632,-0.046118,0.552630,-0.010988,0.832077,356.296000,67.309520,356.020300
500.247,7,0.102412,1.080977,-0.434208,-0.049365,0.544746,-0.010530,0.837081,355.918600,66.256000,355.894500
500.358,7,0.104064,1.079398,-0.435070,-0.047384,0.540426,-0.013432,0.839949,356.268400,65.652980,355.759800
500.469,7,0.104720,1.080869,-0.436524,-0.043132,0.543709,-0.011624,0.838084,356.579900,66.061070,356.186700
500.580,7,0.102584,1.078532,-0.438510,-0.044855,0.540693,-0.011119,0.839950,356.369200,65.662800,356.140000
500.691,7,0.101369,1.074846,-0.440627,-0.044922,0.540432,-0.011562,0.840108,356.389000,65.628650,356.094200
500.803,7,0.106196,1.064516,-0.439337,-0.044690,0.541053,-0.010440,0.839736,356.344400,65.709280,356.214100
500.914,7,0.123284,1.026881,-0.432504,-0.049543,0.539007,-0.007405,0.840811,355.679800,65.467220,356.212900
501.025,7,0.148928,0.968973,-0.420974,-0.030284,0.533953,-0.018282,0.844774,358.186700,64.648570,356.373000
501.136,7,0.167857,0.940960,-0.412967,-0.001676,0.534944,-0.028248,0.844414,1.569673,64.670420,357.161700
501.247,7,0.184425,0.933461,-0.407966,0.002826,0.545631,-0.015430,0.837879,1.236181,66.130670,358.694700
501.358,7,0.191031,0.926965,-0.407123,0.003472,0.543058,-0.018531,0.839484,1.487413,65.776870,358.432700
501.469,7,0.195079,0.925117,-0.408298,-0.004744,0.536320,-0.008122,0.843963,0.040331,64.869740,358.922900
501.581,7,0.199092,0.928216,-0.410367,-0.007517,0.534396,-0.010485,0.845136,359.914100,64.612990,358.524100
501.692,7,0.203814,0.937219,-0.411250,-0.004256,0.537771,-0.010870,0.843010,0.258739,65.066030,358.687600
501.803,7,0.210518,1.002854,-0.404220,0.006974,0.541596,-0.018010,0.840417,1.789674,65.578140,358.697600
501.914,7,0.211192,1.107461,-0.395531,0.005419,0.550511,-0.010839,0.834740,1.202219,66.802370,359.304800
502.026,7,0.202206,1.244970,-0.389465,-0.008999,0.541852,-0.004057,0.840416,359.385300,65.628250,359.050400
502.137,7,0.197106,1.328147,-0.387087,-0.019093,0.536685,-0.005306,0.843550,358.480600,64.953150,358.312100
502.248,7,0.201132,1.397802,-0.381018,-0.023107,0.532195,0.002232,0.846304,357.622300,64.351890,358.806100
502.359,7,0.208736,1.431285,-0.375853,-0.019967,0.532493,-0.005069,0.846184,358.373000,64.387650,358.289200
502.470,7,0.210064,1.453300,-0.373586,-0.012585,0.536389,-0.000214,0.843877,358.796000,64.890460,359.205600
502.582,7,0.204459,1.461717,-0.375376,-0.003343,0.531031,-0.005044,0.847331,359.982300,64.151710,359.306800
502.692,7,0.194736,1.477421,-0.379974,-0.003784,0.528151,-0.007944,0.849105,0.112583,63.762950,358.998000
502.804,7,0.185153,1.497931,-0.383909,-0.012735,0.524983,-0.002407,0.851014,358.902800,63.349650,358.998900
502.915,7,0.179758,1.504662,-0.384572,-0.015695,0.519744,-0.001578,0.854177,358.557600,62.652540,358.910300
503.026,7,0.172592,1.503172,-0.381543,0.000710,0.502627,-0.010853,0.864435,0.695444,60.345620,358.965600
503.137,7,0.166557,1.507896,-0.381070,0.004128,0.488978,-0.018717,0.872086,1.461436,58.537740,358.360000
503.248,7,0.156094,1.519023,-0.385584,0.016483,0.480788,-0.028959,0.876203,3.252201,57.451840,357.996900
503.359,7,0.143237,1.525579,-0.394933,0.068246,0.475834,-0.074379,0.873723,10.955140,56.781590,356.202300
503.469,7,0.120269,1.527046,-0.414842,0.204787,0.471066,-0.150218,0.844745,29.177080,57.251190,356.003300
503.578,7,0.104710,1.534726,-0.432309,0.245584,0.474793,-0.189308,0.823664,35.755030,58.126570,354.438400
503.687,7,0.095490,1.538768,-0.442254,0.261596,0.467043,-0.194185,0.822029,37.695450,57.351610,354.568500
503.794,7,0.096563,1.538188,-0.443508,0.265601,0.459030,-0.193043,0.825519,38.005890,56.273200,354.546600
503.894,7,0.099300,1.537128,-0.443032,0.265585,0.455822,-0.192858,0.827343,37.972140,55.774810,354.394500
503.995,7,0.103877,1.537136,-0.441091,0.267448,0.450922,-0.191012,0.829853,38.035320,55.131730,354.475500
504.102,7,0.108681,1.539857,-0.439609,0.264557,0.448052,-0.189535,0.832668,37.619770,54.628290,354.307300
504.202,7,0.110728,1.542874,-0.439628,0.261684,0.446250,-0.186201,0.835291,37.110200,54.352710,354.422300
504.302,7,0.111440,1.547505,-0.441746,0.253073,0.446429,-0.179834,0.839235,35.827180,54.284090,354.629400
504.408,7,0.109190,1.553808,-0.446821,0.238174,0.446875,-0.172986,0.844779,33.849590,54.085710,354.513700
504.522,7,0.103700,1.564203,-0.455519,0.208356,0.448369,-0.159826,0.854406,29.957870,53.848340,354.285300
504.634,7,0.096923,1.574209,-0.464357,0.177737,0.452310,-0.143194,0.862161,25.849710,54.103900,354.508100
504.744,7,0.080159,1.597193,-0.482353,0.138358,0.467517,-0.118735,0.864978,20.510190,55.939210,355.343500
504.853,7,0.051820,1.626119,-0.506280,0.100728,0.490146,-0.088613,0.861254,15.092120,58.865020,356.800100
504.965,7,0.017740,1.648787,-0.530371,0.068996,0.508610,-0.065428,0.855731,10.640050,61.223950,357.562800
505.077,7,-0.005006,1.659842,-0.544913,0.037596,0.518004,-0.044917,0.853371,6.355737,62.395520,357.825400
505.188,7,-0.016491,1.659779,-0.551101,0.034190,0.524185,-0.044391,0.849760,6.006699,63.217980,357.718000
505.299,7,-0.016026,1.658115,-0.550484,0.038083,0.523196,-0.049916,0.849897,6.716911,63.080400,357.403100
505.410,7,-0.004188,1.655801,-0.542057,0.040873,0.520579,-0.051058,0.851305,7.050886,62.734240,357.437200
505.522,7,0.021780,1.648093,-0.525603,0.032759,0.521502,-0.044120,0.851479,5.843103,62.851700,357.639800
505.633,7,0.058367,1.626206,-0.498239,0.043311,0.522972,-0.049674,0.849798,7.213511,63.074370,357.739800
505.744,7,0.097794,1.598059,-0.463679,0.053640,0.522409,-0.053798,0.849304,8.471816,63.039870,357.952600
505.856,7,0.127572,1.580296,-0.435608,0.053544,0.526593,-0.054489,0.846678,8.514329,63.604400,357.921000
505.967,7,0.156960,1.572681,-0.410931,0.055739,0.529616,-0.053700,0.844699,8.687557,64.034870,358.163500
506.078,7,0.173999,1.573191,-0.399332,0.050667,0.534183,-0.057613,0.841880,8.445157,64.607740,357.515600
506.189,7,0.189776,1.575628,-0.390326,0.045128,0.550333,-0.060926,0.831496,8.169769,66.784300,357.009100
506.301,7,0.200837,1.579581,-0.387696,0.043646,0.566736,-0.065052,0.820167,8.356368,69.046620,356.683600
506.411,7,0.216481,1.583887,-0.385300,0.034361,0.581108,-0.062576,0.810689,7.379367,71.037060,356.443200
506.524,7,0.239645,1.581931,-0.380767,0.033674,0.594064,-0.060010,0.801469,7.196783,72.888830,356.753700
506.635,7,0.264426,1.576034,-0.375223,0.030173,0.603150,-0.059347,0.794844,6.866511,74.183750,356.654100
506.746,7,0.293524,1.568420,-0.367065,0.027760,0.610076,-0.054544,0.789976,6.338981,75.188730,356.983300
506.857,7,0.310152,1.562486,-0.361577,0.028523,0.613296,-0.055674,0.787372,6.500171,75.658520,356.960400
506.968,7,0.323958,1.556291,-0.355618,0.028872,0.617758,-0.055846,0.783851,6.561014,76.312120,357.006600
507.080,7,0.329916,1.552730,-0.350286,0.028082,0.618382,-0.057614,0.783260,6.617805,76.396770,356.795800
507.191,7,0.329220,1.552009,-0.341531,0.038523,0.620258,-0.061078,0.781067,7.813353,76.719180,357.244700
507.302,7,0.309872,1.564999,-0.320196,0.048777,0.619611,-0.048391,0.781896,7.830578,76.729680,359.119200
507.413,7,0.274717,1.584911,-0.278980,0.057772,0.611511,-0.021108,0.788842,6.716763,75.692310,2.155509
507.525,7,0.230237,1.602317,-0.231672,0.066495,0.612183,-0.001779,0.787914,6.140254,75.935390,4.534842
507.635,7,0.187157,1.615893,-0.195985,0.073986,0.605380,0.012042,0.792399,5.893108,75.081600,6.271513
507.747,7,0.142401,1.629390,-0.165547,0.068791,0.591260,0.016290,0.803377,5.236482,72.987480,6.198395
507.858,7,0.121831,1.633657,-0.154540,0.060797,0.590067,0.012529,0.804965,4.766389,72.705810,5.292347
507.969,7,0.110164,1.636856,-0.147473,0.057382,0.596164,0.019388,0.800575,3.942749,73.545040,5.721690
508.080,7,0.107527,1.638168,-0.143485,0.054937,0.595341,0.021978,0.801291,3.547235,73.402350,5.786817
508.191,7,0.109888,1.637889,-0.142742,0.053945,0.599950,0.018362,0.798005,3.673131,74.046120,5.406906
508.303,7,0.119039,1.639311,-0.142877,0.051302,0.604083,0.020209,0.795011,3.276554,74.613050,5.409248
508.413,7,0.140047,1.638125,-0.146052,0.048746,0.606041,0.017700,0.793741,3.206161,74.865550,5.009384
508.524,7,0.171292,1.637172,-0.159414,0.047042,0.614599,0.008265,0.787393,3.664933,76.077830,4.070513
508.636,7,0.201600,1.640175,-0.185473,0.041342,0.624824,-0.004143,0.779659,3.993464,77.508380,2.597055
508.747,7,0.242427,1.649967,-0.233068,0.028565,0.641472,-0.018250,0.766397,3.853117,79.875170,0.498082
508.858,7,0.274543,1.654825,-0.268256,0.021337,0.650837,-0.029691,0.758337,4.071947,81.239940,359.008600
508.969,7,0.309527,1.659629,-0.298532,0.018454,0.650566,-0.041872,0.758070,4.729915,81.177830,357.730100
509.080,7,0.330933,1.662774,-0.313456,0.013835,0.649604,-0.045285,0.758797,4.578840,81.016780,357.081600
509.191,7,0.346541,1.665386,-0.321283,0.011607,0.650947,-0.045481,0.757670,4.404647,81.215590,356.906300
509.303,7,0.360443,1.668048,-0.333189,0.007284,0.655279,-0.043040,0.754125,3.864199,81.869170,356.818700
509.414,7,0.369133,1.669388,-0.357478,-0.002491,0.700229,-0.044898,0.712501,3.401224,88.889530,356.124500
509.526,7,0.373838,1.670093,-0.394891,-0.014376,0.789603,-0.040207,0.612131,2.630546,104.336700,355.871000
509.637,7,0.376728,1.670512,-0.420966,-0.019095,0.859118,-0.037956,0.510011,2.621641,118.515400,355.894100
509.748,7,0.382059,1.671151,-0.444227,-0.012055,0.925183,-0.035221,0.377691,3.214006,135.507400,357.192000
509.859,7,0.388252,1.673765,-0.447461,-0.004662,0.956385,-0.027963,0.290729,2.910487,146.146100,358.555400
509.970,7,0.400665,1.674882,-0.431182,-0.015404,0.980977,-0.029027,0.191321,2.926550,157.867500,357.628300
510.081,7,0.416060,1.672468,-0.403300,-0.018743,0.990656,-0.029945,0.131728,3.117946,164.781300,357.415600
510.192,7,0.428752,1.668959,-0.371752,-0.018211,0.993418,-0.036220,0.107133,3.902610,167.603700,357.475600
510.304,7,0.436687,1.670591,-0.342608,-0.019104,0.994877,-0.039995,0.090863,4.364891,169.464000,357.397200
510.414,7,0.440351,1.671618,-0.320173,-0.021080,0.996770,-0.037623,0.067750,4.137321,172.125400,357.292100
510.525,7,0.441781,1.670917,-0.293720,-0.018996,0.998411,-0.041614,0.032911,4.694601,176.128100,357.661200
510.636,7,0.443680,1.672773,-0.277769,-0.017459,0.999051,-0.033247,0.022091,3.764673,177.397900,357.912100
510.747,7,0.444334,1.674429,-0.260395,-0.015416,0.999370,-0.026578,0.017769,3.013681,177.914800,358.177700
510.858,7,0.442865,1.676076,-0.245280,-0.015321,0.999591,-0.024092,0.001435,2.758125,179.793100,358.238800
510.968,7,0.434831,1.679676,-0.221925,-0.012704,0.999456,-0.020738,-0.022283,2.408199,182.524900,358.596600
511.080,7,0.420614,1.681861,-0.201567,-0.020422,0.999153,-0.016908,-0.031468,2.009893,183.567900,357.720800
511.190,7,0.393760,1.682724,-0.174049,-0.028286,0.999052,-0.009088,-0.031806,1.143604,183.614800,356.792500
511.302,7,0.361094,1.683336,-0.150154,-0.031179,0.999124,-0.002160,-0.027835,0.346752,183.180900,356.434800
511.414,7,0.320458,1.682681,-0.127777,-0.031717,0.999103,0.002104,-0.027963,359.860700,183.210800,356.359600
511.525,7,0.278340,1.681585,-0.108591,-0.025162,0.999217,-0.002708,-0.030407,0.397709,183.476100,357.127100
511.637,7,0.246999,1.681654,-0.093908,-0.021480,0.999363,-0.002951,-0.028356,0.407753,183.241900,357.548900
511.748,7,0.215987,1.679372,-0.074588,-0.020129,0.999397,-0.008872,-0.026883,1.078103,183.060300,357.721200
511.859,7,0.198043,1.678867,-0.062999,-0.018553,0.999606,-0.006616,-0.019986,0.800325,182.276100,357.889300
511.970,7,0.179945,1.677226,-0.052676,-0.015649,0.999734,-0.009497,-0.014059,1.113323,181.594000,358.221900
512.082,7,0.167230,1.676451,-0.046428,-0.015989,0.999779,-0.009441,-0.009823,1.099637,181.108400,358.178200
512.192,7,0.157190,1.675164,-0.043406,-0.016587,0.999787,-0.009682,-0.007602,1.123799,180.852700,358.107400
512.304,7,0.149335,1.674902,-0.043630,-0.019085,0.999744,-0.010055,-0.006840,1.166935,180.761800,357.820500
512.415,7,0.144989,1.674781,-0.046987,-0.021291,0.999710,-0.009613,-0.005917,1.115749,180.654500,357.566200
512.526,7,0.142429,1.674198,-0.056444,-0.020642,0.999732,-0.010509,-0.000719,1.205754,180.057600,357.634900
512.637,7,0.142068,1.672754,-0.073474,-0.020409,0.999650,-0.015614,0.006287,1.774239,179.242900,357.649000
512.747,7,0.144109,1.668061,-0.118997,-0.023988,0.999395,-0.023228,0.009711,2.634369,178.822600,357.223000
512.859,7,0.146087,1.660697,-0.173580,-0.028246,0.999488,-0.012609,0.008256,1.417554,179.013300,356.750200
512.970,7,0.152099,1.647221,-0.244135,-0.027255,0.999485,-0.016936,-0.000938,1.943076,180.054600,356.876900
513.082,7,0.158901,1.644159,-0.297625,-0.021902,0.999345,-0.023318,-0.016910,2.713726,181.880400,357.533500
513.193,7,0.163731,1.646047,-0.335373,-0.019175,0.998629,-0.034095,-0.034785,3.981251,183.918200,357.936200
513.304,7,0.166604,1.651065,-0.356480,-0.015118,0.998291,-0.030558,-0.047469,3.580241,185.395800,358.433500
513.414,7,0.168765,1.652962,-0.365865,-0.009097,0.997753,-0.033723,-0.057183,3.918393,186.532200,359.178900
513.526,7,0.171708,1.653613,-0.372157,-0.011362,0.997646,-0.030910,-0.060145,3.614374,186.865700,358.911900
513.637,7,0.172592,1.653354,-0.375824,-0.011185,0.997697,-0.031288,-0.059136,3.655305,186.750000,358.931000
513.748,7,0.170286,1.644795,-0.384718,-0.012662,0.997405,-0.024592,-0.066473,2.908469,187.593800,358.738400
513.859,7,0.165840,1.634623,-0.412828,-0.024825,0.991176,-0.029274,-0.126871,3.688437,194.511100,357.600300
513.970,7,0.168023,1.623075,-0.469414,-0.015556,0.977285,-0.025659,-0.209795,3.249231,204.199800,358.872900
514.081,7,0.174987,1.624903,-0.524814,-0.022096,0.965037,-0.032852,-0.259105,4.293043,210.002900,358.527600
514.192,7,0.180151,1.636844,-0.562653,-0.031713,0.955170,-0.038428,-0.291837,5.274077,213.878200,357.804100
514.304,7,0.186796,1.647505,-0.583119,-0.029159,0.944863,-0.037700,-0.323978,5.171484,217.772300,358.235100
514.415,7,0.193259,1.653506,-0.590928,-0.027050,0.938226,-0.037351,-0.342937,5.085426,220.092100,358.553700
514.526,7,0.196662,1.658635,-0.597416,-0.028818,0.930844,-0.034762,-0.362616,4.911425,222.497300,358.364200
514.637,7,0.196406,1.660667,-0.604626,-0.026794,0.924601,-0.029447,-0.378850,4.287151,224.503500,358.435000
514.748,7,0.195766,1.658729,-0.615337,-0.022007,0.920050,-0.035097,-0.389606,4.688006,225.870700,359.244100
514.859,7,0.190952,1.657799,-0.625195,-0.018549,0.920729,-0.034347,-0.388245,4.453655,225.710800,359.569700
514.970,7,0.165522,1.652969,-0.638789,-0.015255,0.920596,-0.036972,-0.388464,4.584280,225.758100,0.036599
515.081,7,0.116173,1.634561,-0.653765,-0.004307,0.916910,-0.039442,-0.397117,4.344369,226.886300,1.346290
515.192,7,0.057398,1.607963,-0.662786,-0.009359,0.916694,-0.053179,-0.395924,6.021924,226.795100,1.437682
515.304,7,-0.001581,1.596961,-0.660401,-0.022105,0.922814,-0.056052,-0.380505,6.907863,224.822300,0.107313
515.415,7,-0.053311,1.601361,-0.652750,-0.029292,0.935959,-0.050412,-0.347249,6.586905,220.644800,358.856700
515.526,7,-0.108158,1.621895,-0.637271,-0.037595,0.954298,-0.049650,-0.292296,6.703993,213.914600,357.534300
515.637,7,-0.133818,1.639523,-0.623533,-0.034673,0.964157,-0.049742,-0.258312,6.536267,209.860700,357.625400
515.748,7,-0.150941,1.653952,-0.608957,-0.024585,0.975738,-0.052282,-0.211183,6.454281,204.340600,358.506700
515.860,7,-0.158085,1.658297,-0.604093,-0.023844,0.982996,-0.044539,-0.176543,5.507855,200.276900,358.206600
515.970,7,-0.165595,1.659253,-0.601845,-0.023734,0.986352,-0.044203,-0.156822,5.430794,197.978000,358.103000
516.081,7,-0.171043,1.657483,-0.601507,-0.013472,0.987906,-0.044073,-0.148048,5.225136,197.010300,359.219300
516.191,7,-0.173433,1.652955,-0.601459,-0.003831,0.988548,-0.054897,-0.140516,6.293011,196.205000,0.452728
516.303,7,-0.150696,1.650435,-0.598522,0.013241,0.996623,-0.067614,-0.044669,7.676945,185.258500,1.875471
516.413,7,-0.098863,1.653756,-0.575621,0.006282,0.979881,-0.068319,0.187421,7.830509,158.291100,359.231000
516.524,7,-0.056571,1.656346,-0.515369,-0.000783,0.919127,-0.085096,0.384661,8.964654,134.276100,356.116200
516.635,7,-0.037574,1.659444,-0.457666,0.014374,0.873255,-0.077294,0.480879,8.558446,122.105600,357.146100
516.746,7,-0.027113,1.658499,-0.398658,0.017145,0.854240,-0.081489,0.513167,9.022304,117.762100,356.845700
516.858,7,-0.023912,1.649042,-0.360646,0.021359,0.864206,-0.078555,0.496508,9.031924,120.054700,357.615500
516.969,7,-0.021390,1.638059,-0.317955,0.029961,0.873671,-0.090971,0.476996,10.809250,122.543700,357.991100
517.080,7,-0.023962,1.639070,-0.286033,0.037680,0.876108,-0.097330,0.470683,11.888820,123.350600,358.500900
517.191,7,-0.030364,1.642959,-0.260142,0.030262,0.878347,-0.095309,0.467447,11.286840,123.749600,357.899600
517.302,7,-0.035331,1.642768,-0.240784,0.033562,0.881114,-0.092656,0.462522,11.205390,124.455300,358.448100
517.413,7,-0.033743,1.634968,-0.231260,0.041595,0.879172,-0.113046,0.461029,13.717040,124.435200,358.165600
517.524,7,-0.029689,1.621400,-0.229574,0.052549,0.878454,-0.140847,0.453563,17.164960,125.062700,357.874100
517.635,7,-0.020221,1.610500,-0.236376,0.052486,0.883723,-0.135252,0.444955,16.604230,126.308600,358.349900
517.746,7,0.003336,1.575914,-0.253764,0.052538,0.887160,-0.127228,0.440455,15.784720,127.037700,358.877200
517.857,7,0.024150,1.542403,-0.269949,0.038515,0.885638,-0.105622,0.450563,12.814310,125.893200,358.415800
517.968,7,0.044098,1.507904,-0.288295,0.000684,0.871503,-0.054039,0.487404,5.443048,121.425300,357.035400
518.079,7,0.048012,1.479325,-0.299147,0.005180,0.864663,-0.064873,0.498120,6.739021,119.919400,356.786400
518.190,7,0.045453,1.453083,-0.313406,0.017570,0.861743,-0.073798,0.501643,8.326716,119.405900,357.465300
518.302,7,0.039120,1.437629,-0.337218,0.014594,0.859867,-0.070205,0.505458,7.786739,118.922500,357.346300
518.413,7,0.028652,1.415887,-0.378438,0.019827,0.866795,-0.052592,0.495487,6.362599,120.435900,358.976900
518.525,7,0.017878,1.391312,-0.422665,0.015572,0.867254,-0.049183,0.495185,5.781231,120.485900,358.750200
518.636,7,0.010193,1.373315,-0.458476,0.010953,0.867493,-0.041921,0.495559,4.794798,120.471000,358.703600
518.747,7,0.002209,1.356025,-0.497339,0.014808,0.870642,-0.044459,0.489680,5.273952,121.243000,358.978200
518.859,7,0.000071,1.348054,-0.519006,0.014253,0.869573,-0.049129,0.491148,5.707116,121.015800,358.648300
518.970,7,0.002204,1.342173,-0.536966,0.013200,0.866378,-0.052858,0.496409,6.009606,120.287600,358.294000
519.081,7,0.007962,1.340088,-0.545380,0.016064,0.864656,-0.056462,0.498922,6.526927,119.934600,358.352800
519.192,7,0.020116,1.339236,-0.542738,0.017566,0.863217,-0.056638,0.501338,6.626469,119.617400,358.473400
519.303,7,0.046024,1.336063,-0.515473,0.024103,0.848887,-0.054401,0.525215,6.758172,116.453700,359.064000
519.414,7,0.077245,1.332397,-0.471558,0.031425,0.825760,-0.050986,0.560832,6.860539,111.615300,359.694700
519.525,7,0.125842,1.324239,-0.395050,0.027330,0.778827,-0.050348,0.624617,6.463282,102.474800,358.827900
519.636,7,0.165272,1.312365,-0.339344,0.028322,0.758557,-0.053167,0.648817,6.742730,98.828740,358.498400
519.747,7,0.213260,1.298077,-0.281404,0.023620,0.736692,-0.070412,0.672138,7.787295,95.011310,356.536800
519.859,7,0.241381,1.295091,-0.255436,0.019944,0.743637,-0.071925,0.664404,7.670375,96.185710,356.186600
519.970,7,0.267468,1.294202,-0.234783,0.024520,0.748131,-0.076554,0.658665,8.444148,97.003110,356.281100
520.081,7,0.282793,1.298231,-0.226478,0.027614,0.751827,-0.074385,0.654569,8.510965,97.670830,356.762200
520.192,7,0.296127,1.303286,-0.224993,0.031028,0.758075,-0.073103,0.647314,8.685169,98.802860,357.240100
520.303,7,0.305752,1.310774,-0.234140,0.031440,0.766166,-0.070364,0.638005,8.507484,100.250600,357.588800
520.415,7,0.307154,1.311268,-0.264120,0.025148,0.783412,-0.069575,0.617085,8.050686,103.356500,357.310300
520.526,7,0.311213,1.296484,-0.318242,0.020500,0.796151,-0.076684,0.599870,8.435702,105.752900,356.559800
520.637,7,0.312591,1.284317,-0.350342,0.020579,0.796242,-0.074836,0.599979,8.271769,105.764000,356.696300
520.748,7,0.317775,1.277108,-0.380990,0.028893,0.798920,-0.080704,0.595298,9.401553,106.379800,357.099600
520.859,7,0.318459,1.275814,-0.396972,0.029716,0.799713,-0.081456,0.594088,9.531547,106.545700,357.137100
520.970,7,0.315836,1.274886,-0.407376,0.029660,0.799081,-0.084335,0.594539,9.790637,106.435900,356.924000
521.082,7,0.312773,1.275620,-0.407972,0.028932,0.797636,-0.083536,0.596625,9.659115,106.144600,356.887600
521.192,7,0.310389,1.276573,-0.405482,0.030675,0.796428,-0.083843,0.598107,9.801947,105.931300,357.008100
521.303,7,0.307610,1.276854,-0.406749,0.029966,0.794900,-0.085778,0.599899,9.922912,105.638100,356.783100
521.415,7,0.303703,1.275472,-0.414270,0.026760,0.797908,-0.088866,0.595592,10.002400,106.199700,356.323300
521.526,7,0.297933,1.275360,-0.427794,0.023384,0.801308,-0.090657,0.590881,9.957780,106.836700,355.944400
521.637,7,0.293548,1.276714,-0.437115,0.020750,0.803846,-0.090284,0.587580,9.760710,107.307800,355.767400
521.748,7,0.289958,1.279443,-0.440624,0.020347,0.804494,-0.088546,0.586970,9.576016,107.422900,355.858600
521.859,7,0.289034,1.281151,-0.435716,0.020697,0.801926,-0.084752,0.591019,9.229773,106.905400,356.108700
521.970,7,0.288633,1.282247,-0.423744,0.023987,0.797713,-0.083886,0.596692,9.349687,106.112900,356.406800
522.082,7,0.286263,1.286394,-0.410718,0.024724,0.795320,-0.081921,0.600120,9.205832,105.650200,356.573500
522.192,7,0.279809,1.294418,-0.401210,0.024614,0.797776,-0.079550,0.597177,8.993586,106.112000,356.764900
522.303,7,0.268725,1.306623,-0.395403,0.027297,0.802997,-0.089448,0.588600,10.124420,107.199700,356.420600
522.415,7,0.253966,1.321303,-0.392372,0.038792,0.806864,-0.123531,0.576374,14.126520,108.335500,355.279900
522.525,7,0.221131,1.313749,-0.388488,0.133498,0.794672,-0.294117,0.513975,37.206010,112.022400,353.499900
522.635,7,0.192490,1.308696,-0.384394,0.199194,0.781213,-0.376414,0.456444,50.350380,118.038400,357.089700
522.745,7,0.173743,1.319963,-0.381394,0.199612,0.799091,-0.358943,0.439054,48.498370,122.576500,0.330778
522.855,7,0.166947,1.325024,-0.375328,0.188137,0.800033,-0.354833,0.445696,47.346130,121.190000,358.709100
522.965,7,0.162278,1.335029,-0.365586,0.175786,0.800856,-0.336749,0.462958,44.598750,118.938900,357.565800
523.076,7,0.157772,1.344080,-0.357917,0.167346,0.798347,-0.328510,0.476151,43.148640,116.955900,356.413400
523.187,7,0.145921,1.367880,-0.348828,0.159600,0.796944,-0.324150,0.484081,42.158030,115.675500,355.400500
523.299,7,0.131929,1.399150,-0.342821,0.150266,0.801872,-0.312337,0.486690,40.328960,115.746700,355.257100
523.410,7,0.109175,1.451619,-0.333537,0.135524,0.809202,-0.294249,0.490146,37.521990,115.893000,355.000500
523.522,7,0.083062,1.497828,-0.322412,0.124609,0.809533,-0.289170,0.495489,36.275610,115.081300,353.961300
523.633,7,0.056891,1.545172,-0.311133,0.103384,0.817089,-0.251883,0.508166,31.110780,114.617500,354.164600
523.745,7,0.026702,1.587597,-0.296355,0.074224,0.820618,-0.210208,0.526203,25.031310,113.262300,353.701400
523.857,7,-0.002577,1.616121,-0.284006,0.047863,0.824012,-0.171176,0.537971,19.487410,112.619200,353.587000
523.968,7,-0.038978,1.639270,-0.271642,0.018935,0.826380,-0.127429,0.548178,13.377730,112.132300,353.601900
524.080,7,-0.060475,1.647060,-0.266066,0.002165,0.825699,-0.099794,0.555210,9.625220,111.639100,353.755600
524.191,7,-0.080006,1.654179,-0.262758,-0.015082,0.830291,-0.073416,0.552268,6.041811,112.416600,353.873300
524.303,7,-0.096048,1.663126,-0.258598,-0.037451,0.828843,-0.041452,0.556685,1.548176,112.142100,353.784200
524.414,7,-0.108818,1.665157,-0.253726,-0.046916,0.830556,-0.029701,0.554160,359.847600,112.584900,353.635600
524.526,7,-0.113434,1.659795,-0.251935,-0.045087,0.840422,-0.039700,0.538593,1.040720,114.629700,353.190500
524.636,7,-0.114216,1.652244,-0.252453,-0.038817,0.848304,-0.056247,0.525081,3.133584,116.290100,352.812700
524.747,7,-0.119432,1.644990,-0.250742,-0.033686,0.858533,-0.067227,0.507215,4.661098,118.555400,352.735100
524.859,7,-0.124481,1.638258,-0.246268,-0.030142,0.862593,-0.073556,0.499615,5.553663,119.489200,352.756200
524.969,7,-0.124078,1.623475,-0.241776,-0.019727,0.864268,-0.102533,0.492075,9.080296,120.064600,352.141900
525.080,7,-0.117712,1.602574,-0.239923,0.011711,0.861561,-0.153617,0.483713,16.023440,120.294500,352.320900
525.190,7,-0.109407,1.577525,-0.238629,0.046095,0.853119,-0.211497,0.474693,23.867650,120.190500,352.324300
525.301,7,-0.108505,1.570605,-0.237746,0.055657,0.857726,-0.226462,0.458174,26.071050,122.119200,352.834700
525.412,7,-0.107270,1.569139,-0.234893,0.060932,0.859543,-0.231666,0.451447,26.953590,122.967500,353.272500
525.523,7,-0.103923,1.567372,-0.231775,0.070914,0.853987,-0.239878,0.456220,28.320870,122.165400,353.624300
525.634,7,-0.100771,1.567531,-0.229443,0.080274,0.849389,-0.243466,0.461323,29.186880,121.473100,354.197400
525.745,7,-0.095113,1.567587,-0.228544,0.090769,0.841797,-0.245282,0.472203,29.912550,120.025100,354.782100
525.856,7,-0.088849,1.565917,-0.231049,0.097590,0.836206,-0.248565,0.479011,30.610280,119.021100,355.006100
525.967,7,-0.073094,1.561622,-0.240605,0.109486,0.828525,-0.260554,0.483396,32.520480,118.078700,355.205400
526.078,7,-0.047715,1.549114,-0.253972,0.134364,0.815805,-0.291076,0.481335,37.176400,117.440900,355.610600
526.188,7,0.002039,1.515556,-0.280358,0.173595,0.794588,-0.345070,0.468425,45.317040,117.345400,356.134400
526.301,7,0.062403,1.465765,-0.312394,0.199602,0.776673,-0.370248,0.468887,49.667800,116.236700,356.708800
526.411,7,0.126644,1.395782,-0.344857,0.187759,0.777310,-0.346155,0.490625,46.251110,113.788900,356.038700
526.520,7,0.169345,1.341609,-0.369815,0.169227,0.791418,-0.279236,0.516767,38.089090,113.192500,358.489900
526.632,7,0.204535,1.286039,-0.388917,0.116982,0.793740,-0.216687,0.556183,28.301590,109.052500,356.397200
526.744,7,0.222228,1.255431,-0.396251,0.090684,0.792290,-0.184227,0.574556,23.336360,107.224500,355.752700
526.856,7,0.231321,1.244155,-0.397160,0.089054,0.789211,-0.181475,0.579899,22.937630,106.500700,355.646500
526.967,7,0.238235,1.243816,-0.396350,0.093413,0.789374,-0.177903,0.580098,22.907290,106.633600,356.332200
527.078,7,0.241160,1.245673,-0.394690,0.096269,0.790463,-0.173444,0.579498,22.692020,106.900000,356.966300
527.189,7,0.243481,1.246678,-0.393168,0.096516,0.790533,-0.171169,0.580038,22.494540,106.895500,357.147900
527.301,7,0.243436,1.245665,-0.393545,0.095738,0.790539,-0.172835,0.579665,22.597600,106.890300,356.957400
527.412,7,0.242202,1.246012,-0.395399,0.096573,0.791122,-0.173861,0.578423,22.756170,107.051000,356.995900
527.523,7,0.239070,1.255259,-0.395550,0.093881,0.793005,-0.169183,0.577674,22.134980,107.292300,357.118300
527.634,7,0.230608,1.293097,-0.393754,0.086404,0.796824,-0.155802,0.577349,20.368930,107.684900,357.419600
527.746,7,0.195204,1.408709,-0.390128,0.045599,0.802254,-0.109795,0.585025,13.268770,107.420000,356.742800
527.857,7,0.137098,1.513689,-0.388933,0.017678,0.800200,-0.088283,0.592937,9.337598,106.561300,355.559400
527.968,7,0.049352,1.605596,-0.395490,0.013905,0.788457,-0.078394,0.609916,8.081549,104.250400,355.730900
528.079,7,0.000278,1.645769,-0.407766,0.007829,0.772801,-0.066421,0.631115,6.461950,101.292000,355.859800
528.190,7,-0.043495,1.669220,-0.419649,-0.005133,0.753899,-0.052442,0.654874,4.148851,97.882360,355.605300
528.302,7,-0.074251,1.677643,-0.416924,-0.008527,0.740846,-0.043815,0.670190,3.066310,95.623500,355.901800
528.413,8,-0.100256,1.685220,-0.402906,-0.011197,0.735068,-0.027970,0.677323,1.487069,94.641970,356.883400
528.524,8,-0.124841,1.690008,-0.379401,-0.018317,0.733176,-0.015912,0.679606,359.910400,94.345180,357.220900
528.636,8,-0.145800,1.691885,-0.351807,-0.026502,0.735594,-0.012063,0.676797,358.961400,94.796360,356.828300
528.747,8,-0.168184,1.692622,-0.313599,-0.021875,0.736637,-0.015561,0.675755,359.619700,94.946570,356.947000
528.858,8,-0.181225,1.688883,-0.285835,-0.010974,0.732141,-0.019091,0.680797,0.745584,94.146590,357.589000
528.969,8,-0.194111,1.680281,-0.252078,0.015773,0.709048,-0.030638,0.704318,3.765140,90.344290,358.806200
529.080,8,-0.201048,1.665998,-0.223586,0.059028,0.671814,-0.064316,0.735558,9.977052,84.735620,359.109600
529.190,8,-0.207771,1.626968,-0.184309,0.167701,0.591533,-0.151764,0.773908,26.047590,74.245980,357.671500
529.301,8,-0.210491,1.611410,-0.157593,0.197620,0.531208,-0.176495,0.804744,30.369760,65.519040,355.072200
529.411,8,-0.212112,1.609350,-0.145933,0.206777,0.500759,-0.168910,0.823379,30.642430,61.315170,355.262100
529.523,8,-0.207733,1.609890,-0.150456,0.198108,0.504200,-0.178405,0.821406,30.355080,61.399800,353.792000
529.633,8,-0.194149,1.609371,-0.179234,0.179146,0.580719,-0.197386,0.769228,30.322050,72.376400,353.641300
529.745,8,-0.180867,1.604742,-0.229247,0.176234,0.703216,-0.208386,0.656509,31.633220,93.443700,358.266700
529.856,8,-0.172358,1.605067,-0.270805,0.162243,0.774478,-0.213215,0.573063,31.078410,107.131000,0.464052
529.968,8,-0.161382,1.608230,-0.317476,0.142606,0.831622,-0.212650,0.492796,29.619670,119.181500,1.819479
530.079,8,-0.150837,1.610620,-0.346834,0.129075,0.852240,-0.212659,0.460221,28.769000,123.667600,1.586274
530.190,8,-0.136334,1.615249,-0.380951,0.110612,0.867146,-0.205182,0.440140,26.950080,126.350500,0.720887
530.302,8,-0.123974,1.620764,-0.401550,0.106817,0.865844,-0.195734,0.447875,25.761790,125.438000,0.613617
530.413,8,-0.107881,1.635028,-0.396694,0.101433,0.821749,-0.155814,0.538667,21.429500,113.495800,359.928700
530.524,8,-0.102153,1.650420,-0.345321,0.078782,0.640798,-0.122909,0.753701,16.038100,80.033070,354.967500
530.635,8,-0.134151,1.654543,-0.287962,0.088454,0.385441,-0.085716,0.914475,13.170820,45.106720,354.780200
530.746,8,-0.209467,1.642265,-0.245832,0.127346,0.077063,-0.048507,0.987670,15.012420,8.326532,355.475700
530.857,8,-0.267773,1.631398,-0.241397,0.157391,-0.093145,-0.032102,0.982610,17.657560,348.304800,354.434900
530.968,8,-0.317965,1.618270,-0.259615,0.188693,-0.246210,-0.010452,0.950614,20.707750,329.692000,353.074600
531.079,8,-0.331700,1.615157,-0.277892,0.200260,-0.314581,0.001714,0.927864,21.882570,321.070500,352.394500
531.190,8,-0.319625,1.635587,-0.283783,0.123617,-0.298446,0.005222,0.946373,13.714950,324.540100,356.228500
531.302,8,-0.286819,1.667134,-0.272424,-0.010489,-0.200935,-0.005485,0.979533,358.696200,336.819400,359.625800
531.414,8,-0.259206,1.684617,-0.254524,-0.071868,-0.103591,-0.013171,0.991933,351.645100,348.123500,359.349000
531.525,8,-0.254679,1.693231,-0.223367,-0.091919,-0.056306,-0.007928,0.994142,349.417400,353.545900,359.684500
531.637,8,-0.264139,1.696144,-0.188453,-0.104871,-0.029305,-0.011632,0.993986,347.926700,356.727700,359.005200
531.748,8,-0.288718,1.705592,-0.139410,-0.121296,0.010288,-0.014922,0.992451,346.086700,1.419198,358.104000
531.860,8,-0.309485,1.707328,-0.103450,-0.135687,0.027472,-0.005609,0.990355,344.428100,3.328900,358.895800
531.971,8,-0.325197,1.710033,-0.058483,-0.145963,0.037266,-0.007009,0.988563,343.257800,4.535567,358.519800
532.082,8,-0.329030,1.710345,-0.018598,-0.154337,0.041907,-0.005069,0.987116,342.285600,5.076964,358.620000
532.193,8,-0.323603,1.705726,0.019354,-0.162629,0.036230,-0.002639,0.986018,341.305700,4.377765,358.972400
532.305,8,-0.309091,1.706223,0.055150,-0.174066,0.023465,-0.007129,0.984429,339.978300,2.969967,358.645800
532.416,8,-0.295904,1.716339,0.085662,-0.189134,0.009648,-0.010762,0.981845,338.210800,1.420324,358.470600
532.528,8,-0.283334,1.717291,0.120310,-0.189617,-0.007453,-0.003106,0.981825,338.137100,359.169200,359.797900
532.638,8,-0.276992,1.720265,0.142909,-0.184198,-0.007478,0.000313,0.982861,338.772200,359.089400,0.207194
532.750,8,-0.270724,1.721772,0.169710,-0.193150,0.014743,0.008265,0.981024,337.715100,1.593599,0.651533
532.861,8,-0.267899,1.723752,0.194071,-0.192815,0.073343,0.014338,0.978385,337.703600,8.576905,359.986000
532.972,8,-0.273215,1.724037,0.216611,-0.193539,0.158531,0.025362,0.967867,337.500100,18.755560,359.239000
533.083,8,-0.288529,1.726189,0.238245,-0.194603,0.243705,0.037662,0.949378,337.178500,29.086770,358.549000
533.194,8,-0.306162,1.728987,0.258644,-0.197853,0.313131,0.044720,0.927795,336.725300,37.825060,357.446600
533.305,8,-0.333217,1.732117,0.285272,-0.196065,0.388185,0.054949,0.898806,336.727300,47.404970,356.664900
533.417,8,-0.354641,1.731597,0.302287,-0.193394,0.441311,0.063960,0.873930,336.766600,54.340810,356.324900
533.527,8,-0.378171,1.732745,0.314338,-0.191719,0.521866,0.082597,0.827090,336.212500,65.339230,356.022400
533.638,8,-0.392972,1.732826,0.315458,-0.184029,0.585182,0.094713,0.784044,336.457900,74.344560,355.817500
533.749,8,-0.409564,1.733536,0.308573,-0.177862,0.640030,0.108492,0.739565,336.299400,82.630200,355.791300
533.860,8,-0.422156,1.734983,0.298595,-0.179146,0.659875,0.115134,0.720567,335.787600,85.916560,355.566400
533.971,8,-0.436864,1.738710,0.279667,-0.188682,0.665385,0.125403,0.711292,334.195800,87.241680,355.368400
534.082,8,-0.447517,1.743823,0.254522,-0.202307,0.668717,0.142364,0.701158,331.699200,88.452420,355.379100
534.193,8,-0.455860,1.747383,0.219702,-0.211099,0.673427,0.162097,0.689679,329.369400,89.742580,355.952800
534.305,8,-0.463083,1.748434,0.177982,-0.219925,0.684908,0.169479,0.673654,328.098400,92.358280,355.072800
534.415,8,-0.468386,1.735349,0.141396,-0.193824,0.711654,0.116814,0.665083,334.907600,95.578740,352.354400
534.526,8,-0.474019,1.716451,0.103456,-0.142130,0.752117,0.046942,0.641806,345.341900,100.226600,350.868100
534.635,8,-0.484085,1.719423,0.085508,-0.155841,0.764681,0.065302,0.621862,342.920800,103.185600,350.539500
534.747,8,-0.495775,1.723769,0.075899,-0.170675,0.763024,0.086007,0.617469,339.999800,103.707300,350.552600
534.859,8,-0.495089,1.717299,0.076682,-0.149753,0.756997,0.054813,0.633660,344.170700,101.447300,350.592300
534.969,8,-0.494701,1.721141,0.084468,-0.156816,0.747096,0.073071,0.641808,341.912300,100.025700,351.499200
535.080,8,-0.495445,1.725852,0.100987,-0.170757,0.742680,0.093231,0.640763,339.064800,99.955020,351.741500
535.192,8,-0.495470,1.723907,0.126215,-0.165838,0.750014,0.087561,0.634280,340.018300,101.044900,351.575700
535.303,8,-0.492965,1.731414,0.160640,-0.180153,0.763649,0.110876,0.609993,337.099900,104.537500,351.265900
535.414,8,-0.489901,1.740625,0.195481,-0.203841,0.771034,0.149025,0.584592,332.086800,107.933400,350.877600
535.526,8,-0.480797,1.743283,0.240656,-0.206117,0.790370,0.179470,0.548289,329.354800,112.868200,351.375500
535.638,8,-0.467548,1.740103,0.264566,-0.180472,0.805365,0.174697,0.536934,331.628100,114.320200,353.271500
535.748,8,-0.458220,1.731718,0.277612,-0.147495,0.828602,0.133275,0.523357,337.960300,116.712800,353.500200
535.859,8,-0.449742,1.721277,0.279989,-0.108090,0.838302,0.091544,0.526484,344.496500,116.427300,354.949500
535.969,8,-0.444741,1.716439,0.277471,-0.093366,0.835816,0.083601,0.534514,346.139400,115.280300,356.060500
536.080,8,-0.446312,1.717063,0.263646,-0.073470,0.819446,0.088321,0.561525,346.864200,111.302100,358.751400
536.191,8,-0.456117,1.714353,0.238787,-0.065589,0.812309,0.075978,0.574526,348.533200,109.571400,358.874200
536.302,8,-0.457565,1.707889,0.204162,-0.047153,0.811915,0.062434,0.578509,351.028700,109.078100,359.748700
536.412,8,-0.465159,1.701232,0.170739,-0.040447,0.814594,0.042336,0.577069,353.358600,109.428500,359.017400
536.523,8,-0.476051,1.700136,0.142826,-0.041190,0.812463,0.045100,0.579804,353.047300,109.025200,359.155400
536.634,8,-0.485743,1.696484,0.123196,-0.034605,0.807451,0.038602,0.587652,354.087400,107.938000,359.394300
536.747,8,-0.501321,1.697149,0.104219,-0.044100,0.800627,0.047139,0.595675,352.644800,106.754400,359.164900
536.859,8,-0.513273,1.699381,0.093039,-0.051483,0.796037,0.054185,0.600615,351.482600,106.003300,359.022200
536.970,8,-0.529124,1.704647,0.083368,-0.064424,0.793522,0.068970,0.601178,349.227000,105.810600,358.873400
537.082,8,-0.530708,1.708852,0.075576,-0.080926,0.790093,0.086791,0.601391,346.438900,105.610400,358.615600
537.193,8,-0.529089,1.713503,0.072931,-0.095971,0.786417,0.103655,0.601327,343.832200,105.416600,358.431800
537.304,8,-0.535691,1.728591,0.081526,-0.141608,0.771846,0.170029,0.596063,334.450800,104.874300,358.990000
537.417,8,-0.550496,1.741279,0.100244,-0.186169,0.755330,0.230398,0.584580,325.548000,104.780200,359.175500
537.529,8,-0.566728,1.748420,0.133327,-0.209972,0.750569,0.268246,0.566218,320.174400,106.248100,359.147600
537.640,8,-0.575236,1.752849,0.167545,-0.214796,0.758976,0.287890,0.543081,317.909200,109.226000,358.968800
537.751,8,-0.581705,1.755654,0.207917,-0.217426,0.766169,0.306087,0.521557,315.906700,111.959800,358.892100
537.862,8,-0.586425,1.757013,0.250177,-0.220955,0.776256,0.316315,0.498548,314.651300,115.520700,357.746100
537.973,8,-0.589931,1.757104,0.291964,-0.219530,0.791739,0.317657,0.473339,314.697800,119.850100,356.176600
538.084,8,-0.593199,1.752868,0.326884,-0.204901,0.815970,0.310444,0.442531,316.529800,124.934400,355.287400
538.195,8,-0.601079,1.751107,0.346193,-0.192097,0.837953,0.303051,0.411210,318.250900,129.856700,354.408000
538.307,8,-0.621467,1.747055,0.356520,-0.185046,0.864428,0.289139,0.367316,320.519200,136.833600,351.993400
538.417,8,-0.641840,1.744104,0.358767,-0.181920,0.877887,0.278550,0.344427,322.092600,140.356900,350.698200
538.529,8,-0.672504,1.740960,0.356622,-0.179533,0.885024,0.271711,0.332676,323.101800,142.096000,350.136000
538.640,8,-0.698732,1.738309,0.350805,-0.173955,0.886407,0.269494,0.333759,323.567100,141.764600,350.809700
538.750,8,-0.730929,1.739333,0.341715,-0.163455,0.880321,0.274261,0.350853,323.303700,138.807400,353.171400
538.861,8,-0.752826,1.737625,0.335891,-0.157907,0.865200,0.273759,0.389294,323.369200,132.971800,355.705300
538.971,8,-0.766194,1.732943,0.333632,-0.152904,0.841606,0.255239,0.450747,325.426500,124.245700,358.101800
539.082,8,-0.773447,1.727028,0.332343,-0.149115,0.819326,0.217799,0.508954,329.424000,116.716100,358.492600
539.192,8,-0.769204,1.714573,0.327821,-0.119512,0.810233,0.155081,0.552440,337.458700,111.701400,358.615200
539.302,8,-0.759706,1.693610,0.319836,-0.070220,0.815675,0.070244,0.569920,348.776800,110.313300,357.985100
539.412,8,-0.749538,1.679868,0.317491,-0.039891,0.811731,0.015857,0.582452,355.859000,108.774100,357.339900
539.515,8,-0.738567,1.676693,0.318354,-0.033350,0.803137,0.007346,0.594815,357.049400,107.017900,357.427200
539.616,8,-0.722717,1.674151,0.319044,-0.028128,0.794850,0.000327,0.606153,358.016000,105.385700,357.458300
539.725,8,-0.688743,1.665596,0.317533,-0.027519,0.784628,-0.000710,0.619356,358.110400,103.469200,357.473100
539.838,8,-0.643756,1.647263,0.311694,-0.023345,0.785208,-0.007111,0.618752,358.984600,103.546200,357.394000
539.950,8,-0.561889,1.577957,0.296022,-0.006237,0.791121,-0.014532,0.611455,0.880427,104.587200,358.415900
540.062,8,-0.483504,1.486792,0.280403,-0.022132,0.796782,0.005069,0.603840,358.005400,105.715900,358.328800
540.173,8,-0.431643,1.392030,0.274993,-0.021991,0.800029,-0.012647,0.599425,359.648900,106.323800,357.113900
540.285,8,-0.405739,1.326446,0.276492,-0.023425,0.801323,-0.015478,0.597573,359.817200,106.578900,356.787400
540.395,8,-0.397211,1.297775,0.277745,-0.027562,0.795503,-0.016916,0.605086,359.631000,105.496200,356.312000
540.507,8,-0.391545,1.273448,0.276958,-0.034443,0.796214,-0.004837,0.604015,358.056900,105.690500,356.518500
540.618,8,-0.378223,1.244357,0.277214,-0.030199,0.797697,-0.008636,0.602240,358.705200,105.934400,356.640800
540.729,8,-0.358319,1.191315,0.276332,-0.012993,0.796797,-0.036644,0.602994,2.448788,105.685500,356.275500
540.841,8,-0.344031,1.138149,0.277142,-0.000989,0.792657,-0.046675,0.607878,4.174411,104.909500,356.648100
540.951,8,-0.335922,1.100514,0.275940,0.001066,0.791290,-0.047995,0.609553,4.430792,104.657500,356.732700
541.062,8,-0.330057,1.093834,0.272880,0.009694,0.789863,-0.052386,0.610966,5.428379,104.422500,357.196100
541.173,8,-0.326976,1.136904,0.268157,0.000977,0.792643,-0.058277,0.606894,5.369096,104.933500,356.015200
541.285,8,-0.328925,1.228575,0.267270,-0.025773,0.793346,-0.025157,0.607705,0.492298,105.078000,355.901400
541.396,8,-0.333388,1.321890,0.274393,-0.045708,0.794937,0.011552,0.604858,355.775800,105.590300,356.625900
541.508,8,-0.349366,1.449206,0.288579,-0.079388,0.792350,0.049989,0.602810,349.925500,105.809800,356.183200
541.620,8,-0.369113,1.540593,0.306907,-0.106684,0.782908,0.076353,0.608148,345.563100,104.877900,355.606900
541.732,8,-0.398859,1.632677,0.331186,-0.117357,0.784588,0.093099,0.601649,343.303400,105.669600,355.681400
541.844,8,-0.426607,1.690714,0.352210,-0.115566,0.797109,0.116334,0.581144,341.350300,108.298200,357.034100
541.955,8,-0.448280,1.723296,0.370146,-0.117398,0.805418,0.134071,0.565283,339.592700,110.286900,357.705000
542.067,8,-0.470076,1.749245,0.387861,-0.131009,0.811871,0.157557,0.546697,336.479500,112.615500,357.471300
542.178,8,-0.481348,1.762431,0.396314,-0.136176,0.818687,0.165846,0.532638,335.378800,114.541100,357.080700
542.290,8,-0.490189,1.781149,0.402419,-0.141479,0.824449,0.171036,0.520591,334.575200,116.250800,356.495600
542.401,8,-0.498007,1.794307,0.403630,-0.143589,0.830122,0.171300,0.510819,334.462900,117.700700,355.971800
542.511,8,-0.509832,1.801979,0.401376,-0.146072,0.839847,0.174398,0.492853,334.092500,120.266000,355.316200
542.623,8,-0.527330,1.803838,0.395968,-0.149032,0.847384,0.174389,0.478871,334.005600,122.318600,354.538100
542.734,8,-0.551441,1.803494,0.388286,-0.145194,0.845337,0.177538,0.482498,333.878800,121.666200,355.262700
542.845,8,-0.593651,1.805593,0.368572,-0.152800,0.837491,0.184910,0.490988,332.628000,120.407500,355.196700
542.956,8,-0.626778,1.808544,0.351784,-0.155684,0.834516,0.188093,0.493931,332.113100,119.952900,355.195300
543.068,8,-0.664657,1.804508,0.334791,-0.156919,0.830298,0.198665,0.496502,330.940200,119.319600,355.846900
543.179,8,-0.689107,1.797216,0.323606,-0.157905,0.828082,0.201660,0.498678,330.562800,118.931500,356.023800
543.290,8,-0.715551,1.784098,0.312011,-0.154433,0.823443,0.202758,0.506934,330.627000,117.605700,356.792200
543.400,8,-0.733323,1.772697,0.306242,-0.154555,0.817784,0.200128,0.517002,330.847700,116.180700,356.990400
543.511,8,-0.744512,1.767868,0.305561,-0.154720,0.814226,0.200131,0.522538,330.817200,115.350100,357.190000
543.622,8,-0.750073,1.763463,0.307837,-0.150950,0.811393,0.208691,0.524693,330.193900,114.678300,358.285500
543.733,8,-0.748034,1.754596,0.306597,-0.152116,0.805680,0.219759,0.528627,329.006800,113.697000,359.146300
543.844,8,-0.740218,1.748876,0.303745,-0.143327,0.807432,0.202558,0.535239,331.279800,113.164500,359.044800
543.955,8,-0.730763,1.748983,0.302768,-0.144434,0.802443,0.198379,0.543939,331.608000,112.000400,358.958600
544.066,8,-0.711719,1.750582,0.305355,-0.145189,0.800499,0.200848,0.545694,331.313600,111.657300,359.135000
544.177,8,-0.689887,1.751367,0.312307,-0.143046,0.805748,0.209904,0.535022,330.572300,112.933300,359.611100
544.289,8,-0.649410,1.754572,0.325264,-0.133879,0.822852,0.218286,0.507289,330.326000,116.672300,0.075350
544.400,8,-0.599920,1.772226,0.338446,-0.122010,0.836215,0.231043,0.482160,329.731100,119.728300,1.243742
544.512,8,-0.543291,1.781690,0.349187,-0.106054,0.847454,0.232817,0.465157,330.444500,121.835900,2.427276
544.624,8,-0.488741,1.777749,0.352170,-0.091217,0.857000,0.226963,0.453561,331.851400,123.412900,3.220675
544.735,8,-0.453208,1.774101,0.348218,-0.072891,0.863511,0.224699,0.445585,333.062500,124.264600,4.784654
544.846,8,-0.429727,1.780330,0.337118,-0.064451,0.868124,0.214559,0.442913,334.556500,124.817400,4.965350
544.957,8,-0.428279,1.782312,0.327285,-0.070518,0.867937,0.211245,0.443947,334.576400,124.887200,4.136831
545.068,8,-0.443095,1.776368,0.316003,-0.080609,0.863845,0.215998,0.447905,333.551800,124.370300,3.472201
545.179,8,-0.462290,1.759987,0.305195,-0.089396,0.859388,0.218374,0.453622,332.842300,123.653900,2.864630
545.290,8,-0.478377,1.748431,0.288741,-0.090280,0.856806,0.207467,0.463347,333.948500,122.638100,2.395724
545.402,8,-0.485475,1.741676,0.278983,-0.099710,0.852009,0.207570,0.470162,333.418900,121.835200,1.619502
545.512,8,-0.485674,1.725789,0.275917,-0.104290,0.849722,0.215471,0.469755,332.344000,121.728100,1.630365
545.624,8,-0.481357,1.684898,0.276522,-0.112801,0.848792,0.220374,0.467188,331.347100,122.101400,0.941742
545.735,8,-0.477451,1.637296,0.278108,-0.121363,0.847658,0.226810,0.464009,330.189000,122.524100,0.312695
545.846,8,-0.471610,1.611534,0.277577,-0.116596,0.852228,0.223881,0.458246,330.761000,123.355300,0.423654
545.957,8,-0.466471,1.710515,0.275162,-0.118683,0.851356,0.228284,0.457159,330.184100,123.413600,0.438613
546.068,8,-0.462818,1.930891,0.270088,-0.119449,0.844388,0.230361,0.468694,329.933900,121.680600,0.941070
546.180,8,-0.467992,2.001303,0.263788,-0.124620,0.842774,0.212672,0.478511,331.462600,120.933900,359.574700
546.291,8,-0.471777,1.958197,0.256835,-0.130890,0.847328,0.209188,0.470259,331.470900,122.356000,358.365000
546.402,8,-0.473433,1.787283,0.254730,-0.129115,0.845051,0.207547,0.475545,331.733400,121.604600,358.645300
546.512,8,-0.470316,1.637055,0.247121,-0.086223,0.860843,0.145460,0.479955,340.536700,121.809100,359.463900
546.623,8,-0.466303,1.631909,0.237117,-0.086472,0.861555,0.153074,0.476250,339.749300,122.169000,359.804700
546.733,8,-0.482198,1.685322,0.237129,-0.094464,0.851420,0.151855,0.493052,339.406400,119.973900,359.319800
546.845,8,-0.502351,1.727225,0.235919,-0.108771,0.843069,0.173219,0.497392,336.404700,119.065500,359.306800
546.956,8,-0.516868,1.731558,0.232323,-0.105049,0.841316,0.164341,0.504127,337.515000,118.275200,359.314000
547.067,8,-0.525415,1.730635,0.226171,-0.106833,0.837444,0.149852,0.514605,338.842100,117.142500,358.482100
547.179,8,-0.527436,1.729967,0.228531,-0.103170,0.840209,0.139440,0.513773,340.103100,117.431600,358.166300
547.289,8,-0.530322,1.730454,0.247611,-0.098830,0.850543,0.132892,0.499148,341.051200,119.544800,357.851800
547.400,8,-0.533866,1.729592,0.281234,-0.097232,0.867570,0.141480,0.466746,340.351300,123.826400,357.770300
547.511,8,-0.536329,1.721585,0.336683,-0.094060,0.885397,0.144497,0.431677,340.300800,128.458800,357.454800
547.622,8,-0.539109,1.709049,0.417201,-0.089393,0.901132,0.145228,0.398596,340.548900,132.750200,357.244200
547.733,8,-0.536800,1.699615,0.504539,-0.091215,0.911885,0.138272,0.375537,341.295700,135.857200,356.216400
547.844,8,-0.533132,1.707898,0.574769,-0.082315,0.916260,0.136273,0.367589,341.926400,136.766200,356.945300
547.955,8,-0.531202,1.716289,0.618293,-0.077610,0.917785,0.143449,0.362036,341.366900,137.327800,357.666000
548.065,8,-0.532068,1.719260,0.657648,-0.071192,0.920058,0.146877,0.356163,341.277700,137.939300,358.404000
548.177,8,-0.532500,1.719733,0.675132,-0.069612,0.918747,0.152913,0.357318,340.687300,137.688600,358.868500
548.288,8,-0.530536,1.717712,0.682464,-0.063847,0.921810,0.149004,0.352118,341.357000,138.314500,359.227400
548.399,8,-0.523337,1.714778,0.679244,-0.059652,0.923785,0.142807,0.350242,342.203900,138.568600,359.387600
548.510,8,-0.504551,1.708971,0.662458,-0.053166,0.924134,0.130027,0.355306,343.852800,137.988600,359.650100
548.621,8,-0.478116,1.701619,0.627615,-0.046258,0.921587,0.123677,0.365024,344.827400,136.744900,0.298529
548.731,8,-0.446091,1.689726,0.569852,-0.042628,0.918118,0.115332,0.376752,345.883400,135.315100,0.509769
548.844,8,-0.417105,1.681872,0.493022,-0.045318,0.914512,0.112265,0.386019,346.094400,134.203200,0.223464
548.956,8,-0.402419,1.690975,0.418291,-0.046042,0.911342,0.103955,0.395639,346.943700,133.077100,359.902200
549.068,8,-0.392361,1.706311,0.328846,-0.056933,0.906313,0.111664,0.403592,345.619500,132.089500,359.227200
549.180,8,-0.379293,1.713229,0.273698,-0.056571,0.911100,0.104892,0.394580,346.362500,133.310200,358.802600
549.290,8,-0.352632,1.719057,0.224998,-0.044450,0.916707,0.116354,0.379651,345.695400,134.955700,0.405186
549.402,8,-0.315028,1.717869,0.196622,-0.040669,0.923384,0.120330,0.362255,345.422700,137.067300,0.714773
549.513,8,-0.261987,1.709998,0.181552,-0.038463,0.934185,0.127926,0.330839,344.664900,140.894800,0.759431
549.625,8,-0.191980,1.703837,0.181825,-0.035611,0.947002,0.136722,0.288491,343.769700,146.017400,0.682630
549.736,8,-0.122862,1.708009,0.185180,-0.027998,0.955123,0.139419,0.259845,343.687600,149.399200,1.132715
549.847,8,-0.048878,1.718378,0.188281,-0.015875,0.962798,0.141331,0.229768,343.773100,152.862700,2.051855
549.958,8,-0.008494,1.721022,0.187789,-0.014032,0.969143,0.137236,0.204282,344.232400,155.956100,1.719159
550.068,8,0.024571,1.722646,0.188131,-0.008617,0.974115,0.139115,0.177967,344.091900,159.020500,1.950174
550.179,8,0.040969,1.721120,0.189058,-0.007080,0.975774,0.134857,0.172128,344.596400,159.729500,1.938292
550.291,8,0.058358,1.721771,0.185035,-0.004526,0.977453,0.144776,0.153639,343.476100,161.825000,2.130348
550.402,8,0.068244,1.718440,0.177740,0.002259,0.980928,0.132188,0.142486,345.007600,163.141700,2.498063
550.513,8,0.065490,1.716864,0.171201,0.003704,0.981810,0.127341,0.140781,345.581300,163.357200,2.552264
550.624,8,0.044870,1.716671,0.164536,0.001687,0.980241,0.129911,0.149155,345.274700,162.374200,2.492584
550.735,8,0.010910,1.718534,0.157867,-0.009416,0.977494,0.130000,0.165883,345.091800,160.545300,1.465936
550.846,8,-0.054659,1.714760,0.153614,-0.024578,0.967450,0.134521,0.212933,344.291000,155.094600,0.579293
550.957,8,-0.121821,1.703525,0.154571,-0.033159,0.952423,0.135986,0.270737,343.919500,148.175000,0.624295
551.067,8,-0.209034,1.700721,0.159876,-0.033748,0.914794,0.136645,0.378604,344.004700,134.684200,2.487683
551.179,8,-0.267713,1.705975,0.169234,-0.043384,0.872062,0.136570,0.467947,343.811600,123.121400,3.112749
551.290,8,-0.324702,1.717901,0.185298,-0.061129,0.825002,0.138061,0.544586,342.879500,112.695100,2.969465
551.401,8,-0.361533,1.721951,0.199484,-0.066990,0.796066,0.134564,0.586246,342.975000,106.803200,3.064567
551.511,8,-0.386766,1.724386,0.208761,-0.077490,0.780284,0.125965,0.607689,343.096800,103.890400,1.926561
551.622,8,-0.401227,1.726520,0.218157,-0.087802,0.775565,0.118470,0.613804,343.049300,103.199300,0.553592
551.733,8,-0.408624,1.725756,0.232134,-0.095702,0.778522,0.110279,0.610396,343.229400,103.930900,359.139200
551.845,8,-0.415063,1.724263,0.249352,-0.095795,0.785695,0.104263,0.602192,343.786800,105.275800,358.510600
551.956,8,-0.420907,1.719997,0.265468,-0.087792,0.790008,0.097848,0.598836,344.944900,105.843600,358.722800
552.067,8,-0.431381,1.715202,0.278268,-0.079602,0.799763,0.093463,0.587628,345.933400,107.514100,358.967300
552.177,8,-0.445060,1.712356,0.278182,-0.067915,0.806175,0.089494,0.580914,347.102900,108.485100,359.675100
552.288,8,-0.470964,1.714990,0.264316,-0.080055,0.796544,0.089244,0.592574,346.287400,106.861000,358.716200
552.400,8,-0.493053,1.716231,0.240909,-0.092345,0.780361,0.089915,0.611902,345.324400,104.058200,357.980700
552.511,8,-0.520688,1.713126,0.195885,-0.099554,0.754604,0.089434,0.642389,344.759000,99.465950,357.900600
552.622,8,-0.541064,1.711594,0.149743,-0.095226,0.728977,0.091877,0.671627,344.819200,94.811490,359.084500
552.732,8,-0.558212,1.708828,0.108131,-0.090462,0.701629,0.088388,0.701229,345.469200,90.055150,359.823600
552.843,8,-0.573530,1.707570,0.079661,-0.085179,0.676018,0.084982,0.726996,346.187300,85.778140,0.495523
552.955,8,-0.586070,1.706408,0.067088,-0.087400,0.658565,0.083709,0.742729,346.108500,83.059320,0.544760
553.067,8,-0.598024,1.704893,0.062210,-0.091383,0.651055,0.083307,0.748890,345.797700,81.962220,0.341848
553.178,8,-0.601767,1.704232,0.066368,-0.089586,0.651295,0.082678,0.748968,346.001900,81.967890,0.422409
553.289,8,-0.602688,1.706415,0.074930,-0.092412,0.650259,0.081423,0.749662,345.850900,81.862990,0.112010
553.401,8,-0.601297,1.707689,0.081598,-0.098267,0.653489,0.076766,0.746594,345.696300,82.493390,359.183600
553.512,8,-0.599681,1.708395,0.085163,-0.099808,0.655827,0.073024,0.744713,345.851300,82.899570,358.691200
553.623,8,-0.599325,1.708192,0.087798,-0.098778,0.654774,0.070270,0.746041,346.148500,82.720280,358.553700
553.734,8,-0.600572,1.708173,0.088328,-0.098446,0.652415,0.070314,0.748144,346.169500,82.346220,358.628200
553.845,8,-0.601494,1.707805,0.088927,-0.098721,0.648738,0.071096,0.751225,346.079900,81.779370,358.744300
553.956,8,-0.604009,1.707929,0.089969,-0.099188,0.645578,0.073336,0.753666,345.865600,81.294040,358.964400
554.067,8,-0.616180,1.706262,0.089011,-0.094338,0.641823,0.073985,0.757423,346.238600,80.618620,359.467800
554.178,8,-0.635037,1.704598,0.082923,-0.093659,0.636146,0.073372,0.762341,346.340500,79.739100,359.569900
554.289,8,-0.664674,1.705687,0.064810,-0.081445,0.622442,0.074467,0.774847,347.354500,77.459290,0.822721
554.401,8,-0.688977,1.708714,0.045232,-0.088320,0.603369,0.079224,0.788587,346.414300,74.712170,1.082904
554.511,8,-0.709602,1.711521,0.034290,-0.091200,0.605962,0.075991,0.786586,346.374800,75.155570,0.531775
554.623,8,-0.728124,1.715596,0.036898,-0.084993,0.613283,0.075105,0.781677,346.997300,76.145370,0.774233
554.734,8,-0.743146,1.717584,0.047709,-0.088865,0.620310,0.073947,0.775790,346.725200,77.259830,0.264148
554.845,8,-0.753238,1.714488,0.066102,-0.097629,0.624823,0.067332,0.771707,346.418800,78.118560,358.934200
554.956,8,-0.756932,1.713177,0.082344,-0.098559,0.621326,0.063025,0.774770,346.641800,77.626850,358.538500
555.067,8,-0.761305,1.714334,0.097391,-0.094684,0.619110,0.059093,0.777333,347.269100,77.237660,358.509600
555.178,8,-0.767209,1.713456,0.103804,-0.091007,0.620105,0.055198,0.777265,347.881800,77.334300,358.414000
555.289,8,-0.773991,1.711547,0.107178,-0.087594,0.625092,0.053896,0.773746,348.291600,78.024630,358.472300
555.401,8,-0.776966,1.711164,0.108863,-0.084381,0.622353,0.052932,0.776373,348.643900,77.565220,358.665200
555.511,8,-0.778400,1.711365,0.110348,-0.084544,0.618339,0.053310,0.779531,348.595400,76.969380,358.746800
555.622,8,-0.778994,1.711952,0.111294,-0.083678,0.618731,0.052324,0.779379,348.744600,77.017090,358.715400
555.734,8,-0.780407,1.711720,0.112506,-0.083564,0.617857,0.052704,0.780059,348.726300,76.884260,358.770900
555.845,8,-0.780670,1.710915,0.112705,-0.083759,0.618339,0.053211,0.779622,348.673200,76.957250,358.795300
555.956,8,-0.776476,1.710673,0.108829,-0.083034,0.620534,0.053808,0.777913,348.698900,77.269870,358.870300
556.067,8,-0.770699,1.712132,0.093169,-0.080824,0.614681,0.043878,0.783396,349.596700,76.400460,358.216300
556.178,8,-0.775791,1.718035,0.079412,-0.083315,0.611541,0.035794,0.786000,349.935900,76.002760,357.343700
556.289,8,-0.800168,1.714477,0.069642,-0.085461,0.606201,0.040071,0.789691,349.423000,75.240430,357.649000
556.401,8,-0.832282,1.711292,0.067932,-0.086431,0.613378,0.041514,0.783948,349.254800,76.305450,357.611700
556.511,8,-0.870958,1.705448,0.068809,-0.080065,0.618630,0.038778,0.780630,350.038900,76.987210,357.758700
556.622,8,-0.909005,1.697700,0.067550,-0.081153,0.615205,0.035879,0.783358,350.137200,76.507260,357.461300
556.733,8,-0.937787,1.692494,0.064885,-0.092296,0.609877,0.043640,0.785893,348.562500,75.882740,357.427900
556.845,8,-0.953503,1.689956,0.061899,-0.091464,0.606051,0.045430,0.788842,348.500100,75.299490,357.708000
556.956,8,-0.960315,1.689028,0.059912,-0.097182,0.604434,0.046261,0.789351,347.916000,75.160960,357.394700
557.067,8,-0.963337,1.688192,0.058132,-0.097205,0.607620,0.046123,0.786907,347.934400,75.630040,357.330900
557.178,8,-0.962524,1.689123,0.059364,-0.097594,0.602740,0.049135,0.790422,347.671800,74.908290,357.654900
557.289,8,-0.959587,1.690112,0.061088,-0.099880,0.594456,0.045676,0.796592,347.676500,73.755500,357.302500
557.401,8,-0.955516,1.689304,0.062713,-0.095121,0.596933,0.044588,0.795383,348.196900,74.034330,357.503800
557.511,8,-0.949854,1.689140,0.064308,-0.094075,0.598585,0.042804,0.794364,348.422000,74.263660,357.389500
557.622,8,-0.942635,1.688898,0.067217,-0.090669,0.599415,0.040508,0.794254,348.896000,74.334810,357.409600
557.733,8,-0.928851,1.689959,0.073021,-0.088686,0.598101,0.040999,0.795443,349.039400,74.108550,357.614600
557.844,8,-0.900798,1.691411,0.081421,-0.077477,0.592717,0.035431,0.800892,350.438800,73.178690,357.960700
557.955,8,-0.861992,1.692531,0.088963,-0.067210,0.584030,0.025198,0.808552,352.061000,71.834050,357.815200
558.066,8,-0.793956,1.689956,0.098528,-0.051911,0.574579,0.013138,0.816696,354.267300,70.366050,357.800100
558.177,8,-0.734497,1.688921,0.103562,-0.049905,0.565190,0.016752,0.823279,354.197000,69.024220,358.339500
558.288,8,-0.659474,1.692234,0.103056,-0.060923,0.536935,0.021435,0.841148,352.789800,65.209920,358.304000
558.400,8,-0.608370,1.692377,0.102408,-0.059559,0.515943,0.017856,0.854363,353.096600,62.362610,358.213600
558.511,8,-0.556675,1.691090,0.107845,-0.049433,0.492716,0.016018,0.868637,354.165000,59.187630,358.797100
558.622,8,-0.524053,1.692783,0.121283,-0.044526,0.479966,0.012619,0.876066,354.829000,57.487240,358.813000
558.734,8,-0.503325,1.693569,0.138944,-0.046573,0.475246,0.012050,0.878537,354.647400,56.884620,358.670900
558.845,8,-0.498780,1.689806,0.154443,-0.033738,0.488326,0.009557,0.871957,356.091200,58.532580,359.064800
558.956,8,-0.499554,1.692177,0.166253,-0.032055,0.498285,0.013197,0.866320,356.061100,59.830760,359.478500
559.067,8,-0.498723,1.695492,0.173593,-0.038299,0.508792,0.016472,0.859880,355.260500,61.251010,359.388000
559.179,8,-0.495350,1.695884,0.175619,-0.041570,0.515429,0.012345,0.855834,355.188400,62.169680,358.750900
559.290,8,-0.490901,1.695562,0.175947,-0.042712,0.520909,0.007877,0.852507,355.352100,62.924980,358.213800
559.401,8,-0.492182,1.696912,0.174938,-0.043082,0.523298,0.010417,0.850997,355.168400,63.243030,358.426600
559.512,8,-0.494241,1.698260,0.174315,-0.043922,0.523445,0.014317,0.850806,354.852100,63.258390,358.756200
559.623,8,-0.493825,1.698124,0.173353,-0.043378,0.520049,0.014023,0.852919,354.918100,62.797810,358.780600
559.734,8,-0.488590,1.697880,0.169350,-0.046225,0.519654,0.013414,0.853020,354.675100,62.766340,358.552200
559.846,8,-0.473470,1.697843,0.145422,-0.048408,0.500917,0.011817,0.864060,354.520300,60.281280,358.383800
559.956,8,-0.458547,1.698739,0.109405,-0.062703,0.477436,0.009243,0.876378,353.181200,57.311790,357.479100
560.068,8,-0.433971,1.698069,0.065348,-0.063919,0.453701,0.015795,0.888718,352.649200,54.200770,358.270900
560.179,8,-0.419373,1.696104,0.038340,-0.060951,0.436504,0.015361,0.897504,352.945300,51.963500,358.519700
560.290,8,-0.412498,1.696129,0.008505,-0.059743,0.420040,0.008012,0.905502,353.400700,49.889540,357.941700
560.401,8,-0.412423,1.698783,-0.010971,-0.063807,0.413090,0.014908,0.908330,352.632600,49.005490,358.519000
560.511,8,-0.411202,1.699734,-0.020668,-0.068692,0.402290,0.020171,0.912709,351.858300,47.648350,358.932200
560.623,8,-0.407180,1.699246,-0.023869,-0.068439,0.400039,0.018095,0.913760,351.978100,47.375060,358.745000
560.734,8,-0.403665,1.699933,-0.024012,-0.068346,0.402937,0.017100,0.912512,352.038200,47.745610,358.618900
560.846,8,-0.401922,1.698885,-0.022022,-0.066397,0.405182,0.012895,0.911731,352.442400,48.037360,358.248900
560.956,8,-0.403169,1.699281,-0.020075,-0.067316,0.407372,0.012161,0.910697,352.385000,48.325610,358.109600
561.067,8,-0.405026,1.700280,-0.016504,-0.069160,0.406226,0.009716,0.911100,352.304000,48.210440,357.774400
561.179,8,-0.405563,1.700708,-0.013054,-0.068850,0.406167,0.008493,0.911162,352.393700,48.207060,357.661000
561.289,8,-0.404847,1.700955,-0.008231,-0.066742,0.408287,0.007446,0.910380,352.669000,48.462110,357.634200
561.401,8,-0.402849,1.700547,-0.004742,-0.064804,0.406726,0.004979,0.911235,352.983600,48.261310,357.479900
561.512,8,-0.401472,1.700134,-0.003243,-0.063183,0.408900,0.004433,0.910379,353.184900,48.524670,357.483400
561.623,8,-0.403093,1.700253,-0.002677,-0.063741,0.412938,0.005158,0.908511,353.103400,49.036240,357.501900
561.734,8,-0.409363,1.700111,-0.001410,-0.062683,0.418417,0.008135,0.906053,353.085100,49.706670,357.822800
561.846,8,-0.422339,1.698904,0.003635,-0.058045,0.427540,0.010326,0.902072,353.479900,50.819420,358.211700
561.956,8,-0.427809,1.694671,0.001732,-0.048810,0.467511,-0.012346,0.882552,355.721100,55.967600,356.122800
562.067,8,-0.424636,1.678745,-0.020790,-0.010371,0.604721,-0.063383,0.793844,3.450824,74.401250,353.489800
562.178,8,-0.423554,1.663850,-0.045309,0.006622,0.700809,-0.105812,0.705427,9.070498,88.976080,351.849300
562.288,8,-0.433158,1.645286,-0.075089,0.039022,0.795716,-0.140036,0.587966,15.589600,106.239900,353.887000
562.399,8,-0.442407,1.638159,-0.085675,0.052666,0.826003,-0.153225,0.539877,18.058970,112.910200,355.267400
562.510,8,-0.448122,1.638545,-0.087071,0.046743,0.826348,-0.155499,0.539244,17.902890,112.886300,354.545600
562.621,8,-0.450562,1.639627,-0.087260,0.041528,0.824863,-0.157177,0.541453,17.714320,112.481000,353.871400
562.732,8,-0.450395,1.640850,-0.086790,0.039142,0.819129,-0.157036,0.550305,17.478330,111.205100,353.455600
562.843,8,-0.447850,1.643838,-0.088857,0.033380,0.808527,-0.152122,0.567476,16.491600,108.841100,352.890500
562.954,8,-0.445472,1.646058,-0.094848,0.028433,0.800621,-0.146032,0.580407,15.476160,107.114000,352.608300
563.065,8,-0.442294,1.652980,-0.104009,0.009899,0.780566,-0.132131,0.610869,12.613180,102.954100,351.397000
563.176,8,-0.440696,1.661960,-0.107858,-0.010691,0.734023,-0.115625,0.669125,8.942104,94.517510,350.065200
563.288,8,-0.443494,1.675812,-0.113264,-0.051911,0.621293,-0.082521,0.777490,1.250234,77.135030,348.879800
563.400,8,-0.449966,1.684334,-0.125051,-0.078583,0.507341,-0.062039,0.855909,355.895800,61.700860,349.256400
563.511,8,-0.458903,1.694407,-0.147115,-0.110115,0.364439,-0.036524,0.923972,349.812700,43.822190,351.366000
563.623,8,-0.470177,1.697208,-0.169239,-0.126886,0.258151,-0.039146,0.956936,347.136300,31.129660,351.717900
563.734,8,-0.484223,1.697819,-0.192183,-0.129636,0.197460,-0.040322,0.970865,346.361600,23.909670,352.342700
563.846,8,-0.500066,1.698783,-0.214535,-0.129047,0.162457,-0.038736,0.977473,346.131500,19.720330,353.039300
563.957,8,-0.516584,1.698106,-0.234522,-0.122140,0.140698,-0.040107,0.981671,346.790200,17.086190,353.327900
564.068,8,-0.541226,1.696552,-0.260779,-0.112278,0.122592,-0.048356,0.984899,347.918200,14.954750,352.786900
564.179,8,-0.556643,1.695834,-0.280894,-0.104900,0.109968,-0.046071,0.987310,348.638100,13.376240,353.320000
564.290,8,-0.568294,1.700910,-0.307499,-0.087266,0.105803,-0.055410,0.989000,350.741700,12.817020,352.544400
564.401,8,-0.574540,1.702713,-0.328555,-0.090614,0.101305,-0.066392,0.988493,350.462600,12.432360,351.273900
564.512,8,-0.578745,1.702122,-0.344728,-0.083038,0.098810,-0.070172,0.989150,351.349500,12.093770,350.966200
564.623,8,-0.583989,1.702605,-0.357973,-0.077688,0.093639,-0.069570,0.990130,351.905100,11.432550,351.150000
564.733,8,-0.590446,1.702238,-0.367596,-0.074322,0.091442,-0.067031,0.990768,352.240700,11.123620,351.502300
564.845,8,-0.596094,1.701230,-0.373254,-0.069177,0.093215,-0.061634,0.991326,352.780900,11.237980,352.173500
564.955,8,-0.599020,1.700133,-0.374271,-0.066143,0.095181,-0.058168,0.991555,353.102400,11.413110,352.595200
565.066,8,-0.598376,1.698148,-0.365157,-0.061184,0.112605,-0.053859,0.990291,353.739400,13.355430,353.040200
565.178,8,-0.595634,1.696839,-0.345717,-0.055590,0.123850,-0.049488,0.989506,354.390100,14.584570,353.555200
565.288,8,-0.586310,1.695535,-0.303613,-0.047545,0.138500,-0.043254,0.988275,355.296800,16.188800,354.318500
565.400,8,-0.573688,1.692953,-0.257897,-0.049305,0.144995,-0.036806,0.987518,355.025900,16.923530,354.990600
565.511,8,-0.550239,1.691778,-0.190130,-0.057508,0.137028,-0.034268,0.988303,354.014400,16.039340,355.184200
565.622,8,-0.526456,1.694210,-0.133919,-0.063986,0.110653,-0.028711,0.991382,353.078200,12.985840,355.893600
565.734,8,-0.502122,1.699386,-0.088831,-0.061696,0.089118,-0.019368,0.993920,353.154700,10.418130,357.142500
565.845,8,-0.478501,1.698848,-0.057513,-0.068454,0.087461,-0.010937,0.993753,352.291100,10.190750,358.050500
565.956,8,-0.461669,1.705980,-0.035167,-0.066347,0.108410,-0.013066,0.991804,352.601300,12.626610,357.670800
566.068,8,-0.444949,1.713983,-0.003969,-0.079391,0.141237,-0.008471,0.986751,351.124600,16.467400,357.729500
566.179,8,-0.436295,1.715496,0.021636,-0.074018,0.183325,-0.010725,0.980203,351.884300,21.384830,357.211400
566.290,8,-0.440170,1.712619,0.039709,-0.054301,0.282633,-0.000956,0.957689,354.061200,32.982000,358.126100
566.401,8,-0.447910,1.716406,0.049258,-0.067184,0.380561,0.000287,0.922312,352.868500,45.025890,357.076600
566.512,8,-0.452538,1.708711,0.058543,-0.064083,0.462000,0.006429,0.884538,353.147800,55.322070,357.238300
566.623,8,-0.456014,1.701834,0.060838,-0.041285,0.504211,0.002871,0.862589,355.749400,60.693550,357.892100
566.734,8,-0.462856,1.699536,0.051399,-0.037712,0.516638,-0.010787,0.855305,356.941000,62.355320,356.703600
566.845,8,-0.468023,1.697220,0.035370,-0.043509,0.524816,-0.022689,0.849800,357.126400,63.518390,355.162100
566.956,8,-0.464802,1.696890,0.023982,-0.036334,0.522619,-0.022364,0.851498,357.793500,63.164320,355.634400
567.067,8,-0.452555,1.702106,0.009346,-0.040861,0.509383,-0.021381,0.859303,357.223400,61.426840,355.499600
567.179,8,-0.440772,1.704358,-0.002386,-0.044575,0.493997,-0.020252,0.868084,356.710600,59.416230,355.449900
567.289,8,-0.425948,1.705881,-0.018241,-0.042517,0.472851,-0.021197,0.879861,356.860200,56.630630,355.547900
567.401,8,-0.413773,1.706385,-0.031004,-0.042409,0.449101,-0.020773,0.892232,356.731300,53.559640,355.682600
567.511,8,-0.400880,1.705986,-0.045416,-0.040340,0.432254,-0.021140,0.900601,356.882400,51.392540,355.810200
567.623,8,-0.387029,1.705334,-0.062988,-0.040165,0.426528,-0.020487,0.903350,356.842000,50.662810,355.906400
567.734,8,-0.371809,1.704933,-0.079132,-0.041302,0.424250,-0.018831,0.904407,356.633100,50.378460,356.030400
567.844,9,-0.354039,1.700258,-0.102232,-0.033307,0.421010,-0.020908,0.906203,357.549300,49.918910,356.215700
567.955,9,-0.339657,1.697853,-0.118769,-0.032584,0.415719,-0.017393,0.908743,357.434600,49.240430,356.631300
568.066,9,-0.321255,1.690525,-0.139009,-0.013074,0.415028,-0.026285,0.909335,359.887800,49.068050,356.637300
568.177,9,-0.304773,1.671560,-0.150786,0.046570,0.427756,-0.057266,0.900876,7.637202,50.554170,356.336000
568.288,9,-0.279023,1.633076,-0.156344,0.159698,0.423250,-0.112819,0.884662,22.213520,50.352110,356.009300
568.398,9,-0.258158,1.610897,-0.157389,0.205949,0.414901,-0.161233,0.871462,29.521140,49.000080,352.729700
568.508,9,-0.232004,1.597928,-0.159943,0.222642,0.435875,-0.181471,0.852943,32.547580,51.834330,352.125900
568.619,9,-0.213878,1.589957,-0.158654,0.238921,0.455697,-0.191351,0.835848,35.015580,54.935230,352.836500
568.730,9,-0.190581,1.579622,-0.145355,0.260135,0.472478,-0.206978,0.816244,38.334530,57.782850,353.259100
568.841,9,-0.170136,1.573663,-0.122074,0.271359,0.490205,-0.209830,0.801271,39.835270,61.013080,354.753400
568.953,9,-0.145925,1.567279,-0.083627,0.276716,0.506819,-0.206602,0.789859,40.282280,64.108150,356.551800
569.061,9,-0.115519,1.559141,-0.029801,0.282275,0.526867,-0.204745,0.775121,40.793950,67.847810,358.489100
569.161,9,-0.081443,1.562554,0.030171,0.272299,0.548886,-0.199020,0.764833,39.420340,71.184140,359.591300
569.274,9,-0.046990,1.572443,0.093874,0.260233,0.566234,-0.198411,0.756500,38.201310,73.490470,359.599700
569.385,9,-0.008284,1.575977,0.167724,0.241519,0.584069,-0.197873,0.749253,36.374390,75.538970,358.976200
569.494,9,0.023760,1.568847,0.219296,0.245628,0.588101,-0.210495,0.741281,37.715590,76.280820,358.322000
569.605,9,0.049948,1.561246,0.254361,0.249495,0.596772,-0.224981,0.728697,39.207990,77.839010,357.773500
569.716,9,0.065344,1.555057,0.272495,0.257239,0.602899,-0.232071,0.718668,40.509180,79.336850,358.237300
569.827,9,0.078889,1.555958,0.285141,0.256446,0.611347,-0.234916,0.710848,40.678850,80.820560,358.456800
569.938,9,0.094481,1.551856,0.293649,0.258643,0.615818,-0.235797,0.705884,40.962070,81.796940,358.912100
570.049,9,0.134081,1.505275,0.312497,0.285316,0.607499,-0.245555,0.699459,44.225380,82.052710,0.251660
570.161,9,0.168510,1.416487,0.326145,0.280173,0.601216,-0.249622,0.705501,44.065310,80.379430,358.777600
570.271,9,0.186446,1.332107,0.329102,0.271678,0.590320,-0.250977,0.717443,43.325340,77.663380,356.897800
570.384,9,0.189041,1.254910,0.321576,0.266809,0.587392,-0.248009,0.722687,42.609240,76.839580,356.492800
570.495,9,0.184268,1.195846,0.312281,0.257730,0.587627,-0.231084,0.731349,40.433350,76.588910,357.356400
570.607,9,0.175897,1.116208,0.297446,0.229485,0.581758,-0.214590,0.750230,36.442240,74.292470,356.081500
570.718,9,0.166843,1.043604,0.285459,0.222335,0.583238,-0.206958,0.753372,35.198690,74.323470,356.317500
570.828,9,0.150456,0.963365,0.275270,0.232659,0.580466,-0.204261,0.753131,35.985340,74.381120,357.338800
570.940,9,0.132534,0.928985,0.274501,0.240255,0.583845,-0.202264,0.748660,36.578250,75.371740,358.408000
571.051,9,0.114111,0.913377,0.278205,0.241830,0.585000,-0.204957,0.746516,36.931520,75.615250,358.346500
571.162,9,0.110237,0.891695,0.283780,0.265424,0.583944,-0.206718,0.738802,39.317290,76.765210,0.336020
571.273,9,0.111201,0.857564,0.285781,0.290636,0.575453,-0.235680,0.727214,43.943880,76.443950,359.340700
571.384,9,0.116535,0.829239,0.284450,0.297973,0.563762,-0.253217,0.727507,45.977150,74.409760,357.322500
571.495,9,0.116824,0.808226,0.280097,0.309796,0.560490,-0.272653,0.718009,48.634740,74.216550,356.159800
571.606,9,0.115019,0.786442,0.275724,0.320779,0.558602,-0.283096,0.710578,50.547650,74.470360,356.034200
571.717,9,0.112810,0.770092,0.273519,0.332850,0.556202,-0.295962,0.701610,52.777360,74.692020,355.730200
571.828,9,0.113278,0.758454,0.273157,0.339589,0.552770,-0.300620,0.699109,53.819960,74.450380,355.637600
571.939,9,0.115652,0.751056,0.273873,0.341152,0.550161,-0.303169,0.699305,54.166520,73.948040,355.234300
572.051,9,0.119332,0.739770,0.275528,0.348198,0.543849,-0.310470,0.697563,55.434530,72.989820,354.496600
572.162,9,0.124724,0.727590,0.278135,0.354855,0.534854,-0.317376,0.698056,56.607150,71.348170,353.374500
572.273,9,0.131288,0.718882,0.279945,0.361377,0.528699,-0.321804,0.697371,57.597320,70.398860,352.848300
572.384,9,0.137807,0.716641,0.280682,0.360259,0.528283,-0.320736,0.698755,57.388600,70.233720,352.795000
572.495,9,0.142566,0.724216,0.288951,0.352356,0.526526,-0.311559,0.708200,55.808570,69.453250,352.819500
572.607,9,0.149611,0.748326,0.319586,0.330789,0.504487,-0.279591,0.746927,50.918590,64.425610,352.351000
572.718,9,0.155611,0.760222,0.340994,0.318977,0.484284,-0.261783,0.771487,48.221650,60.562430,351.804700
572.828,9,0.164854,0.770957,0.357499,0.310768,0.468472,-0.251498,0.787849,46.495200,57.694280,351.217300
572.940,9,0.181472,0.805669,0.361178,0.326599,0.438340,-0.253702,0.798014,48.045580,52.995090,349.782200
573.051,9,0.202876,0.874410,0.348993,0.322384,0.443789,-0.257474,0.795504,47.854530,53.595050,349.394100
573.162,9,0.219295,0.964953,0.336374,0.311555,0.453310,-0.242544,0.799135,45.876770,55.444790,351.310000
573.273,9,0.229864,1.058156,0.322864,0.301769,0.468815,-0.241348,0.794292,44.884560,57.729550,351.849300
573.384,9,0.229836,1.146530,0.313816,0.297707,0.477105,-0.236142,0.792451,44.200000,59.163360,352.773000
573.496,9,0.222503,1.212561,0.305902,0.289805,0.480648,-0.227088,0.795878,42.812190,59.712070,353.512900
573.607,9,0.205569,1.271701,0.293903,0.279203,0.480920,-0.226615,0.799629,41.642860,59.300590,352.784100
573.717,9,0.191874,1.304159,0.285209,0.272073,0.478064,-0.220989,0.805354,40.505710,58.713170,352.760800
573.828,9,0.175662,1.333605,0.275693,0.265935,0.473069,-0.218707,0.810958,39.661450,57.734350,352.302500
573.940,9,0.162455,1.355317,0.267888,0.261866,0.468266,-0.213775,0.816366,38.885340,56.968630,352.337500
574.051,9,0.144332,1.383576,0.258314,0.257059,0.466635,-0.208509,0.820181,38.043880,56.702780,352.549200
574.162,9,0.131913,1.405989,0.252040,0.251022,0.463318,-0.205873,0.824585,37.210710,56.060900,352.285200
574.272,9,0.124371,1.421907,0.248348,0.238789,0.473422,-0.202589,0.823292,35.803400,57.337510,352.384200
574.384,9,0.119852,1.425598,0.254844,0.231131,0.490097,-0.200435,0.816217,35.013550,59.736370,352.941400
574.495,9,0.122893,1.423229,0.275064,0.234033,0.504883,-0.206317,0.804833,35.806240,62.007770,353.217300
574.606,9,0.126653,1.417881,0.314529,0.245750,0.519950,-0.210530,0.790529,37.407170,64.775630,354.415100
574.717,9,0.129739,1.417392,0.350717,0.242661,0.532275,-0.206975,0.784194,36.936010,66.744060,355.242600
574.828,9,0.133356,1.420534,0.398864,0.239071,0.555487,-0.205040,0.769570,36.566590,70.465420,356.432000
574.940,9,0.135707,1.424138,0.435592,0.235612,0.571462,-0.213410,0.756554,36.899860,72.847810,356.154900
575.051,9,0.137043,1.431152,0.475469,0.229093,0.591708,-0.221425,0.740520,36.965440,75.889050,355.921600
575.162,9,0.135324,1.443728,0.499359,0.222212,0.605431,-0.225768,0.730140,36.717180,77.891200,355.663300
575.273,9,0.132612,1.455783,0.508321,0.212890,0.617252,-0.228156,0.722235,36.098320,79.492160,355.261300
575.384,9,0.127248,1.467541,0.504289,0.209515,0.630305,-0.226911,0.712271,35.768300,81.663670,355.821100
575.496,9,0.119036,1.475532,0.492921,0.199131,0.635508,-0.225137,0.711189,34.707840,82.102490,355.316000
575.607,9,0.106078,1.483690,0.470510,0.195659,0.638652,-0.231686,0.707222,34.937420,82.452100,354.554900
575.718,9,0.094562,1.487723,0.451188,0.186192,0.642694,-0.229191,0.706929,33.907120,82.762830,354.141400
575.828,9,0.079156,1.486278,0.431966,0.188028,0.646269,-0.231164,0.702528,34.262020,83.471790,354.322300
575.940,9,0.072282,1.488256,0.421632,0.184260,0.645347,-0.229350,0.704964,33.766780,83.149900,354.093700
576.050,9,0.068739,1.490966,0.411327,0.178180,0.652353,-0.223049,0.702095,32.766110,84.172710,354.490800
576.162,9,0.063753,1.490943,0.408440,0.179653,0.654478,-0.220778,0.700457,32.729030,84.627430,354.944300
576.273,9,0.060312,1.495192,0.409573,0.175728,0.655570,-0.216404,0.701795,32.031530,84.673740,355.037200
576.384,9,0.059784,1.496688,0.413500,0.178202,0.655649,-0.217688,0.700701,32.356520,84.787890,355.151900
576.495,9,0.060314,1.500020,0.419552,0.173127,0.658235,-0.214260,0.700605,31.644980,85.046540,355.127700
576.606,9,0.060513,1.505748,0.432238,0.173359,0.668342,-0.210832,0.691965,31.448490,86.873340,355.963600
576.717,9,0.063506,1.508666,0.451070,0.174864,0.675052,-0.203199,0.687341,30.978910,88.164950,357.108500
576.828,9,0.072874,1.506625,0.485919,0.181653,0.678917,-0.193518,0.684562,30.761860,89.189940,358.780000
576.940,9,0.082680,1.503366,0.518812,0.189330,0.678750,-0.190766,0.683419,31.181260,89.537490,359.750100
577.051,9,0.094757,1.502780,0.564069,0.198982,0.670607,-0.189199,0.689127,31.870640,88.557080,0.412449
577.162,9,0.105848,1.503896,0.601409,0.201908,0.665074,-0.186048,0.694475,31.864470,87.717870,0.685157
577.273,9,0.117716,1.504819,0.633055,0.202970,0.663318,-0.184416,0.696279,31.823190,87.461960,0.840103
577.384,9,0.126552,1.505919,0.658187,0.204171,0.662187,-0.185345,0.696757,32.004170,87.320400,0.818844
577.496,9,0.132130,1.508885,0.675152,0.200427,0.661505,-0.185080,0.698560,31.660370,87.004470,0.443388
577.607,9,0.138069,1.511018,0.692743,0.199921,0.662601,-0.182521,0.698339,31.406230,87.180480,0.672110
577.718,9,0.143292,1.510818,0.703877,0.200342,0.665081,-0.180032,0.696505,31.234980,87.649930,1.052153
577.829,9,0.151090,1.507492,0.714727,0.204269,0.669203,-0.179146,0.691628,31.488410,88.596650,1.719668
577.941,9,0.156965,1.504322,0.721567,0.208789,0.670625,-0.182515,0.688011,32.147160,89.097240,1.955665
578.051,9,0.161415,1.503254,0.725859,0.208519,0.671962,-0.182723,0.686732,32.137860,89.325000,1.980903
578.163,9,0.163285,1.505241,0.728691,0.206678,0.677090,-0.183665,0.681983,32.047110,90.157730,1.985486
578.274,9,0.163247,1.508811,0.731095,0.202063,0.681190,-0.180219,0.680200,31.360000,90.650740,2.021186
578.385,9,0.161871,1.512589,0.731278,0.198073,0.681525,-0.181539,0.680687,31.137810,90.496610,1.529198
578.496,9,0.159923,1.516261,0.727455,0.190481,0.684268,-0.186175,0.678847,30.890720,90.601680,0.528169
578.607,9,0.157469,1.521500,0.714397,0.181121,0.696110,-0.193242,0.667296,30.714330,92.316290,359.617500
578.718,9,0.155587,1.524582,0.697606,0.172865,0.708526,-0.199504,0.654452,30.595270,94.249310,358.923400
578.829,9,0.150791,1.523935,0.669887,0.171487,0.722566,-0.220313,0.632418,32.363230,97.005440,357.907700
578.940,9,0.143933,1.522544,0.644435,0.172892,0.732615,-0.245345,0.610892,34.800700,99.337750,356.758400
579.051,9,0.134216,1.522917,0.610376,0.174019,0.748896,-0.270410,0.579441,37.350150,103.254000,356.196700
579.160,9,0.123157,1.529514,0.583655,0.171928,0.761949,-0.278928,0.558635,38.108220,106.255300,356.383200
579.271,9,0.111864,1.542210,0.560620,0.158637,0.778663,-0.271577,0.542922,36.526100,109.101200,356.586900
579.382,9,0.095413,1.565949,0.545466,0.139420,0.799488,-0.250936,0.527648,33.255260,112.294300,357.129200
579.493,9,0.071664,1.600293,0.543606,0.115207,0.825515,-0.208158,0.511784,27.490200,116.044500,358.523800
579.602,9,0.045789,1.631794,0.553997,0.086306,0.845318,-0.159506,0.502540,20.879970,118.374500,359.116700
579.714,9,0.025308,1.656943,0.569361,0.054355,0.856353,-0.109570,0.501698,14.016400,119.149500,359.005000
579.827,9,0.005025,1.682231,0.590311,0.010325,0.859911,-0.044080,0.508433,4.951284,118.744200,358.443200
579.939,9,-0.003185,1.689480,0.602573,-0.003931,0.858843,-0.024381,0.511643,2.169533,118.398100,358.182000
580.051,9,-0.001780,1.686655,0.611496,-0.006535,0.859565,-0.036488,0.509681,3.214028,118.590200,357.219800
580.162,9,0.011184,1.678745,0.614501,0.001909,0.863537,-0.036030,0.502993,3.677859,119.499400,358.108000
580.273,9,0.028869,1.639624,0.613500,0.014537,0.857325,-0.034829,0.513390,4.280918,118.148100,359.377400
580.385,9,0.037656,1.553237,0.611277,0.019641,0.842968,-0.032438,0.536626,4.345315,115.035400,359.902300
580.496,9,0.039454,1.460734,0.608505,0.013082,0.843301,-0.037563,0.535967,4.437742,115.082800,358.954000
580.607,9,0.037527,1.342987,0.611327,0.019476,0.844437,-0.030911,0.534407,4.187468,115.343800,359.991600
580.718,9,0.029652,1.252774,0.615134,0.008289,0.838966,-0.021201,0.543708,2.555553,114.096200,359.475400
580.828,9,0.016903,1.138249,0.619249,-0.000231,0.842432,-0.012993,0.538646,1.240077,114.801900,359.175500
580.940,9,0.009622,1.077675,0.623544,0.009498,0.842647,-0.012083,0.538247,1.752857,114.865200,0.171989
581.051,9,0.012910,1.058718,0.625077,0.015917,0.843203,-0.011674,0.537232,2.108335,115.010000,0.819831
581.162,9,0.025304,1.065648,0.624927,0.009959,0.844436,-0.009974,0.535471,1.576409,115.245900,0.351775
581.273,9,0.038724,1.057110,0.625547,0.020644,0.843144,-0.016312,0.537044,2.847580,115.034200,0.991965
581.384,9,0.049818,1.035766,0.624246,0.022891,0.840078,-0.023213,0.541485,3.657434,114.415600,0.764827
581.495,9,0.060932,1.016161,0.621522,0.029086,0.839641,-0.037964,0.541033,5.464262,114.428900,0.446947
581.607,9,0.078197,0.991145,0.614757,0.037134,0.836068,-0.054546,0.544643,7.565452,113.847100,0.154693
581.718,9,0.089008,0.972319,0.609946,0.044817,0.830860,-0.073327,0.549806,9.853530,112.981400,359.641800
581.828,9,0.096115,0.960722,0.612280,0.054827,0.827144,-0.083074,0.553106,11.424630,112.452200,359.930000
581.940,9,0.100929,0.977725,0.623700,0.067337,0.825411,-0.087243,0.553671,12.626140,112.388500,0.854566
582.051,9,0.105820,1.080635,0.667645,0.101163,0.819402,-0.070070,0.559854,13.185520,111.909700,5.145952
582.162,9,0.110208,1.185225,0.727025,0.140918,0.796026,-0.022761,0.588190,11.654520,108.269900,11.638310
582.273,9,0.107410,1.268880,0.794437,0.179399,0.751248,0.015044,0.634994,11.842970,101.379900,17.153320
582.385,9,0.095155,1.335366,0.857108,0.204062,0.697245,0.033645,0.686350,13.485480,93.276730,19.884460
582.496,9,0.077563,1.379183,0.902931,0.205715,0.654924,0.045671,0.725721,13.813440,86.604610,20.227150
582.607,9,0.048468,1.416322,0.950586,0.212358,0.605302,0.054632,0.765199,15.002070,79.439530,20.653230
582.719,9,0.020452,1.447119,0.976768,0.204270,0.554976,0.053719,0.804605,15.610050,71.816540,18.975810
582.830,9,-0.018557,1.487915,0.984598,0.179017,0.500122,0.041786,0.846218,15.140010,63.171150,14.996580
582.942,9,-0.059803,1.524966,0.967216,0.158833,0.486597,0.026299,0.858664,14.310350,60.578290,11.895940
583.053,9,-0.113243,1.564199,0.932979,0.136804,0.484442,0.023336,0.863746,12.340330,59.677490,10.192050
583.165,9,-0.172251,1.595819,0.883881,0.122176,0.492325,0.018526,0.861595,11.086490,60.356090,8.923673
583.275,9,-0.229791,1.613853,0.832197,0.110434,0.514538,0.012446,0.850236,10.077630,63.057180,7.869758
583.386,9,-0.309507,1.625956,0.763719,0.083857,0.561983,0.004074,0.822877,7.667755,69.054310,5.846747
583.497,9,-0.364647,1.633016,0.716325,0.068102,0.599950,-0.010922,0.797059,6.988345,74.164780,3.714593
583.608,9,-0.422271,1.643561,0.663597,0.054559,0.653774,-0.032926,0.754002,7.199605,81.934010,1.252483
583.719,9,-0.458504,1.649472,0.630885,0.050845,0.681847,-0.049529,0.728043,8.139105,86.235150,359.839000
583.829,9,-0.493031,1.653570,0.598960,0.051693,0.712221,-0.074784,0.696043,10.281650,91.156720,358.225300
583.941,9,-0.515968,1.652441,0.576876,0.049148,0.732048,-0.092266,0.673185,11.610570,94.486210,356.941300
584.051,9,-0.534862,1.654207,0.557555,0.037782,0.754356,-0.101563,0.647460,11.662960,98.275510,355.636400
584.162,9,-0.549326,1.655993,0.540644,0.031871,0.774171,-0.099067,0.624363,11.138950,101.804200,355.653500
584.272,9,-0.555548,1.656103,0.528866,0.023692,0.774880,-0.106646,0.622597,11.231710,101.884700,354.378600
584.384,9,-0.550836,1.656686,0.519667,0.024540,0.772243,-0.110431,0.625174,11.609640,101.418500,354.130200
584.495,9,-0.536441,1.656086,0.511756,0.025769,0.769552,-0.111893,0.628176,11.805540,100.938900,354.082500
584.606,9,-0.503630,1.655294,0.500000,0.028495,0.774378,-0.108679,0.622668,11.759450,101.844400,354.654200
584.717,9,-0.463864,1.657435,0.487470,0.025666,0.781550,-0.089171,0.616903,9.848865,103.078900,355.931600
584.828,9,-0.398114,1.663372,0.469242,0.005986,0.786235,-0.039121,0.616659,3.950802,103.707500,357.769000
584.940,9,-0.345706,1.668194,0.457987,-0.000127,0.791809,-0.016569,0.610545,1.494647,104.714800,358.828700
585.052,9,-0.284133,1.677309,0.448876,0.006206,0.803551,0.005386,0.595180,359.927300,106.945600,0.938865
585.163,9,-0.241006,1.679378,0.439860,0.018035,0.810187,0.018858,0.585591,359.459400,108.268400,2.941242
585.275,9,-0.209765,1.683446,0.422259,0.021094,0.811478,0.021039,0.583623,359.454400,108.535800,3.370672
585.386,9,-0.172812,1.684714,0.385935,0.012644,0.812767,0.023873,0.581963,358.619600,108.759200,2.771539
585.498,9,-0.146091,1.681130,0.347576,0.007073,0.806279,0.020770,0.591129,358.560000,107.479500,2.061450
585.608,9,-0.121282,1.675644,0.284133,-0.004633,0.783702,0.014195,0.620958,358.395400,103.209400,0.594195
585.720,9,-0.107594,1.677816,0.224150,-0.016502,0.763555,0.010915,0.645440,357.823900,99.595870,359.362900
585.831,9,-0.090781,1.684760,0.148725,-0.012990,0.748604,0.005658,0.662866,358.527700,96.960920,359.315200
585.942,9,-0.077813,1.688512,0.093840,-0.005749,0.729514,0.005686,0.683918,359.074100,93.695590,359.965000
586.053,9,-0.064888,1.688426,0.051109,0.001210,0.704597,-0.000055,0.709607,0.102845,89.594120,0.093202
586.164,9,-0.048875,1.687685,0.018723,0.004965,0.684183,-0.005011,0.729276,0.807782,86.345220,359.970500
586.275,9,-0.029574,1.685317,-0.000515,0.004301,0.667505,-0.006679,0.744563,0.877860,83.751020,359.759100
586.386,9,-0.000108,1.679782,-0.010973,0.009512,0.653377,-0.008895,0.756921,1.491235,81.600980,359.940600
586.498,9,0.029566,1.676599,-0.010749,0.011323,0.655528,0.015561,0.754926,359.810600,81.934210,2.197302
586.609,9,0.079078,1.676265,0.000401,0.018894,0.655116,0.039112,0.754279,358.696800,81.896130,4.805849
586.721,9,0.124567,1.682517,0.017652,0.024076,0.643440,0.050832,0.763427,358.358000,80.161020,6.236924
586.832,9,0.161845,1.681743,0.032643,0.026106,0.629649,0.054398,0.774534,358.391900,78.123460,6.729857
586.943,9,0.189234,1.679781,0.040483,0.030217,0.611996,0.048812,0.788775,359.308000,75.574920,6.545836
587.054,9,0.204102,1.682654,0.042322,0.024273,0.593718,0.042959,0.803159,359.311300,72.911990,5.614535
587.165,9,0.223039,1.684214,0.040948,0.013394,0.558596,0.036253,0.828539,358.951000,67.935810,4.304072
587.276,9,0.243580,1.686347,0.026876,0.001746,0.557168,0.024748,0.830029,358.585900,67.713500,2.466888
587.387,9,0.275195,1.689194,0.005290,-0.008258,0.531050,0.017955,0.847110,358.105400,64.146350,1.241227
587.499,9,0.304552,1.689530,-0.012595,-0.010725,0.479852,0.013624,0.877178,358.172500,57.348470,0.780168
587.609,9,0.344837,1.690667,-0.033144,-0.000978,0.390537,0.005666,0.920569,359.643200,45.974900,0.553943
587.720,9,0.369304,1.682841,-0.045221,0.022031,0.315430,-0.000336,0.948693,2.407953,36.798820,0.760476
587.830,9,0.387565,1.665975,-0.055958,0.083596,0.221165,-0.014404,0.971540,9.718376,25.693370,0.522484
587.941,9,0.395158,1.649447,-0.063060,0.138013,0.146878,-0.017832,0.979317,15.995140,17.106370,0.334736
588.051,9,0.400542,1.634231,-0.068598,0.184469,0.089363,-0.025529,0.978434,21.441070,10.239010,358.954300
588.162,9,0.408733,1.625885,-0.071378,0.206983,0.061357,-0.025889,0.976075,24.031560,6.858062,358.422700
588.273,9,0.418302,1.621354,-0.073589,0.218538,0.051641,-0.024290,0.974158,25.359040,5.715773,358.430200
588.384,9,0.426313,1.618900,-0.076363,0.222491,0.047050,-0.025061,0.973476,25.819500,5.127620,358.226700
588.496,9,0.431673,1.618777,-0.078482,0.220343,0.045257,-0.024886,0.974054,25.563140,4.909098,358.187200
588.606,9,0.436258,1.618216,-0.080142,0.218227,0.044517,-0.024971,0.974562,25.313700,4.814460,358.146300
588.718,9,0.438762,1.617675,-0.080422,0.219372,0.045177,-0.024118,0.974297,25.445030,4.920318,358.275500
588.828,9,0.440887,1.618084,-0.078889,0.219912,0.048803,-0.023443,0.974016,25.510910,5.388877,358.463300
588.940,9,0.440527,1.617440,-0.078921,0.220058,0.051522,-0.022191,0.973873,25.524900,5.761185,358.695400
589.051,9,0.436600,1.618959,-0.079169,0.217509,0.055934,-0.021130,0.974225,25.224660,6.333261,358.933500
589.162,9,0.430141,1.619484,-0.077286,0.217575,0.053280,-0.018239,0.974418,25.211510,6.084504,359.217300
589.273,9,0.420217,1.618643,-0.073960,0.230199,0.039282,-0.020212,0.972140,26.689700,4.305190,358.639600
589.385,9,0.405523,1.614999,-0.070135,0.241140,0.023669,-0.026610,0.969837,27.968930,2.146254,357.391200
589.495,9,0.383403,1.612872,-0.070681,0.251202,0.034516,-0.028293,0.966905,29.191490,3.449904,357.546400
589.607,9,0.337551,1.614757,-0.071774,0.243202,0.060748,-0.017701,0.967910,28.225630,7.105469,359.693200
589.718,9,0.286654,1.615730,-0.068641,0.239205,0.072163,-0.014625,0.968173,27.729330,8.624474,0.401617
589.828,9,0.205294,1.615551,-0.057328,0.234423,0.075128,-0.016364,0.969089,27.181610,8.920524,0.225916
589.940,9,0.136472,1.613664,-0.045186,0.232332,0.074459,-0.023963,0.969486,27.004060,8.600503,359.237000
590.051,9,0.057189,1.610654,-0.033872,0.235011,0.084272,-0.036086,0.967660,27.445370,9.477783,358.048000
590.162,9,0.007685,1.617021,-0.022916,0.229841,0.090503,-0.031893,0.968486,26.805790,10.368750,358.704800
590.273,9,-0.023268,1.620025,-0.012239,0.226499,0.105829,-0.040520,0.967397,26.538910,12.026080,358.049000
590.384,9,-0.039069,1.616799,-0.003142,0.232420,0.121489,-0.035496,0.964345,27.186610,14.173940,359.227800
590.495,9,-0.042148,1.609438,0.010850,0.238999,0.125465,-0.039783,0.962058,28.024190,14.591900,358.924200
590.607,9,-0.035102,1.568438,0.035339,0.238847,0.122188,-0.047570,0.962164,28.115100,13.935100,357.844600
590.717,9,-0.026544,1.505426,0.044871,0.246039,0.130352,-0.054056,0.958932,29.075550,14.809760,357.407800
590.828,9,-0.014316,1.400925,0.054515,0.242884,0.142147,-0.049746,0.958294,28.662610,16.436050,358.283000
590.940,9,-0.005906,1.308347,0.058125,0.236827,0.137484,-0.045185,0.960713,27.870230,15.939190,358.593400
591.050,9,0.005374,1.184787,0.047749,0.222054,0.130371,-0.044096,0.965273,26.115590,14.980670,358.262100
591.162,9,0.014372,1.088877,0.030627,0.195408,0.132872,-0.044480,0.970661,23.027370,15.152620,357.856500
591.272,9,0.022739,1.033261,0.019049,0.197317,0.140599,-0.041635,0.969311,23.218050,16.183210,358.426800
591.383,9,0.032728,1.032928,0.015060,0.199515,0.139812,-0.043293,0.968903,23.498570,16.056800,358.243800
591.494,9,0.045832,1.047395,0.015153,0.187732,0.140678,-0.053124,0.970641,22.295750,15.878850,356.883000
591.606,9,0.069258,1.044863,0.010775,0.182505,0.147327,-0.061902,0.970131,21.860480,16.478460,355.901600
591.717,9,0.092225,1.033608,0.005234,0.180354,0.153869,-0.068554,0.969070,21.755540,17.125530,355.221800
591.828,9,0.119808,1.030248,0.003970,0.182096,0.163851,-0.070636,0.966956,22.043220,18.307020,355.239100
591.939,9,0.130433,1.037345,0.008653,0.186020,0.166415,-0.069080,0.965883,22.478660,18.668590,355.560000
592.050,9,0.125033,1.046009,0.018301,0.175962,0.165148,-0.062639,0.968421,21.192340,18.628110,356.113200
592.162,9,0.107718,1.033793,0.022415,0.164307,0.163408,-0.057965,0.971052,19.757830,18.479640,356.413400
592.273,9,0.087382,1.015933,0.029485,0.159715,0.173641,-0.050821,0.970442,19.125380,19.847880,357.381000
592.384,9,0.058886,1.040674,0.041460,0.163914,0.196489,-0.066854,0.964393,20.024890,22.336440,356.061500
592.495,9,0.042597,1.075904,0.055556,0.178385,0.205420,-0.067446,0.959913,21.726590,23.492300,356.531900
592.607,9,0.065910,1.082504,0.072791,0.188421,0.179689,-0.069902,0.962976,22.830840,20.298350,355.836500
592.717,9,0.124099,1.046633,0.076735,0.177520,0.202095,-0.079421,0.959863,21.894030,22.813590,355.009600
592.829,9,0.231151,0.991559,0.085280,0.175753,0.226086,-0.069840,0.955572,21.559650,25.988510,356.671100
592.940,9,0.323068,0.983283,0.105392,0.182214,0.182983,-0.076864,0.963020,22.276750,20.523330,354.956000
593.051,9,0.408767,1.021049,0.133438,0.201235,0.119569,-0.065349,0.970019,23.955700,13.006030,355.062300
593.163,9,0.473222,1.069599,0.166080,0.185787,0.110650,-0.071783,0.973698,22.190480,11.765640,353.882500
593.274,9,0.491985,1.076970,0.192002,0.190708,0.082261,-0.065352,0.976009,22.520630,8.444268,354.022800
593.385,9,0.490990,1.033417,0.219420,0.190063,0.067762,-0.065759,0.977221,22.357170,6.671229,353.620300
593.497,9,0.473637,0.991226,0.240814,0.170455,0.051722,-0.052682,0.982596,19.902850,5.106029,354.758500
593.608,9,0.444096,0.979275,0.275007,0.174628,0.030984,-0.040863,0.983298,20.240050,2.850584,355.749600
593.719,9,0.419345,0.997057,0.307218,0.177201,0.027333,-0.027739,0.983404,20.489600,2.687808,357.254400
593.830,9,0.388447,1.025938,0.335778,0.179773,0.014353,-0.019379,0.983413,20.740660,1.302770,357.980600
593.942,9,0.375368,1.039845,0.350265,0.171780,-0.009399,-0.017029,0.984943,19.759150,358.516500,357.760700
594.052,9,0.377610,1.027939,0.356679,0.165468,-0.019227,-0.024137,0.985732,18.982930,357.218200,356.729400
594.164,9,0.383054,1.005430,0.353516,0.164610,-0.041787,-0.025450,0.985145,18.796170,354.501400,356.129500
594.275,9,0.388652,0.993781,0.347532,0.149047,-0.094784,-0.020052,0.984073,16.830710,348.396200,355.942900
594.386,9,0.394541,0.985733,0.343915,0.141253,-0.180535,-0.016977,0.973225,15.593620,338.296100,354.994100
594.497,9,0.402440,0.985775,0.341268,0.139711,-0.222664,-0.024205,0.964529,14.994730,333.148700,353.526200
594.607,9,0.409483,0.992049,0.335031,0.125070,-0.258675,-0.022336,0.957573,13.177630,329.033600,353.662300
594.719,9,0.412761,1.000532,0.331618,0.114474,-0.271377,-0.021822,0.955392,11.940250,327.648100,353.908100
594.830,9,0.411434,1.005490,0.336457,0.104311,-0.275992,-0.017593,0.955321,10.928870,327.261900,354.670800
594.941,9,0.406629,1.000906,0.347149,0.108075,-0.273068,-0.017907,0.955737,11.350020,327.566500,354.542200
595.052,9,0.404045,0.999463,0.356918,0.113514,-0.276521,-0.007646,0.954250,12.263810,327.190900,355.458700
595.163,9,0.404661,1.002012,0.364937,0.118960,-0.282615,-0.005032,0.951815,12.921260,326.413300,355.479600
595.274,9,0.401981,1.004465,0.367376,0.119411,-0.303778,-0.005618,0.945213,12.845620,323.815500,355.106500
595.385,9,0.394430,1.001799,0.364658,0.127509,-0.321733,-0.007758,0.938174,13.547940,321.464800,354.297100
595.496,9,0.381528,0.996935,0.361169,0.126211,-0.341797,-0.002985,0.931256,13.475430,319.050300,354.581100
595.607,9,0.349068,0.994491,0.357557,0.119950,-0.367846,-0.004093,0.922109,12.603440,315.881500,354.366800
595.718,9,0.311850,0.997462,0.349455,0.123422,-0.380048,0.011875,0.916619,13.608610,314.452800,355.749100
595.829,9,0.271822,1.015303,0.328376,0.131748,-0.381480,0.031283,0.914405,15.355630,314.362200,357.426000
595.941,9,0.260169,1.021436,0.326511,0.124452,-0.401273,0.031939,0.906902,14.558230,311.947200,357.516100
596.052,9,0.278288,1.007400,0.343341,0.126427,-0.410744,0.019276,0.902737,14.128370,310.562800,355.916600
596.164,9,0.320381,0.989432,0.371562,0.132777,-0.447893,-0.005291,0.884157,13.300120,305.384100,352.424600
596.274,9,0.360417,0.988921,0.404495,0.132566,-0.468490,-0.010179,0.873407,12.828390,302.639300,351.626400
596.385,9,0.400785,0.998750,0.448659,0.116127,-0.509637,-0.021273,0.852251,10.151790,297.437700,350.962300
596.496,9,0.424870,1.009307,0.472102,0.099226,-0.538840,-0.025229,0.836164,7.975482,293.798100,351.339400
596.607,9,0.448950,1.022032,0.484247,0.068395,-0.586501,-0.036824,0.806215,3.846649,287.659600,351.956800
596.718,9,0.464482,1.029256,0.481102,0.050681,-0.623400,-0.037233,0.779371,1.866835,282.575400,353.033500
596.829,9,0.488708,1.045833,0.466764,0.017141,-0.652020,-0.045291,0.756654,358.102000,278.582500,354.782200
596.940,9,0.507361,1.061464,0.448471,-0.001346,-0.657064,-0.062656,0.751225,355.160700,277.875300,354.681100
597.051,9,0.504536,1.060641,0.429149,-0.005458,-0.653923,-0.055932,0.754471,355.331700,278.348300,355.554100
597.163,9,0.495485,1.054155,0.411698,-0.006497,-0.656392,-0.044656,0.753069,356.077400,277.963300,356.625200
597.273,9,0.487854,1.051937,0.399155,-0.007829,-0.658053,-0.047812,0.751411,355.716500,277.711500,356.461400
597.385,9,0.482831,1.052833,0.394280,-0.007293,-0.657040,-0.052752,0.751973,355.394800,277.870500,355.987200
597.496,9,0.480809,1.052274,0.391784,-0.006632,-0.657370,-0.054124,0.751593,355.346600,277.821700,355.820700
597.607,9,0.478524,1.051611,0.390635,-0.006754,-0.659586,-0.051801,0.749811,355.499700,277.481300,356.044300
597.718,9,0.478878,1.050745,0.390723,-0.004747,-0.661039,-0.049648,0.748693,355.828200,277.258500,356.086700
597.829,9,0.483665,1.050514,0.389886,-0.008407,-0.666068,-0.051656,0.744053,355.335300,276.484900,356.222100
597.940,9,0.491987,1.052713,0.391827,-0.012939,-0.662432,-0.060179,0.746589,354.315600,277.044200,355.809400
598.051,9,0.497761,1.054291,0.391440,-0.021841,-0.658490,-0.061511,0.749754,353.467800,277.625100,356.337100
598.163,9,0.498019,1.054691,0.390630,-0.020285,-0.658021,-0.059602,0.750363,353.749100,277.700300,356.380800
598.273,9,0.496095,1.056490,0.387632,-0.021364,-0.659643,-0.056593,0.749141,353.876500,277.444700,356.736200
598.385,9,0.488068,1.062322,0.387066,-0.018878,-0.667654,-0.057910,0.741976,353.953100,276.221200,356.498900
598.496,9,0.475827,1.069555,0.385728,-0.022041,-0.667279,-0.050270,0.742783,354.270500,276.260600,357.392600
598.608,9,0.469498,1.069774,0.380220,-0.018737,-0.679318,-0.050596,0.731858,354.481500,274.399400,357.201300
598.718,9,0.468814,1.063039,0.377959,-0.018088,-0.688752,-0.049551,0.723075,354.582400,272.912700,357.308900
598.829,9,0.467797,1.053943,0.381074,-0.016152,-0.691232,-0.052882,0.720514,354.469000,272.526400,356.897200
598.941,9,0.464384,1.050506,0.384921,-0.014101,-0.690163,-0.054246,0.721481,354.535800,272.703500,356.613000
599.052,9,0.460160,1.049184,0.387975,-0.014566,-0.685832,-0.054005,0.725607,354.536300,273.388900,356.637100
599.163,9,0.456254,1.046987,0.389592,-0.015043,-0.683522,-0.053093,0.727841,354.578700,273.751900,356.733600
599.274,9,0.455579,1.046252,0.391462,-0.013460,-0.683344,-0.053056,0.728042,354.715000,273.784200,356.611300
599.385,9,0.465383,1.051527,0.405760,-0.012009,-0.690974,-0.064563,0.719891,353.885700,272.583700,355.595500
599.496,9,0.485190,1.063299,0.431900,-0.013705,-0.686955,-0.101028,0.719512,350.878800,273.240300,352.636000
599.607,9,0.508587,1.088042,0.458412,-0.029575,-0.675576,-0.122324,0.726470,347.980200,275.011800,351.902500
599.718,9,0.515665,1.110165,0.469450,-0.030173,-0.677064,-0.124206,0.724739,347.764800,274.774700,351.812700
599.829,9,0.528552,1.131092,0.470251,-0.039654,-0.682663,-0.134973,0.717065,346.045500,273.828400,351.739900
599.941,9,0.542294,1.132815,0.465936,-0.056300,-0.696278,-0.148514,0.699979,343.403400,271.438300,352.233200
600.052,9,0.553230,1.122417,0.465746,-0.067508,-0.713215,-0.149996,0.681373,342.184400,268.407100,353.479600
600.163,9,0.558919,1.113331,0.467184,-0.066084,-0.726304,-0.154687,0.666473,341.772800,266.150300,353.337700
600.274,9,0.561270,1.110729,0.464737,-0.067068,-0.730723,-0.152856,0.661952,341.809200,265.356500,353.693900
600.385,9,0.561796,1.110083,0.460534,-0.074358,-0.733776,-0.154087,0.657496,341.100400,264.668300,354.328400
600.496,9,0.559728,1.107926,0.458191,-0.075330,-0.735957,-0.153040,0.655188,341.096600,264.260300,354.561800
600.608,9,0.555544,1.103736,0.457978,-0.073492,-0.738133,-0.152468,0.653079,341.272000,263.909500,354.507000
600.719,9,0.551722,1.100522,0.459298,-0.069499,-0.736108,-0.153612,0.655530,341.502300,264.349800,354.003100
600.829,9,0.547960,1.096941,0.459237,-0.066963,-0.729595,-0.147465,0.664425,342.292100,265.569700,354.080400
600.941,9,0.546662,1.094907,0.457572,-0.062442,-0.723841,-0.150197,0.670520,342.471900,266.652000,353.313900
601.052,9,0.547215,1.093265,0.452856,-0.068354,-0.723933,-0.153233,0.669155,341.739400,266.528500,353.584800
601.163,9,0.554440,1.094819,0.452032,-0.098177,-0.728002,-0.179830,0.654245,337.027000,265.062000,354.242700
601.275,9,0.563197,1.095933,0.455147,-0.125359,-0.718463,-0.212792,0.650243,332.044000,265.857600,353.721300
601.387,9,0.566672,1.093830,0.457443,-0.143273,-0.710005,-0.225968,0.651387,329.500600,266.722100,353.941700
601.499,9,0.565507,1.090542,0.460438,-0.147497,-0.708601,-0.226850,0.651666,329.087400,266.810200,354.204900
601.610,9,0.564656,1.088468,0.464835,-0.153993,-0.706637,-0.220587,0.654440,329.115500,266.920800,355.248600
601.721,9,0.563648,1.086946,0.467477,-0.157176,-0.709791,-0.221645,0.649897,328.738900,266.175600,355.641200
601.832,9,0.561658,1.083948,0.470326,-0.154399,-0.706815,-0.220050,0.654333,329.127800,266.870800,355.341500
601.943,9,0.558981,1.080804,0.472703,-0.154776,-0.705867,-0.216617,0.656410,329.402900,267.042900,355.610700
602.054,9,0.555151,1.078036,0.473307,-0.158339,-0.707635,-0.217078,0.653498,329.057900,266.548500,356.013600
602.166,9,0.548617,1.076054,0.473514,-0.156165,-0.711860,-0.214142,0.650393,329.468200,265.854700,356.257800
602.278,9,0.543799,1.077525,0.473046,-0.161236,-0.713876,-0.211701,0.647740,329.260700,265.246200,357.062300
602.388,9,0.536987,1.076943,0.474281,-0.157216,-0.715714,-0.210105,0.647219,329.718000,265.089100,356.885100
602.498,9,0.532935,1.074236,0.475702,-0.152108,-0.714914,-0.207753,0.650077,330.342400,265.480500,356.528300
602.609,9,0.530879,1.072410,0.477386,-0.147600,-0.712324,-0.205301,0.654722,330.938000,266.170300,356.159100
602.720,9,0.530242,1.072106,0.477246,-0.147009,-0.712078,-0.205561,0.655041,330.965000,266.240200,356.069100
602.831,9,0.531319,1.072776,0.475819,-0.148864,-0.708752,-0.203655,0.658813,330.998800,266.789700,356.241900
602.942,9,0.533016,1.072865,0.473692,-0.152824,-0.709836,-0.202445,0.657110,330.774400,266.423200,356.774900
603.053,9,0.532200,1.072105,0.472559,-0.148032,-0.709581,-0.197194,0.660073,331.622800,266.687700,356.726300
603.164,9,0.530610,1.071321,0.471052,-0.143747,-0.711027,-0.192704,0.660790,332.353900,266.605900,356.747500
603.275,9,0.529507,1.070247,0.469778,-0.140369,-0.712431,-0.190503,0.660642,332.812300,266.485900,356.667800
603.386,9,0.529020,1.069159,0.468213,-0.136350,-0.713166,-0.189453,0.660992,333.225800,266.507000,356.405400
603.497,9,0.528969,1.069815,0.466947,-0.136931,-0.714245,-0.189538,0.659682,333.165600,266.286700,356.500600
603.608,9,0.528671,1.071217,0.467044,-0.133676,-0.715650,-0.190094,0.658665,333.373200,266.148300,356.210200
603.719,9,0.528337,1.070037,0.467422,-0.130878,-0.717345,-0.189397,0.657583,333.650100,265.941200,356.076300
603.830,9,0.527541,1.068465,0.468075,-0.127612,-0.716877,-0.188044,0.659122,334.034300,266.148100,355.858900
603.941,9,0.526719,1.068362,0.467667,-0.128139,-0.716544,-0.184941,0.660259,334.262700,266.199300,356.143600
604.052,9,0.524802,1.068591,0.468375,-0.126805,-0.717123,-0.184218,0.660090,334.429700,266.142200,356.101500
604.164,9,0.523162,1.066895,0.469463,-0.121199,-0.718673,-0.181232,0.660284,335.131100,266.058800,355.883800
604.274,9,0.522245,1.065460,0.470455,-0.119099,-0.717995,-0.180801,0.661521,335.342000,266.252400,355.697400
604.385,9,0.520655,1.065611,0.470879,-0.118804,-0.717269,-0.180026,0.662572,335.437500,266.395600,355.703900
604.497,9,0.519333,1.065435,0.470749,-0.118174,-0.718288,-0.178359,0.662032,335.625700,266.235500,355.820000
604.608,9,0.517754,1.063810,0.470990,-0.115026,-0.718962,-0.176210,0.662429,336.060600,266.218800,355.729800
604.718,9,0.516681,1.062798,0.471461,-0.109304,-0.720293,-0.173741,0.662605,336.725400,266.159000,355.455700
604.829,9,0.516074,1.062075,0.470931,-0.107227,-0.720337,-0.172258,0.663283,337.019900,266.215500,355.387600
604.941,9,0.516054,1.061424,0.469971,-0.108052,-0.720547,-0.171499,0.663118,337.017600,266.155600,355.531000
605.052,9,0.516257,1.061200,0.468723,-0.106906,-0.719862,-0.169706,0.664508,337.268700,266.316200,355.546000
605.163,9,0.516748,1.061724,0.467249,-0.107944,-0.720917,-0.168648,0.663464,337.269600,266.099200,355.762800
605.275,9,0.516486,1.062067,0.467086,-0.105706,-0.722784,-0.167568,0.662066,337.530100,265.830900,355.713000
605.386,9,0.515983,1.061268,0.467171,-0.102235,-0.723997,-0.167065,0.661412,337.842900,265.712100,355.481600
605.497,9,0.515261,1.060428,0.467209,-0.101269,-0.724721,-0.168044,0.660519,337.830400,265.606000,355.341700
605.608,9,0.513700,1.059691,0.468232,-0.100515,-0.724711,-0.166631,0.661003,338.012800,265.632300,355.385500
605.719,9,0.512234,1.058927,0.469717,-0.098738,-0.725897,-0.166111,0.660100,338.191000,265.468600,355.307600
605.830,9,0.510519,1.057299,0.472305,-0.095748,-0.725292,-0.166137,0.661198,338.431600,265.656500,355.015100
605.942,9,0.509692,1.056582,0.473913,-0.094631,-0.723396,-0.165651,0.663554,338.577100,266.026200,354.889300
606.052,9,0.509579,1.056767,0.473870,-0.095921,-0.723675,-0.165278,0.663157,338.504000,265.943900,355.044100
606.164,9,0.509337,1.055990,0.473724,-0.094716,-0.723349,-0.163343,0.664165,338.769400,266.037800,355.079700
606.275,9,0.509596,1.055643,0.473236,-0.093602,-0.724339,-0.162575,0.663432,338.917300,265.891100,355.074300
606.386,9,0.509958,1.057245,0.472759,-0.094594,-0.725588,-0.162971,0.661827,338.794800,265.641400,355.173400
606.497,9,0.509958,1.057189,0.472555,-0.092210,-0.727046,-0.162953,0.660566,338.975300,265.440700,355.009400
606.608,9,0.509982,1.055338,0.471541,-0.090144,-0.728990,-0.162596,0.658795,339.155500,265.144500,354.916500
606.720,9,0.510020,1.054967,0.470576,-0.088365,-0.728157,-0.160478,0.660475,339.486300,265.343100,354.897600
606.830,9,0.510238,1.055391,0.468645,-0.091081,-0.728756,-0.158179,0.659999,339.465300,265.175400,355.342200
606.942,9,0.509867,1.053264,0.471291,-0.086014,-0.727123,-0.157337,0.662676,339.952100,265.591300,354.904100
607.052,9,0.511126,1.051493,0.474696,-0.078885,-0.719602,-0.152451,0.672836,341.000400,267.084000,354.439600
607.163,9,0.514086,1.049634,0.476184,-0.071699,-0.713283,-0.143233,0.682327,342.411700,268.327200,354.390400
607.274,9,0.516082,1.049595,0.475383,-0.065663,-0.708468,-0.143694,0.687833,342.906300,269.252100,353.715200
607.386,9,0.516959,1.050377,0.472419,-0.070831,-0.707565,-0.143479,0.688294,342.509600,269.319300,354.146200
607.497,9,0.517536,1.050257,0.471405,-0.071591,-0.708696,-0.143142,0.687121,342.466000,269.113600,354.267800
607.607,9,0.517384,1.050274,0.471139,-0.072667,-0.711370,-0.149620,0.682851,341.813500,268.633500,353.900300
607.719,9,0.515490,1.050071,0.469917,-0.076158,-0.714895,-0.154552,0.677672,341.083000,267.955500,353.896500
607.830,9,0.513196,1.050261,0.469304,-0.085311,-0.720492,-0.159062,0.669561,339.912900,266.778700,354.496600
607.941,9,0.512872,1.050372,0.472730,-0.094486,-0.718570,-0.156215,0.671064,339.432300,266.905600,355.474600
608.052,9,0.514891,1.050055,0.477895,-0.098341,-0.710255,-0.160134,0.678398,338.844500,268.263100,355.228500
608.164,9,0.515872,1.050395,0.481081,-0.103748,-0.708942,-0.169809,0.676611,337.594300,268.343500,354.868700
608.275,9,0.514939,1.050376,0.483174,-0.107758,-0.707174,-0.171706,0.677356,337.118100,268.543800,355.005800
608.387,9,0.511356,1.049534,0.484604,-0.108830,-0.705023,-0.170036,0.679843,337.186500,268.893300,355.162000
608.498,9,0.507255,1.048198,0.484499,-0.105218,-0.705410,-0.166629,0.680853,337.767900,268.926100,355.138000
608.608,9,0.500900,1.046795,0.482892,-0.101905,-0.707936,-0.162462,0.679742,338.373000,268.575200,355.274700
608.719,9,0.496083,1.045780,0.480980,-0.096390,-0.713858,-0.159480,0.675042,339.033100,267.681900,355.227300
608.830,9,0.489941,1.043126,0.478039,-0.088284,-0.716454,-0.153599,0.674764,340.169700,267.428700,355.073700
608.942,9,0.483058,1.038781,0.472726,-0.081754,-0.716992,-0.149225,0.675997,341.063700,267.484100,354.873700
609.052,9,0.475719,1.037028,0.470429,-0.081344,-0.711966,-0.146531,0.681921,341.361800,268.365600,354.913100
609.163,9,0.473112,1.038180,0.471267,-0.076989,-0.711764,-0.140963,0.683809,342.184300,268.491000,354.987300
609.274,9,0.476598,1.040946,0.474498,-0.076292,-0.706791,-0.144341,0.688325,341.997100,269.352400,354.517600
609.386,9,0.489394,1.049370,0.473698,-0.080365,-0.691696,-0.148295,0.702216,341.457000,271.825200,354.122000
609.497,9,0.498366,1.068068,0.461818,-0.098885,-0.672331,-0.148561,0.718417,340.010700,274.662400,355.086600
609.608,9,0.500031,1.098945,0.429653,-0.120518,-0.648587,-0.136314,0.739073,339.208600,277.969700,357.231200
609.720,9,0.497952,1.105934,0.391217,-0.143781,-0.625307,-0.115927,0.758208,338.714800,280.927500,0.247312
609.831,9,0.493081,1.089613,0.358302,-0.156459,-0.580819,-0.088375,0.793952,339.445300,287.165200,2.535214
609.943,9,0.498258,1.081583,0.370595,-0.145553,-0.558132,-0.088420,0.812087,340.421200,290.802000,1.147390
610.053,9,0.523600,1.081243,0.400439,-0.127023,-0.537381,-0.104762,0.827111,341.172700,294.345100,357.773000
610.165,9,0.563764,1.088816,0.436565,-0.127715,-0.548702,-0.134766,0.815140,339.138800,293.007500,355.116400
610.276,9,0.594319,1.093278,0.476947,-0.120342,-0.567003,-0.166511,0.797684,337.615900,290.780200,351.969300
610.387,9,0.600067,1.087134,0.527632,-0.092908,-0.590369,-0.179039,0.781523,339.107400,287.804400,349.506800
610.498,9,0.570570,1.067910,0.555490,-0.068587,-0.614318,-0.169554,0.767568,341.723100,284.379800,349.317200
610.608,9,0.514831,1.032352,0.556391,-0.045181,-0.642516,-0.148644,0.750358,345.000100,280.152600,350.163700
610.719,9,0.484835,1.006421,0.529700,-0.041244,-0.678462,-0.118631,0.723819,347.251000,274.467700,353.183200
610.829,9,0.475807,1.001802,0.485515,-0.057716,-0.719366,-0.096244,0.685507,347.432000,267.555100,357.127400
610.941,9,0.491907,1.027407,0.448841,-0.076682,-0.749663,-0.100167,0.649687,345.533100,261.941000,359.101600
611.052,9,0.537305,1.067829,0.435005,-0.057337,-0.777478,-0.085508,0.620427,348.222700,257.282000,359.008100
611.163,9,0.589691,1.105818,0.458031,-0.082331,-0.785810,-0.096220,0.605364,345.469100,255.121800,0.763336
611.274,9,0.615429,1.118892,0.495364,-0.086257,-0.798743,-0.117396,0.583771,343.247000,252.316900,0.043638
611.385,9,0.619829,1.115819,0.549968,-0.056597,-0.807782,-0.141262,0.569500,342.981400,250.992500,355.834300
611.497,9,0.610116,1.101030,0.586191,-0.017547,-0.806607,-0.157721,0.569387,344.072600,251.705900,350.947400
611.608,9,0.577664,1.071181,0.607952,0.010707,-0.801445,-0.168280,0.573806,345.081300,252.854800,347.430800
611.719,9,0.543604,1.042082,0.600761,0.035144,-0.799511,-0.163177,0.576993,347.269300,253.262700,345.483300
611.830,9,0.515901,1.021385,0.554537,0.034775,-0.764513,-0.140362,0.628179,350.158300,259.983000,346.529500
611.941,9,0.503295,1.019698,0.477962,-0.003979,-0.722637,-0.112482,0.682003,350.328800,267.416300,351.384400
612.051,9,0.499878,1.023746,0.396214,-0.033034,-0.649355,-0.091405,0.754250,350.297100,279.017500,354.470300
612.163,9,0.509908,1.029554,0.342374,-0.037112,-0.457160,-0.085772,0.884461,351.716500,305.828600,353.163700
612.274,9,0.531110,1.033992,0.311205,-0.029420,-0.203498,-0.061777,0.976682,355.261300,336.720200,353.738200
612.386,9,0.527452,1.057864,0.272657,-0.045282,-0.041128,-0.030399,0.997664,354.672300,355.431300,356.722100
612.498,9,0.502233,1.098292,0.270457,-0.043777,-0.010072,-0.004932,0.998978,354.976600,358.867300,359.483900
612.609,9,0.472033,1.165805,0.292238,-0.004315,0.014884,0.035762,0.999240,359.444900,1.686929,4.091233
612.721,9,0.458684,1.238829,0.310977,0.037419,0.036231,0.063614,0.996615,4.012520,4.425708,7.459587
612.831,9,0.456090,1.315152,0.315147,0.087428,0.055222,0.071868,0.992039,9.527799,7.113760,8.880712
612.942,9,0.460893,1.384303,0.306606,0.147450,0.077143,0.073187,0.983337,16.182290,10.395800,9.994862
613.053,9,0.468311,1.446107,0.291966,0.209254,0.086853,0.065165,0.971814,23.290500,12.326200,10.222270
613.164,9,0.477732,1.503685,0.272636,0.239890,0.083215,0.051786,0.965840,27.050240,12.027870,9.041527
613.275,9,0.485598,1.542907,0.256666,0.250155,0.079483,0.043162,0.963972,28.386930,11.462650,8.035635
613.385,9,0.490848,1.562263,0.245254,0.292008,0.041680,0.038059,0.954749,33.670500,7.027126,6.694228
613.496,9,0.486632,1.563456,0.246959,0.327648,-0.000399,0.027926,0.944387,38.234000,1.279956,3.831199
613.607,9,0.475658,1.561291,0.257256,0.357464,-0.042463,0.015225,0.932837,41.928630,354.729700,359.849500
613.717,9,0.466322,1.558081,0.270452,0.375632,-0.063670,0.013272,0.924484,44.124580,351.366700,358.140400
613.827,9,0.458227,1.551072,0.284740,0.393293,-0.092486,0.006649,0.914726,46.115650,346.317800,354.986200
613.939,9,0.456590,1.549484,0.292312,0.397540,-0.116715,0.001225,0.910131,46.378520,342.149400,352.456600
614.048,9,0.451975,1.554353,0.303547,0.397355,-0.125146,-0.011855,0.909015,46.007850,340.053900,349.966700
614.162,9,0.445306,1.563533,0.312288,0.381242,-0.112177,-0.023931,0.917332,43.954090,341.866600,349.641800
614.274,9,0.440626,1.564823,0.313914,0.379354,-0.076221,-0.032706,0.921526,43.962240,346.724100,350.555800
614.384,9,0.436381,1.563350,0.310873,0.384338,-0.032797,-0.034894,0.921950,44.942070,352.915600,352.731600
614.493,9,0.433849,1.558026,0.299437,0.391314,0.002173,-0.039051,0.919426,46.032840,357.806900,354.204000
614.604,9,0.431867,1.552523,0.276469,0.394400,0.032432,-0.043052,0.917357,46.585770,2.130020,355.543200
614.715,9,0.426879,1.550520,0.254068,0.394890,0.047572,-0.042141,0.916528,46.707730,4.509891,356.683000
614.827,9,0.421836,1.548315,0.228361,0.396229,0.063386,-0.040369,0.915071,46.909310,7.064106,358.016000
614.938,9,0.423801,1.544755,0.220523,0.395170,0.066670,-0.035660,0.915491,46.744440,7.875082,358.946400
615.049,9,0.435534,1.525989,0.237516,0.391682,0.066530,-0.036327,0.916973,46.315710,7.784789,358.796600
615.160,9,0.453046,1.485037,0.275788,0.381858,0.073288,-0.039850,0.920448,45.137580,8.517698,358.587500
615.271,9,0.470181,1.409038,0.329400,0.382409,0.073445,-0.036691,0.920338,45.176470,8.741076,359.076300
615.382,9,0.488292,1.318112,0.381426,0.387835,0.057794,-0.043208,0.918900,45.869660,5.993036,357.153400
615.494,9,0.505463,1.241478,0.419475,0.383585,0.039426,-0.040018,0.921796,45.261640,3.419587,356.454300
615.606,9,0.522891,1.148288,0.455150,0.369882,0.019364,-0.032341,0.928314,43.470830,0.949633,356.388100
615.717,9,0.529387,1.083696,0.473357,0.358644,0.021056,-0.035837,0.932549,42.099060,1.047569,356.001700
615.828,9,0.529948,1.024569,0.490528,0.337346,0.019615,-0.035944,0.940490,39.490600,0.938763,355.959600
615.940,9,0.528341,0.994012,0.501839,0.318904,0.021837,-0.034767,0.946897,37.261760,1.381002,356.260100
616.051,9,0.525888,0.972246,0.516721,0.304459,0.020207,-0.036677,0.951605,35.516030,1.135126,355.949100
616.163,9,0.514472,0.971415,0.530118,0.297807,0.009434,-0.022380,0.954317,34.668440,0.325775,357.414900
616.274,9,0.504054,0.983092,0.540270,0.293808,0.001564,-0.011857,0.955790,34.171650,359.724600,358.493800
616.385,9,0.497557,1.008702,0.546107,0.287991,-0.000973,-0.009537,0.957585,33.472220,359.494600,358.706800
616.497,9,0.496542,1.030817,0.542441,0.286598,0.010126,-0.004410,0.957987,33.312390,1.156926,359.818700
616.608,9,0.496165,1.055063,0.532392,0.283392,0.014526,-0.003541,0.958888,32.928040,1.764945,0.098468
616.719,9,0.497234,1.067390,0.523594,0.283699,0.012070,-0.010525,0.958780,32.974370,1.172997,359.089300
616.830,9,0.499602,1.075076,0.513570,0.280320,0.010981,-0.012152,0.959767,32.571440,0.969918,358.832600
616.941,9,0.502859,1.074718,0.506130,0.278010,0.009132,-0.011160,0.960470,32.292630,0.768379,358.891100
617.052,9,0.506832,1.071563,0.499950,0.280882,0.010202,-0.013411,0.959594,32.638650,0.819566,358.638600
617.164,9,0.510678,1.069982,0.494598,0.280827,0.013005,-0.010675,0.959611,32.632420,1.290380,359.103100
617.275,9,0.513695,1.068331,0.490088,0.282701,0.013854,-0.009523,0.959061,32.855270,1.445342,359.288300
617.386,9,0.518036,1.070475,0.486908,0.281103,0.016592,-0.012759,0.959449,32.672180,1.679142,358.968400
617.497,9,0.520472,1.074901,0.485513,0.280164,0.015713,-0.014877,0.959708,32.562450,1.483842,358.657200
617.608,9,0.522992,1.078631,0.484296,0.276567,0.017933,-0.017049,0.960676,32.140320,1.693653,358.454500
617.719,9,0.523461,1.078546,0.484712,0.277000,0.018706,-0.016298,0.960550,32.191780,1.822045,358.581700
617.830,9,0.522451,1.076393,0.485477,0.279428,0.017314,-0.017052,0.959859,32.480570,1.610449,358.433600
617.941,9,0.520669,1.074991,0.486031,0.280179,0.017032,-0.014774,0.959683,32.565870,1.659913,358.720900
618.052,9,0.518894,1.072940,0.485687,0.278805,0.017503,-0.014054,0.960086,32.401230,1.749129,358.830900
618.164,9,0.517600,1.070859,0.484982,0.283797,0.017180,-0.014067,0.958627,32.996930,1.705003,358.823600
618.275,9,0.516784,1.072148,0.483794,0.282155,0.016683,-0.016004,0.959090,32.803380,1.565965,358.549000
618.386,9,0.516432,1.072852,0.482004,0.282793,0.018179,-0.017835,0.958843,32.885160,1.690598,358.367800
618.497,9,0.514270,1.077792,0.480318,0.279518,0.009981,-0.019565,0.959889,32.479820,0.558619,357.827400
618.608,9,0.512906,1.084101,0.478115,0.273713,0.005785,-0.022004,0.961542,31.777900,359.938000,357.360500
618.719,9,0.514707,1.084770,0.475887,0.273883,0.011609,-0.019733,0.961490,31.811780,0.776447,357.869800
618.830,9,0.516959,1.083405,0.474176,0.274319,0.013200,-0.019303,0.961354,31.866760,0.997839,357.984300
618.942,9,0.519500,1.083629,0.473196,0.273648,0.013671,-0.020425,0.961516,31.789000,1.018642,357.856200
619.052,9,0.521465,1.084228,0.472336,0.272934,0.014156,-0.021790,0.961682,31.706550,1.032665,357.697200
619.164,9,0.521020,1.085437,0.470085,0.272461,0.013039,-0.021269,0.961843,31.647000,0.908137,357.723900
619.275,9,0.513097,1.107669,0.465294,0.274670,0.009942,-0.017663,0.961325,31.900430,0.635219,358.076300
619.386,9,0.487367,1.189344,0.447602,0.246088,0.003928,-0.012644,0.969157,28.495890,0.090712,358.528100
619.497,9,0.463558,1.275454,0.417885,0.205764,0.000148,-0.017435,0.978446,23.744810,359.569000,357.867700
619.608,9,0.436388,1.401659,0.356809,0.154855,-0.000307,-0.031318,0.987441,17.806320,359.379900,356.269700
619.720,9,0.421961,1.494420,0.297573,0.123522,0.006296,-0.034548,0.991720,14.207420,0.233603,356.038800
619.831,9,0.409791,1.586676,0.225888,0.076709,0.005453,-0.040927,0.996198,8.817161,0.265880,355.315400
619.942,10,0.404336,1.642527,0.166103,0.042280,0.002224,-0.030090,0.998650,4.851798,0.109074,356.552900
620.053,10,0.401294,1.663560,0.115432,0.061485,-0.003090,-0.020299,0.997897,7.041317,359.499800,357.638600
620.165,10,0.393851,1.643289,0.080327,0.173956,-0.044960,0.003521,0.983720,20.033210,354.672500,359.468500
620.275,10,0.377252,1.616967,0.050386,0.261699,-0.155788,0.013173,0.952403,30.171470,340.410900,356.256300
620.385,10,0.353704,1.601846,0.009874,0.292245,-0.299156,0.018278,0.908166,32.802760,320.673600,350.297700
620.495,10,0.334819,1.598179,-0.023504,0.287869,-0.393883,0.017243,0.872749,31.068230,307.714400,346.725800
620.605,10,0.316190,1.601980,-0.057678,0.289721,-0.450694,0.017172,0.844181,30.307000,299.557100,344.400600
620.716,10,0.304354,1.609339,-0.069147,0.274102,-0.443281,0.018751,0.853240,28.971490,301.471300,346.043100
620.828,10,0.264477,1.632496,-0.081009,0.202972,-0.489688,-0.005270,0.847927,19.819030,297.748700,347.243900
620.937,10,0.213593,1.642943,-0.086472,0.163755,-0.533873,-0.010019,0.829496,15.127600,292.944400,348.559900
621.049,10,0.125530,1.646168,-0.089381,0.139307,-0.554291,-0.004219,0.820572,12.940860,290.839200,350.470200
621.161,10,0.035664,1.642670,-0.095001,0.146713,-0.556070,0.020837,0.817819,15.256690,290.541700,352.310800
621.272,10,-0.038169,1.632403,-0.104258,0.177265,-0.551855,0.054387,0.813066,20.382310,290.486100,353.432700
621.383,10,-0.095998,1.610777,-0.110390,0.241367,-0.536710,0.107412,0.801341,30.141250,290.819500,354.230100
621.494,10,-0.140274,1.590574,-0.111659,0.277524,-0.532176,0.144988,0.786606,36.222380,290.274000,355.215600
621.605,10,-0.182422,1.572015,-0.105383,0.305520,-0.530875,0.173715,0.771137,40.967990,289.307600,355.711000
621.716,10,-0.204079,1.567654,-0.093089,0.311906,-0.534054,0.182041,0.764436,42.167760,288.485500,355.757400
621.826,10,-0.222417,1.571425,-0.066135,0.300299,-0.546366,0.175625,0.761880,40.503490,287.023700,355.433500
621.937,10,-0.230857,1.581097,-0.034365,0.282622,-0.560161,0.154052,0.763291,37.159230,285.478500,354.133800
622.048,10,-0.235576,1.599541,0.010666,0.247538,-0.577142,0.122871,0.768462,31.485030,284.343500,353.476400
622.161,10,-0.234696,1.611841,0.042747,0.230870,-0.582359,0.102399,0.772704,28.427970,284.158800,352.771700
622.272,10,-0.231999,1.617843,0.066205,0.217888,-0.579853,0.093573,0.779448,26.627120,285.081100,353.137400
622.384,10,-0.233759,1.622197,0.085644,0.200566,-0.571043,0.078546,0.792158,24.045730,287.024000,353.421500
622.495,10,-0.237700,1.622847,0.098084,0.196793,-0.569630,0.067895,0.795101,22.972540,287.286900,352.747500
622.606,10,-0.246722,1.625656,0.109668,0.197053,-0.561144,0.063988,0.801369,22.807620,288.505200,352.608200
622.718,10,-0.258051,1.626061,0.113961,0.193929,-0.552254,0.060583,0.808540,22.365490,289.902500,352.779800
622.828,10,-0.278844,1.624945,0.112570,0.196578,-0.545503,0.058203,0.812648,22.519490,290.769300,352.544000
622.940,10,-0.298330,1.623808,0.108138,0.198927,-0.537323,0.060326,0.817357,22.955660,291.898300,352.815600
623.051,10,-0.329432,1.625795,0.102782,0.197331,-0.516308,0.056840,0.831418,22.756920,294.948900,353.196000
623.162,10,-0.361468,1.628008,0.096320,0.202906,-0.491673,0.052968,0.845152,23.269590,298.204400,353.123200
623.273,10,-0.394472,1.628661,0.089061,0.206578,-0.465660,0.048250,0.859161,23.572090,301.652100,353.139700
623.384,10,-0.426918,1.624913,0.083243,0.220266,-0.437817,0.047278,0.870382,25.139790,305.027400,352.984200
623.496,10,-0.452445,1.622457,0.081854,0.224148,-0.408662,0.044679,0.883604,25.634780,308.847200,353.360300
623.607,10,-0.469935,1.623027,0.080847,0.240864,-0.373429,0.038046,0.895035,27.359950,312.943800,352.769200
623.718,10,-0.469914,1.622473,0.078127,0.230720,-0.353545,0.039709,0.905648,26.486110,315.973100,354.150800
623.829,10,-0.454396,1.617758,0.075098,0.226767,-0.361736,0.046049,0.903108,26.289420,315.133700,354.823900
623.941,10,-0.436387,1.610802,0.075947,0.230244,-0.362980,0.049581,0.901540,26.817020,314.946200,355.002200
624.051,10,-0.423008,1.605310,0.075878,0.241412,-0.356891,0.048061,0.901133,27.994890,315.398900,354.430500
624.163,10,-0.412645,1.602866,0.070996,0.239125,-0.357926,0.050304,0.901209,27.840580,315.382200,354.776100
624.273,10,-0.403794,1.601324,0.064540,0.233146,-0.361824,0.049260,0.901277,27.123220,315.009800,354.848100
624.385,10,-0.397562,1.599962,0.060567,0.226983,-0.362412,0.045563,0.902807,26.287080,315.026200,354.736100
624.495,10,-0.394725,1.597477,0.058352,0.224691,-0.357885,0.044112,0.905255,26.000480,315.664100,354.831800
624.607,10,-0.399392,1.600493,0.059139,0.218218,-0.356194,0.036068,0.907858,24.955580,315.894100,354.305100
624.718,10,-0.407355,1.602642,0.059718,0.216216,-0.355708,0.037374,0.908474,24.799320,316.040000,354.569300
624.829,10,-0.419878,1.607288,0.059767,0.205818,-0.357103,0.034621,0.910449,23.546980,316.071200,354.745400
624.940,10,-0.436016,1.612160,0.061284,0.195801,-0.345203,0.030008,0.917386,22.331680,317.776900,355.030700
625.052,10,-0.462171,1.622385,0.063016,0.180341,-0.333508,0.024408,0.925016,20.482240,319.515700,355.399700
625.163,10,-0.497847,1.631943,0.067480,0.164066,-0.315991,0.017150,0.934312,18.506670,321.922000,355.667300
625.275,10,-0.535700,1.638872,0.071894,0.150705,-0.295929,0.014107,0.943141,17.014990,324.597800,356.247300
625.386,10,-0.587800,1.647944,0.077021,0.128394,-0.266045,0.009379,0.955326,14.495630,328.496900,357.016200
625.498,10,-0.624594,1.654191,0.080788,0.106311,-0.231272,0.006778,0.967040,12.049000,332.877100,357.886700
625.609,10,-0.662293,1.663377,0.084794,0.083922,-0.178634,0.000643,0.980330,9.483959,339.207500,358.331400
625.720,10,-0.688491,1.672432,0.085219,0.064979,-0.133309,-0.005415,0.988927,7.300646,344.542100,358.380400
625.831,10,-0.709896,1.679950,0.079384,0.041478,-0.088488,-0.012259,0.995138,4.610631,349.763800,358.175300
625.943,10,-0.725459,1.684438,0.071491,0.025874,-0.047142,-0.008632,0.998516,2.915140,354.565200,358.870900
626.054,10,-0.734801,1.684175,0.068510,0.024579,-0.023266,-0.003441,0.999421,2.806820,357.321600,359.539900
626.165,10,-0.739468,1.682877,0.068915,0.027488,-0.009958,0.001265,0.999572,3.151557,358.861500,0.113712
626.276,10,-0.737577,1.682974,0.069609,0.027727,0.000087,0.002169,0.999613,3.177691,0.016891,0.249071
626.387,10,-0.732358,1.688383,0.067435,0.011448,0.011303,0.000973,0.999870,1.310570,1.296812,0.126392
626.499,10,-0.725508,1.701235,0.060262,-0.044402,0.037619,0.003784,0.998298,354.897600,4.305280,0.242425
626.610,10,-0.711531,1.720453,0.041828,-0.128024,0.131226,0.015738,0.982925,345.178600,15.229250,359.842200
626.722,10,-0.700193,1.727517,0.024717,-0.165457,0.257857,0.022828,0.951637,340.932500,30.748480,357.460300
626.832,10,-0.698996,1.728735,0.016204,-0.177108,0.353270,0.033338,0.917999,339.590700,42.800370,356.089000
626.944,10,-0.702883,1.730587,0.014458,-0.183201,0.387381,0.053142,0.901970,338.182200,47.033720,357.155500
627.055,10,-0.702259,1.733739,0.008413,-0.195706,0.385338,0.067753,0.899235,336.159800,46.775200,358.184700
627.166,10,-0.688146,1.740091,-0.013260,-0.218973,0.372461,0.070080,0.899118,333.514600,45.562860,357.624500
627.278,10,-0.667031,1.745671,-0.037194,-0.248365,0.360862,0.066263,0.896495,330.452900,44.903080,356.016000
627.389,10,-0.627283,1.749495,-0.069603,-0.271679,0.341934,0.062477,0.897423,327.971000,43.146770,355.015800
627.500,10,-0.583032,1.750493,-0.097999,-0.282685,0.335021,0.059506,0.896833,326.844400,42.655800,354.332500
627.612,10,-0.536647,1.749860,-0.123394,-0.288327,0.338760,0.055673,0.893873,326.414900,43.506610,353.395200
627.723,10,-0.494924,1.746525,-0.144155,-0.286836,0.344403,0.055809,0.892187,326.614800,44.238330,353.260600
627.834,10,-0.464536,1.744230,-0.158912,-0.288753,0.341631,0.054011,0.892745,326.463400,43.977630,353.050200
627.945,10,-0.431597,1.743785,-0.172597,-0.284260,0.346722,0.054149,0.892215,326.989600,44.514700,353.117300
628.056,10,-0.410762,1.742599,-0.180652,-0.277853,0.352093,0.056179,0.892005,327.638900,44.964600,353.512600
628.166,10,-0.387019,1.738774,-0.185819,-0.261188,0.355385,0.052728,0.895937,329.635900,44.919930,353.935100
628.277,10,-0.369697,1.737099,-0.181455,-0.245909,0.346960,0.052134,0.903565,331.277600,43.293480,355.000200
628.388,10,-0.354080,1.716192,-0.140430,-0.128937,0.222154,0.017026,0.966299,345.122800,26.083640,358.554400
628.497,10,-0.368438,1.678419,-0.108175,0.041736,0.043046,-0.024477,0.997901,4.899226,4.828609,357.396500
628.606,10,-0.407704,1.645366,-0.095076,0.165694,-0.133312,-0.034935,0.976501,18.317660,343.354400,353.199900
628.715,10,-0.436609,1.636465,-0.097086,0.194138,-0.178743,-0.024561,0.964240,21.445190,337.630000,352.793100
628.827,10,-0.476372,1.629351,-0.106732,0.214181,-0.188023,-0.004454,0.958516,24.136850,336.604900,354.398200
628.934,10,-0.512594,1.620750,-0.114860,0.231492,-0.185192,0.006031,0.955028,26.384790,336.937000,355.247400
629.048,10,-0.562828,1.595516,-0.118377,0.270993,-0.164668,0.008775,0.948351,31.123390,338.943500,355.134800
629.159,10,-0.595857,1.568695,-0.116502,0.301287,-0.134258,0.005456,0.944019,34.771550,342.266800,355.069500
629.270,10,-0.622589,1.539300,-0.112046,0.324420,-0.094653,0.011440,0.941096,37.791290,347.522900,357.107100
629.381,10,-0.638352,1.514998,-0.100331,0.310322,-0.073364,0.008176,0.947761,36.115960,350.452600,357.869300
629.492,10,-0.648781,1.476123,-0.080035,0.283364,-0.064377,0.005072,0.956836,32.882570,351.762500,358.172700
629.604,10,-0.653322,1.415482,-0.051652,0.256577,-0.059432,-0.001559,0.964694,29.659940,352.364100,357.790300
629.716,10,-0.651278,1.354501,-0.027141,0.236180,-0.056975,-0.006105,0.970018,27.226060,352.672100,357.502000
629.827,10,-0.643726,1.277332,-0.006968,0.221434,-0.054067,-0.007406,0.973647,25.492690,353.092100,357.564000
629.938,10,-0.637109,1.229843,0.003748,0.212667,-0.049933,-0.004906,0.975836,24.491970,353.720400,358.059600
630.049,10,-0.627950,1.182705,0.008467,0.197371,-0.039451,-0.002967,0.979530,22.732450,355.120100,358.671400
630.161,10,-0.620195,1.152180,0.004874,0.172442,-0.033976,0.001774,0.984432,19.854670,355.958900,359.499000
630.272,10,-0.611099,1.118604,-0.007569,0.137642,-0.027535,0.002146,0.990097,15.823550,356.786400,359.801700
630.383,10,-0.601753,1.078573,-0.027847,0.100402,-0.034466,-0.004128,0.994341,11.500870,355.940600,359.115300
630.495,10,-0.589559,1.037874,-0.049096,0.073400,-0.035412,-0.016597,0.996536,8.343964,355.767900,357.782900
630.606,10,-0.574618,0.982647,-0.076652,0.042570,-0.035159,-0.025054,0.998160,4.773728,355.838200,356.950800
630.717,10,-0.567125,0.958144,-0.089668,0.034736,-0.030857,-0.026084,0.998580,3.885524,356.354500,356.883700
630.828,10,-0.567530,0.969551,-0.084534,0.034969,-0.038708,-0.017614,0.998483,3.925977,355.485300,357.823900
630.940,10,-0.567597,0.979665,-0.069826,0.032348,-0.048387,-0.020563,0.998093,3.588109,354.369500,357.463000
631.051,10,-0.568349,0.967690,-0.044833,0.029455,-0.051432,-0.021981,0.998000,3.240690,354.023600,357.307300
631.162,10,-0.571792,0.955149,-0.024479,0.026777,-0.053774,-0.016875,0.998052,2.959793,353.777600,357.901800
631.273,10,-0.579253,0.956546,0.001643,0.030084,-0.060999,-0.014277,0.997582,3.341133,352.947900,358.154200
631.384,10,-0.597208,0.999077,0.026756,0.042926,-0.069172,-0.013808,0.996585,4.798290,351.978500,358.075800
631.496,10,-0.616750,1.066156,0.040866,0.037532,-0.079263,-0.006569,0.996125,4.228382,350.860600,358.906300
631.607,10,-0.634031,1.175827,0.052050,0.025733,-0.080095,0.003047,0.996450,2.967587,350.811700,0.111844
631.719,10,-0.643004,1.268514,0.054672,-0.004347,-0.065652,0.003273,0.997828,359.527600,352.469600,0.406956
631.830,10,-0.651440,1.393653,0.045742,-0.040686,-0.065247,-0.015414,0.996920,355.231300,352.571700,358.538100
631.942,10,-0.642963,1.500174,0.021662,-0.077075,-0.060078,-0.030426,0.994749,350.967500,353.322800,357.024200
632.053,10,-0.619892,1.589499,-0.006087,-0.118309,-0.055701,-0.041854,0.990530,346.170100,354.062600,355.881700
632.165,10,-0.585592,1.655520,-0.035033,-0.137988,-0.077150,-0.055221,0.985879,343.704000,351.801100,354.764100
632.276,10,-0.545822,1.689400,-0.062555,-0.130161,-0.104147,-0.056119,0.984410,344.457500,348.599500,355.035300
632.388,10,-0.495958,1.713452,-0.088258,-0.120672,-0.110097,-0.050409,0.985280,345.588100,347.793200,355.691500
632.498,10,-0.462092,1.720749,-0.099977,-0.112362,-0.101093,-0.043807,0.987540,346.657000,348.750100,356.240200
632.609,10,-0.428933,1.724493,-0.105511,-0.107515,-0.092281,-0.046804,0.988805,347.216900,349.815800,355.723700
632.720,10,-0.412612,1.724807,-0.100520,-0.104893,-0.089712,-0.048914,0.989220,347.508100,350.137500,355.420500
632.831,10,-0.402246,1.719119,-0.097000,-0.089055,-0.102363,-0.054162,0.989271,349.205400,348.675900,354.805800
632.942,10,-0.399448,1.712107,-0.113301,-0.066412,-0.114084,-0.057061,0.989605,351.693800,347.259800,354.328800
633.052,10,-0.397349,1.710586,-0.152192,-0.063848,-0.123222,-0.055376,0.988774,351.957400,346.175100,354.565700
633.164,10,-0.395702,1.708787,-0.203521,-0.066272,-0.133511,-0.057659,0.987147,351.591100,345.005400,354.422900
633.274,10,-0.396179,1.703365,-0.258435,-0.063024,-0.148919,-0.059857,0.985022,351.837100,343.216400,354.251300
633.384,10,-0.398576,1.694807,-0.329005,-0.051205,-0.165800,-0.051851,0.983463,353.228400,341.151900,355.089200
633.495,10,-0.400917,1.687916,-0.372564,-0.029926,-0.188602,-0.038709,0.980834,355.796100,338.367600,356.283400
633.606,10,-0.400227,1.682612,-0.412650,0.017979,-0.217091,-0.018170,0.975817,1.558566,334.881400,357.519300
633.718,10,-0.398095,1.679002,-0.433689,0.042418,-0.240246,-0.015155,0.969667,4.300129,332.061700,357.139100
633.829,10,-0.393372,1.679457,-0.449804,0.047694,-0.255058,-0.014391,0.965642,4.862762,330.281100,357.001400
633.940,10,-0.387099,1.678322,-0.461678,0.048668,-0.258906,-0.010648,0.964617,5.070323,329.835000,357.367900
634.052,10,-0.380284,1.678052,-0.472285,0.050488,-0.259326,-0.008849,0.964429,5.324366,329.783500,357.510200
634.163,10,-0.374931,1.680092,-0.477356,0.048323,-0.256807,-0.010071,0.965201,5.054888,330.089000,357.453400
634.274,10,-0.367581,1.680499,-0.474345,0.050172,-0.249641,-0.008851,0.966997,5.313982,330.936400,357.572800
634.385,10,-0.350836,1.679577,-0.457063,0.057976,-0.237976,-0.014933,0.969424,6.044407,332.243200,356.740300
634.496,10,-0.336473,1.679024,-0.429880,0.058463,-0.232677,-0.026170,0.970442,5.813585,332.805600,355.503200
634.608,10,-0.315640,1.671783,-0.374060,0.077605,-0.232207,-0.006995,0.969540,8.466681,332.849600,357.125300
634.718,10,-0.295922,1.659888,-0.319280,0.112258,-0.240884,-0.006821,0.964016,12.307080,331.515300,356.054100
634.829,10,-0.271950,1.633528,-0.245383,0.187723,-0.267555,0.024553,0.944760,21.582740,327.740400,356.667200
634.940,10,-0.253499,1.620022,-0.196269,0.220714,-0.288731,0.043087,0.930625,25.828870,324.836200,356.990400
635.050,10,-0.232546,1.612722,-0.148332,0.241235,-0.308407,0.055654,0.918474,28.519860,322.105600,356.962300
635.161,10,-0.220125,1.613133,-0.111617,0.243496,-0.316694,0.057851,0.914914,28.829060,321.000200,356.834900
635.272,10,-0.215426,1.611963,-0.074676,0.245562,-0.318805,0.057558,0.913647,29.039600,320.655400,356.629800
635.384,10,-0.217994,1.608283,-0.035148,0.249954,-0.316065,0.058174,0.913369,29.562520,320.924400,356.590100
635.495,10,-0.226942,1.602657,0.001965,0.251991,-0.307593,0.059277,0.915627,29.862870,322.042500,356.928300
635.606,10,-0.247232,1.597034,0.052116,0.255863,-0.291684,0.064839,0.919375,30.550150,324.249400,358.001100
635.717,10,-0.269907,1.604502,0.091097,0.242730,-0.285589,0.067130,0.924670,29.158940,325.425500,359.048900
635.829,10,-0.301481,1.613043,0.135164,0.231458,-0.284588,0.074995,0.927261,28.159570,325.995800,0.476984
635.940,10,-0.329351,1.612675,0.168591,0.232149,-0.288938,0.079246,0.925387,28.388640,325.525800,0.814952
636.051,10,-0.353556,1.611832,0.195352,0.230116,-0.298995,0.079795,0.922649,28.186920,324.246300,0.626536
636.163,10,-0.375971,1.615041,0.214882,0.227878,-0.319536,0.087882,0.915557,28.257450,321.771700,0.994687
636.274,10,-0.402319,1.618977,0.230989,0.211407,-0.368374,0.092730,0.900560,26.685160,315.677300,0.722355
636.385,10,-0.430199,1.622316,0.243651,0.202209,-0.446470,0.093257,0.866648,25.706520,305.213200,358.796900
636.497,10,-0.452199,1.627369,0.254261,0.188587,-0.533709,0.090895,0.819346,23.957560,293.143900,356.715900
636.608,10,-0.463079,1.632514,0.268244,0.173674,-0.656389,0.091211,0.728472,21.886740,274.820700,354.117200
636.719,10,-0.456532,1.640864,0.282822,0.145375,-0.751672,0.094088,0.636398,19.055300,259.497600,354.000400
636.830,10,-0.442714,1.649969,0.309342,0.121314,-0.832877,0.093756,0.531797,16.570970,244.223300,353.869300
636.941,10,-0.432273,1.655460,0.334650,0.102645,-0.875645,0.095658,0.462125,15.212200,234.920100,354.567900
637.052,10,-0.420740,1.658823,0.353830,0.086645,-0.909768,0.095550,0.394570,14.018280,226.294900,355.136800
637.163,10,-0.405726,1.659089,0.366525,0.076797,-0.933378,0.094789,0.337525,13.225880,219.219200,355.323200
637.274,10,-0.388641,1.660109,0.374673,0.066542,-0.946253,0.093539,0.302370,12.548410,214.993800,355.925100
637.385,10,-0.360760,1.663536,0.385528,0.051331,-0.959630,0.086428,0.262690,11.118970,210.316200,356.897300
637.497,10,-0.336851,1.666042,0.392964,0.045050,-0.966195,0.079663,0.241024,10.116820,207.763100,357.167200
637.608,10,-0.302841,1.664624,0.401395,0.045928,-0.968429,0.076171,0.232881,9.725251,206.778000,356.889700
637.718,10,-0.273110,1.662271,0.407644,0.044759,-0.968908,0.073582,0.231947,9.401522,206.674000,356.943700
637.829,10,-0.234199,1.658308,0.416140,0.042373,-0.973055,0.074172,0.214166,9.351882,204.584500,357.055100
637.941,10,-0.200951,1.660640,0.426454,0.041805,-0.978901,0.072857,0.186270,9.103190,201.294500,356.824100
638.051,10,-0.175567,1.663689,0.441248,0.040464,-0.982242,0.072033,0.168449,8.924939,199.212400,356.795500
638.163,10,-0.160233,1.665600,0.456682,0.042228,-0.984154,0.070042,0.157327,8.693629,197.895600,356.457500
638.274,10,-0.153381,1.667491,0.472793,0.042435,-0.984322,0.063883,0.158834,8.004007,198.076600,356.338100
638.385,10,-0.150467,1.668405,0.484841,0.045089,-0.984164,0.061283,0.160103,7.762304,198.208300,355.999500
638.496,10,-0.147702,1.668552,0.491054,0.043436,-0.986872,0.062042,0.142648,7.749752,196.183000,356.063100
638.607,10,-0.141250,1.664110,0.499087,0.039476,-0.993340,0.080523,0.072348,9.537089,188.007400,356.117500
638.718,10,-0.133704,1.660485,0.510379,0.047272,-0.994156,0.094574,-0.021816,10.718220,176.947800,354.268900
638.829,10,-0.125875,1.661715,0.526987,0.061703,-0.984888,0.085676,-0.137287,8.732411,163.483400,351.560400
638.941,10,-0.123179,1.666001,0.536429,0.069317,-0.972594,0.065910,-0.211924,5.671651,154.947900,350.585800
639.052,10,-0.122574,1.670918,0.541979,0.079407,-0.960558,0.049438,-0.261877,3.060273,149.224400,349.706100
639.164,10,-0.125302,1.685640,0.544941,0.094880,-0.959850,-0.002731,-0.263968,356.828000,149.535900,349.573400
639.276,10,-0.134026,1.703301,0.546954,0.093121,-0.972378,-0.087931,-0.195138,348.033100,158.211300,351.370700
639.388,10,-0.151128,1.720038,0.556939,0.067632,-0.981929,-0.171826,-0.041446,339.937300,176.450600,352.747800
639.500,10,-0.160011,1.728365,0.568058,0.042356,-0.973451,-0.214397,0.068073,335.691900,189.517700,352.962800
639.610,10,-0.165457,1.734265,0.582928,0.016335,-0.950506,-0.237027,0.200226,333.637400,205.686900,351.917800
639.722,10,-0.167090,1.738792,0.595049,-0.008757,-0.911726,-0.253816,0.322889,332.064500,221.406300,350.360200
639.833,10,-0.168742,1.735385,0.607378,-0.003949,-0.868147,-0.251005,0.428138,333.947100,235.613200,346.608400
639.944,10,-0.180511,1.704384,0.622965,0.078962,-0.811806,-0.144594,0.560204,351.587800,250.480800,342.940600
640.054,10,-0.190505,1.670845,0.626979,0.132138,-0.775596,-0.011438,0.617138,8.357637,256.079500,347.206300
640.163,10,-0.205463,1.637456,0.617696,0.146799,-0.790485,0.127953,0.580699,21.887280,251.604100,354.838400
640.272,10,-0.215864,1.620276,0.593907,0.137183,-0.859064,0.184702,0.457248,26.282350,235.051700,355.728200
640.383,10,-0.211065,1.612122,0.560568,0.127011,-0.939710,0.212414,0.235993,27.333120,206.010400,351.033900
640.494,10,-0.197204,1.614839,0.539556,0.099950,-0.969842,0.215157,-0.055902,23.963890,170.460500,346.203000
640.601,10,-0.200385,1.619807,0.537725,0.067331,-0.943069,0.215068,-0.244608,21.882810,148.102800,345.508200
640.714,10,-0.216624,1.622616,0.540368,0.045869,-0.891527,0.223101,-0.391537,21.215850,129.570300,344.029700
640.826,10,-0.251666,1.625042,0.539955,0.023461,-0.832270,0.222753,-0.507107,20.303100,114.333600,343.589200
640.937,10,-0.279727,1.624641,0.540257,0.011238,-0.801615,0.220066,-0.555750,19.896680,107.670600,343.782100
641.048,10,-0.306003,1.620418,0.542458,-0.007042,-0.782732,0.221041,-0.581740,20.746010,103.949700,344.738800
641.159,10,-0.316442,1.615314,0.544814,-0.020669,-0.777788,0.226633,-0.585881,22.133330,103.151600,345.405500
641.270,10,-0.325661,1.613323,0.552640,-0.033790,-0.775714,0.224134,-0.588974,22.800910,102.896400,346.730500
641.382,10,-0.328886,1.615206,0.559237,-0.036293,-0.780417,0.214159,-0.586318,22.137140,103.786400,347.880000
641.492,10,-0.324675,1.617901,0.564240,-0.035232,-0.788016,0.207328,-0.578623,21.563230,105.237100,348.563600
641.604,10,-0.311269,1.624719,0.566039,-0.025228,-0.804708,0.192097,-0.561166,19.723260,108.352100,349.286400
641.715,10,-0.293051,1.624668,0.569195,-0.028699,-0.816662,0.197791,-0.541404,20.740280,111.024800,349.695000
641.826,10,-0.268750,1.622833,0.574062,-0.048950,-0.820946,0.208486,-0.529326,23.211830,112.566700,351.216300
641.937,10,-0.254149,1.621695,0.575911,-0.048225,-0.821216,0.210366,-0.528228,23.357040,112.643300,351.036600
642.048,10,-0.243412,1.619111,0.577733,-0.046827,-0.821242,0.220177,-0.524300,24.251350,112.796200,350.278000
642.159,10,-0.239636,1.621296,0.578872,-0.048120,-0.821026,0.216648,-0.525989,23.976920,112.713100,350.621500
642.270,10,-0.236656,1.629752,0.574473,-0.032425,-0.837448,0.190217,-0.511319,20.594590,115.618300,351.385400
642.382,10,-0.230661,1.643031,0.567137,-0.012256,-0.875889,0.148519,-0.458923,15.748860,123.746300,353.146800
642.493,10,-0.218624,1.657319,0.561367,0.003162,-0.924049,0.094990,-0.370270,9.974508,135.940300,355.563300
642.605,10,-0.197301,1.665457,0.558230,0.012453,-0.963979,0.060313,-0.258750,6.305893,149.774400,356.815200
642.717,10,-0.173972,1.670285,0.555977,0.024181,-0.988265,0.037740,-0.146025,3.872221,163.075400,356.620400
642.828,10,-0.142741,1.673692,0.558700,0.032699,-0.999331,0.012276,0.010865,1.446666,181.198700,356.266900
642.939,10,-0.120264,1.679032,0.563324,0.031477,-0.992596,-0.004193,0.117239,359.946000,193.474100,356.360900
643.049,10,-0.095250,1.683819,0.579074,0.023778,-0.972249,-0.016982,0.232119,358.740400,206.889500,356.896900
643.162,10,-0.073201,1.686610,0.600765,0.021644,-0.949902,-0.029026,0.310444,357.609800,216.267400,356.606500
643.273,10,-0.049906,1.689158,0.624782,0.006895,-0.925271,-0.053732,0.375420,354.591500,224.313200,356.942300
643.385,10,-0.025083,1.690935,0.647940,-0.006647,-0.907026,-0.069684,0.415215,352.418900,229.369900,357.351200
643.496,10,-0.002286,1.692410,0.670783,-0.019480,-0.896209,-0.082226,0.435510,350.540600,232.011000,357.867500
643.607,10,0.031880,1.692495,0.702134,-0.023500,-0.887988,-0.086318,0.451082,349.950500,234.044500,357.896800
643.719,10,0.060067,1.691497,0.722872,-0.028047,-0.885908,-0.101050,0.451851,348.206400,234.298800,357.562900
643.830,10,0.095598,1.686218,0.746575,-0.025814,-0.885566,-0.101045,0.452655,348.326600,234.421300,357.322000
643.942,10,0.124036,1.683662,0.766682,-0.025593,-0.881772,-0.100071,0.460228,348.460900,235.401000,357.251800
644.052,10,0.147124,1.681161,0.783617,-0.025599,-0.879183,-0.106459,0.463732,347.822800,235.955700,356.849400
644.164,10,0.161525,1.679256,0.794167,-0.026397,-0.879576,-0.110985,0.461878,347.313100,235.775700,356.704300
644.275,10,0.165995,1.678390,0.798903,-0.024277,-0.879925,-0.109421,0.461703,347.585600,235.745000,356.576700
644.386,10,0.156782,1.681984,0.797803,-0.026975,-0.878711,-0.110062,0.463709,347.382500,235.997700,356.788600
644.497,10,0.134665,1.685300,0.789473,-0.023942,-0.879299,-0.101347,0.464746,348.434800,236.025300,356.951700
644.608,10,0.084195,1.687258,0.767250,-0.012206,-0.882082,-0.086081,0.463003,350.609400,235.667500,356.619400
644.719,10,0.031293,1.686989,0.740429,-0.007041,-0.885298,-0.071652,0.459418,352.337600,235.060100,356.913100
644.830,10,-0.047312,1.685367,0.694705,-0.018151,-0.893226,-0.067304,0.444171,352.162700,232.987700,358.417300
644.942,10,-0.118709,1.696640,0.652575,-0.018278,-0.889028,-0.084388,0.449637,350.416600,233.868600,357.478000
645.053,10,-0.177988,1.704513,0.614021,-0.026662,-0.882428,-0.074174,0.463798,351.046200,235.551000,358.738500
645.165,10,-0.221932,1.706993,0.580855,-0.026475,-0.882065,-0.073631,0.464585,351.112500,235.649500,358.740800
645.276,10,-0.246449,1.708813,0.560457,-0.025409,-0.884487,-0.070976,0.460434,351.433700,235.088500,358.817200
645.387,10,-0.259792,1.715724,0.546339,-0.033810,-0.886235,-0.077741,0.455413,350.294200,234.448600,359.367500
645.498,10,-0.263357,1.718912,0.544451,-0.037889,-0.883582,-0.083700,0.459176,349.472500,234.972800,359.422400
645.608,10,-0.266757,1.716801,0.550210,-0.024976,-0.884381,-0.082607,0.458718,350.268800,234.986900,358.162100
645.720,10,-0.270425,1.715683,0.552708,-0.022508,-0.888612,-0.076338,0.451702,351.025000,234.022500,358.319700
645.830,10,-0.275000,1.714333,0.553752,-0.022741,-0.891955,-0.079386,0.444519,350.686600,233.122000,358.257400
645.942,10,-0.278603,1.714513,0.554021,-0.024968,-0.891932,-0.078034,0.444684,350.711400,233.115500,358.556500
646.053,10,-0.281524,1.714032,0.553924,-0.025781,-0.893132,-0.081050,0.441681,350.354600,232.752900,358.515300
646.164,10,-0.284467,1.713240,0.553631,-0.024408,-0.894006,-0.078416,0.440464,350.693800,232.577900,358.523000
646.275,10,-0.287103,1.713866,0.553084,-0.023173,-0.895053,-0.076178,0.438794,350.984400,232.348300,358.528000
646.386,10,-0.289674,1.716475,0.551580,-0.028075,-0.895372,-0.084133,0.436398,349.911800,232.087500,358.652400
646.498,10,-0.290889,1.716930,0.549948,-0.027753,-0.895501,-0.083955,0.436188,349.946200,232.060800,358.630400
646.609,10,-0.289461,1.723772,0.549561,-0.029804,-0.896394,-0.087312,0.433550,349.491800,231.741700,358.701800
646.720,10,-0.289791,1.740891,0.551041,-0.030488,-0.895158,-0.089050,0.435699,349.280800,232.032900,358.657800
646.831,10,-0.292774,1.776677,0.553321,-0.032772,-0.894891,-0.090438,0.435794,349.022200,232.043400,358.822800
646.942,10,-0.294971,1.785343,0.556979,-0.042640,-0.893245,-0.098558,0.436557,347.684000,232.154900,359.420700
647.053,10,-0.295785,1.782275,0.558986,-0.032038,-0.890790,-0.097036,0.442777,348.390000,233.032000,358.312100
647.165,10,-0.294954,1.785521,0.558808,-0.036912,-0.891186,-0.097076,0.441590,348.133900,232.838900,358.832300
647.276,10,-0.294026,1.783814,0.558457,-0.037697,-0.895039,-0.099996,0.432996,347.781200,231.752900,358.879300
647.386,10,-0.293423,1.754956,0.557011,-0.046667,-0.897779,-0.105265,0.425129,346.780200,230.717200,359.664100
647.497,10,-0.292311,1.694061,0.555732,-0.056146,-0.901146,-0.106217,0.416536,346.219300,229.525000,0.749513
647.608,10,-0.289509,1.593757,0.556603,-0.046155,-0.906463,-0.098028,0.408149,347.561400,228.457400,0.214463
647.719,10,-0.288220,1.537225,0.557592,-0.047344,-0.910681,-0.094490,0.399362,347.882600,227.290900,0.630481
647.829,10,-0.290683,1.479271,0.561429,-0.062317,-0.912424,-0.100592,0.391767,346.562100,226.232100,2.056459
647.941,10,-0.296988,1.421290,0.566761,-0.054980,-0.911557,-0.099839,0.395062,346.970100,226.719800,1.255626
648.052,10,-0.304444,1.352785,0.570660,-0.053329,-0.910577,-0.102712,0.396808,346.739600,226.986100,0.918681
648.163,10,-0.310843,1.271067,0.574538,-0.051990,-0.907953,-0.108433,0.401449,346.193300,227.652500,0.433590
648.274,10,-0.314699,1.199518,0.578821,-0.048269,-0.904332,-0.107907,0.410134,346.422400,228.799100,359.928700
648.385,10,-0.315460,1.140710,0.585081,-0.037591,-0.902025,-0.102869,0.417560,347.468700,229.796800,358.938000
648.496,10,-0.311541,1.129840,0.588850,-0.044425,-0.898114,-0.112800,0.422723,346.103300,230.522700,359.081000
648.608,10,-0.306734,1.132030,0.590608,-0.050296,-0.898098,-0.114869,0.421539,345.597600,230.336300,359.615400
648.720,10,-0.306494,1.130014,0.591115,-0.046720,-0.900695,-0.114655,0.416437,345.791600,229.710400,359.330200
648.831,10,-0.311666,1.131557,0.588650,-0.048222,-0.903581,-0.111221,0.410909,346.076700,228.938600,359.748700
648.943,10,-0.325571,1.196866,0.569223,-0.044297,-0.905449,-0.101039,0.409868,347.333100,228.726500,359.846800
649.054,10,-0.335757,1.302210,0.542758,-0.059919,-0.909392,-0.087686,0.402153,348.013900,227.475600,2.252867
649.165,10,-0.340129,1.402359,0.526368,-0.058198,-0.913503,-0.077890,0.395043,349.147100,226.523600,2.613780
649.276,10,-0.342979,1.478710,0.521514,-0.056939,-0.911555,-0.072200,0.400766,349.789400,227.226400,2.675276
649.387,10,-0.346937,1.554828,0.519730,-0.053062,-0.908320,-0.071754,0.408645,349.995900,228.252800,2.196870
649.499,10,-0.345809,1.592630,0.520553,-0.053543,-0.908400,-0.063325,0.409796,350.855100,228.351300,2.634267
649.609,10,-0.329057,1.620770,0.533896,-0.046604,-0.912895,-0.050470,0.402372,352.550600,227.405000,2.570681
649.720,10,-0.301486,1.636320,0.549630,-0.042041,-0.914944,-0.047982,0.398507,353.032400,226.935400,2.233758
649.831,10,-0.262926,1.645715,0.553245,-0.045452,-0.913941,-0.048536,0.400363,352.812700,227.152400,2.554347
649.943,10,-0.219215,1.653532,0.540651,-0.040350,-0.908908,-0.038829,0.413219,354.034400,228.772300,2.377499
650.053,10,-0.176546,1.662880,0.516200,-0.026011,-0.892723,-0.036662,0.448359,354.906400,233.300300,0.780319
650.164,10,-0.136792,1.677532,0.489983,-0.013749,-0.868155,-0.048991,0.493679,354.339200,239.319400,358.589300
650.275,10,-0.108403,1.690700,0.473260,-0.001332,-0.852736,-0.047001,0.520221,355.322600,242.881000,357.318400
650.386,10,-0.079153,1.699028,0.464433,0.003756,-0.843025,-0.049129,0.535614,355.479800,244.993300,356.609300
650.497,10,-0.061286,1.700830,0.464518,0.009254,-0.836887,-0.047916,0.545196,355.979700,246.301700,356.106400
650.608,10,-0.042924,1.701215,0.466770,0.009889,-0.828763,-0.056826,0.556620,355.228500,247.963900,355.415500
650.719,10,-0.031901,1.699928,0.467577,0.014597,-0.825363,-0.053704,0.561852,355.856900,248.664600,355.143200
650.830,10,-0.015116,1.700005,0.479548,0.016432,-0.823172,-0.048260,0.565498,356.510400,249.119100,355.308700
650.941,10,0.005885,1.700794,0.508167,0.016149,-0.827527,-0.052194,0.558761,356.081500,248.223200,355.109300
651.052,10,0.025383,1.700959,0.550788,0.002853,-0.836235,-0.063088,0.544723,354.122400,246.378100,355.762500
651.164,10,0.035527,1.698721,0.603121,-0.002022,-0.847794,-0.064032,0.526443,353.644300,243.882000,356.308400
651.275,10,0.039170,1.696283,0.647728,-0.001693,-0.853506,-0.055335,0.518134,354.478900,242.672200,356.864000
651.386,10,0.041527,1.692518,0.690034,0.000044,-0.860882,-0.045105,0.506801,355.548600,241.073000,357.367300
651.497,10,0.043545,1.692421,0.710823,-0.004370,-0.866555,-0.040860,0.497388,355.689400,239.781700,358.099400
651.608,10,0.046716,1.690910,0.728170,-0.008478,-0.873566,-0.036104,0.485292,355.910900,238.148400,358.837900
651.719,10,0.046125,1.691551,0.739163,-0.011416,-0.881142,-0.035386,0.471388,355.806600,236.319100,359.239200
651.830,10,0.033204,1.691411,0.756737,-0.011037,-0.892580,-0.035164,0.449381,355.831300,233.472100,359.316300
651.941,10,0.010041,1.690871,0.771599,-0.000623,-0.901407,-0.032548,0.431747,356.605100,231.232000,358.451200
652.052,10,-0.019426,1.690693,0.778091,0.008593,-0.907630,-0.033477,0.418345,356.928700,229.559000,357.497000
652.163,10,-0.058929,1.687365,0.773079,0.011478,-0.915334,-0.039486,0.400591,356.382800,227.368200,356.976000
652.274,10,-0.103705,1.681776,0.758453,0.014766,-0.920565,-0.043793,0.387846,356.033400,225.814400,356.485400
652.386,10,-0.167144,1.672645,0.729062,0.008410,-0.923114,-0.052770,0.380796,354.777700,224.979900,356.792700
652.497,10,-0.215408,1.678005,0.698601,-0.000412,-0.925865,-0.047773,0.374822,354.907100,224.169300,357.983400
652.608,10,-0.263249,1.688936,0.663606,-0.010380,-0.930080,-0.041631,0.364844,355.123100,222.864500,359.363500
652.719,10,-0.284433,1.691229,0.645794,-0.011381,-0.938516,-0.037335,0.343021,355.532900,220.163500,359.755700
652.830,10,-0.299342,1.696455,0.630827,-0.002179,-0.952739,-0.034672,0.301799,356.136400,215.185800,359.036600
652.942,10,-0.306985,1.698599,0.619500,-0.000351,-0.969330,-0.035616,0.243169,356.030900,208.198600,359.044300
653.052,10,-0.315589,1.700655,0.607626,-0.002071,-0.984377,-0.035866,0.172371,355.909900,199.881300,359.523900
653.163,10,-0.326367,1.700403,0.599128,-0.003655,-0.994553,-0.034232,0.098382,356.054400,191.297700,0.030726
653.274,10,-0.339614,1.700104,0.601181,-0.003029,-0.999366,-0.029690,0.019411,356.591200,182.217100,0.281363
653.385,10,-0.361826,1.701955,0.604800,-0.004992,-0.997541,-0.029842,-0.063225,356.623000,172.723600,0.788267
653.497,10,-0.387959,1.700516,0.604157,0.000049,-0.992145,-0.026018,-0.122356,357.040000,165.929700,0.359711
653.607,10,-0.421291,1.695300,0.594403,0.011763,-0.983921,-0.014830,-0.177599,358.088200,159.553500,358.974900
653.719,10,-0.439734,1.694430,0.579311,0.021523,-0.978090,-0.008032,-0.206910,358.589300,156.138400,357.776900
653.830,10,-0.452200,1.691606,0.547266,0.024798,-0.970909,-0.013456,-0.237782,357.826700,152.522900,357.605200
653.941,10,-0.451699,1.685657,0.508111,0.026295,-0.968401,-0.012330,-0.247703,357.884800,151.351800,357.429400
654.052,10,-0.441154,1.686287,0.472107,0.016065,-0.971610,-0.005928,-0.235967,358.905600,152.714300,358.371200
654.164,10,-0.429571,1.691526,0.445397,0.005812,-0.973774,-0.006454,-0.227353,359.128400,153.720100,359.519600
654.275,10,-0.423258,1.689979,0.429860,0.002727,-0.973796,-0.006196,-0.227324,359.237500,153.721200,359.857100
654.386,10,-0.422082,1.692877,0.414915,0.001804,-0.969062,-0.004579,-0.246767,359.440500,151.427500,359.929200
654.498,10,-0.425072,1.695180,0.402371,0.007015,-0.961221,-0.006552,-0.275612,359.056700,148.006100,359.434100
654.608,10,-0.437587,1.696299,0.388739,0.014693,-0.944497,-0.005077,-0.328152,358.897900,141.695400,358.600200
654.720,10,-0.457969,1.699544,0.385359,0.017581,-0.923033,-0.009013,-0.384213,358.272300,134.822900,358.536400
654.831,10,-0.490759,1.706172,0.376798,0.022949,-0.889054,-0.023083,-0.456643,356.445200,125.662500,358.867600
654.942,10,-0.518331,1.702565,0.363500,0.027494,-0.862782,-0.017483,-0.504526,356.680100,119.414300,358.289300
655.053,10,-0.540013,1.698034,0.351222,0.030920,-0.837312,-0.013909,-0.545673,356.730300,113.875800,357.899100
655.164,10,-0.551530,1.697456,0.339958,0.033188,-0.814316,-0.005702,-0.579444,357.263200,109.195900,357.277600
655.275,10,-0.552162,1.696921,0.328191,0.034324,-0.801725,-0.002370,-0.596702,357.434400,106.748500,357.004300
655.386,10,-0.539071,1.696491,0.308177,0.034703,-0.801075,-0.001290,-0.597556,357.504500,106.625900,356.898300
655.497,10,-0.518428,1.694278,0.292001,0.030067,-0.812085,0.001850,-0.582761,358.164000,108.719600,357.075700
655.608,10,-0.479965,1.690177,0.278962,0.020503,-0.828466,-0.004982,-0.559641,358.211900,111.946200,358.372000
655.720,10,-0.440424,1.691901,0.275880,0.015011,-0.837415,-0.012386,-0.546221,357.871400,113.781900,359.334400
655.831,10,-0.382547,1.700392,0.276360,0.011220,-0.837440,-0.023073,-0.545927,357.082600,113.790000,0.367221
655.942,10,-0.330208,1.700041,0.276555,0.013091,-0.838520,-0.026877,-0.544050,356.599300,114.034900,0.418444
656.054,10,-0.283226,1.694401,0.279012,0.007225,-0.842697,-0.026175,-0.537703,357.025800,114.894400,0.916382
656.165,10,-0.246504,1.692421,0.284523,0.000927,-0.835365,-0.028214,-0.548970,357.239800,113.336600,1.688305
656.276,10,-0.219759,1.691918,0.289412,0.004158,-0.817319,-0.024814,-0.575635,357.400800,109.657800,1.248726
656.387,10,-0.189656,1.688878,0.293115,-0.000740,-0.779901,-0.016467,-0.625686,358.581200,102.507000,1.247257
656.498,10,-0.172552,1.687831,0.290004,0.003671,-0.738885,-0.009160,-0.673759,358.940900,95.275540,0.396498
656.609,10,-0.162726,1.688576,0.273855,0.017365,-0.678663,-0.000794,-0.734245,358.477100,85.511500,358.715800
656.720,10,-0.163858,1.692540,0.246168,0.027690,-0.627206,-0.003970,-0.778351,357.243800,77.764110,358.361800
656.831,10,-0.163442,1.698728,0.211046,0.037620,-0.576203,-0.006492,-0.816415,356.048700,70.491680,358.118500
656.943,10,-0.160468,1.698973,0.176827,0.041970,-0.531297,-0.008134,-0.846106,355.430600,64.322730,358.227500
657.054,10,-0.157737,1.696431,0.154869,0.038221,-0.489406,-0.002913,-0.871213,356.017700,58.714970,358.142400
657.166,10,-0.155862,1.693687,0.140623,0.024989,-0.419209,-0.002859,-0.907541,357.262800,49.607720,359.095900
657.276,10,-0.163526,1.691837,0.144144,0.013751,-0.296669,0.008404,-0.954845,358.781000,34.534620,358.612500
657.387,10,-0.178950,1.686552,0.155184,-0.005885,-0.108698,0.034060,-0.993474,1.094306,12.451650,356.192300
657.497,10,-0.185933,1.685105,0.161371,-0.019962,-0.011108,0.048238,-0.998575,2.346327,1.161766,354.492500
657.608,10,-0.184783,1.687970,0.161053,-0.020373,0.025868,0.053720,-0.998013,2.171169,356.912500,353.779400
657.720,10,-0.181302,1.690660,0.156744,-0.009807,0.028254,0.050921,-0.998255,0.956977,356.708500,354.132300
657.831,10,-0.179416,1.693959,0.148663,0.004588,0.023975,0.047151,-0.998590,359.345400,357.280100,354.608800
657.942,10,-0.181172,1.696348,0.139085,0.013401,0.020317,0.040486,-0.998884,358.371600,357.735100,355.390300
658.053,10,-0.182792,1.696458,0.123069,0.020188,0.006799,0.035697,-0.999136,357.660200,359.303500,355.921900
658.165,10,-0.187312,1.697292,0.097531,0.033865,-0.010610,0.028624,-0.998960,356.155400,1.328710,356.672800
658.276,10,-0.194414,1.697849,0.068185,0.053761,-0.025696,0.020692,-0.998009,353.901100,3.085156,357.460100
658.387,10,-0.204988,1.691236,0.025678,0.072938,-0.050687,0.008781,-0.996009,351.697200,5.931185,358.558800
658.498,10,-0.213218,1.681321,-0.010034,0.080588,-0.068435,0.007557,-0.994367,350.837600,7.995243,358.487500
658.609,10,-0.222639,1.669830,-0.057696,0.107510,-0.083784,0.005386,-0.990653,347.754100,9.848954,358.317800
658.721,10,-0.230179,1.662170,-0.096315,0.133751,-0.095257,0.005403,-0.986412,344.761500,11.319060,357.853300
658.832,10,-0.235859,1.658275,-0.123637,0.160038,-0.105782,0.005691,-0.981410,341.764600,12.739980,357.282600
658.943,10,-0.238823,1.656754,-0.133751,0.171495,-0.119322,0.006535,-0.977911,340.497200,14.474880,356.733700
659.054,10,-0.240438,1.658025,-0.127557,0.172989,-0.125990,0.007453,-0.976804,340.362200,15.311930,356.460300
659.165,10,-0.241493,1.668937,-0.098633,0.170712,-0.136408,0.001997,-0.975831,340.571700,16.440560,356.932200
659.276,10,-0.238338,1.680133,-0.061882,0.155478,-0.157827,0.000483,-0.975150,342.357600,18.854100,356.991200
659.387,10,-0.223675,1.693828,-0.005181,0.138585,-0.210484,0.008287,-0.967689,344.649300,25.139210,355.576400
659.498,10,-0.210022,1.702968,0.037026,0.147342,-0.266613,0.001685,-0.952473,343.753000,31.973550,355.113700
659.609,10,-0.194178,1.717644,0.080983,0.147420,-0.352751,-0.006272,-0.924010,343.927100,42.569630,354.481100
659.720,10,-0.187123,1.725285,0.106198,0.150012,-0.406461,-0.019364,-0.901061,343.376500,49.321460,354.787500
659.832,10,-0.185434,1.726019,0.119183,0.140651,-0.439633,-0.024978,-0.886745,344.252100,53.397390,355.269600
659.943,10,-0.187480,1.727747,0.120407,0.128098,-0.483573,-0.037276,-0.865077,345.067500,58.871860,356.475700
660.054,10,-0.189362,1.730247,0.114826,0.128854,-0.542605,-0.051665,-0.828436,344.361800,66.891070,356.771700
660.165,10,-0.190992,1.730430,0.110986,0.125514,-0.582824,-0.059850,-0.800613,344.291700,72.521770,356.994700
660.276,10,-0.192312,1.730011,0.110607,0.120250,-0.599806,-0.063636,-0.788494,344.575300,74.873920,357.389900
660.387,10,-0.194676,1.730085,0.112625,0.117502,-0.602072,-0.065730,-0.787008,344.686600,75.136770,357.740300
660.498,10,-0.196777,1.730044,0.114508,0.114932,-0.599129,-0.067000,-0.789523,344.825200,74.638610,358.104500
660.609,10,-0.199219,1.729854,0.116170,0.115229,-0.594001,-0.066575,-0.793380,344.815300,73.891550,358.144200
660.720,10,-0.202043,1.729104,0.117809,0.115082,-0.593128,-0.064803,-0.794202,344.949600,73.769710,358.007100
660.831,10,-0.206525,1.729055,0.123073,0.116111,-0.596433,-0.067767,-0.791324,344.656800,74.261920,358.142800
660.943,10,-0.212943,1.729297,0.134286,0.112673,-0.605259,-0.075888,-0.784352,344.418200,75.453540,358.968100
661.053,10,-0.220896,1.729162,0.144974,0.109858,-0.617006,-0.085133,-0.774588,344.023400,77.109640,359.780600
661.165,10,-0.228774,1.728318,0.149934,0.108105,-0.627653,-0.086346,-0.766100,344.095800,78.682720,359.797100
661.276,10,-0.234038,1.727869,0.150090,0.109850,-0.629014,-0.085764,-0.764800,343.983100,78.930310,359.582200
661.387,10,-0.237540,1.724633,0.145786,0.103090,-0.637647,-0.074361,-0.759769,345.434800,80.150890,358.906200
661.498,10,-0.237131,1.718977,0.138828,0.088129,-0.651787,-0.051465,-0.751504,348.489500,82.092030,357.805100
661.608,10,-0.234167,1.707624,0.124946,0.065050,-0.679700,-0.007038,-0.730566,353.995100,86.105170,355.493300
661.719,10,-0.230957,1.699123,0.114869,0.046435,-0.698824,0.020187,-0.713499,357.819500,88.911830,354.619300
661.829,10,-0.223843,1.691415,0.104603,0.021911,-0.705713,0.041247,-0.706956,1.560726,89.829360,354.877900
661.940,10,-0.214894,1.690166,0.095940,0.017068,-0.701213,0.048283,-0.711111,2.489655,89.081270,354.681400
662.052,10,-0.202402,1.690281,0.085326,0.014532,-0.696536,0.053523,-0.715375,3.082226,88.321270,354.435700
662.164,11,-0.188567,1.689809,0.071742,0.009034,-0.697035,0.058182,-0.714616,3.910521,88.384710,354.492600
662.275,11,-0.174249,1.686583,0.058662,0.002220,-0.699188,0.072854,-0.711213,5.665444,88.718100,353.842800
662.386,11,-0.151858,1.671858,0.039384,-0.031769,-0.702308,0.110087,-0.702592,11.494340,89.327060,353.550900
662.497,11,-0.131968,1.658158,0.020208,-0.065693,-0.702283,0.141193,-0.694656,16.832960,89.702790,353.768800
662.608,11,-0.108509,1.646201,-0.012233,-0.076507,-0.706995,0.170968,-0.681964,20.248710,90.695580,352.343000
662.718,11,-0.097466,1.634527,-0.042463,-0.090466,-0.724729,0.192588,-0.655358,23.435920,94.177240,352.402900
662.829,11,-0.098423,1.620528,-0.092561,-0.101705,-0.782952,0.215424,-0.574661,27.015050,106.077200,354.309800
662.940,11,-0.116804,1.612215,-0.146317,-0.113572,-0.865427,0.224067,-0.433512,29.097450,126.824600,0.151211
663.051,11,-0.143055,1.610087,-0.188301,-0.110828,-0.919310,0.226378,-0.302226,28.895390,144.733400,4.384776
663.162,11,-0.165146,1.608363,-0.212706,-0.104352,-0.943027,0.234335,-0.211891,29.090520,156.336700,6.406531
663.273,11,-0.175691,1.606605,-0.222554,-0.103184,-0.952167,0.237417,-0.162373,29.053670,162.682000,7.850228
663.385,11,-0.157676,1.617981,-0.211066,-0.091358,-0.945244,0.207824,-0.234472,25.831740,153.237900,4.796024
663.496,11,-0.118816,1.643140,-0.167255,-0.033316,-0.871879,0.146009,-0.466260,16.598990,123.044500,355.327800
663.608,11,-0.106958,1.670536,-0.058606,0.016929,-0.539125,0.091457,-0.837075,4.029655,65.218900,350.108000
663.720,11,-0.139366,1.671302,0.002110,-0.024286,-0.282739,0.073885,-0.956039,5.061004,32.624630,352.643600
663.830,11,-0.172859,1.672007,0.041714,-0.042850,-0.102060,0.037622,-0.993143,5.324240,11.558060,356.200300
663.942,11,-0.191627,1.668423,0.065895,-0.062400,-0.003963,0.026434,-0.997693,7.164736,0.266181,356.981300
664.053,11,-0.197290,1.663909,0.093426,-0.082328,0.057198,0.023082,-0.994695,9.273224,353.157100,356.785800
664.164,11,-0.200285,1.649917,0.132687,-0.139082,0.111750,0.027134,-0.983581,15.517510,346.350600,354.971200
664.275,11,-0.209855,1.626375,0.172981,-0.224265,0.164007,0.036841,-0.959922,24.738000,338.600000,350.858700
664.384,11,-0.223819,1.604539,0.225735,-0.288999,0.205616,0.018533,-0.934804,32.187580,332.167400,349.550400
664.496,11,-0.233745,1.590747,0.253107,-0.316430,0.237082,-0.002080,-0.918510,35.610690,327.718000,349.638900
664.607,11,-0.233005,1.588355,0.267152,-0.327805,0.299348,-0.022073,-0.895794,36.906190,319.261600,348.698000
664.717,11,-0.222020,1.590008,0.261439,-0.316143,0.364026,-0.039602,-0.875198,35.605950,311.156600,348.589600
664.828,11,-0.193992,1.599501,0.216514,-0.272871,0.500177,-0.055929,-0.819900,30.225340,293.948200,347.890900
664.940,11,-0.157140,1.616664,0.167416,-0.218874,0.619818,-0.059557,-0.751248,23.746230,278.534400,348.541500
665.051,11,-0.104708,1.624673,0.104937,-0.169126,0.735216,-0.080723,-0.651412,19.818320,261.546900,351.224900
665.163,11,-0.062014,1.626851,0.059725,-0.141828,0.805174,-0.097639,-0.567492,18.554410,249.187700,352.875800
665.274,11,-0.030393,1.626315,0.034233,-0.125545,0.839930,-0.107498,-0.516915,18.081760,242.259100,353.976000
665.386,11,0.001886,1.628903,0.017739,-0.108179,0.864827,-0.114400,-0.476743,17.518860,237.008600,355.306300
665.497,11,0.017784,1.636394,0.015831,-0.093043,0.874927,-0.094173,-0.465808,14.564520,235.492600,355.551000
665.608,11,0.029201,1.674925,0.028557,0.013748,0.859522,0.025891,-0.510258,356.644100,241.396000,359.839900
665.720,11,0.040708,1.698757,0.045435,0.077226,0.826963,0.090835,-0.549470,346.402400,247.007500,1.645032
665.832,11,0.043411,1.708147,0.060964,0.106249,0.796557,0.113708,-0.584191,342.224500,252.169600,2.191383
665.944,11,0.040118,1.715064,0.088219,0.126689,0.721526,0.128978,-0.668368,339.177700,265.502200,0.638117
666.056,11,0.047635,1.719149,0.137956,0.165867,0.495082,0.104381,-0.846455,337.408800,299.508800,359.226000
666.167,11,0.083097,1.714262,0.186002,0.163704,0.069759,0.052247,-0.982652,340.790900,352.699900,355.149900
666.278,11,0.104665,1.706817,0.188246,0.140202,-0.228852,0.017368,-0.963156,344.804000,27.507180,354.193700
666.388,11,0.091079,1.700383,0.168976,0.119308,-0.471728,-0.007177,-0.873606,347.571100,57.376770,354.121400
666.499,11,0.052126,1.697703,0.161759,0.105029,-0.556721,-0.011115,-0.823958,349.312400,68.630460,354.239600
666.609,11,0.000135,1.700212,0.159581,0.083845,-0.641471,-0.027110,-0.762070,350.643700,80.493030,356.150200
666.720,11,-0.030996,1.695598,0.155961,0.058403,-0.703182,-0.027926,-0.708057,352.993700,89.754790,357.540600
666.831,11,-0.051796,1.687121,0.137129,0.024874,-0.780391,-0.009407,-0.624726,357.377200,102.679000,358.447300
666.942,11,-0.069883,1.671949,0.113405,-0.016659,-0.852464,0.029805,-0.521669,3.910384,117.065300,359.845300
667.052,11,-0.088964,1.657168,0.091165,-0.053922,-0.908330,0.067639,-0.409210,9.613906,131.704400,2.476422
667.163,11,-0.107611,1.649353,0.079252,-0.068075,-0.934486,0.094077,-0.336529,12.805730,140.811800,3.757934
667.273,11,-0.120125,1.646130,0.076327,-0.073140,-0.945902,0.104622,-0.298287,13.978430,145.545600,4.489100
667.384,11,-0.124577,1.641107,0.078939,-0.081425,-0.945735,0.117669,-0.291736,15.668850,146.412800,5.085963
667.496,11,-0.117764,1.625325,0.084415,-0.119264,-0.925283,0.160296,-0.322386,21.933860,142.991600,7.267845
667.607,11,-0.094984,1.587930,0.100678,-0.189090,-0.850019,0.253616,-0.421180,36.188110,129.795500,7.677455
667.717,11,-0.077185,1.569711,0.110381,-0.204082,-0.801113,0.292342,-0.480735,41.652820,119.405700,3.522477
667.827,11,-0.062527,1.551364,0.119384,-0.227652,-0.749045,0.321463,-0.532698,46.395740,109.110100,359.880200
667.938,11,-0.055002,1.540791,0.122817,-0.242023,-0.722496,0.331366,-0.556437,48.431350,104.056200,358.355100
668.049,11,-0.048672,1.531812,0.125165,-0.256395,-0.693741,0.337034,-0.582575,50.028710,98.416800,356.702500
668.160,11,-0.044625,1.526709,0.125434,-0.267254,-0.676696,0.335712,-0.598293,50.727390,95.319400,356.376300
668.271,11,-0.041225,1.525333,0.129404,-0.277491,-0.651115,0.327198,-0.626091,50.674250,90.172140,355.624000
668.382,11,-0.040528,1.528046,0.139616,-0.288750,-0.610131,0.312319,-0.668447,50.097570,82.049510,354.167600
668.493,11,-0.044630,1.534005,0.155402,-0.309662,-0.535903,0.280075,-0.733809,48.994950,69.121540,353.071800
668.604,11,-0.052632,1.539627,0.168134,-0.331474,-0.430715,0.232040,-0.806701,47.280820,52.900100,352.476000
668.716,11,-0.062418,1.538916,0.169237,-0.354874,-0.316424,0.190664,-0.858829,46.904300,36.687070,351.336500
668.828,11,-0.070747,1.543014,0.148902,-0.363537,-0.158377,0.138499,-0.907511,44.724440,15.239610,348.946100
668.939,11,-0.073063,1.547196,0.114940,-0.359837,-0.021706,0.102524,-0.927111,42.195980,357.405500,346.378100
669.050,11,-0.075610,1.551089,0.060174,-0.355477,0.131852,0.057461,-0.923553,39.900120,338.240500,344.897900
669.162,11,-0.085984,1.555559,0.014886,-0.365237,0.261028,0.023846,-0.893251,39.795420,320.979100,342.325400
669.272,11,-0.089618,1.568902,-0.031754,-0.359698,0.369457,0.000706,-0.856807,38.014620,306.464200,340.190800
669.384,11,-0.080882,1.588099,-0.063787,-0.328545,0.429631,-0.016085,-0.840962,34.500200,300.232100,341.957300
669.495,11,-0.070235,1.593418,-0.086355,-0.307355,0.451499,-0.027135,-0.837225,32.626060,298.616000,344.002800
669.606,11,-0.065154,1.593880,-0.115301,-0.282641,0.486967,-0.046909,-0.825092,30.803560,295.217700,346.681500
669.718,11,-0.066505,1.593307,-0.142998,-0.270133,0.527125,-0.063957,-0.803167,30.089370,290.169600,347.854000
669.828,11,-0.071837,1.584400,-0.187846,-0.257555,0.584656,-0.081923,-0.764939,29.328820,282.162900,348.364800
669.940,11,-0.079701,1.572073,-0.242556,-0.260921,0.647339,-0.107560,-0.708028,30.579540,271.713700,347.557300
670.052,11,-0.083701,1.570488,-0.302414,-0.264368,0.718280,-0.151732,-0.625429,33.275100,258.153500,346.865200
670.163,11,-0.081341,1.574688,-0.355172,-0.264399,0.782113,-0.177190,-0.535720,34.087130,243.987500,344.327000
670.274,11,-0.067583,1.571475,-0.390927,-0.249272,0.829082,-0.193225,-0.461682,33.405980,233.288400,343.655800
670.386,11,-0.042027,1.571092,-0.415441,-0.231293,0.874205,-0.221609,-0.364909,33.797870,220.120500,343.021800
670.496,11,-0.022143,1.575095,-0.422327,-0.217938,0.898773,-0.239268,-0.295737,33.986710,211.020700,342.434900
670.607,11,0.005254,1.570784,-0.421359,-0.200894,0.918021,-0.272713,-0.206173,35.700600,199.342300,341.595100
670.718,11,0.025380,1.568773,-0.413001,-0.186157,0.926771,-0.293316,-0.142851,36.645240,191.180500,340.997700
670.829,11,0.042151,1.569387,-0.393674,-0.161987,0.935052,-0.301860,-0.091204,36.445430,185.190000,342.053100
670.940,11,0.046765,1.572183,-0.367871,-0.144367,0.939848,-0.299222,-0.079433,35.829940,184.450600,343.973900
671.051,11,0.040351,1.598422,-0.335822,-0.105597,0.959759,-0.234271,-0.113262,28.268790,190.992000,350.218700
671.163,11,0.026272,1.657176,-0.291093,-0.026071,0.976991,-0.050815,-0.205492,6.315635,203.660300,358.266900
671.276,11,0.024187,1.693582,-0.242490,0.017641,0.962908,0.061272,-0.262188,352.689300,210.456500,0.106536
671.388,11,0.024587,1.708548,-0.193993,0.034770,0.950535,0.107672,-0.289277,347.008400,213.827800,0.223779
671.500,11,0.023618,1.714006,-0.165269,0.042429,0.942814,0.126349,-0.305513,344.682200,215.886900,0.166439
671.612,11,0.019375,1.724413,-0.126352,0.064410,0.912130,0.160907,-0.371455,340.038500,224.338000,359.875700
671.723,11,0.015578,1.736875,-0.079506,0.121290,0.826865,0.210302,-0.507303,331.910900,243.268300,359.169100
671.835,11,0.020850,1.742023,-0.048535,0.160192,0.760621,0.233579,-0.584154,327.147100,255.635600,358.008000
671.946,11,0.025078,1.744117,-0.027828,0.188670,0.710412,0.233967,-0.636379,325.071400,264.360800,357.922800
672.057,11,0.019942,1.745400,-0.016196,0.200903,0.665483,0.229914,-0.681110,324.571800,272.359100,356.778000
672.168,11,0.004961,1.744234,-0.001548,0.209761,0.571201,0.215191,-0.763821,325.509200,288.348400,353.793800
672.278,11,-0.011917,1.740516,0.008786,0.213533,0.450461,0.197457,-0.844097,327.426600,306.645400,350.370100
672.390,11,-0.044617,1.738504,-0.002893,0.239519,0.326728,0.174589,-0.897440,327.044000,323.185700,349.226300
672.501,11,-0.087143,1.748286,-0.045334,0.291638,0.291107,0.166418,-0.895829,321.727200,327.267900,350.589200
672.612,11,-0.124948,1.756115,-0.080440,0.302925,0.176842,0.133102,-0.926956,322.506400,341.845900,349.864800
672.724,11,-0.150557,1.752858,-0.099228,0.282659,0.012435,0.102892,-0.953605,327.204000,2.348835,346.992200
672.834,11,-0.161225,1.745344,-0.111743,0.260334,-0.130274,0.079327,-0.953395,331.592900,19.230440,345.576800
672.945,11,-0.161514,1.741989,-0.132259,0.240712,-0.254774,0.039741,-0.935718,334.518000,33.323670,347.393200
673.055,11,-0.149200,1.739773,-0.155903,0.233158,-0.334588,0.024361,-0.912740,335.837600,42.991060,347.305800
673.167,11,-0.124630,1.737230,-0.191988,0.215364,-0.426305,0.006007,-0.878548,338.081100,54.116780,347.918300
673.276,11,-0.101701,1.730752,-0.221433,0.193294,-0.488526,-0.001027,-0.850870,340.734900,61.671040,348.567700
673.387,11,-0.074619,1.719489,-0.264177,0.143168,-0.572681,-0.002891,-0.807175,346.441700,71.834170,350.567900
673.497,11,-0.059709,1.709768,-0.296028,0.113546,-0.625689,0.010629,-0.771691,350.680300,78.825440,350.757400
673.608,11,-0.048444,1.684170,-0.329666,0.033559,-0.679921,0.067520,-0.729399,2.456492,85.800450,351.705200
673.718,11,-0.042822,1.662381,-0.353284,-0.024426,-0.720411,0.102247,-0.685534,10.416860,92.282980,353.871800
673.829,11,-0.036179,1.641133,-0.385523,-0.069957,-0.780973,0.136025,-0.605545,17.288800,103.915500,356.669600
673.941,11,-0.034954,1.628689,-0.412365,-0.105271,-0.826348,0.158092,-0.530165,21.894570,114.709400,0.392150
674.052,11,-0.034639,1.623471,-0.432766,-0.120174,-0.857863,0.156212,-0.474581,22.462680,122.809900,3.593019
674.164,11,-0.033352,1.621964,-0.440655,-0.120657,-0.861865,0.165942,-0.463783,23.450460,124.130600,3.378168
674.275,11,-0.031010,1.631344,-0.442037,-0.102365,-0.866615,0.142416,-0.467138,20.027800,123.825300,2.706627
674.386,11,-0.034031,1.668421,-0.438339,-0.013028,-0.872256,0.036862,-0.487485,4.416645,121.571000,359.240700
674.498,11,-0.043864,1.693086,-0.434083,0.049053,-0.870229,-0.038544,-0.488681,353.394800,121.525700,357.247500
674.610,11,-0.055238,1.705107,-0.428611,0.088607,-0.863174,-0.069687,-0.492162,348.022800,121.137700,355.052200
674.722,11,-0.059051,1.708401,-0.422139,0.100115,-0.853336,-0.078170,-0.505652,346.428600,119.346900,354.580500
674.833,11,-0.057439,1.708988,-0.413992,0.093121,-0.842931,-0.080356,-0.523773,346.525200,116.796200,355.706100
674.944,11,-0.041298,1.693022,-0.392921,0.024618,-0.798616,-0.034715,-0.600335,355.123700,106.128400,0.135729
675.053,11,-0.019645,1.633465,-0.352026,-0.141097,-0.673155,0.109833,-0.717559,20.509370,86.700370,1.978565
675.161,11,-0.009621,1.569933,-0.311613,-0.289011,-0.525057,0.209622,-0.772558,41.811580,67.803750,358.431900
675.270,11,0.000689,1.540847,-0.278092,-0.342200,-0.427956,0.228057,-0.804825,48.246730,53.135320,353.602600
675.373,11,-0.000579,1.524376,-0.265338,-0.384740,-0.380573,0.237671,-0.806630,53.281990,46.138620,351.285900
675.481,11,-0.010400,1.510489,-0.255656,-0.421349,-0.333882,0.221823,-0.813500,56.476570,40.176110,351.718900
675.593,11,-0.031795,1.499490,-0.253196,-0.458698,-0.274015,0.197718,-0.821839,59.576680,32.088430,351.642200
675.699,11,-0.055610,1.497749,-0.264211,-0.470703,-0.241484,0.176846,-0.829970,60.083070,28.028480,352.370300
675.800,11,-0.076264,1.502151,-0.276604,-0.462031,-0.226895,0.164584,-0.841402,58.451200,26.044830,352.610100
675.902,11,-0.107308,1.505406,-0.301081,-0.455079,-0.219864,0.157780,-0.848333,57.298500,25.129460,352.813200
676.003,11,-0.140095,1.504381,-0.330186,-0.449428,-0.230045,0.158383,-0.848533,56.676250,26.839740,353.519000
676.103,11,-0.180108,1.502782,-0.364900,-0.438532,-0.243660,0.155488,-0.850966,55.298050,29.266580,354.868100
676.222,11,-0.231955,1.499079,-0.413102,-0.441817,-0.254143,0.149764,-0.847219,55.563650,31.836250,357.040500
676.338,11,-0.265819,1.499838,-0.453354,-0.444727,-0.258918,0.156101,-0.843097,56.173770,32.334100,356.609600
676.451,11,-0.287079,1.511377,-0.488887,-0.435821,-0.274007,0.159847,-0.842277,55.261490,34.438100,356.938200
676.565,11,-0.298916,1.517255,-0.516795,-0.430317,-0.282560,0.160313,-0.842192,54.628380,35.720660,357.341700
676.679,11,-0.301216,1.520607,-0.537837,-0.422831,-0.287424,0.157936,-0.844783,53.628600,36.418460,357.701900
676.793,11,-0.295698,1.522977,-0.568067,-0.421138,-0.284518,0.160083,-0.846207,53.497700,35.648460,356.985400
676.907,11,-0.285717,1.524229,-0.596926,-0.420515,-0.281398,0.161387,-0.847312,53.460050,34.957030,356.453900
677.020,11,-0.273239,1.525369,-0.630760,-0.419969,-0.271258,0.153145,-0.852404,53.039420,33.723080,356.830500
677.133,11,-0.260468,1.525937,-0.666489,-0.418153,-0.268210,0.154090,-0.854089,52.838500,33.032580,356.307000
677.247,11,-0.251009,1.524470,-0.699533,-0.414820,-0.270331,0.150809,-0.855630,52.316580,33.510300,356.830800
677.360,11,-0.247669,1.521989,-0.728379,-0.415544,-0.261055,0.148640,-0.858534,52.290590,32.064790,356.413100
677.474,11,-0.247674,1.521896,-0.755771,-0.413784,-0.247601,0.144566,-0.864047,51.873250,29.950500,355.827900
677.587,11,-0.251919,1.524737,-0.775496,-0.408179,-0.235629,0.138576,-0.871014,50.928950,28.148770,355.537000
677.700,11,-0.257351,1.527673,-0.789391,-0.402016,-0.223331,0.131646,-0.878166,49.895820,26.397160,355.401200
677.811,11,-0.268254,1.534968,-0.804200,-0.389024,-0.197886,0.121613,-0.891466,47.879340,22.641830,354.621900
677.922,11,-0.281016,1.556414,-0.817002,-0.344307,-0.163419,0.104973,-0.918547,41.823040,17.809990,353.813100
678.031,11,-0.294726,1.572666,-0.832673,-0.310611,-0.124461,0.089441,-0.938099,37.231170,12.914620,353.474000
678.136,11,-0.302549,1.570880,-0.842952,-0.321619,-0.101175,0.086861,-0.937433,38.357650,9.825714,352.837400
678.240,11,-0.310900,1.567472,-0.851887,-0.329868,-0.078626,0.074999,-0.937753,39.084310,7.251962,353.431800
678.342,11,-0.322689,1.577528,-0.860304,-0.304699,-0.031408,0.059224,-0.950087,35.640770,1.663276,353.400800
678.442,11,-0.336921,1.590151,-0.868073,-0.270701,0.031144,0.033575,-0.961574,31.232080,354.761300,354.535200
678.552,11,-0.358827,1.597489,-0.879758,-0.255835,0.142675,0.018867,-0.955948,28.930350,341.173500,352.840800
678.661,11,-0.375812,1.594938,-0.890693,-0.261708,0.234961,0.010244,-0.936054,29.021120,329.391800,350.643700
678.770,11,-0.382757,1.587879,-0.892993,-0.277617,0.274497,-0.001360,-0.920640,30.791640,324.021200,349.950200
678.880,11,-0.387330,1.581197,-0.888840,-0.292467,0.290918,-0.016173,-0.910806,32.831610,321.726100,350.360100
678.992,11,-0.393590,1.574417,-0.880547,-0.312980,0.311031,-0.021731,-0.897124,35.105300,318.277400,349.028400
679.103,11,-0.396990,1.571417,-0.865379,-0.326985,0.310752,-0.017066,-0.892313,36.452250,317.499700,347.596900
679.214,11,-0.383173,1.593748,-0.841406,-0.244779,0.231849,-0.016524,-0.941306,27.936060,330.994300,354.648700
679.325,11,-0.362709,1.623718,-0.832244,-0.154314,0.147605,-0.011310,-0.976869,17.747860,342.594900,358.588700
679.436,11,-0.347118,1.649257,-0.834451,-0.080331,0.103019,-0.001832,-0.991429,9.187302,348.075200,359.250200
679.547,11,-0.329108,1.692385,-0.850417,0.086314,0.044312,-0.002989,-0.995278,350.122200,354.833100,0.790942
679.656,11,-0.320565,1.707675,-0.866073,0.144024,0.016752,-0.005486,-0.989417,343.452100,357.923700,0.937357
679.769,11,-0.312088,1.712969,-0.881595,0.162286,-0.010582,-0.006133,-0.986668,341.314400,1.142640,0.524326
679.881,11,-0.303301,1.711991,-0.883833,0.157722,-0.041932,-0.000769,-0.986593,341.863700,4.980152,359.294000
679.992,11,-0.289879,1.713985,-0.882333,0.170965,-0.085455,0.006592,-0.981542,340.458300,10.393140,357.435900
680.104,11,-0.273581,1.708868,-0.874753,0.146503,-0.139609,0.015528,-0.979186,343.586300,16.843850,355.736500
680.215,11,-0.265370,1.709419,-0.858411,0.144486,-0.162443,0.013866,-0.975983,343.887300,19.525110,355.581900
680.326,11,-0.265981,1.711369,-0.822082,0.152949,-0.174129,0.008608,-0.972734,342.868800,20.931070,355.798600
680.438,11,-0.270660,1.711883,-0.779000,0.160796,-0.183973,0.001324,-0.969689,341.858900,22.080230,356.275400
680.549,11,-0.279131,1.717616,-0.709415,0.167546,-0.204565,-0.007913,-0.964375,340.950000,24.494760,356.768400
680.661,11,-0.288558,1.725576,-0.651429,0.169789,-0.222437,-0.007720,-0.960018,340.765500,26.715490,356.313300
680.772,11,-0.300043,1.729327,-0.607626,0.182365,-0.249657,-0.010173,-0.950953,339.395100,30.219290,355.606200
680.884,11,-0.312427,1.732818,-0.573429,0.192565,-0.261691,-0.024093,-0.945440,337.868900,31.612030,356.582000
680.995,11,-0.316081,1.734654,-0.548710,0.199513,-0.270897,-0.027883,-0.941293,337.001600,32.815600,356.537000
681.106,11,-0.309689,1.735659,-0.526460,0.209065,-0.290643,-0.030433,-0.933216,335.927200,35.464720,355.934800
681.218,11,-0.299915,1.734228,-0.511209,0.205902,-0.293342,-0.024413,-0.933252,336.506800,35.877200,355.294600
681.328,11,-0.279219,1.732179,-0.486124,0.200035,-0.281193,-0.019521,-0.938369,337.269900,34.311630,355.282200
681.440,11,-0.256740,1.731562,-0.464448,0.203109,-0.259594,-0.011360,-0.944049,337.083600,31.811670,354.767300
681.550,11,-0.223520,1.728642,-0.440776,0.195857,-0.233720,0.002782,-0.952369,338.176100,28.732360,354.011500
681.662,11,-0.188651,1.732728,-0.419764,0.211679,-0.212995,-0.000595,-0.953847,336.167000,26.355130,354.414000
681.773,11,-0.149793,1.735025,-0.400910,0.220245,-0.180073,0.004300,-0.958670,335.119000,22.499380,354.461000
681.884,11,-0.112982,1.735090,-0.383818,0.215361,-0.140620,0.003317,-0.966351,335.462100,17.477370,355.777600
681.996,11,-0.089211,1.731557,-0.372876,0.206235,-0.114410,0.003816,-0.971783,336.424400,14.142320,356.584300
682.107,11,-0.072323,1.725770,-0.359538,0.176297,-0.091173,-0.001840,-0.980104,339.762400,10.940280,358.256900
682.218,11,-0.068275,1.721601,-0.345751,0.157642,-0.070737,-0.003829,-0.984952,341.875500,8.357572,359.110200
682.327,11,-0.071884,1.718061,-0.322275,0.134770,-0.047550,-0.002832,-0.989731,344.511700,5.559458,359.571300
682.438,11,-0.081579,1.715999,-0.301397,0.131556,-0.037614,-0.002554,-0.990592,344.880700,4.387238,359.712900
682.549,11,-0.103434,1.714581,-0.268435,0.125527,-0.032896,-0.007796,-0.991514,345.555900,3.746439,0.426052
682.662,11,-0.127450,1.716137,-0.228551,0.127217,-0.032255,-0.012419,-0.991273,345.344100,3.602356,0.972201
682.774,11,-0.152137,1.720541,-0.182302,0.130249,-0.040380,-0.018767,-0.990481,344.957600,4.460255,1.581780
682.885,11,-0.175013,1.720277,-0.137730,0.134379,-0.045011,-0.015252,-0.989790,344.491200,5.061002,1.075980
682.997,11,-0.192490,1.718504,-0.103903,0.133818,-0.045702,-0.013817,-0.989855,344.562700,5.165180,0.898887
683.108,11,-0.209848,1.712754,-0.063642,0.120524,-0.026845,-0.016282,-0.992214,346.110800,2.913769,1.525225
683.220,11,-0.218021,1.710176,-0.037300,0.113284,0.008266,-0.017458,-0.993375,347.010200,358.801600,2.150088
683.331,11,-0.217001,1.710428,-0.010527,0.122095,0.073116,-0.010237,-0.989769,346.102000,351.276000,2.250494
683.442,11,-0.202887,1.714112,-0.000724,0.143273,0.139427,0.001402,-0.979812,343.671000,343.483600,2.221787
683.554,11,-0.174556,1.725888,-0.003455,0.175456,0.213289,0.014251,-0.960999,339.921600,334.459800,2.896146
683.665,11,-0.140507,1.733852,-0.006973,0.208303,0.278912,0.040685,-0.936570,335.614300,326.288900,2.516334
683.776,11,-0.113698,1.736623,-0.009744,0.230231,0.334517,0.068348,-0.911274,332.268200,319.214000,1.907680
683.888,11,-0.087370,1.741103,-0.015936,0.254532,0.410616,0.094301,-0.870469,328.629700,308.645900,3.011544
683.999,11,-0.072114,1.743214,-0.023035,0.262529,0.459585,0.105139,-0.841906,327.405500,301.461100,4.375378
684.110,11,-0.058164,1.747794,-0.032548,0.281328,0.502045,0.118496,-0.809175,324.951700,294.355100,6.361628
684.221,11,-0.054322,1.749899,-0.042368,0.297775,0.521042,0.124420,-0.790168,323.112900,290.468400,8.171360
684.332,11,-0.060933,1.750611,-0.057079,0.308667,0.523370,0.123356,-0.784597,322.158500,289.346600,9.440044
684.443,11,-0.079430,1.751910,-0.077855,0.320962,0.513795,0.120140,-0.786489,321.073700,289.993800,10.430260
684.554,11,-0.105177,1.751565,-0.098893,0.329315,0.502258,0.107667,-0.792273,320.952200,291.020700,11.904220
684.665,11,-0.148109,1.754214,-0.127263,0.334566,0.483470,0.092432,-0.803604,321.164000,293.343100,12.979110
684.776,11,-0.188818,1.753288,-0.147808,0.337739,0.468245,0.073683,-0.813173,321.809100,295.096600,14.474900
684.887,11,-0.246540,1.749687,-0.169961,0.336649,0.451925,0.038541,-0.825195,323.812000,296.876900,17.349570
684.998,11,-0.288350,1.747814,-0.179100,0.327829,0.438504,0.017873,-0.836614,325.652700,299.016600,18.180280
685.109,11,-0.336252,1.746160,-0.178717,0.319710,0.397749,-0.008106,-0.859951,327.083100,304.805900,18.637190
685.220,11,-0.368136,1.741923,-0.168404,0.314945,0.328990,-0.033735,-0.889628,327.440800,313.968500,18.486690
685.332,11,-0.372623,1.741053,-0.164173,0.291952,0.233698,-0.056704,-0.925707,329.068100,327.111200,16.348070
685.443,11,-0.354954,1.743832,-0.178778,0.288126,0.134927,-0.050176,-0.946710,327.859100,340.375100,11.772440
685.554,11,-0.330349,1.742623,-0.202725,0.283059,0.032427,-0.046046,-0.957448,327.381600,353.991800,7.266223
685.665,11,-0.299222,1.738526,-0.252191,0.280590,-0.066933,-0.037230,-0.956767,327.186700,7.327125,2.296672
685.775,11,-0.279985,1.732650,-0.299042,0.278406,-0.124833,-0.039266,-0.951507,327.342700,14.844450,0.354954
685.886,11,-0.262393,1.727510,-0.351564,0.274128,-0.170025,-0.034547,-0.945913,327.970900,20.920430,358.116800
685.998,11,-0.255047,1.730012,-0.379748,0.265230,-0.197147,-0.036286,-0.943117,329.029800,24.283180,357.584700
686.109,11,-0.255128,1.734337,-0.403566,0.253118,-0.206899,-0.040098,-0.944201,330.357800,25.225620,358.086600
686.220,11,-0.261338,1.736019,-0.417909,0.246542,-0.207064,-0.044240,-0.945719,331.011100,25.011940,358.793200
686.331,11,-0.272603,1.736014,-0.437156,0.247912,-0.207928,-0.052379,-0.944755,330.645300,24.895350,359.728900
686.442,11,-0.281448,1.734349,-0.454271,0.246912,-0.216328,-0.051640,-0.943170,330.784100,25.997210,359.381800
686.553,11,-0.289855,1.734317,-0.467077,0.246806,-0.218000,-0.051403,-0.942826,330.803800,26.220810,359.299000
686.664,11,-0.297301,1.735626,-0.475177,0.246753,-0.215231,-0.053721,-0.943347,330.746700,25.788150,359.680700
686.775,11,-0.303379,1.736345,-0.478573,0.244721,-0.212111,-0.055629,-0.944471,330.931000,25.293640,0.082912
686.886,11,-0.312615,1.734902,-0.475153,0.238392,-0.214277,-0.053323,-0.945733,331.721200,25.553640,359.915000
686.998,11,-0.323929,1.736187,-0.463692,0.232852,-0.231710,-0.052512,-0.943044,332.385800,27.749610,359.426700
687.108,11,-0.343715,1.736635,-0.433413,0.229027,-0.262223,-0.064592,-0.935208,332.467600,31.314840,0.045379
687.220,11,-0.363434,1.735306,-0.398692,0.223952,-0.290755,-0.070887,-0.927514,332.828300,34.790330,0.081664
687.331,11,-0.394577,1.738691,-0.343032,0.216889,-0.332732,-0.071658,-0.914939,333.604400,40.167300,359.155200
687.442,11,-0.425994,1.739658,-0.288143,0.215612,-0.368482,-0.078556,-0.900867,333.489100,44.753940,358.888400
687.553,11,-0.454759,1.737450,-0.236065,0.206920,-0.408983,-0.083302,-0.884860,334.257400,49.930230,358.611100
687.665,11,-0.476314,1.736817,-0.191511,0.191485,-0.452201,-0.089232,-0.866537,335.634300,55.367180,358.834200
687.776,11,-0.489222,1.736429,-0.157495,0.182584,-0.474738,-0.087754,-0.856496,336.666300,58.294280,358.562300
687.887,11,-0.497823,1.733213,-0.117969,0.177967,-0.487483,-0.089409,-0.850115,337.060800,59.934040,358.662500
687.998,11,-0.498539,1.729124,-0.091312,0.168332,-0.489421,-0.093196,-0.850557,337.816400,59.908920,359.614300
688.108,11,-0.491298,1.724153,-0.063802,0.169245,-0.480549,-0.089763,-0.855787,337.917200,58.739790,359.442000
688.220,11,-0.477440,1.722371,-0.043594,0.177149,-0.471881,-0.081646,-0.859814,337.561900,57.846950,358.339300
688.331,11,-0.447276,1.723847,-0.011306,0.202995,-0.447459,-0.060310,-0.868871,336.000800,55.522370,355.173800
688.443,11,-0.411687,1.727984,0.018886,0.209383,-0.429723,-0.041019,-0.877391,336.254500,53.614660,353.225600
688.553,11,-0.381218,1.726163,0.043029,0.206652,-0.435934,-0.026991,-0.875516,337.332200,54.601680,351.718500
688.664,11,-0.358208,1.729007,0.062062,0.207832,-0.464732,-0.027992,-0.860260,337.443400,58.563070,350.965900
688.776,11,-0.341677,1.732289,0.076586,0.205877,-0.506666,-0.040921,-0.836200,337.308100,64.181540,351.260300
688.887,11,-0.318223,1.734117,0.095855,0.197696,-0.577447,-0.062749,-0.789642,337.375700,73.966630,351.952700
688.998,11,-0.299061,1.734687,0.111636,0.187070,-0.643948,-0.078254,-0.737708,337.865100,83.760620,352.215200
689.109,11,-0.284092,1.731594,0.135075,0.162119,-0.739803,-0.096113,-0.645888,339.413000,99.045720,352.899500
689.220,11,-0.278984,1.733745,0.158133,0.145044,-0.807053,-0.108504,-0.562009,340.234700,111.489300,353.155400
689.331,11,-0.273410,1.730913,0.188213,0.123328,-0.862835,-0.122575,-0.474638,340.816400,123.362000,354.137700
689.442,11,-0.265705,1.731531,0.209374,0.101969,-0.892948,-0.127878,-0.419396,341.705100,130.411700,355.478800
689.553,11,-0.251878,1.733197,0.222831,0.094597,-0.909479,-0.139298,-0.380125,341.016500,135.305300,355.987700
689.665,11,-0.228459,1.733094,0.226351,0.084312,-0.919643,-0.148555,-0.353667,340.556900,138.450400,356.960800
689.776,11,-0.201482,1.729843,0.220700,0.075160,-0.924366,-0.147064,-0.343904,341.120600,139.565900,357.710600
689.887,11,-0.167724,1.723225,0.203394,0.069414,-0.925632,-0.141942,-0.343860,341.910100,139.537800,358.138000
689.998,11,-0.149331,1.719452,0.182487,0.068882,-0.923603,-0.130883,-0.353671,343.112700,138.402000,357.924200
690.109,11,-0.135377,1.725712,0.146272,0.093444,-0.920529,-0.127197,-0.357373,342.484400,138.317200,355.120100
690.220,11,-0.125575,1.727721,0.112404,0.103589,-0.919106,-0.131360,-0.356733,341.616600,138.521700,354.151600
690.332,11,-0.115745,1.724955,0.080636,0.103073,-0.920779,-0.131968,-0.352317,341.599600,139.072800,354.143200
690.443,11,-0.105039,1.724219,0.052806,0.101310,-0.926091,-0.135374,-0.337293,341.392800,140.932100,354.166700
690.555,11,-0.093141,1.725512,0.030205,0.091774,-0.934353,-0.137771,-0.315565,341.616600,143.504300,354.888500
690.665,11,-0.075222,1.726910,-0.004544,0.082482,-0.947083,-0.148981,-0.272096,340.908300,148.708900,355.438100
690.777,11,-0.056817,1.725776,-0.034896,0.071077,-0.958400,-0.155771,-0.228372,340.667700,153.868400,356.044500
690.888,11,-0.023051,1.720992,-0.066515,0.059408,-0.973065,-0.145219,-0.168901,342.381100,160.926700,355.995400
690.999,11,0.009066,1.728695,-0.084831,0.048777,-0.979346,-0.150856,-0.125476,342.078100,165.946000,356.524400
691.110,11,0.048698,1.733697,-0.103240,0.034696,-0.982792,-0.162585,-0.080516,341.024700,171.058500,357.453400
691.222,11,0.076184,1.733258,-0.119576,0.012468,-0.984804,-0.163906,-0.056041,341.081100,173.548500,359.625300
691.332,11,0.090422,1.735083,-0.138788,0.009770,-0.984581,-0.168682,-0.045298,340.546200,174.772900,359.759600
691.444,11,0.095134,1.736177,-0.165542,0.012197,-0.981892,-0.182829,-0.048090,338.886900,174.465000,359.608900
691.555,11,0.093047,1.734492,-0.198769,0.021066,-0.978383,-0.192112,-0.073591,337.727100,171.554700,359.198500
691.666,11,0.085186,1.729674,-0.254910,0.045744,-0.965449,-0.200819,-0.159646,336.273800,161.539500,358.484800
691.777,11,0.073876,1.721733,-0.306239,0.068684,-0.935411,-0.203142,-0.281110,335.250100,146.744500,359.098700
691.888,11,0.058292,1.727376,-0.366625,0.105781,-0.861000,-0.178936,-0.464190,336.025300,123.552700,358.994500
691.999,11,0.048652,1.735426,-0.391115,0.134553,-0.763368,-0.158669,-0.611546,335.995000,102.754000,359.287500
692.110,11,0.027262,1.739844,-0.398102,0.158492,-0.619013,-0.142908,-0.755831,335.385500,78.361350,1.248655
692.221,11,-0.001299,1.741701,-0.391637,0.163822,-0.521461,-0.133181,-0.826743,335.809300,63.817780,3.101838
692.331,11,-0.035991,1.741809,-0.377608,0.172917,-0.443752,-0.123062,-0.870655,335.775100,53.192690,3.824400
692.442,11,-0.072471,1.739012,-0.361479,0.174414,-0.391931,-0.109493,-0.896650,336.509000,46.445360,3.728373
692.553,11,-0.113532,1.732990,-0.345251,0.175414,-0.369445,-0.088041,-0.908289,337.436600,43.892460,1.881618
692.664,11,-0.155156,1.727132,-0.332156,0.174347,-0.364959,-0.082951,-0.910784,337.782000,43.382960,1.475786
692.775,11,-0.190742,1.726118,-0.322032,0.163847,-0.351244,-0.078630,-0.918476,339.132000,41.524410,1.799329
692.886,11,-0.234168,1.729354,-0.313630,0.153413,-0.329162,-0.083655,-0.927965,340.135600,38.481310,3.307474
692.997,11,-0.264931,1.730318,-0.312627,0.156976,-0.312996,-0.085752,-0.932759,339.725300,36.424690,3.771795
693.108,11,-0.299563,1.729593,-0.314542,0.157170,-0.290702,-0.093397,-0.939184,339.541800,33.467860,5.147087
693.220,11,-0.322423,1.730557,-0.317161,0.152322,-0.266927,-0.094662,-0.946883,340.184200,30.441580,5.976149
693.330,11,-0.345613,1.732574,-0.316519,0.148803,-0.257409,-0.088333,-0.950682,340.828100,29.362610,5.549760
693.442,11,-0.363321,1.729437,-0.311011,0.141306,-0.272094,-0.094297,-0.947157,341.398000,31.045950,6.161952
693.552,11,-0.378982,1.724913,-0.310856,0.128219,-0.293565,-0.104604,-0.941508,342.370900,33.496170,7.335900
693.664,11,-0.394778,1.724338,-0.324178,0.118018,-0.311755,-0.106860,-0.936729,343.277800,35.697980,7.596948
693.775,11,-0.409937,1.725383,-0.341802,0.122332,-0.327281,-0.110985,-0.930379,342.525800,37.588420,7.617561
693.886,11,-0.433220,1.723293,-0.369222,0.123068,-0.343343,-0.109017,-0.924708,342.394300,39.645490,7.057402
693.997,11,-0.456667,1.720207,-0.397395,0.119295,-0.359435,-0.103660,-0.919690,342.905600,41.745240,6.301590
694.108,11,-0.490039,1.715386,-0.435026,0.116928,-0.370856,-0.094046,-0.916487,343.496000,43.317520,5.125539
694.219,11,-0.514563,1.712858,-0.457684,0.113765,-0.376883,-0.072661,-0.916372,344.735700,44.334890,2.817310
694.329,11,-0.545284,1.715485,-0.474110,0.107201,-0.378438,-0.060550,-0.917402,345.964600,44.615440,1.769694
694.441,11,-0.574030,1.718584,-0.477928,0.108373,-0.384969,-0.052186,-0.915058,346.201100,45.547240,0.711895
694.553,11,-0.601802,1.721608,-0.468565,0.113268,-0.397477,-0.057192,-0.908797,345.443100,47.140760,0.823396
694.665,11,-0.625315,1.723691,-0.442182,0.117383,-0.401712,-0.058254,-0.906342,344.954800,47.719640,0.669715
694.776,11,-0.646184,1.724117,-0.405403,0.120026,-0.403404,-0.051972,-0.905626,344.969700,48.041580,359.839600
694.887,11,-0.676143,1.725863,-0.342980,0.122259,-0.406502,-0.042888,-0.904417,345.166300,48.572720,358.706600
694.998,11,-0.697090,1.723026,-0.294105,0.117657,-0.410619,-0.041321,-0.903240,345.730800,49.056380,358.700500
695.109,11,-0.710821,1.722787,-0.242405,0.110010,-0.416144,-0.047072,-0.901392,346.260900,49.610110,359.604800
695.220,11,-0.706466,1.721591,-0.206314,0.109943,-0.423556,-0.052391,-0.897646,346.009500,50.514030,0.054509
695.331,11,-0.681933,1.717801,-0.175422,0.115602,-0.436657,-0.057816,-0.890295,345.147500,52.237090,0.117993
695.443,11,-0.641163,1.707954,-0.148996,0.104531,-0.447909,-0.058588,-0.886012,346.248300,53.563890,0.600456
695.554,11,-0.593330,1.698696,-0.134144,0.101672,-0.436981,-0.055324,-0.891992,346.718700,52.132390,0.579301
695.665,11,-0.541704,1.705871,-0.128073,0.105855,-0.416276,-0.045826,-0.901892,346.756400,49.589560,359.678100
695.776,11,-0.497299,1.716838,-0.123915,0.119169,-0.395656,-0.045086,-0.909518,345.377400,47.113110,359.272400
695.887,11,-0.445576,1.716063,-0.116997,0.123821,-0.379659,-0.036046,-0.916094,345.271800,45.235650,358.342400
695.999,11,-0.411342,1.720893,-0.105887,0.117463,-0.385059,-0.033839,-0.914761,346.056800,45.862500,358.314200
696.108,11,-0.368234,1.724005,-0.082085,0.120838,-0.388711,-0.039942,-0.912527,345.428500,46.304630,358.754000
696.220,11,-0.336425,1.725850,-0.057281,0.121358,-0.402098,-0.040428,-0.906617,345.370800,48.020660,358.561500
696.331,11,-0.307709,1.723380,-0.024052,0.119232,-0.450769,-0.047454,-0.883368,345.319200,54.249570,358.598900
696.443,11,-0.289491,1.726070,0.011348,0.127484,-0.494879,-0.052888,-0.857931,344.270800,60.246520,357.890600
696.554,11,-0.275605,1.728999,0.043142,0.128704,-0.526507,-0.058890,-0.838307,343.871100,64.573580,357.805100
696.665,11,-0.258096,1.730081,0.081072,0.124112,-0.556794,-0.063244,-0.818887,344.115700,68.714630,357.936600
696.776,11,-0.240692,1.729819,0.103219,0.118339,-0.572788,-0.066396,-0.808395,344.490900,70.867440,358.321900
696.888,11,-0.209725,1.728929,0.119991,0.113848,-0.585815,-0.068527,-0.799477,344.791900,72.652780,358.585800
696.999,11,-0.175751,1.726317,0.123852,0.112511,-0.588153,-0.064236,-0.798305,345.214700,72.991070,358.234600
697.109,11,-0.121875,1.720770,0.117774,0.113712,-0.582549,-0.054016,-0.802987,345.785500,72.257350,357.295700
697.220,11,-0.071711,1.712578,0.100998,0.114620,-0.565320,-0.047203,-0.815504,346.094800,69.839550,356.893300
697.331,11,-0.023334,1.716502,0.076169,0.124163,-0.539585,-0.039781,-0.831775,345.553100,66.453360,355.984300
697.442,11,0.022486,1.720935,0.053666,0.134632,-0.516107,-0.038024,-0.845022,344.527100,63.434300,355.554200
697.554,11,0.055135,1.721543,0.040281,0.132469,-0.496374,-0.032688,-0.857319,344.954500,60.732440,355.518400
697.665,11,0.081837,1.724017,0.031537,0.129860,-0.468815,-0.034445,-0.873019,344.987100,56.954150,356.342300
697.776,11,0.094254,1.722184,0.027122,0.127930,-0.458092,-0.037555,-0.878849,344.973300,55.461540,356.961400
697.888,11,0.103319,1.721449,0.024113,0.128546,-0.464693,-0.041263,-0.875120,344.732000,56.313350,357.192700
697.999,11,0.106925,1.721905,0.025364,0.130049,-0.471294,-0.046571,-0.871092,344.308000,57.170200,357.532500
698.110,11,0.108823,1.721904,0.031684,0.131045,-0.476541,-0.051705,-0.867792,343.935500,57.842030,357.903300
698.221,11,0.109626,1.722806,0.039553,0.133577,-0.481277,-0.051574,-0.864795,343.699400,58.530480,357.649000
698.332,11,0.109341,1.723388,0.048236,0.129361,-0.485960,-0.050722,-0.862865,344.184600,59.091920,357.724800
698.443,11,0.108015,1.724862,0.055656,0.130857,-0.487352,-0.052738,-0.861733,343.922900,59.289340,357.813800
698.554,11,0.107799,1.726116,0.061731,0.131905,-0.488733,-0.054157,-0.860702,343.739800,59.482960,357.868400
698.666,11,0.109339,1.726326,0.068479,0.130544,-0.491660,-0.054486,-0.859221,343.864500,59.851570,357.927800
698.777,11,0.111777,1.725978,0.075861,0.129911,-0.492275,-0.053539,-0.859024,343.984000,59.932170,357.858300
698.887,11,0.114953,1.725468,0.096301,0.126962,-0.488954,-0.051379,-0.861490,344.395400,59.446310,357.879800
698.999,11,0.113085,1.724115,0.128093,0.122228,-0.479326,-0.050656,-0.867606,344.891200,58.069120,358.262300
699.110,11,0.099684,1.720505,0.188887,0.112328,-0.464353,-0.054453,-0.876809,345.667400,55.876600,359.477800
699.221,11,0.081316,1.720036,0.248811,0.098097,-0.441924,-0.064277,-0.889353,346.626500,52.655270,1.627259
699.332,11,0.067188,1.719643,0.295297,0.093925,-0.401000,-0.078295,-0.907881,346.506300,47.194490,3.941303
699.443,11,0.064454,1.720752,0.327181,0.092455,-0.350559,-0.077068,-0.928774,346.951700,40.829580,4.612221
699.554,11,0.073187,1.718951,0.347334,0.093614,-0.291699,-0.073993,-0.949038,347.240800,33.606160,5.048713
699.666,11,0.101986,1.713981,0.356814,0.093247,-0.194157,-0.054785,-0.974991,348.281500,22.100140,4.135994
699.777,11,0.141327,1.707142,0.345723,0.096373,-0.114345,-0.037099,-0.988059,348.525700,12.901250,2.998982
699.888,11,0.217480,1.698657,0.317976,0.108086,-0.004867,-0.018332,-0.993961,347.581800,0.335192,2.076730
699.999,11,0.279014,1.696173,0.298021,0.096848,0.089245,-0.015057,-0.991176,349.088100,349.447100,2.751456
700.109,11,0.328010,1.702213,0.270637,0.086547,0.219143,-0.009629,-0.971799,350.561300,334.312600,3.292039
700.220,11,0.349846,1.702026,0.238581,0.074885,0.315168,0.000208,-0.946077,351.846600,322.957800,2.710368
700.331,11,0.361355,1.700661,0.202943,0.071183,0.388349,0.002824,-0.918755,352.357400,313.979800,2.897394
700.441,11,0.366604,1.701869,0.166738,0.075768,0.440857,0.009767,-0.894321,351.713000,307.310800,2.857771
700.552,11,0.366364,1.703832,0.128475,0.073620,0.473302,0.011576,-0.877742,351.940800,303.129200,2.857959
700.663,11,0.361038,1.705166,0.085651,0.074206,0.490845,0.018259,-0.867889,351.562500,300.842400,2.384377
700.773,11,0.348765,1.705141,0.036238,0.066811,0.496596,0.021128,-0.865149,352.149600,300.170000,1.723723
700.885,11,0.333117,1.703294,-0.017864,0.064685,0.506072,0.020730,-0.859812,352.402400,298.924700,1.724155
700.997,11,0.320812,1.702286,-0.063166,0.057767,0.510948,0.021114,-0.857409,353.071200,298.337100,1.317494
701.108,11,0.307451,1.699759,-0.114908,0.057031,0.513880,0.023031,-0.855655,353.034700,297.957100,1.108412
701.220,11,0.296085,1.698397,-0.146712,0.055844,0.513836,0.022681,-0.855769,353.172100,297.971700,1.071646
701.330,11,0.276949,1.698484,-0.177665,0.058852,0.524882,0.017149,-0.848965,353.227400,296.434800,1.884945
701.442,11,0.255530,1.698396,-0.192639,0.060699,0.540357,0.013859,-0.839129,353.289900,294.297800,2.443278
701.553,11,0.230817,1.695526,-0.193285,0.061288,0.555624,0.010517,-0.829105,353.493600,292.177900,2.923091
701.664,11,0.203075,1.690538,-0.179210,0.051666,0.580458,0.013887,-0.812531,354.256100,288.809200,2.154956
701.775,11,0.176735,1.688815,-0.153173,0.049877,0.594638,0.026561,-0.802005,353.593000,286.836700,0.963625
701.887,11,0.136597,1.693508,-0.106449,0.050427,0.613615,0.040897,-0.786931,352.556100,284.118200,359.856600
701.998,11,0.102139,1.702066,-0.067131,0.053153,0.628302,0.049850,-0.774549,351.663800,281.947200,359.396000
702.109,11,0.064205,1.706589,-0.022793,0.059167,0.646209,0.057478,-0.758689,350.557100,279.206600,359.375700
702.221,11,0.039278,1.710762,0.004635,0.060615,0.663277,0.063934,-0.743171,349.926800,276.577400,359.149300
702.332,11,0.019655,1.716927,0.024450,0.069309,0.673786,0.070135,-0.732319,348.695400,274.821400,359.455300
702.444,11,0.005523,1.720871,0.036483,0.077408,0.674005,0.074755,-0.730846,347.648000,274.665200,359.711300
702.554,11,-0.001774,1.724648,0.038712,0.085301,0.666480,0.075704,-0.736748,346.903000,275.719000,0.126638
702.666,11,-0.010812,1.737987,0.035440,0.097194,0.663352,0.083137,-0.737296,345.308200,275.995400,0.376455
702.777,11,-0.023388,1.759982,0.033363,0.098488,0.661118,0.086562,-0.738736,344.931800,276.329000,0.138378
702.888,11,-0.042441,1.805296,0.031412,0.094924,0.654562,0.088336,-0.744805,345.105300,277.436300,359.566100
702.999,11,-0.051296,1.825549,0.028183,0.095766,0.651196,0.093301,-0.747039,344.657000,277.959900,359.128100
703.110,11,-0.055222,1.828929,0.022667,0.101768,0.648049,0.096995,-0.748510,343.855300,278.341400,359.206500
703.222,11,-0.055031,1.829767,0.017297,0.102755,0.646327,0.097980,-0.749735,343.696100,278.593000,359.158800
703.333,11,-0.052678,1.832482,0.011721,0.106042,0.644515,0.100279,-0.750533,343.235400,278.813800,359.172100
703.444,11,-0.048213,1.829810,0.005807,0.108909,0.643796,0.102923,-0.750381,342.784400,278.872800,359.146200
703.555,11,-0.043041,1.822893,0.000988,0.114367,0.642244,0.105897,-0.750486,342.080200,279.002500,359.274600
703.666,11,-0.033345,1.801897,-0.004996,0.134382,0.640162,0.122897,-0.746345,339.026400,278.888000,359.300800
703.777,11,-0.026321,1.801141,-0.007811,0.132483,0.637862,0.128959,-0.747629,338.739300,279.334600,358.535600
703.888,11,-0.021530,1.813531,-0.010101,0.145871,0.632400,0.138868,-0.748003,336.804900,279.871700,358.550600
703.999,11,-0.021590,1.798310,-0.011257,0.148092,0.631791,0.143902,-0.747128,336.226700,279.930300,358.252900
704.110,11,-0.027000,1.757699,-0.009850,0.142239,0.636188,0.131744,-0.746777,337.662000,279.337000,359.022200
704.221,11,-0.035620,1.707384,-0.004623,0.147733,0.645153,0.137467,-0.736923,336.727200,277.751600,359.252600
704.332,11,-0.046600,1.638866,0.002940,0.166254,0.638008,0.161558,-0.734306,333.236300,278.411600,358.387600
704.444,11,-0.060371,1.561064,0.008639,0.166219,0.626962,0.156283,-0.744893,333.666400,280.191700,358.439800
704.555,11,-0.073077,1.513021,0.014415,0.168185,0.628414,0.151992,-0.744115,333.811500,279.857100,359.053700
704.666,11,-0.085978,1.538382,0.023701,0.152510,0.630377,0.148136,-0.746607,335.512500,280.045000,358.178800
704.777,11,-0.091412,1.688918,0.033629,0.114328,0.643093,0.148384,-0.742525,338.861000,279.050700,355.492000
704.888,11,-0.097734,1.974037,0.040995,0.193435,0.617890,0.171490,-0.742554,330.053200,280.747900,358.965900
704.999,11,-0.101886,2.073576,0.038350,0.144668,0.634580,0.144272,-0.745363,336.499100,279.588800,358.033900
705.110,11,-0.118729,2.083591,0.037241,0.146803,0.650573,0.135576,-0.732682,336.950700,276.891300,359.523300
705.222,11,-0.142191,1.958611,0.040634,0.139675,0.658440,0.142403,-0.725720,337.029500,275.853400,358.583900
705.333,11,-0.174935,1.705783,0.047546,0.135489,0.665624,0.129033,-0.722452,338.435800,274.760000,359.626100
705.443,11,-0.194991,1.546004,0.065922,0.103083,0.660551,0.106964,-0.735938,342.960200,276.370800,358.726200
705.554,11,-0.184726,1.524476,0.082863,0.051836,0.664079,0.074926,-0.742091,349.837100,276.570200,357.533600
705.664,11,-0.155315,1.596925,0.100669,0.051996,0.671143,0.079154,-0.735254,349.472500,275.470500,357.283100
705.775,11,-0.142520,1.663758,0.109460,0.059742,0.686301,0.080575,-0.720368,348.657700,272.972500,358.007800
705.887,11,-0.132253,1.681333,0.110030,0.057337,0.701066,0.089493,-0.705131,348.092000,270.611100,357.316400
705.998,11,-0.128283,1.653222,0.099730,0.045335,0.706448,0.071647,-0.702669,350.506200,269.869500,357.871300
706.109,11,-0.136969,1.600622,0.068949,0.053281,0.700844,0.073184,-0.707547,349.748000,270.696300,358.318300
706.220,11,-0.149753,1.523178,0.037551,0.050823,0.697951,0.079087,-0.709948,349.481000,271.198300,357.589500
706.331,11,-0.156468,1.434739,0.017051,0.039920,0.703064,0.069956,-0.706551,351.096000,270.476500,357.521500
706.442,11,-0.159425,1.372312,0.007363,0.026933,0.691988,0.064578,-0.718510,352.641500,272.360900,356.790500
706.552,11,-0.136748,1.319766,0.007303,0.024634,0.690601,0.059362,-0.720374,353.253100,272.592900,357.027300
706.663,11,-0.104297,1.246536,0.018228,0.035666,0.702605,0.080449,-0.706118,350.594700,270.589400,356.309900
706.774,11,-0.074949,1.166289,0.034571,0.045645,0.711302,0.089331,-0.695691,349.012600,269.062200,356.533400
706.885,11,-0.041444,1.071632,0.051848,0.053919,0.705591,0.089628,-0.700858,348.342600,269.910500,357.100300
706.996,11,-0.033237,1.024951,0.059594,0.058740,0.704347,0.090228,-0.701644,347.905000,270.052100,357.428500
707.107,11,-0.042232,1.013268,0.063212,0.051332,0.698910,0.088012,-0.707915,348.714300,271.038800,356.910200
707.219,11,-0.046478,1.016984,0.063728,0.053482,0.703139,0.082960,-0.704168,348.931300,270.319400,357.569200
707.330,11,-0.041440,1.010571,0.067565,0.059325,0.711201,0.095005,-0.694008,347.439000,268.904900,357.211500
707.442,11,-0.038126,1.008703,0.069989,0.062758,0.707009,0.101743,-0.697028,346.623200,269.552400,356.871500
707.554,11,-0.047649,1.047347,0.066645,0.049213,0.702746,0.096381,-0.703162,348.189700,270.436200,356.111800
707.665,11,-0.064034,1.160539,0.062427,0.052930,0.697615,0.090003,-0.708824,348.427300,271.231900,356.855300
707.777,11,-0.073191,1.272722,0.060348,0.056700,0.689827,0.098117,-0.715050,347.499200,272.456600,356.353600
707.888,11,-0.076973,1.406995,0.054716,0.059752,0.688516,0.107100,-0.714777,346.532300,272.637500,355.823600
707.999,11,-0.076383,1.499922,0.050498,0.056786,0.691842,0.117382,-0.710177,345.931900,272.142200,354.786100
708.110,11,-0.064126,1.603755,0.041955,0.054958,0.690169,0.111653,-0.712867,346.557100,272.433300,355.085200
708.222,11,-0.042918,1.673864,0.034661,0.065677,0.688755,0.115426,-0.712727,345.367400,272.523800,355.609900
708.333,11,-0.018249,1.708717,0.035223,0.074439,0.698905,0.113781,-0.702171,344.717300,270.711600,356.687600
708.444,11,-0.002159,1.722187,0.054303,0.079583,0.716559,0.115927,-0.683206,344.045100,267.640700,357.356000
708.556,11,0.005196,1.724335,0.089548,0.075640,0.733015,0.115450,-0.666062,344.334900,264.871800,357.446200
708.666,11,0.006537,1.726002,0.152282,0.077516,0.768708,0.117973,-0.623828,343.854000,258.357600,358.328600
708.777,11,-0.000913,1.726510,0.200329,0.068278,0.792916,0.119666,-0.593551,344.286800,253.912200,357.989200
708.888,11,-0.014376,1.718780,0.239870,0.048803,0.835274,0.078212,-0.542051,349.422600,245.980700,359.809900
708.998,11,-0.019454,1.702269,0.242566,-0.006052,0.917195,0.015572,-0.398088,358.639300,226.940400,358.653000
709.108,11,-0.023181,1.682443,0.239608,-0.055459,0.974302,-0.042102,-0.214214,6.073287,204.524300,354.805500
709.218,11,-0.037134,1.673207,0.236591,-0.071356,0.984742,-0.064721,-0.144925,8.519733,196.216800,352.927100
709.329,11,-0.068616,1.661416,0.226408,-0.083256,0.984821,-0.081363,-0.128749,10.468510,194.128900,351.636400
709.440,11,-0.106387,1.652403,0.209325,-0.092877,0.980168,-0.093951,-0.147706,12.216850,196.165200,350.915500
709.552,11,-0.159140,1.654900,0.194229,-0.079452,0.967995,-0.092886,-0.219193,12.395420,204.794800,353.350400
709.663,11,-0.221051,1.659050,0.186699,-0.071384,0.935853,-0.105833,-0.328456,14.180720,218.207400,356.209900
709.775,11,-0.266564,1.654003,0.183332,-0.073615,0.907346,-0.110760,-0.398793,15.052820,227.097600,357.314300
709.886,11,-0.301709,1.652520,0.182315,-0.078133,0.884702,-0.134152,-0.439547,17.821610,232.647400,358.777200
709.997,11,-0.320728,1.652914,0.175501,-0.071411,0.889894,-0.128275,-0.431896,16.857130,231.633200,359.024400
710.108,11,-0.335201,1.646567,0.162369,-0.081416,0.912840,-0.144506,-0.373112,18.939890,224.050800,357.527400
710.219,11,-0.340591,1.654719,0.153886,-0.067076,0.943390,-0.120625,-0.301606,15.548530,215.021500,356.799000
710.331,11,-0.343132,1.661737,0.150224,-0.064360,0.978526,-0.092133,-0.172789,11.686190,199.463300,354.484800
710.442,11,-0.345480,1.665822,0.158689,-0.067469,0.995314,-0.068381,-0.011053,7.909731,180.739100,352.295200
710.552,11,-0.360827,1.675266,0.188014,-0.062168,0.986875,-0.038581,0.143964,3.339280,163.175800,352.296800
710.664,11,-0.393857,1.684436,0.221931,-0.065541,0.966584,0.002648,0.247818,357.845000,151.375600,352.791700
710.775,11,-0.422847,1.687295,0.250368,-0.082040,0.941686,0.018530,0.325813,354.930800,142.194500,351.778700
710.886,11,-0.458076,1.691116,0.281133,-0.071550,0.927023,0.023626,0.367356,354.469700,137.087300,353.348000
710.998,11,-0.483263,1.693877,0.302003,-0.070499,0.917334,0.026486,0.390931,354.047000,134.162900,353.729500
711.108,11,-0.511173,1.699157,0.325205,-0.069227,0.912199,0.039533,0.401918,352.659200,132.794200,354.531400
711.220,11,-0.526331,1.700489,0.340252,-0.064199,0.910632,0.046795,0.405509,352.108800,132.308300,355.427200
711.331,11,-0.539683,1.700043,0.355119,-0.061707,0.908831,0.052288,0.409249,351.630900,131.809900,355.979600
711.442,11,-0.547978,1.701136,0.359680,-0.064659,0.910509,0.059114,0.404101,350.798600,132.462200,355.935400
711.553,11,-0.551427,1.701778,0.350680,-0.069733,0.914534,0.060289,0.393865,350.490900,133.787000,355.344200
711.665,11,-0.548040,1.700619,0.332029,-0.075827,0.917767,0.051689,0.386370,351.171900,134.784200,354.236000
711.776,11,-0.537614,1.699901,0.311620,-0.074203,0.920958,0.050063,0.379241,351.460400,135.665300,354.271800
711.887,11,-0.513320,1.696743,0.277158,-0.066110,0.924004,0.051537,0.373081,351.687600,136.378600,355.146600
711.998,11,-0.486194,1.691895,0.241792,-0.058991,0.925662,0.047587,0.370682,352.424400,136.636000,355.722700
712.109,11,-0.439374,1.687110,0.185675,-0.048814,0.926227,0.048570,0.370625,352.752400,136.582100,356.855100
712.220,11,-0.387383,1.694221,0.128142,-0.041954,0.926006,0.056709,0.370860,352.175300,136.489300,357.938500
712.331,11,-0.332978,1.702379,0.077194,-0.040348,0.922463,0.057190,0.379689,352.174800,135.378200,358.206200
712.443,11,-0.286863,1.704039,0.038909,-0.041617,0.917409,0.056198,0.391755,352.199700,133.880300,358.130200
712.554,11,-0.257440,1.704716,0.014162,-0.044131,0.913427,0.052923,0.401126,352.409800,132.729600,357.793500
712.665,11,-0.231651,1.705978,-0.010563,-0.052801,0.905718,0.057820,0.416585,351.446700,130.805700,357.248400
712.776,11,-0.220104,1.705069,-0.028641,-0.058105,0.900757,0.054735,0.426926,351.476300,129.531900,356.641200
712.887,11,-0.217580,1.706074,-0.055251,-0.061474,0.895641,0.055710,0.436973,351.169200,128.260800,356.435800
712.998,11,-0.221996,1.707030,-0.078800,-0.067181,0.888427,0.059079,0.450216,350.475600,126.572800,356.152600
713.109,11,-0.231803,1.708008,-0.115513,-0.079240,0.870391,0.061621,0.482019,349.417000,122.469600,355.417600
713.220,11,-0.241737,1.707530,-0.152467,-0.086869,0.837661,0.064601,0.535355,348.390600,115.288900,355.528700
713.332,11,-0.249887,1.712462,-0.195108,-0.084750,0.791732,0.065954,0.601356,348.090600,105.898800,356.785000
713.443,11,-0.254784,1.718933,-0.232516,-0.084367,0.733556,0.071302,0.670592,347.422500,95.317200,358.347400
713.553,11,-0.261130,1.719591,-0.256838,-0.085438,0.666116,0.060702,0.738448,348.050300,84.252230,358.584200
713.664,11,-0.273130,1.718367,-0.265864,-0.089033,0.581826,0.053564,0.806649,348.113900,71.709740,358.993500
713.775,11,-0.289180,1.716315,-0.265694,-0.096454,0.490504,0.046224,0.864850,347.749700,59.212260,359.139900
713.886,11,-0.310276,1.716106,-0.265376,-0.106389,0.368868,0.034624,0.922724,347.180600,43.675350,359.142700
713.997,11,-0.323132,1.715357,-0.271505,-0.110521,0.286719,0.024418,0.951305,347.039400,33.658110,359.005200
714.108,11,-0.329444,1.713936,-0.283540,-0.115860,0.209788,0.002760,0.970854,346.931000,24.678300,357.455000
714.219,11,-0.328575,1.712449,-0.289920,-0.118874,0.177100,-0.006579,0.976966,346.706400,20.926790,356.762700
714.330,11,-0.322909,1.710213,-0.290857,-0.128765,0.151563,-0.014900,0.979911,345.650300,18.093160,355.961300
714.442,11,-0.315124,1.706600,-0.287641,-0.144671,0.136164,-0.018415,0.979893,343.828700,16.462870,355.492100
714.553,11,-0.302845,1.701332,-0.287965,-0.166334,0.087336,-0.022192,0.981944,341.168600,10.895460,355.598500
714.665,11,-0.281459,1.692807,-0.299888,-0.186290,0.008449,-0.054512,0.980945,338.619500,2.270185,353.209900
714.776,11,-0.256392,1.681118,-0.321433,-0.204721,-0.060423,-0.094479,0.972374,335.823500,355.043300,349.962900
714.888,11,-0.223737,1.666477,-0.352524,-0.233599,-0.141705,-0.129857,0.953147,331.176600,346.167600,348.054400
714.999,11,-0.203662,1.652888,-0.368661,-0.241746,-0.180771,-0.154074,0.940820,329.297300,342.003500,346.377400
715.110,11,-0.194138,1.643277,-0.373923,-0.243061,-0.183315,-0.161511,0.938739,328.965300,341.938600,345.529000
715.221,11,-0.201747,1.655401,-0.364130,-0.228605,-0.165655,-0.149062,0.947670,331.140100,343.699200,346.343000
715.331,11,-0.220332,1.687792,-0.342367,-0.216035,-0.129859,-0.118758,0.960397,333.525300,347.212700,348.921500
715.443,11,-0.246266,1.715942,-0.309918,-0.212161,-0.067708,-0.073770,0.972091,335.009500,353.644400,352.730400
715.553,11,-0.270905,1.729380,-0.268590,-0.209995,0.019985,-0.025478,0.977166,335.834000,3.126308,356.343500
715.665,11,-0.287981,1.737819,-0.226768,-0.204428,0.126553,0.005813,0.970649,336.526300,15.381930,357.472000
715.776,11,-0.293220,1.743122,-0.195607,-0.200857,0.232318,0.030862,0.951174,336.644300,27.897430,357.839200
715.887,11,-0.295315,1.745832,-0.168930,-0.198141,0.357670,0.060369,0.910587,336.169500,43.309220,358.008100
715.998,11,-0.295594,1.742186,-0.157597,-0.192657,0.441842,0.076791,0.872790,336.161700,54.179730,357.731600
716.109,11,-0.295190,1.742753,-0.156215,-0.181681,0.517149,0.084600,0.832101,337.054500,64.317110,357.066900
716.220,11,-0.300090,1.743358,-0.159165,-0.179556,0.553354,0.086159,0.808786,337.306700,69.498570,356.311800
716.331,11,-0.307294,1.744286,-0.159252,-0.179543,0.576506,0.095637,0.791365,336.769000,72.860240,356.528200
716.442,11,-0.314478,1.746907,-0.159334,-0.182498,0.593390,0.118128,0.775003,334.971800,75.349930,357.882100
716.554,11,-0.318943,1.747147,-0.160369,-0.182798,0.600311,0.121155,0.769112,334.745100,76.415930,357.902100
716.665,11,-0.321130,1.746568,-0.162972,-0.181687,0.605987,0.117973,0.765410,335.095300,77.291090,357.497400
716.776,11,-0.321170,1.746433,-0.165605,-0.181702,0.610387,0.117962,0.761904,335.109600,77.985520,357.342100
716.887,11,-0.321193,1.747666,-0.165181,-0.182306,0.616269,0.118722,0.756890,335.020100,78.935940,357.155700
716.999,11,-0.323242,1.749499,-0.158309,-0.181009,0.619061,0.123144,0.754212,334.817400,79.301300,357.570700
717.109,11,-0.330457,1.753193,-0.140423,-0.182178,0.623570,0.139194,0.747393,333.518300,79.966520,358.775000
717.221,11,-0.339928,1.755792,-0.117498,-0.183449,0.628674,0.156061,0.739433,332.126600,80.740970,0.008638
717.332,11,-0.349894,1.756576,-0.092736,-0.180750,0.633088,0.173624,0.732383,331.014000,81.250600,1.667659
717.443,11,-0.359665,1.755763,-0.073204,-0.179902,0.639746,0.187014,0.723455,330.027600,82.256300,2.673682
717.554,11,-0.367154,1.755114,-0.063126,-0.179877,0.645427,0.194812,0.716322,329.391300,83.184560,3.123844
717.665,11,-0.374704,1.755391,-0.062699,-0.182144,0.650222,0.196251,0.711000,329.054600,84.106140,2.820326
717.777,11,-0.378752,1.755529,-0.072421,-0.186570,0.651960,0.191032,0.709681,329.076000,84.630190,1.861841
717.887,11,-0.384866,1.754314,-0.099964,-0.190357,0.652232,0.177353,0.711972,329.840600,84.909580,0.280157
717.999,11,-0.394403,1.754358,-0.132560,-0.197118,0.643547,0.165537,0.720826,330.182600,83.781310,359.005200
718.110,11,-0.407160,1.753022,-0.181239,-0.201691,0.626539,0.155811,0.736541,330.504800,81.174690,358.471800
718.222,11,-0.415594,1.749629,-0.225627,-0.194102,0.612566,0.139182,0.753469,332.418100,78.667270,358.185600
718.332,11,-0.419236,1.744604,-0.266955,-0.179017,0.597000,0.117365,0.773156,335.357800,75.792130,357.965800
718.443,11,-0.417160,1.738243,-0.301546,-0.160404,0.573119,0.088839,0.798695,339.019000,71.801050,357.424900
718.553,11,-0.412609,1.733782,-0.322950,-0.142624,0.552792,0.060006,0.818828,342.547800,68.594960,356.429200
718.664,11,-0.420051,1.728540,-0.328959,-0.121347,0.554214,0.033219,0.822811,346.319200,68.491070,355.286700
718.774,12,-0.437379,1.724005,-0.321299,-0.099607,0.571137,0.023435,0.814452,349.104500,70.501650,355.584200
718.885,12,-0.462535,1.705363,-0.292451,-0.042916,0.598695,-0.018011,0.799624,357.302200,73.754440,355.395400
718.995,12,-0.476741,1.671062,-0.258164,0.050994,0.618731,-0.106424,0.776689,12.175610,76.442760,353.997800
719.106,12,-0.488774,1.634189,-0.210769,0.133376,0.629635,-0.165205,0.747314,24.040640,79.173600,355.039900
719.217,12,-0.498270,1.622282,-0.184760,0.172565,0.624672,-0.178511,0.740365,28.590370,79.500120,356.818400
719.328,12,-0.506151,1.615591,-0.164136,0.177880,0.627737,-0.197804,0.731559,30.570430,80.060980,355.598000
719.438,12,-0.507954,1.611296,-0.153616,0.194761,0.633054,-0.202273,0.721385,32.486070,81.641400,356.925200
719.549,12,-0.499084,1.606757,-0.147166,0.195780,0.651560,-0.205763,0.703422,32.926640,84.922910,357.654500
719.661,12,-0.479282,1.600060,-0.148008,0.209534,0.666973,-0.217731,0.681055,35.159160,88.423970,358.803900
719.771,12,-0.441206,1.589105,-0.150034,0.219556,0.673724,-0.227110,0.668066,36.825130,90.301940,359.455400
719.883,12,-0.392761,1.573009,-0.155250,0.235209,0.657116,-0.245977,0.672586,39.766970,88.080110,358.377700
719.994,12,-0.337492,1.568772,-0.164949,0.224921,0.633739,-0.257047,0.694055,39.644130,82.870340,354.655200
720.105,12,-0.277277,1.586728,-0.177031,0.205629,0.610359,-0.245703,0.724437,36.717050,77.729860,352.474900
720.216,12,-0.227867,1.599828,-0.189336,0.185175,0.592312,-0.223471,0.751623,32.894460,74.120090,352.020000
720.327,12,-0.174902,1.602490,-0.200261,0.192660,0.580982,-0.228252,0.757128,33.845600,72.432330,351.569300
720.438,12,-0.134397,1.606062,-0.201163,0.192840,0.582167,-0.219679,0.758706,33.257110,72.763280,352.523100
720.549,12,-0.085261,1.601232,-0.192101,0.199205,0.581316,-0.223503,0.756595,34.144760,72.796800,352.599600
720.661,12,-0.041374,1.590866,-0.174323,0.216561,0.588111,-0.234958,0.742982,36.738510,74.478080,353.233900
720.772,12,0.004790,1.579557,-0.145085,0.230804,0.602819,-0.241638,0.724535,38.739380,77.661290,354.712200
720.883,12,0.053605,1.570742,-0.101944,0.238060,0.619125,-0.238417,0.709345,39.268260,81.081310,356.781800
720.994,12,0.108683,1.568539,-0.047014,0.236913,0.632603,-0.240535,0.697014,39.389580,83.508830,357.362200
721.105,12,0.162310,1.568202,0.004646,0.234540,0.637299,-0.244415,0.692172,39.510140,84.221170,357.071900
721.217,12,0.201685,1.554250,0.035453,0.240130,0.639326,-0.262859,0.681546,41.561600,84.847340,356.071900
721.328,12,0.241900,1.524423,0.054239,0.249811,0.644470,-0.293129,0.660552,45.060360,86.387520,354.698700
721.439,12,0.261825,1.484644,0.057142,0.245827,0.654254,-0.293504,0.652208,44.806400,88.139050,355.052900
721.550,12,0.279335,1.410167,0.052012,0.237411,0.657828,-0.291147,0.652788,43.868630,88.267490,354.606600
721.661,12,0.293205,1.325214,0.042067,0.233333,0.662297,-0.286627,0.651739,43.141970,88.913360,354.925400
721.772,12,0.300370,1.230484,0.032394,0.220356,0.670354,-0.278413,0.651579,41.332590,89.684360,354.851600
721.883,12,0.301138,1.137467,0.023953,0.201548,0.678305,-0.252080,0.660103,37.449260,90.103870,355.710800
721.994,12,0.296243,1.057886,0.017530,0.179694,0.690626,-0.222848,0.664142,33.126720,91.266400,356.727800
722.106,12,0.292824,0.983820,0.013445,0.168577,0.689405,-0.208816,0.672828,30.981710,90.494280,356.753000
722.217,12,0.293268,0.958836,0.010125,0.167524,0.688969,-0.213078,0.672202,31.253650,90.367540,356.269300
722.328,12,0.290858,0.955830,0.006662,0.164196,0.687772,-0.219118,0.672307,31.479060,89.998750,355.374800
722.440,12,0.290367,0.954031,0.005644,0.159198,0.687993,-0.209087,0.676465,30.204280,89.824670,355.764700
722.551,12,0.296760,0.942441,0.005643,0.154858,0.680506,-0.208062,0.685304,29.697750,88.293910,355.086100
722.662,12,0.301687,0.939909,0.004406,0.165914,0.678416,-0.213940,0.682974,31.125320,88.363430,355.503400
722.773,12,0.304480,0.941774,0.003785,0.166654,0.682965,-0.210917,0.679191,30.962540,89.226810,356.063500
722.885,12,0.305194,0.940230,0.004168,0.164628,0.681253,-0.209523,0.681830,30.662020,88.828640,355.905900
722.995,12,0.306062,0.938295,0.005164,0.163891,0.678829,-0.211172,0.683914,30.722100,88.356000,355.574100
723.106,12,0.307286,0.934056,0.006688,0.168005,0.680153,-0.213678,0.680815,31.293830,88.770610,355.811500
723.218,12,0.309628,0.923350,0.007593,0.172580,0.679889,-0.218022,0.678553,32.050780,88.922790,355.858800
723.329,12,0.321355,0.884276,0.007897,0.186814,0.673787,-0.241855,0.672769,35.259630,88.440440,354.823000
723.440,12,0.339609,0.838354,0.007249,0.210735,0.665431,-0.269081,0.663617,39.628350,88.096420,354.286700
723.551,12,0.366379,0.778469,0.005006,0.245035,0.652283,-0.307598,0.647973,45.958240,87.611660,353.477800
723.662,12,0.392301,0.731245,0.001427,0.263771,0.645243,-0.325089,0.639065,49.170310,87.530380,353.403000
723.773,12,0.414976,0.686265,-0.001760,0.272142,0.649297,-0.324457,0.631727,49.922820,89.225460,354.962300
723.885,12,0.430634,0.648847,0.000006,0.277376,0.650567,-0.322598,0.629091,50.240220,90.031270,355.966700
723.996,12,0.441080,0.621696,0.004322,0.278290,0.642194,-0.324517,0.636263,50.438100,88.175030,354.998900
724.107,12,0.445754,0.594887,0.007258,0.278343,0.636518,-0.328190,0.640048,50.723800,86.854230,354.036300
724.218,12,0.443724,0.585920,0.007932,0.287852,0.635044,-0.334107,0.634218,52.135800,87.411550,354.559400
724.329,12,0.443129,0.588386,0.008254,0.284794,0.634924,-0.337723,0.633804,52.172770,87.053280,353.779300
724.441,12,0.444471,0.593596,0.007735,0.285181,0.638946,-0.334120,0.631493,51.919840,88.063690,354.645200
724.551,12,0.447832,0.594666,0.006943,0.282895,0.638151,-0.334543,0.633099,51.737250,87.643010,354.203900
724.663,12,0.452137,0.592168,0.004123,0.282464,0.637617,-0.336684,0.632696,51.885320,87.463260,353.877700
724.773,12,0.455288,0.587449,0.000690,0.282627,0.636601,-0.339176,0.632315,52.116100,87.225500,353.539700
724.885,12,0.456568,0.583743,-0.003268,0.282438,0.635490,-0.346293,0.629653,52.731510,86.898510,352.683600
724.996,12,0.457005,0.584140,-0.009978,0.282681,0.638862,-0.346293,0.626121,52.792670,87.735510,353.118400
725.107,12,0.458598,0.598535,-0.033488,0.263684,0.654594,-0.348991,0.616589,51.450060,89.636470,352.146300
725.218,12,0.460519,0.632025,-0.066897,0.236152,0.684512,-0.337673,0.601377,48.272070,94.191370,352.850400
725.329,12,0.465788,0.712253,-0.109414,0.211789,0.711655,-0.326798,0.584719,45.463910,98.413030,353.390500
725.441,12,0.473895,0.802453,-0.130130,0.200318,0.728061,-0.308742,0.578341,42.943020,101.057600,354.872100
725.551,12,0.481859,0.881714,-0.127210,0.187672,0.723048,-0.277545,0.604111,38.910500,98.576160,355.286200
725.663,12,0.488954,0.925951,-0.101203,0.177222,0.700691,-0.237396,0.649051,34.245150,93.103320,355.850900
725.774,12,0.494089,0.933214,-0.065968,0.178851,0.670657,-0.217955,0.686096,32.531570,87.521210,355.974900
725.886,12,0.494356,0.923264,-0.026764,0.186674,0.650307,-0.213092,0.704873,32.704930,84.236040,356.073900
725.997,12,0.490626,0.914918,-0.006828,0.188107,0.634784,-0.215890,0.717674,32.962250,81.547390,355.141400
726.108,12,0.482761,0.918065,0.003439,0.184000,0.634780,-0.210411,0.720365,32.155860,81.413780,355.288000
726.219,12,0.477027,0.926755,0.005926,0.186614,0.635330,-0.212500,0.718592,32.562100,81.604060,355.353200
726.330,12,0.470314,0.940217,0.007375,0.181020,0.637076,-0.207666,0.719890,31.683530,81.707420,355.393300
726.441,12,0.462215,0.945918,0.011298,0.188553,0.631393,-0.206401,0.723318,32.236000,81.050800,355.899400
726.552,12,0.451741,0.953638,0.018227,0.190610,0.620505,-0.211062,0.730818,32.719870,79.225320,355.094200
726.664,12,0.439023,0.971141,0.022274,0.192863,0.617751,-0.220611,0.729739,33.644900,78.752410,354.230100
726.775,12,0.429673,0.991239,0.029562,0.190765,0.618895,-0.223016,0.728589,33.643610,78.838120,353.873500
726.886,12,0.420557,1.007444,0.057623,0.184405,0.615163,-0.218888,0.734614,32.699790,77.987580,353.537300
726.997,12,0.408264,1.012775,0.101166,0.180971,0.620383,-0.206581,0.734642,31.481010,78.861330,354.685900
727.108,12,0.385666,1.021708,0.185971,0.177716,0.624847,-0.216464,0.728785,31.974800,79.405220,353.677200
727.219,12,0.366276,1.039597,0.267665,0.168474,0.608406,-0.231594,0.740151,32.086530,76.142810,350.637700
727.330,12,0.350214,1.067373,0.359055,0.161785,0.613845,-0.243588,0.733270,32.433120,76.708790,349.168500
727.441,12,0.340604,1.090869,0.409349,0.158260,0.627840,-0.238815,0.723697,31.933860,79.026880,350.029700
727.552,12,0.337568,1.107237,0.434500,0.158974,0.634487,-0.229922,0.720617,31.391620,80.267340,351.264900
727.663,12,0.334859,1.119444,0.439876,0.164135,0.638577,-0.228426,0.716311,31.794760,81.163890,352.045300
727.774,12,0.332535,1.132391,0.435732,0.156978,0.647265,-0.229061,0.709885,31.291950,82.413950,351.791800
727.886,12,0.326641,1.140745,0.427577,0.156229,0.652552,-0.226290,0.706089,31.061220,83.327250,352.239800
727.997,12,0.321610,1.142282,0.419999,0.157131,0.655221,-0.223173,0.704407,30.918880,83.844390,352.734300
728.107,12,0.315971,1.140121,0.411405,0.158133,0.660561,-0.220560,0.700005,30.848810,84.833740,353.319600
728.219,12,0.312254,1.138504,0.407726,0.163362,0.663421,-0.220021,0.696259,31.293110,85.545320,353.979400
728.330,12,0.308378,1.143131,0.404353,0.165034,0.664140,-0.220889,0.694903,31.518070,85.737270,354.089700
728.441,12,0.306066,1.146131,0.399115,0.159827,0.665340,-0.220331,0.695149,31.024010,85.746730,353.726200
728.552,12,0.303791,1.146736,0.393677,0.156739,0.666701,-0.223991,0.693376,31.066230,85.856920,353.186400
728.663,12,0.300027,1.146831,0.391758,0.155477,0.673714,-0.222804,0.687238,30.924760,87.068370,353.524700
728.774,12,0.295295,1.149162,0.393451,0.151647,0.678881,-0.223910,0.682633,30.734170,87.849910,353.332700
728.885,12,0.285285,1.160190,0.388467,0.146147,0.685648,-0.220519,0.678159,30.040940,88.871110,353.454300
728.996,12,0.270929,1.186264,0.367535,0.136645,0.695433,-0.217464,0.671126,29.069840,90.301430,353.309000
729.107,12,0.242931,1.227304,0.325575,0.121987,0.702265,-0.201144,0.671926,26.515870,91.031810,353.649600
729.218,12,0.214714,1.245534,0.290661,0.122232,0.691192,-0.189775,0.686512,25.478280,89.071750,354.176700
729.329,12,0.175829,1.267883,0.252462,0.133630,0.679898,-0.188687,0.695902,26.267530,87.458500,354.823600
729.440,12,0.146790,1.292745,0.233818,0.136964,0.676251,-0.177639,0.701691,25.624420,86.957860,355.926400
729.551,12,0.123453,1.317889,0.228644,0.137251,0.675285,-0.180563,0.701819,25.881580,86.794700,355.660400
729.663,12,0.101665,1.350830,0.231419,0.128977,0.687161,-0.178556,0.692310,25.085990,88.585890,355.568700
729.773,12,0.079463,1.378075,0.239243,0.125807,0.687115,-0.177341,0.693251,24.717050,88.480220,355.390800
729.885,12,0.063486,1.391147,0.246195,0.119347,0.685832,-0.170752,0.697305,23.619200,88.074790,355.340500
729.996,12,0.056058,1.395303,0.249642,0.121825,0.686998,-0.167925,0.696415,23.603760,88.350020,355.838100
730.107,12,0.050151,1.400026,0.254023,0.121858,0.690859,-0.168024,0.692555,23.637500,89.016190,355.971500
730.218,12,0.046426,1.403677,0.257396,0.123454,0.688361,-0.164983,0.695484,23.506770,88.635550,356.278300
730.329,12,0.043508,1.406210,0.260054,0.120944,0.684871,-0.167231,0.698827,23.459510,87.960340,355.744600
730.440,12,0.043993,1.407621,0.259863,0.122197,0.687755,-0.163995,0.696539,23.316300,88.494910,356.230500
730.551,12,0.045912,1.407114,0.258086,0.123114,0.689381,-0.163369,0.694915,23.350480,88.802150,356.421100
730.663,12,0.047075,1.412839,0.255607,0.124570,0.690087,-0.165358,0.693483,23.640560,88.966480,356.406400
730.773,12,0.039393,1.444286,0.251679,0.115461,0.691105,-0.163125,0.694574,22.697500,88.876760,355.834400
730.885,12,0.021274,1.492299,0.246523,0.102366,0.691005,-0.158353,0.697824,21.205410,88.520750,355.106100
730.996,12,0.004419,1.526389,0.244259,0.107076,0.688726,-0.164603,0.697924,22.098140,88.244530,354.905900
731.107,12,-0.010950,1.554433,0.244715,0.106098,0.692334,-0.160396,0.695478,21.695470,88.838620,355.296300
731.218,12,-0.015846,1.556101,0.246928,0.104236,0.693600,-0.150471,0.696715,20.730880,89.013180,356.010100
731.329,12,-0.018031,1.552228,0.248049,0.108199,0.691926,-0.154376,0.696922,21.373550,88.827010,355.970000
731.440,12,-0.020777,1.551844,0.247559,0.103762,0.693036,-0.153601,0.696665,20.945280,88.903630,355.689500
731.551,12,-0.023209,1.549816,0.247059,0.101688,0.693930,-0.152917,0.696231,20.721380,89.005000,355.597200
731.663,12,-0.023118,1.547643,0.248964,0.106018,0.695116,-0.153123,0.694354,21.106650,89.315250,355.989100
731.773,12,-0.021691,1.546905,0.251397,0.109757,0.693882,-0.149972,0.695694,21.151830,89.203650,356.535900
731.885,12,-0.020497,1.547033,0.253385,0.109228,0.690466,-0.150415,0.699072,21.126590,88.608430,356.344900
731.996,12,-0.018725,1.546187,0.254885,0.108839,0.688373,-0.151054,0.701056,21.135030,88.243290,356.191600
732.107,12,-0.016065,1.544703,0.255531,0.111366,0.689837,-0.152191,0.698971,21.448060,88.556650,356.359100
732.218,12,-0.014269,1.542687,0.255658,0.113851,0.691470,-0.152713,0.696840,21.707290,88.901330,356.582500
732.329,12,-0.012312,1.540511,0.255477,0.116453,0.691891,-0.155189,0.695444,22.130710,89.044220,356.614300
732.440,12,-0.010983,1.539893,0.256196,0.116049,0.691512,-0.153901,0.696174,21.989050,88.968780,356.674700
732.551,12,-0.005602,1.529650,0.257756,0.117861,0.691121,-0.155173,0.695976,22.243460,88.952420,356.712300
732.663,12,0.013528,1.492099,0.261054,0.121725,0.690506,-0.162583,0.694227,23.174880,88.954890,356.405600
732.773,12,0.037966,1.439324,0.264508,0.128079,0.685883,-0.166508,0.696732,24.009240,88.348840,356.464700
732.885,12,0.056459,1.387657,0.264761,0.129585,0.681821,-0.170552,0.699457,24.446940,87.692290,356.102400
732.996,12,0.064301,1.345656,0.262891,0.130505,0.680111,-0.171887,0.700623,24.624740,87.425430,356.004600
733.107,12,0.066007,1.304723,0.258344,0.136179,0.675394,-0.168528,0.704909,24.811450,86.804500,356.611800
733.218,12,0.063112,1.282919,0.254935,0.141059,0.670486,-0.166780,0.709038,25.067130,86.132150,357.003600
733.329,12,0.056554,1.253793,0.250670,0.152112,0.657406,-0.166292,0.719045,25.937720,84.297300,357.505200
733.440,12,0.051906,1.227600,0.245601,0.159767,0.653946,-0.179375,0.717394,27.634860,83.931400,356.867800
733.551,12,0.043663,1.207484,0.242326,0.169849,0.651395,-0.195025,0.713303,29.761060,83.805430,356.238800
733.662,12,0.035672,1.201126,0.242642,0.166132,0.665793,-0.201343,0.698986,30.023340,86.143010,356.009600
733.773,12,0.018008,1.186448,0.246783,0.173621,0.692091,-0.194857,0.672976,30.225320,91.211490,358.544700
733.885,12,0.000567,1.181721,0.243949,0.167503,0.693188,-0.204042,0.670672,30.501360,91.139350,357.241400
733.995,12,-0.009089,1.180928,0.228057,0.162881,0.699596,-0.202751,0.665528,30.032480,92.113690,357.221300
734.107,12,-0.015936,1.174880,0.196558,0.166067,0.690997,-0.204894,0.673026,30.444060,90.671810,356.921800
734.218,12,-0.024429,1.168498,0.173845,0.167130,0.685166,-0.199302,0.680363,30.034950,89.653830,357.207800
734.328,12,-0.034578,1.157038,0.154668,0.175211,0.684453,-0.195709,0.680091,30.412730,89.890320,358.248900
734.440,12,-0.039516,1.149348,0.142540,0.175846,0.677510,-0.199713,0.685692,30.781690,88.658260,357.624500
734.551,12,-0.042551,1.145919,0.126139,0.173810,0.679663,-0.204505,0.682661,31.017190,88.950530,357.127300
734.662,12,-0.045199,1.144189,0.112657,0.172598,0.682930,-0.206209,0.679187,31.071320,89.489340,357.031000
734.773,12,-0.048493,1.139681,0.097604,0.171907,0.689300,-0.207637,0.672458,31.161300,90.627630,357.169000
734.884,12,-0.051989,1.133082,0.084026,0.172757,0.694207,-0.213778,0.665230,31.779960,91.586590,356.994900
734.995,12,-0.055214,1.128602,0.074967,0.175167,0.693337,-0.218319,0.664031,32.369010,91.546810,356.807200
735.107,12,-0.061901,1.128287,0.066688,0.177803,0.695756,-0.217255,0.661143,32.508160,92.132470,357.291000
735.217,12,-0.070465,1.130865,0.062274,0.182272,0.697820,-0.213080,0.659106,32.524270,92.743070,358.199100
735.328,12,-0.083456,1.138129,0.058908,0.179706,0.692148,-0.208864,0.667093,31.930490,91.534370,357.981200
735.440,12,-0.096071,1.143186,0.055409,0.177578,0.686148,-0.205674,0.674807,31.460260,90.313460,357.723000
735.551,12,-0.111194,1.148747,0.050508,0.178479,0.679373,-0.206906,0.681020,31.616320,89.112150,357.354500
735.662,12,-0.119573,1.153006,0.047996,0.184131,0.663764,-0.211170,0.693485,32.392580,86.535530,356.710900
735.773,12,-0.127703,1.151846,0.043548,0.181885,0.663118,-0.221367,0.691513,33.034010,86.280450,355.557700
735.884,12,-0.134307,1.144954,0.048053,0.173514,0.679231,-0.221139,0.677964,32.390110,88.841270,355.644000
735.995,12,-0.143344,1.138498,0.059742,0.178962,0.687764,-0.224027,0.666907,33.151680,90.690800,356.395100
736.106,12,-0.148466,1.131054,0.065377,0.169477,0.686696,-0.221954,0.671165,32.162530,90.037110,355.584300
736.218,12,-0.147466,1.124706,0.062879,0.171308,0.678298,-0.223699,0.678619,32.410030,88.565800,355.160900
736.328,12,-0.150014,1.121880,0.054384,0.172174,0.671880,-0.219230,0.686201,32.065200,87.438910,355.295000
736.440,12,-0.153352,1.121037,0.048866,0.172915,0.672822,-0.216261,0.686034,31.888010,87.649530,355.674300
736.551,12,-0.160768,1.116291,0.044846,0.174331,0.671668,-0.214269,0.687430,31.837810,87.507790,355.922700
736.662,12,-0.170407,1.104422,0.043332,0.177488,0.670903,-0.214647,0.687252,32.138790,87.510770,356.148400
736.773,12,-0.183555,1.080944,0.044249,0.186289,0.667776,-0.219005,0.686592,33.250580,87.344610,356.439500
736.884,12,-0.199148,1.050220,0.046198,0.198358,0.659404,-0.231329,0.687260,35.290800,86.369890,356.039900
736.995,12,-0.211116,1.029390,0.047658,0.210396,0.653744,-0.243109,0.685018,37.308940,85.911840,355.819900
737.106,12,-0.215433,1.028752,0.050016,0.214441,0.645683,-0.249717,0.689021,38.169060,84.583110,355.096700
737.217,12,-0.209770,1.045710,0.047206,0.207731,0.642492,-0.247619,0.694792,37.361820,83.635900,354.429300
737.328,12,-0.193868,1.077358,0.034780,0.199896,0.642085,-0.241498,0.699605,36.144350,83.205540,354.228500
737.439,12,-0.178258,1.106684,0.018460,0.193551,0.640962,-0.233898,0.704980,34.941480,82.752720,354.282200
737.550,12,-0.159514,1.145823,0.000787,0.187001,0.641959,-0.221589,0.709801,33.364910,82.719630,354.884100
737.662,12,-0.127245,1.152271,-0.000830,0.182893,0.648170,-0.209261,0.708968,32.046310,83.710970,355.966100
737.773,12,-0.075265,1.131171,0.011066,0.181567,0.650358,-0.211881,0.706523,32.151500,84.024680,355.716900
737.884,12,-0.017679,1.104818,0.031797,0.173938,0.647701,-0.225879,0.706547,32.574350,83.153380,353.604500
737.995,12,0.025875,1.089431,0.048807,0.176680,0.642011,-0.240193,0.706338,33.917930,82.158790,352.211700
738.106,12,0.065810,1.085439,0.061348,0.180943,0.652354,-0.243444,0.694571,34.679090,84.180180,352.868000
738.217,12,0.082569,1.084875,0.069664,0.184955,0.658826,-0.238382,0.689140,34.682220,85.572640,354.077400
738.328,12,0.091555,1.082634,0.077944,0.190165,0.657840,-0.235959,0.689498,34.937560,85.650880,354.737500
738.440,12,0.093859,1.081494,0.083450,0.193775,0.658719,-0.233868,0.688365,35.091380,85.999770,355.325200
738.551,12,0.098108,1.083261,0.095968,0.201416,0.657586,-0.227965,0.689234,35.272060,86.205890,356.534800
738.662,12,0.103510,1.084269,0.113796,0.205386,0.651509,-0.222361,0.695635,35.133760,85.321440,357.074200
738.773,12,0.108733,1.081468,0.134814,0.209074,0.643419,-0.219060,0.703074,35.161600,84.060280,357.266700
738.884,12,0.111378,1.075851,0.151677,0.219475,0.632322,-0.218213,0.710200,35.994240,82.614650,357.705500
738.995,12,0.111408,1.076046,0.156356,0.222473,0.632182,-0.223653,0.707694,36.702810,82.712240,357.478700
739.106,12,0.108007,1.092423,0.148646,0.227939,0.640707,-0.233763,0.694905,38.049220,84.529290,357.612700
739.218,12,0.100911,1.108998,0.136683,0.253385,0.652592,-0.260849,0.664739,42.634980,88.454640,358.747600
739.328,12,0.094959,1.130564,0.119462,0.278759,0.685053,-0.283877,0.610254,46.816840,97.895820,2.969834
739.439,12,0.097467,1.151676,0.110124,0.277342,0.717045,-0.285306,0.572301,46.602130,105.373300,5.945833
739.550,12,0.099620,1.195228,0.085966,0.245131,0.812602,-0.239447,0.471438,38.336460,124.194300,12.713170
739.661,12,0.083661,1.250198,0.068226,0.242247,0.886830,-0.166745,0.356433,27.933020,141.382700,20.596320
739.773,12,0.055131,1.321357,0.062440,0.206684,0.943202,-0.062527,0.252470,12.845000,152.485300,21.562440
739.885,12,0.022646,1.385062,0.070392,0.177154,0.970530,0.032283,0.160141,359.660600,161.198600,20.745230
739.997,12,-0.008233,1.432508,0.081517,0.174821,0.977825,0.104865,0.047948,349.145500,172.368000,20.999270
740.110,12,-0.053738,1.483098,0.089163,0.177796,0.967437,0.137991,-0.115813,342.050500,190.601000,19.148420
740.222,12,-0.097248,1.519410,0.089355,0.178914,0.940399,0.115142,-0.265296,341.851000,208.798600,16.847620
740.334,12,-0.131724,1.548233,0.087265,0.166785,0.919311,0.089420,-0.345042,343.769400,219.025800,14.780410
740.444,12,-0.157425,1.560925,0.076443,0.146676,0.916044,0.038597,-0.371296,349.651600,222.842400,14.124550
740.555,12,-0.163433,1.592921,0.081206,0.160004,0.908985,0.121581,-0.365189,340.251300,221.609600,12.398530
740.667,12,-0.167126,1.618882,0.101830,0.166504,0.891548,0.218659,-0.360010,329.351100,221.416500,9.328644
740.779,12,-0.174608,1.620946,0.113483,0.150677,0.892469,0.233362,-0.355441,328.422600,221.464700,6.947972
740.890,12,-0.185159,1.614410,0.119146,0.137045,0.904873,0.230124,-0.330857,329.525700,218.429800,6.377916
741.002,12,-0.199530,1.612616,0.124690,0.128392,0.922672,0.222751,-0.287358,330.998000,212.745200,7.153249
741.112,12,-0.223761,1.618396,0.133202,0.115233,0.941167,0.222872,-0.226394,331.855600,205.153200,7.559062
741.223,12,-0.253213,1.624167,0.135087,0.106366,0.955651,0.235803,-0.140763,331.273100,194.453800,8.982311
741.334,12,-0.277830,1.618150,0.118371,0.115889,0.970851,0.209733,-0.005438,335.889500,177.610600,14.124580
741.444,12,-0.278345,1.589969,0.090394,0.156093,0.947610,0.091588,0.263216,354.755500,148.017400,20.211820
741.553,12,-0.275223,1.547054,0.090495,0.223743,0.813528,-0.079269,0.530875,21.502050,117.095600,17.506490
741.661,12,-0.283178,1.517531,0.113667,0.254698,0.657492,-0.185614,0.684384,36.348930,89.596910,5.762050
741.763,12,-0.284945,1.503365,0.126233,0.258850,0.575440,-0.226965,0.741858,40.185870,74.533180,357.085400
741.876,12,-0.271422,1.493904,0.122143,0.254631,0.566588,-0.238486,0.746503,40.572580,72.510140,354.900300
741.976,12,-0.245321,1.478874,0.107845,0.257587,0.584325,-0.249554,0.727967,41.810710,75.674160,355.205000
742.089,12,-0.203748,1.452564,0.079774,0.263133,0.621498,-0.272437,0.685770,44.389710,82.845250,356.262300
742.194,12,-0.169101,1.428080,0.054747,0.277182,0.655805,-0.287777,0.640527,47.099380,91.163190,359.570400
742.295,12,-0.136593,1.397871,0.039992,0.279090,0.673208,-0.281742,0.624117,46.694850,95.202960,2.012823
742.408,12,-0.081446,1.310130,0.021408,0.279199,0.674009,-0.293584,0.617712,47.789910,95.507390,1.165409
742.519,12,-0.037562,1.216085,0.009688,0.278407,0.666899,-0.301858,0.621786,48.489650,93.852490,359.650500
742.631,12,0.008864,1.108116,0.005493,0.262855,0.657250,-0.303281,0.637927,47.225100,90.180480,356.503400
742.743,12,0.039659,1.048089,0.007378,0.263609,0.657170,-0.307861,0.635500,47.704200,90.231830,356.181200
742.855,12,0.059445,1.020388,0.013796,0.268795,0.653783,-0.310702,0.635438,48.406100,89.945220,356.251800
742.966,12,0.070947,1.008319,0.020291,0.275378,0.654448,-0.310731,0.631911,49.002940,90.722320,357.180700
743.077,12,0.070212,1.004209,0.020739,0.281566,0.663568,-0.306795,0.621510,49.213650,93.440670,359.326700
743.188,12,0.065885,1.002500,0.018966,0.278181,0.669460,-0.307756,0.616218,49.016730,94.470880,359.403700
743.299,12,0.063505,1.002291,0.015937,0.271993,0.670469,-0.307015,0.618250,48.418100,94.062390,358.713700
743.410,12,0.062808,0.998347,0.011804,0.271729,0.675152,-0.306017,0.613748,48.310600,95.118280,359.249000
743.521,12,0.063195,0.994842,0.012703,0.271583,0.673399,-0.308158,0.614667,48.494530,94.712760,358.870600
743.632,12,0.064709,0.993164,0.016177,0.272435,0.669544,-0.302892,0.621085,48.074040,93.863390,359.019900
743.744,12,0.064910,0.990769,0.019852,0.274812,0.667296,-0.301138,0.623307,48.114440,93.573170,359.258400
743.855,12,0.064092,0.989413,0.022554,0.274950,0.664939,-0.300990,0.625831,48.109660,93.046180,359.048500
743.966,12,0.061404,0.986634,0.024569,0.275205,0.661075,-0.302801,0.628930,48.289670,92.197860,358.534400
744.077,12,0.059006,0.984897,0.024767,0.275476,0.660619,-0.301094,0.630110,48.157110,92.114110,358.670700
744.188,12,0.056277,0.983551,0.027124,0.281255,0.661405,-0.298156,0.628125,48.394220,92.859380,359.783400
744.299,12,0.054864,0.983575,0.036932,0.288140,0.662074,-0.290964,0.627673,48.330700,93.685380,1.403186
744.409,12,0.051916,0.981880,0.074013,0.306067,0.646714,-0.274456,0.642463,48.440040,92.058580,3.735341
744.520,12,0.047250,0.981060,0.117312,0.314805,0.617290,-0.268267,0.669241,48.812500,86.543690,2.574647
744.630,12,0.035906,0.991615,0.179040,0.320116,0.567180,-0.261935,0.712196,48.859540,76.671920,359.131600
744.743,12,0.020966,1.037256,0.216571,0.314475,0.537046,-0.242448,0.744249,46.761330,70.792140,358.066900
744.854,12,0.003747,1.115705,0.222820,0.282518,0.541829,-0.209228,0.763432,41.154930,70.348460,358.987100
744.965,12,-0.042245,1.255055,0.188133,0.211854,0.588364,-0.141271,0.767456,29.433610,75.511670,2.135735
745.076,12,-0.110964,1.381116,0.130288,0.135243,0.629927,-0.097908,0.758496,19.178450,79.643000,1.326218
745.188,12,-0.235967,1.517234,0.030389,0.068205,0.667735,-0.062491,0.738629,10.615160,84.221680,359.928400
745.299,12,-0.335580,1.580855,-0.045122,0.052663,0.686442,-0.057019,0.723031,8.883987,86.980210,359.411200
745.412,13,-0.432501,1.621434,-0.117598,0.047758,0.696334,-0.059539,0.713648,8.689684,88.511530,358.929500
745.522,13,-0.485385,1.633428,-0.156998,0.058349,0.697255,-0.078337,0.710137,11.076110,88.781840,358.254500
745.633,13,-0.516448,1.633625,-0.177479,0.081637,0.695367,-0.106283,0.706048,15.253540,88.835870,357.829000
745.744,13,-0.537111,1.627629,-0.186747,0.103236,0.692435,-0.133558,0.701454,19.256070,88.801170,357.304300
745.855,13,-0.546295,1.622593,-0.190566,0.115929,0.693166,-0.149542,0.695499,21.627560,89.250410,357.083700
745.966,13,-0.550057,1.620674,-0.193301,0.119003,0.702533,-0.155795,0.684115,22.440600,90.956460,357.150000
746.077,13,-0.552459,1.623639,-0.212370,0.105070,0.758331,-0.158423,0.623536,21.796010,100.688500,357.641600
746.188,13,-0.569498,1.615459,-0.260781,0.087100,0.890998,-0.192749,0.401726,24.422340,131.466200,0.021878
746.300,13,-0.587669,1.605699,-0.280052,0.091647,0.939049,-0.219106,0.248556,27.197690,151.335000,4.074842
746.411,13,-0.604023,1.600594,-0.276125,0.078626,0.964774,-0.239274,0.076008,28.271010,172.888500,7.525095
746.523,13,-0.596674,1.598701,-0.248802,0.067863,0.965567,-0.249716,-0.026776,28.594010,185.594700,9.467483
746.634,13,-0.575614,1.599520,-0.213546,0.050589,0.961241,-0.256099,-0.088714,28.905690,192.968800,9.381177
746.746,13,-0.534532,1.603786,-0.165074,0.044050,0.954947,-0.265208,-0.125704,29.699000,197.655000,9.997873
746.857,13,-0.493951,1.616316,-0.132547,0.040188,0.966017,-0.237765,-0.093081,26.864860,192.886200,7.854428
746.968,13,-0.414939,1.674820,-0.092934,-0.051966,0.986157,-0.030355,0.154511,2.511020,162.049600,353.570400
747.080,13,-0.355398,1.707785,-0.024871,-0.087144,0.896346,0.069504,0.429115,348.498800,129.405600,354.344200
747.192,13,-0.326591,1.713716,0.044428,-0.095938,0.755145,0.092581,0.641858,344.753000,99.479350,358.453000
747.304,13,-0.328482,1.707430,0.106394,-0.082127,0.553865,0.059978,0.826373,348.335800,67.614110,0.477058
747.415,13,-0.345944,1.709958,0.131901,-0.092479,0.400522,0.058578,0.909725,347.573700,47.316970,1.907102
747.526,13,-0.363592,1.708260,0.129970,-0.081312,0.236737,0.045961,0.967074,349.686700,27.245670,2.936158
747.637,13,-0.357697,1.690544,0.111133,-0.022166,0.140353,0.016701,0.989713,357.216400,16.105350,1.539622
747.748,13,-0.315660,1.635776,0.067874,0.167062,0.084223,-0.037088,0.981642,19.526190,9.340181,357.283200
747.858,13,-0.271526,1.607219,0.034434,0.235104,0.050530,-0.041915,0.969751,27.401330,5.059363,356.284300
747.968,13,-0.231420,1.591247,-0.005900,0.296177,-0.016445,-0.033452,0.954405,34.349980,356.444100,354.885800
748.078,13,-0.223591,1.585567,-0.035165,0.315037,-0.091129,-0.025891,0.944339,36.177230,346.500600,352.431400
748.189,13,-0.237317,1.575295,-0.076600,0.339538,-0.216306,-0.008110,0.915347,38.176210,329.287100,348.127200
748.300,13,-0.253806,1.567326,-0.108991,0.361968,-0.321320,0.001983,0.875059,39.402300,313.455800,342.749600
748.411,13,-0.256792,1.558780,-0.129321,0.384365,-0.356257,0.013128,0.851571,41.604230,307.065600,340.345200
748.522,13,-0.245746,1.565231,-0.137741,0.365787,-0.332265,0.022628,0.869073,40.604030,312.364500,344.433300
748.633,13,-0.226273,1.602363,-0.139006,0.247344,-0.261241,0.023476,0.932750,28.273780,327.304200,354.432800
748.745,13,-0.202044,1.679202,-0.151235,-0.045149,-0.117522,0.038462,0.991298,355.384300,346.276200,4.999631
748.858,13,-0.191985,1.721292,-0.191605,-0.208397,0.020972,0.071615,0.975194,335.829200,0.694337,8.251460
748.971,13,-0.209383,1.737792,-0.233690,-0.279603,0.140838,0.091161,0.945345,326.336100,14.991930,6.457016
749.083,13,-0.249817,1.744580,-0.261078,-0.314490,0.226329,0.110261,0.915267,321.274100,26.241850,4.372611
749.195,13,-0.299628,1.749156,-0.276754,-0.341214,0.274603,0.122156,0.890643,317.554500,33.360200,2.345447
749.306,13,-0.370102,1.744628,-0.287459,-0.359999,0.333996,0.133333,0.860854,314.856300,42.779300,359.113200
749.418,13,-0.419887,1.741374,-0.290543,-0.357550,0.382086,0.135137,0.841372,315.175900,50.376070,356.295300
749.528,13,-0.466623,1.745455,-0.292278,-0.308645,0.443639,0.121278,0.832595,321.569800,57.937480,354.733600
749.639,13,-0.487962,1.742130,-0.291367,-0.254266,0.485164,0.095515,0.831169,328.978700,62.181300,354.109900
749.749,13,-0.492332,1.700899,-0.288031,-0.050384,0.545221,-0.012578,0.836683,355.951800,66.334690,355.631100
749.858,13,-0.489527,1.664253,-0.288630,0.080314,0.548279,-0.081468,0.828434,12.850210,66.684580,357.242000
749.967,13,-0.483693,1.633999,-0.300349,0.159259,0.533321,-0.131279,0.820348,23.660870,65.460310,357.151600
750.078,13,-0.478521,1.619205,-0.318697,0.196578,0.518324,-0.154514,0.817816,28.796880,63.910090,356.798200
750.188,13,-0.471100,1.606408,-0.356493,0.222207,0.511289,-0.178147,0.810846,32.855350,63.226030,355.789600
750.299,13,-0.467987,1.600724,-0.393817,0.230180,0.512296,-0.188409,0.805650,34.328180,63.448840,355.294700
750.409,13,-0.467722,1.595326,-0.442671,0.233782,0.502488,-0.198074,0.808467,35.244740,61.817990,354.002900
750.520,13,-0.471783,1.588795,-0.483545,0.240057,0.481001,-0.210119,0.816615,36.455810,58.352200,351.978500
750.632,13,-0.476599,1.581136,-0.522475,0.251044,0.468121,-0.217176,0.818947,37.916530,56.478030,351.201400
750.754,13,-0.481248,1.579177,-0.558646,0.252241,0.458432,-0.210839,0.825689,37.579050,55.188370,351.517300
750.868,13,-0.485924,1.579380,-0.582572,0.252322,0.437867,-0.203110,0.838661,36.948370,52.255270,351.384900
750.978,13,-0.486584,1.575266,-0.601783,0.259553,0.427386,-0.204827,0.841439,37.725300,50.796170,351.065500
751.079,13,-0.479653,1.570438,-0.623688,0.262659,0.443415,-0.216198,0.829248,38.854890,52.987910,350.716200
751.189,13,-0.456769,1.565789,-0.672250,0.256103,0.557959,-0.226844,0.756066,39.821720,71.304500,355.726800
751.299,13,-0.444258,1.565332,-0.721571,0.253947,0.677836,-0.223399,0.652796,39.375970,93.552730,3.901844
751.410,13,-0.443593,1.567482,-0.771957,0.240842,0.771345,-0.231486,0.541698,38.172970,112.903700,8.835708
751.522,13,-0.449484,1.571877,-0.803327,0.225792,0.822698,-0.234109,0.466240,36.565970,124.561200,10.997300
751.635,13,-0.455461,1.574253,-0.817631,0.209377,0.843125,-0.243790,0.431124,36.272450,129.186000,10.206220
751.745,13,-0.456891,1.575668,-0.818257,0.198012,0.842259,-0.252320,0.433274,36.628470,128.284700,8.232102
751.857,13,-0.448390,1.584853,-0.802322,0.178397,0.813271,-0.238094,0.500076,34.450520,117.947800,3.618186
751.967,13,-0.435281,1.612593,-0.758350,0.112483,0.703686,-0.194216,0.674132,25.150060,90.990780,353.431300
752.078,13,-0.438269,1.650531,-0.728043,0.002850,0.600313,-0.132692,0.788676,9.428030,73.557320,347.953900
752.190,13,-0.460663,1.698049,-0.707933,-0.145418,0.467454,-0.039025,0.871101,347.475200,57.766300,347.941300
752.303,13,-0.480966,1.719013,-0.703002,-0.219277,0.364048,0.002083,0.905198,336.515900,45.856240,350.214400
752.415,13,-0.489220,1.722282,-0.696889,-0.239603,0.275813,0.003398,0.930863,333.387800,34.925630,351.908400
752.527,13,-0.484797,1.718163,-0.681350,-0.223004,0.204730,-0.006302,0.953056,335.008100,25.699660,353.454200
752.638,13,-0.472768,1.716585,-0.660337,-0.210069,0.161732,-0.012398,0.964137,336.355500,20.250780,354.245000
752.748,13,-0.450867,1.717327,-0.620484,-0.206866,0.082229,-0.025873,0.974564,336.487200,10.746370,354.715700
752.860,13,-0.430544,1.714077,-0.579521,-0.199098,0.023166,-0.029758,0.979254,337.135300,3.560360,355.798600
752.971,13,-0.391200,1.697467,-0.507979,-0.156653,0.015833,-0.030830,0.987045,342.045000,2.465051,356.032400
753.081,13,-0.341533,1.678329,-0.424853,-0.051244,0.101684,-0.038309,0.992757,354.608900,11.931150,355.016500
753.191,13,-0.292887,1.648878,-0.348335,0.091719,0.219763,-0.067718,0.968869,11.975320,25.000010,354.667800
753.302,13,-0.262935,1.618914,-0.289583,0.195638,0.284824,-0.074655,0.935429,24.113070,33.490880,358.228100
753.412,13,-0.244754,1.588269,-0.251050,0.290922,0.313519,-0.097735,0.898620,35.742260,38.620730,0.477694
753.522,13,-0.234101,1.570016,-0.215130,0.331526,0.295755,-0.095993,0.890733,40.344550,37.429200,1.886637
753.632,13,-0.227714,1.562876,-0.180877,0.350341,0.250596,-0.085840,0.898385,42.260590,31.810860,1.653258
753.743,13,-0.223399,1.556847,-0.150586,0.360120,0.199353,-0.077729,0.908036,43.235250,24.840330,0.190407
753.854,13,-0.220272,1.550887,-0.121881,0.375897,0.142250,-0.066249,0.913278,44.865540,17.236770,358.862900
753.965,13,-0.211937,1.549253,-0.087853,0.378088,0.077349,-0.061086,0.920508,44.871210,7.802300,355.632400
754.076,13,-0.197435,1.549293,-0.053639,0.375009,0.018413,-0.056349,0.925124,44.101750,359.346200,352.764000
754.187,13,-0.172696,1.561782,-0.010391,0.368556,-0.058750,-0.031108,0.927226,42.829120,349.640600,352.084700
754.299,13,-0.157657,1.572566,0.019011,0.335164,-0.121680,-0.018258,0.934091,38.440650,342.190600,351.507200
754.411,13,-0.148734,1.568338,0.042596,0.362198,-0.190876,-0.003149,0.912342,41.276700,332.194400,348.952100
754.522,13,-0.149802,1.575039,0.067647,0.337072,-0.238513,0.016227,0.910621,38.435310,327.276100,350.354900
754.633,13,-0.157369,1.572309,0.089585,0.337688,-0.274355,0.032989,0.899782,38.740430,322.813100,350.709200
754.744,13,-0.175786,1.571797,0.113931,0.328911,-0.309067,0.035759,0.891637,37.491440,318.319000,349.870700
754.856,13,-0.198034,1.569033,0.134360,0.324491,-0.332424,0.038342,0.884720,36.845460,315.257200,349.350200
754.967,13,-0.234727,1.564748,0.161737,0.326276,-0.341378,0.053674,0.879843,37.646640,314.402300,350.673600
755.078,13,-0.273310,1.567724,0.187365,0.314966,-0.346661,0.061453,0.881389,36.714080,314.437500,352.109700
755.189,13,-0.334759,1.578832,0.219286,0.292535,-0.352530,0.064670,0.886546,34.352780,314.659400,353.630500
755.301,13,-0.397229,1.593675,0.238263,0.271493,-0.366603,0.068683,0.887230,32.148210,313.591200,354.769500
755.413,13,-0.459203,1.603310,0.245589,0.246401,-0.389143,0.068557,0.884960,29.305570,311.315200,355.367500
755.524,13,-0.511243,1.608540,0.245765,0.226577,-0.422824,0.070460,0.874596,27.123630,307.334000,355.595200
755.635,13,-0.549844,1.616705,0.248716,0.214736,-0.458262,0.073478,0.859352,25.875140,302.827900,355.504500
755.747,13,-0.595278,1.626291,0.257419,0.187455,-0.518139,0.072522,0.831344,22.757510,295.210500,355.417600
755.858,13,-0.624091,1.633737,0.265843,0.165095,-0.581969,0.062464,0.793823,19.561390,286.531100,354.336500
755.970,13,-0.641737,1.645787,0.280229,0.134043,-0.676717,0.035330,0.723076,13.984750,272.845600,352.281500
756.082,13,-0.640396,1.668795,0.299632,0.095986,-0.777423,-0.008172,0.621558,6.120268,256.791200,350.774800
756.193,13,-0.631060,1.688259,0.328641,0.059581,-0.847297,-0.054412,0.524954,358.300800,243.696800,350.899700
756.304,13,-0.625478,1.698130,0.354933,0.043694,-0.889407,-0.083385,0.447318,353.728700,233.883100,351.185300
756.416,13,-0.621561,1.704159,0.368091,0.031986,-0.922984,-0.101823,0.369742,350.542900,224.310000,352.172400
756.527,13,-0.614092,1.710644,0.374798,0.024985,-0.953597,-0.115631,0.276874,348.071300,213.066500,353.445600
756.638,13,-0.606577,1.712897,0.375362,0.013398,-0.968367,-0.122705,0.216864,346.594900,205.795000,355.331800
756.749,13,-0.596419,1.714249,0.370157,0.004831,-0.976583,-0.120102,0.178432,346.534800,201.072700,356.917500
756.860,13,-0.582884,1.714977,0.358883,-0.002661,-0.978933,-0.117131,0.167222,346.690100,199.620800,357.999900
756.971,13,-0.554478,1.715860,0.330968,-0.013603,-0.979942,-0.115745,0.161651,346.629600,198.808500,359.366300
757.082,13,-0.520089,1.716346,0.290865,-0.030494,-0.978677,-0.116112,0.166675,346.264700,199.181200,1.237642
757.192,13,-0.479247,1.715305,0.236853,-0.040034,-0.974872,-0.116315,0.185725,346.015800,201.320100,2.058248
757.304,13,-0.434662,1.714341,0.172955,-0.042308,-0.969297,-0.115715,0.212799,345.975800,204.526400,1.935677
757.415,13,-0.398401,1.711493,0.117713,-0.043155,-0.964350,-0.111411,0.236125,346.393100,207.301400,1.805283
757.527,13,-0.363140,1.711717,0.060073,-0.057833,-0.960859,-0.098390,0.252438,347.392200,209.041300,3.611027
757.638,13,-0.343609,1.711504,0.028369,-0.061168,-0.960007,-0.093265,0.256802,347.849100,209.517600,4.079272
757.748,13,-0.325563,1.708600,0.000532,-0.066531,-0.961388,-0.079649,0.254877,349.218600,209.215100,5.099899
757.860,13,-0.316774,1.706501,-0.013054,-0.065319,-0.963643,-0.078533,0.246896,349.419900,208.270300,5.083994
757.970,13,-0.317517,1.704340,-0.027371,-0.064895,-0.965222,-0.076609,0.241386,349.675800,207.616100,5.148882
758.081,13,-0.338330,1.696144,-0.040640,-0.061151,-0.965726,-0.063010,0.244261,351.281800,208.001600,5.068607
758.192,13,-0.379460,1.674932,-0.050606,-0.049581,-0.966108,-0.054332,0.247438,352.558300,208.472100,3.985224
758.303,13,-0.427311,1.606833,-0.048996,-0.038612,-0.965710,-0.060318,0.249551,352.196900,208.802400,2.572652
758.415,13,-0.461984,1.513262,-0.039204,-0.020660,-0.966981,-0.057315,0.247458,353.046200,208.668100,0.668945
758.525,13,-0.491157,1.388092,-0.025589,-0.015031,-0.967614,-0.055785,0.245733,353.376600,208.493300,0.096428
758.636,13,-0.504434,1.291512,-0.013644,-0.004976,-0.968927,-0.068652,0.237576,352.218200,207.644000,358.671100
758.747,13,-0.512592,1.164514,0.000344,-0.002994,-0.969816,-0.080662,0.230093,350.918900,206.838100,358.182800
758.858,13,-0.519500,1.085236,0.007134,-0.001482,-0.972851,-0.076969,0.218255,351.349600,205.424100,358.219700
758.969,13,-0.539426,1.121894,-0.004640,-0.000167,-0.972386,-0.055007,0.226804,353.854600,206.334600,358.580700
759.080,13,-0.559079,1.237909,-0.019065,-0.010246,-0.970911,-0.065552,0.230067,352.414600,206.701100,359.406600
759.191,13,-0.579557,1.407949,-0.024746,-0.016784,-0.968714,-0.080633,0.234117,350.556300,207.198300,359.695800
759.303,13,-0.590830,1.553972,-0.019810,-0.022405,-0.967733,-0.114242,0.223471,346.636700,206.058900,359.546800
759.415,13,-0.592399,1.656388,-0.017829,-0.019776,-0.966741,-0.132667,0.217761,344.625800,205.545100,358.838600
759.526,13,-0.582571,1.744456,-0.026287,-0.022906,-0.964237,-0.158535,0.211163,341.614800,204.927600,358.624500
759.638,13,-0.564187,1.757490,-0.032927,-0.017519,-0.959023,-0.171853,0.224575,340.276000,206.820400,357.346200
759.749,13,-0.533668,1.759148,-0.049104,-0.022136,-0.953838,-0.176316,0.242108,339.691600,208.957000,357.363100
759.860,13,-0.514240,1.767617,-0.064563,-0.027513,-0.955839,-0.177610,0.232527,339.370200,207.679900,358.162900
759.971,13,-0.497054,1.762430,-0.080551,-0.027309,-0.963282,-0.170813,0.205344,340.104900,204.254800,358.931300
760.082,13,-0.490369,1.746703,-0.091508,-0.024718,-0.967232,-0.176070,0.181249,339.539500,201.403800,359.020900
760.193,13,-0.491289,1.735426,-0.105475,-0.019254,-0.972958,-0.172649,0.152231,340.012000,197.947300,359.079400
760.305,13,-0.500409,1.736988,-0.121319,-0.015276,-0.979306,-0.164658,0.116676,340.969800,193.675000,359.484600
760.416,13,-0.515090,1.733282,-0.137320,-0.010055,-0.983542,-0.165189,0.072505,340.949600,188.474700,359.746900
760.527,13,-0.546252,1.729080,-0.160666,0.007129,-0.987273,-0.158874,-0.000580,341.716900,180.067600,359.161700
760.638,13,-0.583641,1.723675,-0.180516,0.022862,-0.985052,-0.158030,-0.064632,341.682100,172.731600,358.514300
760.749,13,-0.646790,1.724026,-0.212651,0.039596,-0.978424,-0.156472,-0.128981,341.554300,165.344700,357.757400
760.860,13,-0.695839,1.726939,-0.240969,0.043519,-0.974196,-0.147331,-0.165353,342.455300,161.068300,357.832000
760.971,13,-0.748215,1.725958,-0.278116,0.054434,-0.969026,-0.138590,-0.197026,343.139400,157.465900,356.952200
761.082,13,-0.779260,1.725894,-0.311560,0.062996,-0.967261,-0.128649,-0.209492,344.022000,156.128200,355.946000
761.193,13,-0.796704,1.724211,-0.348461,0.068072,-0.963714,-0.127587,-0.224371,343.950800,154.410300,355.586800
761.304,13,-0.800224,1.719757,-0.391800,0.075167,-0.960231,-0.123171,-0.239032,344.188100,152.750900,354.903600
761.415,13,-0.791058,1.713373,-0.432816,0.075118,-0.957794,-0.125084,-0.247671,343.929500,151.694400,355.108600
761.526,13,-0.763143,1.707301,-0.484458,0.056705,-0.958303,-0.119439,-0.253325,345.069500,150.759900,357.142600
761.637,13,-0.734748,1.716968,-0.522444,0.040848,-0.955791,-0.129755,-0.260688,344.375300,149.573000,359.379300
761.748,13,-0.698731,1.717681,-0.559079,0.028370,-0.946093,-0.131349,-0.294704,344.617700,145.206300,1.410693
761.860,13,-0.672466,1.716146,-0.577660,0.018880,-0.927741,-0.109341,-0.356348,347.506000,137.700500,2.518124
761.970,13,-0.637473,1.708867,-0.592184,-0.004718,-0.877250,-0.068757,-0.475060,353.330000,122.878200,4.249834
762.081,13,-0.606779,1.693575,-0.601677,-0.041673,-0.795859,-0.011629,-0.603934,1.823800,105.687700,4.612588
762.190,13,-0.591181,1.679172,-0.616837,-0.067918,-0.705033,0.027864,-0.705365,7.764627,90.194820,3.266666
762.301,13,-0.590253,1.658995,-0.635735,-0.112501,-0.598125,0.081883,-0.789231,15.993630,74.358480,0.317655
762.411,13,-0.592274,1.641127,-0.651018,-0.149017,-0.460808,0.121838,-0.866375,21.746240,55.139710,355.444200
762.522,13,-0.584109,1.635058,-0.671129,-0.163313,-0.412841,0.135456,-0.885744,23.650140,48.598940,353.410700
762.633,13,-0.565787,1.634817,-0.683875,-0.169625,-0.390629,0.120080,-0.896782,23.456160,45.998470,354.818400
762.744,13,-0.536387,1.632363,-0.683214,-0.168993,-0.356812,0.116277,-0.911376,23.017390,41.600980,354.304100
762.855,13,-0.503428,1.631386,-0.670575,-0.158739,-0.336661,0.105541,-0.922129,21.334960,39.094270,354.593600
762.967,13,-0.457080,1.640426,-0.639781,-0.125344,-0.322631,0.072587,-0.935376,16.339370,37.589730,356.719500
763.078,13,-0.425414,1.667735,-0.606207,-0.063852,-0.290114,0.024291,-0.954551,7.816077,33.774090,359.460600
763.190,13,-0.396423,1.696023,-0.565000,0.028964,-0.225361,-0.008639,-0.973807,356.542700,26.053750,0.216466
763.303,13,-0.380558,1.707424,-0.535026,0.075506,-0.142878,-0.013718,-0.986761,351.203100,16.453220,0.318663
763.414,13,-0.370009,1.715883,-0.511995,0.101596,-0.054514,-0.011619,-0.993263,348.282300,6.210857,0.702504
763.525,13,-0.350104,1.722433,-0.492213,0.121246,-0.001965,-0.022977,-0.992355,346.070400,359.901200,2.664886
763.637,13,-0.325355,1.723190,-0.479444,0.126744,0.038468,-0.021050,-0.990966,345.547400,355.167400,3.046876
763.748,13,-0.285329,1.721686,-0.474151,0.131452,0.095758,-0.009458,-0.986642,345.073500,348.572400,2.600416
763.860,13,-0.247874,1.724460,-0.472946,0.137615,0.134889,-0.005254,-0.981244,344.416000,343.959200,2.822762
763.971,13,-0.202029,1.730217,-0.465117,0.152446,0.164856,0.014855,-0.974352,342.424000,340.595500,1.281129
764.082,13,-0.175027,1.729642,-0.455183,0.154389,0.183753,0.021923,-0.970525,342.077300,338.423000,0.854230
764.193,13,-0.164731,1.729840,-0.442354,0.154925,0.202887,0.026791,-0.966498,341.920300,336.183000,0.667674
764.305,13,-0.170561,1.727669,-0.423298,0.158779,0.217262,0.026904,-0.962737,341.493400,334.396800,1.038687
764.416,13,-0.188586,1.724253,-0.398886,0.158388,0.228084,0.024557,-0.960358,341.613800,333.034500,1.514694
764.527,13,-0.227710,1.721109,-0.358387,0.157155,0.228827,0.023267,-0.960416,341.789100,332.934100,1.642685
764.637,13,-0.266962,1.724830,-0.324002,0.156569,0.221819,0.017865,-0.962270,341.986100,333.703100,2.113875
764.748,13,-0.318490,1.729350,-0.281172,0.161101,0.216686,0.009869,-0.962807,341.669600,334.137900,3.068444
764.860,13,-0.355854,1.729107,-0.249193,0.160352,0.211399,0.007897,-0.964124,341.787800,334.756900,3.172383
764.971,13,-0.398188,1.728418,-0.213460,0.155438,0.209288,0.002186,-0.965419,342.479800,334.973000,3.658006
765.082,13,-0.427711,1.727521,-0.185970,0.152097,0.212400,-0.001213,-0.965273,342.955400,334.578600,4.015623
765.193,13,-0.450376,1.727776,-0.157625,0.150419,0.221191,-0.000039,-0.963560,343.150500,333.551400,3.991334
765.304,13,-0.465605,1.727052,-0.128018,0.157812,0.231920,0.002898,-0.959844,342.284300,332.198000,4.071554
765.416,13,-0.471229,1.724932,-0.103281,0.159470,0.244130,0.015594,-0.956413,341.780800,330.896500,2.898657
765.527,13,-0.474261,1.716351,-0.069982,0.165768,0.262016,0.034907,-0.950079,340.532100,328.949900,1.248298
765.637,13,-0.486626,1.708932,-0.040885,0.171140,0.275377,0.048834,-0.944719,339.497200,327.476200,0.121496
765.749,13,-0.512730,1.690218,-0.005829,0.179959,0.282203,0.053757,-0.940791,338.349300,326.600400,0.026023
765.860,13,-0.530752,1.652407,0.010854,0.200108,0.281599,0.062302,-0.936364,335.805500,326.577600,359.750400
765.971,13,-0.549304,1.570144,0.020038,0.188806,0.277535,0.060952,-0.940006,337.120800,327.224900,359.391200
766.082,13,-0.562410,1.546781,0.021975,0.196658,0.271700,0.057187,-0.940337,336.364000,327.776800,359.957200
766.193,13,-0.566035,1.665690,0.019202,0.202141,0.269794,0.066313,-0.939124,335.452200,328.155200,359.024900
766.305,13,-0.565671,1.889084,0.013424,0.193404,0.279516,0.062685,-0.938369,336.546100,326.948700,359.405100
766.416,13,-0.565828,1.993369,0.009329,0.178119,0.283179,0.053028,-0.940889,338.579300,326.486900,0.067240
766.527,13,-0.570338,1.992220,0.005153,0.172488,0.292420,0.053074,-0.939107,339.206000,325.395400,0.073149
766.638,13,-0.568046,1.885595,-0.001170,0.181320,0.298096,0.066448,-0.934798,337.752300,324.822600,359.001500
766.748,13,-0.568047,1.670732,0.002165,0.148054,0.289729,0.061633,-0.943578,341.632300,326.159400,358.157200
766.860,13,-0.569715,1.634176,0.015357,0.138201,0.269826,0.051312,-0.951558,343.100000,328.542600,358.618200
766.970,13,-0.563830,1.700812,0.024482,0.113987,0.243681,0.048496,-0.961912,345.940700,331.843700,357.770100
767.082,13,-0.551325,1.746268,0.017563,0.169721,0.210074,0.050374,-0.961523,339.662700,335.631600,358.437700
767.193,13,-0.546677,1.739544,0.009742,0.146420,0.183457,0.047662,-0.970893,342.434000,338.960100,357.666000
767.304,13,-0.551203,1.735656,0.001034,0.137559,0.155809,0.043459,-0.977196,343.597300,342.243800,357.486500
767.416,13,-0.555334,1.734765,-0.007507,0.142752,0.139145,0.036592,-0.979246,343.156400,344.108700,358.087700
767.526,13,-0.543976,1.732079,-0.034652,0.130457,0.139476,0.029578,-0.981149,344.677800,343.991600,358.713800
767.638,13,-0.518776,1.735952,-0.069955,0.153408,0.149595,0.038447,-0.976017,341.882900,342.852300,358.242400
767.748,13,-0.470652,1.733376,-0.111087,0.171672,0.168753,0.043068,-0.969637,339.668300,340.534900,358.436800
767.860,13,-0.422396,1.725438,-0.136790,0.164406,0.190381,0.044366,-0.966829,340.439700,337.963500,358.589900
767.970,13,-0.363508,1.720214,-0.165948,0.158445,0.197086,0.049445,-0.966234,340.993200,337.278500,357.993900
768.081,13,-0.326192,1.723527,-0.190261,0.159610,0.198969,0.055326,-0.965337,340.720900,337.153900,357.370700
768.192,13,-0.304152,1.728321,-0.216540,0.163521,0.204431,0.054468,-0.963588,340.281300,336.447300,357.679700
768.304,13,-0.294123,1.728776,-0.245423,0.172114,0.205499,0.051170,-0.962044,339.378500,336.193700,358.303000
768.415,13,-0.293755,1.731137,-0.268119,0.182196,0.201034,0.052324,-0.961068,338.207700,336.695300,358.314000
768.526,13,-0.306054,1.734347,-0.290242,0.189654,0.194188,0.053061,-0.960993,337.348800,337.504400,358.241200
768.637,13,-0.325915,1.733712,-0.302262,0.187092,0.187068,0.054014,-0.962852,337.635700,338.427200,357.891900
768.748,13,-0.358930,1.735285,-0.307622,0.195651,0.170972,0.058963,-0.963853,336.589300,340.487900,357.079200
768.859,13,-0.378166,1.723455,-0.305638,0.202813,0.174100,0.044706,-0.962579,336.045300,339.701200,359.031500
768.970,13,-0.389185,1.644639,-0.303346,0.198318,0.178810,0.065071,-0.961490,336.132000,339.648400,356.601700
769.082,13,-0.394629,1.575768,-0.294986,0.184959,0.159454,0.046187,-0.968624,338.096800,341.668200,358.116800
769.192,13,-0.398847,1.558266,-0.284524,0.189569,0.159969,0.045465,-0.967681,337.577600,341.562300,358.305200
769.303,13,-0.401734,1.557762,-0.279116,0.189214,0.162364,0.044688,-0.967388,337.629200,341.251400,358.449700
769.415,13,-0.403189,1.563167,-0.277536,0.186361,0.164157,0.043911,-0.967675,337.970100,341.030300,358.528900
769.526,13,-0.402575,1.570894,-0.279400,0.189017,0.161186,0.045801,-0.967571,337.632900,341.423500,358.283700
769.637,13,-0.401932,1.572945,-0.280003,0.187599,0.157744,0.042885,-0.968548,337.856500,341.788400,358.522300
769.748,13,-0.400990,1.571515,-0.279546,0.192407,0.155257,0.043033,-0.968000,337.302800,342.069700,358.536300
769.860,13,-0.400377,1.566287,-0.278109,0.189483,0.157346,0.042645,-0.968256,337.644200,341.820800,358.577800
769.970,13,-0.398964,1.560420,-0.275219,0.192398,0.155250,0.043401,-0.967986,337.297100,342.079300,358.491700
770.081,13,-0.400970,1.585523,-0.274899,0.202982,0.156530,0.041381,-0.965704,336.109100,341.803300,358.973700
770.192,13,-0.405346,1.738381,-0.277953,0.199134,0.154608,0.040989,-0.966831,336.563600,342.058400,358.895600
770.304,13,-0.407019,1.958497,-0.288525,0.233552,0.152878,0.043278,-0.959275,332.528100,342.073500,359.249500
770.416,13,-0.409872,2.046657,-0.283821,0.232281,0.138948,0.053232,-0.961200,332.527000,344.145800,357.559300
770.527,13,-0.415341,2.019086,-0.278128,0.194719,0.130572,0.047107,-0.970987,337.018000,345.196700,357.470500
770.638,13,-0.416256,1.894271,-0.272614,0.206741,0.134343,0.058080,-0.967387,335.442800,344.967400,356.418100
770.748,13,-0.417364,1.643135,-0.255424,0.139761,0.134688,0.047497,-0.979832,343.340800,344.832100,356.683100
770.859,13,-0.417025,1.584976,-0.233155,0.186124,0.119494,0.052806,-0.973802,337.968600,346.711500,356.390200
770.968,13,-0.410473,1.644410,-0.236722,0.153532,0.098810,0.040486,-0.982357,341.962000,348.983300,357.033900
771.080,13,-0.388304,1.699995,-0.223170,0.089541,0.029356,0.084434,-0.991964,349.478700,357.486400,350.501100
771.191,13,-0.352127,1.684573,-0.203898,-0.093481,-0.154144,0.127592,-0.975306,12.807750,16.492110,346.957300
771.300,13,-0.325221,1.611734,-0.220370,-0.239294,-0.374048,0.155822,-0.882353,32.605620,44.031150,353.458800
771.415,13,-0.325417,1.577919,-0.237900,-0.256734,-0.478606,0.155935,-0.825051,34.952690,59.981000,359.192000
771.517,13,-0.330431,1.572129,-0.245108,-0.265892,-0.493530,0.174540,-0.809485,37.067250,62.255490,358.554800
771.628,13,-0.343208,1.579925,-0.254738,-0.266652,-0.501368,0.185290,-0.801994,37.843260,63.281250,357.835800
771.740,13,-0.351918,1.588216,-0.260707,-0.254201,-0.498929,0.182949,-0.808073,36.397430,62.401070,357.007900
771.851,13,-0.359546,1.595699,-0.272333,-0.247434,-0.479233,0.175188,-0.823663,35.135860,59.242410,356.394000
771.962,13,-0.360995,1.604682,-0.287987,-0.229518,-0.445963,0.167391,-0.848775,32.610030,53.852650,354.588400
772.073,13,-0.358078,1.628116,-0.311064,-0.175800,-0.385116,0.148733,-0.893677,25.389880,44.752570,351.698700
772.185,13,-0.354137,1.668995,-0.348385,-0.039332,-0.277465,0.122285,-0.952110,8.207415,31.607840,347.689100
772.298,13,-0.351621,1.708593,-0.395607,0.113392,-0.144998,0.092366,-0.978564,348.747300,18.101390,347.417600
772.412,13,-0.342088,1.734039,-0.462130,0.244392,0.008605,0.071883,-0.966970,331.713800,1.203380,351.193800
772.524,13,-0.326974,1.740426,-0.509667,0.291973,0.097720,0.067582,-0.949018,325.432000,349.786400,355.039100
772.635,13,-0.313908,1.740725,-0.540159,0.307749,0.151615,0.063668,-0.937150,323.407500,342.234200,358.143300
772.747,13,-0.298060,1.738981,-0.568583,0.311843,0.195757,0.069696,-0.927133,322.733200,336.328600,359.485600
772.858,13,-0.289212,1.736725,-0.584193,0.316203,0.209712,0.074689,-0.922203,322.082000,334.505300,359.627100
772.969,13,-0.284787,1.735390,-0.597558,0.318724,0.215925,0.073328,-0.920008,321.820700,333.515000,0.197965
773.081,13,-0.284729,1.734028,-0.604131,0.315287,0.215586,0.072609,-0.921328,322.246100,333.606900,0.155723
773.192,13,-0.289278,1.731178,-0.606767,0.308913,0.213599,0.069727,-0.924168,323.075400,333.898000,0.221339
773.303,13,-0.298659,1.730374,-0.601261,0.307816,0.211559,0.067695,-0.925154,323.259200,334.120400,0.356467
773.415,13,-0.310762,1.732163,-0.585857,0.312625,0.204336,0.067091,-0.925209,322.706100,335.004000,0.260373
773.525,13,-0.332470,1.737036,-0.548658,0.327157,0.176060,0.058851,-0.926557,321.172200,338.323200,0.451662
773.636,13,-0.354564,1.744651,-0.512740,0.376520,0.149928,0.053352,-0.912638,315.311600,340.827500,1.250782
773.747,13,-0.391700,1.752456,-0.453999,0.390070,0.095385,0.025271,-0.915483,314.025900,347.118900,2.320891
773.859,13,-0.419347,1.760873,-0.409601,0.382781,0.062840,0.022958,-0.921413,314.904500,352.001400,0.470856
773.969,13,-0.445617,1.768434,-0.366474,0.384367,0.016217,0.012950,-0.922947,314.771500,358.374400,359.069400
774.081,13,-0.456327,1.770550,-0.341888,0.376442,-0.020884,0.006336,-0.926183,315.809700,3.474503,357.805200
774.192,13,-0.457931,1.768903,-0.333619,0.373026,-0.037973,0.001711,-0.927042,316.251700,5.694833,357.500600
774.304,13,-0.453115,1.775837,-0.340704,0.377441,-0.026961,0.000350,-0.925641,315.674700,4.021900,358.317900
774.415,13,-0.446991,1.819591,-0.350397,0.386293,-0.014937,-0.009061,-0.922211,314.540300,1.678863,0.422554
774.526,13,-0.440429,1.860433,-0.359357,0.388523,-0.017849,-0.019282,-0.921064,314.242200,1.469949,1.778198
774.636,13,-0.438325,1.846560,-0.365010,0.381129,-0.021741,-0.018485,-0.924081,315.154900,2.108884,1.421677
774.747,13,-0.436766,1.803615,-0.375831,0.375622,-0.005258,-0.020245,-0.926537,315.871600,359.563700,2.680339
774.858,13,-0.433024,1.773348,-0.386161,0.355691,0.009118,-0.012898,-0.934470,318.353700,357.989500,2.346206
774.969,13,-0.424185,1.763580,-0.405555,0.351715,0.023561,-0.012584,-0.935726,318.881000,355.969900,3.053051
775.080,13,-0.416579,1.763924,-0.425003,0.349047,0.031164,-0.007913,-0.936553,319.208400,355.158500,2.769216
775.192,13,-0.420214,1.765158,-0.453201,0.339104,0.016740,0.008468,-0.940562,320.343800,358.083600,359.659400
775.303,13,-0.440409,1.768551,-0.488436,0.354255,-0.013744,-0.000031,-0.935048,318.509800,1.964606,359.259600
775.414,13,-0.476577,1.765483,-0.519852,0.369283,-0.048625,0.001419,-0.928043,316.742100,7.201813,356.966000
775.525,13,-0.531757,1.761339,-0.545098,0.378531,-0.072928,-0.003018,-0.922706,315.654400,10.660890,356.019600
775.636,13,-0.586034,1.757381,-0.558116,0.378982,-0.079245,-0.014702,-0.921888,315.485600,10.910370,357.350900
775.747,13,-0.645102,1.753476,-0.564887,0.359040,-0.075466,-0.039230,-0.929439,317.675200,8.721904,1.451834
775.859,13,-0.673964,1.758312,-0.569397,0.348311,-0.076816,-0.046427,-0.933072,318.918600,8.468611,2.518930
775.969,13,-0.691075,1.755340,-0.579103,0.339226,-0.081116,-0.053840,-0.935653,319.944400,8.661079,3.424301
776.081,13,-0.689815,1.754822,-0.590197,0.333551,-0.080425,-0.051842,-0.937863,320.654900,8.647209,3.231193
776.192,13,-0.672924,1.756096,-0.603038,0.338895,-0.081283,-0.046991,-0.936128,320.048600,9.031146,2.458738
776.303,13,-0.641777,1.755659,-0.619602,0.346899,-0.091213,-0.043004,-0.932466,319.096500,10.695330,1.282544
776.415,13,-0.604443,1.755313,-0.637252,0.348186,-0.098065,-0.042579,-0.931309,318.937000,11.708400,0.837358
776.525,13,-0.543174,1.754518,-0.662984,0.347400,-0.104001,-0.032169,-0.931377,319.170400,13.090710,359.065700
776.636,13,-0.490702,1.754556,-0.681120,0.344435,-0.112786,-0.021791,-0.931756,319.701200,14.826690,357.212700
776.748,13,-0.428749,1.751444,-0.698533,0.345910,-0.109687,-0.013179,-0.931741,319.647600,14.847640,356.138300
776.859,13,-0.388491,1.749560,-0.703895,0.345538,-0.095782,0.002309,-0.933501,319.858500,13.651350,354.708200
776.970,13,-0.349266,1.751917,-0.695468,0.346990,-0.075611,0.012399,-0.934734,319.698400,11.339690,354.307100
777.081,13,-0.320568,1.749844,-0.670981,0.356767,-0.060592,0.025645,-0.931873,318.561500,10.081410,353.025400
777.192,13,-0.304358,1.742677,-0.627857,0.344773,-0.068800,0.036595,-0.935446,320.208300,11.557980,351.324000
777.304,13,-0.310584,1.729110,-0.567971,0.287772,-0.095641,0.033943,-0.952307,327.207200,13.882520,351.814100
777.415,13,-0.326383,1.731941,-0.508106,0.216732,-0.103641,0.020297,-0.970502,335.388000,13.352870,354.678300
777.525,13,-0.347143,1.713836,-0.430974,0.082007,-0.109122,0.029580,-0.990198,351.028000,12.926070,355.559400
777.635,13,-0.361999,1.692219,-0.379894,-0.008527,-0.109042,0.041159,-0.993148,1.484948,12.471890,355.415900
777.744,14,-0.376373,1.671527,-0.327309,-0.083393,-0.105880,0.046172,-0.989800,10.070670,11.832900,355.704800
777.855,14,-0.382202,1.659297,-0.293057,-0.122627,-0.101714,0.049484,-0.985986,14.589020,11.228270,355.695600
777.966,14,-0.379702,1.635967,-0.250235,-0.183987,-0.105412,0.052620,-0.975842,21.726590,11.573240,356.055100
778.077,14,-0.366622,1.611259,-0.218021,-0.250309,-0.123103,0.064611,-0.958132,29.707100,13.553570,355.894500
778.187,14,-0.336452,1.590388,-0.186478,-0.299333,-0.161114,0.081218,-0.936934,35.950180,18.232790,356.051900
778.298,14,-0.307685,1.580936,-0.171170,-0.319171,-0.195979,0.092503,-0.922586,38.695640,22.809430,356.651900
778.407,14,-0.266476,1.574636,-0.148369,-0.325930,-0.225629,0.102684,-0.912314,39.869250,26.691310,356.991500
778.508,14,-0.224836,1.570610,-0.121751,-0.322718,-0.248812,0.115098,-0.905924,39.940530,29.411880,356.414500
778.617,14,-0.168853,1.571823,-0.101993,-0.304476,-0.296766,0.123983,-0.896578,38.284080,35.574080,356.961700
778.718,14,-0.105080,1.582957,-0.098948,-0.271323,-0.376124,0.137554,-0.875211,35.338410,45.690430,357.423100
778.825,14,-0.034842,1.600384,-0.108160,-0.225073,-0.479589,0.142505,-0.836079,30.866890,59.265690,358.504200
778.936,14,0.002656,1.605771,-0.108941,-0.208635,-0.529050,0.141289,-0.810318,29.184210,66.139980,359.460500
779.048,14,0.034973,1.606797,-0.084492,-0.213999,-0.548443,0.142799,-0.795628,29.812320,69.290540,0.495456
779.159,14,0.047594,1.604513,-0.041710,-0.230052,-0.524797,0.132342,-0.808795,30.732810,66.457900,1.825740
779.270,14,0.034189,1.600951,0.044439,-0.249428,-0.418815,0.113520,-0.865733,31.800500,51.870130,0.834080
779.381,14,-0.003142,1.590835,0.125202,-0.255311,-0.325225,0.119963,-0.902582,32.609300,38.625610,356.564000
779.492,14,-0.040036,1.591382,0.209646,-0.251224,-0.288741,0.114656,-0.916717,31.790480,33.713920,355.605000
779.603,14,-0.067025,1.601831,0.291156,-0.254155,-0.272231,0.112050,-0.921271,31.958080,31.605670,355.397600
779.715,14,-0.079102,1.603788,0.355919,-0.246187,-0.267260,0.114124,-0.924630,31.082040,30.762080,354.676900
779.826,14,-0.079486,1.601682,0.425399,-0.261718,-0.273278,0.120746,-0.917738,33.118460,31.562410,354.616200
779.937,14,-0.065642,1.602347,0.469051,-0.257211,-0.284643,0.119936,-0.915662,32.636970,33.075700,355.012200
780.048,14,-0.039356,1.596859,0.497653,-0.255098,-0.290802,0.122782,-0.913939,32.527130,33.789650,354.823900
780.160,14,-0.011845,1.596970,0.504472,-0.247064,-0.293363,0.124313,-0.915120,31.676510,33.968340,354.432600
780.271,14,0.027121,1.602824,0.509760,-0.232269,-0.300782,0.131490,-0.915583,30.293070,34.550950,353.278900
780.382,14,0.059318,1.607178,0.509571,-0.216003,-0.313844,0.139154,-0.914047,28.830430,35.894190,352.206000
780.493,14,0.087793,1.606363,0.509420,-0.214480,-0.341439,0.148484,-0.902979,29.257710,39.329610,351.981800
780.604,14,0.109121,1.604665,0.516426,-0.217726,-0.360447,0.158096,-0.893129,30.191030,41.701280,351.655300
780.716,14,0.121972,1.601878,0.525631,-0.220592,-0.373613,0.169158,-0.884951,31.119550,43.254580,350.956800
780.827,14,0.134558,1.597480,0.541016,-0.219889,-0.398193,0.182316,-0.871695,31.907230,46.328930,350.320500
780.939,14,0.137313,1.593799,0.556578,-0.224392,-0.424668,0.192804,-0.855647,33.213200,49.925690,350.411400
781.050,14,0.134398,1.594869,0.584101,-0.220734,-0.457741,0.200284,-0.837637,33.583180,54.523200,350.782000
781.162,14,0.131530,1.596792,0.613228,-0.216463,-0.479540,0.198451,-0.826923,33.252340,57.739630,351.708100
781.272,14,0.128405,1.595806,0.640217,-0.215139,-0.495188,0.203544,-0.816746,33.573890,59.966560,351.759400
781.384,14,0.125916,1.596378,0.662925,-0.208040,-0.515330,0.205511,-0.805555,33.160600,62.826700,351.987900
781.495,14,0.126444,1.596929,0.679224,-0.196339,-0.544356,0.202476,-0.790020,32.050130,67.067700,352.804600
781.606,14,0.127323,1.598529,0.693784,-0.186290,-0.587321,0.196027,-0.762840,30.962690,73.698010,354.630100
781.718,14,0.129597,1.599438,0.703088,-0.175443,-0.626234,0.187366,-0.736169,29.536730,79.797960,356.301000
781.829,14,0.131899,1.598870,0.716529,-0.169678,-0.678486,0.169880,-0.694267,27.783080,88.592480,359.635000
781.940,14,0.133041,1.603337,0.729451,-0.162748,-0.711505,0.153191,-0.666189,25.774690,94.168040,1.748899
782.051,14,0.132701,1.607856,0.740271,-0.147233,-0.732878,0.142835,-0.648699,23.601990,97.371840,1.907035
782.162,14,0.118281,1.616480,0.742093,-0.134909,-0.747064,0.133190,-0.637146,21.772160,99.458470,1.965357
782.273,14,0.090353,1.633004,0.727401,-0.101486,-0.768187,0.113256,-0.621902,17.471550,102.153600,0.904094
782.385,14,0.049048,1.660542,0.700767,-0.051152,-0.803374,0.072352,-0.588846,10.165540,107.504000,359.824200
782.496,14,-0.002005,1.697859,0.678109,0.014674,-0.828681,-0.039808,-0.558111,355.276000,112.032300,1.156515
782.609,14,-0.070947,1.726285,0.652872,0.084382,-0.826940,-0.132439,-0.539917,341.931300,113.685100,0.208182
782.721,14,-0.122404,1.730362,0.632789,0.107982,-0.821104,-0.150465,-0.539897,338.672900,113.520100,359.086100
782.833,14,-0.155605,1.725880,0.616664,0.102531,-0.815256,-0.142507,-0.551849,339.786300,111.919300,359.396000
782.944,14,-0.158408,1.711184,0.612975,0.054198,-0.791159,-0.080172,-0.603907,348.911900,105.226900,0.646595
783.053,14,-0.134816,1.676700,0.624162,-0.009476,-0.739320,0.026471,-0.672768,2.974486,95.364540,358.760400
783.164,14,-0.093860,1.636909,0.637893,-0.031389,-0.725136,0.049795,-0.686086,6.620185,93.093990,358.684500
783.274,14,-0.057366,1.568817,0.650915,-0.037540,-0.732477,0.060731,-0.677037,8.036272,94.394130,358.423600
783.385,14,-0.032144,1.442686,0.671141,-0.036499,-0.741356,0.049483,-0.668289,7.016406,95.891800,359.306100
783.497,14,-0.023595,1.330740,0.685244,-0.029041,-0.742164,0.049375,-0.667766,6.434881,95.967030,358.683300
783.608,14,-0.026575,1.184447,0.698410,-0.014827,-0.745281,0.033574,-0.665740,4.001701,96.407460,358.701800
783.719,14,-0.036074,1.075703,0.705845,-0.011889,-0.753409,0.033054,-0.656613,3.750902,97.806310,358.536100
783.829,14,-0.044733,0.986188,0.710202,-0.015091,-0.758824,0.034749,-0.650193,4.149558,98.770830,358.719800
783.941,14,-0.045178,0.975700,0.708768,-0.015156,-0.759327,0.054747,-0.648225,5.899882,98.883830,357.236500
784.052,14,-0.043005,0.992592,0.703812,-0.009647,-0.772393,0.040546,-0.633777,4.293391,101.181100,357.902800
784.163,14,-0.041294,0.990240,0.698469,0.000602,-0.777800,0.026918,-0.627935,2.356537,102.129600,358.007300
784.274,14,-0.035668,1.017218,0.696057,0.011536,-0.781240,0.011691,-0.624014,0.221686,102.764300,358.130900
784.385,14,-0.026468,1.165298,0.705010,0.023767,-0.789148,-0.011824,-0.613629,357.258500,104.295400,358.680600
784.497,14,-0.030854,1.304504,0.714795,0.043769,-0.780568,-0.037016,-0.622438,353.553600,102.933400,358.717000
784.608,14,-0.047692,1.473982,0.725844,0.077974,-0.780008,-0.054966,-0.618456,349.502400,103.466700,356.872000
784.720,14,-0.067738,1.607672,0.739872,0.104052,-0.783767,-0.067213,-0.608576,346.584800,104.907300,355.205800
784.832,14,-0.096084,1.706173,0.759467,0.126763,-0.787291,-0.082051,-0.597806,343.694700,106.450200,353.929500
784.944,14,-0.130244,1.736606,0.784994,0.109355,-0.792885,-0.066428,-0.595787,346.370400,106.822000,354.434200
785.054,14,-0.154565,1.725554,0.807766,0.090751,-0.794555,-0.041799,-0.598916,349.913900,106.468400,354.512900
785.165,14,-0.166111,1.727595,0.826604,0.076700,-0.798833,-0.046975,-0.594791,350.427700,106.983700,356.123800
785.276,14,-0.171040,1.725663,0.834510,0.071749,-0.799234,-0.046368,-0.594918,350.822800,106.952500,356.543500
785.387,14,-0.174979,1.722508,0.835994,0.072779,-0.802824,-0.039376,-0.590446,351.421300,107.640100,355.919700
785.498,14,-0.175546,1.720809,0.831183,0.068794,-0.812979,-0.040518,-0.576794,351.648900,109.565500,356.226500
785.608,14,-0.178023,1.718504,0.816888,0.061621,-0.835825,-0.045973,-0.543586,351.729700,114.145500,356.928400
785.720,14,-0.191551,1.717636,0.799830,0.053741,-0.855973,-0.046238,-0.512137,352.287500,118.389100,357.418000
785.831,14,-0.228354,1.719518,0.776545,0.062184,-0.871241,-0.050105,-0.484317,351.515600,122.118500,356.532500
785.942,14,-0.276603,1.720778,0.753973,0.068213,-0.876624,-0.054814,-0.473152,350.755200,123.602900,356.065500
786.053,14,-0.338167,1.720195,0.727442,0.075646,-0.877244,-0.058190,-0.470462,350.022000,123.987700,355.459400
786.164,14,-0.406113,1.715252,0.699217,0.075923,-0.874063,-0.057282,-0.476412,350.068100,123.210000,355.449800
786.275,14,-0.460635,1.706613,0.677921,0.065438,-0.861496,-0.050188,-0.501023,351.254500,119.914800,356.377000
786.386,14,-0.510337,1.697363,0.659951,0.041400,-0.824896,-0.024532,-0.563233,355.002700,111.452100,357.660400
786.496,14,-0.536617,1.692274,0.656670,0.032357,-0.788078,0.003994,-0.614711,358.081100,104.144300,356.793200
786.607,14,-0.563216,1.685541,0.659424,0.018091,-0.753674,0.021630,-0.656643,0.506864,97.857470,356.808300
786.718,14,-0.576324,1.680211,0.661536,0.011698,-0.737480,0.027938,-0.674689,1.456771,95.051830,356.848800
786.829,14,-0.586747,1.678571,0.659182,0.007829,-0.729610,0.033386,-0.683004,2.179108,93.717100,356.728200
786.941,14,-0.593246,1.675252,0.653798,0.004795,-0.730528,0.032775,-0.682079,2.369617,93.867310,357.033000
787.051,14,-0.598027,1.673350,0.649907,0.004644,-0.733803,0.035666,-0.678410,2.638975,94.419430,356.831900
787.162,14,-0.598924,1.673708,0.648269,0.005753,-0.732359,0.029726,-0.680245,2.046690,94.175500,357.197200
787.274,14,-0.593758,1.673732,0.644221,0.006358,-0.734135,0.030688,-0.678280,2.087968,94.475910,357.076700
787.385,14,-0.580818,1.672686,0.639230,0.004130,-0.735932,0.034248,-0.676177,2.569055,94.778750,356.993600
787.496,14,-0.560592,1.671553,0.635098,0.002228,-0.734988,0.039976,-0.676897,3.195718,94.620150,356.704700
787.607,14,-0.520476,1.669157,0.632597,-0.004255,-0.735051,0.049163,-0.676214,4.475326,94.639230,356.536200
787.718,14,-0.476374,1.664494,0.633526,-0.010210,-0.736925,0.054578,-0.673690,5.405042,94.974460,356.631900
787.829,14,-0.403974,1.654236,0.641996,-0.028400,-0.741276,0.068724,-0.667069,8.034866,95.830700,357.129800
787.940,14,-0.328389,1.649400,0.659968,-0.040598,-0.745334,0.071249,-0.661629,9.202812,96.651630,358.039900
788.051,14,-0.252011,1.654490,0.687120,-0.050374,-0.742160,0.069801,-0.664672,9.821001,96.215310,358.952200
788.162,14,-0.186734,1.656293,0.716490,-0.048892,-0.739621,0.069413,-0.667647,9.669449,95.755490,358.816300
788.273,14,-0.129349,1.654095,0.735726,-0.059177,-0.740758,0.086242,-0.663580,11.905990,96.127600,358.431300
788.385,14,-0.071333,1.650755,0.743425,-0.070709,-0.743273,0.098636,-0.657888,13.866660,96.797400,358.543900
788.497,14,-0.024996,1.646496,0.741486,-0.078280,-0.747500,0.104576,-0.651291,14.969620,97.719700,358.861800
788.607,14,0.019620,1.643993,0.731344,-0.079642,-0.753464,0.104439,-0.644237,15.069980,98.822650,359.136600
788.719,14,0.042207,1.643200,0.713956,-0.072708,-0.749386,0.107222,-0.649337,14.780980,97.949930,358.205700
788.830,14,0.065906,1.648907,0.678983,-0.047110,-0.755111,0.100070,-0.646200,12.240360,98.522130,356.586700
788.941,14,0.086901,1.658081,0.649181,-0.025991,-0.772422,0.086061,-0.628715,9.534008,101.381900,356.042500
789.053,14,0.108470,1.661683,0.627003,-0.017815,-0.790274,0.077386,-0.607587,8.277143,104.615300,356.182800
789.164,14,0.131585,1.666754,0.607907,-0.004347,-0.823998,0.071340,-0.562068,7.033731,111.143000,355.780000
789.275,14,0.154893,1.669006,0.597830,-0.002347,-0.854607,0.063825,-0.515333,6.402298,117.620200,356.436300
789.386,14,0.190419,1.673176,0.594409,0.003236,-0.883734,0.054110,-0.464840,5.314838,124.361900,356.774500
789.498,14,0.223274,1.671297,0.598235,0.012014,-0.911990,0.049994,-0.406979,4.669579,131.755100,356.398600
789.609,14,0.276973,1.672845,0.615006,0.023039,-0.946008,0.040954,-0.320720,3.595226,142.418100,355.986100
789.720,14,0.328770,1.674983,0.632255,0.022194,-0.965492,0.027141,-0.258061,2.347182,150.004200,356.737400
789.831,14,0.372808,1.670391,0.645134,0.011849,-0.977489,0.034261,-0.207848,3.557657,155.924800,357.852100
789.942,14,0.402676,1.667260,0.655585,0.006030,-0.985773,0.044154,-0.162069,4.881600,161.263000,358.493200
790.053,14,0.418490,1.666417,0.664977,0.004164,-0.993147,0.042603,-0.108750,4.802170,167.459700,358.991600
790.164,14,0.422794,1.668606,0.670182,0.002074,-0.998572,0.030767,-0.043622,3.512424,174.985300,359.608100
790.275,14,0.416959,1.675323,0.673547,-0.003749,-0.998745,0.005133,0.049682,0.566106,185.697900,0.458368
790.386,14,0.399649,1.690292,0.691570,-0.046576,-0.969703,-0.039338,0.236558,354.357100,207.215100,4.132710
790.498,14,0.394611,1.699529,0.710235,-0.053713,-0.946226,-0.061785,0.312976,351.341400,216.328000,3.652220
790.609,14,0.395352,1.708079,0.730428,-0.058152,-0.935772,-0.083720,0.337551,348.700100,219.368100,3.058059
790.721,14,0.395270,1.712280,0.747030,-0.066274,-0.937002,-0.102087,0.327436,346.425300,218.121300,3.381911
790.832,14,0.389142,1.712897,0.770672,-0.073004,-0.938760,-0.114125,0.316820,344.898400,216.787900,3.845670
790.943,14,0.377436,1.707047,0.802966,-0.079040,-0.934647,-0.126193,0.322897,343.325400,217.536100,3.965906
791.054,14,0.367540,1.705918,0.830136,-0.075656,-0.931983,-0.126996,0.330993,343.333600,218.605600,3.408116
791.165,14,0.357852,1.706730,0.860386,-0.076064,-0.924835,-0.138290,0.346078,342.034800,220.603800,2.710008
791.277,14,0.352308,1.707690,0.878711,-0.080083,-0.917160,-0.142414,0.363488,341.370300,222.808400,2.623005
791.388,14,0.348481,1.708319,0.895837,-0.079200,-0.915934,-0.143922,0.366168,341.237500,223.183800,2.402045
791.499,14,0.346840,1.708679,0.906588,-0.079715,-0.915225,-0.145919,0.367037,340.997200,223.311300,2.351839
791.609,14,0.343779,1.708091,0.916811,-0.076862,-0.915642,-0.142061,0.368117,341.533900,223.448100,2.185203
791.720,14,0.332902,1.690296,0.915145,-0.037095,-0.927186,-0.064062,0.367214,351.602600,223.119900,1.259082
791.830,14,0.319101,1.639922,0.903461,0.045374,-0.929278,0.124807,0.344684,15.262440,220.714900,0.101482
791.932,14,0.310197,1.600726,0.890712,0.100735,-0.913792,0.242445,0.309932,30.366590,216.861200,357.753700
792.040,14,0.307819,1.584099,0.882769,0.113360,-0.906678,0.282518,0.292009,35.345750,214.795400,357.149300
792.153,14,0.314207,1.572913,0.876919,0.126948,-0.898449,0.311251,0.282483,39.124490,213.534300,356.136800
792.273,14,0.324751,1.573456,0.869366,0.136408,-0.894794,0.312047,0.288728,39.583680,214.054400,355.242400
792.375,14,0.334380,1.574688,0.861735,0.144010,-0.886985,0.308200,0.312303,39.545100,217.109300,355.316400
792.477,14,0.347074,1.573468,0.852902,0.153095,-0.873944,0.312315,0.339475,40.529150,220.908400,355.809100
792.584,14,0.374913,1.574264,0.837992,0.158185,-0.861000,0.311541,0.369594,40.798500,225.278000,356.811400
792.686,14,0.400966,1.571287,0.826865,0.163540,-0.853573,0.319302,0.377775,41.963580,226.624800,357.075500
792.793,14,0.424834,1.567240,0.818135,0.169696,-0.845813,0.323619,0.388682,42.793520,228.274600,357.227700
792.894,14,0.439838,1.563381,0.816797,0.174811,-0.834790,0.326647,0.407270,43.452610,231.201500,357.963800
793.001,14,0.451485,1.562179,0.818408,0.182962,-0.824175,0.322595,0.428011,43.501140,234.085700,357.990300
793.103,14,0.459952,1.562055,0.820585,0.185924,-0.818598,0.319591,0.439535,43.367320,235.730800,358.151400
793.210,14,0.468683,1.563187,0.822175,0.186107,-0.818344,0.313553,0.444254,42.730180,236.198600,357.971100
793.311,14,0.477241,1.564398,0.823439,0.183847,-0.819541,0.309083,0.446117,42.117040,236.362700,358.024800
793.423,14,0.483588,1.565029,0.825499,0.181250,-0.820417,0.306040,0.447664,41.639390,236.556300,358.206100
793.535,14,0.489365,1.566476,0.826880,0.179662,-0.823757,0.302592,0.444504,41.166200,235.931500,357.945400
793.647,14,0.492771,1.569984,0.827551,0.175947,-0.828647,0.295591,0.441602,40.186540,235.270100,357.709800
793.758,14,0.494065,1.573661,0.827007,0.171771,-0.831220,0.289461,0.442471,39.288020,235.276800,357.822900
793.868,14,0.487530,1.576767,0.822736,0.164767,-0.835522,0.277190,0.444883,37.575080,235.361100,357.924800
793.978,14,0.473784,1.576231,0.818271,0.164535,-0.836914,0.281231,0.439786,37.984870,234.740700,357.961200
794.085,14,0.438153,1.574956,0.808445,0.162273,-0.844238,0.278763,0.428043,37.560920,232.902200,357.444100
794.192,14,0.396535,1.570679,0.798270,0.162209,-0.854298,0.282734,0.404877,37.910270,229.511900,356.497100
794.301,14,0.335293,1.566965,0.791984,0.163402,-0.866720,0.288761,0.372443,38.481750,224.763600,355.005400
794.410,14,0.260889,1.573135,0.792929,0.155735,-0.880758,0.282551,0.346666,37.278840,221.059800,354.343500
794.518,14,0.200025,1.580228,0.798856,0.153446,-0.886356,0.274608,0.339731,36.232400,219.951900,353.920400
794.623,14,0.141879,1.578185,0.803420,0.142674,-0.890610,0.282102,0.326920,36.567620,218.668300,355.022600
794.726,14,0.099560,1.579883,0.805266,0.135305,-0.892386,0.298571,0.310153,38.083680,216.914400,355.899400
794.829,14,0.070803,1.581025,0.806291,0.133160,-0.900510,0.288486,0.296862,36.771820,214.858100,355.091300
794.934,14,0.049307,1.579797,0.809831,0.129803,-0.903778,0.291660,0.285082,36.955880,213.374000,355.094600
795.037,14,0.035756,1.582937,0.811115,0.130663,-0.908219,0.283568,0.278667,36.008580,212.285200,354.374200
795.140,14,0.017616,1.583051,0.813217,0.128616,-0.910348,0.282159,0.274064,35.748130,211.694800,354.377700
795.242,14,-0.000335,1.580415,0.813210,0.136054,-0.908111,0.282291,0.277731,36.034830,211.923500,353.588400
795.343,14,-0.011727,1.576722,0.814327,0.139256,-0.903873,0.290755,0.281216,37.152170,212.426800,353.645900
795.443,14,-0.020237,1.575601,0.814584,0.141173,-0.904489,0.289602,0.279466,37.069890,212.081100,353.269700
795.545,14,-0.029242,1.575665,0.812127,0.147915,-0.903974,0.287690,0.279618,37.074140,211.799400,352.326600
795.646,14,-0.036627,1.574015,0.808543,0.149025,-0.900648,0.291416,0.285834,37.598150,212.698000,352.614700
795.747,14,-0.045023,1.572485,0.802312,0.151026,-0.897412,0.293861,0.292384,38.006010,213.597700,352.765600
795.849,14,-0.055845,1.570549,0.793780,0.152924,-0.893246,0.293041,0.304719,38.076460,215.288300,353.097300
795.951,14,-0.073076,1.570569,0.778306,0.150376,-0.886534,0.289741,0.327864,37.758540,218.687900,354.437400
796.052,14,-0.092539,1.571841,0.756229,0.142368,-0.879847,0.287177,0.350901,37.247280,222.297000,356.472200
796.164,14,-0.117848,1.574914,0.719947,0.135709,-0.872354,0.291437,0.368301,37.476510,225.236800,358.404300
796.273,14,-0.142059,1.577103,0.672294,0.125425,-0.874018,0.289133,0.369816,36.739850,225.740500,359.614300
796.381,14,-0.160055,1.577264,0.618412,0.118380,-0.877905,0.300744,0.353302,37.712260,223.958500,0.337019
796.492,14,-0.172095,1.577405,0.566273,0.110639,-0.882836,0.306600,0.338167,38.038020,222.219500,0.873831
796.603,14,-0.173343,1.575397,0.524939,0.100920,-0.886150,0.310179,0.329154,38.036700,221.389600,1.843170
796.714,14,-0.163852,1.579045,0.493673,0.077730,-0.893193,0.319414,0.306821,38.191700,219.360400,4.169953
796.825,14,-0.140904,1.578795,0.445796,0.043031,-0.919007,0.316698,0.230820,37.010340,209.812200,4.820925
796.936,14,-0.109405,1.564921,0.406263,0.003116,-0.929415,0.347322,0.124682,40.269920,197.512400,6.080173
797.047,14,-0.062158,1.557105,0.368196,-0.030056,-0.930572,0.359816,-0.060545,42.322910,172.925900,0.958443
797.158,14,-0.042227,1.558385,0.349399,-0.057205,-0.916387,0.351349,-0.183073,41.673850,156.709700,358.174000
797.270,14,-0.037515,1.570456,0.326958,-0.076483,-0.895300,0.330108,-0.289166,39.444030,142.764000,355.993100
797.381,14,-0.031487,1.576291,0.314688,-0.083838,-0.872719,0.320183,-0.358908,38.246120,133.172100,353.896900
797.492,14,-0.018261,1.578657,0.310652,-0.103709,-0.845216,0.314935,-0.419132,38.265820,124.995400,353.514400
797.596,14,0.000788,1.581970,0.315546,-0.113508,-0.822170,0.302164,-0.468881,37.106830,118.267800,353.034800
797.696,14,0.033328,1.580651,0.327410,-0.128470,-0.793083,0.291672,-0.519079,36.584790,111.245500,352.915900
797.808,14,0.086240,1.576536,0.350017,-0.154053,-0.761894,0.282474,-0.562133,37.130120,105.155000,354.036500
797.920,14,0.133880,1.573930,0.372891,-0.169877,-0.748852,0.270046,-0.580895,36.999560,102.971900,355.741000
798.031,14,0.195965,1.576597,0.404776,-0.184600,-0.742546,0.252676,-0.592202,36.433400,102.264400,358.210700
798.143,14,0.236837,1.581155,0.428003,-0.188697,-0.730262,0.242109,-0.610324,35.728020,99.771470,358.593000
798.254,14,0.260717,1.584641,0.440977,-0.188019,-0.720194,0.239699,-0.623309,35.425760,97.620570,358.031400
798.366,14,0.281087,1.588174,0.448169,-0.191332,-0.705119,0.228643,-0.643367,34.655110,94.714000,358.301700
798.478,14,0.293308,1.588677,0.445546,-0.195678,-0.683639,0.220881,-0.667502,34.280000,90.783940,358.104600
798.588,14,0.304379,1.587301,0.426120,-0.200598,-0.649754,0.210553,-0.702316,33.737020,84.814560,357.583000
798.701,14,0.305373,1.587981,0.392277,-0.205638,-0.619453,0.206312,-0.728990,33.739410,79.749320,356.826800
798.812,14,0.308560,1.595879,0.352482,-0.203960,-0.588047,0.188714,-0.759598,32.127110,74.578160,356.830900
798.923,14,0.312620,1.594740,0.316073,-0.208034,-0.560145,0.174244,-0.782687,31.389600,70.431200,357.334500
799.034,14,0.312223,1.590319,0.291871,-0.218764,-0.538608,0.174213,-0.794792,32.371580,67.435680,357.199200
799.146,14,0.307230,1.594790,0.271049,-0.219661,-0.514176,0.162603,-0.812977,31.626020,63.889450,357.408700
799.257,14,0.304128,1.598223,0.257518,-0.216891,-0.501522,0.157313,-0.822610,30.972450,61.974560,357.241500
799.368,14,0.307814,1.597076,0.244152,-0.224195,-0.473687,0.159003,-0.836705,31.722510,58.002950,356.381700
799.479,14,0.310816,1.590724,0.234678,-0.233978,-0.436338,0.167522,-0.852526,33.033950,52.553910,354.424800
799.589,14,0.295376,1.587158,0.218941,-0.243964,-0.402167,0.176033,-0.864729,34.299260,47.558550,352.473100
799.701,14,0.265673,1.595508,0.205067,-0.234980,-0.382416,0.162685,-0.878679,32.504830,44.928020,352.767400
799.812,14,0.225528,1.606170,0.192133,-0.218375,-0.358817,0.143043,-0.896159,29.607130,41.900410,353.417500
799.923,14,0.175407,1.610396,0.180379,-0.202761,-0.337830,0.128309,-0.910108,27.113960,39.226600,353.772600
800.034,14,0.124840,1.612164,0.171856,-0.205814,-0.317978,0.117237,-0.918034,26.900710,36.909740,354.571500
800.145,14,0.069049,1.610989,0.164699,-0.204063,-0.287875,0.096449,-0.930690,25.808780,33.469360,356.048400
800.257,14,0.038425,1.611620,0.154949,-0.222215,-0.267847,0.089534,-0.933200,27.561780,31.266640,356.892000
800.368,14,0.018163,1.614875,0.138110,-0.211711,-0.252608,0.084658,-0.940319,26.162820,29.298190,356.662500
800.479,14,0.015121,1.616375,0.123402,-0.210439,-0.243837,0.080200,-0.943306,25.857110,28.274480,356.899000
800.590,14,0.024072,1.620203,0.104543,-0.202695,-0.232465,0.082920,-0.947628,25.005830,26.683280,356.019200
800.701,14,0.039024,1.624123,0.087431,-0.202114,-0.235983,0.083840,-0.946802,24.979440,27.102420,355.991300
800.812,14,0.051215,1.625301,0.070490,-0.198932,-0.246214,0.082132,-0.945018,24.609610,28.418190,356.388200
800.924,14,0.056772,1.627176,0.057503,-0.194996,-0.250638,0.079619,-0.944891,24.105010,29.004760,356.689200
801.035,14,0.057743,1.629562,0.050434,-0.187369,-0.248553,0.077139,-0.947187,23.159610,28.729980,356.696000
801.146,14,0.058909,1.631842,0.047978,-0.180529,-0.246154,0.073619,-0.949420,22.274180,28.448790,356.846000
801.257,14,0.060318,1.632619,0.049231,-0.180005,-0.247706,0.074326,-0.949060,22.240380,28.623830,356.785500
801.368,14,0.060736,1.636580,0.052898,-0.184682,-0.259958,0.077466,-0.944624,22.903800,30.138800,356.867800
801.479,14,0.056904,1.638135,0.057683,-0.186805,-0.280234,0.080174,-0.938160,23.293500,32.673980,357.145900
801.590,14,0.046781,1.627548,0.068094,-0.205117,-0.318494,0.077302,-0.922233,25.313530,37.935040,359.244200
801.702,14,0.034923,1.615936,0.067826,-0.231972,-0.331841,0.069977,-0.911687,27.996250,40.428100,1.710824
801.813,14,0.025149,1.613953,0.042270,-0.241380,-0.314809,0.064363,-0.915690,28.854260,38.519470,2.231564
801.924,14,0.024678,1.623039,-0.002245,-0.215431,-0.293424,0.063536,-0.929223,25.954170,35.172020,0.531845
802.035,14,0.032917,1.628296,-0.050109,-0.192376,-0.263675,0.058300,-0.943434,23.186950,31.120310,359.466800
802.146,14,0.055917,1.632729,-0.110804,-0.171905,-0.223773,0.054328,-0.957822,20.709030,25.996210,358.337500
802.257,14,0.075568,1.629833,-0.151859,-0.162299,-0.213276,0.056284,-0.961772,19.645320,24.595020,357.624500
802.368,14,0.092436,1.624483,-0.186377,-0.173912,-0.204032,0.065792,-0.961144,21.171200,23.331760,356.587600
802.480,14,0.095687,1.623132,-0.204376,-0.183428,-0.192689,0.062161,-0.961957,22.139000,22.061670,356.973500
802.590,14,0.095847,1.625487,-0.220040,-0.179680,-0.177357,0.064450,-0.965456,21.703760,20.100250,356.253400
802.702,14,0.096513,1.628036,-0.229799,-0.174548,-0.177623,0.062314,-0.966489,21.071630,20.159350,356.409100
802.813,14,0.095978,1.628916,-0.236918,-0.172373,-0.177701,0.058823,-0.967083,20.750760,20.234260,356.780900
802.924,14,0.095063,1.630850,-0.243114,-0.166853,-0.176337,0.058728,-0.968306,20.111040,20.047550,356.649000
803.036,14,0.094905,1.631243,-0.247491,-0.165460,-0.179739,0.058653,-0.967924,19.961530,20.459050,356.702600
803.147,14,0.094839,1.633285,-0.249745,-0.160471,-0.183954,0.057738,-0.968027,19.385500,20.971660,356.794700
803.258,14,0.095536,1.635208,-0.248553,-0.156558,-0.185597,0.056284,-0.968440,18.912690,21.183980,356.915600
803.369,14,0.093802,1.637782,-0.242658,-0.149243,-0.184819,0.053747,-0.969886,18.020980,21.108280,357.040900
803.480,14,0.089380,1.644241,-0.233482,-0.140943,-0.195647,0.051243,-0.969140,17.051920,22.429500,357.351700
803.591,14,0.084370,1.658612,-0.218969,-0.109357,-0.223333,0.046818,-0.967456,13.444740,25.707570,357.540200
803.703,14,0.078043,1.703672,-0.202337,-0.080108,-0.251673,0.040656,-0.963634,10.070120,29.079030,357.786300
803.815,14,0.071106,1.756669,-0.194003,-0.004533,-0.267495,0.020062,-0.963340,1.115385,31.017000,357.923400
803.927,14,0.061475,1.779212,-0.188280,0.025370,-0.285668,0.019061,-0.957803,357.839000,33.269930,357.074100
804.038,14,0.055104,1.779545,-0.185688,0.028751,-0.301471,0.009727,-0.952992,357.195200,35.159020,357.941600
804.149,14,0.049939,1.777536,-0.187312,0.033574,-0.304980,0.001069,-0.951766,356.373200,35.575560,358.707400
804.261,14,0.051658,1.779015,-0.191985,0.044431,-0.311999,-0.001976,-0.949041,355.091400,36.455890,358.621200
804.372,14,0.055840,1.778876,-0.196380,0.048342,-0.315302,0.001803,-0.947758,354.807900,36.891180,358.049200
804.483,14,0.059962,1.779762,-0.198115,0.050221,-0.311184,0.000868,-0.949022,354.561200,36.398560,358.105900
804.594,14,0.063562,1.779720,-0.199423,0.047888,-0.304555,0.001329,-0.951289,354.819100,35.587430,358.176100
804.705,14,0.069366,1.780414,-0.202586,0.047085,-0.302636,0.001724,-0.951941,354.916900,35.353630,358.171500
804.817,14,0.073888,1.780086,-0.205512,0.044641,-0.301990,0.002681,-0.952262,355.215900,35.267730,358.155900
804.928,14,0.078083,1.779252,-0.210145,0.042014,-0.299742,0.004248,-0.953085,355.552900,34.990650,358.086900
805.039,14,0.080400,1.778523,-0.215994,0.042542,-0.299877,0.005061,-0.953015,355.523500,35.012570,357.978900
805.150,14,0.082318,1.777162,-0.224462,0.042546,-0.298161,0.007830,-0.953535,355.614400,34.816600,357.683300
805.261,14,0.083679,1.771437,-0.232775,0.044402,-0.295318,0.008650,-0.954328,355.432200,34.487480,357.542900
805.372,14,0.085043,1.743993,-0.243091,0.046238,-0.289606,0.007157,-0.956002,355.166500,33.804950,357.672500
805.483,14,0.086870,1.700546,-0.254024,0.036297,-0.277068,0.013681,-0.960067,356.438800,32.278320,357.336400
805.594,14,0.089345,1.679249,-0.262952,0.020769,-0.267432,0.021564,-0.963112,358.368400,31.080300,356.981000
805.705,14,0.092760,1.680656,-0.268588,0.012509,-0.261587,0.024888,-0.964778,359.363100,30.357940,356.871800
805.816,14,0.090708,1.682504,-0.266203,0.012412,-0.249843,0.020894,-0.967982,359.221400,28.963330,357.325800
805.927,14,0.078637,1.685173,-0.252383,0.003588,-0.255052,0.016066,-0.966787,0.072079,29.556200,358.115000
806.039,14,0.058906,1.688315,-0.234537,0.009717,-0.271795,0.006571,-0.962284,359.133100,31.552220,358.972600
806.150,14,0.016770,1.688108,-0.199952,0.018675,-0.300308,-0.003454,-0.953653,357.839800,34.963700,359.734600
806.261,14,-0.037380,1.688562,-0.155809,0.027787,-0.316691,-0.003690,-0.948115,356.845600,36.957600,359.391600
806.372,14,-0.100619,1.693267,-0.101189,0.036274,-0.330492,-0.002947,-0.943107,355.964800,38.661130,358.942000
806.483,14,-0.158431,1.702571,-0.047354,0.037286,-0.339241,-0.006822,-0.939936,355.714800,39.717800,359.283400
806.595,14,-0.196223,1.710952,-0.013284,0.042953,-0.338236,-0.015980,-0.939945,354.746900,39.579570,0.056632
806.706,14,-0.228509,1.715972,0.012441,0.053177,-0.345358,-0.016941,-0.936810,353.607800,40.489130,359.712300
806.817,14,-0.241460,1.716109,0.023920,0.056778,-0.350044,-0.018105,-0.934836,353.175400,41.076590,359.659600
806.928,14,-0.248848,1.716239,0.033359,0.056950,-0.348876,-0.014414,-0.935326,353.304600,40.954060,359.263100
807.040,14,-0.249051,1.717331,0.039733,0.060254,-0.352582,-0.013278,-0.933745,352.999000,41.435520,358.978600
807.151,14,-0.245668,1.718061,0.049423,0.061270,-0.360012,-0.015750,-0.930801,352.796100,42.344360,359.145500
807.262,14,-0.238381,1.715941,0.056471,0.057928,-0.374735,-0.017276,-0.925159,353.100200,44.140530,359.339200
807.373,14,-0.221606,1.710810,0.060998,0.052862,-0.395442,-0.019585,-0.916760,353.545500,46.684790,359.659900
807.484,14,-0.192749,1.706889,0.061015,0.041755,-0.407833,-0.016717,-0.911948,354.848300,48.198680,359.794700
807.595,14,-0.155979,1.701648,0.057096,0.041685,-0.406701,-0.009086,-0.912565,355.211900,48.083630,359.003900
807.706,14,-0.087339,1.691346,0.044108,0.041878,-0.397024,-0.001668,-0.916851,355.519700,46.896000,358.264500
807.817,14,-0.016178,1.682225,0.023046,0.048592,-0.384897,0.008860,-0.921637,355.253400,45.461220,356.909000
807.928,14,0.089664,1.682613,-0.016962,0.052060,-0.373068,0.016987,-0.926187,355.195300,44.048970,355.954000
808.040,14,0.167825,1.692470,-0.048090,0.057366,-0.389054,0.018697,-0.919237,354.783600,46.087040,355.449400
808.151,14,0.250396,1.696855,-0.079910,0.050730,-0.425722,0.017175,-0.903268,355.582600,50.634990,355.730800
808.263,14,0.309648,1.701703,-0.102211,0.056679,-0.478038,0.006994,-0.876481,354.682900,57.394390,356.173400
808.374,14,0.363625,1.701403,-0.115964,0.057755,-0.551772,-0.003432,-0.831986,354.267200,67.271970,356.656800
808.484,14,0.414625,1.701784,-0.116748,0.052692,-0.628029,-0.017899,-0.776197,354.014300,78.069050,357.787400
808.596,14,0.458868,1.700144,-0.105081,0.049714,-0.687801,-0.029404,-0.723598,353.546600,87.178280,358.510200
808.707,14,0.515730,1.697697,-0.067727,0.051845,-0.750922,-0.044046,-0.656878,352.284100,97.721540,358.843700
808.819,14,0.564354,1.703592,-0.022259,0.053174,-0.781955,-0.053010,-0.618796,351.447800,103.363800,358.982800
808.930,14,0.626879,1.717791,0.037509,0.047155,-0.805269,-0.063117,-0.587652,350.962900,107.767200,359.897700
809.041,14,0.669669,1.721596,0.078101,0.040587,-0.824749,-0.066512,-0.560106,351.072900,111.603100,0.438401
809.152,14,0.700272,1.723586,0.105485,0.038061,-0.851883,-0.066852,-0.518052,351.179800,117.370500,0.256198
809.263,14,0.727215,1.723854,0.121438,0.037197,-0.884791,-0.072339,-0.458834,350.668700,125.176800,0.032510
809.374,14,0.747200,1.721173,0.123104,0.037497,-0.928293,-0.078007,-0.361636,350.098900,137.497700,359.232500
809.484,14,0.748485,1.716897,0.113891,0.022955,-0.970308,-0.080584,-0.226897,350.398300,153.715800,359.536400
809.595,14,0.735373,1.715463,0.111600,0.012066,-0.987347,-0.077681,-0.137715,350.983400,164.130400,359.858900
809.706,14,0.702441,1.717685,0.120717,0.012855,-0.994436,-0.084487,-0.061595,350.234400,172.986600,359.118600
809.817,14,0.667677,1.720931,0.133474,0.017037,-0.995606,-0.089844,-0.020150,349.654400,177.841000,358.234700
809.927,14,0.612460,1.723319,0.157148,0.020715,-0.994889,-0.097942,0.013223,348.794100,181.774100,357.440300
810.039,14,0.559418,1.720036,0.182636,0.019061,-0.994651,-0.098537,0.024411,348.750000,183.057700,357.503000
810.149,14,0.478884,1.706861,0.224011,0.017514,-0.994854,-0.092350,0.037815,349.489000,184.577900,357.561500
810.261,14,0.409345,1.692659,0.255203,0.015391,-0.994643,-0.088118,0.051805,349.997100,186.165400,357.686900
810.371,14,0.353607,1.692350,0.271623,0.016860,-0.994852,-0.071192,0.070121,351.993500,188.239900,357.480600
810.482,14,0.310293,1.695785,0.275149,0.013512,-0.993389,-0.069539,0.090331,352.199900,190.546900,357.720300
810.593,14,0.274509,1.696046,0.266945,0.007687,-0.990597,-0.066828,0.119136,352.497600,193.833800,358.199400
810.705,14,0.246178,1.695063,0.247590,0.002717,-0.985386,-0.071669,0.154501,351.928700,197.934200,358.408400
810.817,14,0.228186,1.696470,0.222719,-0.004149,-0.979078,-0.073512,0.189695,351.632400,202.014000,358.855300
810.929,14,0.211664,1.700554,0.188728,-0.006009,-0.971265,-0.070159,0.227346,352.009000,206.430100,358.829600
811.040,14,0.201630,1.704687,0.165186,-0.011617,-0.963683,-0.070931,0.257194,351.796700,209.944800,359.183900
811.151,14,0.191437,1.708132,0.150047,-0.015603,-0.956659,-0.069787,0.282295,351.817100,212.920500,359.447300
811.263,14,0.180885,1.709663,0.142747,-0.015446,-0.947714,-0.074906,0.309819,351.283300,216.282100,359.006500
811.374,14,0.176130,1.710883,0.140888,-0.014630,-0.941911,-0.077563,0.326456,351.044600,218.336300,358.661100
811.485,14,0.176730,1.711002,0.142608,-0.019248,-0.939629,-0.082288,0.331595,350.363000,218.966000,358.930600
811.596,14,0.176082,1.712217,0.146940,-0.027308,-0.937851,-0.087762,0.334645,349.461800,219.315300,359.562000
811.708,14,0.167473,1.721787,0.153595,-0.042271,-0.923523,-0.100407,0.367747,347.493700,223.397700,0.248070
811.818,14,0.159514,1.738968,0.153319,-0.054174,-0.906919,-0.110767,0.402858,345.844000,227.836000,0.532711
811.929,14,0.149839,1.775911,0.140638,-0.060102,-0.889551,-0.105297,0.440454,346.097000,232.581900,0.836413
812.041,14,0.141839,1.805984,0.121861,-0.065574,-0.880930,-0.106807,0.456350,345.639200,234.636700,1.067595
812.152,14,0.135339,1.811426,0.104905,-0.062041,-0.876775,-0.118544,0.461914,344.621900,235.569200,359.957000
812.263,14,0.132312,1.812492,0.092188,-0.058191,-0.874511,-0.115675,0.467402,345.124800,236.295700,359.623300
812.375,14,0.132261,1.814299,0.088384,-0.059544,-0.871401,-0.121598,0.471518,344.450400,236.924400,359.351900
812.486,14,0.134776,1.814068,0.091322,-0.060355,-0.861718,-0.125301,0.487953,344.046900,239.194500,358.911600
812.597,14,0.138365,1.813813,0.095474,-0.063451,-0.860797,-0.127004,0.488746,343.699700,239.301800,359.110000
812.708,14,0.140130,1.815044,0.104995,-0.064792,-0.860647,-0.135277,0.486609,342.787900,239.150200,358.792600
812.818,14,0.139171,1.816004,0.113214,-0.063288,-0.860477,-0.138182,0.486291,342.581000,239.179600,358.469900
812.929,14,0.137757,1.816896,0.124732,-0.061046,-0.861164,-0.141349,0.484448,342.386300,239.016200,358.087400
813.041,14,0.136835,1.816369,0.139035,-0.057767,-0.857667,-0.147906,0.489075,341.928000,239.824100,357.251600
813.151,14,0.133944,1.801128,0.162745,-0.052704,-0.847765,-0.154868,0.504513,341.593100,242.169900,355.956700
813.263,14,0.126169,1.760729,0.199936,-0.044202,-0.840827,-0.152110,0.517609,342.449000,244.005200,354.997900
813.373,14,0.115257,1.714123,0.248877,-0.024465,-0.852331,-0.129552,0.506113,345.782300,242.064100,354.706500
813.486,14,0.109386,1.689961,0.303651,-0.021884,-0.872030,-0.119281,0.474191,346.774300,237.584900,355.583900
813.594,14,0.106714,1.690854,0.342431,-0.010795,-0.888076,-0.124110,0.442494,346.703400,233.594100,354.654600
813.705,14,0.113610,1.694200,0.371809,-0.020813,-0.924057,-0.107383,0.366272,347.660600,223.499100,357.641700
813.817,14,0.125871,1.694816,0.387798,-0.019410,-0.955858,-0.096066,0.277003,348.790100,212.415100,359.058700
813.927,14,0.144503,1.697010,0.411669,-0.015356,-0.978841,-0.095953,0.180078,348.850100,200.874000,359.737400
814.038,14,0.155285,1.698226,0.430777,-0.014942,-0.985053,-0.099087,0.140104,348.498100,196.179900,0.097820
814.149,14,0.166438,1.699205,0.451341,-0.008859,-0.987579,-0.101067,0.119975,348.360700,193.893400,359.604900
814.260,14,0.176050,1.700909,0.464970,-0.012798,-0.988077,-0.104139,0.112676,347.955100,193.000000,0.106754
814.371,14,0.181377,1.703964,0.474287,-0.014269,-0.988434,-0.110257,0.103142,347.237700,191.878500,0.320939
814.483,14,0.183401,1.704249,0.480854,-0.012022,-0.988602,-0.113076,0.098665,346.941500,191.389000,0.085622
814.594,14,0.186231,1.703243,0.487534,-0.011764,-0.988539,-0.108893,0.103897,347.424000,191.995600,0.037058
814.705,14,0.184350,1.704974,0.497116,-0.015833,-0.983556,-0.120260,0.133808,346.066100,195.501900,359.938700
814.816,14,0.177787,1.704768,0.508518,-0.007302,-0.975456,-0.125190,0.180997,345.707200,201.253900,358.162500
814.928,14,0.175416,1.704472,0.522273,0.004934,-0.966865,-0.128148,0.220740,345.781300,206.209000,356.089100
815.039,14,0.177800,1.704072,0.530828,0.011227,-0.962405,-0.131223,0.237551,345.685500,208.354900,355.029400
815.150,14,0.182759,1.703615,0.538597,0.014452,-0.959708,-0.132591,0.247327,345.679400,209.597500,354.472800
815.261,14,0.186430,1.704682,0.542725,0.018183,-0.958498,-0.139044,0.248229,345.077000,209.847700,353.828000
815.372,14,0.188668,1.705915,0.543794,0.019165,-0.958509,-0.143222,0.245726,344.624800,209.619600,353.621100
815.483,14,0.188144,1.705765,0.544185,0.019673,-0.958243,-0.142960,0.246874,344.676600,209.762300,353.553200
815.595,14,0.185913,1.705389,0.544406,0.022359,-0.958216,-0.142627,0.246941,344.793900,209.803400,353.257800
815.706,14,0.182915,1.704593,0.544747,0.025005,-0.958651,-0.140331,0.246313,345.123300,209.728800,353.042500
815.817,14,0.180958,1.704754,0.545251,0.025272,-0.958816,-0.141950,0.244712,344.939500,209.563600,352.984800
815.928,14,0.177987,1.704949,0.545930,0.025468,-0.959614,-0.144929,0.239766,344.577300,209.013300,352.946300
816.039,14,0.175499,1.705327,0.547110,0.024766,-0.959813,-0.148532,0.236821,344.133500,208.702600,352.960000
816.150,14,0.172725,1.708653,0.551010,0.017942,-0.962417,-0.171890,0.209489,341.134800,205.635200,353.534700
816.262,14,0.167557,1.712954,0.561178,0.018538,-0.968145,-0.206726,0.140058,336.728500,197.671200,354.139400
816.374,14,0.163870,1.716752,0.575488,0.029195,-0.965771,-0.248849,0.067142,331.527200,189.442800,354.136100
816.486,14,0.160512,1.720286,0.593820,0.023722,-0.953981,-0.298910,0.003209,325.238900,181.416200,356.707900
816.597,14,0.156180,1.721306,0.604511,0.014893,-0.945597,-0.324781,-0.011952,322.078600,179.060800,358.518000
816.708,14,0.152210,1.720659,0.612515,0.006892,-0.943104,-0.332227,-0.011566,321.185000,178.732400,359.609300
816.819,14,0.154412,1.721292,0.615744,0.002249,-0.940011,-0.340827,-0.014522,320.146500,178.076400,0.423299
816.930,14,0.159720,1.721968,0.618360,-0.004718,-0.936017,-0.351721,-0.011976,318.828200,178.040600,1.313586
817.041,14,0.164318,1.721905,0.619102,-0.011227,-0.936387,-0.350744,-0.005711,318.948600,178.588800,1.902231
817.152,14,0.168903,1.721695,0.620662,-0.013019,-0.937173,-0.348618,0.001570,319.196200,179.535700,1.764524
817.264,14,0.173202,1.722024,0.623072,-0.015008,-0.935560,-0.352790,0.006522,318.676600,180.123100,1.791614
817.375,14,0.176759,1.722346,0.624247,-0.016982,-0.934176,-0.356276,0.009740,318.242400,180.468300,1.904239
817.486,14,0.180953,1.722449,0.622692,-0.017549,-0.936146,-0.350804,0.016125,318.900100,181.359400,1.638270
817.597,14,0.183387,1.722540,0.617713,-0.016524,-0.939091,-0.342659,0.020521,319.890300,182.039400,1.271586
817.707,14,0.183943,1.721643,0.606885,-0.011843,-0.945996,-0.322875,0.026535,322.301600,183.083100,0.381797
817.819,14,0.180481,1.714663,0.591656,0.002066,-0.963957,-0.261975,0.046400,329.677100,186.020600,358.121600
817.929,14,0.170548,1.691403,0.561296,0.028297,-0.987970,-0.119016,0.094601,346.713900,191.477700,355.377600
818.038,14,0.161352,1.666351,0.537377,0.049083,-0.990427,0.000499,0.129016,0.782250,194.805400,354.427400
818.146,14,0.153485,1.646839,0.512032,0.057427,-0.984826,0.082600,0.141410,10.307720,195.869900,354.766100
818.248,15,0.148178,1.640346,0.494309,0.061029,-0.982901,0.113500,0.131523,13.837650,194.596400,354.674800
818.361,15,0.142828,1.637056,0.478158,0.062453,-0.981921,0.130120,0.122471,15.713850,193.471900,354.589000
818.473,15,0.136291,1.631042,0.458637,0.072078,-0.979333,0.147889,0.117646,17.855900,192.690900,353.583000
818.587,15,0.128252,1.625213,0.438455,0.075488,-0.973486,0.174332,0.127415,21.017680,193.742500,353.693000
818.700,15,0.118427,1.621312,0.418896,0.082486,-0.969522,0.182622,0.140972,22.170710,195.226900,353.274500
818.810,15,0.098403,1.598477,0.394810,0.116164,-0.945745,0.241721,0.183423,29.988500,199.616900,351.297400
818.922,15,0.080721,1.581823,0.370565,0.124385,-0.923330,0.287456,0.222171,35.880880,204.715000,352.770200
819.032,15,0.065373,1.571934,0.336273,0.134489,-0.909662,0.314104,0.236149,39.418220,206.536700,352.837100
819.144,15,0.049177,1.562558,0.290515,0.142714,-0.898341,0.334725,0.246120,42.194080,207.898500,352.894200
819.255,15,0.036738,1.555419,0.245980,0.148473,-0.886119,0.342521,0.274642,43.518040,212.069500,354.064400
819.367,15,0.027252,1.561993,0.190219,0.139640,-0.869174,0.343109,0.327588,43.466580,220.737600,358.583100
819.479,15,0.025575,1.575990,0.152294,0.132090,-0.866065,0.323818,0.357249,40.940260,224.904800,0.195008
819.590,15,0.027731,1.588782,0.113103,0.132466,-0.860287,0.297379,0.392332,37.995800,229.166300,0.394433
819.700,15,0.030316,1.595344,0.088398,0.127067,-0.852741,0.280771,0.421728,35.875390,233.090200,1.421967
819.811,15,0.030301,1.608858,0.063679,0.114551,-0.850739,0.246821,0.449669,31.532320,236.232400,1.819992
819.923,15,0.022021,1.622293,0.043973,0.100944,-0.853383,0.207653,0.467363,26.664780,237.746900,1.398496
820.035,15,0.007519,1.627554,0.024907,0.090566,-0.857616,0.188988,0.469657,24.156310,237.711000,1.392740
820.146,15,-0.015915,1.629354,-0.001243,0.084297,-0.875188,0.178675,0.441605,22.780360,233.677900,0.637382
820.257,15,-0.035966,1.627317,-0.021046,0.087397,-0.901379,0.173493,0.387011,22.359260,226.188000,358.558300
820.368,15,-0.069315,1.627953,-0.042962,0.097291,-0.940862,0.162540,0.280881,21.131530,212.190600,354.354100
820.480,15,-0.108500,1.635156,-0.059799,0.098447,-0.968280,0.137927,0.183624,17.653450,200.161800,351.551900
820.591,15,-0.169854,1.650836,-0.084514,0.095953,-0.984386,0.128310,0.072898,15.462200,187.086100,349.828500
820.703,15,-0.215664,1.658278,-0.108453,0.086781,-0.988609,0.121170,-0.020976,13.646930,176.312100,349.525400
820.814,15,-0.240983,1.657759,-0.125764,0.084378,-0.981824,0.130840,-0.108552,13.804200,165.981600,348.470800
820.925,15,-0.255921,1.663113,-0.126326,0.068843,-0.963980,0.129715,-0.221760,12.682740,152.835700,348.754400
821.037,15,-0.261666,1.668278,-0.111216,0.058311,-0.939690,0.105821,-0.319975,9.297523,141.547500,349.649500
821.148,15,-0.272638,1.673448,-0.083601,0.054027,-0.887494,0.078165,-0.450918,5.164659,125.696800,350.382600
821.259,15,-0.288488,1.682253,-0.061771,0.053308,-0.850436,0.056555,-0.520306,2.333776,116.906900,351.393600
821.370,15,-0.313846,1.686364,-0.036538,0.057623,-0.825040,0.035721,-0.560992,359.672900,111.594200,352.232000
821.482,15,-0.340218,1.675394,-0.009606,0.058068,-0.822080,0.038656,-0.565082,359.881400,111.000500,352.000700
821.592,15,-0.365211,1.667094,0.023199,0.033512,-0.823648,0.036948,-0.564903,1.318021,111.047000,354.435100
821.703,15,-0.391074,1.667352,0.058070,0.001661,-0.807800,0.045025,-0.587732,4.059361,107.809600,356.804200
821.813,15,-0.420197,1.678949,0.081163,-0.016651,-0.787268,0.028559,-0.615725,3.753992,103.925000,359.486000
821.925,15,-0.453219,1.683797,0.086634,-0.013735,-0.762926,0.020509,-0.646015,2.810952,99.479000,359.682200
822.036,15,-0.483811,1.686865,0.076492,-0.010840,-0.741179,0.017987,-0.670979,2.361881,95.682270,359.537300
822.148,15,-0.528029,1.690745,0.042144,0.008264,-0.713300,0.004802,-0.700794,359.728900,91.015850,358.938800
822.259,15,-0.560906,1.694144,-0.000900,0.018894,-0.698103,-0.006532,-0.715718,357.927400,88.590070,359.023600
822.370,15,-0.593731,1.697972,-0.065762,0.033637,-0.687172,-0.013476,-0.725591,356.139200,86.936230,358.468100
822.481,15,-0.618886,1.697276,-0.116658,0.083521,-0.672721,-0.023876,-0.734779,351.091200,85.300540,355.513200
822.592,15,-0.644973,1.704740,-0.148389,0.116907,-0.649651,-0.039097,-0.750172,346.926500,82.415240,354.507300
822.705,15,-0.665502,1.712255,-0.167959,0.129571,-0.618599,-0.064405,-0.772269,343.751100,77.909280,356.367300
822.816,15,-0.677097,1.712693,-0.184625,0.134781,-0.598918,-0.070245,-0.786255,342.777300,75.059040,356.940200
822.928,15,-0.684343,1.713472,-0.204474,0.137053,-0.595111,-0.069972,-0.788773,342.573100,74.553190,356.831300
823.039,15,-0.688252,1.712952,-0.217370,0.135402,-0.598694,-0.069358,-0.786398,342.782000,75.046980,356.816700
823.150,15,-0.693750,1.712435,-0.229052,0.134478,-0.604452,-0.069262,-0.782148,342.896800,75.883610,356.747700
823.262,15,-0.699710,1.714487,-0.234960,0.136693,-0.603654,-0.073489,-0.781995,342.391600,75.798810,356.987300
823.372,15,-0.706584,1.714844,-0.237747,0.139159,-0.592601,-0.078462,-0.789495,341.776600,74.181540,357.523600
823.484,15,-0.714214,1.715544,-0.239300,0.144242,-0.581871,-0.082260,-0.796150,341.009800,72.696740,357.764900
823.595,15,-0.720794,1.718168,-0.240603,0.151181,-0.577607,-0.090791,-0.797039,339.764700,72.187080,358.172800
823.707,15,-0.725098,1.718135,-0.241658,0.150634,-0.565662,-0.091861,-0.805542,339.720000,70.399110,358.630300
823.818,15,-0.722378,1.712939,-0.241060,0.131804,-0.556976,-0.069378,-0.817063,342.982200,68.862880,357.995200
823.928,15,-0.714834,1.695679,-0.235441,0.066277,-0.568558,-0.005809,-0.819949,353.379500,69.695290,356.199600
824.038,15,-0.707185,1.671934,-0.222364,-0.007102,-0.588222,0.064656,-0.806080,5.020604,71.996500,354.476800
824.148,15,-0.705091,1.637526,-0.191354,-0.115893,-0.612117,0.142243,-0.769187,20.635700,76.166340,355.284000
824.258,15,-0.713108,1.627627,-0.155179,-0.146985,-0.626744,0.150455,-0.750300,24.152020,79.187460,357.391400
824.368,15,-0.735695,1.629266,-0.092678,-0.151113,-0.626659,0.146908,-0.750255,24.259390,79.322000,358.048600
824.479,15,-0.758878,1.633302,-0.041753,-0.151738,-0.622695,0.143152,-0.754144,24.025560,78.733120,358.309700
824.590,15,-0.790837,1.633623,0.014273,-0.152610,-0.622413,0.139476,-0.754890,23.830440,78.739330,358.709300
824.701,15,-0.817927,1.630378,0.049570,-0.154731,-0.623744,0.140742,-0.753122,24.119160,79.009480,358.809300
824.812,15,-0.842400,1.629824,0.069062,-0.155872,-0.642652,0.139492,-0.737051,24.145850,82.100860,359.668300
824.923,15,-0.863144,1.634200,0.080974,-0.145722,-0.659630,0.132221,-0.725376,22.695980,84.569790,0.026443
825.034,15,-0.874643,1.636531,0.089574,-0.139312,-0.659474,0.131847,-0.726845,22.111810,84.339840,359.510200
825.145,15,-0.877515,1.639729,0.099383,-0.135612,-0.658115,0.125374,-0.729915,21.284070,84.025380,359.721600
825.256,15,-0.870644,1.642973,0.107530,-0.124498,-0.652673,0.113222,-0.738714,19.373840,82.873470,359.710600
825.367,15,-0.853973,1.649467,0.116634,-0.102282,-0.644165,0.093942,-0.752173,15.955790,81.074140,359.431000
825.478,15,-0.834540,1.654976,0.120509,-0.079862,-0.641447,0.082508,-0.758525,13.120670,80.285440,358.663600
825.590,15,-0.798064,1.655718,0.122977,-0.062087,-0.639135,0.076057,-0.762802,11.066100,79.710340,357.858700
825.702,15,-0.752391,1.652161,0.121941,-0.047240,-0.634301,0.074151,-0.768071,9.592295,78.838960,356.861900
825.814,15,-0.696779,1.654745,0.114989,-0.026403,-0.634300,0.068633,-0.769582,7.337067,78.724080,355.828800
825.925,15,-0.635543,1.672270,0.104075,0.011424,-0.629928,0.049515,-0.774990,2.560469,78.092790,354.765600
826.037,15,-0.587485,1.689606,0.092778,0.058264,-0.617980,0.016092,-0.783867,355.902500,76.702870,354.405400
826.148,15,-0.535685,1.697237,0.078883,0.087946,-0.614334,-0.008258,-0.784087,351.485400,76.568690,354.481600
826.260,15,-0.495023,1.706304,0.071052,0.094050,-0.620025,-0.032002,-0.778267,349.276100,77.452940,356.100800
826.372,15,-0.451754,1.711030,0.066149,0.100555,-0.634900,-0.053220,-0.764172,347.216900,79.747160,357.276000
826.483,15,-0.402463,1.712034,0.064451,0.100349,-0.654453,-0.064644,-0.746621,346.440300,82.716630,357.947400
826.595,15,-0.356339,1.711578,0.067867,0.102662,-0.677512,-0.076137,-0.724321,345.410700,86.393520,358.293800
826.706,15,-0.299690,1.710230,0.084642,0.102817,-0.706604,-0.091215,-0.694132,344.238000,91.174190,358.888300
826.818,15,-0.257588,1.718424,0.104179,0.117699,-0.720486,-0.109745,-0.674539,341.522900,93.984630,358.698300
826.929,15,-0.207708,1.730531,0.132426,0.126195,-0.736414,-0.131266,-0.651566,339.036100,97.164410,359.091400
827.042,15,-0.168921,1.735098,0.155087,0.131635,-0.752567,-0.150161,-0.627508,336.969800,100.478400,359.397700
827.153,15,-0.136443,1.735402,0.171799,0.126664,-0.768721,-0.160134,-0.606120,336.437900,103.498000,359.961400
827.265,15,-0.110321,1.736634,0.182016,0.127676,-0.776982,-0.165135,-0.593910,335.903800,105.243000,359.858600
827.375,15,-0.091089,1.736472,0.186110,0.128320,-0.777569,-0.168428,-0.592075,335.551200,105.427100,359.993000
827.486,15,-0.072570,1.736459,0.183631,0.131055,-0.771552,-0.165277,-0.600180,335.647300,104.294300,359.758600
827.598,15,-0.063638,1.735466,0.176205,0.136965,-0.761991,-0.163436,-0.611473,335.381500,102.630000,359.441700
827.708,15,-0.056633,1.737593,0.160036,0.145372,-0.751467,-0.161895,-0.622860,334.886700,100.929100,358.936200
827.820,15,-0.050796,1.738491,0.144725,0.153684,-0.744769,-0.158154,-0.629832,334.585300,99.984270,358.115800
827.931,15,-0.043333,1.737232,0.132050,0.153095,-0.741022,-0.154975,-0.635163,334.902600,99.220290,358.100000
828.042,15,-0.031310,1.729740,0.122889,0.150027,-0.733700,-0.145773,-0.646472,335.928000,97.656540,358.012000
828.153,15,-0.016058,1.699970,0.118072,0.137634,-0.725539,-0.134944,-0.660636,337.810800,95.621460,358.674400
828.264,15,-0.006297,1.643066,0.115440,0.128043,-0.716467,-0.126299,-0.674040,339.292900,93.643230,359.190400
828.374,15,0.002136,1.579578,0.112006,0.120879,-0.711045,-0.111042,-0.683720,341.143100,92.446420,358.785600
828.484,15,0.013504,1.501404,0.104465,0.107189,-0.708657,-0.108488,-0.688873,342.455800,91.644870,359.852700
828.595,15,0.018622,1.431819,0.097183,0.109090,-0.704092,-0.098861,-0.694680,343.095300,90.915790,359.025900
828.706,15,0.022342,1.332109,0.091925,0.113900,-0.701509,-0.097134,-0.696762,342.842300,90.610240,358.534000
828.817,15,0.025150,1.243404,0.090853,0.113307,-0.699876,-0.102334,-0.697755,342.460500,90.320290,359.051000
828.928,15,0.023265,1.143484,0.087694,0.100879,-0.692851,-0.088706,-0.708458,344.582200,88.837220,359.162000
829.038,15,0.019279,1.112094,0.080926,0.105989,-0.687010,-0.085364,-0.713791,344.419100,88.002940,358.586200
829.149,15,0.017782,1.118726,0.072690,0.108752,-0.691783,-0.080611,-0.709303,344.585100,88.857700,357.853400
829.260,15,0.017566,1.125170,0.067889,0.110643,-0.693302,-0.086579,-0.706820,343.950900,89.154460,358.149900
829.371,15,0.017489,1.116023,0.064389,0.107503,-0.694016,-0.084351,-0.706873,344.391400,89.192780,358.217000
829.482,15,0.014925,1.109187,0.062141,0.106978,-0.696219,-0.078204,-0.705492,344.939500,89.544880,357.708200
829.593,15,0.012506,1.111424,0.062069,0.109217,-0.698681,-0.082990,-0.702160,344.374800,90.009930,357.853400
829.705,15,0.013375,1.109571,0.064149,0.109198,-0.696184,-0.083334,-0.704598,344.340900,89.594960,357.940200
829.816,15,0.015673,1.104853,0.065636,0.107819,-0.694105,-0.080724,-0.707161,344.659600,89.216480,357.890100
829.927,15,0.023173,1.114116,0.065471,0.105743,-0.697163,-0.077676,-0.704804,345.086500,89.670040,357.749500
830.038,15,0.039432,1.175716,0.066147,0.101360,-0.699253,-0.082252,-0.702856,345.077500,89.908450,358.450400
830.149,15,0.058848,1.291155,0.067149,0.081205,-0.704201,-0.080241,-0.700763,346.890000,90.293340,359.887600
830.260,15,0.064844,1.389635,0.069069,0.071971,-0.707689,-0.080059,-0.698274,347.653400,90.704290,0.583068
830.372,15,0.064729,1.480541,0.070183,0.074578,-0.707255,-0.080777,-0.698358,347.383500,90.677710,0.430409
830.483,15,0.061709,1.563440,0.068639,0.079554,-0.705460,-0.077297,-0.700016,347.265300,90.470250,359.763500
830.595,15,0.056458,1.628949,0.066655,0.092972,-0.702615,-0.075366,-0.701434,346.329800,90.272510,358.530500
830.707,15,0.044159,1.700005,0.065127,0.112885,-0.696955,-0.076298,-0.704052,344.614800,89.820470,357.032300
830.818,15,0.028707,1.740748,0.064755,0.124577,-0.694095,-0.078260,-0.704691,343.488000,89.675670,356.254100
830.929,15,0.001232,1.767902,0.066548,0.133425,-0.690704,-0.078086,-0.706420,342.759900,89.384950,355.556700
831.041,15,-0.023520,1.774045,0.068671,0.142203,-0.690231,-0.084273,-0.704455,341.537300,89.594210,355.309000
831.152,15,-0.045657,1.771130,0.069644,0.144878,-0.695382,-0.087344,-0.698445,341.103900,90.550530,355.181000
831.263,15,-0.066948,1.763547,0.069213,0.146438,-0.701809,-0.090103,-0.691304,340.795700,91.696590,355.081700
831.374,15,-0.089150,1.754885,0.068712,0.143752,-0.704322,-0.085006,-0.689956,341.451400,92.023080,354.844400
831.485,15,-0.111655,1.741139,0.071114,0.148721,-0.707350,-0.079744,-0.686425,341.519300,92.714900,353.891800
831.596,15,-0.127854,1.723062,0.077066,0.154037,-0.713124,-0.073426,-0.679952,341.687500,93.898570,352.747800
831.707,15,-0.139269,1.704824,0.087274,0.148827,-0.721986,-0.068891,-0.672191,342.569000,95.221530,352.636000
831.818,15,-0.141275,1.701205,0.088980,0.136398,-0.716470,-0.068999,-0.680666,343.467800,93.819900,353.921100
831.928,15,-0.142276,1.699423,0.071411,0.132381,-0.695145,-0.058219,-0.704173,344.491600,90.089260,353.920300
832.040,15,-0.140819,1.699823,0.033846,0.144969,-0.668021,-0.053575,-0.727917,343.582900,86.086640,353.072900
832.151,15,-0.134606,1.697221,-0.022491,0.148699,-0.640360,-0.049652,-0.751906,343.309200,81.858280,353.057900
832.262,15,-0.121894,1.692530,-0.092733,0.140258,-0.609170,-0.052938,-0.778741,343.563900,76.833130,354.709800
832.373,15,-0.107640,1.689424,-0.165897,0.120935,-0.587055,-0.042459,-0.799336,345.925300,73.130460,355.617900
832.484,15,-0.096558,1.697881,-0.227535,0.119699,-0.569020,-0.027602,-0.813097,346.934500,70.586580,354.619800
832.595,15,-0.091222,1.702739,-0.269530,0.111055,-0.549293,-0.020294,-0.827969,348.100600,67.662940,354.816900
832.706,15,-0.092890,1.701704,-0.311724,0.109400,-0.512825,-0.009620,-0.851440,348.687400,62.677220,354.391900
832.816,15,-0.095998,1.702317,-0.336576,0.112659,-0.489277,-0.004447,-0.864810,348.509300,59.604080,353.993000
832.927,15,-0.102568,1.705177,-0.358294,0.109894,-0.455909,0.010991,-0.883148,349.392400,55.258200,353.009900
833.038,15,-0.111878,1.705405,-0.369573,0.107835,-0.418657,0.016858,-0.901562,349.611400,50.458870,352.952000
833.149,15,-0.131573,1.705906,-0.380758,0.111534,-0.357117,0.028057,-0.926952,349.237700,42.865920,352.297200
833.261,15,-0.157813,1.706257,-0.392019,0.116080,-0.306444,0.034986,-0.944137,348.594700,36.769120,351.953800
833.373,15,-0.193648,1.706734,-0.408519,0.116667,-0.255997,0.040018,-0.958777,348.274400,30.722940,351.988200
833.484,15,-0.234462,1.708914,-0.432060,0.109033,-0.211185,0.035927,-0.970681,348.667800,25.222150,353.217400
833.596,15,-0.266443,1.708042,-0.456339,0.101343,-0.181774,0.028658,-0.977684,349.178800,21.579020,354.573900
833.706,15,-0.298873,1.706195,-0.488997,0.085392,-0.165289,0.026176,-0.982193,350.845900,19.475700,355.372500
833.816,15,-0.317833,1.706234,-0.514834,0.073897,-0.165409,0.020080,-0.983248,352.028700,19.356540,356.298600
833.927,15,-0.335482,1.707761,-0.550418,0.073999,-0.169335,0.014332,-0.982672,351.918600,19.772200,356.918100
834.039,15,-0.343287,1.709349,-0.577597,0.077687,-0.165638,0.007853,-0.983091,351.364700,19.307730,357.613000
834.150,15,-0.344993,1.709406,-0.615331,0.082729,-0.151218,0.004136,-0.985024,350.692700,17.612280,358.073900
834.261,15,-0.336409,1.708888,-0.652404,0.085486,-0.145084,0.003896,-0.985712,350.363400,16.905280,358.111700
834.372,15,-0.319261,1.705719,-0.693511,0.088586,-0.143905,-0.000083,-0.985619,349.941900,16.743290,358.525800
834.483,15,-0.298270,1.704113,-0.733451,0.080559,-0.143897,0.000161,-0.986308,350.859000,16.710140,358.636000
834.594,15,-0.282727,1.702204,-0.760133,0.080356,-0.145316,-0.003025,-0.986112,350.830300,16.846800,358.990800
834.705,15,-0.269283,1.700460,-0.780827,0.070392,-0.141636,0.003689,-0.987406,352.069800,16.435080,358.424900
834.816,15,-0.263753,1.697944,-0.790461,0.065346,-0.140933,0.001535,-0.987859,352.607100,16.318680,358.760600
834.927,15,-0.257356,1.693394,-0.791394,0.064625,-0.144361,-0.000189,-0.987413,352.664600,16.703340,358.943600
835.038,15,-0.248055,1.695210,-0.776024,0.067792,-0.148226,0.000274,-0.986627,352.317200,17.168030,358.806800
835.149,15,-0.227576,1.693016,-0.731415,0.064884,-0.152215,-0.001497,-0.986214,352.620900,17.610510,359.029400
835.260,15,-0.204540,1.688131,-0.675031,0.068472,-0.160836,-0.007689,-0.984573,352.108100,18.582830,359.601700
835.372,15,-0.184983,1.683774,-0.608450,0.075715,-0.173179,-0.006713,-0.981953,351.313800,20.061260,359.244100
835.483,15,-0.171631,1.695724,-0.539912,0.073487,-0.205243,-0.004732,-0.975937,351.640700,23.841480,358.787900
835.595,15,-0.166931,1.703562,-0.484304,0.079118,-0.235651,-0.002017,-0.968610,351.128400,27.497650,358.063900
835.706,15,-0.162211,1.704414,-0.423623,0.073609,-0.269437,-0.010167,-0.960147,351.556800,31.436520,358.833200
835.817,15,-0.155900,1.705607,-0.389027,0.065226,-0.290863,-0.006409,-0.954517,352.631700,33.989930,358.514600
835.928,15,-0.142593,1.705735,-0.360806,0.063753,-0.311934,-0.005848,-0.947945,352.847200,36.532510,358.343300
836.039,15,-0.123376,1.707705,-0.345746,0.069632,-0.315222,-0.002670,-0.946456,352.328600,36.991870,357.753700
836.150,15,-0.086039,1.705990,-0.328186,0.074471,-0.308254,0.011572,-0.948314,352.292900,36.278580,356.073500
836.262,15,-0.044289,1.706286,-0.314344,0.091504,-0.294125,0.019774,-0.951171,350.651500,34.800840,354.682500
836.373,15,0.007026,1.702986,-0.296484,0.097743,-0.269976,0.030199,-0.957417,350.162500,32.050430,353.554700
836.484,15,0.069130,1.700141,-0.276309,0.098981,-0.240420,0.034103,-0.965007,349.942500,28.562200,353.385800
836.595,15,0.128321,1.704184,-0.259701,0.096723,-0.208200,0.033168,-0.972727,349.958600,24.699580,353.890400
836.707,15,0.198871,1.706587,-0.237809,0.096217,-0.171623,0.030550,-0.979977,349.741100,20.353610,354.582600
836.818,15,0.242456,1.706562,-0.217413,0.087878,-0.148969,0.035541,-0.984288,350.653500,17.669900,354.408100
836.929,15,0.283068,1.710114,-0.180650,0.085221,-0.116933,0.026228,-0.989129,350.650600,13.825640,355.826200
837.040,15,0.312159,1.708555,-0.131732,0.089252,-0.082707,0.023546,-0.992290,350.024100,9.841643,356.420300
837.151,15,0.334089,1.700189,-0.073414,0.090529,-0.069651,0.023417,-0.993179,349.830400,8.329647,356.556200
837.263,15,0.339111,1.694281,-0.015366,0.087763,-0.093427,0.013681,-0.991656,350.124700,10.983050,357.467400
837.374,15,0.333951,1.714128,0.042452,0.104801,-0.108904,-0.017887,-0.988351,347.815700,12.497440,0.734544
837.485,15,0.327774,1.715226,0.092956,0.111958,-0.085394,-0.028460,-0.989628,346.911700,9.612391,2.189233
837.596,15,0.325816,1.714939,0.127968,0.092546,-0.049452,-0.032137,-0.993960,349.213300,5.394877,3.193972
837.707,15,0.331128,1.717087,0.156946,0.094732,0.028013,-0.033185,-0.994555,349.247200,356.381300,4.162759
837.818,15,0.344354,1.716256,0.171983,0.093755,0.110870,-0.025245,-0.989081,349.638200,346.834300,4.123159
837.928,15,0.374903,1.712405,0.177796,0.081620,0.271957,-0.011900,-0.958768,351.370900,328.033500,3.898097
838.039,15,0.411546,1.708836,0.175365,0.066576,0.410785,-0.003241,-0.909293,353.199600,311.168700,3.498415
838.150,15,0.469599,1.701567,0.178579,0.058834,0.525214,0.011582,-0.848855,353.566500,296.370500,2.430350
838.261,15,0.516755,1.693939,0.187363,0.046378,0.573538,0.018582,-0.817654,354.424500,289.841100,1.313360
838.370,15,0.552154,1.696030,0.194659,0.045015,0.607193,0.024223,-0.792909,354.214700,285.064500,0.935963
838.481,15,0.580900,1.697875,0.202079,0.049844,0.632808,0.029168,-0.772152,353.460400,281.268700,1.040373
838.592,15,0.600917,1.697609,0.211264,0.052193,0.646165,0.033746,-0.760663,352.934000,279.248400,0.930197
838.705,15,0.613780,1.698336,0.217883,0.049450,0.656304,0.034055,-0.752104,353.160800,277.735400,0.789625
838.816,15,0.621465,1.696964,0.222824,0.045308,0.659060,0.038421,-0.749741,353.189700,277.358500,0.121802
838.928,15,0.626409,1.694328,0.230369,0.044613,0.649159,0.038591,-0.758362,353.236700,278.875000,359.964800
839.039,15,0.624323,1.694043,0.236158,0.040538,0.648137,0.041050,-0.759335,353.409300,279.067100,359.435100
839.150,15,0.615102,1.692890,0.244472,0.036060,0.649976,0.038622,-0.758116,353.979700,278.818700,359.326800
839.261,15,0.599625,1.692989,0.254296,0.031100,0.655416,0.039935,-0.753570,354.305700,278.025500,358.881700
839.372,15,0.574280,1.693540,0.267331,0.020991,0.670068,0.049782,-0.740331,354.387800,275.832600,357.375000
839.483,15,0.535949,1.690674,0.286106,0.005820,0.690549,0.064313,-0.720398,354.421600,272.661600,355.122500
839.594,15,0.493694,1.684286,0.303942,-0.002089,0.689465,0.058293,-0.721966,355.562800,272.832400,354.991000
839.705,15,0.434095,1.687638,0.323128,0.002556,0.674208,0.036305,-0.737644,356.977700,275.221200,357.123400
839.817,15,0.391064,1.696404,0.336161,0.016657,0.662441,0.024914,-0.748514,356.678200,277.007100,359.126000
839.928,15,0.337839,1.699998,0.350983,0.027256,0.652938,0.018194,-0.756702,356.272700,278.404800,0.462744
840.039,15,0.299622,1.697615,0.360272,0.021670,0.657086,0.012081,-0.753407,357.218400,277.798800,0.589431
840.150,15,0.252890,1.697684,0.376614,0.019461,0.673622,0.007673,-0.738780,357.759600,275.266000,0.853276
840.261,15,0.205381,1.696606,0.399888,0.014701,0.697597,0.009660,-0.716274,358.020800,271.507000,0.382475
840.372,15,0.154027,1.691181,0.433012,0.003429,0.727652,0.011338,-0.685844,358.785100,266.618000,359.394700
840.484,15,0.113776,1.683898,0.477074,-0.010732,0.751156,0.020784,-0.659711,359.022300,262.604500,357.503900
840.595,15,0.087702,1.682895,0.521636,-0.004144,0.773991,0.019613,-0.632879,358.560800,258.567000,358.209200
840.706,15,0.048485,1.692584,0.570075,-0.011067,0.802113,0.039493,-0.595762,357.124300,253.299000,356.279300
840.818,15,0.016291,1.696223,0.592910,-0.005795,0.826874,0.042473,-0.560751,356.345500,248.391800,356.713200
840.928,15,-0.019751,1.700148,0.602310,-0.010526,0.861257,0.031247,-0.507099,357.527000,241.040000,357.141600
841.040,15,-0.044450,1.704016,0.595413,-0.008101,0.881308,0.029166,-0.471572,357.491500,236.353400,357.602900
841.150,15,-0.062126,1.706252,0.568634,-0.001239,0.900183,0.029374,-0.434519,357.030300,231.574500,358.407200
841.261,15,-0.068284,1.706320,0.518235,0.011216,0.923104,0.025979,-0.383509,356.757400,225.120200,0.044785
841.372,15,-0.064551,1.701555,0.443897,0.025065,0.946305,0.026339,-0.321225,356.218400,217.441900,1.752502
841.484,15,-0.050833,1.689352,0.344727,0.040344,0.963791,0.024437,-0.262455,356.084800,210.338700,3.732095
841.595,15,-0.041805,1.679714,0.239126,0.047642,0.972375,0.027837,-0.226809,355.655900,206.084500,4.603254
841.707,15,-0.047555,1.683804,0.083249,0.037659,0.974830,0.042929,-0.215514,354.264900,204.774200,3.164048
841.818,15,-0.056439,1.693158,-0.024348,0.036015,0.979003,0.036469,-0.197295,355.088500,202.649500,3.229412
841.929,15,-0.069320,1.706818,-0.123908,0.018738,0.986536,0.033713,-0.158932,355.843900,198.248800,1.508499
842.041,15,-0.084538,1.707966,-0.191054,0.015728,0.992072,0.041370,-0.117617,355.078900,193.469400,1.235014
842.151,15,-0.105748,1.705220,-0.247867,0.006515,0.997994,0.045418,-0.043619,354.766100,184.981400,0.520218
842.262,15,-0.134911,1.693494,-0.296443,-0.002277,0.994938,0.058911,0.081380,353.246600,170.630700,0.291818
842.373,15,-0.169108,1.683449,-0.335614,-0.014058,0.967079,0.046560,0.249786,354.429100,151.046300,359.773700
842.484,15,-0.192732,1.698783,-0.363771,-0.027964,0.924871,0.042513,0.376860,354.277200,135.717500,358.866500
842.595,15,-0.205981,1.704877,-0.376284,-0.030345,0.879734,0.041957,0.472639,354.116500,123.546600,359.209100
842.706,15,-0.222143,1.705266,-0.386574,-0.044300,0.822656,0.039518,0.565431,353.389600,111.090600,358.373400
842.818,15,-0.233906,1.704696,-0.395231,-0.054114,0.786937,0.040967,0.613289,352.481100,104.271500,357.981500
842.928,15,-0.252650,1.704733,-0.411440,-0.066345,0.735425,0.030213,0.673673,352.309200,95.239830,356.709800
843.039,15,-0.274854,1.707370,-0.431016,-0.079340,0.691735,0.026216,0.717301,351.367900,88.237120,355.814700
843.149,15,-0.309932,1.718914,-0.450447,-0.117059,0.648426,0.029652,0.751640,347.618100,82.251870,353.697000
843.260,15,-0.346054,1.725900,-0.455852,-0.133829,0.623380,0.049665,0.768779,344.473100,78.810360,354.611000
843.372,15,-0.380444,1.728952,-0.453044,-0.151642,0.596907,0.070102,0.784725,341.235300,75.228430,355.698900
843.484,15,-0.409082,1.730332,-0.441411,-0.166031,0.575524,0.081546,0.796591,338.999200,72.391780,356.241900
843.596,15,-0.431876,1.730947,-0.424653,-0.170490,0.563977,0.088602,0.803127,338.050500,70.754270,356.910600
843.708,15,-0.460108,1.729538,-0.398526,-0.174365,0.551945,0.096071,0.809768,337.142400,69.021230,357.705700
843.819,15,-0.477328,1.726738,-0.378152,-0.171876,0.546648,0.105878,0.812665,336.727100,68.057590,359.013000
843.930,15,-0.492147,1.732014,-0.357319,-0.165421,0.530587,0.102953,0.824933,337.531700,65.567310,359.647700
844.041,15,-0.496581,1.735460,-0.346553,-0.172966,0.505806,0.102521,0.838887,336.802000,62.213630,359.815100
844.152,15,-0.485989,1.737795,-0.340760,-0.179661,0.487169,0.105754,0.848059,335.935400,59.692760,0.271092
844.264,15,-0.458708,1.737156,-0.337990,-0.188772,0.471617,0.113273,0.853881,334.581900,57.605510,0.976116
844.375,15,-0.432051,1.733871,-0.339593,-0.191574,0.449395,0.119371,0.864346,333.994200,54.438800,2.178969
844.485,15,-0.405800,1.743345,-0.336542,-0.188740,0.425071,0.107213,0.878748,334.985000,51.235850,1.768782
844.596,15,-0.398161,1.762549,-0.327345,-0.193164,0.416192,0.110350,0.881644,334.376400,50.052060,2.147838
844.708,15,-0.401115,1.792224,-0.310329,-0.196417,0.419596,0.105694,0.879880,334.256500,50.683240,1.346376
844.819,15,-0.407480,1.822427,-0.297836,-0.204999,0.421128,0.108105,0.876892,333.219400,51.046590,1.086778
844.929,15,-0.415410,1.822947,-0.287947,-0.201555,0.424084,0.099728,0.877259,334.009800,51.540830,0.256454
845.041,15,-0.419992,1.818680,-0.284063,-0.207457,0.419598,0.098885,0.878135,333.427200,51.086090,359.972600
845.152,15,-0.420333,1.819679,-0.280924,-0.208535,0.417876,0.103818,0.878131,333.063200,50.772880,0.517220
845.263,15,-0.419614,1.820498,-0.278373,-0.210779,0.414113,0.101849,0.879608,332.924800,50.350140,0.296145
845.374,15,-0.418714,1.823211,-0.275418,-0.210540,0.412954,0.101918,0.880202,332.947300,50.182430,0.355798
845.485,15,-0.416579,1.824514,-0.271945,-0.206160,0.407539,0.100123,0.883960,333.507400,49.367820,0.574382
845.596,15,-0.414311,1.819847,-0.271106,-0.201912,0.408170,0.097402,0.884953,334.095100,49.410680,0.481813
845.707,15,-0.412026,1.797787,-0.271397,-0.199880,0.403419,0.098847,0.887429,334.245800,48.686390,0.901428
845.818,15,-0.409157,1.748556,-0.271192,-0.207943,0.393276,0.102480,0.889714,333.216100,47.406000,1.206531
845.928,15,-0.401126,1.646717,-0.267361,-0.199350,0.387215,0.095348,0.895116,334.486500,46.550870,1.035666
846.040,15,-0.394514,1.566612,-0.262692,-0.198590,0.388012,0.092071,0.895283,334.720300,46.710740,0.681064
846.150,15,-0.386596,1.464712,-0.253403,-0.187028,0.382515,0.091931,0.900140,335.981500,45.746980,1.406509
846.261,15,-0.383610,1.363459,-0.249198,-0.186403,0.376616,0.086040,0.903333,336.323200,45.067040,0.941057
846.372,15,-0.387668,1.254021,-0.251066,-0.185617,0.374113,0.091093,0.904040,336.186000,44.620850,1.617316
846.483,15,-0.394697,1.163773,-0.257202,-0.184288,0.370550,0.087544,0.906127,336.493400,44.196060,1.379422
846.594,15,-0.397747,1.139580,-0.260581,-0.182644,0.373146,0.078225,0.906247,337.081500,44.689670,0.340676
846.705,15,-0.401943,1.153076,-0.262307,-0.179434,0.371108,0.073508,0.908118,337.638200,44.451260,0.020348
846.815,15,-0.407376,1.151642,-0.267504,-0.184513,0.369441,0.078805,0.907336,336.855100,44.224320,0.415707
846.927,15,-0.412187,1.136178,-0.276012,-0.190875,0.371840,0.077431,0.905155,336.226200,44.689350,359.888800
847.039,15,-0.413776,1.136011,-0.280438,-0.189998,0.377554,0.076826,0.903024,336.349500,45.441420,359.704900
847.151,15,-0.414896,1.141776,-0.282201,-0.189956,0.372490,0.075251,0.905265,336.422900,44.800150,359.670600
847.262,15,-0.414928,1.137498,-0.283017,-0.190785,0.369607,0.075262,0.906271,336.331800,44.435010,359.711200
847.373,15,-0.414323,1.130491,-0.282812,-0.190502,0.375321,0.078628,0.903693,336.213400,45.119870,359.944400
847.484,15,-0.412792,1.128748,-0.281991,-0.183740,0.370453,0.078661,0.907092,336.944800,44.346420,0.409164
847.595,15,-0.409424,1.128608,-0.282071,-0.181826,0.368141,0.075166,0.908714,337.306600,44.073930,0.169725
847.706,15,-0.404616,1.126139,-0.282511,-0.179699,0.375791,0.074840,0.906029,337.550200,45.047260,0.034494
847.818,15,-0.401580,1.125592,-0.283586,-0.179593,0.375214,0.075094,0.906268,337.550400,44.964680,0.083054
847.928,15,-0.398325,1.126096,-0.286410,-0.178242,0.377800,0.075065,0.905463,337.697200,45.280830,0.077926
848.040,15,-0.396413,1.126215,-0.288007,-0.175875,0.382649,0.073365,0.904027,338.029100,45.906520,359.879500
848.151,15,-0.395852,1.123567,-0.289680,-0.173627,0.378428,0.071872,0.906355,338.337900,45.337060,359.930500
848.262,15,-0.395843,1.119744,-0.292816,-0.172406,0.378840,0.069823,0.906577,338.561500,45.405010,359.752000
848.373,15,-0.396012,1.118817,-0.295187,-0.174379,0.378351,0.066431,0.906659,338.501800,45.436140,359.292200
848.484,15,-0.396540,1.119037,-0.295510,-0.175643,0.377934,0.066108,0.906612,338.380000,45.410780,359.205200
848.595,15,-0.396678,1.118244,-0.294004,-0.174391,0.377425,0.067449,0.906967,338.454100,45.297210,359.427600
848.707,15,-0.396482,1.117259,-0.291479,-0.170831,0.376890,0.065935,0.907978,338.904600,45.188740,359.445200
848.817,15,-0.396165,1.116987,-0.289874,-0.169842,0.376244,0.065832,0.908438,339.015300,45.088470,359.497100
848.927,15,-0.395080,1.115783,-0.287912,-0.165749,0.377372,0.064976,0.908788,339.494300,45.178540,359.571800
849.039,15,-0.392909,1.114065,-0.286317,-0.160263,0.378724,0.061833,0.909429,340.224700,45.312440,359.456600
849.149,15,-0.388562,1.111306,-0.283212,-0.145236,0.380064,0.053866,0.911897,342.192100,45.365770,359.268400
849.261,15,-0.384356,1.108449,-0.280911,-0.130811,0.380559,0.048917,0.914150,343.955000,45.288840,359.396100
849.371,15,-0.381852,1.107422,-0.281501,-0.127035,0.382371,0.045095,0.914123,344.529800,45.517110,359.125800
849.482,15,-0.381892,1.108064,-0.285296,-0.135082,0.384292,0.045436,0.912145,343.659200,45.871370,358.750000
849.593,15,-0.382446,1.108888,-0.288976,-0.142857,0.384409,0.046302,0.910866,342.791700,45.993280,358.471500
849.706,15,-0.381450,1.109516,-0.291299,-0.148346,0.383623,0.048882,0.910185,342.088400,45.944440,358.504400
849.817,15,-0.379362,1.109198,-0.292125,-0.150615,0.383641,0.048580,0.909821,341.860000,45.988520,358.361900
849.928,15,-0.374515,1.109757,-0.289559,-0.148272,0.382916,0.047409,0.910573,342.161700,45.872760,358.361900
850.039,15,-0.369893,1.112213,-0.285993,-0.154357,0.383474,0.050309,0.909170,341.382000,46.005220,358.373100
850.150,15,-0.364736,1.111993,-0.280488,-0.157757,0.384999,0.054462,0.907702,340.832700,46.199690,358.628800
850.262,15,-0.357643,1.147709,-0.271293,-0.147149,0.382153,0.048289,0.911030,342.240500,45.743640,358.527000
850.373,15,-0.349096,1.234690,-0.260053,-0.153212,0.374799,0.046248,0.913189,341.669900,44.925210,358.166000
850.484,15,-0.341336,1.316483,-0.251497,-0.151813,0.372973,0.049210,0.914014,341.685900,44.623470,358.594400
850.595,15,-0.335897,1.371409,-0.245344,-0.151121,0.379195,0.058726,0.911002,341.344300,45.273640,359.539800
850.707,15,-0.330428,1.421281,-0.240992,-0.145330,0.375475,0.059059,0.913460,341.949400,44.701810,359.925300
850.818,15,-0.324280,1.448850,-0.241261,-0.148346,0.378240,0.061235,0.911690,341.529700,45.070540,359.965800
850.929,15,-0.316586,1.468308,-0.245620,-0.146210,0.388394,0.064443,0.907535,341.612700,46.305350,0.204923
851.040,15,-0.315161,1.474472,-0.249084,-0.149612,0.393737,0.066695,0.904511,341.145200,47.018830,0.171764
851.151,15,-0.321050,1.470637,-0.252342,-0.148764,0.394158,0.068309,0.904347,341.160500,47.036710,0.380013
851.262,15,-0.330900,1.466081,-0.257724,-0.146203,0.391358,0.068104,0.905994,341.444400,46.636770,0.542045
851.373,15,-0.342132,1.469486,-0.264988,-0.147087,0.388351,0.068415,0.907121,341.337700,46.254730,0.597452
851.484,15,-0.352646,1.484901,-0.273146,-0.159321,0.386937,0.070740,0.905479,339.924000,46.224770,0.293605
851.595,15,-0.361370,1.505522,-0.278693,-0.162261,0.394314,0.070367,0.901797,339.626100,47.246570,359.935800
851.706,15,-0.374127,1.533371,-0.283338,-0.168949,0.390624,0.074806,0.901817,338.705300,46.806000,0.180320
851.817,15,-0.382514,1.550771,-0.285251,-0.170067,0.380766,0.075232,0.905779,338.569200,45.522300,0.417109
851.928,15,-0.391316,1.568126,-0.285059,-0.172437,0.381343,0.075781,0.905042,338.289200,45.629710,0.348732
852.040,15,-0.397102,1.574156,-0.281749,-0.174808,0.383472,0.084331,0.902929,337.644300,45.798530,1.129000
852.151,15,-0.400715,1.579159,-0.275949,-0.180064,0.375152,0.087963,0.905042,336.925400,44.722640,1.502164
852.262,15,-0.399713,1.581863,-0.269242,-0.180699,0.379324,0.090362,0.902938,336.742000,45.239510,1.627649
852.373,15,-0.397299,1.582741,-0.263503,-0.178541,0.385308,0.084480,0.901401,337.233600,46.104950,0.914311
852.484,15,-0.399143,1.579827,-0.258213,-0.181415,0.394945,0.078377,0.897198,337.204700,47.551270,359.834800
852.595,15,-0.402436,1.574182,-0.254253,-0.188254,0.392004,0.078197,0.897095,336.479900,47.302660,359.544300
852.706,15,-0.404740,1.568675,-0.254935,-0.192534,0.394025,0.070304,0.895954,336.396500,47.814560,358.389800
852.818,15,-0.402659,1.568332,-0.259837,-0.201288,0.390823,0.070281,0.895434,335.454600,47.590200,358.017300
852.928,15,-0.400627,1.574193,-0.266930,-0.202943,0.419933,0.062185,0.882385,335.771600,51.719680,356.183200
853.040,15,-0.402315,1.579381,-0.271674,-0.204971,0.425932,0.058657,0.879277,335.768800,52.657360,355.505800
853.150,15,-0.409144,1.584411,-0.279731,-0.209668,0.420243,0.066289,0.880364,334.856700,51.875960,356.230900
853.262,15,-0.418795,1.586939,-0.293183,-0.208187,0.410387,0.068521,0.885181,334.861600,50.446620,356.861300
853.373,15,-0.435398,1.590176,-0.318031,-0.202926,0.393593,0.067244,0.894083,335.430300,48.062210,357.510900
853.484,15,-0.455764,1.601119,-0.357674,-0.200768,0.368748,0.071820,0.904743,335.401700,44.597640,358.858800
853.597,15,-0.474667,1.615547,-0.404399,-0.185009,0.354669,0.067121,0.914044,337.305100,42.520960,359.470200
853.706,15,-0.497230,1.645488,-0.458552,-0.151150,0.360343,0.059734,0.918553,341.293100,42.831550,0.048795
853.816,15,-0.515970,1.662747,-0.488366,-0.120427,0.368538,0.054027,0.920195,344.843600,43.567910,0.633149
853.927,15,-0.546826,1.669888,-0.533706,-0.084894,0.367394,0.038403,0.925386,349.319200,43.260460,0.507034
854.037,15,-0.569522,1.674569,-0.566216,-0.077988,0.365873,0.034009,0.926768,350.244800,43.056960,0.346985
854.148,15,-0.583777,1.678300,-0.586204,-0.079596,0.366436,0.032048,0.926479,350.155500,43.153750,0.061033
854.260,15,-0.577702,1.676496,-0.577325,-0.073551,0.370194,0.029518,0.925568,350.908700,43.598420,0.010787
854.371,15,-0.542599,1.665827,-0.531751,-0.056809,0.372085,0.022620,0.926183,352.988700,43.775920,359.978400
854.483,15,-0.485925,1.646782,-0.464538,-0.052131,0.379458,0.019349,0.923537,353.628500,44.685350,359.779500
854.594,15,-0.433907,1.632412,-0.400806,-0.056455,0.387439,0.019726,0.919954,353.156500,45.702510,359.570000
854.705,15,-0.379950,1.618244,-0.331445,-0.057451,0.396500,0.021854,0.915975,352.959100,46.832510,359.681200
854.817,15,-0.348161,1.610412,-0.289315,-0.055210,0.400797,0.020015,0.914283,353.281100,47.368630,359.558300
854.927,15,-0.317008,1.606015,-0.248246,-0.055445,0.407272,0.024773,0.911286,353.036900,48.161670,-0.000707
855.039,15,-0.296566,1.604421,-0.225045,-0.059051,0.414721,0.028369,0.907587,352.488900,49.106410,0.145382
855.150,15,-0.270995,1.601929,-0.201502,-0.061113,0.421807,0.030490,0.904110,352.170400,50.008060,0.206847
855.261,15,-0.250083,1.599552,-0.186373,-0.057954,0.425316,0.030084,0.902686,352.517800,50.437550,0.289874
855.372,15,-0.230877,1.597627,-0.173195,-0.055692,0.430409,0.031323,0.900369,352.689300,51.067770,0.488954
855.483,15,-0.212940,1.593341,-0.157378,-0.049562,0.437077,0.029635,0.897568,353.403500,51.895360,0.569513
855.595,15,-0.198935,1.589123,-0.139867,-0.044689,0.437618,0.033689,0.897418,353.702200,51.923810,1.231004
855.706,15,-0.182700,1.581717,-0.114383,-0.040779,0.429315,0.033103,0.901626,354.148100,50.850860,1.421546
855.817,15,-0.171907,1.576840,-0.095206,-0.037674,0.424546,0.035386,0.903930,354.367000,50.225210,1.841798
855.928,15,-0.160899,1.572072,-0.074966,-0.038246,0.422221,0.038326,0.904875,354.169900,49.919400,2.135194
856.040,15,-0.154587,1.567243,-0.060940,-0.035911,0.420383,0.037906,0.905843,354.437600,49.682480,2.215750
856.150,15,-0.148486,1.559284,-0.044731,-0.030389,0.419065,0.039322,0.906595,354.948100,49.500260,2.636930
856.262,15,-0.145688,1.556335,-0.032493,-0.022875,0.415314,0.040679,0.908480,355.678600,49.016130,3.156779
856.373,15,-0.140273,1.556559,-0.024470,-0.020895,0.413887,0.037182,0.909329,356.056100,48.846350,2.891447
856.484,15,-0.134727,1.561148,-0.016673,-0.024902,0.412682,0.035511,0.909842,355.720400,48.701150,2.532679
856.595,15,-0.124745,1.566843,-0.006993,-0.026539,0.409700,0.033170,0.911231,355.667400,48.334370,2.224568
856.707,15,-0.097972,1.569302,0.009991,-0.029879,0.408049,0.021891,0.912208,355.849500,48.167500,0.893522
856.818,15,-0.068727,1.558955,0.026250,-0.033048,0.404978,0.022463,0.913453,355.493600,47.787850,0.820209
856.929,15,-0.037355,1.543615,0.048807,-0.033491,0.411389,0.018517,0.910656,355.627900,48.608560,0.354515
857.040,15,-0.021651,1.536459,0.068292,-0.023274,0.406264,0.020747,0.913224,356.596500,47.933070,1.089641
857.151,15,-0.014379,1.537532,0.080860,-0.013185,0.399758,0.011948,0.916448,358.067700,47.122990,0.651148
857.262,15,-0.012254,1.541645,0.088166,-0.010308,0.396047,0.007327,0.918143,358.582800,46.662830,0.303225
857.373,15,-0.011001,1.544487,0.093686,-0.008295,0.396994,0.007063,0.917756,358.806200,46.779980,0.365483
857.484,15,-0.007782,1.538351,0.101010,-0.002925,0.394174,0.001246,0.919031,359.635700,46.429120,-0.000858
857.595,15,-0.005712,1.530145,0.105988,0.001784,0.393318,-0.005476,0.919385,0.434774,46.321160,359.503500
857.706,15,-0.009085,1.526937,0.105488,0.011375,0.397670,-0.007271,0.917429,1.527391,46.866460,359.753900
857.818,15,-0.016269,1.525081,0.101484,0.020239,0.396567,-0.009175,0.917737,2.546238,46.738630,359.954800
857.928,15,-0.021611,1.515177,0.099617,0.030507,0.394010,-0.005186,0.918585,3.447510,46.457030,0.833037
858.040,15,-0.019820,1.493817,0.101872,0.044628,0.395190,-0.017933,0.917340,5.511878,46.619300,0.136552
858.150,15,-0.015458,1.459431,0.109820,0.068201,0.393007,-0.026882,0.916609,8.404317,46.434090,0.250541
858.261,15,-0.011847,1.434417,0.114902,0.076217,0.401792,-0.028877,0.912097,9.336900,47.589010,0.497600
858.372,15,-0.009563,1.415857,0.119602,0.080604,0.408170,-0.031637,0.908790,9.923316,48.415000,0.482648
858.483,15,-0.007815,1.406181,0.124529,0.083711,0.411288,-0.033350,0.907040,10.328530,48.826850,0.486863
858.594,15,-0.007749,1.401456,0.129933,0.079732,0.409016,-0.039925,0.908160,10.222910,48.453600,359.575400
858.706,15,-0.006389,1.394106,0.138122,0.083247,0.407760,-0.037182,0.908526,10.462210,48.344200,0.019088
858.817,15,-0.003837,1.387945,0.142500,0.088575,0.410461,-0.036718,0.906823,10.998680,48.740890,0.357176
858.928,15,-0.000567,1.382487,0.144713,0.092352,0.413762,-0.035615,0.904988,11.339840,49.209240,0.699009
859.039,15,0.001342,1.380309,0.144119,0.094361,0.418011,-0.035823,0.902818,11.556240,49.773040,0.830726
859.150,15,0.003492,1.379209,0.143886,0.094734,0.420919,-0.032415,0.901555,11.426100,50.178560,1.245384
859.261,15,0.005028,1.378281,0.143555,0.095548,0.422934,-0.033926,0.900470,11.582230,50.434100,1.153547
859.372,15,0.006044,1.376622,0.144408,0.096733,0.420567,-0.033173,0.901480,11.671970,50.149770,1.261262
859.483,15,0.007340,1.374321,0.144569,0.099408,0.419927,-0.035162,0.901412,12.048860,50.081620,1.177465
859.594,15,0.008612,1.373852,0.144306,0.099925,0.421426,-0.034823,0.900668,12.084280,50.283420,1.259499
859.705,15,0.009535,1.373462,0.143544,0.100255,0.421246,-0.035963,0.900671,12.174640,50.254260,1.153799
859.816,15,0.008763,1.372530,0.141198,0.102859,0.421448,-0.038416,0.900181,12.565960,50.289550,1.029465
859.928,15,0.002155,1.383940,0.131306,0.100381,0.419470,-0.041081,0.901266,12.439290,49.981670,0.596311
860.039,15,-0.008553,1.409698,0.115831,0.085415,0.419549,-0.039117,0.902858,10.781150,49.853320,0.060492
860.150,15,-0.031856,1.456141,0.086841,0.058943,0.412874,-0.038626,0.908058,7.986659,48.813770,358.757300
860.261,15,-0.058823,1.492065,0.056238,0.042878,0.406811,-0.037874,0.911719,6.257720,47.985320,358.029800
860.372,15,-0.083983,1.507200,0.029486,0.026925,0.408223,-0.036480,0.911755,4.524327,48.138130,357.439200
860.484,15,-0.113945,1.505679,0.003725,0.024494,0.414739,-0.037924,0.908820,4.357389,48.952720,357.205400
860.595,15,-0.146415,1.504376,-0.022948,0.029291,0.421693,-0.037248,0.905500,4.844988,49.838880,357.540900
860.706,15,-0.191144,1.516421,-0.060769,0.022470,0.426398,-0.038489,0.903437,4.210697,50.425610,357.104200
860.817,15,-0.216618,1.532478,-0.081326,0.013449,0.429717,-0.027422,0.902447,2.742154,50.872510,357.823500
860.927,15,-0.238736,1.555972,-0.102157,0.013146,0.437709,-0.020337,0.898790,2.374652,51.902230,358.563400
861.039,15,-0.252003,1.574856,-0.117900,-0.001429,0.441759,-0.015547,0.896998,0.640159,52.429890,358.329300
861.149,15,-0.262256,1.594992,-0.132112,-0.014053,0.440682,-0.010592,0.897491,359.089600,52.317800,358.200500
861.260,15,-0.271095,1.613106,-0.144366,-0.021005,0.441312,-0.005634,0.897090,358.125300,52.415460,358.357500
861.372,15,-0.282281,1.631702,-0.158230,-0.037439,0.437965,-0.003782,0.898204,356.333900,52.060550,357.726600
861.483,15,-0.297040,1.646667,-0.174367,-0.052412,0.434579,-0.001713,0.899106,354.677700,51.723300,357.200300
861.595,15,-0.311713,1.656627,-0.189626,-0.056772,0.439219,-0.002771,0.896580,354.297300,52.356290,356.840700
861.706,15,-0.333367,1.669652,-0.207085,-0.061219,0.440485,-0.004419,0.895659,353.928400,52.565080,356.434100
861.817,15,-0.349443,1.678245,-0.217379,-0.065415,0.439101,-0.003584,0.896046,353.449300,52.424730,356.313800
861.928,15,-0.373358,1.684840,-0.216531,-0.067345,0.458652,0.006293,0.886038,352.812700,54.919810,357.075200
862.040,15,-0.395058,1.684366,-0.199914,-0.053476,0.469491,0.018384,0.881125,353.598200,56.157630,358.972700
862.150,15,-0.429180,1.683846,-0.168081,-0.048738,0.459770,0.040325,0.885782,352.910300,54.768360,1.537192
862.262,15,-0.463213,1.680334,-0.137364,-0.035996,0.443014,0.061792,0.893658,353.160700,52.466800,4.537518
862.372,15,-0.496702,1.674081,-0.110913,-0.026432,0.424722,0.086045,0.900838,353.066800,50.019760,7.674677
862.484,15,-0.526306,1.668478,-0.089147,-0.022789,0.397244,0.107807,0.911074,352.693500,46.452940,10.357800
862.595,15,-0.546203,1.662131,-0.073632,-0.022136,0.372291,0.124730,0.919430,352.323600,43.252060,12.404040
862.706,15,-0.555698,1.653731,-0.061897,-0.014558,0.340726,0.135007,0.930305,353.160600,39.386050,14.063870
862.818,15,-0.546117,1.654640,-0.065540,-0.018099,0.331289,0.130710,0.934256,353.083400,38.227820,13.529340
862.928,15,-0.518839,1.664283,-0.092193,-0.026312,0.344545,0.115549,0.931260,352.609600,39.863850,11.462760
863.040,15,-0.489753,1.673221,-0.127316,-0.034647,0.347557,0.089738,0.932712,352.703200,40.343180,8.307488
863.150,15,-0.445686,1.682635,-0.189671,-0.046201,0.343378,0.060213,0.936126,352.654500,39.986000,4.684922
863.262,15,-0.400015,1.689165,-0.252971,-0.058473,0.321451,0.042487,0.944164,352.083500,37.432620,2.467151
863.373,15,-0.348082,1.693662,-0.316237,-0.063611,0.297767,0.019970,0.952307,352.354200,34.726240,0.008792
863.484,15,-0.295960,1.697117,-0.376060,-0.071811,0.289111,0.001152,0.954598,352.081400,33.856600,357.724600
863.595,15,-0.255479,1.698311,-0.423173,-0.077072,0.283348,-0.009127,0.955872,351.826600,33.275750,356.459600
863.706,15,-0.208647,1.698731,-0.474728,-0.081605,0.269687,-0.023563,0.959195,351.729900,31.781860,354.827400
863.817,15,-0.169504,1.697394,-0.507915,-0.088792,0.263915,-0.042833,0.959495,351.501600,31.316380,352.501800
863.928,15,-0.117663,1.690800,-0.549840,-0.091102,0.258674,-0.072396,0.958930,352.110300,30.941210,349.178200
864.040,15,-0.079393,1.682129,-0.581875,-0.096588,0.262133,-0.105779,0.954342,352.594000,31.677900,345.246600
864.150,15,-0.039332,1.668260,-0.619394,-0.107318,0.278376,-0.129590,0.945619,352.483400,33.993260,342.092700
864.262,15,-0.015371,1.653383,-0.643538,-0.110026,0.295455,-0.151855,0.936772,353.315300,36.226600,339.395600
864.373,15,-0.016722,1.648265,-0.650154,-0.096928,0.304089,-0.158389,0.934370,355.135200,36.951140,339.131700
864.484,15,-0.049023,1.661864,-0.637259,-0.092535,0.291498,-0.133428,0.942690,354.452200,35.238390,342.124600
864.595,15,-0.093565,1.676580,-0.608727,-0.091678,0.267988,-0.089325,0.954881,352.691700,32.174410,347.201300
864.706,15,-0.156035,1.684703,-0.553781,-0.068514,0.231048,-0.043928,0.969533,353.537400,27.189770,353.247200
864.817,15,-0.199070,1.683646,-0.502992,-0.047935,0.219046,-0.022840,0.974269,355.216100,25.499870,356.231000
864.928,15,-0.239412,1.676797,-0.427835,-0.032720,0.223417,-0.011217,0.974109,356.632900,25.896910,357.906200
865.039,15,-0.253381,1.666477,-0.370076,-0.027481,0.238618,-0.008936,0.970684,357.186400,27.664610,358.252200
865.150,15,-0.251974,1.655088,-0.309925,-0.030487,0.267382,-0.014598,0.962998,357.081700,31.100210,357.450900
865.261,15,-0.241642,1.643527,-0.267478,-0.036759,0.291952,-0.015476,0.955601,356.490300,34.067420,357.068800
865.372,15,-0.232493,1.629653,-0.233255,-0.039696,0.303463,-0.015372,0.951892,356.201800,35.466160,356.934600
865.483,15,-0.223979,1.612381,-0.204484,-0.041298,0.310848,-0.016215,0.949424,356.081500,36.368630,356.755500
865.594,15,-0.218587,1.596711,-0.183479,-0.038813,0.317721,-0.015655,0.947260,356.354500,37.183300,356.879800
865.705,15,-0.215078,1.581073,-0.164535,-0.036653,0.329297,-0.014738,0.943400,356.591700,38.572150,357.017000
865.817,15,-0.215225,1.574620,-0.155981,-0.032247,0.336922,-0.015224,0.940857,357.109800,39.477920,357.108800
865.927,15,-0.220342,1.574975,-0.151860,-0.029145,0.342956,-0.012912,0.938810,357.371100,40.193700,357.462000
866.039,15,-0.231043,1.586983,-0.156536,-0.026619,0.350560,-0.010444,0.936104,357.563400,41.107350,357.807800
866.150,15,-0.261069,1.621914,-0.178314,-0.030809,0.365814,-0.004117,0.930169,356.887200,42.984180,358.266800
866.261,15,-0.297281,1.654361,-0.208121,-0.033777,0.385239,-0.005329,0.922183,356.664000,45.405070,357.941900
866.372,15,-0.330203,1.672816,-0.237922,-0.020690,0.404650,-0.010207,0.914181,358.305600,47.781960,357.970100
866.483,16,-0.352271,1.680591,-0.260904,-0.016530,0.418170,-0.010512,0.908158,358.783400,49.468360,358.113200
866.595,16,-0.361945,1.680963,-0.273337,-0.006268,0.425060,-0.021212,0.904895,0.383263,50.313750,357.494400
866.706,16,-0.360175,1.669335,-0.279098,0.038933,0.447307,-0.059219,0.891568,7.030725,53.035350,355.911300
866.817,16,-0.349693,1.649034,-0.278587,0.096366,0.488644,-0.101453,0.861190,15.374470,58.494370,355.207200
866.927,16,-0.330600,1.618442,-0.275117,0.172884,0.541204,-0.144369,0.810165,25.874060,66.802190,357.018800
867.038,16,-0.321614,1.601101,-0.273925,0.215172,0.561124,-0.163169,0.782443,31.321200,71.031250,359.070100
867.148,16,-0.314462,1.594085,-0.276847,0.223382,0.587000,-0.176274,0.757931,33.063050,75.413330,359.661100
867.259,16,-0.309066,1.595361,-0.279046,0.216808,0.607107,-0.178004,0.743459,32.582290,78.441670,359.903100
867.370,16,-0.292330,1.606202,-0.297747,0.195232,0.690681,-0.155663,0.678685,28.687310,91.980120,3.816642
867.482,16,-0.279135,1.619869,-0.331377,0.179744,0.814706,-0.114181,0.539360,22.330050,115.080700,10.571650
867.594,16,-0.266647,1.629494,-0.347919,0.172520,0.865349,-0.077488,0.464116,17.112350,125.661400,13.718500
867.706,16,-0.243845,1.638156,-0.350928,0.123288,0.856026,-0.080561,0.495509,15.076330,120.906600,7.811655
867.817,16,-0.223621,1.674952,-0.329275,0.017037,0.778166,-0.031763,0.627023,4.059910,102.251200,359.235000
867.928,16,-0.229572,1.715787,-0.269321,-0.113160,0.449331,-0.006715,0.886144,348.783400,54.429550,353.349900
868.041,16,-0.259614,1.721722,-0.243776,-0.131383,0.076380,-0.004786,0.988373,344.990500,9.068661,358.248000
868.152,16,-0.266704,1.716690,-0.245949,-0.123807,-0.122457,-0.016142,0.984589,345.655500,345.831500,359.913400
868.263,16,-0.249176,1.716574,-0.249985,-0.131308,-0.149697,-0.011596,0.979905,344.881800,342.497800,0.984487
868.375,16,-0.224793,1.732180,-0.251875,-0.213180,-0.100032,-0.002723,0.971875,335.486100,347.735500,2.353077
868.487,16,-0.192823,1.757818,-0.270804,-0.385275,0.078956,0.047167,0.918207,314.359000,8.940164,2.113137
868.598,16,-0.185147,1.761513,-0.273678,-0.434312,0.182974,0.097556,0.876571,307.144900,23.010760,1.147562
868.709,16,-0.179941,1.761290,-0.252735,-0.428298,0.308302,0.158208,0.834555,305.666300,40.551750,-0.002249
868.820,16,-0.164783,1.755326,-0.222092,-0.366844,0.509515,0.176660,0.758031,312.593000,71.777180,350.989300
868.931,16,-0.153278,1.738374,-0.195604,-0.262718,0.772712,0.157306,0.556013,327.638900,113.159400,344.123200
869.043,16,-0.161340,1.719732,-0.159273,-0.171939,0.931206,0.144390,0.287132,338.429100,148.557700,345.216100
869.153,16,-0.175403,1.705804,-0.123013,-0.093096,0.986179,0.104346,0.088861,347.152700,170.802500,350.252200
869.263,16,-0.204939,1.685073,-0.093512,-0.039947,0.995324,0.013401,-0.086923,358.869300,190.028500,355.304100
869.372,16,-0.243661,1.653115,-0.077655,-0.042739,0.974966,-0.105024,-0.191273,12.775930,201.915100,357.463400
869.483,16,-0.291577,1.623888,-0.062864,-0.059765,0.936367,-0.200935,-0.281551,24.201750,213.486800,0.076803
869.592,16,-0.342706,1.607853,-0.040786,-0.083212,0.902230,-0.244855,-0.345114,29.951440,222.198400,1.246817
869.702,16,-0.400739,1.600098,-0.008350,-0.105708,0.869959,-0.258783,-0.406238,32.421680,230.581300,1.787639
869.808,16,-0.466668,1.591306,0.040731,-0.126500,0.829098,-0.261073,-0.477948,33.630270,240.752200,2.739625
869.920,16,-0.523509,1.583012,0.092856,-0.143681,0.781994,-0.268582,-0.543788,35.192320,251.129400,4.730047
870.033,16,-0.582362,1.576607,0.162484,-0.160759,0.716036,-0.261694,-0.626870,35.191730,264.586500,6.878751
870.145,16,-0.615701,1.576115,0.219559,-0.184727,0.650747,-0.255315,-0.690811,35.980710,276.015900,7.979043
870.257,16,-0.634302,1.579614,0.267837,-0.198769,0.587897,-0.237274,-0.747375,35.176430,286.323600,8.509700
870.368,16,-0.644594,1.579787,0.321275,-0.217857,0.502770,-0.227215,-0.805068,35.398030,299.348500,10.373750
870.480,16,-0.647006,1.578453,0.349042,-0.230708,0.464391,-0.222267,-0.825658,35.973470,304.830700,10.880000
870.590,16,-0.645973,1.575739,0.365508,-0.238110,0.442537,-0.220065,-0.836084,36.365460,307.924800,11.260400
870.702,16,-0.650245,1.578559,0.346970,-0.226055,0.508729,-0.219989,-0.801061,35.873430,297.981500,8.691331
870.813,16,-0.651878,1.589626,0.278803,-0.209504,0.699661,-0.198151,-0.653697,33.447990,265.405800,357.657700
870.924,16,-0.609885,1.607598,0.188411,-0.188681,0.890909,-0.168063,-0.377406,26.223610,222.759700,346.505100
871.035,16,-0.534484,1.619276,0.132321,-0.146019,0.964920,-0.179486,-0.124064,22.495540,191.677900,345.119900
871.145,16,-0.429173,1.620862,0.097411,-0.069881,0.967604,-0.211938,0.118075,23.181250,163.692700,348.372000
871.256,16,-0.354741,1.612010,0.083781,-0.013366,0.938947,-0.239300,0.246853,26.281440,148.389600,350.807200
871.368,16,-0.278684,1.595695,0.084018,0.053044,0.890525,-0.272945,0.360074,31.622960,134.017100,353.114300
871.478,16,-0.239357,1.585151,0.089789,0.097431,0.851209,-0.288124,0.427709,35.019230,124.860300,354.352100
871.589,16,-0.211653,1.570544,0.094716,0.148771,0.794341,-0.312580,0.499182,40.174540,113.626300,354.312700
871.700,16,-0.205977,1.559242,0.094866,0.186630,0.742808,-0.317610,0.559042,42.883970,103.671900,353.900700
871.812,16,-0.221839,1.552805,0.090305,0.210299,0.683420,-0.313552,0.624818,43.738890,91.790660,351.693300
871.923,16,-0.261267,1.550408,0.079240,0.222365,0.610528,-0.309051,0.694476,43.331830,77.646620,347.475700
872.034,16,-0.303461,1.552099,0.061737,0.228289,0.559194,-0.292469,0.741382,41.727900,68.759950,346.174200
872.144,16,-0.358750,1.548342,0.041256,0.244086,0.507767,-0.279745,0.777391,41.574390,60.780350,345.519200
872.256,16,-0.395983,1.550960,0.034561,0.252126,0.461813,-0.272216,0.805643,41.122560,53.666260,344.149600
872.367,16,-0.438457,1.559834,0.033992,0.250078,0.401747,-0.246521,0.845747,38.395260,45.213630,343.998200
872.478,16,-0.470695,1.566370,0.038750,0.251239,0.338651,-0.230021,0.877089,36.620440,36.594740,343.099000
872.589,16,-0.512243,1.575046,0.051658,0.240254,0.234065,-0.214148,0.917405,32.756470,22.849810,340.519800
872.701,16,-0.541914,1.579697,0.057159,0.244581,0.176703,-0.190360,0.934195,31.617530,16.161680,341.569200
872.811,16,-0.554678,1.586437,0.053686,0.238177,0.175788,-0.159775,0.941723,30.315870,17.179510,345.428100
872.923,16,-0.546449,1.604969,0.039852,0.202254,0.253013,-0.118214,0.938671,26.073240,28.396570,352.349500
873.035,16,-0.523942,1.644774,0.016964,0.083839,0.404401,-0.028488,0.910286,10.118000,47.989170,0.928053
873.148,16,-0.516033,1.700114,-0.023352,-0.103607,0.555770,0.097674,0.819052,343.842000,67.938080,2.675581
873.261,16,-0.519568,1.716032,-0.046639,-0.145783,0.612634,0.129120,0.765999,337.570500,77.068660,1.189502
873.373,16,-0.521675,1.721581,-0.057698,-0.161962,0.635065,0.143437,0.741543,335.014600,81.055890,0.443529
873.485,16,-0.525907,1.726439,-0.061845,-0.170440,0.644191,0.151494,0.730081,333.637300,82.823330,0.103160
873.596,16,-0.533107,1.733136,-0.059285,-0.189887,0.625244,0.167387,0.738237,330.680500,80.358760,0.636854
873.708,16,-0.561423,1.748294,-0.058689,-0.275202,0.576193,0.228170,0.734985,318.127200,75.651740,1.405490
873.819,16,-0.587641,1.753562,-0.061012,-0.321147,0.550231,0.257020,0.726672,311.446200,73.479460,1.742651
873.931,16,-0.609683,1.753867,-0.063022,-0.336968,0.531088,0.272755,0.728014,308.707600,70.494890,3.595728
874.042,16,-0.622118,1.752926,-0.068623,-0.343454,0.524759,0.273508,0.729288,308.000600,69.726120,3.582509
874.153,16,-0.618863,1.745315,-0.078439,-0.307070,0.546338,0.223613,0.746471,315.349900,72.456180,359.864200
874.264,16,-0.598117,1.720131,-0.094260,-0.205691,0.588373,0.117283,0.773145,332.866100,75.487210,356.089500
874.373,16,-0.572257,1.686071,-0.114103,-0.079633,0.627398,-0.022338,0.774295,354.532100,78.405940,352.233900
874.482,16,-0.551784,1.646360,-0.134843,0.038884,0.644952,-0.130701,0.751959,13.124610,80.242580,351.353800
874.591,16,-0.524215,1.630248,-0.159159,0.064057,0.644407,-0.159205,0.745178,17.496850,80.264750,350.664200
874.702,16,-0.491226,1.623806,-0.184525,0.065427,0.649184,-0.180782,0.735933,19.330830,80.942000,348.932800
874.813,16,-0.451127,1.625740,-0.213777,0.050640,0.664484,-0.159245,0.728380,16.582840,83.301530,350.105800
874.925,16,-0.403337,1.623604,-0.247842,0.049512,0.672702,-0.148148,0.723238,15.720030,84.632710,351.175000
875.036,16,-0.355706,1.627623,-0.279991,0.042050,0.675760,-0.133449,0.723721,13.958810,85.084190,351.924600
875.148,16,-0.294540,1.643527,-0.317510,0.049132,0.683769,-0.110105,0.719668,12.784790,86.467260,354.628700
875.259,16,-0.257530,1.645331,-0.335968,0.048081,0.676623,-0.094715,0.728628,11.434060,85.333600,355.731200
875.370,16,-0.226164,1.652348,-0.346820,0.052923,0.633550,-0.096843,0.765790,11.757250,78.712460,355.238600
875.482,16,-0.207453,1.662391,-0.347667,0.036457,0.566558,-0.074719,0.819817,8.304948,68.953100,355.292900
875.592,16,-0.197444,1.668262,-0.348689,0.029038,0.465183,-0.066016,0.882272,6.468552,55.309230,354.833700
875.704,16,-0.193711,1.672524,-0.362052,0.018713,0.348862,-0.058315,0.935171,4.340726,40.706090,354.474500
875.815,16,-0.193771,1.674887,-0.389342,0.013996,0.242402,-0.052188,0.968670,3.004587,27.956350,354.580400
875.926,16,-0.187740,1.679896,-0.445663,0.014435,0.111587,-0.048801,0.992451,2.266210,12.723910,354.622500
876.037,16,-0.174709,1.680867,-0.492535,0.016384,0.048620,-0.050099,0.997426,2.152300,5.475249,354.352000
876.148,16,-0.160594,1.676556,-0.541056,0.022188,-0.009290,-0.057540,0.998053,2.477133,358.789900,353.374600
876.259,16,-0.159821,1.672486,-0.568082,0.038918,-0.062808,-0.052960,0.995859,4.063427,352.556700,353.647400
876.370,16,-0.161951,1.667753,-0.592461,0.059573,-0.124343,-0.046396,0.989362,6.104424,345.344800,353.844500
876.482,16,-0.161415,1.664104,-0.607394,0.074183,-0.153141,-0.037791,0.984691,7.730904,341.939600,354.373800
876.592,16,-0.159143,1.662647,-0.614437,0.079876,-0.169252,-0.032018,0.981809,8.395587,340.055100,354.785600
876.704,16,-0.157812,1.661426,-0.611638,0.087581,-0.178097,-0.026567,0.979748,9.331837,338.999500,355.160200
876.815,16,-0.158115,1.659463,-0.601301,0.099592,-0.176179,-0.027594,0.978918,10.676430,339.108500,354.796900
876.926,16,-0.162237,1.657138,-0.577748,0.105116,-0.168162,-0.029455,0.979696,11.306460,339.981000,354.553900
877.037,16,-0.172096,1.652053,-0.549555,0.120325,-0.158927,-0.031247,0.979432,13.048110,340.895800,354.140500
877.148,16,-0.197415,1.640424,-0.499924,0.150635,-0.146585,-0.023582,0.977377,16.710780,342.146100,354.592500
877.259,16,-0.226926,1.622306,-0.445531,0.190321,-0.132779,-0.015514,0.972578,21.474300,343.507600,355.023900
877.370,16,-0.275921,1.596248,-0.352124,0.229607,-0.117442,-0.010882,0.966111,26.173830,345.023700,355.208900
877.481,16,-0.319620,1.558868,-0.251580,0.242881,-0.086307,-0.016815,0.966063,27.799200,348.594800,355.174500
877.592,16,-0.348627,1.493906,-0.155207,0.224333,-0.056361,-0.012521,0.972801,25.788530,352.644600,356.839200
877.703,16,-0.363266,1.402939,-0.079852,0.206753,-0.042139,-0.021298,0.977253,23.722390,354.285000,356.301800
877.815,16,-0.368711,1.317593,-0.036577,0.208259,-0.037779,-0.030060,0.976882,23.867100,354.583000,355.329300
877.926,16,-0.375839,1.212758,0.001096,0.190059,-0.025040,-0.036371,0.980779,21.776730,356.113600,355.004500
878.038,16,-0.380842,1.127167,0.019444,0.179794,-0.023767,-0.037915,0.982686,20.582690,356.304200,354.909600
878.149,16,-0.377111,1.017993,0.030375,0.162030,-0.038697,-0.035485,0.985388,18.456170,354.691300,355.012100
878.260,16,-0.361883,0.932407,0.028562,0.151441,-0.037826,-0.034756,0.987131,17.238780,354.881600,355.190600
878.371,16,-0.339780,0.880444,0.031908,0.148340,-0.039221,-0.040838,0.987314,16.840760,354.630600,354.467500
878.483,16,-0.308715,0.894481,0.064183,0.167311,-0.031167,-0.050868,0.984098,19.034060,355.244900,353.284400
878.593,16,-0.283703,0.956289,0.098465,0.172746,0.009551,-0.054340,0.983420,19.925750,0.000737,353.674600
878.704,16,-0.262981,1.015209,0.115594,0.177037,0.034605,-0.040762,0.982751,20.535470,3.280168,355.844100
878.815,16,-0.229634,1.037983,0.121648,0.169104,0.017795,-0.032649,0.984897,19.527640,1.459838,356.454000
878.927,16,-0.155112,1.018269,0.121719,0.148427,-0.012219,-0.025134,0.988529,17.027720,358.105000,356.803400
879.038,16,-0.082646,0.983637,0.111406,0.155878,-0.029413,-0.018475,0.987165,17.858580,356.154800,357.251300
879.149,16,0.009392,0.961068,0.081248,0.171010,-0.087060,-0.009839,0.981366,19.507760,349.347600,357.014900
879.260,16,0.070963,0.974267,0.044099,0.205377,-0.132393,0.010864,0.969626,23.650310,344.013400,357.915900
879.371,16,0.108382,1.009101,0.011931,0.214500,-0.141955,0.005300,0.966339,24.586390,342.590100,356.806600
879.482,16,0.098967,1.030307,-0.025913,0.199119,-0.132809,0.018096,0.970766,23.041740,344.194300,358.894400
879.593,16,0.053807,1.019402,-0.075649,0.191393,-0.145772,0.013004,0.970541,22.042880,342.548400,358.110700
879.704,16,0.009954,1.001661,-0.122417,0.190921,-0.156316,0.006275,0.969059,21.838310,341.107200,357.065100
879.815,16,-0.016934,1.006511,-0.152844,0.192097,-0.163654,0.001928,0.967633,21.863090,340.095200,356.346300
879.926,16,-0.034234,1.053366,-0.176098,0.174100,-0.170619,-0.005838,0.969817,19.615020,339.299500,355.693600
880.037,16,-0.040847,1.095559,-0.189379,0.142514,-0.176639,-0.011409,0.973837,15.875070,338.834900,355.673200
880.148,16,-0.044400,1.138542,-0.205050,0.101972,-0.184846,-0.014314,0.977358,11.188280,338.204300,356.161200
880.260,16,-0.048327,1.152250,-0.215297,0.075210,-0.204990,-0.005549,0.975855,8.309042,336.098400,357.586700
880.371,16,-0.047545,1.161831,-0.221292,0.069602,-0.212568,0.000222,0.974664,7.803278,335.278600,358.313500
880.482,16,-0.046185,1.191163,-0.226882,0.023281,-0.218958,-0.005793,0.975439,2.457744,334.670500,358.767100
880.593,16,-0.040268,1.231173,-0.236794,-0.024811,-0.224025,-0.017150,0.974117,356.788500,334.132800,358.720400
880.705,16,-0.029727,1.276943,-0.247796,-0.058286,-0.219727,-0.028792,0.973393,352.754400,334.670600,358.241700
880.817,16,-0.019215,1.323706,-0.261414,-0.087244,-0.215735,-0.037490,0.971824,349.295300,335.160200,357.945600
880.928,16,-0.003823,1.382953,-0.284273,-0.131644,-0.209416,-0.050408,0.967613,343.986000,335.932000,357.470900
881.040,16,0.002035,1.407960,-0.297995,-0.152372,-0.209999,-0.058620,0.963975,341.434600,335.905200,357.035900
881.151,16,-0.000571,1.381543,-0.296452,-0.125236,-0.215623,-0.052925,0.966965,344.631800,335.246500,357.126100
881.262,16,-0.004446,1.304494,-0.286952,-0.089380,-0.218761,-0.041220,0.970802,348.955300,334.833200,357.610100
881.372,16,-0.010301,1.205577,-0.274381,-0.026007,-0.219151,-0.032848,0.974791,356.267500,334.757600,356.976100
881.483,16,-0.017427,1.128980,-0.266266,0.017363,-0.214362,-0.028866,0.976173,1.233315,335.190100,356.341200
881.594,16,-0.027371,1.062237,-0.258150,0.053314,-0.227901,-0.022907,0.971954,5.347574,333.422500,356.035900
881.705,16,-0.033538,0.999954,-0.246472,0.089398,-0.224146,-0.018271,0.970275,9.514144,333.618600,355.607600
881.815,16,-0.038880,0.956805,-0.237896,0.112059,-0.228085,-0.014575,0.967061,12.127500,332.963700,355.347100
881.926,16,-0.044762,0.916337,-0.227132,0.120037,-0.227603,-0.013812,0.966228,13.042750,332.942500,355.211000
882.038,16,-0.047102,0.888062,-0.218247,0.127969,-0.225189,-0.009663,0.965826,14.054210,333.194700,355.488800
882.148,16,-0.041654,0.852356,-0.206702,0.141740,-0.214263,-0.006896,0.966413,15.724030,334.388700,355.586800
882.260,16,-0.036664,0.826151,-0.199092,0.154047,-0.210828,-0.007999,0.965276,17.098970,334.632900,355.174800
882.371,16,-0.028556,0.791593,-0.190121,0.172337,-0.199452,-0.012708,0.964550,19.110200,335.679600,354.335700
882.482,16,-0.024305,0.761517,-0.184211,0.191522,-0.197188,-0.014386,0.961368,21.258300,335.623100,353.642700
882.593,16,-0.022467,0.735929,-0.178515,0.208592,-0.191276,-0.019328,0.958921,23.119620,335.943400,352.699600
882.704,16,-0.026519,0.710497,-0.174425,0.221751,-0.190826,-0.013529,0.956153,24.764750,335.890300,353.010100
882.815,16,-0.031427,0.686541,-0.172253,0.234928,-0.190215,-0.005417,0.953204,26.475030,335.923600,353.605000
882.926,16,-0.040389,0.658614,-0.169538,0.250650,-0.195290,-0.001375,0.948174,28.345250,335.066200,353.442600
883.037,16,-0.046002,0.639723,-0.166659,0.259224,-0.196966,0.001460,0.945519,29.391730,334.746400,353.452100
883.148,16,-0.050881,0.619562,-0.161509,0.267636,-0.195670,0.003917,0.943435,30.432790,334.800700,353.517400
883.260,16,-0.054957,0.604430,-0.158157,0.270071,-0.197933,0.006724,0.942252,30.771270,334.539000,353.703000
883.370,16,-0.059389,0.585137,-0.154547,0.279276,-0.198137,0.007845,0.939513,31.862070,334.329400,353.514700
883.482,16,-0.063443,0.572149,-0.152325,0.282607,-0.204478,0.008446,0.937151,32.218110,333.425400,353.229200
883.592,16,-0.064223,0.562794,-0.149252,0.281846,-0.207111,0.008095,0.936805,32.101540,333.083200,353.112800
883.704,16,-0.066144,0.556140,-0.147675,0.279926,-0.207815,0.007993,0.937225,31.872390,333.036100,353.144900
883.815,16,-0.068601,0.550807,-0.149089,0.283700,-0.209617,0.010680,0.935661,32.369050,332.790300,353.272000
883.926,16,-0.071095,0.545899,-0.150881,0.291321,-0.209739,0.017607,0.933184,33.442330,332.817700,353.853700
884.037,16,-0.076508,0.543026,-0.152096,0.292800,-0.210706,0.022059,0.932408,33.732290,332.810100,354.323900
884.148,16,-0.084829,0.523559,-0.157321,0.313652,-0.218973,0.019775,0.923733,36.023810,330.996800,352.838300
884.260,16,-0.101462,0.510905,-0.167088,0.334379,-0.242155,0.027757,0.910374,38.481580,327.349100,351.818200
884.370,16,-0.143377,0.524852,-0.182328,0.330859,-0.282681,0.034492,0.899686,37.940240,321.974200,350.881000
884.482,16,-0.182976,0.580916,-0.190012,0.311720,-0.307374,0.030385,0.898570,35.372100,319.140100,350.326000
884.593,16,-0.201128,0.670028,-0.182454,0.267478,-0.305695,0.023719,0.913479,30.210110,320.833200,352.004800
884.704,16,-0.199596,0.758402,-0.169173,0.220501,-0.302755,0.005956,0.927191,24.361930,322.163000,352.273600
884.816,16,-0.195074,0.811917,-0.164963,0.195586,-0.290979,0.004517,0.936513,21.651880,324.233500,353.490900
884.927,16,-0.200197,0.859736,-0.172817,0.189280,-0.289947,0.003620,0.938132,20.930730,324.480300,353.670500
885.038,16,-0.204567,0.890352,-0.182615,0.178380,-0.296755,0.001436,0.938145,19.605630,323.806000,353.712100
885.149,16,-0.200520,0.915735,-0.192431,0.173863,-0.297200,0.002424,0.938849,19.141520,323.855800,353.997300
885.260,16,-0.190848,0.934059,-0.199625,0.170026,-0.297800,0.007233,0.939337,18.888730,323.934300,354.682800
885.371,16,-0.177384,0.948679,-0.205909,0.156732,-0.295245,0.004587,0.942467,17.345820,324.442100,354.957200
885.482,16,-0.163543,0.951336,-0.212764,0.149323,-0.290903,0.004812,0.945016,16.560350,325.102500,355.345500
885.593,16,-0.151940,0.948640,-0.219520,0.153342,-0.299154,0.003274,0.941797,16.905490,323.992800,354.868400
885.704,16,-0.141156,0.947805,-0.224167,0.155050,-0.294352,0.003248,0.943030,17.118260,324.560300,354.888200
885.815,16,-0.135792,0.950867,-0.228542,0.154651,-0.299919,0.000183,0.941346,16.933970,323.829700,354.456100
885.927,16,-0.128725,0.952161,-0.231428,0.158552,-0.297793,0.008639,0.941332,17.676700,324.158000,355.294200
886.038,16,-0.123971,0.954614,-0.232070,0.157317,-0.296414,0.006589,0.941991,17.474980,324.318100,355.137800
886.149,16,-0.118674,0.957060,-0.231458,0.154823,-0.294112,0.002136,0.943146,17.055440,324.576900,354.776200
886.260,16,-0.115044,0.957631,-0.230079,0.156592,-0.294456,0.002477,0.942745,17.260210,324.509900,354.739900
886.371,16,-0.109127,0.958410,-0.226654,0.155940,-0.289886,0.006364,0.944250,17.348480,325.147800,355.289200
886.482,16,-0.102856,0.957753,-0.224315,0.157025,-0.290544,0.003629,0.943882,17.369650,325.005900,354.926800
886.593,16,-0.091198,0.958549,-0.218466,0.160606,-0.286867,0.000135,0.944412,17.663900,325.346900,354.465900
886.704,16,-0.071080,0.962355,-0.207812,0.162297,-0.277183,-0.003181,0.947005,17.795990,326.464400,354.213500
886.815,16,-0.044713,0.964602,-0.193498,0.165357,-0.263235,-0.000660,0.950455,18.299270,328.178900,354.663000
886.926,16,-0.003475,0.969981,-0.169195,0.167185,-0.243702,0.001011,0.955331,18.658490,330.586700,355.183300
887.038,16,0.030920,0.974524,-0.148499,0.167347,-0.228232,-0.000259,0.959117,18.716930,332.461800,355.343700
887.148,16,0.067236,0.976843,-0.125800,0.169185,-0.215867,-0.002213,0.961651,18.931570,333.914500,355.312500
887.260,16,0.085083,0.977789,-0.113137,0.173104,-0.208036,-0.000315,0.962682,19.460510,334.853800,355.582000
887.371,16,0.094921,0.981834,-0.105579,0.169433,-0.214460,0.000709,0.961925,19.042420,334.137100,355.673600
887.482,16,0.101504,0.985031,-0.101801,0.169061,-0.214639,-0.001085,0.961950,18.952840,334.087200,355.472300
887.593,16,0.107627,0.988805,-0.099422,0.172805,-0.212275,-0.002615,0.961806,19.347700,334.295300,355.234000
887.704,16,0.112941,0.995329,-0.098081,0.167979,-0.209677,-0.001296,0.963233,18.848180,334.704800,355.579700
887.816,16,0.117296,0.999984,-0.096445,0.165555,-0.207175,-0.005369,0.964179,18.483030,334.968800,355.224900
887.926,16,0.123975,1.004752,-0.090652,0.175774,-0.204389,-0.011768,0.962907,19.493400,335.043100,354.245800
888.038,16,0.136953,1.012322,-0.076098,0.180273,-0.197579,-0.021063,0.963338,19.816270,335.625200,353.173900
888.148,16,0.163795,1.024346,-0.044862,0.181521,-0.183131,-0.023185,0.965907,20.009270,337.327700,353.198900
888.260,16,0.197155,1.032015,-0.012414,0.184239,-0.167421,-0.027528,0.968126,20.335420,339.112600,352.955800
888.371,16,0.258294,1.041546,0.031390,0.182797,-0.128846,-0.039648,0.973865,20.231960,343.566200,352.385700
888.483,16,0.311853,1.048426,0.061057,0.189033,-0.098723,-0.058881,0.975220,20.920400,346.704400,350.624400
888.594,16,0.349070,1.061117,0.077111,0.182793,-0.079580,-0.070812,0.977364,20.245280,348.849200,349.715200
888.705,16,0.366772,1.070280,0.082251,0.176271,-0.065474,-0.068577,0.979765,19.659390,350.682100,350.374500
888.816,16,0.366348,1.074247,0.079989,0.176172,-0.057920,-0.064435,0.980539,19.756510,351.673600,351.028200
888.927,16,0.360041,1.081343,0.075052,0.182430,-0.074348,-0.075859,0.977465,20.203650,349.375800,349.226400
889.038,16,0.371430,1.090560,0.072760,0.177732,-0.070378,-0.096694,0.976785,19.487560,349.496100,346.884500
889.149,16,0.380216,1.093844,0.062716,0.177899,-0.043281,-0.098633,0.978136,19.845270,352.685000,347.202400
889.260,16,0.352886,1.094864,0.041025,0.176213,-0.042261,-0.082029,0.980018,19.782500,353.180000,349.240200
889.371,16,0.298745,1.087347,0.003814,0.177539,-0.039730,-0.062053,0.981352,20.091780,353.886800,351.679800
889.483,16,0.219907,1.068720,-0.045557,0.184285,-0.040366,-0.036080,0.981381,21.026200,354.311100,354.732400
889.594,16,0.135820,1.032219,-0.099481,0.218530,-0.039220,-0.012797,0.974958,25.157750,354.797900,357.334400
889.705,16,0.054326,1.013299,-0.147588,0.220780,-0.063316,-0.003813,0.973259,25.421180,352.049300,357.755000
889.816,16,-0.008441,1.011049,-0.184057,0.226304,-0.085600,-0.012830,0.970203,25.907860,348.982300,355.943000
889.927,16,-0.079881,1.015612,-0.226761,0.219990,-0.101625,-0.007639,0.970164,25.169630,347.197800,356.228400
890.038,16,-0.127024,1.018828,-0.255334,0.219519,-0.111348,-0.004793,0.969222,25.116300,346.071900,356.316100
890.148,16,-0.182755,1.026023,-0.287897,0.217408,-0.126850,-0.003263,0.967798,24.833700,344.210100,356.116100
890.259,16,-0.224583,1.033815,-0.310252,0.218524,-0.153818,-0.002712,0.963629,24.854630,340.851700,355.420100
890.370,16,-0.271513,1.046987,-0.334927,0.207877,-0.179503,0.002391,0.961541,23.617090,337.934300,355.616500
890.482,16,-0.311151,1.051114,-0.355166,0.202947,-0.195601,0.010884,0.959393,23.183070,336.204200,356.350700
890.592,16,-0.349360,1.048712,-0.373864,0.203533,-0.212727,0.012720,0.955594,23.228660,334.100800,356.113700
890.704,16,-0.386421,1.048801,-0.389868,0.207171,-0.223521,0.018475,0.952249,23.754290,332.823400,356.402600
890.815,16,-0.413770,1.054266,-0.400241,0.200817,-0.240444,0.022177,0.949404,23.077620,330.883300,356.606200
890.926,16,-0.427910,1.054219,-0.404279,0.194821,-0.255654,0.021153,0.946699,22.314470,329.047400,356.308500
891.038,16,-0.429887,1.045243,-0.401910,0.202571,-0.252763,0.031489,0.945560,23.515960,329.510000,357.321100
891.148,16,-0.415265,1.038265,-0.389036,0.218483,-0.265912,0.029216,0.938458,25.189330,327.490900,356.112000
891.260,16,-0.374329,1.041990,-0.361799,0.223151,-0.242318,0.017713,0.944019,25.461310,330.134600,355.253900
891.371,16,-0.296321,1.050452,-0.316631,0.224926,-0.195334,0.010168,0.954542,25.681870,335.876200,355.643400
891.482,16,-0.218820,1.056276,-0.276804,0.222375,-0.163503,0.006101,0.961134,25.433310,339.817000,356.127600
891.592,16,-0.149210,1.060830,-0.241069,0.223539,-0.134500,0.007829,0.965339,25.701800,343.482800,357.136300
891.703,16,-0.099993,1.069375,-0.216629,0.217310,-0.130514,0.010149,0.967285,25.027310,344.110500,357.654100
891.815,16,-0.073724,1.076177,-0.200925,0.206496,-0.133986,0.018040,0.969062,23.894140,343.985800,358.723300
891.926,16,-0.050338,1.077416,-0.184667,0.205664,-0.136704,0.020885,0.968802,23.841400,343.728000,359.012600
892.037,16,-0.038504,1.075973,-0.174611,0.207295,-0.139194,0.020254,0.968114,24.017010,343.389600,358.840000
892.148,16,-0.032600,1.077193,-0.165579,0.208996,-0.137479,0.024917,0.967884,24.294000,343.706600,359.419700
892.259,16,-0.033491,1.089915,-0.162782,0.210839,-0.136228,0.023017,0.967708,24.477250,343.797700,359.188100
892.370,16,-0.036395,1.146023,-0.165481,0.179259,-0.138425,0.027609,0.973623,20.897980,343.863100,0.253506
892.482,16,-0.039338,1.227285,-0.181185,0.124143,-0.141281,0.020533,0.981940,14.454080,343.664400,0.310419
892.593,16,-0.040261,1.326202,-0.214471,0.056194,-0.151720,0.002920,0.986821,6.418708,342.482300,359.349200
892.705,16,-0.030382,1.447271,-0.291076,-0.041277,-0.144150,-0.021012,0.988471,354.971100,343.480900,358.295000
892.816,16,-0.025601,1.535272,-0.394949,-0.063852,-0.121153,-0.030252,0.990116,352.312400,346.220400,357.430100
892.928,16,-0.052935,1.611830,-0.525461,-0.019184,-0.059954,-0.048948,0.996816,357.471600,353.237000,354.527000
893.039,16,-0.090738,1.646116,-0.601411,-0.008385,-0.025200,-0.045570,0.998608,358.908800,357.158400,354.801500
893.149,16,-0.129744,1.664007,-0.662543,0.010045,-0.027933,-0.056437,0.997965,0.968149,356.738500,353.499000
893.261,16,-0.151287,1.663592,-0.691453,0.036389,-0.009192,-0.063563,0.997272,4.095075,358.681000,352.659000
893.371,16,-0.164366,1.661181,-0.703178,0.058026,0.017548,-0.059550,0.996383,6.760643,1.619058,353.255100
893.482,16,-0.175308,1.657630,-0.705084,0.074148,0.026201,-0.060954,0.995038,8.670611,2.498935,353.178600
893.593,16,-0.183790,1.656435,-0.705448,0.085036,0.028655,-0.072550,0.993320,9.967723,2.594807,351.871600
893.704,16,-0.189874,1.657830,-0.703576,0.087123,0.036052,-0.070375,0.993054,10.259660,3.457289,352.203200
893.815,16,-0.193630,1.656716,-0.697876,0.093344,0.037355,-0.070527,0.992430,10.984510,3.561239,352.212800
893.926,16,-0.195641,1.641827,-0.684827,0.148339,0.046292,-0.069403,0.985412,17.384060,4.245192,352.591900
894.037,16,-0.191906,1.629483,-0.672316,0.183975,0.059222,-0.062002,0.979184,21.569820,5.749598,353.849900
894.147,16,-0.183024,1.616482,-0.655967,0.222266,0.053241,-0.062414,0.971529,26.009600,4.832073,353.765000
894.258,16,-0.173618,1.612348,-0.644398,0.232257,0.053649,-0.063853,0.969073,27.193610,4.792914,353.620200
894.369,16,-0.160943,1.607342,-0.629497,0.243630,0.053388,-0.058814,0.966610,28.507240,4.866737,354.273200
894.480,16,-0.148404,1.603199,-0.611078,0.246644,0.049982,-0.054887,0.966259,28.824640,4.551037,354.667900
894.591,16,-0.135395,1.590819,-0.581197,0.260293,0.049939,-0.048577,0.963013,30.409890,4.715341,355.506800
894.702,16,-0.121493,1.564986,-0.537572,0.299203,0.043637,-0.036667,0.952486,34.971790,4.282194,356.940500
894.813,16,-0.105477,1.522421,-0.470241,0.341865,0.026306,-0.020507,0.939157,40.031460,2.649066,358.463400
894.925,16,-0.087293,1.437184,-0.374070,0.371029,-0.001009,-0.007419,0.928591,43.555220,359.416600,358.851400
895.036,16,-0.073881,1.326805,-0.281536,0.386474,-0.036083,-0.004713,0.921582,45.397410,354.266500,357.014100
895.147,16,-0.065087,1.187906,-0.206213,0.385760,-0.074884,-0.010958,0.919490,45.053250,348.059200,353.666900
895.257,16,-0.058341,1.110980,-0.176991,0.358867,-0.091129,-0.000222,0.928929,41.811680,346.858000,354.933700
895.369,16,-0.049930,1.065945,-0.161025,0.337833,-0.094288,0.008193,0.936436,39.365290,347.217400,356.413500
895.481,16,-0.049101,1.066579,-0.159307,0.333765,-0.100765,0.007521,0.937225,38.839580,346.346600,356.086100
895.592,16,-0.050562,1.080111,-0.162451,0.320778,-0.103748,0.003200,0.941450,37.204160,345.955000,355.641100
895.703,16,-0.052966,1.085173,-0.167493,0.318627,-0.095933,0.005341,0.942998,37.010020,347.154900,356.333800
895.814,16,-0.055622,1.081882,-0.170081,0.318911,-0.092549,0.011441,0.943186,37.135510,347.887100,357.307600
895.925,16,-0.057200,1.071903,-0.170439,0.322799,-0.091999,0.012073,0.941908,37.612300,347.939600,357.348100
896.037,16,-0.055235,1.061711,-0.168155,0.328745,-0.088223,0.015252,0.940165,38.377480,348.532100,357.856000
896.148,16,-0.050962,1.046694,-0.163426,0.339710,-0.081702,0.022893,0.936695,39.803010,349.689300,359.058500
896.259,16,-0.047634,1.032915,-0.159598,0.349296,-0.075489,0.024472,0.933646,40.990340,350.555200,359.465700
896.370,16,-0.047629,1.020482,-0.155858,0.360847,-0.076150,0.025872,0.929151,42.415600,350.422300,359.466100
896.481,16,-0.050733,1.017073,-0.152759,0.363489,-0.079968,0.024712,0.927831,42.723750,349.773300,359.042300
896.592,16,-0.052946,1.014606,-0.150945,0.364899,-0.077485,0.028045,0.927393,42.934030,350.308400,359.645400
896.703,16,-0.055270,1.011979,-0.149568,0.367839,-0.074108,0.032880,0.926349,43.343200,351.052500,0.504047
896.815,16,-0.058194,1.009247,-0.148912,0.372354,-0.079549,0.031422,0.924141,43.885070,350.123000,359.907500
896.926,16,-0.059267,1.007038,-0.148139,0.372810,-0.080687,0.033513,0.923785,43.963590,350.072800,0.139702
897.037,16,-0.058554,1.005648,-0.148196,0.372941,-0.077893,0.034403,0.923940,43.988070,350.538200,0.435899
897.148,16,-0.060083,1.005212,-0.150057,0.373733,-0.077910,0.033992,0.923633,44.081530,350.504000,0.363440
897.259,16,-0.063652,1.006951,-0.152358,0.371701,-0.081611,0.033310,0.924158,43.824950,349.935500,0.071331
897.370,16,-0.069473,1.011824,-0.155068,0.365705,-0.086560,0.039450,0.925857,43.157910,349.620300,0.765069
897.481,16,-0.074688,1.015597,-0.158166,0.360431,-0.091070,0.044261,0.927274,42.570550,349.279800,1.278712
897.592,16,-0.077806,1.016726,-0.161408,0.360308,-0.093537,0.042542,0.927157,42.538190,348.825800,0.892802
897.703,16,-0.077749,1.016611,-0.163407,0.361330,-0.091319,0.043537,0.926934,42.672690,349.195200,1.147145
897.814,16,-0.075848,1.017310,-0.164676,0.360883,-0.088903,0.041864,0.927420,42.595960,349.457800,1.049573
897.925,16,-0.072433,1.031320,-0.165720,0.355690,-0.085438,0.038942,0.929876,41.924400,349.844300,0.896751
898.037,16,-0.063950,1.074548,-0.162796,0.339303,-0.080106,0.032224,0.936706,39.852750,350.386600,0.448402
898.148,16,-0.024524,1.189458,-0.153196,0.286961,-0.067218,-0.003092,0.955576,33.230640,351.042600,356.951300
898.259,16,0.029894,1.307819,-0.153162,0.245357,-0.055051,-0.025846,0.967523,28.159700,352.229000,354.987700
898.370,16,0.100703,1.451560,-0.171555,0.207618,-0.045702,-0.044629,0.976122,23.655830,353.244200,353.348100
898.482,16,0.147418,1.540227,-0.199785,0.183063,-0.047479,-0.060256,0.980104,20.678190,352.931400,351.672700
898.593,16,0.178965,1.589652,-0.225472,0.173100,-0.047440,-0.067938,0.981413,19.470310,352.893700,350.859400
898.703,17,0.193327,1.617703,-0.242030,0.148166,-0.047772,-0.064974,0.985669,16.611250,353.202100,351.463600
898.815,17,0.193347,1.630737,-0.250799,0.143627,-0.035602,-0.066232,0.986771,16.184940,354.665400,351.561100
898.927,17,0.177305,1.648564,-0.254273,0.110601,0.001092,-0.048524,0.992679,12.690710,359.496900,354.347100
899.038,17,0.153367,1.655695,-0.247628,0.085355,0.033239,-0.046095,0.994729,9.955005,3.390985,354.989100
899.149,17,0.097750,1.651561,-0.226185,0.104757,0.062903,-0.051252,0.991182,12.363610,6.699635,354.806500
899.261,17,-0.008475,1.643221,-0.210007,0.167409,-0.146330,-0.052129,0.973573,18.102290,341.450400,350.889800
899.372,17,-0.118068,1.637872,-0.223193,0.186148,-0.346573,-0.024328,0.919046,18.983380,316.901900,349.412500
899.483,17,-0.197430,1.635579,-0.240235,0.195572,-0.451898,0.002785,0.870363,20.056990,303.252900,349.454900
899.594,17,-0.241769,1.633987,-0.237326,0.196484,-0.457025,0.007474,0.867448,20.347360,302.592100,349.763000
899.705,17,-0.253737,1.646199,-0.199196,0.142598,-0.296423,0.006702,0.944328,15.860170,324.548800,355.714500
899.817,17,-0.218659,1.690905,-0.168261,-0.061218,-0.000575,0.037357,0.997425,352.987900,359.669800,4.310040
899.929,17,-0.184685,1.714334,-0.183823,-0.151480,0.242683,0.082307,0.954665,340.781400,27.665050,5.080984
900.041,17,-0.169409,1.719375,-0.200123,-0.164142,0.325091,0.079751,0.927908,339.116400,38.148920,2.532323
900.153,17,-0.149034,1.719626,-0.220057,-0.161336,0.394540,0.075711,0.901431,339.475500,47.174420,0.562295
900.264,17,-0.125378,1.719222,-0.255629,-0.157277,0.485851,0.072202,0.856738,340.144500,59.425090,358.226400
900.375,17,-0.111740,1.719643,-0.299963,-0.155629,0.567778,0.073699,0.804970,340.473500,71.001870,356.467300
900.486,17,-0.103514,1.701645,-0.360731,-0.078060,0.641029,0.013614,0.763416,352.146700,80.354700,355.409000
900.595,17,-0.103949,1.673534,-0.404523,0.016485,0.667880,-0.057253,0.741880,5.793014,83.806940,356.373400
900.704,17,-0.119005,1.634790,-0.444983,0.133423,0.637256,-0.157956,0.742397,23.542120,80.443210,355.966700
900.815,17,-0.134415,1.622597,-0.469646,0.140454,0.617083,-0.177665,0.753602,25.528590,77.262250,353.992900
900.925,17,-0.159663,1.612907,-0.501103,0.151711,0.617303,-0.190000,0.748212,27.490370,77.510550,353.721300
901.037,17,-0.175753,1.612883,-0.531246,0.144071,0.651104,-0.187319,0.721262,26.856340,82.877730,354.687500
901.148,17,-0.191149,1.613745,-0.581982,0.135036,0.735876,-0.205180,0.630994,28.189420,97.792010,356.084000
901.259,17,-0.205784,1.609484,-0.622595,0.132434,0.804338,-0.224256,0.534052,30.146220,112.361800,358.244800
901.370,17,-0.230191,1.599345,-0.662347,0.131341,0.864500,-0.245217,0.418639,32.272640,128.749300,1.475723
901.482,17,-0.246456,1.593211,-0.679008,0.132949,0.883384,-0.255982,0.369364,33.399600,135.561600,3.144097
901.593,17,-0.248584,1.589236,-0.681536,0.136466,0.880641,-0.247830,0.380038,32.698800,134.354400,3.541695
901.704,17,-0.240949,1.587468,-0.662321,0.157013,0.846483,-0.240463,0.448321,33.221710,125.212800,3.440853
901.816,17,-0.228524,1.586333,-0.625729,0.178274,0.775751,-0.237953,0.556603,34.585820,108.934600,0.814500
901.926,17,-0.222251,1.580722,-0.556224,0.204710,0.617856,-0.242461,0.719417,36.452480,79.056720,353.152600
902.036,17,-0.232391,1.579499,-0.502762,0.219198,0.510444,-0.241574,0.795639,36.542930,61.545200,348.466600
902.146,17,-0.247418,1.581841,-0.444788,0.234352,0.444365,-0.231492,0.833085,36.598440,51.912610,347.232000
902.268,17,-0.248864,1.581577,-0.388379,0.242519,0.437098,-0.218998,0.837956,36.718700,51.384370,348.849700
902.368,17,-0.243565,1.579555,-0.339298,0.240787,0.459968,-0.215495,0.827051,36.621640,54.951630,350.320700
902.482,17,-0.236371,1.588831,-0.283124,0.213750,0.526155,-0.202739,0.797727,33.667520,64.755820,353.201000
902.592,17,-0.236743,1.605177,-0.235131,0.178597,0.601379,-0.174029,0.759052,28.714370,75.951500,356.772000
902.702,17,-0.243545,1.621053,-0.200281,0.142420,0.668283,-0.149794,0.714616,23.813530,85.848580,358.513200
902.813,17,-0.256136,1.636512,-0.181891,0.104109,0.749002,-0.124000,0.642481,18.634390,98.721680,359.795600
902.924,17,-0.275123,1.650730,-0.169948,0.074009,0.811701,-0.101922,0.570330,14.470340,109.842800,0.230051
903.036,17,-0.295962,1.662660,-0.162062,0.051656,0.846645,-0.080209,0.523536,10.947280,116.557000,0.203296
903.147,17,-0.324182,1.674642,-0.156171,0.026631,0.863609,-0.060700,0.499785,7.554030,119.826600,359.151700
903.259,17,-0.347234,1.684472,-0.157199,0.003838,0.863231,-0.033472,0.503684,3.534713,119.425900,358.444500
903.370,17,-0.382651,1.701653,-0.170820,-0.036971,0.852098,0.014132,0.521884,356.406700,117.114600,357.228600
903.482,17,-0.422997,1.715797,-0.194288,-0.073654,0.838979,0.062157,0.535562,349.444400,115.202900,356.675400
903.594,17,-0.468111,1.725446,-0.226177,-0.096080,0.829554,0.094561,0.541911,344.869400,114.139400,356.619700
903.706,17,-0.514509,1.730268,-0.259060,-0.114823,0.817704,0.121483,0.550834,341.024100,112.615600,356.729600
903.818,17,-0.553107,1.726323,-0.284214,-0.125420,0.809585,0.139800,0.556146,338.539300,111.581000,357.069600
903.929,17,-0.590249,1.725116,-0.308187,-0.135226,0.800429,0.153162,0.563532,336.571800,110.274100,357.260600
904.041,17,-0.611023,1.733288,-0.322110,-0.159487,0.785533,0.183016,0.569216,332.024400,108.826600,357.260300
904.152,17,-0.624142,1.737088,-0.332734,-0.175346,0.774259,0.208799,0.571121,328.424900,107.800600,357.778300
904.264,17,-0.633104,1.737085,-0.340447,-0.177507,0.773600,0.211799,0.570242,327.985100,107.851700,357.763800
904.375,17,-0.640162,1.736284,-0.344621,-0.177203,0.774470,0.211979,0.569087,327.992500,108.026200,357.755700
904.486,17,-0.649761,1.735262,-0.347038,-0.178499,0.774671,0.215896,0.566932,327.527800,108.232300,357.842600
904.597,17,-0.656427,1.735585,-0.347676,-0.181750,0.773340,0.222545,0.565142,326.658000,108.290300,357.971500
904.708,17,-0.662720,1.736434,-0.347793,-0.187670,0.767472,0.230832,0.567876,325.426700,107.563100,358.197800
904.819,17,-0.665029,1.737244,-0.347722,-0.193298,0.759914,0.234150,0.574753,324.685500,106.347100,358.270800
904.930,17,-0.664926,1.738301,-0.346519,-0.199241,0.749985,0.234331,0.585590,324.208600,104.591400,358.275400
905.041,17,-0.655627,1.732688,-0.345559,-0.178044,0.750298,0.197174,0.605373,329.239900,102.725600,358.103100
905.151,17,-0.629791,1.707582,-0.347340,-0.096634,0.758739,0.069811,0.640393,346.720300,100.062300,356.629100
905.261,17,-0.600674,1.672738,-0.347195,-0.002822,0.750782,-0.060626,0.657756,5.009547,97.345500,355.163500
905.370,17,-0.576081,1.653094,-0.341723,0.043620,0.742833,-0.116289,0.657856,13.306340,96.336570,354.800100
905.480,17,-0.559191,1.644622,-0.327008,0.062032,0.746389,-0.141431,0.647344,16.944020,97.320440,354.570700
905.591,17,-0.542975,1.641278,-0.303291,0.066492,0.760987,-0.149484,0.627799,18.119420,100.123000,354.778600
905.703,17,-0.519785,1.639791,-0.272398,0.059069,0.784782,-0.144723,0.599736,17.337750,104.483900,355.139600
905.814,17,-0.486560,1.643325,-0.238661,0.022158,0.822192,-0.114109,0.557214,12.259150,111.175100,354.672600
905.926,17,-0.446487,1.635963,-0.200744,-0.007594,0.850758,-0.072884,0.520424,6.667611,116.791300,354.871700
906.038,17,-0.415859,1.622065,-0.168200,-0.022326,0.859479,-0.043564,0.508821,2.990209,118.624000,355.249100
906.149,17,-0.386544,1.601067,-0.140789,-0.033652,0.859327,-0.009619,0.510227,358.979600,118.635000,356.120200
906.261,17,-0.368871,1.575806,-0.137777,-0.039255,0.861570,-0.001422,0.506117,357.863200,119.211000,356.036000
906.371,17,-0.359249,1.535561,-0.152038,-0.045605,0.867440,0.006854,0.495400,356.728000,120.656800,355.845500
906.483,17,-0.357070,1.481667,-0.166137,-0.053165,0.861879,0.011323,0.504193,355.806300,119.514400,355.386000
906.594,17,-0.362309,1.427845,-0.174443,-0.055267,0.860664,0.011544,0.506033,355.652500,119.275000,355.199300
906.705,17,-0.376417,1.347429,-0.178430,-0.055363,0.868060,0.020920,0.492919,354.784700,121.018800,355.652400
906.816,17,-0.393354,1.275896,-0.175215,-0.060650,0.866914,0.025695,0.494087,354.002500,120.880200,355.399700
906.927,17,-0.427180,1.175457,-0.164721,-0.073828,0.870921,0.055391,0.482677,350.342800,122.377700,355.629500
907.038,17,-0.449478,1.086597,-0.154245,-0.088236,0.869697,0.080617,0.478897,347.012600,122.832600,355.511200
907.149,17,-0.460403,1.008293,-0.146674,-0.070570,0.870348,0.065250,0.482966,349.528500,122.266900,356.512800
907.261,17,-0.458088,1.024170,-0.146645,-0.066762,0.867139,0.062218,0.489634,350.021300,121.376000,356.807100
907.372,17,-0.461717,1.035598,-0.141456,-0.081155,0.859798,0.070727,0.499159,348.308600,120.138500,355.962600
907.483,17,-0.470355,1.015592,-0.135325,-0.086456,0.859736,0.082693,0.496530,346.818100,120.436800,356.081300
907.594,17,-0.474527,1.005520,-0.136066,-0.076157,0.865977,0.082399,0.487334,347.470700,121.594800,356.970600
907.705,17,-0.473408,1.017250,-0.141485,-0.079386,0.869376,0.080929,0.480973,347.462400,122.482200,356.465300
907.816,17,-0.473730,1.017983,-0.143382,-0.083233,0.867658,0.090572,0.481704,346.269400,122.330300,356.625600
907.927,17,-0.471513,1.009339,-0.148484,-0.088034,0.870825,0.090823,0.475042,346.006000,123.260800,356.038500
908.039,17,-0.468452,1.010996,-0.150630,-0.081478,0.872807,0.084097,0.473812,347.055200,123.426000,356.321000
908.150,17,-0.466266,1.013567,-0.151359,-0.080221,0.871953,0.089242,0.474655,346.597800,123.258100,356.748200
908.261,17,-0.465102,1.007335,-0.151371,-0.081133,0.871840,0.086377,0.475238,346.836600,123.214000,356.504400
908.372,17,-0.464651,1.005209,-0.149992,-0.077857,0.872967,0.084162,0.474113,347.245900,123.355500,356.700900
908.483,17,-0.463390,1.008159,-0.148433,-0.077036,0.871267,0.087897,0.476689,346.902500,122.972800,357.031500
908.594,17,-0.460313,1.007623,-0.148491,-0.076862,0.869371,0.088119,0.480126,346.878200,122.511000,357.114400
908.706,17,-0.444534,1.016459,-0.147655,-0.069506,0.866705,0.085352,0.486524,347.550300,121.624400,357.803300
908.817,17,-0.413443,1.047207,-0.146277,-0.061593,0.866906,0.076945,0.488630,348.837100,121.365000,358.154500
908.928,17,-0.361991,1.112497,-0.150305,-0.051706,0.865569,0.066873,0.493605,350.397500,120.725400,358.634700
909.039,17,-0.330637,1.171622,-0.163922,-0.039583,0.865402,0.055884,0.496376,352.182400,120.376200,359.246300
909.150,17,-0.304236,1.255605,-0.192031,-0.022612,0.871661,0.037291,0.488165,355.004000,121.506400,359.826800
909.261,17,-0.293468,1.354126,-0.203300,-0.018981,0.870064,0.036227,0.491240,355.314400,121.095700,0.147299
909.372,17,-0.288387,1.463524,-0.184817,-0.029043,0.864022,0.070667,0.497623,351.313900,120.032700,1.167577
909.484,17,-0.276266,1.549415,-0.145346,-0.037087,0.863575,0.104606,0.491854,347.458100,120.421600,2.280735
909.596,17,-0.255692,1.605527,-0.101172,-0.040840,0.868589,0.129406,0.476592,344.708500,122.075000,3.114089
909.707,17,-0.214407,1.661412,-0.037236,-0.049868,0.887851,0.142888,0.434531,342.718600,127.519000,2.138321
909.819,17,-0.183253,1.700822,0.005449,-0.057585,0.899992,0.149195,0.405511,341.624100,131.320600,1.047413
909.930,17,-0.155838,1.731361,0.046408,-0.057179,0.922120,0.147756,0.352978,341.768100,138.118400,359.931100
910.041,17,-0.137889,1.743594,0.070648,-0.057597,0.935616,0.148924,0.314846,341.642900,142.939200,359.154800
910.152,17,-0.127276,1.746395,0.086243,-0.053927,0.943055,0.149241,0.292345,341.758900,145.693400,359.128100
910.263,17,-0.122186,1.744229,0.096289,-0.055523,0.945865,0.152089,0.281293,341.400700,147.068600,358.822800
910.373,17,-0.119124,1.739432,0.102558,-0.056837,0.948956,0.150031,0.271557,341.602100,148.319600,358.406400
910.485,17,-0.116017,1.737139,0.105851,-0.053829,0.952425,0.153267,0.257875,341.354500,149.933300,358.579500
910.596,17,-0.113485,1.736759,0.105364,-0.047896,0.955338,0.154418,0.247369,341.413400,151.115600,359.086100
910.707,17,-0.117110,1.734537,0.100514,-0.043268,0.956695,0.150538,0.245358,341.984700,151.316600,359.462700
910.818,17,-0.127601,1.733967,0.091983,-0.047344,0.957185,0.144853,0.246116,342.505900,151.339100,358.838500
910.929,17,-0.147236,1.733307,0.070726,-0.054075,0.957185,0.140931,0.247006,342.752100,151.369000,357.965900
911.040,17,-0.167360,1.732679,0.041122,-0.062616,0.955673,0.134963,0.254073,343.155200,150.677000,356.939500
911.151,17,-0.189576,1.728812,-0.002645,-0.071346,0.951744,0.131667,0.267874,343.210900,149.137900,356.090900
911.262,17,-0.214709,1.720797,-0.065695,-0.083384,0.944209,0.125491,0.292865,343.392200,146.269500,354.973600
911.373,17,-0.244953,1.703544,-0.153903,-0.095594,0.932283,0.118249,0.328217,343.546600,142.081500,353.977800
911.484,17,-0.283212,1.672458,-0.268635,-0.103043,0.909631,0.109159,0.387348,343.834300,134.742800,353.849900
911.595,17,-0.325430,1.645250,-0.386391,-0.098896,0.877683,0.094858,0.459232,345.087600,125.432400,354.865800
911.706,17,-0.373747,1.665470,-0.526008,-0.093647,0.841021,0.059125,0.529545,348.543100,116.165100,354.443500
911.817,17,-0.407821,1.700796,-0.590117,-0.094083,0.825756,0.050117,0.553863,349.223000,112.848500,354.165500
911.928,17,-0.455480,1.715527,-0.632337,-0.080319,0.779142,0.062979,0.618482,348.609800,103.390600,357.236900
912.039,17,-0.485544,1.721008,-0.657331,-0.087029,0.740579,0.061604,0.663456,348.069500,96.576810,357.237200
912.148,17,-0.514118,1.724227,-0.690658,-0.089906,0.721102,0.063270,0.684051,347.628500,93.295000,357.470900
912.260,17,-0.530929,1.724689,-0.716117,-0.093769,0.710741,0.055811,0.694939,347.897500,91.634540,356.733100
912.371,17,-0.553039,1.724139,-0.739020,-0.096424,0.707513,0.048738,0.698393,348.249500,91.155520,355.995800
912.483,17,-0.570277,1.721449,-0.743020,-0.105540,0.695127,0.051691,0.709216,347.199000,89.334920,355.682700
912.595,17,-0.580760,1.719381,-0.735804,-0.111906,0.682370,0.047913,0.720800,346.896400,87.428600,355.072900
912.706,17,-0.598876,1.714797,-0.711312,-0.107175,0.662540,0.042974,0.740073,347.550600,84.174710,355.394500
912.817,17,-0.623988,1.713905,-0.684244,-0.100271,0.638367,0.033219,0.762450,348.736900,80.322330,355.475700
912.927,17,-0.665826,1.711554,-0.649686,-0.093781,0.604129,0.037115,0.790478,348.865800,75.089550,356.808000
913.039,17,-0.697030,1.709374,-0.626992,-0.087728,0.583384,0.040757,0.806416,349.103000,71.969920,357.862600
913.150,17,-0.726522,1.709442,-0.603435,-0.078166,0.566232,0.050202,0.818994,349.345400,69.352260,359.633300
913.261,17,-0.742880,1.707428,-0.586941,-0.072345,0.543580,0.054853,0.834433,349.608800,66.095100,0.750955
913.372,17,-0.753061,1.706321,-0.578791,-0.070421,0.529971,0.058598,0.843053,349.580800,64.181340,1.407650
913.483,17,-0.757985,1.706069,-0.577586,-0.070543,0.535430,0.061693,0.839364,349.368800,64.915580,1.633950
913.595,17,-0.760842,1.705349,-0.578957,-0.070502,0.544478,0.059005,0.833722,349.524700,66.179180,1.259433
913.706,17,-0.763946,1.704579,-0.579561,-0.072106,0.552046,0.057259,0.828714,349.471200,67.256870,0.891187
913.816,17,-0.765943,1.703699,-0.577720,-0.070869,0.554635,0.057150,0.827099,349.593800,67.605420,0.927687
913.928,17,-0.766379,1.701247,-0.572182,-0.068602,0.555495,0.056214,0.826777,349.869500,67.706370,0.974130
914.039,17,-0.762917,1.699665,-0.566165,-0.066462,0.556460,0.056089,0.826311,350.080800,67.820200,1.089308
914.150,17,-0.745521,1.699740,-0.554007,-0.065167,0.553097,0.056510,0.828640,350.182500,67.336580,1.254068
914.261,17,-0.714274,1.698314,-0.539122,-0.061248,0.548473,0.051577,0.832326,350.878200,66.680500,1.083560
914.372,17,-0.672155,1.691880,-0.523287,-0.056026,0.533525,0.047844,0.842569,351.635900,64.596700,1.207015
914.483,17,-0.623810,1.685379,-0.511396,-0.051009,0.510530,0.033859,0.857678,352.988400,61.505010,0.346235
914.594,17,-0.578711,1.687502,-0.504192,-0.056563,0.488621,0.024352,0.870320,352.977800,58.667630,359.256000
914.706,17,-0.519324,1.698574,-0.499248,-0.063858,0.462483,0.018471,0.884133,352.530200,55.327080,358.473900
914.817,17,-0.470916,1.703123,-0.497819,-0.073683,0.444495,0.015695,0.892608,351.634200,53.103000,357.828600
914.928,17,-0.413279,1.701052,-0.496221,-0.070889,0.425985,0.005338,0.901933,352.390400,50.758240,357.064200
915.039,17,-0.378840,1.701406,-0.492878,-0.070450,0.413036,0.000233,0.907986,352.638600,49.135710,356.660400
915.150,17,-0.344731,1.701919,-0.485059,-0.068272,0.403749,-0.003512,0.912312,353.007800,47.961310,356.445400
915.261,17,-0.320556,1.703229,-0.473607,-0.067654,0.411625,-0.003543,0.908832,353.104700,48.949430,356.411600
915.372,17,-0.300567,1.704167,-0.458202,-0.069285,0.435826,-0.000536,0.897360,352.883900,52.029880,356.455100
915.484,17,-0.289022,1.702402,-0.442051,-0.066201,0.490059,0.003526,0.869165,353.192400,59.032780,356.607700
915.595,17,-0.288872,1.705433,-0.425512,-0.068956,0.557423,0.013756,0.827246,352.563800,68.149830,356.871600
915.706,17,-0.293321,1.709445,-0.397499,-0.072839,0.616215,0.030837,0.783596,351.248100,76.546490,357.596900
915.818,17,-0.293811,1.706690,-0.377457,-0.073464,0.645168,0.037782,0.759561,350.772700,80.864110,357.828600
915.928,17,-0.291334,1.705157,-0.359631,-0.067409,0.676693,0.035447,0.732315,351.564100,85.646730,357.722300
916.040,17,-0.291548,1.703596,-0.348929,-0.066817,0.689570,0.031359,0.720448,351.979600,87.681590,357.281500
916.151,17,-0.292067,1.705033,-0.343495,-0.071073,0.696140,0.034515,0.713545,351.403000,88.801860,357.119000
916.262,17,-0.290243,1.705646,-0.343170,-0.076452,0.701003,0.033339,0.708264,351.081100,89.681030,356.520300
916.373,17,-0.285291,1.705385,-0.347335,-0.076842,0.703638,0.032448,0.705646,351.134900,90.117270,356.382300
916.484,17,-0.277095,1.704608,-0.356962,-0.078949,0.696908,0.030070,0.712167,351.120200,89.062130,356.099400
916.596,17,-0.269139,1.704387,-0.370072,-0.080553,0.681095,0.026132,0.727281,351.212700,86.563400,355.838400
916.706,17,-0.260597,1.706489,-0.389782,-0.084042,0.634736,0.017978,0.767935,351.263000,79.501560,355.411100
916.818,17,-0.256853,1.705628,-0.405934,-0.069731,0.590803,0.008368,0.803753,352.993600,72.879820,356.016900
916.928,17,-0.257269,1.690874,-0.422767,-0.009296,0.534178,-0.028984,0.844824,0.874268,64.584210,356.622700
917.039,17,-0.259359,1.669310,-0.430299,0.066964,0.488162,-0.075537,0.866896,10.944010,58.401980,356.169600
917.148,17,-0.259716,1.644540,-0.432431,0.140816,0.438428,-0.109542,0.880882,20.129150,52.166570,355.754400
917.259,17,-0.258210,1.625895,-0.433068,0.186095,0.403208,-0.124379,0.887312,25.502440,47.859040,355.510100
917.368,17,-0.259869,1.604713,-0.437109,0.239154,0.359583,-0.138526,0.891244,31.729730,42.507160,354.945900
917.480,17,-0.260859,1.596144,-0.440729,0.258118,0.332355,-0.136888,0.896759,33.637030,39.130240,354.905100
917.588,17,-0.261057,1.591200,-0.448628,0.268517,0.312550,-0.135050,0.901095,34.634490,36.615320,354.732600
917.702,17,-0.261321,1.591595,-0.459909,0.263344,0.304640,-0.129772,0.906093,33.799970,35.598310,354.841100
917.824,17,-0.263647,1.591502,-0.476380,0.256524,0.295862,-0.129932,0.910922,32.972060,34.266150,354.190100
917.925,17,-0.265505,1.593362,-0.488694,0.248740,0.293123,-0.125884,0.914528,31.921530,33.909280,354.291400
918.034,17,-0.267803,1.594752,-0.498574,0.241895,0.290855,-0.125958,0.917074,31.127330,33.505190,353.943800
918.144,17,-0.269929,1.597521,-0.507015,0.231036,0.293225,-0.121480,0.919720,29.750160,33.820810,354.185000
918.246,17,-0.271461,1.606167,-0.511352,0.207177,0.293498,-0.112970,0.926377,26.753960,33.817510,354.364000
918.355,17,-0.275669,1.621960,-0.517730,0.159163,0.286324,-0.099600,0.939556,20.862090,32.809840,354.102400
918.455,17,-0.280873,1.639101,-0.529043,0.103940,0.268892,-0.083286,0.953917,14.069000,30.731520,353.904600
918.565,17,-0.288852,1.662869,-0.551166,0.019567,0.233445,-0.070466,0.969616,4.062554,26.812950,352.655500
918.675,17,-0.293544,1.676738,-0.572669,-0.038403,0.213104,-0.061908,0.974310,357.223100,24.866650,352.116300
918.786,17,-0.295210,1.683154,-0.601321,-0.080191,0.214902,-0.046057,0.972248,352.175700,25.420530,352.808300
918.898,17,-0.297294,1.680606,-0.619384,-0.082952,0.213386,-0.042502,0.972512,351.766700,25.244890,353.148400
919.008,17,-0.301340,1.677354,-0.641203,-0.093920,0.188804,-0.036313,0.976839,350.225100,22.409050,353.801300
919.120,17,-0.300941,1.674736,-0.662532,-0.116659,0.170245,-0.033544,0.977897,347.482500,20.431570,353.806300
919.231,17,-0.295810,1.668935,-0.695160,-0.153336,0.146699,-0.039193,0.976438,343.264900,18.162140,352.709400
919.343,17,-0.290087,1.661003,-0.723838,-0.182792,0.125746,-0.042980,0.974129,339.798900,16.128150,352.055800
919.455,17,-0.283811,1.652187,-0.747466,-0.209008,0.099914,-0.050683,0.971475,336.673900,13.560940,351.215200
919.567,17,-0.276674,1.638940,-0.772921,-0.241857,0.065831,-0.063074,0.966019,332.679200,10.223970,350.037500
919.679,17,-0.273685,1.631145,-0.783780,-0.257949,0.054053,-0.070112,0.962094,330.740800,9.246254,349.245500
919.789,17,-0.277723,1.629592,-0.781174,-0.261629,0.049548,-0.067569,0.961525,330.236000,8.655515,349.656300
919.901,17,-0.288480,1.638062,-0.765061,-0.250068,0.047243,-0.057611,0.965357,331.486400,7.850847,351.171700
920.012,17,-0.300649,1.656476,-0.735479,-0.236760,0.066956,-0.042584,0.968322,333.075400,9.674484,352.642700
920.123,17,-0.308987,1.675487,-0.688288,-0.209624,0.107369,-0.030903,0.971378,336.383500,13.992700,353.416400
920.234,17,-0.309143,1.690487,-0.638916,-0.191146,0.169628,-0.024600,0.966480,338.830200,21.204470,353.077200
920.345,17,-0.304030,1.706931,-0.581963,-0.173025,0.263371,-0.012027,0.948975,341.212600,32.167230,353.086000
920.456,17,-0.298735,1.715195,-0.550027,-0.164590,0.318819,0.006855,0.933391,341.842900,38.607320,354.434700
920.567,17,-0.291839,1.720698,-0.521316,-0.150226,0.366170,0.024062,0.918027,342.935700,44.083420,356.051000
920.678,17,-0.285310,1.723015,-0.503004,-0.142454,0.400386,0.036866,0.904455,343.309200,48.172300,357.164400
920.789,17,-0.280217,1.724165,-0.486711,-0.129778,0.443062,0.047287,0.885786,344.227800,53.405210,358.140400
920.901,17,-0.278502,1.723334,-0.480584,-0.120119,0.464346,0.052451,0.875901,344.981300,56.013080,358.833100
921.012,17,-0.277272,1.722287,-0.480359,-0.117405,0.477083,0.051560,0.869453,345.323900,57.679210,358.675200
921.123,17,-0.277939,1.721239,-0.481674,-0.117128,0.481324,0.051248,0.867169,345.376100,58.246580,358.586300
921.234,17,-0.278151,1.720341,-0.481560,-0.118188,0.476392,0.052219,0.869687,345.207100,57.593170,358.709300
921.345,17,-0.276847,1.719436,-0.480514,-0.118732,0.464567,0.051732,0.876016,345.162000,56.027520,358.833300
921.455,17,-0.274779,1.718674,-0.480455,-0.118653,0.456515,0.048535,0.880432,345.330300,54.989020,358.645300
921.566,17,-0.272805,1.718643,-0.482556,-0.121130,0.455580,0.045751,0.880728,345.223300,54.931830,358.235000
921.677,17,-0.272441,1.718686,-0.483647,-0.123264,0.457418,0.044102,0.879562,345.097100,55.226490,357.913400
921.788,17,-0.275297,1.718803,-0.477312,-0.120291,0.456448,0.048878,0.880225,345.144300,55.002470,358.591100
921.900,17,-0.278039,1.718486,-0.468403,-0.115988,0.450438,0.049408,0.883862,345.549400,54.137710,358.985200
922.010,17,-0.279206,1.718449,-0.457872,-0.111858,0.453297,0.051163,0.882832,345.883900,54.438180,359.345800
922.122,17,-0.278755,1.717858,-0.451308,-0.106298,0.459801,0.050522,0.880188,346.491800,55.225720,359.480600
922.232,17,-0.278129,1.717654,-0.448380,-0.105701,0.463265,0.051119,0.878407,346.522700,55.670240,359.521100
922.344,17,-0.276555,1.716175,-0.448904,-0.099900,0.466658,0.046273,0.877559,347.377700,56.083380,359.294000
922.455,17,-0.273192,1.713935,-0.452242,-0.091441,0.468810,0.039476,0.877666,348.607900,56.314210,359.038900
922.565,18,-0.264908,1.710185,-0.461551,-0.076316,0.473636,0.025652,0.877033,350.899700,56.868070,358.415900
922.676,18,-0.255191,1.701249,-0.470506,-0.042108,0.484530,-0.001249,0.873760,355.849700,58.109260,357.529700
922.787,18,-0.236732,1.679667,-0.482285,0.025883,0.497732,-0.053615,0.865285,5.633440,59.627010,356.138500
922.898,18,-0.218399,1.660290,-0.494083,0.079306,0.498119,-0.089653,0.858808,13.034240,59.724000,355.585900
923.008,18,-0.193984,1.650174,-0.513928,0.093073,0.499992,-0.107862,0.854231,15.478220,59.943390,354.569500
923.120,18,-0.181407,1.631529,-0.531497,0.138170,0.501893,-0.143151,0.841737,22.104600,60.372330,353.660900
923.230,18,-0.177025,1.619292,-0.538746,0.181615,0.468346,-0.145360,0.852373,26.472200,56.402460,355.021400
923.342,18,-0.198699,1.623509,-0.522287,0.168604,0.317138,-0.140663,0.922611,23.598880,35.932610,350.413200
923.453,18,-0.232398,1.625827,-0.511707,0.164051,0.150928,-0.125971,0.966664,20.805070,15.541300,348.020700
923.564,18,-0.249847,1.628235,-0.513460,0.163826,0.082876,-0.103765,0.977510,19.723590,7.816704,349.242100
923.675,18,-0.249022,1.634681,-0.518928,0.151907,0.090001,-0.091191,0.980055,18.310660,9.011827,350.823500
923.786,18,-0.222727,1.661744,-0.532420,0.042959,0.189990,-0.063516,0.978787,6.213341,21.631010,353.762400
923.898,18,-0.193838,1.691003,-0.560762,-0.084921,0.338174,-0.008690,0.937204,351.181900,40.012250,355.721400
924.011,18,-0.176839,1.710812,-0.595268,-0.169417,0.440942,0.043654,0.880319,340.319200,53.978420,355.581100
924.123,18,-0.168390,1.712678,-0.608672,-0.181130,0.470341,0.057924,0.861752,338.489800,58.077650,355.650800
924.235,18,-0.157300,1.712620,-0.610565,-0.179592,0.481785,0.056651,0.855816,338.778000,59.632530,355.318400
924.346,18,-0.135610,1.712866,-0.604177,-0.180334,0.504965,0.063896,0.841670,338.401900,62.801640,355.400100
924.458,18,-0.111092,1.713741,-0.592127,-0.182947,0.535967,0.079022,0.820381,337.363800,67.141040,355.871400
924.568,18,-0.074447,1.716421,-0.563737,-0.199838,0.568712,0.113761,0.789740,333.574400,72.233080,356.951900
924.680,18,-0.039320,1.722520,-0.525615,-0.203701,0.596912,0.141709,0.762968,331.314000,76.526160,358.239900
924.792,18,-0.004853,1.736595,-0.480431,-0.204134,0.612106,0.162314,0.746532,329.768700,78.834370,359.498700
924.903,18,0.026861,1.742189,-0.432702,-0.200780,0.618343,0.176496,0.739046,328.999700,79.603740,0.840650
925.014,18,0.056772,1.738200,-0.391345,-0.176573,0.622886,0.168029,0.743371,331.845900,79.434230,1.939879
925.125,18,0.105903,1.712904,-0.349387,-0.088286,0.634037,0.090240,0.762928,345.573200,79.264340,1.523016
925.234,18,0.142743,1.675092,-0.333999,0.026467,0.651948,-0.025747,0.757364,4.224317,81.434970,359.742000
925.344,18,0.176699,1.621778,-0.328071,0.143721,0.652500,-0.163326,0.725888,24.947730,83.211390,356.866900
925.454,18,0.203857,1.594814,-0.332358,0.188371,0.652390,-0.216068,0.701583,33.109180,84.670070,356.070900
925.564,18,0.226490,1.587826,-0.349428,0.198568,0.669989,-0.232319,0.676546,35.449250,88.355880,356.602800
925.676,18,0.244901,1.586146,-0.370143,0.199389,0.683479,-0.237449,0.660848,36.023260,90.977490,357.074500
925.787,18,0.272675,1.581111,-0.398963,0.209969,0.679681,-0.245705,0.658465,37.626860,90.875870,357.238900
925.899,18,0.300323,1.579041,-0.424670,0.218310,0.669190,-0.243053,0.667421,38.076050,89.341200,357.651600
926.010,18,0.344324,1.576830,-0.461048,0.221648,0.640045,-0.239261,0.695679,37.927670,84.001520,356.426200
926.121,18,0.388463,1.579464,-0.495673,0.225366,0.603695,-0.242197,0.725330,38.269020,77.530140,354.207300
926.231,18,0.429112,1.575373,-0.526121,0.226933,0.569790,-0.242548,0.751672,38.138330,71.644870,352.252800
926.343,18,0.457938,1.570634,-0.543417,0.259505,0.528929,-0.234310,0.773299,40.482480,66.295040,353.366500
926.453,18,0.482763,1.573456,-0.548510,0.261851,0.483371,-0.214885,0.807224,39.085760,59.361160,353.060800
926.564,18,0.499856,1.568935,-0.551207,0.275657,0.444293,-0.211010,0.825889,40.002780,53.723740,352.227400
926.675,18,0.513201,1.567637,-0.552524,0.282062,0.424144,-0.204535,0.835888,40.169370,50.981050,352.278700
926.786,18,0.529942,1.568467,-0.547306,0.284735,0.398653,-0.194438,0.849821,39.715380,47.467610,352.270800
926.898,18,0.540448,1.565350,-0.533711,0.294783,0.369529,-0.190808,0.860316,40.408390,43.415730,351.659800
927.008,18,0.548045,1.561780,-0.503895,0.313711,0.333320,-0.187000,0.869203,42.068510,38.499770,351.013900
927.120,18,0.550201,1.558862,-0.470079,0.323641,0.313403,-0.177354,0.874975,42.650260,36.127540,351.595600
927.230,18,0.545108,1.552658,-0.415430,0.338239,0.297715,-0.159179,0.878420,43.551930,34.966940,353.801400
927.342,18,0.533006,1.556347,-0.363044,0.345783,0.293219,-0.141757,0.879978,43.764410,35.367530,356.291900
927.452,18,0.516577,1.566619,-0.314530,0.338913,0.282152,-0.115458,0.890055,41.947950,34.756050,358.900100
927.564,18,0.496424,1.567128,-0.276435,0.338692,0.258403,-0.101190,0.899042,41.398470,31.872030,359.472200
927.675,18,0.480427,1.566080,-0.249262,0.348608,0.224978,-0.085662,0.905825,42.074800,27.946010,0.128828
927.787,18,0.467049,1.567121,-0.219448,0.353138,0.176366,-0.062792,0.916649,42.032790,22.061540,0.728660
927.898,18,0.461465,1.565039,-0.197707,0.361802,0.126315,-0.046348,0.922494,42.783430,15.773990,0.459893
928.009,18,0.461267,1.562830,-0.179649,0.366793,0.040491,-0.026184,0.929052,43.130360,4.403009,358.512200
928.120,18,0.471888,1.570315,-0.176568,0.359871,-0.033117,-0.015087,0.932292,42.067830,354.387000,355.985800
928.231,18,0.494058,1.586637,-0.175269,0.323425,-0.118912,-0.001889,0.938751,37.357160,343.595900,354.190000
928.342,18,0.512124,1.588155,-0.176341,0.305814,-0.186419,0.010028,0.933609,35.082820,335.299900,353.312700
928.453,18,0.521285,1.586496,-0.181313,0.302525,-0.244716,0.029932,0.920704,34.870420,328.185800,353.494900
928.564,18,0.522510,1.586809,-0.190862,0.292720,-0.302854,0.043523,0.905925,33.829780,320.958000,353.193800
928.675,18,0.521936,1.592077,-0.201818,0.281013,-0.344052,0.046839,0.894688,32.348510,315.767700,352.549000
928.786,18,0.518411,1.616285,-0.215937,0.221586,-0.405478,0.037273,0.886058,25.018030,309.220000,352.795500
928.898,18,0.517368,1.645445,-0.233104,0.139762,-0.475346,0.000002,0.868627,14.052060,301.650000,352.127700
929.009,18,0.529728,1.687706,-0.256224,0.003168,-0.547581,-0.073283,0.833532,355.700100,293.667100,352.762000
929.122,18,0.548109,1.708427,-0.271162,-0.072832,-0.572470,-0.111329,0.809061,345.799500,290.149600,354.272100
929.233,18,0.559099,1.714481,-0.277722,-0.101317,-0.583403,-0.118942,0.797012,342.525400,288.252600,355.708300
929.346,18,0.560716,1.715616,-0.275859,-0.106395,-0.588703,-0.116149,0.792855,342.213800,287.366600,356.453100
929.457,18,0.554860,1.715688,-0.268251,-0.106417,-0.600747,-0.116236,0.783753,342.153600,285.573700,356.727200
929.568,18,0.537693,1.716797,-0.249474,-0.113332,-0.626791,-0.120382,0.761444,341.125200,281.495700,357.501000
929.680,18,0.517253,1.717847,-0.229993,-0.127445,-0.634842,-0.129533,0.750969,339.152500,279.949300,357.992600
929.791,18,0.482321,1.722346,-0.210720,-0.156263,-0.627204,-0.147870,0.748553,335.201300,280.433500,358.399200
929.903,18,0.449273,1.733973,-0.203436,-0.186987,-0.622005,-0.147968,0.745823,332.419700,280.156100,0.769110
930.015,18,0.427433,1.739705,-0.200376,-0.200791,-0.620487,-0.158031,0.741421,330.405800,279.890500,0.977975
930.126,18,0.414204,1.741004,-0.199960,-0.215704,-0.628554,-0.162932,0.729278,328.705400,277.855100,2.247998
930.236,18,0.412096,1.744072,-0.197692,-0.223646,-0.651396,-0.165844,0.705806,327.875400,273.474900,3.876649
930.347,18,0.415129,1.745694,-0.180942,-0.231067,-0.689893,-0.178574,0.662395,326.460600,265.962300,5.663126
930.459,18,0.422771,1.745900,-0.155818,-0.223829,-0.722640,-0.193041,0.624843,326.033200,259.958100,5.691918
930.570,18,0.442486,1.744133,-0.109228,-0.204092,-0.768149,-0.216614,0.566896,325.654500,251.395200,4.720755
930.681,18,0.464247,1.744083,-0.060662,-0.196439,-0.804720,-0.235168,0.508462,324.672300,242.847600,5.416156
930.792,18,0.483153,1.740941,-0.012048,-0.193673,-0.841111,-0.245174,0.441490,324.306700,232.895000,7.735580
930.903,18,0.495888,1.734154,0.033681,-0.166699,-0.873502,-0.250238,0.382868,325.610700,225.189300,6.932752
931.014,18,0.503702,1.733382,0.069621,-0.137013,-0.897812,-0.250883,0.334992,327.160500,219.353700,5.322344
931.125,18,0.506943,1.732099,0.097232,-0.114131,-0.914044,-0.245928,0.301690,328.772200,215.402500,4.040547
931.236,18,0.506449,1.729707,0.115669,-0.096640,-0.921760,-0.242848,0.286434,329.797600,213.826200,2.588941
931.346,18,0.504181,1.729592,0.130780,-0.080702,-0.927922,-0.239557,0.273973,330.738200,212.581600,1.215554
931.457,18,0.504444,1.730809,0.137112,-0.078100,-0.930315,-0.235741,0.269892,331.263500,212.053300,1.180596
931.568,18,0.507764,1.730561,0.142391,-0.086246,-0.929803,-0.233426,0.271183,331.258600,211.953500,2.208011
931.680,18,0.509683,1.732132,0.145575,-0.092282,-0.927309,-0.234200,0.277006,330.956300,212.560700,2.714155
931.790,18,0.510670,1.732859,0.148078,-0.095797,-0.923782,-0.235889,0.286017,330.618700,213.681300,2.766250
931.902,18,0.511412,1.732783,0.149606,-0.097148,-0.920201,-0.232668,0.299431,330.897100,215.377600,2.588111
932.012,18,0.512880,1.732844,0.151424,-0.101547,-0.915817,-0.230645,0.312682,330.924500,216.992000,2.738636
932.124,18,0.514361,1.733585,0.154140,-0.107668,-0.911821,-0.231277,0.321715,330.590800,218.047300,3.128147
932.235,18,0.514758,1.734584,0.156295,-0.110783,-0.908857,-0.234132,0.326938,330.130700,218.718300,3.191574
932.346,18,0.514027,1.734285,0.158019,-0.106606,-0.910550,-0.233678,0.323925,330.355500,218.419400,2.819552
932.457,18,0.511656,1.734246,0.158708,-0.101356,-0.913034,-0.235529,0.317211,330.370200,217.695100,2.351045
932.567,18,0.502679,1.733841,0.156328,-0.093064,-0.916664,-0.239197,0.306353,330.294200,216.538700,1.587291
932.679,18,0.485430,1.732430,0.150080,-0.078436,-0.921147,-0.236547,0.298967,331.138900,215.911100,0.200318
932.790,18,0.446790,1.730699,0.131272,-0.059447,-0.924278,-0.228001,0.300320,332.794800,216.422300,358.256700
932.902,18,0.407261,1.724683,0.101607,-0.049725,-0.924137,-0.213107,0.313184,334.847700,218.029800,357.367300
933.012,18,0.375959,1.721797,0.059850,-0.055143,-0.922822,-0.183235,0.334340,337.972000,220.080700,358.717300
933.123,18,0.353788,1.722362,0.014709,-0.064650,-0.922836,-0.163992,0.342491,339.698500,220.646200,0.427062
933.235,18,0.338260,1.724562,-0.021826,-0.076261,-0.924790,-0.155431,0.338804,340.174400,219.861000,2.176649
933.346,18,0.320808,1.724701,-0.059811,-0.082092,-0.923404,-0.155276,0.341285,339.952500,220.075900,2.783607
933.457,18,0.310582,1.720995,-0.081162,-0.081670,-0.928750,-0.145048,0.331231,341.123400,218.696400,3.369409
933.568,18,0.302441,1.722206,-0.098656,-0.075284,-0.949267,-0.147052,0.267582,341.369000,210.846600,3.886696
933.679,18,0.293230,1.721577,-0.104666,-0.069503,-0.965017,-0.152673,0.201503,341.175300,202.858900,4.399974
933.790,18,0.269484,1.721438,-0.101831,-0.051784,-0.979114,-0.163118,0.109760,340.683300,192.113800,3.985927
933.902,18,0.235822,1.719835,-0.085205,-0.033668,-0.983609,-0.174572,0.030067,339.791000,182.894800,3.404845
934.013,18,0.189779,1.724971,-0.057160,-0.021848,-0.978974,-0.198134,-0.043320,337.291500,174.184200,3.725760
934.124,18,0.141818,1.729234,-0.029038,-0.005157,-0.967160,-0.229411,-0.109299,333.728400,166.207100,3.844536
934.235,18,0.106270,1.729066,-0.007093,0.014417,-0.957996,-0.241854,-0.153437,332.107400,161.050400,3.022051
934.346,18,0.077218,1.733156,0.017144,0.024078,-0.947531,-0.251595,-0.195718,330.908000,155.758700,3.467683
934.457,18,0.063419,1.734942,0.031537,0.022499,-0.938732,-0.260197,-0.224886,330.090600,151.733000,4.949609
934.568,18,0.047067,1.736161,0.042991,0.031511,-0.929882,-0.267228,-0.250829,329.150200,148.416300,5.042147
934.679,18,0.032896,1.736121,0.047013,0.037716,-0.927095,-0.267974,-0.259349,328.906400,147.455200,4.626034
934.790,18,0.013465,1.734066,0.048266,0.049988,-0.925692,-0.256106,-0.273872,329.898700,146.186900,3.162884
934.901,18,-0.004610,1.729348,0.042356,0.054849,-0.927582,-0.233165,-0.286737,332.353600,145.136000,2.067704
935.012,18,-0.023514,1.719071,0.024264,0.061494,-0.941918,-0.164963,-0.286001,339.761000,146.453700,358.687800
935.123,18,-0.039335,1.697821,-0.002666,0.053133,-0.959983,-0.056853,-0.269030,352.082700,148.975800,355.864700
935.232,18,-0.047315,1.673583,-0.029747,0.027745,-0.968155,0.047534,-0.244227,4.501661,151.509900,355.573600
935.343,18,-0.045684,1.658063,-0.059518,0.010332,-0.968882,0.101045,-0.225723,11.019080,153.401200,356.165700
935.453,18,-0.035204,1.644930,-0.096362,0.001630,-0.964775,0.141634,-0.221690,15.817100,153.571900,356.070000
935.565,18,-0.020231,1.636125,-0.138277,-0.001062,-0.965502,0.150730,-0.212333,16.948450,154.640500,356.286300
935.677,18,-0.004212,1.633867,-0.175942,-0.014357,-0.968344,0.152640,-0.196989,17.534060,156.702900,358.056900
935.788,18,0.018255,1.635652,-0.223780,-0.032122,-0.968828,0.155749,-0.189956,18.299980,157.843600,0.185316
935.900,18,0.038341,1.639490,-0.262652,-0.040817,-0.968992,0.157068,-0.186328,18.639080,158.435000,1.243946
936.011,18,0.059082,1.637884,-0.298625,-0.050580,-0.968699,0.160603,-0.182402,19.244670,159.078200,2.392111
936.122,18,0.075285,1.632411,-0.323307,-0.057041,-0.966196,0.170486,-0.184790,20.519500,158.868500,2.889906
936.233,18,0.086198,1.633910,-0.337592,-0.060674,-0.963347,0.169587,-0.198799,20.540340,157.228800,3.028371
936.344,18,0.093198,1.636268,-0.351685,-0.064793,-0.958374,0.160584,-0.227009,19.707370,153.890500,3.122693
936.456,18,0.096081,1.636046,-0.367235,-0.064471,-0.948808,0.159316,-0.265002,19.663190,149.189700,2.306764
936.567,18,0.093413,1.636282,-0.387621,-0.061245,-0.928470,0.157246,-0.330857,19.422040,140.873900,0.587908
936.678,18,0.083909,1.638996,-0.399515,-0.059073,-0.901246,0.144156,-0.404333,17.915300,131.578600,359.392100
936.789,18,0.063769,1.653955,-0.408582,-0.056203,-0.844673,0.117319,-0.519235,14.865930,116.632500,358.406000
936.900,18,0.043405,1.665551,-0.409759,-0.042213,-0.774107,0.078229,-0.626783,10.022340,101.839800,358.096400
937.011,18,0.020933,1.669328,-0.410624,-0.033837,-0.691784,0.059764,-0.718831,7.546669,87.653950,357.739300
937.122,18,-0.001623,1.670309,-0.416194,-0.031308,-0.626800,0.053706,-0.776697,6.658934,77.659250,357.450700
937.232,18,-0.021151,1.671132,-0.423042,-0.030868,-0.580150,0.048734,-0.812464,6.125407,70.924640,357.499800
937.344,18,-0.032554,1.672395,-0.432275,-0.027105,-0.556870,0.044989,-0.828937,5.453780,67.663700,357.443800
937.454,18,-0.036574,1.672059,-0.441545,-0.026102,-0.549796,0.040160,-0.833925,5.030983,66.696000,357.797700
937.566,18,-0.034480,1.673035,-0.453256,-0.026988,-0.553835,0.042743,-0.831091,5.290389,67.249170,357.631300
937.677,18,-0.030327,1.672365,-0.460968,-0.027449,-0.564977,0.044414,-0.823453,5.473860,68.792570,357.574400
937.787,18,-0.024915,1.670442,-0.465723,-0.034514,-0.576658,0.047911,-0.814849,6.401987,70.449650,357.792700
937.899,18,-0.021702,1.669747,-0.466672,-0.034080,-0.581099,0.050299,-0.811562,6.532905,71.068880,357.575200
938.010,18,-0.020563,1.669468,-0.468301,-0.034188,-0.588746,0.048209,-0.806155,6.424087,72.161060,357.839000
938.121,18,-0.020228,1.670580,-0.470561,-0.031215,-0.597145,0.045599,-0.800228,5.993521,73.354320,357.942900
938.232,18,-0.018840,1.670862,-0.471854,-0.030378,-0.600974,0.042722,-0.797548,5.727922,73.906910,358.178200
938.343,18,-0.010949,1.674706,-0.469435,-0.021531,-0.599472,0.037302,-0.799236,4.539124,73.666920,358.056300
938.455,18,0.002929,1.678374,-0.462762,-0.015246,-0.602298,0.031362,-0.797510,3.560136,74.065370,358.182300
938.566,18,0.025000,1.684962,-0.449730,-0.003804,-0.625658,0.022527,-0.779763,1.955408,77.455270,358.258600
938.677,18,0.045283,1.710702,-0.435203,0.003107,-0.644202,0.013222,-0.764735,0.703769,80.212150,358.611700
938.788,18,0.068209,1.755775,-0.416587,0.016796,-0.662875,-0.001016,-0.748541,358.481900,83.069090,358.810800
938.901,18,0.083568,1.766567,-0.402369,0.026300,-0.674084,-0.014732,-0.738040,356.635800,84.836750,359.213000
939.012,18,0.096047,1.765975,-0.392256,0.026161,-0.682533,-0.010324,-0.730314,357.001900,86.157080,358.816200
939.123,18,0.101988,1.768391,-0.386028,0.031030,-0.685631,-0.012376,-0.727183,356.439700,86.674540,358.590500
939.235,18,0.103246,1.768550,-0.382878,0.032916,-0.691415,-0.017277,-0.721501,355.906200,87.602550,358.817400
939.346,18,0.101349,1.768059,-0.380248,0.037648,-0.697230,-0.025068,-0.715419,354.904000,88.567180,359.043400
939.457,18,0.099330,1.765201,-0.378342,0.040046,-0.697515,-0.022725,-0.715089,354.895300,88.634360,358.655800
939.568,18,0.097460,1.765895,-0.374488,0.038380,-0.692640,-0.026052,-0.719791,354.759300,87.838720,359.098800
939.679,18,0.096418,1.765986,-0.372095,0.039897,-0.686220,-0.030738,-0.725648,354.255800,86.830050,359.415700
939.790,18,0.095675,1.762348,-0.371700,0.039060,-0.685650,-0.029396,-0.726288,354.430800,86.733220,359.374700
939.902,18,0.095310,1.760515,-0.371577,0.038702,-0.684217,-0.029449,-0.727655,354.455300,86.503780,359.418300
940.012,18,0.094834,1.761530,-0.373625,0.039474,-0.683638,-0.029687,-0.728148,354.371600,86.418790,359.381700
940.124,18,0.094363,1.763216,-0.378392,0.040215,-0.684288,-0.030265,-0.727473,354.264900,86.527570,359.366400
940.234,18,0.095510,1.765522,-0.384042,0.038439,-0.684617,-0.028498,-0.727331,354.552300,86.565030,359.356700
940.345,18,0.098005,1.766814,-0.391185,0.037582,-0.683363,-0.024427,-0.728701,354.942400,86.362030,359.093200
940.456,18,0.099335,1.767702,-0.395319,0.038310,-0.683703,-0.023097,-0.728388,354.986400,86.422130,358.922200
940.567,18,0.098644,1.769919,-0.400598,0.041546,-0.682513,-0.024140,-0.729293,354.632100,86.262410,358.762500
940.678,18,0.095920,1.769951,-0.404453,0.044334,-0.682267,-0.023253,-0.729388,354.468000,86.250270,358.470100
940.789,18,0.089489,1.769743,-0.407140,0.052326,-0.678666,-0.026784,-0.732091,353.513500,85.766520,358.165500
940.901,18,0.077722,1.768188,-0.408972,0.066811,-0.666993,-0.036030,-0.741187,351.541000,84.121030,357.930700
941.011,18,0.055877,1.763229,-0.417138,0.078855,-0.641919,-0.045984,-0.761320,349.682500,80.437120,358.181500
941.122,18,0.018608,1.754749,-0.438182,0.082846,-0.590051,-0.044908,-0.801848,349.289000,72.836870,358.498400
941.233,18,-0.028465,1.740637,-0.473591,0.091112,-0.498204,-0.053001,-0.860629,347.898800,60.128980,0.025936
941.344,18,-0.074554,1.715441,-0.519816,0.080719,-0.379611,-0.038623,-0.920809,349.748100,44.757190,0.573232
941.455,18,-0.113507,1.690531,-0.558460,0.054946,-0.257982,-0.008615,-0.964548,353.659300,29.985570,359.323800
941.565,18,-0.157182,1.673865,-0.599381,0.031518,-0.129923,0.017846,-0.990862,356.685100,15.012560,357.499500
941.676,18,-0.186440,1.673985,-0.627915,0.021862,-0.054302,0.024669,-0.997980,357.652700,6.289641,357.039000
941.787,18,-0.218633,1.670126,-0.658037,0.007228,0.031738,0.023928,-0.999184,359.085400,356.383000,357.285200
941.899,18,-0.234998,1.666442,-0.674461,-0.006871,0.068593,0.028304,-0.997220,0.562712,352.114100,356.709600
942.010,18,-0.251925,1.665244,-0.687482,-0.017286,0.113837,0.028861,-0.992930,1.590515,346.870700,356.487200
942.122,18,-0.260755,1.665685,-0.697756,-0.021283,0.135699,0.030824,-0.990042,1.935671,344.326100,356.167100
942.233,18,-0.260964,1.669917,-0.707616,-0.008919,0.121984,0.035751,-0.991848,0.513995,345.958400,355.808100
942.344,18,-0.243897,1.686038,-0.717547,0.059841,0.019105,0.022740,-0.997766,353.091500,357.956300,357.512200
942.456,18,-0.220830,1.705152,-0.735797,0.148071,-0.138177,-0.006512,-0.979255,343.034300,16.314970,358.312500
942.568,18,-0.205584,1.714678,-0.766066,0.197440,-0.303538,-0.029358,-0.931676,337.311400,36.903760,355.950300
942.680,18,-0.204446,1.717970,-0.783671,0.214562,-0.390327,-0.047332,-0.894074,335.126400,48.325900,354.759600
942.791,18,-0.209969,1.719730,-0.793623,0.222356,-0.448839,-0.061750,-0.863301,333.937500,56.317070,354.058600
942.903,18,-0.217927,1.720004,-0.796841,0.221676,-0.479531,-0.074705,-0.845771,333.472900,60.408930,354.469200
943.014,18,-0.227453,1.723516,-0.800605,0.235615,-0.506279,-0.091353,-0.824513,331.247000,64.579320,354.243700
943.125,18,-0.239370,1.729169,-0.808144,0.262646,-0.550006,-0.115436,-0.784337,327.385300,72.233610,352.644900
943.236,18,-0.247832,1.731551,-0.814170,0.278617,-0.591087,-0.132083,-0.745347,325.146700,79.753310,350.709600
943.347,18,-0.238814,1.708597,-0.799096,0.164303,-0.599141,-0.059830,-0.781316,340.826000,76.027040,353.715700
943.456,18,-0.224758,1.668565,-0.770385,0.012883,-0.535996,0.045632,-0.842888,1.558611,64.834080,354.792100
943.563,18,-0.215731,1.621512,-0.730273,-0.130392,-0.423246,0.113063,-0.889426,19.126420,49.966940,354.488400
943.668,18,-0.214794,1.599117,-0.702224,-0.192257,-0.341613,0.128450,-0.910955,25.978640,39.598360,353.442000
943.774,18,-0.217707,1.588264,-0.679570,-0.225862,-0.269431,0.132748,-0.926699,29.350150,30.271850,351.799600
943.876,18,-0.217891,1.585111,-0.667841,-0.238864,-0.238018,0.138941,-0.931121,30.728030,26.003500,350.286500
943.976,18,-0.211550,1.585134,-0.658343,-0.238809,-0.239452,0.145599,-0.929750,30.916760,25.972870,349.497800
944.089,18,-0.180373,1.581662,-0.664844,-0.240487,-0.362245,0.171939,-0.883958,33.348440,41.886260,351.064800
944.203,18,-0.148802,1.579420,-0.689525,-0.238001,-0.527613,0.178546,-0.795677,34.551670,66.382800,357.704700
944.315,18,-0.132330,1.579800,-0.712110,-0.218506,-0.635230,0.188709,-0.716329,33.558730,83.282630,0.498411
944.421,18,-0.128706,1.580095,-0.740755,-0.204489,-0.746144,0.196813,-0.602261,32.684580,103.542800,4.640357
944.534,18,-0.138869,1.583901,-0.757885,-0.177044,-0.823566,0.204566,-0.498546,30.895660,119.244100,5.862208
944.645,18,-0.156764,1.588102,-0.760769,-0.149655,-0.882484,0.212595,-0.391955,29.507640,133.798500,6.431152
944.757,18,-0.176118,1.591521,-0.747938,-0.124229,-0.915213,0.225438,-0.310048,29.319580,144.079800,5.766131
944.868,18,-0.204717,1.595715,-0.710058,-0.075920,-0.951378,0.225645,-0.195448,27.324190,157.664400,3.630249
944.979,18,-0.229487,1.594251,-0.661100,-0.046157,-0.964940,0.239188,-0.097719,28.074910,169.122500,2.749938
945.090,18,-0.264358,1.601310,-0.589906,-0.009103,-0.967288,0.249689,0.043890,28.831990,185.860800,2.586089
945.202,18,-0.309803,1.611425,-0.529963,0.011652,-0.950573,0.216027,0.222727,24.575280,207.392200,4.672273
945.313,18,-0.342345,1.611300,-0.468476,0.038775,-0.903895,0.220690,0.364370,25.291100,225.203000,5.759187
945.424,18,-0.356643,1.614305,-0.418738,0.054318,-0.858757,0.211333,0.463599,24.414250,238.126400,6.473099
945.536,18,-0.356337,1.620232,-0.391666,0.055315,-0.838581,0.192723,0.506538,22.288250,243.521300,6.358239
945.647,18,-0.348006,1.651436,-0.376494,0.016750,-0.847430,0.093773,0.522291,10.161840,243.653500,4.052727
945.759,18,-0.324540,1.702139,-0.372951,-0.048367,-0.877351,-0.102800,0.466205,346.968800,236.044200,359.354200
945.872,18,-0.285096,1.732393,-0.358829,-0.036934,-0.909089,-0.244204,0.335497,332.044300,222.078900,353.714500
945.984,18,-0.259089,1.740711,-0.356557,-0.015529,-0.934836,-0.294550,0.197687,326.161600,205.719800,353.958400
946.095,18,-0.233586,1.744520,-0.360136,0.035910,-0.948762,-0.313875,-0.006630,323.411600,180.710900,355.429800
946.206,18,-0.204490,1.748594,-0.355251,0.171118,-0.839163,-0.286936,-0.429176,321.064000,126.892200,356.985900
946.317,18,-0.209107,1.745112,-0.360059,0.255301,-0.627783,-0.187991,-0.710893,323.200400,84.164050,356.185900
946.428,18,-0.228356,1.739680,-0.405022,0.299275,-0.364357,-0.095038,-0.876725,323.557200,46.341690,356.333700
946.539,18,-0.234982,1.730304,-0.459373,0.291522,-0.235545,-0.042968,-0.926114,325.929800,29.765080,356.002500
946.650,18,-0.238427,1.718839,-0.522994,0.253140,-0.098728,0.009752,-0.962329,330.969100,12.883540,355.490100
946.761,18,-0.245458,1.709135,-0.558943,0.208307,0.010351,0.045199,-0.976964,335.923800,359.912500,354.720900
946.872,18,-0.258135,1.689133,-0.570410,0.110449,0.082752,0.069280,-0.988005,346.719700,351.240500,352.999500
946.981,18,-0.278737,1.650146,-0.554099,-0.078972,0.106904,0.073996,-0.988362,8.064307,346.983300,350.515300
947.090,18,-0.301330,1.603299,-0.528811,-0.251303,0.094482,0.083876,-0.959627,27.805070,345.364800,346.368400
947.206,18,-0.325216,1.572406,-0.499323,-0.330413,0.053053,0.092339,-0.937809,37.584460,348.312800,344.764200
947.307,18,-0.343472,1.559791,-0.478196,-0.360556,-0.003723,0.113585,-0.925789,41.946960,354.211500,343.790200
947.421,18,-0.338505,1.559571,-0.461473,-0.345829,-0.201759,0.136142,-0.906179,42.976760,21.782500,351.575300
947.527,18,-0.345826,1.559485,-0.463365,-0.356000,-0.368632,0.116671,-0.850742,43.768510,48.896730,5.080705
947.630,18,-0.366853,1.561516,-0.461814,-0.349364,-0.424157,0.130853,-0.825175,43.438560,56.943340,6.358636
947.741,18,-0.392047,1.563026,-0.460618,-0.334880,-0.454302,0.144221,-0.812813,42.487550,60.517410,5.433232
947.850,18,-0.418941,1.569324,-0.463235,-0.323419,-0.469937,0.158241,-0.805928,42.069500,61.946210,3.777881
947.952,18,-0.443819,1.597380,-0.464681,-0.250488,-0.475130,0.137331,-0.832255,33.191510,59.636300,0.646364
948.052,18,-0.471423,1.647953,-0.470939,-0.093965,-0.468409,0.081440,-0.874718,13.926690,55.944960,356.784300
948.162,18,-0.507548,1.681067,-0.489968,0.001281,-0.467431,0.044297,-0.882918,2.243631,55.705580,355.441300
948.270,18,-0.531060,1.692585,-0.504988,0.042163,-0.471673,0.030837,-0.880225,357.413100,56.491810,354.597200
948.382,18,-0.541391,1.698518,-0.515154,0.068585,-0.478245,0.027444,-0.875114,354.618300,57.621060,353.446200
948.493,18,-0.537796,1.699580,-0.520944,0.076076,-0.479819,0.031534,-0.873494,354.108700,57.942050,352.601200
948.604,18,-0.526998,1.692527,-0.515588,0.037235,-0.441576,0.051845,-0.894951,358.804700,52.599620,352.778400
948.716,18,-0.514280,1.687945,-0.507338,0.014441,-0.380006,0.061395,-0.922831,1.146467,44.690520,352.858900
948.826,18,-0.503779,1.670611,-0.496516,-0.072284,-0.255438,0.079820,-0.960810,10.351160,29.159600,353.201200
948.937,18,-0.488772,1.667458,-0.493393,-0.081941,-0.178570,0.090888,-0.976288,11.096130,19.885140,351.313600
949.048,18,-0.462160,1.663653,-0.498162,-0.107967,-0.127116,0.095571,-0.981352,13.662610,13.622140,350.514900
949.159,18,-0.427714,1.663196,-0.506859,-0.111083,-0.151846,0.100226,-0.977015,14.329440,16.454740,350.368300
949.270,18,-0.360192,1.654799,-0.531869,-0.125676,-0.310349,0.095874,-0.937389,17.164920,35.713770,353.887600
949.380,18,-0.302452,1.641755,-0.566951,-0.137235,-0.465179,0.099852,-0.868795,19.351180,55.857170,357.216200
949.491,18,-0.262382,1.635364,-0.596853,-0.133774,-0.554105,0.100637,-0.815442,19.250320,68.229940,359.036400
949.602,18,-0.235173,1.647505,-0.612543,-0.094906,-0.607478,0.079838,-0.784595,14.236550,75.424560,359.410400
949.714,18,-0.214431,1.680283,-0.600142,0.032255,-0.604199,-0.004629,-0.796167,356.735000,74.440270,358.185800
949.827,18,-0.199071,1.696841,-0.570880,0.089051,-0.597312,-0.054447,-0.795188,348.072800,73.945800,358.841000
949.940,18,-0.178377,1.698824,-0.533441,0.102952,-0.631848,-0.080476,-0.763998,344.988800,79.239170,359.576900
950.051,18,-0.141728,1.700076,-0.475202,0.102558,-0.737429,-0.098788,-0.660243,343.672700,96.500130,358.757400
950.163,18,-0.106451,1.710974,-0.425189,0.089998,-0.863043,-0.098967,-0.487096,345.018900,121.579800,356.502400
950.275,18,-0.082648,1.716575,-0.385819,0.062877,-0.925462,-0.111460,-0.356571,345.454700,138.136600,357.815600
950.387,18,-0.065784,1.713519,-0.352093,0.030355,-0.966178,-0.110605,-0.230965,346.835300,153.162800,359.554900
950.498,18,-0.070524,1.705578,-0.338461,0.015192,-0.988136,-0.080737,-0.129759,350.589800,165.081100,359.473200
950.609,18,-0.103445,1.680013,-0.330461,0.013925,-0.999079,0.033635,0.022733,3.889953,182.555700,358.489700
950.719,18,-0.140566,1.660590,-0.310726,0.029963,-0.984422,0.108184,0.135319,12.774090,195.458200,358.254000
950.829,18,-0.188996,1.643332,-0.265878,0.048807,-0.954387,0.150933,0.252949,18.227390,209.525900,358.986300
950.940,18,-0.227406,1.630931,-0.203773,0.060193,-0.933467,0.180085,0.304278,21.890670,216.075100,359.828100
951.051,18,-0.264242,1.615185,-0.125029,0.077161,-0.917452,0.194968,0.338107,24.200080,220.329300,359.387900
951.162,18,-0.299251,1.594960,-0.037023,0.096072,-0.897882,0.215972,0.371394,27.335210,224.753400,359.219500
951.272,18,-0.328093,1.583349,0.043481,0.108867,-0.875480,0.238496,0.405958,30.396940,229.808500,0.200386
951.383,18,-0.350948,1.579997,0.107244,0.111129,-0.863985,0.253342,0.420712,32.091580,232.338200,1.429944
951.495,18,-0.364440,1.578779,0.150634,0.107988,-0.862771,0.267447,0.415256,33.447710,232.142000,2.457690
951.606,18,-0.367426,1.580341,0.192135,0.109790,-0.871437,0.292881,0.377842,36.400190,227.583500,2.134235
951.716,18,-0.350241,1.593518,0.207008,0.098350,-0.918510,0.266960,0.274588,32.985200,212.598900,357.672600
951.828,18,-0.306415,1.601299,0.228768,0.083730,-0.956678,0.261037,0.098066,31.056180,189.671700,352.689500
951.939,18,-0.264672,1.603587,0.251325,0.070283,-0.961758,0.262299,-0.035799,29.967170,172.989800,349.762400
952.049,18,-0.212868,1.602135,0.287291,0.042108,-0.951246,0.267577,-0.147516,29.777940,159.555200,349.440900
952.160,18,-0.173694,1.597187,0.320707,0.015678,-0.937490,0.286723,-0.196612,32.102450,153.525600,350.340100
952.271,18,-0.126898,1.577667,0.369334,-0.025562,-0.905780,0.340977,-0.250288,39.086730,145.827300,350.779100
952.383,18,-0.094939,1.543975,0.410789,-0.074015,-0.866128,0.407218,-0.280210,48.321280,140.259200,351.350700
952.491,18,-0.071673,1.518987,0.444517,-0.104624,-0.836543,0.443203,-0.304667,53.636020,135.307900,350.778700
952.604,18,-0.054605,1.505495,0.469303,-0.127745,-0.820025,0.455488,-0.322134,56.029570,132.503400,351.359300
952.711,18,-0.037978,1.493902,0.495143,-0.161210,-0.799529,0.466778,-0.341882,58.940730,129.832200,353.167100
952.812,18,-0.015132,1.491480,0.531791,-0.210640,-0.765193,0.446056,-0.413697,58.972430,120.264000,354.801500
952.923,18,-0.000774,1.494137,0.573359,-0.232566,-0.717282,0.429909,-0.496586,57.963540,104.985100,349.865100
953.046,18,0.006972,1.506256,0.616788,-0.247025,-0.662161,0.401804,-0.582302,55.065150,89.895510,345.766100
953.148,18,0.006895,1.518092,0.628439,-0.246175,-0.654299,0.376314,-0.608013,52.353870,87.881070,347.185900
953.260,18,0.002427,1.531772,0.619481,-0.232981,-0.676293,0.353408,-0.602869,49.369850,92.050960,350.186200
953.370,18,-0.006057,1.543346,0.597739,-0.210864,-0.705138,0.337255,-0.587006,46.317610,96.932840,351.795200
953.480,18,-0.014487,1.545876,0.577192,-0.200939,-0.720047,0.340505,-0.570274,46.016500,99.757010,351.804800
953.590,18,-0.029439,1.556810,0.529841,-0.164483,-0.774137,0.339703,-0.508192,43.878480,110.521400,352.779000
953.703,18,-0.053177,1.572764,0.473804,-0.122311,-0.838380,0.317054,-0.426187,39.485130,124.368300,355.156700
953.803,18,-0.085906,1.583879,0.423971,-0.091297,-0.884706,0.299031,-0.345746,36.316090,136.252900,356.781700
953.916,18,-0.123228,1.596743,0.378819,-0.065093,-0.920761,0.271918,-0.272070,32.422840,146.522400,358.093000
954.027,18,-0.170675,1.610841,0.335143,-0.038509,-0.949493,0.234850,-0.204516,27.498620,155.326400,358.518600
954.138,18,-0.199266,1.622064,0.312931,-0.021030,-0.962982,0.204130,-0.174800,23.609350,159.020000,358.069900
954.246,18,-0.220890,1.648535,0.291798,0.004805,-0.975931,0.127384,-0.176942,14.296250,159.043100,356.778400
954.353,18,-0.233289,1.657205,0.276522,0.014799,-0.978614,0.097750,-0.180390,10.718210,158.759800,356.251800
954.464,18,-0.238925,1.657567,0.255961,0.017525,-0.980161,0.095319,-0.172890,10.416190,159.635200,356.075500
954.575,18,-0.237685,1.655907,0.231135,0.019858,-0.982477,0.093163,-0.160205,10.177550,161.120000,355.987600
954.686,18,-0.227108,1.650074,0.193410,0.017922,-0.984359,0.099922,-0.143985,11.043730,162.994500,356.257800
954.798,18,-0.213750,1.649910,0.156489,0.011438,-0.985001,0.097737,-0.141738,10.911960,163.342900,357.067300
954.909,18,-0.195515,1.658980,0.101092,0.007710,-0.985103,0.102533,-0.137840,11.530320,163.812600,357.458000
955.020,18,-0.178832,1.662786,0.061802,0.007420,-0.985613,0.099395,-0.136499,11.180680,163.991500,357.560200
955.131,18,-0.156058,1.663098,0.016313,0.002963,-0.985205,0.103881,-0.136275,11.763990,164.043600,358.000900
955.242,18,-0.138290,1.660965,-0.017184,-0.000326,-0.984351,0.108516,-0.138841,12.340770,163.755900,358.270100
955.348,18,-0.128669,1.657724,-0.042188,-0.000138,-0.983284,0.116701,-0.139760,13.269900,163.599200,358.095300
955.462,18,-0.125114,1.656191,-0.066040,-0.001479,-0.981363,0.129707,-0.141774,14.773520,163.298900,357.992300
955.574,18,-0.128273,1.655686,-0.084890,-0.000041,-0.979517,0.132226,-0.151868,15.013490,162.060200,357.621600
955.685,18,-0.144412,1.654576,-0.105838,0.000720,-0.974960,0.139967,-0.172803,15.823560,159.486200,357.034300
955.797,18,-0.168002,1.653236,-0.119604,-0.001515,-0.970850,0.140479,-0.194202,15.864060,156.947700,356.923800
955.908,18,-0.209789,1.653185,-0.139410,-0.002984,-0.963599,0.147800,-0.222762,16.628780,153.440700,356.404000
956.019,18,-0.246086,1.654792,-0.158155,-0.000431,-0.960636,0.146259,-0.236192,16.332290,151.787700,355.920900
956.130,18,-0.291839,1.645699,-0.177907,-0.002364,-0.957377,0.158487,-0.241466,17.734450,151.011900,355.664000
956.242,18,-0.326875,1.635194,-0.191295,-0.012576,-0.953449,0.179513,-0.241977,20.389430,150.826900,356.152600
956.353,18,-0.352946,1.631651,-0.203853,-0.019307,-0.950581,0.190531,-0.244380,21.818400,150.493000,356.515900
956.464,18,-0.372427,1.630075,-0.215290,-0.019934,-0.947666,0.195841,-0.251355,22.408260,149.544800,356.237300
956.576,18,-0.385413,1.626922,-0.223275,-0.021457,-0.943911,0.200748,-0.261291,22.966290,148.238900,355.989200
956.687,18,-0.397245,1.623697,-0.233361,-0.022942,-0.939681,0.210876,-0.268338,24.118450,147.184400,355.597900
956.798,18,-0.402634,1.622236,-0.240677,-0.023312,-0.937358,0.213972,-0.273920,24.450530,146.416400,355.367600
956.908,18,-0.406684,1.619986,-0.249165,-0.022967,-0.935391,0.219700,-0.276132,25.068030,146.002300,355.036800
957.020,18,-0.409314,1.618875,-0.255638,-0.023360,-0.935488,0.222100,-0.273839,25.362150,146.254100,355.052300
957.131,18,-0.410865,1.618265,-0.260218,-0.023894,-0.935502,0.222869,-0.273120,25.470110,146.342800,355.105100
957.243,18,-0.411268,1.617503,-0.262946,-0.025099,-0.934807,0.224470,-0.274081,25.685380,146.213000,355.154600
957.354,18,-0.410182,1.617518,-0.264704,-0.025570,-0.934137,0.223897,-0.276777,25.623420,145.889200,355.154200
957.465,18,-0.408958,1.617143,-0.266107,-0.026253,-0.933134,0.224439,-0.279641,25.692820,145.523600,355.128300
957.576,18,-0.408021,1.617730,-0.265586,-0.026350,-0.932304,0.222683,-0.283773,25.478440,145.031400,355.091000
957.687,18,-0.403146,1.633583,-0.264693,-0.010592,-0.931748,0.176380,-0.317211,19.597070,141.427700,354.385900
957.798,18,-0.393410,1.665108,-0.259440,0.054221,-0.907647,0.066658,-0.410845,4.384568,130.953400,351.161500
957.911,18,-0.387651,1.694752,-0.244901,0.125636,-0.832382,-0.034214,-0.538689,348.912000,115.164900,349.888200
958.023,18,-0.382500,1.702614,-0.241884,0.145821,-0.783559,-0.055439,-0.601414,344.794800,106.276100,350.345500
958.135,18,-0.370400,1.704599,-0.252904,0.151248,-0.772809,-0.062692,-0.613156,343.598000,104.501700,350.587200
958.246,18,-0.343886,1.705274,-0.276985,0.156231,-0.774277,-0.072257,-0.608987,342.411400,105.068900,350.707600
958.357,18,-0.316497,1.704200,-0.300754,0.156547,-0.784639,-0.090129,-0.593052,340.906000,107.256700,351.556000
958.469,18,-0.271063,1.707280,-0.327520,0.152584,-0.784405,-0.125333,-0.587979,337.910400,107.403600,354.302600
958.581,18,-0.219764,1.719858,-0.339688,0.138849,-0.743860,-0.147196,-0.636967,336.679700,99.098430,358.811200
958.692,18,-0.171605,1.727430,-0.348568,0.124031,-0.708298,-0.159181,-0.676455,336.840100,92.128010,2.472014
958.803,18,-0.135174,1.728664,-0.359800,0.118006,-0.692977,-0.166865,-0.691385,336.768900,89.269570,4.192806
958.914,18,-0.112870,1.729472,-0.372476,0.121511,-0.669639,-0.162781,-0.714368,336.944900,85.409680,4.352680
959.025,18,-0.097441,1.731031,-0.388709,0.134822,-0.629152,-0.155998,-0.749437,336.523500,79.192890,4.012048
959.137,18,-0.084031,1.730377,-0.409392,0.148519,-0.582104,-0.145601,-0.786065,336.234100,72.303760,3.507810
959.247,18,-0.071607,1.733742,-0.448853,0.184470,-0.505355,-0.137354,-0.831698,333.533800,61.934310,2.690959
959.358,18,-0.069138,1.734020,-0.492769,0.215196,-0.438641,-0.130225,-0.862743,330.950700,53.289890,2.354494
959.469,18,-0.063314,1.734404,-0.559646,0.211496,-0.353156,-0.104127,-0.905377,332.837700,42.008410,2.523090
959.581,18,-0.053153,1.720585,-0.601489,0.137550,-0.217562,-0.042008,-0.965392,343.509500,25.216070,1.270251
959.690,18,-0.056444,1.700582,-0.628388,0.055833,-0.023412,-0.001502,-0.998165,353.596400,2.686043,0.022199
959.800,18,-0.072870,1.681961,-0.647665,-0.027559,0.130220,0.014169,-0.991001,2.919419,344.976600,357.976700
959.908,18,-0.111558,1.670138,-0.680479,-0.074746,0.276856,0.002850,-0.957996,8.142509,327.568800,357.287500
960.017,18,-0.134159,1.668719,-0.709195,-0.087578,0.343619,0.006668,-0.934993,9.159658,319.304000,355.779500
960.130,18,-0.129226,1.672034,-0.728172,-0.071889,0.253995,0.019643,-0.964330,7.392771,330.210000,355.697200
960.243,18,-0.113433,1.666144,-0.751759,-0.054234,0.122899,0.029052,-0.990510,5.756313,345.648700,355.914700
960.354,18,-0.108620,1.656063,-0.781879,-0.069431,0.058715,0.038207,-0.995124,7.683403,352.919200,355.126400
960.464,18,-0.111017,1.650428,-0.823020,-0.086754,0.022402,0.040537,-0.995153,9.837297,356.996900,355.076300
960.576,18,-0.117833,1.653317,-0.850515,-0.088718,0.018758,0.047851,-0.994730,10.061530,357.333400,354.257000
960.687,18,-0.127288,1.655769,-0.876155,-0.097391,0.027370,0.046739,-0.993771,11.011690,356.290800,354.256800
960.798,18,-0.132586,1.654598,-0.890559,-0.103382,0.033643,0.048490,-0.992889,11.655760,355.500500,353.948600
960.909,18,-0.135483,1.651156,-0.901699,-0.117459,0.024746,0.048346,-0.991592,13.329400,356.439300,354.001200
961.020,18,-0.135306,1.650584,-0.908141,-0.119317,0.009786,0.050503,-0.991523,13.628270,358.145100,353.946700
961.131,18,-0.135199,1.650333,-0.912346,-0.119637,0.000583,0.052119,-0.991449,13.719440,359.196300,353.884900
961.242,18,-0.135405,1.649710,-0.915472,-0.120972,-0.003011,0.053422,-0.991213,13.894810,359.589400,353.780000
961.353,18,-0.135448,1.649990,-0.917685,-0.121664,-0.008095,0.052669,-0.991140,14.006130,0.190781,353.939800
961.464,18,-0.137099,1.650378,-0.920752,-0.119916,-0.009181,0.054829,-0.991226,13.811890,0.298016,353.704000
961.576,18,-0.142199,1.651109,-0.919298,-0.116542,-0.006297,0.056511,-0.991557,13.404670,359.959700,353.471500
961.687,18,-0.151162,1.650943,-0.902320,-0.117789,-0.004051,0.058715,-0.991293,13.532880,359.658100,353.180000
961.799,18,-0.157715,1.651444,-0.869765,-0.115544,-0.003049,0.056526,-0.991688,13.268340,359.587100,353.427300
961.909,18,-0.155943,1.649968,-0.816563,-0.109487,0.013294,0.052740,-0.992499,12.470080,357.773300,353.673200
962.020,18,-0.140858,1.647532,-0.772154,-0.113106,0.029655,0.052883,-0.991731,12.779850,355.837800,353.429000
962.131,18,-0.120296,1.654534,-0.730662,-0.114296,0.035072,0.057387,-0.991168,12.858730,355.137300,352.824400
962.243,18,-0.102686,1.654617,-0.696762,-0.110091,0.037055,0.054227,-0.991749,12.377190,354.981900,353.196100
962.354,18,-0.092239,1.654012,-0.671685,-0.121732,0.036653,0.055820,-0.990314,13.710380,354.910300,352.935500
962.466,18,-0.086961,1.654089,-0.637634,-0.120806,0.032534,0.058632,-0.990409,13.619930,355.360600,352.669800
962.576,18,-0.090532,1.652944,-0.609317,-0.125352,0.026394,0.058329,-0.990045,14.189450,356.044000,352.764000
962.688,18,-0.107640,1.652236,-0.566567,-0.119776,0.015981,0.056999,-0.991035,13.625950,357.326600,353.097000
962.799,18,-0.132542,1.649141,-0.528616,-0.117797,0.004128,0.056478,-0.991422,13.480010,358.733600,353.329400
962.910,18,-0.178247,1.646208,-0.472626,-0.114515,-0.018427,0.062538,-0.991280,13.258090,1.307446,352.932100
963.022,18,-0.222903,1.646886,-0.419719,-0.118015,-0.044350,0.072208,-0.989390,13.882450,4.177336,352.160400
963.132,18,-0.261998,1.651326,-0.373565,-0.122672,-0.055525,0.075473,-0.988014,14.523980,5.406066,351.952800
963.244,18,-0.292423,1.651939,-0.340185,-0.129886,-0.065404,0.078758,-0.986230,15.455910,6.466451,351.746800
963.355,18,-0.312760,1.651641,-0.318654,-0.129897,-0.071106,0.074506,-0.986164,15.473650,7.205806,352.339100
963.466,18,-0.327545,1.651312,-0.297533,-0.126370,-0.086818,0.076187,-0.985235,15.202860,9.051553,352.366800
963.578,18,-0.332555,1.653732,-0.283205,-0.122478,-0.106579,0.076632,-0.983752,14.910520,11.395210,352.587600
963.688,18,-0.332766,1.667852,-0.267281,-0.074204,-0.144703,0.075601,-0.983788,9.664672,16.107030,352.581900
963.800,18,-0.328329,1.687552,-0.270599,0.006221,-0.188744,0.052431,-0.980606,0.435000,21.766830,353.962500
963.912,18,-0.324290,1.706767,-0.306766,0.079132,-0.239523,0.017353,-0.967505,351.673900,28.111740,355.856900
964.024,18,-0.317870,1.723086,-0.371076,0.145968,-0.302472,-0.017226,-0.941758,343.420000,36.098670,356.659000
964.137,18,-0.309386,1.730567,-0.439226,0.182463,-0.360074,-0.037433,-0.914141,338.866000,43.720610,356.129500
964.248,18,-0.298395,1.732427,-0.530930,0.204580,-0.422454,-0.058531,-0.881053,335.798600,52.174550,355.616500
964.360,18,-0.291787,1.730178,-0.597126,0.210088,-0.449981,-0.071891,-0.864992,334.649900,55.891910,355.894400
964.471,18,-0.285981,1.724640,-0.667855,0.210623,-0.463852,-0.086258,-0.856177,333.852500,57.602480,356.954500
964.583,18,-0.283794,1.718835,-0.712303,0.200662,-0.462832,-0.092691,-0.858446,334.512400,57.044670,358.311100
964.695,18,-0.278623,1.718204,-0.742051,0.198894,-0.460454,-0.101380,-0.859154,334.207000,56.507800,359.429700
964.804,18,-0.264887,1.720211,-0.756150,0.199171,-0.464588,-0.105952,-0.856308,333.924800,57.017170,359.769700
964.916,18,-0.244314,1.721930,-0.757555,0.201838,-0.482492,-0.104240,-0.845930,333.763800,59.672280,358.823900
965.027,18,-0.211913,1.726167,-0.745178,0.207395,-0.512403,-0.106929,-0.826436,333.103600,64.149230,357.699400
965.138,18,-0.180764,1.727909,-0.725453,0.213343,-0.532488,-0.120224,-0.810239,331.721800,67.156730,357.892500
965.248,18,-0.131234,1.727173,-0.687017,0.216248,-0.548427,-0.132609,-0.796793,330.655300,69.524050,358.299300
965.360,18,-0.089039,1.737539,-0.649713,0.210535,-0.554991,-0.139789,-0.792540,330.733100,70.212490,359.204300
965.471,18,-0.037875,1.745669,-0.604995,0.206448,-0.568318,-0.150344,-0.782171,330.406600,71.994350,0.035095
965.583,18,0.008070,1.744446,-0.572424,0.197883,-0.589704,-0.160153,-0.766449,330.513500,74.939350,0.797359
965.693,18,0.053348,1.740555,-0.545838,0.181835,-0.608626,-0.150094,-0.757616,332.727400,77.457650,0.392473
965.805,18,0.090247,1.737078,-0.524154,0.166681,-0.625744,-0.150193,-0.747064,334.086900,79.667680,1.006987
965.916,18,0.113158,1.735663,-0.509575,0.156432,-0.646331,-0.154465,-0.730702,334.641400,82.652090,1.491603
966.027,18,0.130364,1.732814,-0.496894,0.149484,-0.668629,-0.159815,-0.710668,334.774500,86.122200,1.726285
966.138,18,0.136157,1.730652,-0.490233,0.148439,-0.675618,-0.159468,-0.704327,334.876100,87.277100,1.522631
966.249,18,0.137733,1.729325,-0.482901,0.149265,-0.674883,-0.158646,-0.705042,334.873900,87.182430,1.406987
966.360,18,0.137295,1.727883,-0.479340,0.151518,-0.676067,-0.157572,-0.703667,334.767400,87.468570,1.069493
966.471,18,0.136130,1.727401,-0.477172,0.151505,-0.681996,-0.157373,-0.697969,334.776600,88.488980,0.825352
966.582,18,0.135008,1.727653,-0.475494,0.152944,-0.687270,-0.159400,-0.691997,334.483200,89.458050,0.659070
966.693,18,0.134679,1.728239,-0.473460,0.151459,-0.691355,-0.160557,-0.687976,334.506800,90.115660,0.729646
966.805,18,0.134587,1.728023,-0.471113,0.148504,-0.692552,-0.158223,-0.687956,334.945200,90.212790,0.759450
966.916,18,0.135023,1.728114,-0.468089,0.147926,-0.692812,-0.157919,-0.687889,335.018300,90.236510,0.776950
967.027,18,0.140474,1.729323,-0.463005,0.149207,-0.700352,-0.166440,-0.677895,334.187600,91.623990,1.060567
967.138,18,0.151670,1.732520,-0.461063,0.157051,-0.726223,-0.204445,-0.637289,330.190400,96.892580,2.144827
967.249,18,0.172866,1.730206,-0.461084,0.143794,-0.764440,-0.224768,-0.586885,329.174500,104.161300,2.935858
967.361,18,0.186467,1.724088,-0.464696,0.123887,-0.790432,-0.227898,-0.554916,330.147500,108.852900,3.773450
967.471,18,0.181877,1.720415,-0.464597,0.106945,-0.810357,-0.213511,-0.535068,332.581600,112.258100,3.562619
967.583,18,0.155975,1.721586,-0.453099,0.105679,-0.816229,-0.222295,-0.522674,331.747500,113.751900,3.896499
967.693,18,0.115603,1.724233,-0.430444,0.103499,-0.823441,-0.232067,-0.507324,330.843200,115.614500,4.269564
967.804,18,0.068447,1.727476,-0.399333,0.105273,-0.822461,-0.248798,-0.500575,329.026200,115.939600,5.079916
967.916,18,0.020597,1.727358,-0.366597,0.111548,-0.817673,-0.259888,-0.501424,327.529000,115.414100,5.318964
968.026,18,-0.044753,1.724151,-0.323109,0.107298,-0.815134,-0.272050,-0.500033,326.576800,114.938300,6.683906
968.138,18,-0.091256,1.718337,-0.294210,0.106476,-0.815891,-0.275171,-0.497257,326.295400,115.186400,6.898191
968.248,18,-0.135087,1.719116,-0.264068,0.105430,-0.818686,-0.279141,-0.490630,325.908800,115.976000,7.024887
968.360,18,-0.154266,1.724536,-0.247931,0.102416,-0.819464,-0.278326,-0.490433,326.178200,115.987300,7.271287
968.471,18,-0.162632,1.729860,-0.238797,0.106284,-0.827269,-0.260333,-0.486370,327.715900,117.574500,5.251996
968.582,18,-0.157347,1.734222,-0.237612,0.113319,-0.831079,-0.254733,-0.481226,327.827500,118.744800,3.848631
968.693,18,-0.141521,1.738290,-0.238838,0.120464,-0.834301,-0.253656,-0.474435,327.482600,119.962800,2.697217
968.804,18,-0.117817,1.745347,-0.237619,0.127183,-0.836762,-0.255280,-0.467425,326.899200,121.098800,1.765260
968.915,18,-0.094595,1.746243,-0.233843,0.128984,-0.838703,-0.249620,-0.466509,327.380500,121.502800,1.125287
969.026,18,-0.065478,1.745760,-0.229918,0.126827,-0.846241,-0.251796,-0.452096,327.259400,123.513600,0.886928
969.138,18,-0.045330,1.746345,-0.226601,0.123665,-0.851290,-0.254256,-0.442003,327.165600,124.836300,0.969333
969.248,18,-0.022556,1.745639,-0.224522,0.120812,-0.855720,-0.262221,-0.429403,326.459200,126.322800,1.267356
969.360,18,0.000543,1.743002,-0.230280,0.115289,-0.864523,-0.253616,-0.418315,327.658300,128.105700,0.871043
969.471,18,0.028594,1.735917,-0.244585,0.099779,-0.876725,-0.239671,-0.404914,329.930200,130.080100,1.266959
969.582,18,0.059699,1.726458,-0.261817,0.084626,-0.887052,-0.221867,-0.395920,332.572600,131.492000,1.649327
969.693,18,0.087224,1.720286,-0.272540,0.067941,-0.895396,-0.210569,-0.386407,334.558300,132.726500,2.606267
969.804,18,0.106801,1.716336,-0.277725,0.053713,-0.900810,-0.201485,-0.380869,336.176900,133.412100,3.553983
969.916,18,0.117809,1.716417,-0.278250,0.048912,-0.905462,-0.196904,-0.372793,336.855800,134.500800,3.630941
970.026,18,0.127722,1.719143,-0.275892,0.042378,-0.911635,-0.200157,-0.356460,336.724500,136.446300,4.084423
970.138,18,0.131021,1.719264,-0.274128,0.030613,-0.922269,-0.204008,-0.326900,336.652000,139.972600,4.805508
970.248,18,0.116247,1.719558,-0.254804,0.028915,-0.943572,-0.192744,-0.267743,337.714700,147.723200,3.013506
970.360,18,0.092922,1.727610,-0.217505,0.035680,-0.950032,-0.207957,-0.230043,335.698000,152.399100,1.753206
970.471,18,0.057404,1.732630,-0.159531,0.035950,-0.954041,-0.224505,-0.195219,333.742200,156.587200,1.217756
970.583,18,0.021755,1.734163,-0.102355,0.037437,-0.955944,-0.233927,-0.173342,332.598600,159.294600,0.614549
970.693,18,-0.015494,1.734929,-0.041195,0.037253,-0.958745,-0.238205,-0.150593,332.097100,162.141600,0.020164
970.804,18,-0.047439,1.730330,0.017431,0.035535,-0.958375,-0.245065,-0.142117,331.325700,163.104500,0.100790
970.915,18,-0.066253,1.733233,0.059833,0.037843,-0.959357,-0.239889,-0.143718,331.890600,163.019600,359.762500
971.026,18,-0.075979,1.738752,0.105286,0.035878,-0.960935,-0.235054,-0.141658,332.489700,163.265300,359.847700
971.138,18,-0.076555,1.740092,0.132992,0.029918,-0.961528,-0.235011,-0.139065,332.596200,163.417700,0.505249
971.248,18,-0.071873,1.741475,0.159122,0.027551,-0.963677,-0.233439,-0.126785,332.812400,164.915100,0.392450
971.360,18,-0.061270,1.741037,0.174613,0.029983,-0.964940,-0.231412,-0.120172,333.012000,165.836700,359.855600
971.470,18,-0.034272,1.741277,0.191230,0.031322,-0.964746,-0.235551,-0.113134,332.510800,166.735900,359.539000
971.582,18,0.004542,1.739993,0.203287,0.027777,-0.964527,-0.237726,-0.111371,332.304400,166.836900,359.959100
971.693,18,0.053786,1.737969,0.212532,0.025181,-0.964217,-0.239301,-0.111293,332.155000,166.756100,0.304869
971.804,18,0.105745,1.734564,0.219544,0.022130,-0.964187,-0.241261,-0.107923,331.964500,167.074400,0.610189
971.915,18,0.145084,1.730039,0.225426,0.015886,-0.966631,-0.233865,-0.103340,332.909000,167.522400,1.134295
972.026,18,0.180213,1.728835,0.232215,0.013025,-0.968450,-0.227457,-0.100986,333.692300,167.784500,1.323911
972.137,18,0.196682,1.728308,0.235476,0.016524,-0.968731,-0.228870,-0.094370,333.477700,168.703300,0.716098
972.248,18,0.208330,1.728865,0.236222,0.018932,-0.968607,-0.231139,-0.089536,333.182100,169.365200,0.302706
972.360,18,0.211383,1.727607,0.234931,0.025111,-0.969903,-0.225891,-0.087362,333.732000,169.844000,359.409500
972.471,18,0.207992,1.725700,0.228062,0.027029,-0.972555,-0.219292,-0.072925,334.501400,171.719400,358.692800
972.582,18,0.195247,1.722252,0.211168,0.026994,-0.978499,-0.200683,-0.039218,336.743200,175.885800,357.686600
972.693,18,0.171518,1.718267,0.185789,0.027111,-0.983524,-0.178552,-0.008030,339.411300,179.625800,356.910100
972.804,18,0.138008,1.715375,0.156698,0.032277,-0.984908,-0.169982,0.004553,340.455500,181.212400,356.037200
972.915,18,0.100288,1.711760,0.131845,0.040361,-0.985759,-0.163247,-0.000005,341.225500,180.796900,355.179000
973.026,18,0.039810,1.711910,0.101931,0.051948,-0.985419,-0.161375,-0.014433,341.364700,179.293900,354.080600
973.137,18,-0.011938,1.713975,0.082645,0.057814,-0.984597,-0.163364,-0.023198,341.072100,178.376900,353.549700
973.247,18,-0.075393,1.712915,0.059351,0.059617,-0.983385,-0.167328,-0.037441,340.515100,176.735300,353.622100
973.359,18,-0.115065,1.712444,0.037646,0.067206,-0.984727,-0.151846,-0.052341,342.176300,175.018000,352.973200
973.470,18,-0.148879,1.719831,0.009735,0.061398,-0.982426,-0.156068,-0.081927,341.535900,171.401700,354.247800
973.582,18,-0.164230,1.723917,-0.019859,0.056890,-0.981460,-0.158332,-0.091819,341.262100,170.136700,354.996500
973.693,18,-0.164088,1.727039,-0.057113,0.043527,-0.977355,-0.182103,-0.098602,338.620600,169.049700,356.973100
973.804,18,-0.151019,1.726918,-0.100807,0.030334,-0.968231,-0.219149,-0.116539,334.440700,166.383900,359.513400
973.916,18,-0.131134,1.727209,-0.144688,0.016461,-0.962543,-0.238259,-0.128348,332.426000,164.342000,1.905336
974.027,18,-0.100569,1.738264,-0.208695,-0.005111,-0.956457,-0.256233,-0.139675,330.743300,161.985700,5.350697
974.138,18,-0.076634,1.744369,-0.258430,-0.008965,-0.951717,-0.270230,-0.145365,329.219000,160.870700,6.390765
974.249,18,-0.048969,1.744730,-0.311154,-0.005836,-0.950274,-0.273702,-0.148436,328.771600,160.509800,6.199616
974.361,18,-0.029215,1.746607,-0.342991,0.005278,-0.943296,-0.282517,-0.174211,327.667400,157.328700,6.010588
974.472,18,-0.013659,1.749311,-0.365866,0.033023,-0.925365,-0.302675,-0.225827,324.894500,150.893100,5.301437
974.583,18,0.000461,1.748959,-0.389446,0.067066,-0.891485,-0.319593,-0.314034,322.269600,139.175600,5.889124
974.695,18,0.009952,1.747212,-0.416400,0.111305,-0.842642,-0.319069,-0.419239,320.872500,124.992700,5.915617
974.805,18,0.015304,1.742519,-0.465033,0.172064,-0.762495,-0.284202,-0.555180,321.357700,106.513600,3.903422
974.916,18,0.015429,1.742460,-0.510057,0.198240,-0.691017,-0.240735,-0.652107,323.754200,92.388300,2.842548
975.027,18,0.012501,1.749268,-0.562813,0.232144,-0.599379,-0.188253,-0.742573,325.219200,77.790130,0.090656
975.137,18,0.009555,1.748006,-0.597551,0.250720,-0.523672,-0.164547,-0.797390,325.097600,66.592250,359.987900
975.248,18,0.009952,1.745154,-0.633800,0.269007,-0.437416,-0.125875,-0.848798,325.473700,54.995330,358.494100
975.360,18,0.011759,1.744946,-0.653975,0.278770,-0.381229,-0.102521,-0.875466,325.509100,47.775530,357.702400
975.470,18,0.008482,1.742286,-0.667907,0.278039,-0.318518,-0.078922,-0.902780,326.475500,39.584590,357.619800
975.582,18,0.000901,1.741772,-0.673457,0.276145,-0.286994,-0.066538,-0.914850,327.080800,35.575590,357.490100
975.693,18,-0.009061,1.742383,-0.673511,0.279259,-0.284576,-0.070179,-0.914388,326.588700,35.204900,357.899300
975.804,18,-0.023586,1.744186,-0.664496,0.280526,-0.308896,-0.080426,-0.905218,326.112700,38.265890,358.087800
975.916,18,-0.039447,1.748703,-0.648880,0.287933,-0.333696,-0.100791,-0.891954,324.485200,41.302130,359.129800
976.026,18,-0.061575,1.753256,-0.623554,0.305346,-0.362455,-0.128822,-0.871089,321.292100,45.104340,0.226285
976.138,18,-0.079481,1.753435,-0.602050,0.320328,-0.376175,-0.142463,-0.857663,318.955100,47.269080,0.256087
976.249,18,-0.106003,1.758973,-0.575720,0.337926,-0.380261,-0.159922,-0.845951,316.103100,47.973580,1.079242
976.360,18,-0.124789,1.761742,-0.560930,0.361945,-0.382569,-0.176100,-0.831640,312.544200,48.811850,1.352934
976.470,18,-0.140685,1.758277,-0.553221,0.392563,-0.393777,-0.193569,-0.808310,308.087300,51.776980,0.349430
976.582,18,-0.143118,1.764438,-0.555113,0.411565,-0.394160,-0.206405,-0.795393,305.172300,52.520540,0.387992
976.693,18,-0.130333,1.763895,-0.564605,0.427041,-0.379341,-0.207723,-0.794096,303.298800,50.734580,0.617422
976.804,18,-0.105575,1.763281,-0.582836,0.433635,-0.356978,-0.195347,-0.803970,303.203900,47.629220,0.471878
976.915,18,-0.075980,1.761427,-0.600871,0.438149,-0.336482,-0.179702,-0.813949,303.468000,45.049520,359.758700
977.027,18,-0.031359,1.755644,-0.615504,0.421586,-0.310116,-0.162479,-0.836477,306.286400,40.176640,1.001033
977.138,18,0.005932,1.751661,-0.615002,0.384812,-0.296579,-0.148741,-0.861300,311.314000,36.902650,2.427878
977.248,18,0.054943,1.748101,-0.601571,0.341683,-0.291847,-0.123927,-0.884715,317.396600,35.910720,1.544664
977.360,18,0.091844,1.746161,-0.582997,0.322053,-0.294268,-0.109885,-0.893092,320.214300,36.291700,0.502149
977.471,18,0.133985,1.742468,-0.547721,0.308792,-0.303225,-0.104478,-0.895425,321.949100,37.420150,359.988100
977.582,18,0.161260,1.738488,-0.507433,0.294919,-0.331622,-0.104744,-0.889988,323.528800,41.087300,359.347200
977.692,18,0.175834,1.743293,-0.460945,0.291641,-0.360908,-0.118606,-0.877852,323.298500,44.751680,359.837400
977.804,18,0.185404,1.747130,-0.418982,0.288292,-0.381066,-0.133940,-0.868180,322.939400,47.086380,0.922818
977.916,18,0.191804,1.748942,-0.391366,0.285303,-0.402854,-0.147243,-0.857106,322.576300,49.797780,1.626038
978.027,18,0.198701,1.750459,-0.371668,0.287033,-0.435051,-0.158628,-0.838558,321.726900,54.428660,1.188998
978.138,18,0.201454,1.749988,-0.365157,0.287837,-0.450262,-0.164847,-0.828999,321.267800,56.651950,1.036542
978.249,18,0.202095,1.749523,-0.362321,0.286979,-0.465036,-0.169467,-0.820162,321.071200,58.818800,0.815361
978.360,18,0.199491,1.750365,-0.359467,0.291331,-0.464952,-0.178300,-0.816795,320.080000,58.748030,1.521143
978.471,18,0.198656,1.749821,-0.356554,0.293896,-0.461109,-0.183596,-0.816882,319.498200,58.083120,2.179361
978.583,18,0.200354,1.749636,-0.354018,0.289680,-0.466430,-0.183791,-0.815322,319.923100,58.740980,2.207012
978.694,18,0.202670,1.749432,-0.351665,0.286073,-0.470609,-0.185383,-0.813832,320.199500,59.201050,2.423286
978.805,18,0.206137,1.748874,-0.350300,0.283615,-0.474705,-0.185289,-0.812334,320.454100,59.752780,2.360958
978.916,18,0.209925,1.748707,-0.348171,0.283203,-0.475993,-0.184571,-0.811887,320.538000,59.963090,2.234064
979.027,18,0.212544,1.749153,-0.344381,0.285167,-0.478536,-0.187311,-0.809072,320.155100,60.389160,2.252112
979.138,18,0.204042,1.751443,-0.346883,0.299296,-0.488326,-0.196471,-0.795838,318.066600,62.464050,1.572136
979.249,18,0.175812,1.759169,-0.365722,0.358790,-0.513255,-0.242124,-0.741090,308.708800,69.825290,359.136000
979.360,18,0.144813,1.763741,-0.383061,0.409336,-0.533779,-0.273705,-0.687467,301.239700,79.439520,353.282600
979.471,18,0.122668,1.764604,-0.388453,0.422534,-0.538886,-0.289894,-0.668602,298.663300,82.557200,351.880300
979.583,18,0.107952,1.765192,-0.391710,0.445249,-0.538113,-0.300579,-0.649492,295.596100,86.765480,348.146700
979.693,18,0.099376,1.764597,-0.395641,0.457877,-0.539561,-0.301583,-0.638960,294.415000,90.215680,344.752200
979.805,18,0.093585,1.763160,-0.399031,0.460174,-0.544377,-0.299097,-0.634377,294.564900,92.235010,343.001500
979.916,18,0.088421,1.762632,-0.400262,0.461424,-0.545592,-0.301636,-0.631215,294.264700,92.952290,342.627500
980.027,18,0.084660,1.763929,-0.401458,0.455720,-0.548811,-0.302666,-0.632076,294.727000,92.431780,343.672600
980.138,18,0.081513,1.762916,-0.407412,0.424665,-0.547603,-0.285289,-0.662119,298.977800,85.313660,349.618200
980.248,18,0.073257,1.747629,-0.419664,0.318785,-0.535462,-0.215877,-0.751701,314.728500,71.499020,358.628500
980.360,18,0.060278,1.728245,-0.437590,0.218778,-0.504377,-0.170364,-0.817751,328.017000,62.208550,3.916646
980.470,18,0.041092,1.712401,-0.471063,0.152163,-0.454158,-0.136369,-0.867174,337.184200,54.047700,6.121850
980.581,18,0.028525,1.704721,-0.499930,0.123224,-0.431405,-0.115310,-0.886233,341.464000,50.942650,5.936754
980.691,18,0.023604,1.706074,-0.517186,0.114542,-0.425080,-0.106033,-0.891597,342.878700,50.150630,5.506045
980.802,18,0.021423,1.705209,-0.523729,0.101963,-0.425958,-0.087690,-0.894692,345.098700,50.373940,4.156685
980.913,18,0.020515,1.704878,-0.522173,0.089593,-0.424814,-0.085266,-0.896792,346.518200,50.158390,4.530437
981.024,18,0.021723,1.703509,-0.516779,0.077969,-0.415332,-0.074243,-0.903276,348.315200,48.970790,4.061389
981.135,18,0.024435,1.702525,-0.511030,0.065760,-0.416269,-0.067420,-0.904351,349.917300,49.087460,3.913403
981.246,18,0.035280,1.700311,-0.501187,0.051754,-0.415926,-0.062012,-0.905805,351.642800,49.033570,4.015938
981.358,18,0.053084,1.698847,-0.487682,0.043449,-0.426499,-0.054750,-0.901783,352.815500,50.399880,3.564517
981.469,18,0.089804,1.699935,-0.458003,0.047480,-0.458732,-0.053965,-0.885663,352.321500,54.562050,3.009327
981.581,18,0.133076,1.706808,-0.420067,0.082338,-0.496533,-0.062748,-0.861823,348.215300,59.736700,1.544667
981.693,18,0.173294,1.714839,-0.379372,0.113228,-0.531833,-0.080967,-0.835331,344.020800,64.843630,0.883999
981.805,18,0.205395,1.725518,-0.345690,0.150129,-0.556800,-0.104380,-0.810272,338.928800,68.969440,0.120827
981.917,18,0.228257,1.731753,-0.326751,0.163893,-0.585548,-0.116902,-0.785243,336.778000,73.529980,359.479900
982.028,18,0.251199,1.735676,-0.315297,0.168185,-0.624861,-0.122737,-0.752462,336.015300,79.753390,358.402300
982.140,18,0.262058,1.739270,-0.314556,0.175871,-0.662155,-0.149956,-0.712834,333.299700,86.069370,358.773600
982.252,18,0.266139,1.743447,-0.316741,0.182358,-0.692730,-0.171085,-0.676462,331.069600,91.719250,358.613000
982.363,18,0.273488,1.744515,-0.313772,0.184818,-0.695626,-0.184775,-0.669183,329.707000,92.396540,359.347500
982.474,18,0.282582,1.743174,-0.311681,0.179543,-0.700698,-0.184325,-0.665441,330.180900,93.067370,359.584300
982.585,18,0.288827,1.742033,-0.310010,0.174973,-0.703895,-0.181837,-0.663967,330.768400,93.427130,359.681000
982.696,18,0.293124,1.741260,-0.308488,0.173256,-0.704685,-0.181549,-0.663657,330.932800,93.489420,359.789600
982.807,18,0.299383,1.739525,-0.306555,0.171625,-0.703638,-0.177146,-0.666377,331.443400,93.205970,359.645700
982.919,18,0.302935,1.738225,-0.306149,0.171299,-0.704970,-0.175275,-0.665547,331.631400,93.430440,359.465200
983.029,18,0.303895,1.737191,-0.306431,0.169206,-0.708142,-0.169797,-0.664134,332.274800,93.899020,359.086800
983.140,18,0.295924,1.736726,-0.307116,0.167163,-0.716204,-0.164745,-0.657243,332.889000,95.271600,358.526500
983.251,18,0.283856,1.730979,-0.307639,0.139999,-0.734390,-0.137851,-0.649668,337.394800,97.334660,358.354300
983.362,18,0.273408,1.717594,-0.306084,0.086572,-0.748970,-0.077632,-0.652321,346.748000,98.085240,358.328200
983.471,18,0.264725,1.710132,-0.302801,0.065928,-0.750939,-0.044333,-0.655575,351.197800,97.940190,357.628700
983.582,19,0.261293,1.706974,-0.298597,0.054565,-0.750607,-0.031074,-0.657759,353.198500,97.684460,357.631500
983.692,19,0.272438,1.692617,-0.296742,0.017254,-0.758332,0.021433,-0.651287,0.574868,98.669750,356.899400
983.802,19,0.298120,1.654636,-0.299635,-0.061735,-0.773239,0.126764,-0.618240,15.805400,102.205100,356.349100
983.912,19,0.314822,1.613538,-0.306421,-0.131425,-0.774486,0.227150,-0.575589,30.208110,105.723900,356.157200
984.023,19,0.306239,1.590015,-0.319208,-0.161687,-0.768508,0.281113,-0.551570,37.621120,107.144900,355.540100
984.135,19,0.281363,1.583558,-0.338425,-0.158255,-0.776155,0.301924,-0.530453,39.536830,109.302000,354.445200
984.245,19,0.233853,1.587564,-0.375079,-0.136956,-0.797994,0.299388,-0.504792,38.031000,113.263700,353.901800
984.357,19,0.184617,1.593247,-0.412252,-0.116144,-0.824441,0.294739,-0.468975,36.507410,118.731600,353.933700
984.468,19,0.104807,1.599165,-0.464422,-0.083334,-0.884681,0.285845,-0.358732,34.440690,134.613100,355.992600
984.580,19,0.025068,1.602189,-0.500057,-0.065420,-0.941090,0.268666,-0.194652,32.082890,156.988300,1.253726
984.691,19,-0.098804,1.608963,-0.511910,-0.061274,-0.965819,0.223780,0.115589,24.714520,196.020400,10.792020
984.802,19,-0.182196,1.617359,-0.488601,-0.020582,-0.928848,0.205376,0.307635,21.645500,218.604700,10.199990
984.914,19,-0.231015,1.625020,-0.463261,0.011994,-0.884291,0.184197,0.428902,19.636720,233.196700,8.351185
985.025,19,-0.265380,1.623144,-0.440410,0.043164,-0.834540,0.188124,0.516033,21.010640,244.856400,7.516367
985.136,19,-0.272583,1.621777,-0.443074,0.041364,-0.832012,0.204191,0.514151,22.477050,245.177900,8.785855
985.247,19,-0.238713,1.644137,-0.482358,0.017882,-0.940997,0.149511,0.303070,16.990770,216.215000,3.415224
985.359,19,-0.175339,1.691017,-0.500980,0.038996,-0.998022,-0.035013,-0.034726,355.836900,176.172100,355.664000
985.472,19,-0.119807,1.728849,-0.462339,0.150776,-0.850482,-0.172824,-0.473369,334.105700,123.163400,354.076000
985.585,19,-0.118936,1.744333,-0.423870,0.253019,-0.655440,-0.179703,-0.688540,324.267900,89.099270,354.045400
985.697,19,-0.130444,1.752648,-0.396211,0.305778,-0.522703,-0.168862,-0.777668,319.298700,69.414070,355.686200
985.807,19,-0.143158,1.756038,-0.363705,0.321637,-0.400216,-0.140424,-0.846557,318.931100,51.166270,358.503100
985.918,19,-0.146445,1.753720,-0.337731,0.306512,-0.359662,-0.114968,-0.873772,321.804900,45.240110,358.573200
986.029,19,-0.137617,1.726910,-0.282215,0.174129,-0.361984,-0.027066,-0.915376,340.221600,43.965950,355.336200
986.138,19,-0.132693,1.680431,-0.224309,-0.002133,-0.387081,0.089373,-0.917702,4.192306,45.395750,350.629500
986.246,19,-0.142647,1.628004,-0.160218,-0.152067,-0.415877,0.164992,-0.881306,23.907870,48.325820,349.644400
986.356,19,-0.159583,1.606341,-0.122923,-0.199162,-0.438000,0.188304,-0.856173,30.396950,51.496770,350.121500
986.466,19,-0.186939,1.593485,-0.087905,-0.216056,-0.451174,0.203909,-0.841536,33.204880,53.344300,349.795400
986.578,19,-0.204742,1.590035,-0.072365,-0.218334,-0.464692,0.212489,-0.831409,34.092720,55.186750,349.535300
986.689,19,-0.214412,1.583434,-0.073289,-0.230387,-0.527365,0.235068,-0.783295,37.506740,64.811740,350.915000
986.800,19,-0.215987,1.566130,-0.103303,-0.267048,-0.657135,0.247184,-0.660121,42.643470,90.489200,1.918807
986.911,19,-0.226350,1.556872,-0.134978,-0.286152,-0.751137,0.260905,-0.534640,44.260890,114.077600,12.163430
987.022,19,-0.235021,1.557957,-0.144152,-0.277174,-0.776987,0.260106,-0.501808,43.029450,119.599500,13.421350
987.133,19,-0.240035,1.557107,-0.141183,-0.268160,-0.770843,0.272151,-0.509730,43.864080,117.437600,10.870500
987.244,19,-0.241632,1.557307,-0.130746,-0.268447,-0.752996,0.268107,-0.537636,43.821920,112.674600,9.251323
987.355,19,-0.241912,1.556678,-0.118801,-0.271382,-0.729975,0.265431,-0.568362,44.107080,107.257900,7.561104
987.466,19,-0.244568,1.557394,-0.102767,-0.279196,-0.700935,0.268483,-0.598880,45.299050,101.357300,5.696403
987.577,19,-0.248201,1.558842,-0.091180,-0.268620,-0.705139,0.271335,-0.597494,44.721000,101.261200,4.406108
987.688,19,-0.263382,1.559359,-0.079197,-0.268410,-0.701020,0.272367,-0.601950,44.830190,100.311400,3.914735
987.799,19,-0.282229,1.568320,-0.074762,-0.249388,-0.698480,0.266529,-0.615544,42.792780,97.843110,1.582507
987.911,19,-0.310125,1.577152,-0.072217,-0.227497,-0.690119,0.255404,-0.637769,39.993400,94.194710,359.119200
988.022,19,-0.339321,1.580887,-0.073972,-0.224885,-0.673808,0.243349,-0.660447,38.681520,90.673940,358.650800
988.133,19,-0.374144,1.584975,-0.082418,-0.216476,-0.660360,0.232636,-0.680400,37.000900,87.550930,357.799300
988.244,19,-0.411770,1.589032,-0.093072,-0.203454,-0.657059,0.222939,-0.690781,35.033370,86.235440,357.155000
988.356,19,-0.443576,1.586776,-0.099196,-0.191534,-0.660033,0.219568,-0.692432,33.717080,86.184970,356.468600
988.467,19,-0.478603,1.595899,-0.100654,-0.182188,-0.653918,0.213760,-0.702500,32.380260,84.673480,355.785700
988.578,19,-0.504595,1.605967,-0.097468,-0.167875,-0.643336,0.194895,-0.721077,29.529270,82.347070,355.711200
988.689,19,-0.529878,1.616091,-0.090383,-0.150507,-0.639366,0.172114,-0.734122,26.172080,81.211830,356.150800
988.800,19,-0.542242,1.616608,-0.085122,-0.152913,-0.637187,0.163457,-0.737490,25.712060,80.982260,357.058900
988.911,19,-0.543749,1.614003,-0.084596,-0.157189,-0.636239,0.170532,-0.735806,26.635880,80.925380,356.733200
989.022,19,-0.533205,1.612991,-0.089554,-0.153760,-0.644646,0.173422,-0.728502,26.591100,82.185810,356.510100
989.133,19,-0.507636,1.610745,-0.093650,-0.155339,-0.651412,0.178782,-0.720811,27.184810,83.346630,356.432100
989.245,19,-0.470878,1.608860,-0.095989,-0.156442,-0.656347,0.186065,-0.714224,27.886030,84.190290,356.080100
989.356,19,-0.435350,1.609555,-0.095249,-0.155092,-0.667717,0.187283,-0.703581,27.926880,86.093060,356.338700
989.467,19,-0.388804,1.612645,-0.092058,-0.156800,-0.686650,0.189474,-0.684124,28.342770,89.488920,357.140000
989.579,19,-0.358145,1.617631,-0.088308,-0.155213,-0.703592,0.188474,-0.667342,28.188750,92.488280,357.845300
989.690,19,-0.329305,1.624944,-0.083874,-0.146418,-0.724449,0.185310,-0.647608,27.266980,95.974990,358.203100
989.801,19,-0.315882,1.640522,-0.085016,-0.115909,-0.764408,0.164118,-0.612626,23.136540,102.275300,358.511900
989.912,19,-0.315174,1.666499,-0.086813,-0.065062,-0.819029,0.098648,-0.561452,13.570880,111.108600,359.752600
990.024,19,-0.320502,1.680920,-0.086002,-0.035694,-0.850521,0.055755,-0.521759,7.590271,116.955000,0.146572
990.136,19,-0.340221,1.686035,-0.078795,-0.021357,-0.862877,0.039129,-0.503444,5.107841,119.470800,359.853900
990.247,19,-0.390864,1.689969,-0.058500,-0.001362,-0.870209,0.024949,-0.492049,2.565548,121.000600,358.727700
990.358,19,-0.438029,1.691593,-0.038799,0.010575,-0.869030,0.010913,-0.494526,0.487421,120.708300,358.328200
990.470,19,-0.498468,1.689982,-0.014201,0.016232,-0.864546,0.002054,-0.502288,359.269200,119.699200,358.273300
990.580,19,-0.541815,1.687675,0.004509,0.019006,-0.862020,0.006763,-0.506473,359.565000,119.136500,357.729400
990.691,19,-0.570601,1.684792,0.020154,0.021172,-0.864362,0.000889,-0.502423,358.869000,119.685300,357.850800
990.802,19,-0.590629,1.679866,0.033154,0.013062,-0.873422,0.009749,-0.486692,0.247257,121.740800,358.148700
990.913,19,-0.600181,1.678650,0.039593,0.010264,-0.880497,0.013893,-0.473738,0.844557,123.423200,358.209700
991.024,19,-0.598286,1.674695,0.040906,0.010033,-0.886180,0.020083,-0.462797,1.507470,124.822000,357.914900
991.135,19,-0.586887,1.672766,0.037766,0.010644,-0.890272,0.023351,-0.454706,1.827920,125.852000,357.695600
991.247,19,-0.558868,1.677399,0.023276,0.015307,-0.898464,0.012886,-0.438591,0.557372,127.950000,357.775800
991.357,19,-0.526610,1.681146,0.002134,0.020667,-0.904009,0.000685,-0.427013,359.059700,129.450000,357.824700
991.469,19,-0.478679,1.688611,-0.030961,0.030476,-0.911323,-0.012417,-0.410375,357.269100,131.577300,357.397500
991.581,19,-0.440834,1.693102,-0.052789,0.027685,-0.917269,-0.010359,-0.397170,357.650400,133.225700,357.558700
991.692,19,-0.410878,1.695673,-0.068919,0.026122,-0.921280,-0.020177,-0.387498,356.708100,134.429600,358.134800
991.804,19,-0.388788,1.693816,-0.082191,0.024573,-0.926361,-0.013773,-0.375583,357.479600,135.905300,357.981900
991.915,19,-0.378172,1.684776,-0.087026,0.022606,-0.929482,-0.005133,-0.368139,358.499500,136.814800,357.807500
992.026,19,-0.381054,1.651494,-0.075168,0.019488,-0.932638,0.013370,-0.360039,0.624917,137.768100,357.364600
992.137,19,-0.388524,1.617308,-0.062748,0.020127,-0.934175,0.004164,-0.356224,359.624200,138.261400,357.674800
992.248,19,-0.391065,1.559002,-0.059367,0.024963,-0.932217,-0.001265,-0.361037,358.832000,137.685000,357.384200
992.359,19,-0.388079,1.519626,-0.065061,0.025740,-0.931730,0.001945,-0.362234,359.139200,137.531500,357.169600
992.470,19,-0.380785,1.481041,-0.074224,0.026417,-0.932107,0.006024,-0.361169,359.550100,137.651800,356.927500
992.581,19,-0.373930,1.454666,-0.081809,0.023914,-0.933226,0.005115,-0.358456,359.564700,137.986500,357.231400
992.692,19,-0.368118,1.433967,-0.088000,0.027823,-0.934805,0.003765,-0.354050,359.274400,138.532300,356.865100
992.803,19,-0.360842,1.416506,-0.092831,0.022400,-0.936487,0.005982,-0.349935,359.743700,139.027700,357.355300
992.914,19,-0.355600,1.406163,-0.096744,0.023649,-0.933877,0.005522,-0.356769,359.624100,138.192400,357.242300
993.026,19,-0.352073,1.399452,-0.101926,0.024417,-0.935711,0.008802,-0.351813,359.959500,138.790100,357.025700
993.137,19,-0.349603,1.396780,-0.102859,0.019633,-0.937636,0.006648,-0.347001,359.933600,139.384300,357.625500
993.248,19,-0.345690,1.392251,-0.104162,0.018094,-0.935833,0.004135,-0.351954,359.713700,138.784100,357.892300
993.359,19,-0.344794,1.389640,-0.107936,0.017899,-0.937489,0.011715,-0.347358,0.546029,139.327300,357.610100
993.470,19,-0.347067,1.391937,-0.110342,0.019371,-0.939518,0.005919,-0.341899,359.878400,140.008700,357.681900
993.581,19,-0.348721,1.389811,-0.112472,0.014406,-0.942384,0.010749,-0.334050,0.609304,140.953400,358.032300
993.692,19,-0.348509,1.385966,-0.112987,0.013289,-0.939534,0.012622,-0.341965,0.838145,139.985600,358.074100
993.803,19,-0.344122,1.380821,-0.117598,0.008478,-0.938426,0.009960,-0.345232,0.735719,139.596100,358.694100
993.915,19,-0.339824,1.378515,-0.122882,0.005228,-0.938228,0.006983,-0.345907,0.543562,139.520000,359.161100
994.026,19,-0.336036,1.373457,-0.129447,0.002082,-0.938069,0.018371,-0.345956,1.892556,139.496700,359.047400
994.137,19,-0.333548,1.374208,-0.131716,0.005340,-0.937732,0.021664,-0.346642,2.116318,139.398800,358.564500
994.247,19,-0.325803,1.377779,-0.139921,0.007445,-0.938397,0.012282,-0.345262,1.026222,139.588600,358.713200
994.359,19,-0.319442,1.379392,-0.149379,0.006449,-0.938613,0.010726,-0.344745,0.898908,139.655500,358.882500
994.470,19,-0.311476,1.377949,-0.161454,0.003640,-0.943957,0.005308,-0.330005,0.436540,141.458800,359.405500
994.582,19,-0.304151,1.373503,-0.163434,0.012785,-0.945607,0.003553,-0.325040,359.908800,142.061700,358.482100
994.692,19,-0.299582,1.369385,-0.156783,0.015708,-0.943537,-0.001992,-0.330889,359.188900,141.360900,358.376700
994.804,19,-0.303588,1.363406,-0.149587,0.014070,-0.940816,-0.001756,-0.338622,359.264700,140.419300,358.550900
994.915,19,-0.311700,1.357500,-0.143400,0.009572,-0.937599,0.001606,-0.347582,359.791300,139.321000,358.907600
995.026,19,-0.322072,1.352464,-0.132047,0.006010,-0.935752,0.000129,-0.352608,359.771000,138.706700,359.350300
995.137,19,-0.322356,1.347834,-0.111959,-0.010036,-0.934646,-0.003041,-0.355425,0.083066,138.359500,1.198857
995.247,19,-0.306694,1.330542,-0.068483,-0.041786,-0.923761,-0.010338,-0.380542,0.727824,135.252700,4.880424
995.359,19,-0.290284,1.304880,-0.034808,-0.053992,-0.910894,-0.006712,-0.409037,1.830429,131.730500,5.964114
995.469,19,-0.273324,1.267245,-0.009227,-0.056921,-0.900454,0.019426,-0.430773,4.819891,129.075400,4.937964
995.581,19,-0.261110,1.227868,-0.002712,-0.052752,-0.895119,0.035300,-0.441286,6.301048,127.715200,3.650424
995.691,19,-0.253435,1.187254,-0.001629,-0.066533,-0.899110,0.052246,-0.429470,8.690483,129.265800,4.337588
995.803,19,-0.249363,1.176049,0.012446,-0.077179,-0.899851,0.064316,-0.424471,10.443700,129.941900,4.917359
995.914,19,-0.246372,1.197077,0.044563,-0.062209,-0.895535,0.073263,-0.434488,10.677280,128.497600,2.785584
996.025,19,-0.232536,1.243174,0.071509,-0.037021,-0.894580,0.053038,-0.442203,7.332915,127.464000,1.116737
996.136,19,-0.215310,1.284317,0.089578,-0.027828,-0.900385,0.045180,-0.431846,6.049888,128.786900,0.639004
996.247,19,-0.200013,1.350904,0.112968,-0.001291,-0.904136,0.030028,-0.426187,3.175734,129.487000,358.665200
996.358,19,-0.202407,1.396902,0.121790,0.021492,-0.909453,0.005595,-0.415214,359.560500,130.931200,357.493100
996.469,19,-0.223089,1.440914,0.119636,0.039052,-0.920928,-0.015436,-0.387464,356.635100,134.465100,356.556200
996.581,19,-0.257185,1.472583,0.107270,0.056535,-0.930973,-0.028448,-0.359562,354.627900,137.994100,355.113500
996.692,19,-0.301474,1.493151,0.088260,0.066668,-0.942175,-0.036267,-0.326415,353.577300,142.113600,354.111500
996.803,19,-0.346589,1.508981,0.069403,0.071713,-0.950637,-0.042194,-0.298941,352.929100,145.484700,353.571100
996.915,19,-0.379398,1.514404,0.054293,0.068350,-0.954425,-0.045592,-0.286919,352.747000,146.919300,353.964200
997.026,19,-0.402676,1.498879,0.036738,0.057026,-0.955662,-0.034412,-0.286836,354.348000,146.840600,354.854200
997.137,19,-0.406565,1.484834,0.029839,0.045211,-0.950768,-0.030003,-0.305118,355.144700,144.580500,356.106300
997.248,19,-0.406401,1.480355,0.032875,0.040950,-0.938782,-0.029750,-0.340774,355.194900,140.235400,356.743300
997.359,19,-0.408776,1.488833,0.039897,0.045237,-0.928798,-0.042475,-0.365355,353.571900,137.226000,356.942900
997.470,19,-0.411801,1.498973,0.049578,0.046048,-0.920528,-0.057594,-0.383655,351.873100,134.916400,357.650400
997.582,19,-0.412178,1.500817,0.054045,0.050367,-0.915254,-0.060750,-0.395074,351.315100,133.499300,357.437600
997.692,19,-0.410438,1.499435,0.056597,0.051315,-0.913469,-0.057011,-0.399614,351.653000,132.948000,357.208600
997.803,19,-0.410036,1.498100,0.060219,0.053669,-0.911654,-0.055787,-0.403603,351.660500,132.463700,356.939600
997.915,19,-0.414623,1.496830,0.065144,0.055141,-0.909930,-0.053380,-0.407600,351.830900,131.975400,356.708500
998.026,19,-0.431006,1.496915,0.074978,0.058040,-0.907536,-0.051554,-0.412738,351.866200,131.347600,356.363400
998.137,19,-0.449931,1.498678,0.086626,0.062638,-0.904843,-0.048973,-0.418255,351.892900,130.680700,355.806900
998.247,19,-0.483695,1.511211,0.107358,0.069909,-0.907425,-0.043452,-0.412073,352.156100,131.515000,354.725700
998.359,19,-0.514431,1.536204,0.130472,0.082075,-0.913140,-0.039618,-0.397328,352.092400,133.445200,353.134000
998.469,19,-0.557441,1.571752,0.171841,0.083218,-0.920344,-0.029159,-0.381039,353.275700,135.465000,352.422700
998.581,19,-0.607420,1.592706,0.227249,0.062548,-0.927245,0.004853,-0.369163,357.869200,136.710100,353.127500
998.691,19,-0.659142,1.610290,0.284167,0.051772,-0.931209,0.029254,-0.359604,0.988285,137.711800,353.253400
998.802,19,-0.702853,1.626352,0.329301,0.047745,-0.931019,0.036325,-0.360006,1.906108,137.609000,353.389400
998.913,19,-0.737398,1.636869,0.361992,0.039343,-0.930200,0.041151,-0.362612,2.752651,137.263800,354.079000
999.024,19,-0.763538,1.641961,0.382504,0.041431,-0.931079,0.043979,-0.359780,2.985508,137.582600,353.745500
999.135,19,-0.778909,1.645434,0.393211,0.040131,-0.934802,0.045999,-0.349884,3.320263,138.780700,353.834700
999.246,19,-0.787671,1.648521,0.402748,0.037136,-0.934252,0.046936,-0.351556,3.531077,138.576000,354.112000
999.357,19,-0.786125,1.650930,0.406946,0.035459,-0.931479,0.048685,-0.358774,3.741434,137.680100,354.191200
999.467,19,-0.775645,1.651143,0.407516,0.024307,-0.928634,0.053250,-0.366352,4.651225,136.744100,355.156200
999.579,19,-0.762542,1.650440,0.403206,0.015964,-0.926504,0.061570,-0.370870,5.868731,136.146100,355.661600
999.690,19,-0.730319,1.644909,0.383612,0.003258,-0.926408,0.072246,-0.369512,7.553442,136.282400,356.563100
999.801,19,-0.679284,1.629193,0.341351,0.000121,-0.925877,0.071524,-0.370993,7.605712,136.123800,356.917800
999.912,19,-0.611429,1.600049,0.278561,0.008501,-0.923630,0.034728,-0.381614,3.305705,135.032500,357.576800
1000.024,19,-0.536233,1.559276,0.204722,0.014333,-0.917801,0.024249,-0.396041,1.900181,133.275300,357.389700
1000.135,19,-0.475334,1.524950,0.143960,0.013975,-0.912344,0.017293,-0.408821,1.153335,131.702900,357.727800
1000.246,19,-0.416281,1.502191,0.087923,0.010845,-0.908378,0.015014,-0.417740,1.043726,130.590200,358.151800
1000.358,19,-0.384666,1.499315,0.061034,0.016895,-0.901497,0.013653,-0.432239,0.573589,128.755400,357.577600
1000.469,19,-0.357376,1.500314,0.036945,0.018479,-0.899444,0.016746,-0.436323,0.802117,128.224400,357.256700
1000.581,19,-0.343053,1.498898,0.022131,0.015047,-0.900272,0.019590,-0.434627,1.271634,128.431900,357.470600
1000.692,19,-0.335363,1.496834,0.011045,0.015080,-0.899767,0.021596,-0.435575,1.474134,128.303000,357.365400
1000.803,19,-0.333818,1.495469,0.003393,0.013720,-0.900559,0.025828,-0.433748,1.983788,128.518200,357.297800
1000.914,19,-0.337929,1.501177,0.001111,0.015788,-0.899780,0.027956,-0.435161,2.095682,128.325000,356.974700
1001.025,19,-0.356884,1.531417,0.004725,0.031348,-0.897775,0.017266,-0.438998,0.199316,127.877000,355.902900
1001.137,19,-0.383786,1.569213,0.013386,0.048349,-0.897135,0.005664,-0.439067,358.149400,127.929900,354.734400
1001.247,20,-0.422351,1.610688,0.029872,0.042845,-0.896256,0.033904,-0.440159,1.321115,127.617300,353.876400
1001.358,20,-0.441449,1.612385,0.040220,-0.007675,-0.890453,0.135036,-0.434511,14.309300,127.206700,353.857600
1001.468,20,-0.456155,1.586523,0.048225,-0.078298,-0.875140,0.276733,-0.389125,33.044900,130.464500,354.638500
1001.578,20,-0.448787,1.577680,0.043147,-0.095292,-0.882535,0.296113,-0.352659,36.147920,135.494900,357.114000
1001.688,20,-0.419510,1.577035,0.031028,-0.089281,-0.896604,0.296415,-0.316651,36.020570,140.460600,358.043000
1001.799,20,-0.386792,1.578298,0.019617,-0.078564,-0.910873,0.289915,-0.282998,34.932960,145.020100,358.534500
1001.910,20,-0.345904,1.593722,0.008558,-0.052990,-0.943525,0.266639,-0.189360,31.549100,157.284900,359.933600
1002.022,20,-0.330255,1.625768,0.004648,-0.051326,-0.977849,0.200763,-0.029510,23.307220,177.684600,5.531690
1002.135,20,-0.332429,1.644921,0.016773,-0.036367,-0.977927,0.150187,0.140642,16.470070,197.351700,6.789713
1002.247,20,-0.338340,1.642717,0.046657,-0.009189,-0.934258,0.176639,0.309641,18.926930,217.956900,7.688867
1002.358,20,-0.341976,1.639346,0.071804,0.012987,-0.881819,0.186222,0.433068,19.857150,233.795600,8.461031
1002.468,20,-0.330568,1.636815,0.091849,0.024684,-0.836840,0.191195,0.512381,20.199720,244.649400,9.482677
1002.580,20,-0.314123,1.638852,0.091998,0.022916,-0.839998,0.186936,0.508856,19.716950,244.029000,9.276555
1002.691,20,-0.286478,1.647031,0.076881,0.005492,-0.883705,0.163087,0.438677,17.041230,234.003500,8.019066
1002.802,20,-0.239571,1.670804,0.053100,0.008769,-0.975349,0.068422,0.209611,7.882784,204.303900,0.669717
1002.914,20,-0.197949,1.686841,0.052349,0.020698,-0.999313,0.010608,-0.028849,1.146369,176.668700,357.593600
1003.026,20,-0.169643,1.702937,0.066564,0.053921,-0.955390,-0.041269,-0.287437,353.693100,146.763500,355.423500
1003.138,20,-0.168371,1.714410,0.076177,0.085859,-0.874481,-0.071688,-0.471988,348.086900,123.790300,355.163800
1003.249,20,-0.193444,1.721395,0.073053,0.112312,-0.722178,-0.087046,-0.676955,343.871900,94.077670,357.352900
1003.361,20,-0.235510,1.719801,0.049002,0.121060,-0.556768,-0.086716,-0.817211,342.876900,68.470840,0.415271
1003.471,20,-0.282182,1.717686,0.004691,0.121058,-0.404532,-0.075665,-0.903313,343.744300,47.918260,2.313575
1003.583,20,-0.319703,1.719665,-0.039190,0.119307,-0.285324,-0.055101,-0.949379,345.049900,33.170540,2.167530
1003.695,20,-0.350017,1.720011,-0.067734,0.123118,-0.191838,-0.034314,-0.973069,345.358600,22.156690,1.157325
1003.808,20,-0.388601,1.721461,-0.093534,0.124001,-0.104215,-0.016434,-0.986658,345.633800,12.009830,0.389431
1003.915,20,-0.420069,1.717881,-0.106211,0.106328,-0.049306,-0.006800,-0.993085,347.768900,5.665798,0.177098
1004.026,20,-0.461211,1.710329,-0.112491,0.061584,0.007104,0.012861,-0.997994,352.928700,359.272800,358.568300
1004.136,20,-0.494435,1.696677,-0.111953,-0.002118,0.017621,0.036844,-0.999163,0.168111,357.973100,355.773300
1004.247,20,-0.541335,1.657960,-0.110763,-0.145604,-0.025431,0.067977,-0.986677,16.905000,1.820149,352.388200
1004.357,20,-0.580005,1.628294,-0.112633,-0.225996,-0.086786,0.081999,-0.966783,26.821430,8.424408,352.316000
1004.466,20,-0.629617,1.603049,-0.125486,-0.276879,-0.143842,0.101640,-0.944626,33.527210,14.979470,352.253200
1004.573,20,-0.667659,1.600567,-0.141791,-0.282534,-0.165381,0.099275,-0.939664,34.319760,17.962730,353.526200
1004.688,20,-0.693892,1.603687,-0.155648,-0.276258,-0.172596,0.094061,-0.940768,33.522140,19.098770,354.381700
1004.795,20,-0.704996,1.609789,-0.169340,-0.260258,-0.198966,0.093060,-0.940222,31.764760,22.524970,355.180800
1004.897,20,-0.704102,1.622047,-0.186954,-0.215292,-0.266902,0.081403,-0.935835,26.513500,31.271620,357.602300
1005.005,20,-0.701743,1.635096,-0.213417,-0.173234,-0.344326,0.068495,-0.920184,21.468080,40.952050,359.583900
1005.116,20,-0.701348,1.645525,-0.230217,-0.144380,-0.367748,0.066125,-0.916266,18.253110,43.591350,359.095900
1005.227,20,-0.696661,1.657062,-0.247637,-0.112133,-0.355687,0.062020,-0.925779,14.580460,41.768190,357.923600
1005.339,20,-0.687579,1.667043,-0.261168,-0.085798,-0.323107,0.058876,-0.940624,11.505030,37.589410,356.763900
1005.450,20,-0.665910,1.682509,-0.280515,-0.035903,-0.264169,0.054025,-0.962293,5.603403,30.461490,355.100200
1005.562,20,-0.635111,1.695330,-0.296865,0.007261,-0.198700,0.042886,-0.979095,0.161817,22.936900,355.016700
1005.673,20,-0.595446,1.700119,-0.307006,0.044749,-0.150136,0.027283,-0.987275,355.401800,17.449010,356.128100
1005.785,20,-0.558332,1.701792,-0.305949,0.052020,-0.134892,0.026129,-0.989149,354.499100,15.713230,356.214100
1005.896,20,-0.533901,1.704261,-0.293370,0.046273,-0.133058,0.020772,-0.989810,355.062200,15.445080,356.925500
1006.008,20,-0.508717,1.702460,-0.258702,0.050939,-0.131834,0.012614,-0.989882,354.403600,15.280240,357.788600
1006.119,20,-0.493302,1.699750,-0.218860,0.054835,-0.145330,0.004412,-0.987853,353.854400,16.814530,358.579100
1006.231,20,-0.482428,1.694785,-0.158104,0.061982,-0.182151,-0.006650,-0.981293,352.873100,21.065720,359.449800
1006.343,20,-0.478962,1.705035,-0.100625,0.069573,-0.222642,-0.015065,-0.972298,351.836500,25.802030,359.902500
1006.454,20,-0.479691,1.715060,-0.056443,0.083772,-0.258405,-0.021199,-0.962164,350.086500,30.078590,359.854600
1006.566,20,-0.479756,1.717510,-0.009437,0.089699,-0.290997,-0.030179,-0.952032,349.143100,33.963300,0.306786
1006.677,20,-0.476381,1.720895,0.017444,0.088221,-0.306405,-0.028399,-0.947379,349.364500,35.846280,359.985300
1006.788,20,-0.468385,1.723948,0.038083,0.101465,-0.316005,-0.034844,-0.942673,347.683200,37.054720,0.091868
1006.900,20,-0.461716,1.728188,0.040137,0.097608,-0.319129,-0.031948,-0.942130,348.210900,37.438440,359.877000
1007.011,20,-0.456717,1.749559,0.040895,0.116584,-0.329103,-0.037422,-0.936322,345.939100,38.780060,359.606700
1007.123,20,-0.454832,1.783868,0.045506,0.114881,-0.344427,-0.037879,-0.930988,346.113600,40.666670,359.492000
1007.234,20,-0.457528,1.801164,0.044552,0.129011,-0.352156,-0.050675,-0.925621,344.066500,41.634410,0.175630
1007.345,20,-0.458464,1.796104,0.038896,0.135180,-0.362772,-0.051542,-0.920580,343.364400,43.043510,359.809700
1007.456,20,-0.456856,1.798065,0.035603,0.132558,-0.366000,-0.045899,-0.919981,343.889000,43.494870,359.249800
1007.568,20,-0.455720,1.792591,0.029559,0.144446,-0.358748,-0.044316,-0.921125,342.668300,42.759770,358.679500
1007.678,20,-0.456470,1.790157,0.022103,0.150373,-0.356652,-0.048972,-0.920755,341.829500,42.512180,358.970000
1007.789,20,-0.455663,1.794010,0.012120,0.160918,-0.352497,-0.055985,-0.920172,340.390200,42.030900,359.366500
1007.901,20,-0.450257,1.790754,0.002350,0.161703,-0.352345,-0.051534,-0.920353,340.490500,42.096920,358.839400
1008.012,20,-0.443131,1.788879,-0.010458,0.155427,-0.350519,-0.043234,-0.922556,341.513000,41.894920,358.236300
1008.123,20,-0.432560,1.788847,-0.027576,0.159126,-0.342766,-0.032799,-0.925265,341.521400,41.130260,357.075400
1008.234,20,-0.427137,1.791792,-0.042961,0.164249,-0.338652,-0.038355,-0.925671,340.727700,40.604480,357.556900
1008.345,20,-0.451097,1.788696,-0.061370,0.157519,-0.364325,-0.036090,-0.917144,341.625200,43.804380,357.066000
1008.456,20,-0.487908,1.788781,-0.071076,0.160480,-0.400902,-0.046500,-0.900756,340.950200,48.442070,357.277200
1008.567,20,-0.547741,1.780447,-0.071634,0.159264,-0.438596,-0.041910,-0.883466,341.447600,53.453010,356.029000
1008.678,20,-0.594755,1.777028,-0.064334,0.156707,-0.471068,-0.042037,-0.867047,341.859400,57.751160,355.488900
1008.788,20,-0.645198,1.779820,-0.057800,0.135790,-0.502526,-0.054695,-0.852078,343.358700,61.439850,357.411700
1008.900,20,-0.674005,1.781641,-0.061121,0.129723,-0.512190,-0.058678,-0.846989,343.748400,62.609700,358.001100
1009.010,20,-0.701703,1.781912,-0.077393,0.129613,-0.519772,-0.060658,-0.842234,343.657100,63.639580,358.055400
1009.121,20,-0.722769,1.780499,-0.103386,0.133790,-0.516726,-0.055445,-0.843813,343.555500,63.350180,357.328900
1009.232,20,-0.740599,1.775829,-0.139842,0.142998,-0.512680,-0.059238,-0.844512,342.406200,62.955040,357.199600
1009.343,20,-0.750062,1.752806,-0.182441,0.144211,-0.506160,-0.070404,-0.847378,341.598600,61.962770,358.389300
1009.454,20,-0.751082,1.729780,-0.218271,0.140871,-0.515847,-0.051217,-0.843465,343.113300,63.422640,356.468900
1009.565,20,-0.748655,1.731563,-0.234747,0.126175,-0.533495,-0.042402,-0.835264,345.165900,65.626650,356.216100
1009.677,20,-0.744190,1.735488,-0.234413,0.125967,-0.547590,-0.047953,-0.825820,344.896200,67.558390,356.511000
1009.788,20,-0.732044,1.730535,-0.218393,0.122762,-0.584384,-0.058680,-0.799989,344.633100,72.693370,357.051800
1009.900,20,-0.719842,1.728579,-0.189811,0.119314,-0.627502,-0.064538,-0.766707,344.695300,79.001900,356.982400
1010.011,20,-0.701407,1.724530,-0.128270,0.117303,-0.685402,-0.082215,-0.713936,343.728200,88.034250,357.408200
1010.122,20,-0.676669,1.726725,-0.056686,0.108421,-0.726228,-0.089873,-0.672875,343.951900,94.674800,357.821600
1010.234,20,-0.643038,1.732051,0.014966,0.098444,-0.756842,-0.097263,-0.638780,344.157600,99.875940,358.525500
1010.345,20,-0.613348,1.731316,0.070997,0.073634,-0.778486,-0.107600,-0.613971,345.051600,103.340200,1.036666
1010.457,20,-0.600795,1.732665,0.103686,0.056887,-0.794233,-0.108030,-0.595221,346.153400,106.028000,2.257140
1010.567,20,-0.607803,1.733553,0.130645,0.053057,-0.811257,-0.113578,-0.571093,345.825100,109.391100,2.579828
1010.679,20,-0.626765,1.735709,0.141761,0.053731,-0.819637,-0.121940,-0.557170,344.943700,111.211100,2.837430
1010.790,20,-0.665951,1.740337,0.143483,0.066229,-0.828992,-0.131277,-0.539586,343.194300,113.598400,1.907401
1010.901,20,-0.703361,1.755401,0.134061,0.076369,-0.827412,-0.132161,-0.540454,342.467200,113.543300,0.990046
1011.011,20,-0.732089,1.781534,0.121919,0.097415,-0.826541,-0.131906,-0.538463,341.158000,114.025000,358.850700
1011.123,20,-0.749100,1.792007,0.118454,0.097969,-0.842671,-0.130854,-0.513015,341.273500,117.642000,358.133200
1011.235,20,-0.754426,1.792923,0.123652,0.092537,-0.855243,-0.130729,-0.492856,341.649800,120.379400,358.223600
1011.346,20,-0.749739,1.794579,0.136559,0.099322,-0.867011,-0.136948,-0.468693,340.696400,123.663100,357.336700
1011.457,20,-0.738828,1.797742,0.151202,0.100224,-0.870896,-0.146998,-0.458135,339.642800,124.944500,357.562200
1011.568,20,-0.721035,1.796278,0.173243,0.098154,-0.873457,-0.155521,-0.450835,338.888500,125.756500,358.081100
1011.680,20,-0.706918,1.795841,0.190094,0.095456,-0.876846,-0.160827,-0.442903,338.494100,126.694200,358.464000
1011.790,20,-0.689569,1.797323,0.208236,0.086615,-0.881276,-0.169595,-0.432538,338.046900,127.786900,359.632400
1011.901,20,-0.676153,1.796920,0.219967,0.083391,-0.884506,-0.176872,-0.423571,337.447300,128.793800,0.143712
1012.012,20,-0.665158,1.796623,0.229121,0.081069,-0.889892,-0.179014,-0.411672,337.334300,130.309900,0.192855
1012.123,20,-0.655519,1.795043,0.238310,0.077364,-0.894124,-0.180512,-0.402458,337.351800,131.447100,0.431549
1012.235,20,-0.648057,1.792318,0.245285,0.073360,-0.897615,-0.176311,-0.397267,337.987600,132.152700,0.518298
1012.345,20,-0.638955,1.790000,0.253460,0.068521,-0.899374,-0.169471,-0.397129,338.945400,132.221700,0.696939
1012.457,20,-0.632852,1.788259,0.258637,0.064256,-0.901006,-0.164164,-0.396371,339.710500,132.351800,0.876650
1012.567,20,-0.627605,1.786745,0.262843,0.060372,-0.903642,-0.160915,-0.392292,340.233700,132.884600,1.043734
1012.679,20,-0.625949,1.786771,0.265346,0.064022,-0.903667,-0.166709,-0.389224,339.443200,133.239300,0.860692
1012.790,20,-0.626566,1.787534,0.269324,0.069890,-0.899683,-0.176160,-0.393260,338.164300,132.626400,0.789857
1012.901,20,-0.627512,1.780916,0.268023,0.074437,-0.897841,-0.174567,-0.397326,338.122800,132.197600,0.312112
1013.011,20,-0.623229,1.746871,0.257499,0.065202,-0.904987,-0.132547,-0.398972,343.026200,132.528100,359.266200
1013.122,20,-0.614916,1.711668,0.244328,0.048466,-0.911870,-0.098653,-0.395491,347.393500,133.173100,359.392000
1013.232,20,-0.599927,1.699872,0.227982,0.046038,-0.915212,-0.075358,-0.393179,349.971500,133.630600,358.544600
1013.343,20,-0.580962,1.702329,0.206888,0.044748,-0.909808,-0.075756,-0.405597,349.971100,132.046900,358.837900
1013.455,20,-0.561711,1.701809,0.181383,0.056778,-0.904517,-0.082514,-0.414508,348.676900,130.958200,357.994900
1013.567,20,-0.536230,1.700405,0.140457,0.061984,-0.895713,-0.090282,-0.430935,347.575300,128.827100,358.050200
1013.679,20,-0.520334,1.700523,0.105398,0.069651,-0.876328,-0.090258,-0.468030,347.091800,124.038300,357.790100
1013.790,20,-0.501575,1.720466,0.060018,0.091249,-0.840117,-0.094679,-0.526225,345.219400,116.289100,356.817800
1013.902,20,-0.489814,1.729159,0.031499,0.096322,-0.804005,-0.097788,-0.578564,344.413000,108.862200,357.516800
1014.013,20,-0.478197,1.721846,0.012872,0.080077,-0.767643,-0.056773,-0.633316,349.129400,101.237200,357.021400
1014.123,20,-0.461294,1.694699,0.002181,0.002749,-0.746089,0.054461,-0.663610,4.451634,96.526020,355.606000
1014.233,20,-0.454591,1.655033,-0.000772,-0.087320,-0.741876,0.160653,-0.645125,20.550500,97.116770,355.238800
1014.343,20,-0.463838,1.630107,0.008368,-0.128226,-0.755823,0.203770,-0.608907,27.657380,101.422900,356.483900
1014.453,20,-0.482683,1.619039,0.031568,-0.133397,-0.767381,0.227429,-0.584472,30.330210,104.309900,355.939500
1014.564,20,-0.503565,1.614823,0.063931,-0.135504,-0.773714,0.233294,-0.573218,31.087920,105.856800,356.131700
1014.674,20,-0.523974,1.613841,0.094321,-0.138751,-0.773201,0.228358,-0.575118,30.845860,105.828900,356.788300
1014.786,20,-0.550077,1.617274,0.123759,-0.130822,-0.780821,0.215127,-0.571773,29.048660,106.862900,357.265300
1014.898,20,-0.568091,1.619116,0.137068,-0.127565,-0.792401,0.210020,-0.558319,28.377830,109.130800,357.892800
1015.007,20,-0.588126,1.622101,0.150397,-0.121178,-0.799900,0.200768,-0.552420,27.069520,110.308100,358.200900
1015.107,20,-0.602260,1.628019,0.160413,-0.110595,-0.798320,0.190038,-0.560660,25.304810,109.319600,357.685300
1015.219,20,-0.616168,1.634353,0.169776,-0.096558,-0.796102,0.176726,-0.570672,23.053420,108.122200,357.011900
1015.331,20,-0.631024,1.639690,0.178741,-0.083539,-0.798024,0.163960,-0.573843,20.950660,107.939100,356.633400
1015.442,20,-0.639147,1.641559,0.183495,-0.077968,-0.803406,0.159870,-0.568244,20.211720,108.842500,356.553800
1015.552,20,-0.641829,1.643380,0.185986,-0.075831,-0.807564,0.155827,-0.563745,19.705100,109.600800,356.759600
1015.661,20,-0.643054,1.643463,0.187771,-0.074842,-0.808255,0.156123,-0.562804,19.670840,109.721400,356.666700
1015.771,20,-0.643883,1.645717,0.188698,-0.072380,-0.811685,0.150190,-0.559796,18.956490,110.301600,356.930000
1015.882,20,-0.645608,1.652310,0.189724,-0.063260,-0.813034,0.133068,-0.563265,16.716810,110.158400,357.184800
1015.992,20,-0.650399,1.665690,0.189256,-0.040519,-0.820078,0.091126,-0.563495,11.252110,110.803600,357.882400
1016.101,20,-0.659220,1.678519,0.186617,-0.012471,-0.829418,0.050620,-0.556191,5.615000,112.209300,357.948800
1016.215,20,-0.667952,1.688127,0.183866,0.010548,-0.834247,0.022432,-0.550833,1.478783,113.097000,357.574200
1016.326,20,-0.678791,1.698405,0.181436,0.039407,-0.839033,-0.011467,-0.542531,356.445300,114.321100,356.916600
1016.438,20,-0.684965,1.704682,0.180254,0.054867,-0.841927,-0.032609,-0.535803,353.471000,115.243700,356.685300
1016.549,20,-0.688703,1.708898,0.179372,0.064538,-0.843794,-0.047360,-0.530663,351.464600,115.922200,356.599900
1016.661,20,-0.688120,1.711560,0.178447,0.068283,-0.843894,-0.058369,-0.528936,350.168600,116.110400,356.887400
1016.772,20,-0.682963,1.713554,0.175945,0.068949,-0.841755,-0.066134,-0.531338,349.361700,115.726300,357.329100
1016.884,20,-0.672873,1.716191,0.171424,0.071572,-0.838646,-0.073852,-0.534880,348.437600,115.184500,357.599000
1016.995,20,-0.658444,1.719910,0.164931,0.077343,-0.836274,-0.085471,-0.536058,346.945600,114.933600,357.780600
1017.107,20,-0.630421,1.725175,0.150709,0.090152,-0.829815,-0.101273,-0.541317,344.592800,114.085900,357.623400
1017.219,20,-0.602053,1.727599,0.134633,0.097088,-0.823187,-0.110357,-0.548415,343.251100,112.998100,357.677800
1017.330,20,-0.562282,1.728494,0.109105,0.097219,-0.806220,-0.110665,-0.572985,343.151000,109.462300,358.207200
1017.442,20,-0.529743,1.731712,0.084825,0.098915,-0.784170,-0.114264,-0.601861,342.646200,105.147700,358.944100
1017.553,20,-0.503131,1.735549,0.061746,0.103796,-0.770709,-0.116452,-0.617797,342.076200,102.721900,359.030100
1017.664,20,-0.481400,1.739363,0.045892,0.107970,-0.762545,-0.117857,-0.626880,341.632500,101.318400,358.979600
1017.776,20,-0.464681,1.742889,0.039439,0.108142,-0.755930,-0.115124,-0.635312,341.852900,100.075900,358.961900
1017.887,20,-0.450733,1.744537,0.043438,0.105146,-0.759053,-0.113729,-0.632336,342.204100,100.556200,359.049600
1017.999,20,-0.445920,1.754945,0.055678,0.105076,-0.765544,-0.117369,-0.623800,341.892900,101.789300,359.128900
1018.109,20,-0.437230,1.801545,0.070569,0.102900,-0.777214,-0.104344,-0.611933,343.253900,103.854400,358.070200
1018.220,20,-0.432611,1.828263,0.077733,0.107665,-0.783149,-0.107673,-0.602904,342.634300,105.174500,357.670000
1018.331,20,-0.434455,1.823104,0.081032,0.117435,-0.782373,-0.099577,-0.603478,342.689400,105.292300,356.182100
1018.443,20,-0.438265,1.821860,0.080443,0.110789,-0.783140,-0.092761,-0.604825,343.781300,105.163500,356.338700
1018.554,20,-0.442698,1.824213,0.076807,0.114399,-0.783572,-0.100772,-0.602306,342.798700,105.429000,356.525800
1018.665,20,-0.446137,1.820130,0.071015,0.115746,-0.781104,-0.103054,-0.604864,342.481500,105.014000,356.624300
1018.776,20,-0.449345,1.807468,0.067819,0.113344,-0.782977,-0.107747,-0.602072,342.229200,105.332300,357.125900
1018.887,20,-0.459269,1.787572,0.071032,0.101250,-0.786665,-0.094403,-0.601661,344.314100,105.555500,357.279100
1018.998,20,-0.472229,1.765794,0.077314,0.099217,-0.786234,-0.102829,-0.601180,343.680700,105.471800,358.066700
1019.109,20,-0.486759,1.722732,0.085489,0.095437,-0.783643,-0.085370,-0.607871,345.532800,104.742700,357.289600
1019.219,20,-0.491790,1.709645,0.091507,0.083260,-0.789069,-0.067074,-0.604929,348.077700,105.357300,357.056300
1019.329,20,-0.487872,1.703568,0.096620,0.071096,-0.797002,-0.063600,-0.596397,349.269900,106.590200,357.814600
1019.440,20,-0.476479,1.691640,0.098472,0.068533,-0.799146,-0.054067,-0.594765,350.332200,106.905400,357.370700
1019.551,20,-0.456362,1.663984,0.101027,0.069401,-0.797552,-0.053771,-0.596828,350.292900,106.612900,357.295000
1019.663,20,-0.438221,1.636138,0.103496,0.067129,-0.790910,-0.051050,-0.606094,350.669700,105.282400,357.426700
1019.775,20,-0.424894,1.622231,0.104376,0.062807,-0.779337,-0.048895,-0.621529,351.124700,103.021600,357.847100
1019.886,20,-0.411236,1.620217,0.102116,0.065450,-0.770395,-0.051123,-0.632135,350.705100,101.430900,357.897100
1019.997,20,-0.407563,1.615035,0.097446,0.076596,-0.766750,-0.063179,-0.634220,348.811200,101.021600,357.819700
1020.109,20,-0.415271,1.596252,0.088897,0.086139,-0.759609,-0.069706,-0.640870,347.507800,99.959200,357.562800
1020.220,20,-0.425496,1.578170,0.081018,0.086828,-0.754544,-0.071609,-0.646527,347.271100,99.069000,357.741600
1020.331,20,-0.436678,1.563672,0.074800,0.081652,-0.757171,-0.068721,-0.644440,347.918200,99.414280,357.944300
1020.443,20,-0.445059,1.551625,0.071999,0.076719,-0.755341,-0.059742,-0.648078,349.065300,98.956060,357.754900
1020.553,20,-0.453527,1.544177,0.069322,0.070932,-0.751287,-0.051621,-0.654120,350.191200,98.104930,357.728900
1020.664,20,-0.459103,1.538587,0.065589,0.068725,-0.749609,-0.052360,-0.656218,350.288000,97.770800,358.004900
1020.776,20,-0.459677,1.532531,0.061253,0.066875,-0.750406,-0.052706,-0.655469,350.399900,97.879140,358.182500
1020.886,20,-0.458915,1.527335,0.055954,0.067311,-0.749629,-0.053997,-0.656208,350.253100,97.752670,358.252800
1020.997,20,-0.457569,1.523028,0.053360,0.063425,-0.751196,-0.053360,-0.654854,350.605200,97.960780,358.524600
1021.109,20,-0.453015,1.516079,0.052028,0.057095,-0.751221,-0.050915,-0.655602,351.294300,97.860550,358.897300
1021.220,20,-0.450138,1.511628,0.050011,0.053781,-0.750723,-0.049284,-0.656578,351.684700,97.721990,359.071600
1021.331,20,-0.450497,1.509915,0.045783,0.052013,-0.752689,-0.045497,-0.654740,352.148900,98.036350,358.917100
1021.442,20,-0.453267,1.510196,0.042820,0.052755,-0.754156,-0.045197,-0.653010,352.121700,98.304420,358.811700
1021.553,20,-0.455956,1.509118,0.042244,0.051353,-0.755206,-0.047381,-0.651753,352.038700,98.474370,359.085700
1021.665,20,-0.457356,1.505478,0.045058,0.047188,-0.755367,-0.049095,-0.651754,352.202100,98.451460,359.578200
1021.776,20,-0.458323,1.501149,0.049283,0.042549,-0.752868,-0.049595,-0.654920,352.506700,97.956630,0.051656
1021.886,20,-0.461528,1.500193,0.052518,0.042174,-0.750091,-0.045438,-0.658423,352.894200,97.459530,359.801700
1021.997,20,-0.463568,1.499237,0.052593,0.045595,-0.749940,-0.045480,-0.658364,352.631500,97.472600,359.508700
1022.108,20,-0.463266,1.496543,0.052909,0.042658,-0.750574,-0.040773,-0.658146,353.260400,97.543010,359.401800
1022.220,20,-0.463962,1.496306,0.054352,0.042789,-0.749175,-0.042409,-0.659627,353.108300,97.302400,359.528800
1022.331,20,-0.462909,1.493162,0.055548,0.041137,-0.749733,-0.042340,-0.659102,353.239800,97.381650,359.661200
1022.442,20,-0.461049,1.488838,0.055854,0.037537,-0.750375,-0.039322,-0.658773,353.772900,97.452710,359.739300
1022.553,20,-0.460544,1.485798,0.055656,0.037082,-0.750929,-0.037203,-0.658290,353.990400,97.542470,359.613300
1022.664,20,-0.461473,1.483411,0.055470,0.034109,-0.753519,-0.036768,-0.655511,354.253400,97.967090,359.815800
1022.776,20,-0.462319,1.475937,0.057505,0.028152,-0.752234,-0.035447,-0.657339,354.816900,97.691860,0.244368
1022.886,20,-0.456477,1.444850,0.062895,0.006460,-0.752075,-0.027823,-0.658458,357.113500,97.555340,1.544825
1022.997,20,-0.447960,1.409410,0.067671,-0.014146,-0.748367,-0.011552,-0.663033,0.084141,96.921370,2.091262
1023.108,20,-0.443564,1.371926,0.069854,-0.027562,-0.747112,0.009535,-0.664058,2.914958,96.778070,1.636433
1023.219,20,-0.444515,1.355677,0.071864,-0.034182,-0.747840,0.015149,-0.662825,3.897496,96.958300,1.782995
1023.329,20,-0.448291,1.356574,0.073241,-0.030553,-0.747194,0.021492,-0.663555,4.167069,96.821620,0.984493
1023.441,20,-0.459127,1.390624,0.072525,-0.013503,-0.748277,0.014872,-0.663082,2.301845,96.909370,0.027762
1023.552,20,-0.484560,1.450545,0.068979,0.020144,-0.750278,-0.008064,-0.660767,357.780900,97.281220,358.877800
1023.664,20,-0.519702,1.504007,0.066361,0.042676,-0.752908,-0.023415,-0.656324,354.762900,97.929690,358.070600
1023.775,20,-0.550089,1.526935,0.063838,0.019020,-0.762168,0.011373,-0.647000,359.583100,99.353610,357.494800
1023.885,20,-0.577578,1.534070,0.063147,0.006919,-0.770346,0.041392,-0.636244,3.151058,100.792000,356.363400
1023.996,20,-0.586847,1.525633,0.064745,0.004733,-0.776076,0.045356,-0.628989,3.694975,101.832800,356.299700
1024.107,20,-0.582787,1.505849,0.068769,0.002683,-0.779330,0.041620,-0.625225,3.526830,102.423200,356.770700
1024.218,20,-0.575397,1.494685,0.073102,0.002892,-0.775955,0.037279,-0.629679,3.107639,101.802000,357.047300
1024.329,20,-0.577213,1.492617,0.074800,0.011832,-0.782578,0.026357,-0.621882,1.520577,103.015600,357.058400
1024.440,20,-0.584716,1.495306,0.076531,0.026008,-0.786883,0.007529,-0.616509,358.841400,103.873000,357.121200
1024.551,20,-0.587016,1.494555,0.077166,0.024425,-0.784320,0.012470,-0.619750,359.386100,103.386700,356.917500
1024.663,20,-0.587149,1.496123,0.074086,0.034459,-0.785223,0.013097,-0.618116,358.737500,103.625900,355.967400
1024.773,20,-0.581371,1.497033,0.073388,0.035073,-0.781345,0.007841,-0.623064,358.197600,102.918800,356.295500
1024.885,20,-0.583302,1.498094,0.074922,0.041779,-0.776687,0.011008,-0.628403,357.970800,102.128700,355.481400
1024.996,20,-0.594525,1.502595,0.079560,0.045892,-0.778026,0.006342,-0.626521,357.269700,102.421700,355.443200
1025.107,20,-0.634187,1.527908,0.091065,0.058227,-0.780312,0.005745,-0.622648,356.356800,103.003300,354.363100
1025.218,20,-0.684989,1.563066,0.103064,0.069829,-0.784162,0.010313,-0.616529,355.990100,103.896000,352.961800
1025.329,20,-0.765100,1.608760,0.117446,0.054608,-0.783307,0.029691,-0.618519,358.794500,103.482900,352.974800
1025.440,20,-0.827534,1.640485,0.125977,0.046852,-0.778350,0.045059,-0.624456,0.666279,102.477900,352.575600
1025.551,20,-0.874890,1.658517,0.131521,0.044979,-0.779009,0.049405,-0.623443,1.197041,102.580000,352.431600
1025.662,20,-0.909612,1.672333,0.134105,0.064691,-0.777362,0.037696,-0.624582,358.727800,102.533200,351.506200
1025.773,20,-0.933140,1.675466,0.134902,0.069638,-0.781728,0.037557,-0.618580,358.427900,103.413900,351.060100
1025.884,20,-0.944768,1.676280,0.135042,0.067314,-0.786353,0.043988,-0.612522,359.239000,104.228300,350.806700
1025.995,20,-0.947611,1.675903,0.136685,0.053061,-0.784112,0.055490,-0.615852,1.241408,103.612300,351.280600
1026.106,20,-0.946134,1.673199,0.140151,0.027329,-0.772914,0.069962,-0.630049,4.227198,101.351200,352.486500
1026.217,20,-0.945207,1.671284,0.142059,0.010592,-0.767468,0.072444,-0.636892,5.607083,100.317100,353.739000
1026.328,20,-0.942823,1.670385,0.142758,0.006731,-0.767859,0.070167,-0.636729,5.692232,100.381100,354.250100
1026.439,20,-0.938467,1.670479,0.142965,0.000104,-0.770187,0.069789,-0.633988,6.163691,100.804600,354.884300
1026.550,20,-0.928141,1.671728,0.143321,-0.006047,-0.766886,0.067187,-0.638228,6.359665,100.218000,355.586200
1026.661,20,-0.911879,1.670239,0.142558,-0.012359,-0.760116,0.069387,-0.645954,6.975873,99.033960,355.906700
1026.772,20,-0.883884,1.666334,0.139307,-0.018435,-0.755234,0.069723,-0.651475,7.431123,98.200330,356.357300
1026.884,20,-0.837864,1.657325,0.130901,-0.018171,-0.750141,0.067600,-0.657563,7.199038,97.301120,356.437900
1026.995,20,-0.781355,1.645764,0.115644,-0.010586,-0.746124,0.058613,-0.663138,5.825832,96.558430,356.430400
1027.106,20,-0.695397,1.619919,0.092482,-0.009083,-0.737113,0.054533,-0.673505,5.314862,95.003160,356.541500
1027.217,20,-0.627209,1.593844,0.078324,-0.007239,-0.722157,0.050678,-0.689833,4.771561,92.480230,356.579100
1027.328,20,-0.560257,1.567729,0.066048,-0.011428,-0.710426,0.052162,-0.701743,5.172424,90.556440,356.720600
1027.440,20,-0.518264,1.554093,0.059434,-0.001134,-0.704869,0.042608,-0.708056,3.535811,89.637420,356.626200
1027.552,20,-0.485193,1.541088,0.051619,0.002259,-0.706628,0.034714,-0.706730,2.628905,89.922870,357.001200
1027.664,20,-0.457697,1.527205,0.043567,-0.002583,-0.706266,0.038071,-0.706917,3.292217,89.864430,357.119100
1027.775,20,-0.437588,1.514850,0.038450,-0.006445,-0.700111,0.041911,-0.712774,3.891786,88.873920,357.085900
1027.886,20,-0.417425,1.499738,0.032613,-0.011700,-0.692130,0.051609,-0.719830,5.064840,87.604290,356.656000
1027.997,20,-0.408222,1.494354,0.030605,-0.016033,-0.687567,0.056366,-0.723752,5.780560,86.889340,356.569100
1028.108,20,-0.404461,1.494933,0.030738,-0.017311,-0.684167,0.052914,-0.727197,5.599923,86.357250,356.931700
1028.220,20,-0.404160,1.495056,0.031434,-0.018042,-0.683716,0.052221,-0.727654,5.604725,86.289020,357.043800
1028.330,20,-0.399922,1.482487,0.029730,-0.021409,-0.685837,0.060825,-0.724893,6.573065,86.633370,356.605700
1028.441,20,-0.390379,1.460424,0.026695,-0.029272,-0.689675,0.075915,-0.719533,8.443745,87.277570,356.007500
1028.552,20,-0.377847,1.438643,0.024074,-0.044393,-0.688718,0.091495,-0.717862,10.939050,87.233250,355.899200
1028.664,20,-0.367883,1.423226,0.021128,-0.047192,-0.686710,0.103288,-0.718007,12.100440,86.927670,355.100600
1028.775,20,-0.361285,1.415817,0.020004,-0.052560,-0.685816,0.106661,-0.717995,12.813270,86.837880,355.230800
1028.885,20,-0.354603,1.412840,0.020276,-0.053804,-0.683820,0.105570,-0.719966,12.818010,86.531510,355.386500
1028.996,20,-0.353023,1.416811,0.024183,-0.057774,-0.681120,0.103064,-0.722576,12.937590,86.147930,355.867100
1029.108,20,-0.362661,1.443527,0.035399,-0.051803,-0.673477,0.085126,-0.732461,10.984750,84.886750,356.792600
1029.219,20,-0.381706,1.473666,0.043569,-0.041986,-0.670546,0.072954,-0.737077,9.191361,84.348690,357.024800
1029.330,20,-0.417100,1.515353,0.050626,-0.028898,-0.673138,0.060872,-0.736440,7.152668,84.674030,357.068000
1029.442,20,-0.458635,1.553480,0.055088,-0.015487,-0.680405,0.049345,-0.731009,5.151573,85.761000,357.060900
1029.552,20,-0.510698,1.590510,0.063378,-0.004242,-0.684971,0.038002,-0.727566,3.338355,86.462750,357.158600
1029.663,21,-0.569490,1.619700,0.077171,-0.007639,-0.693343,0.053995,-0.718541,4.925088,87.789230,356.143900
1029.774,21,-0.627094,1.627758,0.096910,-0.039764,-0.701608,0.101046,-0.704240,11.408150,89.279300,354.936000
1029.885,21,-0.682249,1.615300,0.111749,-0.109386,-0.703340,0.186273,-0.677236,24.216610,90.835970,353.804100
1029.995,21,-0.714433,1.607895,0.118241,-0.135892,-0.713724,0.221260,-0.650519,29.514120,93.672270,353.806300
1030.106,21,-0.723671,1.604144,0.121485,-0.140937,-0.721399,0.231702,-0.637209,30.924730,95.388440,353.847300
1030.217,21,-0.704852,1.593503,0.117295,-0.149535,-0.725960,0.249495,-0.623197,33.272870,96.783630,353.554400
1030.328,21,-0.650765,1.578964,0.099774,-0.153489,-0.737186,0.258500,-0.605125,34.533270,99.361730,353.969400
1030.439,21,-0.603453,1.576871,0.078377,-0.152391,-0.738098,0.263324,-0.602203,34.907820,99.547680,353.545400
1030.550,21,-0.547738,1.592737,0.041157,-0.135605,-0.746569,0.266401,-0.594371,33.984730,100.528100,352.083400
1030.661,21,-0.511431,1.602471,0.006223,-0.107293,-0.772862,0.244147,-0.575817,30.062590,104.565300,352.342700
1030.772,21,-0.485426,1.621859,-0.024322,-0.093998,-0.820360,0.198481,-0.527995,25.145190,113.685900,356.493300
1030.884,21,-0.460251,1.656132,-0.050456,-0.038925,-0.875516,0.077485,-0.475344,9.943980,122.974400,359.679700
1030.996,21,-0.442409,1.680552,-0.059433,-0.000270,-0.898021,0.001838,-0.439949,0.202799,127.798500,359.935200
1031.109,21,-0.412271,1.695417,-0.057925,0.026931,-0.909578,-0.036693,-0.413033,354.894000,131.203000,358.925300
1031.220,21,-0.387537,1.696459,-0.059920,0.038897,-0.943494,-0.037855,-0.326915,354.441400,141.914200,357.198400
1031.331,21,-0.381327,1.688952,-0.060014,0.042834,-0.992585,-0.007826,-0.113487,358.552700,167.015300,355.222700
1031.442,21,-0.378657,1.669956,-0.038619,0.045608,-0.988208,0.082411,0.120722,10.014080,193.571300,355.909600
1031.553,21,-0.366876,1.655275,-0.007731,0.042033,-0.942870,0.150282,0.294354,17.947090,214.763200,0.554602
1031.664,21,-0.351820,1.645347,0.022191,0.052890,-0.900521,0.173621,0.395121,20.762450,227.851900,2.571051
1031.775,21,-0.341085,1.634567,0.052472,0.073508,-0.853381,0.197510,0.476789,24.029010,239.225200,3.947729
1031.886,21,-0.325397,1.626805,0.089173,0.096534,-0.794923,0.205104,0.562770,25.768570,251.721700,4.929054
1031.997,21,-0.310086,1.623778,0.111934,0.112488,-0.754709,0.200947,0.614314,26.200860,259.437200,4.929304
1032.108,21,-0.289378,1.622395,0.128034,0.115599,-0.717774,0.194185,0.658582,25.532510,266.370400,5.713113
1032.219,21,-0.274416,1.623520,0.127996,0.109620,-0.715119,0.190088,0.663668,24.668850,267.046500,6.034171
1032.330,21,-0.260679,1.664269,0.082759,0.060559,-0.837103,0.018093,0.543381,5.514899,245.749900,355.290400
1032.443,21,-0.189280,1.717560,0.043901,0.034830,-0.966448,-0.176387,0.183447,340.843000,202.853700,351.965000
1032.555,21,-0.147264,1.728868,0.037109,0.027515,-0.976382,-0.213758,-0.015154,335.275700,178.875300,357.018100
1032.667,21,-0.124644,1.733984,0.034366,0.040156,-0.951571,-0.229191,-0.200929,333.107400,155.912800,1.007390
1032.779,21,-0.131627,1.738022,0.027984,0.064552,-0.911188,-0.240128,-0.328495,331.313700,139.679800,2.621504
1032.890,21,-0.180178,1.743247,-0.003161,0.098625,-0.880783,-0.269294,-0.376796,326.722000,133.079600,2.001854
1033.001,21,-0.247075,1.750204,-0.051233,0.133870,-0.873681,-0.320766,-0.340397,319.335300,137.862000,358.825900
1033.112,21,-0.320107,1.758632,-0.111312,0.179783,-0.865869,-0.356113,-0.301880,313.511100,145.017600,351.957100
1033.223,21,-0.384547,1.769863,-0.169862,0.248785,-0.828495,-0.392671,-0.312268,306.290400,147.036500,343.611600
1033.333,21,-0.445670,1.778699,-0.207913,0.317288,-0.768148,-0.418948,-0.365732,298.870600,142.187100,337.983200
1033.444,21,-0.506407,1.775698,-0.228425,0.363554,-0.713549,-0.437110,-0.409403,292.856700,136.691600,335.525900
1033.555,21,-0.554663,1.768638,-0.237756,0.393769,-0.677977,-0.432943,-0.444807,290.388200,131.186900,334.718600
1033.666,21,-0.612390,1.761556,-0.241742,0.406542,-0.650485,-0.422387,-0.482889,289.585500,121.834500,338.846800
1033.777,21,-0.652282,1.754498,-0.239652,0.401888,-0.639686,-0.407341,-0.513187,290.992400,113.251800,344.442900
1033.888,21,-0.694469,1.751980,-0.235494,0.376799,-0.640353,-0.392563,-0.542094,294.317500,104.637000,352.049700
1033.999,21,-0.722140,1.757315,-0.238748,0.357283,-0.636909,-0.372675,-0.572546,297.890600,98.186170,356.523500
1034.109,21,-0.755902,1.765720,-0.250436,0.352856,-0.620155,-0.360013,-0.601075,299.458400,92.120780,359.433700
1034.221,21,-0.778185,1.767454,-0.270328,0.364235,-0.593361,-0.346207,-0.628806,299.666900,86.465770,0.364449
1034.332,21,-0.792536,1.768665,-0.300635,0.370094,-0.569722,-0.330686,-0.655053,300.496500,81.284840,1.302175
1034.443,21,-0.796747,1.765452,-0.341151,0.356199,-0.550788,-0.311371,-0.687606,303.607500,75.401280,3.710560
1034.555,21,-0.795237,1.763013,-0.380688,0.341676,-0.539969,-0.288194,-0.713186,307.004400,72.260930,4.009399
1034.665,21,-0.795884,1.757389,-0.425817,0.332335,-0.527156,-0.267034,-0.735087,309.634600,69.507030,3.793423
1034.776,21,-0.799605,1.754429,-0.451292,0.327426,-0.515262,-0.255250,-0.749763,311.059800,67.194660,3.957581
1034.888,21,-0.806344,1.751893,-0.475740,0.314515,-0.500576,-0.240208,-0.769938,313.547900,64.093650,4.579877
1034.999,21,-0.810545,1.750062,-0.492454,0.300313,-0.488292,-0.226609,-0.787421,316.032700,61.559940,5.068995
1035.109,21,-0.812187,1.748258,-0.510522,0.287103,-0.474092,-0.209859,-0.805462,318.586800,59.056920,5.036596
1035.220,21,-0.809054,1.749170,-0.519548,0.283805,-0.462896,-0.202646,-0.814934,319.445400,57.309150,5.100183
1035.331,21,-0.806460,1.748161,-0.523167,0.282548,-0.452910,-0.201634,-0.821208,319.706300,55.676860,5.660275
1035.443,21,-0.804279,1.747461,-0.525895,0.283349,-0.447325,-0.197631,-0.824958,319.885900,54.947170,5.445523
1035.554,21,-0.802443,1.748351,-0.526397,0.283151,-0.448727,-0.196454,-0.824546,319.965400,55.202890,5.234683
1035.665,21,-0.800163,1.748316,-0.523616,0.280903,-0.451080,-0.195399,-0.824281,320.255400,55.524400,5.126716
1035.776,21,-0.799097,1.748371,-0.519562,0.282109,-0.447075,-0.196968,-0.825676,320.060300,54.881030,5.464638
1035.887,21,-0.801984,1.752192,-0.513952,0.303741,-0.437674,-0.203942,-0.821335,317.354100,53.998260,5.392847
1035.999,21,-0.806092,1.755051,-0.508668,0.323784,-0.434534,-0.215236,-0.812415,314.508300,53.935070,5.593719
1036.109,21,-0.811860,1.758152,-0.497714,0.337570,-0.434036,-0.220292,-0.805687,312.677600,54.325730,5.242481
1036.221,21,-0.806079,1.756865,-0.485193,0.327274,-0.429667,-0.210311,-0.814891,314.429500,53.483500,5.042065
1036.332,21,-0.773140,1.746323,-0.471562,0.252832,-0.447576,-0.137161,-0.846723,326.568700,55.598930,0.408643
1036.442,21,-0.728558,1.713941,-0.461211,0.111035,-0.486321,-0.023498,-0.866378,347.569700,59.043740,356.049400
1036.551,21,-0.690392,1.677447,-0.455721,-0.012043,-0.510177,0.069028,-0.857210,5.225744,61.239600,353.886600
1036.660,21,-0.663307,1.649945,-0.456752,-0.092510,-0.527415,0.108884,-0.837508,15.652930,63.705830,354.947600
1036.764,21,-0.650774,1.632762,-0.456961,-0.136840,-0.509676,0.139146,-0.837940,21.787600,61.504420,354.208300
1036.864,21,-0.652877,1.625705,-0.456963,-0.156618,-0.466275,0.154134,-0.856914,24.340220,55.495720,352.552000
1036.976,21,-0.660135,1.632170,-0.456116,-0.136265,-0.417315,0.143902,-0.886889,21.211320,48.759510,351.268500
1037.088,21,-0.668283,1.654941,-0.456679,-0.063967,-0.366557,0.104885,-0.922249,11.237680,42.504590,351.406000
1037.200,21,-0.668722,1.675676,-0.456306,0.002757,-0.349215,0.067207,-0.934625,2.394861,40.822010,352.665400
1037.312,21,-0.654854,1.685649,-0.445421,0.031268,-0.344229,0.045569,-0.937258,358.439100,40.417570,353.858400
1037.424,21,-0.626266,1.684043,-0.422103,0.036217,-0.358187,0.036705,-0.932225,357.636900,42.148280,354.579800
1037.535,21,-0.594064,1.677099,-0.392311,0.042272,-0.383429,0.021771,-0.922346,356.486500,45.274320,355.830100
1037.646,21,-0.545196,1.646855,-0.342215,0.058988,-0.414702,0.004504,-0.908032,354.065600,49.263440,356.708800
1037.758,21,-0.507574,1.600155,-0.303919,0.063672,-0.434252,-0.001372,-0.898537,353.360800,51.764700,356.951000
1037.869,21,-0.460011,1.550991,-0.266488,0.056799,-0.438387,-0.003369,-0.896983,353.981600,52.225350,357.478200
1037.980,21,-0.419203,1.525231,-0.238157,0.055334,-0.427205,-0.021700,-0.902199,353.201100,50.704350,359.531300
1038.092,21,-0.382855,1.488514,-0.213964,0.049858,-0.407993,-0.039543,-0.910765,352.929800,48.149860,1.810047
1038.203,21,-0.371516,1.464363,-0.208602,0.037728,-0.386649,-0.041623,-0.920515,354.166000,45.428920,2.734133
1038.314,21,-0.373997,1.455697,-0.213048,0.033252,-0.364782,-0.044609,-0.929429,354.585700,42.698150,3.378149
1038.426,21,-0.383532,1.446348,-0.221559,0.032183,-0.340279,-0.043652,-0.938759,354.828900,39.692700,3.457016
1038.536,21,-0.390514,1.442218,-0.231647,0.030185,-0.332913,-0.044980,-0.941400,355.021600,38.789250,3.717342
1038.647,21,-0.396073,1.437468,-0.246768,0.028644,-0.331554,-0.040648,-0.942125,355.358200,38.641770,3.312746
1038.759,21,-0.396487,1.436401,-0.257722,0.028743,-0.336670,-0.035617,-0.940510,355.523600,39.284130,2.739101
1038.869,21,-0.397266,1.434813,-0.270814,0.031859,-0.344076,-0.035024,-0.937747,355.189900,40.192230,2.517116
1038.981,21,-0.397908,1.429213,-0.278587,0.029896,-0.349646,-0.032842,-0.935829,355.473400,40.881340,2.332018
1039.092,21,-0.397653,1.416416,-0.281492,0.025125,-0.355071,-0.026900,-0.934114,356.213300,41.563600,1.861528
1039.203,21,-0.397586,1.399716,-0.279634,0.013290,-0.360356,-0.018807,-0.932531,357.802700,42.227840,1.462127
1039.314,21,-0.400198,1.385253,-0.275284,0.001698,-0.360647,-0.016849,-0.932549,359.122200,42.272960,1.730810
1039.425,21,-0.410435,1.371750,-0.266597,-0.010539,-0.356488,-0.011822,-0.934166,0.645295,41.784410,1.696400
1039.536,21,-0.425951,1.368286,-0.258146,-0.013136,-0.348429,-0.018704,-0.937057,0.663747,40.808270,2.533900
1039.647,21,-0.453097,1.370069,-0.244939,-0.015998,-0.333293,-0.022628,-0.942416,0.863474,38.976070,3.056430
1039.759,21,-0.476383,1.373119,-0.234722,-0.013026,-0.328996,-0.024615,-0.943921,0.480950,38.444470,3.155258
1039.869,21,-0.504883,1.375967,-0.215293,-0.011532,-0.331741,-0.018887,-0.943111,0.528308,38.770310,2.480468
1039.981,21,-0.533237,1.375565,-0.194949,-0.010647,-0.347454,-0.009436,-0.937589,0.768244,40.677280,1.438003
1040.092,21,-0.576162,1.382604,-0.174298,-0.026858,-0.356219,0.003250,-0.934011,3.008630,41.772080,0.749477
1040.203,21,-0.629478,1.412337,-0.161676,-0.001944,-0.348165,-0.001020,-0.937431,0.168149,40.750580,0.187123
1040.315,21,-0.676257,1.434877,-0.155365,0.016313,-0.334270,-0.011851,-0.942262,357.784100,39.051860,0.655284
1040.426,21,-0.727141,1.453829,-0.150189,0.026353,-0.321994,-0.026382,-0.946007,356.167000,37.530980,1.892103
1040.537,21,-0.756476,1.463723,-0.146268,0.028590,-0.315191,-0.042693,-0.947636,355.348300,36.648040,3.617751
1040.648,21,-0.782880,1.464294,-0.143948,0.017919,-0.300974,-0.043000,-0.952494,356.559100,34.948680,4.086140
1040.760,21,-0.800985,1.466551,-0.143411,0.019780,-0.291233,-0.043133,-0.955474,356.392500,33.774620,4.074039
1040.870,21,-0.820861,1.464384,-0.142193,0.016593,-0.276166,-0.048399,-0.959747,356.641500,31.965050,4.811647
1040.982,21,-0.831051,1.467783,-0.144687,0.013034,-0.260298,-0.047634,-0.964265,357.137700,30.091040,4.886658
1041.093,21,-0.839976,1.503828,-0.162802,0.035117,-0.259038,-0.053271,-0.963757,354.532200,29.856150,4.868721
1041.204,21,-0.850351,1.570480,-0.200017,0.091764,-0.262278,-0.056733,-0.958943,348.126400,30.223630,3.554497
1041.316,21,-0.851244,1.630438,-0.241877,0.137060,-0.277942,-0.053905,-0.949240,343.131900,32.408430,1.565703
1041.428,21,-0.837586,1.690625,-0.299783,0.172227,-0.310080,-0.059225,-0.933103,339.014000,36.722110,0.228108
1041.539,21,-0.816004,1.715834,-0.340617,0.186811,-0.324257,-0.057467,-0.925558,337.475600,38.796880,359.083700
1041.651,21,-0.770235,1.730917,-0.381222,0.207987,-0.336257,-0.048853,-0.917217,335.519000,40.953330,356.834500
1041.762,21,-0.721572,1.736685,-0.411578,0.220802,-0.336995,-0.056098,-0.913528,333.817800,41.185650,357.041000
1041.873,21,-0.668565,1.740444,-0.442693,0.233830,-0.321640,-0.068783,-0.914954,331.827100,39.137440,358.404100
1041.985,21,-0.608209,1.742783,-0.472181,0.248008,-0.309645,-0.065105,-0.915627,330.364200,37.968250,357.734100
1042.096,21,-0.553306,1.744415,-0.494718,0.262410,-0.298897,-0.057579,-0.915689,329.003100,37.109030,356.561100
1042.207,21,-0.481628,1.740777,-0.518138,0.266997,-0.293806,-0.043132,-0.916804,329.008400,36.982600,354.792600
1042.318,21,-0.431130,1.738746,-0.528037,0.266009,-0.293197,-0.029594,-0.917823,329.625300,37.270920,353.232800
1042.429,21,-0.374158,1.733939,-0.525188,0.263760,-0.289069,-0.020511,-0.920027,330.185700,36.911010,352.400200
1042.541,21,-0.328542,1.728499,-0.506604,0.260397,-0.279218,-0.015065,-0.924123,330.679700,35.653930,352.250300
1042.651,21,-0.286769,1.721934,-0.474068,0.254241,-0.276590,-0.019798,-0.926535,331.178700,34.995820,353.185600
1042.763,21,-0.246300,1.720770,-0.429238,0.239028,-0.281685,-0.048083,-0.928013,331.918200,34.507900,357.049300
1042.874,21,-0.208077,1.733090,-0.389797,0.233194,-0.279069,-0.066218,-0.929170,331.945400,33.549630,359.539100
1042.985,21,-0.161441,1.730392,-0.350226,0.206561,-0.276830,-0.059919,-0.936540,335.160400,32.963680,359.865400
1043.097,21,-0.131369,1.733663,-0.328058,0.198529,-0.264787,-0.048596,-0.942397,336.426700,31.564420,359.153400
1043.207,21,-0.097547,1.736113,-0.300661,0.207532,-0.225309,-0.047198,-0.950757,335.424400,26.715580,359.762400
1043.318,21,-0.070190,1.736763,-0.279397,0.210109,-0.166311,-0.034718,-0.962803,335.409200,19.642310,359.808800
1043.429,21,-0.035680,1.732255,-0.263564,0.205085,-0.069546,-0.010988,-0.976208,336.300500,8.242755,359.557400
1043.540,21,-0.006299,1.731493,-0.261191,0.201917,0.033239,-0.005060,-0.978825,336.737300,355.810700,1.455127
1043.651,21,0.018551,1.738289,-0.253202,0.212618,0.115984,0.020955,-0.970001,335.333300,346.243500,0.546495
1043.763,21,0.030252,1.739474,-0.237351,0.204455,0.181070,0.026485,-0.961619,336.246300,338.368300,1.446429
1043.872,21,0.029261,1.737488,-0.215743,0.197093,0.236922,0.030924,-0.950824,337.079400,331.580100,2.151930
1043.984,21,0.012640,1.733204,-0.191106,0.192860,0.275642,0.035723,-0.941037,337.500800,326.865700,2.424741
1044.095,21,-0.016391,1.727042,-0.170364,0.188475,0.295343,0.034276,-0.935989,338.095100,324.410700,2.913954
1044.206,21,-0.068816,1.729322,-0.145629,0.195492,0.325108,0.027521,-0.924841,337.697800,320.332000,4.724762
1044.317,21,-0.114135,1.733454,-0.127497,0.202778,0.346459,0.031868,-0.915331,336.840000,317.484600,5.127446
1044.428,21,-0.173427,1.732050,-0.108965,0.208894,0.374939,0.037932,-0.902411,336.080000,313.702100,5.535960
1044.540,21,-0.212711,1.729512,-0.098299,0.206894,0.409454,0.040456,-0.887641,336.395300,309.195000,6.114705
1044.651,21,-0.248727,1.728341,-0.086026,0.195134,0.452590,0.044135,-0.868986,337.722800,303.755000,6.199253
1044.762,21,-0.274354,1.727723,-0.074626,0.193598,0.487847,0.052020,-0.849599,337.683800,299.039100,6.236732
1044.873,21,-0.299985,1.727126,-0.061451,0.184319,0.536929,0.061048,-0.820980,338.395300,292.478000,6.031550
1044.985,21,-0.322258,1.726638,-0.050845,0.181589,0.600798,0.074008,-0.774977,338.260800,283.201500,6.396676
1045.096,21,-0.329916,1.724426,-0.046606,0.173033,0.669077,0.079096,-0.718429,339.239300,272.745700,7.243240
1045.207,21,-0.334786,1.726641,-0.047620,0.174192,0.749526,0.096919,-0.631249,338.579900,258.583800,8.572348
1045.318,21,-0.341971,1.726983,-0.060597,0.169261,0.788061,0.105027,-0.582478,338.732900,251.261100,8.915558
1045.429,21,-0.350082,1.727309,-0.090031,0.166806,0.816060,0.116465,-0.540979,338.249800,245.338100,9.058746
1045.540,21,-0.360279,1.727312,-0.122681,0.162019,0.819730,0.138727,-0.531552,336.441800,244.376400,7.405071
1045.651,21,-0.376160,1.732744,-0.161935,0.153570,0.814697,0.159545,-0.535940,334.876600,245.557900,5.019277
1045.763,21,-0.393131,1.736021,-0.198712,0.149540,0.813610,0.168556,-0.535971,334.241700,245.837900,3.988977
1045.874,21,-0.407315,1.736051,-0.227688,0.140487,0.817375,0.175352,-0.530485,334.169600,245.330900,2.777585
1045.985,21,-0.424617,1.733695,-0.258584,0.128343,0.826261,0.177960,-0.518798,334.706700,243.858100,1.739142
1046.097,21,-0.437308,1.734200,-0.275749,0.120986,0.836025,0.182683,-0.503042,334.711500,241.808200,1.172403
1046.207,21,-0.455925,1.733687,-0.294282,0.116325,0.858385,0.194526,-0.460222,333.830600,236.089400,1.318525
1046.319,21,-0.469844,1.731708,-0.306138,0.107885,0.891675,0.198610,-0.392212,333.971400,226.945800,2.334521
1046.430,21,-0.482369,1.730487,-0.309995,0.099956,0.932961,0.205399,-0.278216,333.967800,212.143800,4.609984
1046.541,21,-0.494507,1.735014,-0.310182,0.086565,0.954704,0.225118,-0.174268,332.612000,199.320900,5.611699
1046.652,21,-0.505332,1.735989,-0.309295,0.063077,0.965880,0.237608,-0.081484,332.012400,188.297200,5.401701
1046.763,21,-0.508631,1.743557,-0.306749,0.025520,0.956070,0.289655,0.037127,326.498000,174.095800,4.836568
1046.874,21,-0.505103,1.751892,-0.301418,-0.016909,0.927667,0.344607,0.142810,319.895000,160.659700,5.029479
1046.985,21,-0.501365,1.757872,-0.299442,-0.081644,0.887363,0.397032,0.219743,312.225600,151.064700,2.523900
1047.096,21,-0.497177,1.765862,-0.298451,-0.127365,0.858439,0.429553,0.249688,306.765300,147.764100,359.601600
1047.207,21,-0.492987,1.768086,-0.296782,-0.169509,0.823018,0.461893,0.283835,301.072100,142.999300,358.132900
1047.318,21,-0.492914,1.766808,-0.295714,-0.190066,0.800766,0.472607,0.315105,298.756000,137.502500,359.219200
1047.429,21,-0.503256,1.768445,-0.300359,-0.221178,0.763739,0.480784,0.369635,296.117000,126.920300,2.289496
1047.541,21,-0.519329,1.768045,-0.313779,-0.246430,0.731200,0.476914,0.420917,295.191100,116.627000,5.541570
1047.651,21,-0.546406,1.764898,-0.334538,-0.271938,0.694836,0.465652,0.475837,295.055300,105.545100,8.862520
1047.762,21,-0.578157,1.761250,-0.358524,-0.296339,0.632757,0.445474,0.559781,296.424300,86.959670,16.140910
1047.873,21,-0.604076,1.752872,-0.384511,-0.308803,0.575755,0.412558,0.634778,299.875800,72.920850,19.731990
1047.985,21,-0.626550,1.747910,-0.407916,-0.324898,0.524628,0.373002,0.692876,302.690400,63.804940,19.016690
1048.096,21,-0.640279,1.748279,-0.424783,-0.335960,0.482700,0.337212,0.735133,304.965800,57.459180,17.408350
1048.207,21,-0.644356,1.750660,-0.442034,-0.349660,0.451560,0.314823,0.758101,305.464100,53.186130,16.167190
1048.318,21,-0.633193,1.753826,-0.447143,-0.353879,0.446444,0.303581,0.763738,305.746900,53.082120,14.648440
1048.429,21,-0.608837,1.756013,-0.440101,-0.361110,0.434696,0.290061,0.772336,305.906600,51.973640,13.218330
1048.541,21,-0.588231,1.756972,-0.425137,-0.384592,0.431056,0.296179,0.760630,302.817200,52.148080,12.684360
1048.652,21,-0.567831,1.760144,-0.401987,-0.407676,0.426206,0.306389,0.747178,299.496900,51.828350,12.950550
1048.762,21,-0.544267,1.763925,-0.374216,-0.414876,0.425747,0.307414,0.743044,298.561600,52.169450,12.512140
1048.873,21,-0.522522,1.765858,-0.347473,-0.419558,0.432659,0.302381,0.738474,298.198000,54.624750,10.184440
1048.985,21,-0.506096,1.762593,-0.325383,-0.424691,0.442942,0.306000,0.727876,297.211300,57.323570,8.708294
1049.096,21,-0.494816,1.760199,-0.312728,-0.418944,0.455008,0.313468,0.720550,297.252100,59.135850,8.855631
1049.207,21,-0.484827,1.761502,-0.306936,-0.424521,0.462260,0.319225,0.710065,296.102800,61.165660,7.951284
1049.318,21,-0.479971,1.761348,-0.306489,-0.430615,0.461939,0.319088,0.706659,295.392200,61.840650,7.118277
1049.429,21,-0.477975,1.762354,-0.308302,-0.440804,0.456516,0.320280,0.703353,294.145800,61.598270,6.748768
1049.540,21,-0.477946,1.763304,-0.309925,-0.446935,0.449515,0.321156,0.703593,293.415000,60.386220,7.245417
1049.651,21,-0.478949,1.763358,-0.311519,-0.449440,0.443941,0.321498,0.705379,293.146500,59.104220,7.970329
1049.762,21,-0.480031,1.763676,-0.313398,-0.452924,0.438945,0.323716,0.705263,292.624300,57.908180,8.821250
1049.874,21,-0.477746,1.764574,-0.314292,-0.451836,0.436026,0.319672,0.709603,293.071300,57.344490,8.756178
1049.985,21,-0.476456,1.787390,-0.317363,-0.451924,0.432070,0.316285,0.713473,293.337700,56.584970,8.827771
1050.096,21,-0.481718,1.833910,-0.320678,-0.464697,0.428421,0.330191,0.701061,290.855300,55.621180,10.486620
1050.207,21,-0.475216,1.858834,-0.320331,-0.452563,0.436286,0.321388,0.708203,292.861500,57.335670,8.932207
1050.319,21,-0.468423,1.852607,-0.317893,-0.448511,0.440285,0.316593,0.710462,293.640100,58.423550,7.870265
1050.430,21,-0.466036,1.858076,-0.314475,-0.454313,0.439462,0.327563,0.702264,292.180500,57.841140,9.262391
1050.541,21,-0.461158,1.857229,-0.311472,-0.456179,0.431066,0.323517,0.708110,292.337100,56.065000,9.830048
1050.652,21,-0.456886,1.856425,-0.309617,-0.455388,0.432672,0.317569,0.710329,292.815800,57.063550,8.466103
1050.763,21,-0.453944,1.855441,-0.306994,-0.457800,0.428312,0.319575,0.710521,292.435700,55.905390,9.344330
1050.874,21,-0.449714,1.854675,-0.304875,-0.460131,0.427575,0.319802,0.709356,292.139000,55.966250,9.196113
1050.985,21,-0.441922,1.854394,-0.301815,-0.458372,0.429199,0.320357,0.709263,292.300400,56.150540,9.245782
1051.096,21,-0.434329,1.853860,-0.300091,-0.456079,0.427626,0.317338,0.713039,292.808100,55.734450,9.276238
1051.207,21,-0.417343,1.851606,-0.303298,-0.439797,0.421552,0.307857,0.730819,295.527300,53.266130,10.587800
1051.318,21,-0.395465,1.846488,-0.315474,-0.392438,0.412921,0.266677,0.777414,303.859500,50.954270,9.352591
1051.429,21,-0.359899,1.812004,-0.338700,-0.231744,0.362894,0.148600,0.890236,328.636500,42.534030,6.481048
1051.540,21,-0.339290,1.764300,-0.365047,-0.094715,0.296170,0.069040,0.947917,347.264000,34.211060,4.397289
1051.649,21,-0.324576,1.701814,-0.411295,0.018326,0.193093,0.014648,0.980900,1.735990,22.304020,2.053389
1051.758,21,-0.313599,1.675348,-0.446087,0.067092,0.134195,-0.010210,0.988628,7.781660,15.451450,359.873800
1051.867,21,-0.299011,1.669359,-0.484336,0.075904,0.080851,-0.022357,0.993580,8.884798,9.159315,358.135000
1051.976,21,-0.291359,1.670130,-0.512521,0.057524,0.030488,-0.035423,0.997250,6.712691,3.274812,356.123500
1052.089,21,-0.289385,1.669482,-0.542534,0.040712,-0.036334,-0.043438,0.997565,4.477607,355.626300,354.842300
1052.202,21,-0.289030,1.672545,-0.561961,0.030831,-0.085636,-0.053021,0.994437,2.994347,349.989600,353.633800
1052.313,21,-0.284869,1.675615,-0.578212,0.013537,-0.107619,-0.061246,0.992212,0.783849,347.570500,352.850300
1052.424,21,-0.276404,1.678138,-0.592144,0.004598,-0.110839,-0.068825,0.991442,359.648300,347.266400,352.097200
1052.536,21,-0.267808,1.683257,-0.602837,-0.011403,-0.110004,-0.076568,0.990912,357.739400,347.500500,351.410600
1052.647,21,-0.257317,1.698569,-0.619018,-0.072300,-0.122548,-0.084385,0.986222,350.602100,346.547500,351.329800
1052.759,21,-0.252501,1.712157,-0.634393,-0.138852,-0.148494,-0.090374,0.974937,342.687400,343.918900,351.871900
1052.871,21,-0.251107,1.720077,-0.648894,-0.205363,-0.182528,-0.095178,0.956792,334.676800,339.930200,353.191300
1052.983,21,-0.252611,1.722571,-0.652250,-0.233110,-0.203009,-0.097024,0.946062,331.284100,337.268900,354.179900
1053.094,21,-0.253606,1.722901,-0.650284,-0.241979,-0.212400,-0.096788,0.941788,330.204800,335.981100,354.742800
1053.206,21,-0.254180,1.724386,-0.648537,-0.246525,-0.214451,-0.098804,0.939933,329.614800,335.741300,354.678600
1053.317,21,-0.256368,1.724575,-0.647756,-0.245796,-0.217674,-0.094124,0.939863,329.800900,335.172900,355.359600
1053.428,21,-0.258861,1.724784,-0.645809,-0.245580,-0.222707,-0.089613,0.939181,329.920300,334.369600,356.094300
1053.539,21,-0.260908,1.725293,-0.644326,-0.247073,-0.223969,-0.087199,0.938717,329.806500,334.110600,356.482000
1053.650,21,-0.264309,1.725103,-0.643960,-0.247161,-0.229076,-0.085576,0.937610,329.822000,333.385700,356.867600
1053.761,21,-0.266655,1.724639,-0.642980,-0.244867,-0.231063,-0.084643,0.937809,330.106300,333.122700,356.985000
1053.872,21,-0.267379,1.724336,-0.642846,-0.243424,-0.227650,-0.087622,0.938745,330.203500,333.681100,356.453700
1053.984,21,-0.269814,1.724983,-0.643594,-0.245816,-0.229855,-0.088526,0.937499,329.894000,333.392600,356.488800
1054.095,21,-0.272440,1.725448,-0.643279,-0.248153,-0.232525,-0.086661,0.936398,329.665800,332.953500,356.885300
1054.206,21,-0.273743,1.725515,-0.640302,-0.248461,-0.229892,-0.088038,0.936838,329.601300,333.341200,356.629100
1054.317,21,-0.275449,1.725631,-0.635276,-0.248411,-0.224453,-0.088296,0.938145,329.620400,334.067000,356.400800
1054.428,21,-0.279797,1.726799,-0.627727,-0.251713,-0.222786,-0.088256,0.937666,329.244900,334.248400,356.440500
1054.539,21,-0.285563,1.728728,-0.620090,-0.258502,-0.224055,-0.085825,0.935741,328.517300,333.917800,356.989900
1054.650,21,-0.296178,1.732625,-0.603597,-0.270513,-0.211691,-0.077262,0.935970,327.378000,335.110700,357.952000
1054.761,21,-0.309897,1.735958,-0.577723,-0.281654,-0.182953,-0.063772,0.939751,326.447300,338.314900,358.844800
1054.872,21,-0.327332,1.738438,-0.540774,-0.291801,-0.140040,-0.051296,0.944780,325.546100,343.465000,358.943800
1054.983,21,-0.350273,1.742249,-0.489867,-0.299519,-0.086503,-0.030954,0.949657,324.953900,349.744800,359.512000
1055.095,21,-0.373894,1.770551,-0.437442,-0.296537,-0.034502,-0.022717,0.954128,325.428400,356.353800,358.407200
1055.206,21,-0.400782,1.823292,-0.380797,-0.299077,0.030778,-0.008970,0.953690,325.256700,4.472070,357.522600
1055.317,21,-0.415390,1.840268,-0.352522,-0.296531,0.078337,0.005219,0.951791,325.577700,10.196460,357.462300
1055.428,21,-0.424839,1.836954,-0.333876,-0.298716,0.132938,0.015434,0.944912,325.345600,17.109560,356.497500
1055.540,21,-0.424189,1.835194,-0.329089,-0.290612,0.177927,0.030299,0.939664,326.155800,22.420350,356.792300
1055.651,21,-0.416133,1.832173,-0.334913,-0.289990,0.201073,0.037599,0.934913,326.127200,25.249500,356.802300
1055.762,21,-0.399888,1.829169,-0.352079,-0.285878,0.217971,0.034945,0.932492,326.743300,27.531470,355.923000
1055.873,21,-0.373819,1.827147,-0.380076,-0.289841,0.239934,0.025030,0.926173,326.708600,30.953390,353.631400
1055.985,21,-0.351201,1.823510,-0.404804,-0.286973,0.246410,0.016580,0.925556,327.357900,32.031640,352.443500
1056.096,21,-0.344589,1.821527,-0.417803,-0.274642,0.242479,0.009751,0.930420,328.949500,31.360990,352.282700
1056.207,21,-0.352341,1.816859,-0.429596,-0.279661,0.234817,0.017304,0.930780,328.080100,30.238300,353.293400
1056.318,21,-0.369618,1.811264,-0.443279,-0.322322,0.212854,0.032670,0.921810,322.544300,27.892410,354.434800
1056.429,21,-0.393818,1.790347,-0.474376,-0.410767,0.166394,0.049588,0.895056,311.251700,22.951880,355.831400
1056.540,21,-0.405301,1.773604,-0.499716,-0.444073,0.149825,0.043997,0.882279,307.176600,21.890930,354.736800
1056.651,21,-0.415097,1.766189,-0.523118,-0.458552,0.124900,0.044155,0.878738,305.221900,18.082450,356.327300
1056.762,21,-0.422259,1.762836,-0.533856,-0.447375,0.098065,0.038227,0.888132,306.663800,13.558240,358.095800
1056.873,21,-0.427689,1.760890,-0.541096,-0.438169,0.074784,0.043113,0.894738,307.763900,9.022825,1.086626
1056.984,21,-0.427546,1.760504,-0.546828,-0.436246,0.068076,0.042304,0.896251,308.026100,7.942138,1.528638
1057.095,21,-0.426001,1.759817,-0.550173,-0.432234,0.069454,0.040451,0.898173,308.550400,8.284345,1.160578
1057.207,21,-0.425363,1.759598,-0.552082,-0.429912,0.063545,0.041000,0.899698,308.849900,7.243365,1.748353
1057.318,21,-0.424655,1.758915,-0.551952,-0.425996,0.057465,0.040353,0.901996,309.364100,6.271564,2.153847
1057.429,21,-0.422965,1.758058,-0.550996,-0.421569,0.054804,0.040220,0.904245,309.931500,5.830258,2.368783
1057.540,21,-0.420796,1.757499,-0.549054,-0.417780,0.053552,0.038536,0.906150,310.423700,5.740057,2.217757
1057.651,21,-0.418902,1.757104,-0.545738,-0.414145,0.050101,0.038182,0.908029,310.892700,5.202458,2.437592
1057.762,21,-0.416512,1.757060,-0.540452,-0.410202,0.045565,0.038063,0.910060,311.402200,4.484216,2.764604
1057.873,21,-0.410486,1.756534,-0.531685,-0.398466,0.050969,0.032571,0.915187,312.890000,5.677891,1.599597
1057.984,21,-0.395406,1.749178,-0.512947,-0.336498,0.086991,0.017316,0.937498,320.658200,11.293440,358.067700
1058.095,21,-0.375721,1.741200,-0.486094,-0.262100,0.141322,0.000372,0.954637,329.965200,18.146570,355.138300
1058.206,21,-0.359427,1.729880,-0.445567,-0.188667,0.202279,-0.018635,0.960802,339.206300,25.043350,353.110900
1058.317,21,-0.357859,1.723645,-0.408542,-0.160015,0.237033,-0.027017,0.957852,342.918400,28.952550,352.328000
1058.427,21,-0.361713,1.711673,-0.350626,-0.120840,0.294028,-0.043826,0.947114,348.280200,35.424670,350.946400
1058.538,21,-0.362582,1.699091,-0.302039,-0.080663,0.358785,-0.067172,0.927499,354.178600,42.834970,349.430400
1058.648,21,-0.357095,1.675684,-0.244182,-0.006374,0.457924,-0.097979,0.883553,4.500700,54.385700,349.657600
1058.758,22,-0.346999,1.652549,-0.208783,0.069092,0.532971,-0.119070,0.834860,14.021500,64.195180,352.587700
1058.869,22,-0.336158,1.624214,-0.177429,0.148676,0.595286,-0.156532,0.773969,24.614020,74.231350,355.881500
1058.981,22,-0.327583,1.611695,-0.159067,0.182068,0.633075,-0.174703,0.731811,29.188100,81.294600,358.347700
1059.091,22,-0.321309,1.602159,-0.143005,0.197013,0.649180,-0.193600,0.708710,32.046900,84.617970,358.741300
1059.203,22,-0.313325,1.590067,-0.128832,0.218852,0.651136,-0.215232,0.694119,35.740050,86.026020,359.026600
1059.314,22,-0.303665,1.583569,-0.125436,0.227389,0.669491,-0.227120,0.669696,37.493570,89.989070,0.019343
1059.426,22,-0.290440,1.585829,-0.140388,0.216213,0.739408,-0.217957,0.599185,35.550560,103.283700,4.126585
1059.536,22,-0.283606,1.594408,-0.166343,0.211704,0.822782,-0.174640,0.497707,29.875300,120.767600,11.611960
1059.648,22,-0.280888,1.611914,-0.199822,0.184921,0.907856,-0.120343,0.356538,20.509950,139.934500,15.477880
1059.760,22,-0.252559,1.619836,-0.198392,0.145933,0.905359,-0.115097,0.381812,18.653630,136.034100,10.727020
1059.871,22,-0.207634,1.631754,-0.178261,0.095936,0.861394,-0.114900,0.485381,16.922570,121.678100,3.219896
1059.983,22,-0.160509,1.656995,-0.139862,0.035659,0.755006,-0.083354,0.649420,9.914633,98.324130,356.833200
1060.093,22,-0.137785,1.672254,-0.085520,-0.023013,0.549294,-0.048193,0.833921,0.834380,66.700710,353.934200
1060.205,22,-0.133008,1.692429,-0.047794,-0.059497,0.369542,-0.030249,0.926814,354.955500,43.730740,354.236000
1060.317,22,-0.123005,1.706734,-0.029025,-0.101032,0.309246,0.005288,0.945586,348.793900,36.520740,356.932900
1060.429,22,-0.101303,1.715363,-0.013478,-0.130008,0.340375,0.016512,0.931112,345.324500,40.601430,356.577300
1060.542,22,-0.079524,1.723757,-0.016499,-0.158447,0.531189,0.052789,0.830630,341.379200,65.998630,355.118900
1060.652,22,-0.078380,1.727191,-0.034770,-0.136941,0.809224,0.100598,0.562392,341.528000,111.472200,353.432600
1060.764,22,-0.097337,1.728333,-0.022988,-0.108005,0.932004,0.133886,0.319027,341.429100,143.357300,352.977400
1060.876,22,-0.109351,1.724075,0.006320,-0.100486,0.966972,0.136536,0.190332,342.403900,159.061100,351.410900
1060.987,22,-0.112645,1.716101,0.050319,-0.082417,0.983827,0.136583,0.081469,343.609900,171.742300,351.614100
1061.097,22,-0.121828,1.701065,0.075079,-0.053736,0.992903,0.095346,-0.046543,349.377600,185.996200,353.246400
1061.206,22,-0.144469,1.671968,0.093163,-0.025854,0.972739,-0.046240,-0.225770,5.833189,206.047300,358.305300
1061.316,22,-0.154748,1.650370,0.100014,-0.014504,0.951435,-0.132529,-0.277485,15.083960,212.879800,2.727745
1061.427,22,-0.169418,1.643972,0.102325,-0.007546,0.940830,-0.158183,-0.299599,17.587880,216.077800,4.849265
1061.538,22,-0.185729,1.661013,0.105273,-0.010560,0.944919,-0.102694,-0.310597,11.574070,216.651600,2.564610
1061.649,22,-0.205428,1.713087,0.110014,0.009556,0.952113,0.110827,-0.284793,347.497400,213.594600,357.362300
1061.763,22,-0.231412,1.730455,0.115992,0.006729,0.953269,0.178702,-0.243514,339.880500,209.464200,355.467300
1061.874,22,-0.268838,1.733821,0.115404,0.002343,0.957470,0.191812,-0.215531,338.388100,206.293600,355.175100
1061.986,22,-0.331531,1.734778,0.113848,-0.003941,0.964622,0.195894,-0.176392,337.880700,201.654300,355.250200
1062.097,22,-0.383597,1.740102,0.119911,-0.018984,0.965586,0.228534,-0.122703,334.107800,195.845600,354.082600
1062.208,22,-0.437626,1.740146,0.127755,-0.070603,0.965082,0.246510,0.053534,331.094700,175.510700,352.789300
1062.319,22,-0.461983,1.734985,0.133200,-0.117731,0.933220,0.224805,0.254368,331.348600,151.269700,353.103600
1062.429,22,-0.491252,1.721284,0.110972,-0.127357,0.917927,0.131740,0.351903,340.640800,139.519300,351.399400
1062.540,22,-0.515550,1.688383,0.069299,-0.112953,0.945471,-0.005943,0.305435,356.688700,144.558500,347.433000
1062.648,22,-0.536765,1.634171,0.009910,-0.090875,0.947316,-0.179955,0.248897,17.200240,148.137400,344.097000
1062.758,22,-0.553391,1.595919,-0.044537,-0.067891,0.939214,-0.282927,0.182266,30.444910,153.788200,344.481100
1062.863,22,-0.573400,1.574906,-0.126563,-0.050290,0.942493,-0.313116,0.105526,35.422800,163.575900,348.613700
1062.976,22,-0.584811,1.574368,-0.195308,-0.021955,0.944124,-0.321874,0.067420,37.215640,169.769600,353.883100
1063.088,22,-0.590119,1.584621,-0.270703,-0.000172,0.947113,-0.316416,0.053459,36.822950,172.724700,357.554500
1063.200,22,-0.587433,1.589325,-0.309220,0.008107,0.949885,-0.302307,0.079139,35.141490,169.754600,357.725900
1063.311,22,-0.574113,1.603806,-0.339599,0.019492,0.947263,-0.278808,0.156778,32.297810,160.212800,356.575300
1063.423,22,-0.548731,1.610715,-0.353373,0.032033,0.918708,-0.245148,0.307980,28.045350,141.436500,354.007200
1063.533,22,-0.524439,1.614315,-0.345390,0.040788,0.821839,-0.223442,0.522485,24.197890,112.847700,349.485600
1063.644,22,-0.529117,1.621525,-0.324794,0.039881,0.666055,-0.204612,0.716180,19.249960,83.335910,345.276000
1063.755,22,-0.562981,1.626909,-0.322691,0.079976,0.550207,-0.175849,0.812375,18.871550,66.206620,347.940100
1063.866,22,-0.616545,1.632607,-0.349626,0.109191,0.438007,-0.156636,0.878460,19.211410,51.141980,349.039500
1063.978,22,-0.646630,1.636441,-0.382978,0.110083,0.413647,-0.143364,0.892314,18.364570,48.121540,350.001500
1064.088,22,-0.669745,1.635146,-0.419987,0.116646,0.428651,-0.127851,0.886739,18.449950,50.349540,352.321900
1064.200,22,-0.673996,1.631410,-0.438217,0.136776,0.449834,-0.126391,0.873480,20.649600,53.402840,354.004100
1064.310,22,-0.659346,1.616844,-0.444918,0.191143,0.462504,-0.136425,0.854952,26.938220,55.954200,356.368600
1064.422,22,-0.623726,1.598825,-0.431739,0.235043,0.444088,-0.153128,0.850936,32.413020,54.094790,356.479100
1064.536,22,-0.578736,1.580550,-0.408254,0.255751,0.435852,-0.175239,0.844936,35.798920,52.899810,354.822600
1064.644,22,-0.509236,1.566379,-0.361543,0.269093,0.451708,-0.182162,0.830883,37.715220,55.584640,355.678500
1064.754,22,-0.441726,1.570115,-0.308706,0.269151,0.480518,-0.179700,0.815088,37.695260,60.193450,357.517200
1064.864,22,-0.382575,1.576123,-0.258697,0.277984,0.501062,-0.179453,0.799662,38.639630,63.925050,359.381600
1064.966,22,-0.336583,1.574213,-0.223172,0.281561,0.504738,-0.187907,0.794138,39.559850,64.498340,358.943200
1065.074,22,-0.286520,1.572456,-0.192651,0.288537,0.505479,-0.203204,0.787366,41.284610,64.586900,357.842200
1065.175,22,-0.247192,1.569276,-0.174021,0.287947,0.504181,-0.204471,0.788087,41.302510,64.300210,357.564200
1065.283,22,-0.183637,1.558422,-0.151025,0.295129,0.493848,-0.206125,0.791534,42.128700,62.884820,357.309700
1065.384,22,-0.128490,1.549406,-0.136950,0.297893,0.480706,-0.206168,0.798546,42.374620,60.804080,356.673100
1065.492,22,-0.058261,1.551421,-0.123563,0.288453,0.463573,-0.201124,0.813292,40.970080,57.670680,355.464500
1065.592,22,0.006941,1.569007,-0.112582,0.280048,0.444382,-0.190333,0.829380,39.323080,54.593360,355.044800
1065.705,22,0.067224,1.577335,-0.099070,0.276560,0.434066,-0.176187,0.839083,38.102250,53.306720,355.949700
1065.816,22,0.109813,1.581765,-0.083611,0.288503,0.415329,-0.167143,0.846363,38.843570,51.153030,356.814500
1065.925,22,0.166252,1.587778,-0.051935,0.262926,0.409331,-0.147268,0.861180,34.988820,49.997850,357.313400
1066.035,22,0.208395,1.579773,-0.016718,0.284098,0.402327,-0.151325,0.857043,37.497840,49.539190,357.776300
1066.145,22,0.267392,1.566374,0.043294,0.288381,0.404035,-0.149586,0.855112,37.884500,50.012890,358.345100
1066.256,22,0.313421,1.556018,0.097906,0.296557,0.415636,-0.151423,0.846388,38.893780,52.053680,359.278100
1066.366,22,0.371100,1.558168,0.172799,0.305259,0.442084,-0.159628,0.828189,40.297980,56.337690,0.412880
1066.478,22,0.407212,1.559644,0.221461,0.306423,0.452825,-0.162884,0.821294,40.605150,58.018890,0.751705
1066.589,22,0.442451,1.550122,0.265237,0.327650,0.458496,-0.188236,0.804360,44.403560,59.289980,359.810200
1066.701,22,0.468359,1.539768,0.294030,0.346522,0.464885,-0.198457,0.790202,47.068190,61.250530,0.718641
1066.811,22,0.489158,1.529649,0.315594,0.363837,0.457757,-0.205078,0.784873,49.365760,60.955540,0.983448
1066.923,22,0.504346,1.522021,0.329856,0.380982,0.442710,-0.206534,0.784987,51.352320,59.420340,1.199795
1067.035,22,0.515511,1.518844,0.336681,0.389987,0.426778,-0.202771,0.790351,52.141590,57.301220,1.153588
1067.147,22,0.526619,1.517440,0.336911,0.397413,0.398585,-0.191680,0.804022,52.359570,53.134390,0.804651
1067.254,22,0.538074,1.517057,0.332370,0.409579,0.362078,-0.182453,0.817224,53.279380,47.714840,359.845600
1067.355,22,0.555542,1.517376,0.326252,0.418044,0.316796,-0.173657,0.833501,53.794840,40.409710,357.611500
1067.464,22,0.584056,1.510382,0.318287,0.432298,0.267815,-0.167808,0.844532,55.090980,32.474630,354.797900
1067.565,22,0.601494,1.500685,0.313496,0.450465,0.238867,-0.156297,0.845928,56.802830,28.745780,354.841400
1067.674,22,0.616990,1.485944,0.312698,0.461877,0.206496,-0.140679,0.851022,57.589960,24.411610,354.787800
1067.785,22,0.625942,1.470924,0.311833,0.478499,0.185440,-0.133553,0.847829,59.418170,21.520390,354.473900
1067.896,22,0.628754,1.468162,0.312299,0.489329,0.167766,-0.126139,0.846464,60.542660,19.056910,354.239500
1067.998,22,0.630975,1.463457,0.322607,0.477169,0.174291,-0.126840,0.851965,59.012090,19.980990,354.450000
1068.104,22,0.625734,1.439228,0.340157,0.484435,0.189879,-0.127972,0.844329,60.070980,23.213070,356.307400
1068.206,22,0.614843,1.409051,0.356112,0.485742,0.204175,-0.131301,0.839719,60.387790,25.836380,357.429700
1068.312,22,0.593172,1.376495,0.365346,0.503272,0.218422,-0.138516,0.824514,62.925910,29.015020,358.921800
1068.416,22,0.580387,1.355190,0.371709,0.491027,0.222508,-0.137173,0.831003,61.298580,29.310180,358.870300
1068.522,22,0.568526,1.318937,0.369225,0.478985,0.217604,-0.138961,0.838995,59.792380,27.460830,357.184100
1068.628,22,0.570962,1.268344,0.361040,0.457998,0.213378,-0.134524,0.852415,56.952310,26.174320,356.437400
1068.731,22,0.578628,1.203389,0.348162,0.450382,0.224869,-0.138591,0.852867,56.156510,27.682100,356.515800
1068.833,22,0.591986,1.128048,0.334366,0.445090,0.232556,-0.143874,0.852709,55.688230,28.449050,356.099200
1068.937,22,0.613346,1.044538,0.318544,0.417840,0.245697,-0.158833,0.860125,52.829270,28.676100,353.546600
1069.038,22,0.628195,0.968237,0.297300,0.409572,0.253933,-0.155474,0.862320,51.750760,30.111810,354.426300
1069.149,22,0.640382,0.899280,0.276170,0.388633,0.266435,-0.146556,0.869769,48.950070,32.160080,355.821700
1069.256,22,0.644056,0.878135,0.267357,0.398412,0.262963,-0.147362,0.866258,50.152860,31.855110,355.903600
1069.367,22,0.650487,0.885636,0.270760,0.409423,0.263750,-0.152235,0.860019,51.676970,32.043950,355.757000
1069.478,22,0.654030,0.880330,0.280658,0.401439,0.253722,-0.146880,0.867697,50.460660,30.424680,355.388200
1069.589,22,0.652648,0.863496,0.290287,0.401658,0.247705,-0.149806,0.868833,50.548520,29.209230,354.461600
1069.700,22,0.643088,0.853816,0.300535,0.410105,0.241818,-0.138818,0.868371,51.204160,29.246970,356.087600
1069.811,22,0.620596,0.852823,0.312741,0.414773,0.217494,-0.119232,0.875468,51.087400,26.666990,357.413500
1069.922,22,0.585464,0.854828,0.325696,0.411220,0.181263,-0.098110,0.887928,49.981380,22.030900,357.758500
1070.028,22,0.547178,0.859874,0.334619,0.407267,0.145086,-0.073539,0.898708,48.882880,17.786650,358.779800
1070.142,22,0.505052,0.866343,0.342956,0.397996,0.110756,-0.044870,0.909571,47.218540,14.126140,0.551305
1070.254,22,0.475825,0.870123,0.348890,0.390375,0.094626,-0.027772,0.915359,46.048090,12.612400,1.901996
1070.366,22,0.452799,0.868785,0.356602,0.387540,0.091595,-0.010553,0.917230,45.468140,13.175190,4.222341
1070.477,22,0.443795,0.865783,0.360756,0.392751,0.094404,-0.005121,0.914772,46.015060,14.058350,5.352810
1070.588,22,0.438060,0.864095,0.363459,0.393043,0.097201,-0.011212,0.914299,46.128690,14.107930,4.626927
1070.699,22,0.435123,0.864890,0.364219,0.391056,0.100691,-0.009308,0.914795,45.835880,14.712450,5.082472
1070.810,22,0.430580,0.864538,0.363414,0.391942,0.099279,-0.008656,0.914577,45.942350,14.559710,5.114497
1070.922,22,0.425706,0.864470,0.360312,0.391233,0.100500,-0.009105,0.914743,45.855430,14.700240,5.105545
1071.033,22,0.418250,0.871294,0.351950,0.383653,0.106019,-0.004702,0.917359,44.820880,15.613290,5.884519
1071.144,22,0.407269,0.889187,0.338902,0.349995,0.111445,0.009368,0.930052,40.461640,16.324640,7.205871
1071.256,22,0.391850,0.909498,0.327127,0.301865,0.118290,0.032756,0.945417,34.265330,17.131630,9.285679
1071.367,22,0.370388,0.933319,0.315506,0.232326,0.127675,0.043458,0.963242,25.879170,17.206830,9.148249
1071.479,22,0.359958,0.941957,0.310585,0.206681,0.120908,0.039854,0.970091,23.039210,15.832000,7.951567
1071.590,22,0.356639,0.949259,0.306558,0.192860,0.125244,0.038912,0.972422,21.428270,16.128380,7.654169
1071.701,22,0.358373,0.952691,0.303081,0.191537,0.138071,0.034629,0.971108,21.250330,17.575340,7.406789
1071.812,22,0.358383,0.954597,0.300574,0.188572,0.148035,0.035161,0.970201,20.823760,18.754240,7.627176
1071.923,22,0.356268,0.956390,0.297740,0.185605,0.145100,0.034312,0.971246,20.522710,18.334040,7.393280
1072.035,22,0.355414,0.961732,0.293941,0.177532,0.140628,0.029883,0.973557,19.710700,17.585640,6.594751
1072.146,22,0.356792,0.989218,0.286217,0.144377,0.131142,0.028513,0.980380,15.998350,16.025310,5.598240
1072.257,22,0.360558,1.019635,0.280355,0.123091,0.124073,0.027710,0.984219,13.616440,14.969920,5.022714
1072.368,22,0.367749,1.049123,0.271262,0.091789,0.132183,0.029426,0.986528,9.981252,15.681900,4.794901
1072.480,22,0.370971,1.056573,0.265137,0.076818,0.139132,0.030474,0.986820,8.229095,16.390520,4.724714
1072.591,22,0.371999,1.053912,0.258894,0.078892,0.141489,0.022235,0.986541,8.590274,16.611720,3.838669
1072.702,22,0.371206,1.057254,0.251964,0.071417,0.142893,0.020481,0.986946,7.765318,16.715390,3.520234
1072.813,22,0.370284,1.059877,0.243468,0.067714,0.140169,0.020452,0.987598,7.354867,16.376600,3.432413
1072.925,22,0.370445,1.063277,0.233123,0.058961,0.133107,0.019611,0.989152,6.397285,15.503810,3.143383
1073.036,22,0.371356,1.071399,0.222496,0.043989,0.132375,0.019378,0.990033,4.701841,15.349590,2.876623
1073.147,22,0.374351,1.102582,0.209817,0.003501,0.131418,0.022799,0.991059,0.054217,15.108360,2.642825
1073.259,22,0.379969,1.133512,0.206766,-0.007374,0.134091,0.023142,0.990672,358.807200,15.390460,2.515230
1073.370,22,0.389097,1.161840,0.208758,-0.009051,0.137620,0.024780,0.990134,358.582200,15.792790,2.670617
1073.481,22,0.396784,1.168992,0.210815,-0.009337,0.146270,0.024066,0.988908,358.538400,16.794430,2.572371
1073.593,22,0.402783,1.165743,0.213349,-0.006715,0.150795,0.013078,0.988456,359.013400,17.336160,1.365669
1073.704,22,0.407572,1.161998,0.215933,-0.001340,0.163291,0.014903,0.986465,359.569700,18.791770,1.659870
1073.815,22,0.408370,1.162612,0.217817,0.004919,0.152863,0.016859,0.988091,0.261598,17.593010,1.995491
1073.926,22,0.408044,1.163229,0.217469,-0.000051,0.135644,0.013326,0.990668,359.787100,15.590250,1.512232
1074.037,22,0.408076,1.144936,0.216179,-0.005491,0.139945,0.015455,0.990024,359.129200,16.078810,1.665736
1074.148,22,0.403999,1.080160,0.217724,0.009758,0.154048,0.018579,0.987841,0.776593,17.742580,2.276203
1074.260,22,0.400960,1.028674,0.227264,0.019855,0.151596,0.026091,0.987899,1.794760,17.500090,3.301960
1074.370,22,0.399655,0.986070,0.246170,0.041804,0.122781,0.022018,0.991309,4.443404,14.241450,3.100139
1074.482,22,0.404734,0.965895,0.258910,0.048244,0.119734,0.016556,0.991495,5.261512,13.888860,2.554608
1074.593,22,0.410257,0.953710,0.270668,0.042873,0.123411,0.013285,0.991340,4.687675,14.279260,2.123093
1074.704,22,0.412816,0.945454,0.279846,0.051129,0.121219,0.009432,0.991263,5.686041,14.032850,1.790685
1074.815,22,0.412900,0.944377,0.286952,0.058800,0.112108,0.006914,0.991931,6.609473,12.986060,1.551787
1074.926,22,0.413601,0.943817,0.299179,0.063614,0.107456,0.008411,0.992137,7.147296,12.472420,1.753443
1075.037,22,0.413258,0.920869,0.324842,0.070776,0.087077,0.002092,0.993682,8.064816,10.083360,0.953963
1075.148,22,0.417424,0.873205,0.351918,0.100091,0.084685,0.009167,0.991326,11.355380,9.969542,2.053273
1075.260,22,0.418243,0.845891,0.360836,0.116238,0.063155,0.022485,0.990956,13.151940,7.695487,3.488151
1075.371,22,0.422169,0.831734,0.361749,0.133939,0.054003,0.022562,0.989260,15.222220,6.718645,3.511881
1075.482,22,0.424411,0.829278,0.359881,0.145205,0.045476,0.015629,0.988233,16.592950,5.654091,2.637217
1075.594,22,0.425772,0.829372,0.358496,0.139988,0.041160,0.009722,0.989250,16.031460,5.023340,1.833977
1075.705,22,0.425181,0.825318,0.357558,0.147232,0.045432,0.007555,0.988029,16.873130,5.516937,1.695057
1075.816,22,0.420824,0.825707,0.358246,0.146222,0.043881,0.010435,0.988223,16.743230,5.379670,2.002184
1075.927,22,0.417208,0.827139,0.359118,0.148160,0.040084,0.007311,0.988124,16.990620,4.881637,1.577448
1076.038,22,0.416974,0.827940,0.359035,0.146513,0.039744,0.009481,0.988365,16.789890,4.873944,1.818873
1076.149,22,0.421355,0.828236,0.356998,0.145561,0.046074,0.005728,0.988259,16.688940,5.555586,1.479726
1076.260,22,0.421030,0.830692,0.354385,0.143892,0.048218,0.005913,0.988400,16.491600,5.807247,1.527850
1076.371,22,0.415033,0.834103,0.352172,0.138474,0.043658,0.009714,0.989356,15.851850,5.313063,1.865324
1076.483,22,0.394811,0.847735,0.349699,0.122377,0.035895,0.030236,0.991373,13.914420,4.642956,4.060722
1076.594,22,0.354648,0.870831,0.342752,0.091848,0.001553,0.069955,0.993312,10.500840,0.928644,8.142246
1076.705,22,0.293703,0.897811,0.322965,0.055556,-0.040679,0.165405,0.983819,7.052024,356.437700,18.867650
1076.816,22,0.257807,0.909452,0.310110,0.031184,-0.070712,0.180281,0.980574,4.971102,352.650900,20.515810
1076.927,22,0.233121,0.917847,0.301227,0.010001,-0.089332,0.199147,0.975838,3.158549,350.176000,22.797360
1077.038,22,0.227407,0.925259,0.297998,0.002768,-0.081816,0.205319,0.975266,2.234801,350.876200,23.598920
1077.149,22,0.228397,0.934117,0.297542,-0.006256,-0.079995,0.187381,0.979005,1.015858,350.851100,21.589380
1077.261,22,0.229647,0.939546,0.299622,-0.012969,-0.085087,0.182756,0.979384,0.326459,350.130300,21.111800
1077.372,22,0.233268,0.945953,0.303191,-0.010316,-0.090641,0.173280,0.980638,0.640563,349.551100,19.983060
1077.483,22,0.248567,0.962614,0.307500,-0.014079,-0.090514,0.156139,0.983478,0.032831,349.488500,18.039170
1077.594,22,0.280967,0.985183,0.306926,-0.026676,-0.063978,0.122843,0.990002,357.873900,352.338400,14.289020
1077.706,22,0.340940,1.003629,0.300086,-0.044834,-0.003577,0.076306,0.996070,354.907200,359.196500,8.797157
1077.817,22,0.387005,1.005203,0.292182,-0.048670,0.036172,0.048043,0.997003,354.230700,3.887354,5.321597
1077.928,22,0.431989,0.999249,0.284204,-0.044507,0.057939,0.030681,0.996856,354.704700,6.503665,3.224739
1078.040,22,0.451015,0.996930,0.276542,-0.036014,0.061823,0.022877,0.997175,355.718800,7.006951,2.366216
1078.151,22,0.461479,0.998099,0.263027,-0.039980,0.058935,0.025022,0.997147,355.257300,6.657235,2.598964
1078.262,22,0.464904,0.997491,0.252140,-0.047536,0.050551,0.010389,0.997536,354.497600,5.758024,0.916488
1078.373,22,0.465627,0.994871,0.245299,-0.047317,0.054286,0.010145,0.997352,354.520800,6.189453,0.869078
1078.484,22,0.464421,0.994563,0.239471,-0.048639,0.055593,0.009220,0.997226,354.374100,6.344829,0.747342
1078.595,22,0.464085,1.001184,0.229713,-0.065888,0.056374,0.009297,0.996190,352.396200,6.435169,0.641372
1078.707,22,0.465297,1.022829,0.213304,-0.080594,0.063667,-0.000160,0.994712,350.774800,7.374042,359.385800
1078.818,22,0.465479,1.038456,0.202180,-0.097600,0.063163,0.002459,0.993216,348.802800,7.320211,359.565200
1078.928,22,0.464963,1.044623,0.192948,-0.097038,0.059208,-0.001724,0.993517,348.894600,6.905627,359.129000
1079.040,22,0.464237,1.043212,0.190702,-0.094658,0.058143,0.001094,0.993810,349.148100,6.745504,359.484600
1079.151,22,0.463529,1.041458,0.191270,-0.094182,0.055280,-0.000656,0.994019,349.212600,6.430682,359.316500
1079.262,22,0.463428,1.041409,0.193727,-0.088841,0.054352,-0.002626,0.994558,349.838200,6.333146,359.133800
1079.373,22,0.463762,1.043930,0.195348,-0.090387,0.056240,-0.003059,0.994313,349.665000,6.560138,359.053500
1079.484,22,0.463409,1.042416,0.196749,-0.089188,0.057689,-0.001798,0.994341,349.795600,6.712985,359.192700
1079.595,22,0.462965,1.031278,0.201294,-0.080772,0.059041,0.003244,0.994977,350.728300,6.806243,359.821100
1079.706,22,0.463904,1.000286,0.213156,-0.062980,0.058043,0.002955,0.996321,352.770800,6.673439,359.917800
1079.817,22,0.466708,0.977469,0.219428,-0.033743,0.059468,0.000086,0.997660,356.138900,6.829857,359.779400
1079.928,22,0.469453,0.969013,0.217774,-0.014770,0.059801,-0.005076,0.998088,358.345300,6.867490,359.318000
1080.039,22,0.468840,0.971576,0.212911,-0.019328,0.050027,-0.005353,0.998547,357.818600,5.750006,359.276200
1080.150,22,0.467834,0.973417,0.210722,-0.021627,0.040308,-0.002339,0.998951,357.534400,4.629276,359.632000
1080.262,22,0.469080,0.971807,0.212186,-0.018637,0.040001,-0.003159,0.999021,357.880400,4.594038,359.552600
1080.372,22,0.470983,0.971670,0.213239,-0.016060,0.043218,-0.003745,0.998930,358.179900,4.962700,359.491500
1080.484,22,0.473072,0.974058,0.208780,-0.015752,0.044654,-0.004971,0.998866,358.222100,5.129435,359.350000
1080.595,22,0.474970,0.981156,0.193039,-0.012748,0.047750,-0.003120,0.998773,358.557900,5.479671,359.573000
1080.706,22,0.476031,0.995701,0.157067,-0.007315,0.051372,0.006194,0.998634,359.126500,5.884621,0.665895
1080.817,22,0.474633,1.005628,0.130375,-0.022603,0.043447,0.000673,0.998800,357.408800,4.982354,359.964500
1080.928,22,0.474980,1.011099,0.107920,-0.031514,0.027968,-0.004248,0.999103,356.403300,3.225455,359.411500
1081.039,22,0.478030,1.011778,0.096455,-0.037099,0.026880,-0.005493,0.998935,355.766400,3.110256,359.254900
1081.150,22,0.481945,1.010633,0.086709,-0.045834,0.033221,-0.007821,0.998366,354.778900,3.860656,358.926200
1081.261,22,0.483457,1.010728,0.081764,-0.053388,0.035474,-0.009936,0.997894,353.924100,4.144147,358.639000
1081.372,22,0.484258,1.012716,0.081651,-0.059900,0.040509,-0.004756,0.997371,353.159900,4.701121,359.172500
1081.483,22,0.484224,1.011366,0.085855,-0.049842,0.040733,-0.002838,0.997922,354.304300,4.702633,359.440000
1081.594,22,0.483041,1.010347,0.089682,-0.050211,0.038107,-0.002773,0.998008,354.260200,4.400411,359.460800
1081.706,22,0.481137,1.009311,0.096474,-0.043188,0.036848,-0.005218,0.998374,355.075000,4.261088,359.217800
1081.817,22,0.478966,1.009001,0.108359,-0.034690,0.038211,-0.002448,0.998664,356.037700,4.397407,359.566900
1081.928,22,0.475992,1.005498,0.143700,-0.028722,0.029555,-0.008295,0.999116,356.737900,3.418578,358.951200
1082.040,22,0.474089,0.996900,0.181482,-0.024204,0.032361,-0.013845,0.999087,357.279300,3.750261,358.323000
1082.150,22,0.470342,0.982193,0.226332,-0.019221,0.036838,-0.010781,0.999078,357.844500,4.248127,358.683600
1082.262,22,0.467043,0.973741,0.257162,-0.023117,0.041256,-0.004598,0.998871,357.374800,4.744817,359.363700
1082.373,22,0.464127,0.968514,0.276583,-0.027168,0.037567,-0.004113,0.998916,356.906400,4.323421,359.411300
1082.484,22,0.461954,0.961441,0.290452,-0.024844,0.031506,-0.005042,0.999182,357.172500,3.628598,359.332100
1082.596,22,0.462327,0.956995,0.301213,-0.023129,0.031685,-0.003944,0.999223,357.365100,3.644772,359.463900
1082.707,22,0.464326,0.953981,0.313578,-0.020252,0.032134,-0.001423,0.999277,357.685600,3.688499,359.762300
1082.818,22,0.466205,0.951915,0.322113,-0.017144,0.030950,-0.001892,0.999372,358.043000,3.552457,359.722400
1082.929,22,0.469662,0.948885,0.336256,-0.017834,0.033000,0.000327,0.999296,357.956100,3.783292,359.970000
1083.040,22,0.472964,0.944283,0.354238,-0.021516,0.030791,-0.001812,0.999293,357.541900,3.535805,359.716400
1083.151,22,0.475205,0.937155,0.370757,-0.020239,0.031355,-0.002734,0.999300,357.691700,3.602133,359.613900
1083.262,22,0.474764,0.931039,0.379506,-0.016640,0.032134,-0.000181,0.999345,358.094800,3.684824,359.918000
1083.372,22,0.472605,0.928714,0.380241,-0.017602,0.030374,0.002754,0.999380,357.974200,3.477233,0.254257
1083.483,22,0.469946,0.928021,0.378478,-0.018752,0.027644,0.001920,0.999440,357.845800,3.165767,0.160657
1083.595,22,0.468321,0.929232,0.377419,-0.017977,0.027118,0.001291,0.999470,357.936600,3.106738,0.092081
1083.706,22,0.465383,0.931491,0.375759,-0.022185,0.024917,0.001684,0.999442,357.453500,2.853351,0.129678
1083.817,22,0.463129,0.931374,0.373214,-0.022806,0.022135,0.001160,0.999494,357.384100,2.535673,0.075033
1083.927,22,0.460376,0.934644,0.368902,-0.024370,0.016055,0.002237,0.999572,357.203400,1.835254,0.211646
1084.039,22,0.461938,0.967969,0.369448,-0.011789,-0.005882,0.000744,0.999913,358.649600,359.324800,0.093177
1084.150,22,0.484840,1.055580,0.381813,0.032283,-0.040395,-0.013916,0.998565,3.632103,355.311600,358.254400
1084.261,22,0.512138,1.121518,0.396854,0.070113,-0.067912,-0.010849,0.995166,7.936407,352.067300,358.199600
1084.371,22,0.523859,1.165824,0.417308,0.146712,-0.089310,0.012032,0.985066,16.929260,349.616700,359.850300
1084.482,22,0.517524,1.210421,0.432343,0.263571,-0.101006,0.032711,0.958780,30.798540,348.146500,0.632421
1084.592,22,0.524648,1.274025,0.422636,0.385759,-0.098756,0.030524,0.916791,45.508140,347.010100,358.346400
1084.703,22,0.558811,1.349200,0.403384,0.428976,-0.156905,0.027863,0.889148,50.496910,336.355900,352.314800
1084.810,22,0.619349,1.426986,0.373949,0.391122,-0.240897,0.039592,0.887369,45.497120,325.545700,350.293900
1084.920,22,0.684606,1.484942,0.334087,0.355928,-0.351444,0.050487,0.864438,40.605090,311.151800,347.610700
1085.031,22,0.754845,1.559277,0.287988,0.284850,-0.470964,0.035596,0.834138,30.579770,297.243500,345.955500
1085.134,22,0.796353,1.606090,0.247674,0.206560,-0.586476,0.003421,0.783177,19.120680,283.886400,345.477500
1085.241,22,0.834551,1.638543,0.209369,0.147493,-0.680484,-0.019083,0.717512,10.701030,271.771500,346.576100
1085.353,22,0.864326,1.658675,0.179443,0.094759,-0.747099,-0.046154,0.656303,3.176867,262.271500,348.317800
1085.465,22,0.891140,1.665983,0.159645,0.067169,-0.787352,-0.059683,0.609920,359.309700,255.588300,349.712500
1085.578,22,0.910669,1.671914,0.150105,0.046846,-0.801125,-0.071672,0.592340,356.598100,253.231800,350.778600
1085.688,22,0.928817,1.677920,0.143815,0.024933,-0.801165,-0.074933,0.593211,354.808400,253.372600,352.566000
1085.800,22,0.935840,1.680861,0.139495,0.011798,-0.800596,-0.070720,0.594900,354.306900,253.525800,354.056700
1085.911,22,0.939611,1.682227,0.136940,0.003014,-0.795592,-0.064711,0.602360,354.299000,254.498000,355.229500
1086.022,22,0.941251,1.682370,0.135855,0.000142,-0.791954,-0.061406,0.607485,354.428400,255.191400,355.688000
1086.133,22,0.941409,1.682677,0.135272,0.000348,-0.790324,-0.061848,0.609559,354.414200,255.498000,355.623300
1086.244,22,0.940073,1.681875,0.136641,0.004515,-0.782462,-0.060731,0.619714,354.868400,256.971400,355.258100
1086.355,22,0.940124,1.681438,0.137384,0.005486,-0.773505,-0.057387,0.631163,355.305000,258.618300,355.342400
1086.467,22,0.941519,1.682099,0.136878,0.003699,-0.767245,-0.056772,0.638826,355.274000,259.749000,355.498900
1086.578,22,0.943096,1.681865,0.135625,0.002370,-0.765070,-0.055604,0.641538,355.294100,260.139400,355.685900
1086.689,22,0.945403,1.682610,0.134382,-0.000218,-0.765217,-0.056651,0.641275,355.010100,260.109600,355.836700
1086.800,22,0.946482,1.683010,0.132614,-0.000791,-0.764481,-0.057979,0.642033,354.855700,260.238500,355.782900
1086.911,22,0.944155,1.682435,0.129442,0.008184,-0.758261,-0.056450,0.649452,355.700100,261.345500,355.067900
1087.023,22,0.932762,1.675264,0.127736,0.043903,-0.735298,-0.042572,0.674979,359.808700,265.113600,352.990400
1087.133,22,0.915143,1.658971,0.133282,0.107321,-0.692640,-0.010910,0.713172,7.930007,271.010400,350.455300
1087.244,22,0.903787,1.636123,0.149174,0.180315,-0.626229,0.029731,0.757918,18.093320,279.119000,349.037100
1087.354,22,0.903768,1.616457,0.165212,0.231306,-0.557349,0.060084,0.795142,25.773660,287.562000,349.617800
1087.472,22,0.912059,1.596344,0.178415,0.281659,-0.480641,0.078539,0.826731,32.766070,296.812800,350.354400
1087.575,22,0.916725,1.588980,0.181482,0.297436,-0.448102,0.080124,0.839236,34.823140,300.891700,350.741500
1087.685,22,0.918437,1.581730,0.179668,0.312917,-0.431394,0.085963,0.841780,36.940300,302.714600,350.983700
1087.796,22,0.916207,1.578632,0.176013,0.318655,-0.434962,0.089570,0.837403,37.705640,301.938700,350.748600
1087.907,22,0.912985,1.576092,0.172158,0.320986,-0.438293,0.096851,0.833959,38.336330,301.491000,351.212300
1088.019,22,0.910430,1.574595,0.169190,0.322370,-0.443606,0.103650,0.829788,38.825990,300.772000,351.585800
1088.130,22,0.907108,1.574010,0.165419,0.322266,-0.464764,0.104670,0.818036,38.648740,297.471600,350.544100
1088.241,22,0.906179,1.574151,0.163041,0.324293,-0.473677,0.101842,0.812461,38.567140,295.851400,349.556000
1088.347,22,0.904635,1.574961,0.161196,0.318356,-0.474019,0.110085,0.813534,38.488080,296.390000,350.981400
1088.455,22,0.902803,1.576030,0.159889,0.313935,-0.477085,0.113859,0.812940,38.247590,296.276200,351.622100
1088.562,22,0.901897,1.576389,0.161505,0.311039,-0.463965,0.115643,0.821351,38.188710,298.578400,352.789200
1088.668,22,0.906585,1.576243,0.164381,0.316022,-0.435982,0.111357,0.835254,38.683420,302.559000,353.413700
1088.775,22,0.911636,1.580713,0.168084,0.302348,-0.424685,0.101924,0.847254,36.791360,304.749200,353.972300
1088.881,22,0.915575,1.580064,0.172165,0.308333,-0.419377,0.097124,0.848305,37.198890,305.108100,353.234700
1088.988,22,0.916979,1.576509,0.175377,0.321974,-0.414100,0.094850,0.846084,38.563970,305.109400,352.197200
1089.095,22,0.916555,1.571788,0.178136,0.332260,-0.408969,0.094019,0.844694,39.658990,305.284300,351.564600
1089.204,22,0.912120,1.569257,0.179442,0.340909,-0.402879,0.094274,0.844146,40.655930,305.722700,351.240700
1089.313,22,0.903524,1.567175,0.180129,0.343842,-0.401383,0.098025,0.843241,41.191280,305.907000,351.540200
1089.423,22,0.894531,1.563944,0.175888,0.348393,-0.410916,0.107984,0.835530,42.138890,304.456800,351.791300
1089.534,22,0.885920,1.563513,0.171356,0.348628,-0.424891,0.111775,0.827909,42.240800,302.323700,351.362900
1089.645,22,0.879656,1.564097,0.168900,0.346432,-0.428621,0.111959,0.826882,41.981720,301.874400,351.348200
1089.756,22,0.874628,1.563498,0.168653,0.346128,-0.426810,0.115555,0.827451,42.178880,302.306800,351.914500
1089.867,22,0.871437,1.563465,0.171294,0.350267,-0.415303,0.112338,0.831996,42.543480,303.782700,351.884800
1089.978,22,0.871559,1.560067,0.172539,0.355545,-0.413768,0.120623,0.829357,43.595880,303.979700,352.530500
1090.089,22,0.873184,1.558994,0.175490,0.357251,-0.407900,0.116615,0.832100,43.604110,304.676000,352.271900
1090.200,22,0.873755,1.558684,0.177351,0.355309,-0.401887,0.118992,0.835514,43.580510,305.872000,353.122200
1090.312,22,0.865021,1.553277,0.180907,0.361097,-0.403165,0.126024,0.831375,44.590230,305.558100,353.418900
1090.423,22,0.839644,1.537009,0.192072,0.379700,-0.407416,0.132885,0.819867,46.960700,303.800800,352.295800
1090.535,22,0.794027,1.500921,0.211406,0.404092,-0.403540,0.143531,0.808247,50.268960,302.957800,351.532600
1090.649,22,0.731354,1.427636,0.239790,0.405707,-0.393764,0.142007,0.812519,50.454820,304.508900,351.988300
1090.762,22,0.668487,1.334264,0.270425,0.400579,-0.387798,0.135011,0.819098,49.547260,305.665700,352.070000
1090.873,22,0.621429,1.241060,0.295634,0.407132,-0.386707,0.132783,0.816743,50.151490,305.205200,351.203900
1090.984,22,0.589205,1.138098,0.312890,0.408489,-0.374378,0.130920,0.822094,50.323350,307.194100,351.841800
1091.091,22,0.568479,1.057918,0.323627,0.400509,-0.355700,0.130227,0.834333,49.548810,311.057300,354.017900
1091.194,22,0.559197,1.016451,0.328673,0.391350,-0.349159,0.129593,0.841510,48.516580,312.776700,355.221600
1091.297,22,0.552396,0.984840,0.332726,0.391690,-0.342353,0.125029,0.844832,48.368480,313.672200,355.083600
1091.409,22,0.548626,0.972676,0.333023,0.402147,-0.342001,0.122000,0.840493,49.415900,312.872800,353.824000
1091.522,22,0.548146,0.969802,0.334263,0.400524,-0.341972,0.121493,0.841353,49.205600,312.962800,353.893600
1091.633,22,0.549406,0.965531,0.334505,0.399893,-0.339670,0.123661,0.842270,49.256820,313.518400,354.429800
1091.745,22,0.548940,0.958576,0.333910,0.403336,-0.340605,0.123118,0.840327,49.617680,313.091900,353.989700
1091.855,22,0.548090,0.952308,0.334648,0.404076,-0.339028,0.122268,0.840734,49.671370,313.266500,353.933500
1091.966,22,0.546299,0.947182,0.336018,0.401565,-0.339335,0.122970,0.841710,49.416440,313.425000,354.219700
1092.077,22,0.544817,0.948594,0.337518,0.399032,-0.337158,0.125005,0.843488,49.239950,314.080400,354.886300
1092.188,22,0.535673,0.985466,0.337103,0.390295,-0.331618,0.131225,0.848811,48.556250,315.910300,356.874600
1092.299,22,0.513929,1.055461,0.331271,0.349646,-0.338368,0.126667,0.864414,43.645670,316.685900,358.603700
1092.409,22,0.475884,1.186633,0.304549,0.264881,-0.362248,0.097026,0.888369,32.746250,315.241300,358.670500
1092.519,22,0.450354,1.304198,0.265927,0.194782,-0.378768,0.064814,0.902438,23.619210,314.062900,358.087800
1092.628,22,0.436467,1.432343,0.207595,0.125631,-0.390059,0.032099,0.911615,14.720000,313.367900,357.660300
1092.743,23,0.438766,1.528639,0.143804,0.104000,-0.396444,0.018593,0.911960,11.796140,312.715500,357.157200
1092.852,23,0.446562,1.587180,0.093375,0.114464,-0.402265,0.013700,0.908236,12.646940,311.784300,356.050700
1092.963,23,0.449120,1.615218,0.063613,0.126794,-0.402053,0.016530,0.906644,14.075870,311.644400,355.744100
1093.074,23,0.445618,1.625623,0.048657,0.139704,-0.408164,0.021194,0.901907,15.622720,310.681400,355.484900
1093.185,23,0.430719,1.633980,0.031630,0.140775,-0.470355,0.035196,0.870466,16.152100,302.627900,355.751700
1093.296,23,0.410036,1.643227,0.019999,0.129627,-0.558516,0.020413,0.819048,13.600020,290.633900,353.421100
1093.407,23,0.375004,1.667650,0.014361,0.074401,-0.677803,-0.044621,0.730108,2.760045,274.024200,350.432600
1093.520,23,0.349231,1.701795,0.024666,-0.022780,-0.738135,-0.127144,0.662172,347.416200,264.666200,352.063800
1093.632,23,0.322862,1.718354,0.047932,-0.064091,-0.756250,-0.163522,0.630269,340.845500,260.737700,353.362500
1093.745,23,0.285822,1.714250,0.065629,-0.056865,-0.767424,-0.157186,0.618967,341.841200,258.813300,353.515700
1093.856,23,0.242266,1.710702,0.069868,-0.029372,-0.779707,-0.126982,0.612430,346.467600,257.066200,353.519500
1093.967,23,0.173863,1.687442,0.066184,0.027689,-0.799246,-0.033784,0.599415,358.807600,253.788700,355.136600
1094.077,23,0.114746,1.664914,0.059686,0.068864,-0.799961,0.032337,0.595210,7.684221,253.023400,355.852100
1094.187,23,0.035886,1.641213,0.037518,0.095786,-0.787336,0.081211,0.603599,14.094050,254.564300,356.879700
1094.298,23,-0.029819,1.645026,0.011570,0.087748,-0.780577,0.091642,0.612047,14.505930,256.012800,358.531500
1094.409,23,-0.093901,1.648617,-0.022893,0.087367,-0.783143,0.110372,0.605699,16.183300,255.411600,359.812800
1094.520,23,-0.129481,1.648010,-0.049439,0.086949,-0.804119,0.123130,0.575041,17.338830,251.154800,0.106510
1094.632,23,-0.149497,1.656166,-0.071271,0.071197,-0.838549,0.109291,0.528983,14.987910,244.460500,359.775800
1094.744,23,-0.159623,1.663931,-0.090774,0.052612,-0.890104,0.088099,0.444055,11.745220,232.934500,359.097600
1094.855,23,-0.162552,1.672741,-0.103104,0.049554,-0.943193,0.063711,0.322291,8.750109,217.498200,356.960300
1094.967,23,-0.167016,1.683307,-0.100082,0.051807,-0.987090,0.026172,0.149283,3.849475,197.017300,354.567400
1095.078,23,-0.176306,1.690192,-0.079371,0.049868,-0.998652,0.000341,0.014420,0.121392,181.648500,354.284300
1095.189,23,-0.204771,1.698717,-0.039335,0.047449,-0.989552,-0.027418,-0.133355,356.163000,164.816700,355.021100
1095.301,23,-0.241046,1.700064,-0.007647,0.044184,-0.970734,-0.045735,-0.231585,353.727400,153.368100,356.273900
1095.412,23,-0.274849,1.698530,0.014140,0.052643,-0.949068,-0.043322,-0.307607,353.418500,144.326700,355.770200
1095.524,23,-0.299833,1.701208,0.028822,0.057803,-0.930734,-0.040294,-0.358844,353.310400,138.097500,355.456300
1095.635,23,-0.318078,1.701135,0.038140,0.059444,-0.920809,-0.037838,-0.383595,353.379700,135.037100,355.354800
1095.746,23,-0.335690,1.701149,0.044889,0.059198,-0.914196,-0.039216,-0.399003,353.168900,133.107400,355.555500
1095.857,23,-0.346114,1.698547,0.049465,0.059128,-0.912097,-0.033695,-0.404286,353.726400,132.444500,355.348100
1095.968,23,-0.355687,1.693872,0.051074,0.058884,-0.913776,-0.016429,-0.401592,355.565500,132.760900,354.565800
1096.079,23,-0.360949,1.680511,0.040808,0.055043,-0.922470,0.033179,-0.380682,1.106183,135.079900,352.713200
1096.189,23,-0.369625,1.639098,0.010982,0.023141,-0.932807,0.187821,-0.306691,19.645930,141.919900,350.318700
1096.299,23,-0.373179,1.615402,-0.022328,0.001036,-0.932962,0.249818,-0.259175,27.749300,146.836500,351.459700
1096.410,23,-0.368717,1.594561,-0.065331,-0.007316,-0.923914,0.297079,-0.240984,33.537120,148.061000,351.050700
1096.521,23,-0.357579,1.583815,-0.104611,-0.010209,-0.921386,0.310173,-0.233960,35.194580,148.679500,351.107600
1096.631,23,-0.343739,1.589327,-0.145746,-0.021558,-0.924978,0.306994,-0.222947,35.277620,150.724800,353.175600
1096.743,23,-0.329290,1.600881,-0.183820,-0.035879,-0.933204,0.287685,-0.212322,33.516230,153.221200,356.203900
1096.854,23,-0.316385,1.599338,-0.209919,-0.041094,-0.935507,0.280990,-0.210199,32.888860,153.842000,357.185000
1096.966,23,-0.301571,1.600875,-0.231143,-0.052325,-0.932128,0.278447,-0.225537,32.867610,152.231800,358.086100
1097.076,23,-0.290952,1.610922,-0.244918,-0.054222,-0.929600,0.261336,-0.254178,30.893290,148.823800,357.860000
1097.188,23,-0.276283,1.610184,-0.265993,-0.063664,-0.912430,0.259027,-0.310361,30.810860,141.608300,357.023000
1097.299,23,-0.267562,1.612105,-0.286007,-0.068916,-0.891630,0.255848,-0.367134,30.454060,134.063600,355.677900
1097.410,23,-0.265343,1.617110,-0.309460,-0.072565,-0.858215,0.235425,-0.450307,27.998220,123.209300,354.314400
1097.521,23,-0.273547,1.631196,-0.327682,-0.078799,-0.809092,0.199760,-0.547044,24.170970,110.645800,354.272700
1097.632,23,-0.289024,1.639112,-0.349569,-0.072041,-0.756801,0.173016,-0.626201,20.615880,99.586730,353.395800
1097.744,23,-0.306044,1.634551,-0.371184,-0.082531,-0.712042,0.175558,-0.674807,21.185810,91.698030,352.642500
1097.855,23,-0.316929,1.632970,-0.384557,-0.099277,-0.671354,0.169863,-0.714545,21.712690,85.130960,353.234300
1097.966,23,-0.327220,1.632482,-0.396875,-0.106534,-0.621659,0.168801,-0.757428,21.793140,77.284360,352.371900
1098.077,23,-0.332353,1.635250,-0.404706,-0.109523,-0.591523,0.160322,-0.782561,21.166890,72.770880,352.522800
1098.188,23,-0.332749,1.636008,-0.413126,-0.114512,-0.559606,0.159115,-0.805240,21.253970,68.110650,352.100400
1098.299,23,-0.331318,1.633886,-0.418749,-0.122881,-0.539984,0.164548,-0.816236,22.228810,65.312070,351.557100
1098.409,23,-0.331437,1.631664,-0.426353,-0.125737,-0.526189,0.167342,-0.824204,22.542810,63.324850,351.060100
1098.521,23,-0.328269,1.631463,-0.431948,-0.123018,-0.522091,0.170157,-0.826641,22.399200,62.662990,350.483100
1098.631,23,-0.321113,1.629414,-0.435975,-0.128345,-0.525834,0.174018,-0.822645,23.214430,63.222380,350.522200
1098.743,23,-0.308343,1.628741,-0.435129,-0.131387,-0.529072,0.173131,-0.820272,23.499630,63.747570,350.902400
1098.853,23,-0.285986,1.626990,-0.428711,-0.132999,-0.523235,0.174985,-0.823357,23.711320,62.901130,350.636000
1098.965,23,-0.254590,1.619100,-0.416999,-0.140531,-0.517950,0.185426,-0.823162,25.052050,62.096450,349.846900
1099.076,23,-0.224622,1.613061,-0.402176,-0.147677,-0.530919,0.184396,-0.813827,25.859470,64.130490,350.835300
1099.188,23,-0.184175,1.622936,-0.373727,-0.158520,-0.549072,0.159696,-0.804915,25.503080,67.404690,354.723300
1099.300,23,-0.152049,1.629583,-0.348916,-0.158111,-0.557528,0.143400,-0.802247,24.430340,68.861980,356.613500
1099.411,23,-0.116370,1.624871,-0.317459,-0.167883,-0.562759,0.147846,-0.795776,25.696110,69.862050,357.051700
1099.522,23,-0.095923,1.621570,-0.291664,-0.178895,-0.558189,0.136265,-0.798657,25.968370,69.636460,358.856300
1099.633,23,-0.081049,1.624018,-0.268764,-0.181699,-0.531531,0.128227,-0.817324,25.678840,65.836010,358.954300
1099.745,23,-0.065438,1.621410,-0.251952,-0.187907,-0.497031,0.124031,-0.838014,25.991130,61.034530,358.655700
1099.855,23,-0.051374,1.618732,-0.243967,-0.197845,-0.457494,0.122908,-0.858167,26.873870,55.665370,358.077500
1099.967,23,-0.037846,1.618817,-0.246038,-0.198587,-0.397378,0.117396,-0.888185,26.491480,47.443230,356.752000
1100.078,23,-0.030622,1.623118,-0.260003,-0.195719,-0.347440,0.110199,-0.910404,25.654380,40.840080,355.887200
1100.189,23,-0.014401,1.632484,-0.286218,-0.185209,-0.295571,0.096720,-0.932191,23.732990,34.251680,355.561900
1100.300,23,0.002631,1.632346,-0.307583,-0.187609,-0.262479,0.093181,-0.941926,23.724800,30.127610,355.171900
1100.411,23,0.021262,1.629828,-0.332673,-0.195398,-0.221110,0.087872,-0.951425,24.246980,25.073730,354.916000
1100.522,23,0.030343,1.626597,-0.349828,-0.200709,-0.177155,0.080679,-0.960116,24.455960,19.762990,354.717400
1100.633,23,0.031170,1.623370,-0.361744,-0.213896,-0.123280,0.071082,-0.966436,25.528450,13.318640,354.617000
1100.744,23,0.027057,1.620162,-0.365961,-0.223109,-0.061448,0.066278,-0.970595,26.183150,5.737118,353.522400
1100.854,23,0.025493,1.619208,-0.359791,-0.226684,-0.018914,0.066825,-0.971489,26.293500,0.412434,352.226500
1100.966,23,0.028799,1.617244,-0.336857,-0.233076,-0.001656,0.063734,-0.970367,26.907300,358.297400,352.077100
1101.077,23,0.029096,1.611794,-0.311283,-0.242683,-0.004993,0.059312,-0.968278,28.070790,358.758500,352.679000
1101.188,23,0.018723,1.611735,-0.273107,-0.246395,-0.010899,0.050478,-0.967793,28.556060,359.753500,353.965900
1101.300,23,0.004574,1.617366,-0.242397,-0.244449,-0.011648,0.036436,-0.968907,28.329780,0.309730,355.770900
1101.410,23,-0.015712,1.620975,-0.206635,-0.242230,-0.004579,0.026517,-0.969846,28.040420,359.742600,356.803400
1101.522,23,-0.029778,1.618512,-0.182494,-0.242634,0.000304,0.021419,-0.969881,28.075850,359.286800,357.291400
1101.634,23,-0.037896,1.618122,-0.166657,-0.243490,0.005231,0.021135,-0.969659,28.163170,358.671600,357.169500
1101.745,23,-0.045599,1.620612,-0.147276,-0.234036,0.013950,0.021775,-0.971884,27.020130,357.599900,356.856200
1101.856,23,-0.051719,1.619079,-0.132623,-0.236170,0.019755,0.021055,-0.971283,27.254500,356.884200,356.760800
1101.967,23,-0.061435,1.615727,-0.116719,-0.243783,0.029657,0.018785,-0.969194,28.127230,355.666000,356.693100
1102.079,23,-0.068436,1.613756,-0.107224,-0.246795,0.035569,0.015207,-0.968295,28.480450,355.014300,356.934400
1102.190,23,-0.075817,1.611789,-0.098724,-0.251432,0.042574,0.011600,-0.966869,29.026630,354.213400,357.126200
1102.301,23,-0.081265,1.610665,-0.094030,-0.253035,0.044463,0.010011,-0.966383,29.220210,354.014700,357.251400
1102.412,23,-0.085766,1.610012,-0.091028,-0.252569,0.042838,0.006909,-0.966606,29.187960,354.326600,357.702600
1102.523,23,-0.090575,1.609918,-0.087837,-0.252327,0.042143,0.003107,-0.966719,29.182730,354.541700,358.209700
1102.635,23,-0.095703,1.610320,-0.083987,-0.251385,0.043726,-0.000019,-0.966899,29.086500,354.448000,358.560900
1102.745,23,-0.104943,1.610548,-0.078178,-0.248644,0.044074,-0.006890,-0.967567,28.800860,354.639600,359.438700
1102.856,23,-0.112956,1.610766,-0.072799,-0.246209,0.038536,-0.014926,-0.968335,28.553250,355.607000,0.647881
1102.967,23,-0.124483,1.610390,-0.062675,-0.245408,0.042744,-0.027004,-0.968101,28.520170,355.462800,2.041800
1103.078,23,-0.130895,1.609581,-0.050430,-0.247595,0.051546,-0.030513,-0.967010,28.816120,354.460300,2.190428
1103.189,23,-0.136045,1.606077,-0.029719,-0.257125,0.069011,-0.034321,-0.963300,30.007510,352.348000,2.027321
1103.301,23,-0.138292,1.601657,-0.010506,-0.263399,0.097283,-0.035080,-0.959128,30.803340,348.711600,1.070300
1103.412,23,-0.135101,1.597992,0.009991,-0.263864,0.131094,-0.036848,-0.954899,30.903120,344.387900,0.079537
1103.523,23,-0.123809,1.599590,0.035071,-0.260037,0.163408,-0.032049,-0.951132,30.340240,340.070600,358.405300
1103.634,23,-0.110368,1.604520,0.061854,-0.248526,0.189075,-0.032191,-0.949447,28.953320,336.919100,357.848300
1103.746,23,-0.092715,1.615475,0.098974,-0.242686,0.232037,-0.038974,-0.941140,28.352210,331.654100,357.442800
1103.857,23,-0.079882,1.618596,0.128374,-0.233092,0.276347,-0.042622,-0.931388,27.242340,326.175800,356.812700
1103.968,23,-0.062462,1.614475,0.161391,-0.243177,0.309775,-0.039072,-0.918356,28.089680,321.435700,354.869100
1104.079,23,-0.052863,1.617636,0.182564,-0.244640,0.310089,-0.033942,-0.918066,28.049900,321.220400,354.186200
1104.190,23,-0.047861,1.622092,0.210892,-0.235854,0.285366,-0.022733,-0.928667,26.810050,324.419900,354.058500
1104.302,23,-0.051576,1.623011,0.235624,-0.235110,0.224542,-0.006881,-0.945652,26.599690,331.879400,354.057700
1104.413,23,-0.061897,1.623048,0.252812,-0.229355,0.114324,0.012266,-0.966528,26.139050,345.378100,355.133900
1104.524,23,-0.081944,1.623032,0.261013,-0.220468,-0.031069,0.037851,-0.974164,25.587930,2.786282,356.182700
1104.636,23,-0.101224,1.616508,0.266221,-0.216810,-0.171443,0.068919,-0.958567,26.058270,19.426870,356.311900
1104.746,23,-0.119559,1.603935,0.256816,-0.240824,-0.313123,0.088505,-0.914399,29.725410,37.612770,359.271500
1104.857,23,-0.128303,1.606354,0.235004,-0.238913,-0.378585,0.102032,-0.888360,30.114960,46.156760,359.974400
1104.968,23,-0.129597,1.611941,0.195543,-0.210041,-0.446104,0.129286,-0.860325,28.473800,54.236190,357.714500
1105.079,23,-0.127961,1.613057,0.157855,-0.202121,-0.502166,0.147352,-0.827807,28.856950,61.794060,357.319400
1105.190,23,-0.131317,1.614809,0.105577,-0.190592,-0.551853,0.161363,-0.795673,28.776500,68.708760,356.963700
1105.302,23,-0.143476,1.615351,0.053502,-0.185048,-0.574364,0.167969,-0.779519,28.779970,71.939500,356.775500
1105.412,23,-0.164373,1.615568,-0.006782,-0.177197,-0.582101,0.169260,-0.775313,28.152480,72.881940,356.347600
1105.524,23,-0.194779,1.615422,-0.071860,-0.169854,-0.590884,0.175715,-0.768850,27.958940,73.963230,355.489200
1105.635,23,-0.224944,1.613680,-0.124435,-0.164052,-0.603245,0.171876,-0.761342,27.204450,75.787170,355.887300
1105.746,23,-0.257698,1.611701,-0.175909,-0.164911,-0.609020,0.167657,-0.757490,27.003760,76.777320,356.581500
1105.857,23,-0.273086,1.615364,-0.202513,-0.165123,-0.602683,0.171743,-0.761585,27.291840,75.732510,355.963200
1105.968,23,-0.286867,1.616506,-0.222624,-0.158570,-0.594523,0.179274,-0.767632,27.168690,74.162710,354.408400
1106.079,23,-0.298878,1.614267,-0.229964,-0.159377,-0.597903,0.190771,-0.762048,28.101210,74.602010,353.479700
1106.190,23,-0.317047,1.616052,-0.228044,-0.156915,-0.616714,0.193688,-0.746677,28.244140,77.539020,353.763200
1106.301,23,-0.336288,1.614753,-0.212530,-0.160773,-0.633369,0.196856,-0.730920,28.972440,80.393830,354.482600
1106.412,23,-0.357546,1.606589,-0.183459,-0.175490,-0.647113,0.219556,-0.708691,32.201060,83.151920,354.298100
1106.523,23,-0.378513,1.599095,-0.147442,-0.194175,-0.653968,0.232324,-0.693288,34.966870,85.152830,355.228500
1106.634,23,-0.400386,1.588136,-0.114245,-0.211718,-0.649305,0.234751,-0.691715,36.708750,85.194760,356.436900
1106.745,23,-0.421095,1.586159,-0.092881,-0.217238,-0.646224,0.238786,-0.691509,37.521710,84.907190,356.423600
1106.855,23,-0.434121,1.590368,-0.080429,-0.207800,-0.654361,0.235302,-0.687942,36.430960,85.918740,356.308900
1106.966,23,-0.442945,1.591820,-0.067164,-0.210912,-0.656215,0.232514,-0.686174,36.484410,86.449270,356.985500
1107.077,23,-0.445097,1.591496,-0.059984,-0.210308,-0.653763,0.232022,-0.688862,36.378760,85.959590,356.818900
1107.188,23,-0.451561,1.588556,-0.058318,-0.214535,-0.655090,0.236210,-0.684863,37.108930,86.429570,356.947800
1107.299,23,-0.459292,1.591186,-0.061159,-0.207196,-0.662263,0.234998,-0.680627,36.392020,87.368790,356.762900
1107.410,23,-0.469600,1.594102,-0.067032,-0.198532,-0.672614,0.234165,-0.673307,35.616090,88.847460,356.596700
1107.522,23,-0.478827,1.594138,-0.074965,-0.198683,-0.681851,0.234241,-0.663879,35.678610,90.620150,357.172400
1107.634,23,-0.492813,1.594513,-0.087466,-0.200402,-0.682350,0.233981,-0.662941,35.804600,90.814120,357.403300
1107.742,23,-0.511418,1.601458,-0.105415,-0.187342,-0.677654,0.222494,-0.675414,33.684200,89.216640,356.786400
1107.842,23,-0.530320,1.608041,-0.128385,-0.172790,-0.669568,0.213547,-0.690087,31.631190,87.061710,355.733600
1107.951,23,-0.552926,1.617318,-0.164233,-0.153040,-0.662892,0.196542,-0.706063,28.469000,85.151050,355.129000
1108.065,23,-0.573543,1.624904,-0.206898,-0.144093,-0.656876,0.180162,-0.717839,26.331210,83.882980,355.561900
1108.175,23,-0.588797,1.621762,-0.243786,-0.135516,-0.655371,0.173453,-0.722522,25.035470,83.392970,355.377400
1108.285,23,-0.604092,1.620659,-0.280202,-0.134511,-0.655743,0.180141,-0.720734,25.476820,83.396390,354.708300
1108.396,23,-0.609101,1.628688,-0.297535,-0.125029,-0.657688,0.161309,-0.725116,23.172700,83.527800,355.665900
1108.507,23,-0.604675,1.634751,-0.308092,-0.114745,-0.651317,0.141568,-0.736599,20.698710,82.306090,356.378600
1108.619,23,-0.591806,1.653856,-0.307132,-0.062757,-0.650148,0.092601,-0.751528,12.400090,81.359030,356.620000
1108.730,23,-0.576983,1.706424,-0.296178,0.121732,-0.626475,-0.067353,-0.766925,344.269700,78.893410,357.069200
1108.844,23,-0.563088,1.722274,-0.281957,0.179938,-0.605873,-0.115115,-0.766348,335.463000,77.229720,357.378800
1108.957,23,-0.542150,1.732273,-0.266518,0.211701,-0.602291,-0.142713,-0.756347,330.518100,77.739720,357.423600
1109.069,23,-0.509731,1.745922,-0.243264,0.238827,-0.608962,-0.169856,-0.737072,326.017700,79.981590,357.201800
1109.182,23,-0.480838,1.752250,-0.220420,0.252744,-0.621929,-0.184312,-0.717882,323.691200,82.968250,356.460500
1109.292,23,-0.450665,1.753467,-0.194215,0.256553,-0.627421,-0.193389,-0.709313,322.654100,84.148620,356.568400
1109.404,23,-0.423827,1.753277,-0.170919,0.265642,-0.627194,-0.207803,-0.702054,320.679700,84.650500,356.929400
1109.515,23,-0.403082,1.754321,-0.154924,0.273576,-0.627156,-0.222560,-0.694477,318.765400,85.143730,357.406800
1109.626,23,-0.380030,1.756031,-0.141359,0.277002,-0.627944,-0.235074,-0.688256,317.427500,85.489560,358.108900
1109.738,23,-0.365858,1.755317,-0.134866,0.279746,-0.627022,-0.243572,-0.685025,316.471500,85.477290,358.647900
1109.849,23,-0.353347,1.757499,-0.128907,0.281351,-0.621710,-0.257792,-0.684004,315.135300,84.442920,0.228261
1109.960,23,-0.345037,1.757704,-0.123866,0.283866,-0.618613,-0.265617,-0.682778,314.253200,83.956050,0.944932
1110.071,23,-0.334799,1.757518,-0.117062,0.285965,-0.623892,-0.271429,-0.674766,313.564100,85.175100,0.788155
1110.182,23,-0.327503,1.755255,-0.109330,0.281203,-0.631577,-0.275811,-0.667806,313.616800,86.336970,1.094291
1110.292,23,-0.322266,1.753815,-0.101367,0.279289,-0.632331,-0.277715,-0.667105,313.627100,86.317890,1.438793
1110.404,23,-0.318588,1.753076,-0.094999,0.281180,-0.631851,-0.281823,-0.665040,313.102500,86.358020,1.636941
1110.514,23,-0.315735,1.752930,-0.091155,0.282077,-0.631689,-0.285533,-0.663230,312.701300,86.381230,1.890990
1110.626,23,-0.312217,1.752257,-0.087270,0.284591,-0.629981,-0.291379,-0.661234,311.970600,86.204930,2.293720
1110.737,23,-0.305932,1.751112,-0.084761,0.279139,-0.630456,-0.289657,-0.663856,312.621100,85.832290,2.760379
1110.848,23,-0.287410,1.748143,-0.084397,0.267691,-0.634640,-0.281055,-0.668268,314.396400,85.807450,2.938529
1110.959,23,-0.264797,1.745262,-0.087016,0.252224,-0.640790,-0.274610,-0.671089,316.333100,85.913910,3.592907
1111.069,23,-0.231537,1.743282,-0.096555,0.242272,-0.642334,-0.262105,-0.678242,318.290400,85.588460,3.402270
1111.181,23,-0.205869,1.742183,-0.110710,0.245777,-0.636465,-0.254542,-0.685357,318.631100,84.723720,2.753114
1111.292,23,-0.188667,1.745336,-0.132361,0.264777,-0.617963,-0.247952,-0.697521,317.481800,82.513730,1.450631
1111.403,23,-0.176453,1.751099,-0.161889,0.288367,-0.593057,-0.235768,-0.713822,316.264300,79.614090,359.568400
1111.514,23,-0.161918,1.756829,-0.185322,0.296922,-0.560656,-0.219824,-0.741067,316.640800,74.442280,359.437800
1111.624,23,-0.140872,1.747044,-0.197349,0.284535,-0.496136,-0.184218,-0.799345,320.381100,63.327880,0.905329
1111.736,23,-0.126762,1.732896,-0.186162,0.281275,-0.441919,-0.156205,-0.837373,322.473900,55.326050,0.939431
1111.847,23,-0.110333,1.698817,-0.158608,0.247378,-0.417542,-0.118795,-0.866228,328.144800,51.485240,359.947800
1111.958,23,-0.100937,1.661807,-0.137265,0.215826,-0.402358,-0.097216,-0.884351,332.615200,48.955940,359.888200
1112.068,23,-0.084960,1.606449,-0.125228,0.158903,-0.454440,-0.082479,-0.872600,339.373200,55.025300,359.970500
1112.179,23,-0.085873,1.563655,-0.124716,0.124091,-0.468949,-0.066468,-0.871935,343.815100,56.549010,359.971800
1112.289,23,-0.098887,1.518455,-0.125551,0.098815,-0.458333,-0.043131,-0.882217,347.649600,54.997830,359.150800
1112.399,23,-0.106296,1.494224,-0.127846,0.082684,-0.463816,-0.042373,-0.881046,349.338600,55.539070,359.881300
1112.510,23,-0.113029,1.472426,-0.133892,0.074694,-0.465387,-0.034817,-0.881263,350.557500,55.715400,359.526200
1112.621,23,-0.113372,1.450552,-0.138308,0.068427,-0.463884,-0.025852,-0.882871,351.673700,55.512520,358.967100
1112.732,23,-0.105353,1.418823,-0.141881,0.043558,-0.468122,-0.023323,-0.882282,354.335900,55.898090,0.021505
1112.843,23,-0.089535,1.391971,-0.147636,0.021111,-0.472115,-0.021680,-0.881017,356.693900,56.341210,1.048465
1112.954,23,-0.068728,1.374477,-0.159159,0.003634,-0.474018,-0.015119,-0.880378,358.812000,56.584510,1.328208
1113.066,23,-0.034678,1.348915,-0.184012,-0.019351,-0.479201,0.005426,-0.877475,2.244277,57.289170,0.517384
1113.178,23,-0.012057,1.330820,-0.206212,-0.029325,-0.483374,0.015993,-0.874777,3.828270,57.848000,0.021194
1113.288,23,0.008998,1.317578,-0.228779,-0.040619,-0.477364,0.018515,-0.877571,5.104263,57.105010,0.361409
1113.400,23,0.023391,1.319097,-0.244604,-0.044511,-0.474644,0.014643,-0.878930,5.286917,56.784210,0.950256
1113.510,23,0.039644,1.349411,-0.270252,-0.027772,-0.475234,0.007958,-0.879385,3.233682,56.795080,0.711682
1113.622,23,0.043629,1.415601,-0.298200,0.014163,-0.478355,-0.006095,-0.878031,358.240600,57.165970,359.836800
1113.733,23,0.030680,1.504386,-0.333679,0.076198,-0.467049,-0.021804,-0.880672,351.107600,56.024750,358.099100
1113.845,23,0.011480,1.574755,-0.371330,0.104366,-0.461844,-0.030442,-0.880273,347.768700,55.637440,357.489500
1113.957,23,-0.000536,1.605519,-0.396494,0.125627,-0.456712,-0.035101,-0.880000,345.335100,55.261800,356.861100
1114.068,23,-0.004699,1.610327,-0.411817,0.136647,-0.454337,-0.046831,-0.879041,343.573200,55.025760,357.500200
1114.180,23,-0.002770,1.606496,-0.417101,0.129978,-0.450937,-0.045298,-0.881879,344.329600,54.470410,357.778100
1114.290,23,-0.000097,1.604206,-0.426324,0.131223,-0.456438,-0.054521,-0.878335,343.722700,55.123440,358.566400
1114.402,23,0.005294,1.598459,-0.434785,0.124847,-0.457545,-0.049891,-0.878963,344.625500,55.211460,358.422600
1114.512,23,0.012120,1.585725,-0.443877,0.114453,-0.457010,-0.040403,-0.881142,346.194500,55.066320,358.028400
1114.623,23,0.024576,1.546726,-0.452354,0.093273,-0.457454,-0.026585,-0.883929,349.093000,54.938880,357.762500
1114.734,23,0.041674,1.492809,-0.462611,0.061807,-0.463868,-0.005829,-0.883727,353.416700,55.546050,357.285900
1114.844,23,0.068006,1.426854,-0.484558,0.015488,-0.481675,0.010562,-0.876150,359.028000,57.617020,358.084000
1114.955,23,0.087215,1.393449,-0.505836,-0.007503,-0.492010,0.016616,-0.870399,1.685428,58.938170,358.765100
1115.066,23,0.101175,1.379072,-0.536026,-0.024986,-0.503712,0.028928,-0.863026,4.144355,60.489190,358.577500
1115.177,23,0.097566,1.393029,-0.555482,-0.025191,-0.512957,0.033188,-0.857402,4.430250,61.712490,358.214400
1115.288,23,0.064841,1.434761,-0.565041,-0.019274,-0.493714,0.020060,-0.869179,3.055994,59.170960,359.091100
1115.400,23,0.023514,1.470646,-0.562872,-0.012713,-0.460752,0.016250,-0.887289,2.151061,54.865460,359.018300
1115.511,23,-0.047312,1.506096,-0.542853,-0.012125,-0.380396,0.020947,-0.924507,2.198114,44.697730,358.307900
1115.622,23,-0.134554,1.514556,-0.509855,-0.006744,-0.248764,0.017869,-0.968376,1.257871,28.794440,358.208600
1115.732,23,-0.228623,1.498568,-0.482545,-0.012383,-0.147599,0.015439,-0.988849,1.664528,16.956570,358.459200
1115.843,23,-0.302624,1.479268,-0.465844,-0.029090,-0.082409,0.027885,-0.995784,3.585073,9.370562,357.085800
1115.954,23,-0.339201,1.470231,-0.461166,-0.038888,-0.072130,0.020097,-0.996434,4.611454,8.200834,358.019900
1116.065,23,-0.357793,1.471301,-0.454728,-0.042576,-0.062182,0.016413,-0.997021,4.987564,7.068864,358.422000
1116.176,23,-0.355377,1.479171,-0.445087,-0.036337,-0.057838,0.016100,-0.997535,4.264343,6.576965,358.395800
1116.287,23,-0.340436,1.494445,-0.425198,-0.023877,-0.056737,0.014605,-0.997997,2.826710,6.470185,358.482900
1116.399,23,-0.326798,1.512691,-0.406806,-0.011594,-0.049710,0.015500,-0.998576,1.415173,5.678664,358.291700
1116.510,23,-0.310682,1.530893,-0.388427,0.001717,-0.040668,0.013747,-0.999077,359.867500,4.663790,358.418000
1116.621,23,-0.296398,1.536973,-0.376443,0.009642,-0.039206,0.013021,-0.999100,358.954600,4.508440,358.465400
1116.732,23,-0.284378,1.535280,-0.366596,0.008241,-0.039473,0.006746,-0.999164,359.086900,4.531170,359.190200
1116.844,23,-0.273220,1.533865,-0.361897,0.001799,-0.033251,0.008340,-0.999411,359.825800,3.812535,359.038000
1116.955,23,-0.263095,1.537225,-0.362681,0.003535,-0.028767,0.016939,-0.999436,359.651000,3.303352,358.048000
1117.066,23,-0.257162,1.550057,-0.369235,0.005300,-0.026956,0.018333,-0.999454,359.449600,3.100070,357.883400
1117.177,23,-0.256838,1.570234,-0.380833,0.009616,-0.025285,0.017570,-0.999480,358.949500,2.917038,357.959000
1117.288,23,-0.258147,1.591783,-0.395975,0.006733,-0.025095,0.020290,-0.999457,359.287200,2.891263,357.656000
1117.399,23,-0.261231,1.598063,-0.401403,0.005972,-0.022718,0.025497,-0.999399,359.382400,2.620260,357.063000
1117.510,23,-0.264301,1.596786,-0.404222,-0.005618,-0.028545,0.026523,-0.999225,0.730096,3.253398,356.979700
1117.621,23,-0.264752,1.594280,-0.407217,-0.013011,-0.045371,0.020785,-0.998669,1.597276,5.170271,357.687500
1117.732,23,-0.250181,1.584839,-0.414523,-0.048625,-0.129304,0.040219,-0.989595,6.121616,14.681880,356.134700
1117.843,23,-0.235389,1.578689,-0.426307,-0.073629,-0.223252,0.029550,-0.971527,8.989856,25.771270,358.576200
1117.954,23,-0.232667,1.575723,-0.433109,-0.083773,-0.243005,0.038183,-0.965646,10.389980,28.075430,358.075700
1118.065,23,-0.233185,1.573929,-0.438557,-0.086429,-0.246675,0.044050,-0.964231,10.859850,28.465200,357.530900
1118.176,23,-0.234831,1.573822,-0.442045,-0.088152,-0.242431,0.047292,-0.964998,11.131580,27.928160,357.164900
1118.287,23,-0.238484,1.574663,-0.447092,-0.084816,-0.232569,0.046321,-0.967767,10.702480,26.751210,357.071300
1118.398,23,-0.241069,1.575592,-0.452615,-0.082278,-0.226076,0.046942,-0.969493,10.414110,25.966560,356.863300
1118.509,23,-0.248173,1.578877,-0.465025,-0.074277,-0.220675,0.049631,-0.971248,9.566175,25.291740,356.300500
1118.620,23,-0.263517,1.584402,-0.484246,-0.069028,-0.212488,0.053344,-0.973262,9.034801,24.289730,355.673700
1118.731,23,-0.290120,1.593982,-0.513503,-0.061475,-0.191353,0.058916,-0.977821,8.208165,21.763290,354.684500
1118.843,23,-0.321948,1.612429,-0.559507,-0.042623,-0.175539,0.059348,-0.981757,5.999922,19.967380,354.138400
1118.953,23,-0.355114,1.634456,-0.621347,-0.027683,-0.155963,0.055865,-0.985793,4.129153,17.769820,354.158800
1119.065,23,-0.380652,1.652739,-0.680803,-0.013415,-0.125189,0.052095,-0.990674,2.270793,14.290490,354.264300
1119.176,23,-0.393973,1.661329,-0.719706,-0.004366,-0.113130,0.048300,-0.992396,1.122779,12.953560,354.554700
1119.288,23,-0.401274,1.664391,-0.749793,-0.006697,-0.116934,0.046610,-0.992023,1.385938,13.382180,354.782500
1119.398,23,-0.402360,1.665944,-0.760946,-0.012847,-0.131840,0.043966,-0.990212,2.122491,15.078850,355.196400
1119.509,23,-0.404044,1.668710,-0.763732,-0.019963,-0.137742,0.039640,-0.989473,2.890425,15.744380,355.811500
1119.620,23,-0.406763,1.672238,-0.758818,-0.021563,-0.133008,0.032906,-0.990334,2.949947,15.210910,356.587800
1119.731,23,-0.407145,1.675461,-0.743938,-0.016959,-0.124892,0.026528,-0.991671,2.307483,14.300340,357.224900
1119.843,23,-0.402421,1.678312,-0.715796,-0.009735,-0.120702,0.023899,-0.992353,1.437692,13.837380,357.415300
1119.954,23,-0.390923,1.676221,-0.677011,-0.007584,-0.112887,0.023731,-0.993296,1.170269,12.940960,357.395600
1120.065,23,-0.364298,1.668927,-0.609640,-0.008496,-0.094834,0.031156,-0.994969,1.307347,10.849650,356.537000
1120.176,23,-0.338003,1.664767,-0.546761,-0.005970,-0.073816,0.028231,-0.996854,0.920827,8.444379,356.823600
1120.287,23,-0.305648,1.655165,-0.466017,-0.011610,-0.049800,0.029000,-0.998271,1.493810,5.669420,356.745900
1120.399,23,-0.286480,1.640708,-0.411037,-0.019742,-0.037499,0.032118,-0.998585,2.397827,4.225887,356.404100
1120.510,23,-0.274157,1.624790,-0.358102,-0.035378,-0.026454,0.032276,-0.998502,4.149364,2.904817,356.402400
1120.622,23,-0.270686,1.617539,-0.333461,-0.041701,-0.017880,0.028546,-0.998562,4.835896,1.916709,356.805900
1120.732,23,-0.268493,1.612824,-0.321966,-0.057297,-0.014121,0.029060,-0.997834,6.613231,1.433480,356.746500
1120.844,23,-0.265580,1.612582,-0.315450,-0.055655,-0.013984,0.028052,-0.997958,6.422924,1.429340,356.860000
1120.955,23,-0.262840,1.611419,-0.311452,-0.057812,-0.016209,0.029463,-0.997761,6.679761,1.669690,356.714700
1121.066,23,-0.259882,1.611135,-0.307801,-0.058067,-0.012049,0.028685,-0.997828,6.694403,1.195046,356.776600
1121.177,23,-0.257624,1.610131,-0.304196,-0.059299,-0.012260,0.030582,-0.997696,6.838741,1.202541,356.560500
1121.288,23,-0.257121,1.606583,-0.298337,-0.064499,-0.010665,0.027734,-0.997475,7.427021,1.022709,356.881100
1121.399,23,-0.258040,1.603936,-0.294262,-0.067868,-0.008235,0.026549,-0.997307,7.805287,0.741562,357.000900
1121.510,23,-0.258429,1.602184,-0.290408,-0.070807,-0.007508,0.027025,-0.997096,8.140924,0.645041,356.940800
1121.622,23,-0.257832,1.602899,-0.288558,-0.070716,-0.008330,0.029192,-0.997034,8.134645,0.722444,356.697200
1121.732,23,-0.256348,1.606730,-0.288720,-0.067380,-0.011216,0.031886,-0.997155,7.763957,1.045018,356.407900
1121.844,23,-0.254354,1.610602,-0.288276,-0.063901,-0.011562,0.033788,-0.997317,7.367930,1.082998,356.189000
1121.955,23,-0.252531,1.605646,-0.283025,-0.077799,-0.013861,0.033836,-0.996298,8.972452,1.296822,356.211600
1122.066,23,-0.252623,1.586167,-0.268390,-0.093624,-0.019037,0.035556,-0.994790,10.814270,1.821304,356.078400
1122.177,23,-0.255000,1.565961,-0.255390,-0.085584,-0.021072,0.041450,-0.995245,9.909989,2.027391,355.406000
1122.288,23,-0.258185,1.538059,-0.242030,-0.083577,-0.019779,0.039621,-0.995517,9.669892,1.904344,355.602900
1122.400,23,-0.259204,1.524858,-0.237587,-0.082029,-0.023164,0.035377,-0.995733,9.497039,2.343268,356.125100
1122.510,23,-0.259532,1.517760,-0.237199,-0.082916,-0.024461,0.033672,-0.995687,9.599763,2.506903,356.336800
1122.622,23,-0.259355,1.513988,-0.238849,-0.086316,-0.023297,0.033942,-0.995417,9.986818,2.358115,356.300200
1122.733,23,-0.258091,1.511869,-0.242265,-0.090407,-0.025009,0.034433,-0.994995,10.464840,2.537833,356.268400
1122.844,23,-0.255828,1.510008,-0.245838,-0.093531,-0.031004,0.036053,-0.994480,10.851570,3.205730,356.152100
1122.955,23,-0.254644,1.510062,-0.247740,-0.096700,-0.033994,0.034600,-0.994131,11.222340,3.559516,356.363200
1123.066,23,-0.255800,1.504806,-0.244721,-0.094087,-0.030361,0.038261,-0.994365,10.919910,3.104651,355.889700
1123.177,23,-0.257891,1.493116,-0.239699,-0.101128,-0.025492,0.041957,-0.993661,11.719020,2.468595,355.417700
1123.288,23,-0.258417,1.482390,-0.234557,-0.105729,-0.027685,0.038393,-0.993268,12.248970,2.749580,355.868000
1123.399,23,-0.257906,1.477185,-0.232646,-0.108815,-0.029046,0.036377,-0.992972,12.604150,2.923078,356.126700
1123.510,23,-0.257136,1.475261,-0.232755,-0.105700,-0.030165,0.039905,-0.993139,12.260540,3.019794,355.722600
1123.621,23,-0.257655,1.482467,-0.242014,-0.105861,-0.030948,0.041403,-0.993036,12.287140,3.091671,355.557900
1123.732,23,-0.258931,1.513753,-0.275952,-0.096279,-0.040917,0.043989,-0.993540,11.239710,4.258624,355.349100
1123.843,23,-0.265202,1.566383,-0.338245,-0.054494,-0.065605,0.049430,-0.995130,6.600307,7.239636,354.730700
1123.954,23,-0.279760,1.606134,-0.409003,-0.019981,-0.087373,0.051733,-0.994631,2.796431,9.900938,354.287500
1124.065,23,-0.308956,1.636358,-0.498266,0.000170,-0.106674,0.050377,-0.993017,0.596529,12.232940,354.255500
1124.177,23,-0.330470,1.644966,-0.553262,-0.012238,-0.099970,0.051588,-0.993577,1.984788,11.391510,354.253500
1124.287,23,-0.351944,1.654006,-0.604525,-0.006367,-0.090555,0.059244,-0.994107,1.340139,10.331130,353.300100
1124.399,23,-0.364267,1.652937,-0.635627,-0.031604,-0.089166,0.061187,-0.993633,4.227535,10.008920,353.322800
1124.509,23,-0.374331,1.650293,-0.664534,-0.048805,-0.091497,0.061807,-0.992686,6.211881,10.175330,353.428100
1124.621,23,-0.377897,1.651908,-0.684964,-0.041748,-0.099075,0.062512,-0.992237,5.464803,11.085070,353.320800
1124.731,23,-0.379490,1.654074,-0.700827,-0.035397,-0.107613,0.062571,-0.991590,4.799278,12.105990,353.287900
1124.843,23,-0.380083,1.653819,-0.711248,-0.030157,-0.106562,0.063445,-0.991822,4.206007,12.011900,353.122500
1124.954,23,-0.379388,1.651733,-0.716406,-0.032288,-0.104336,0.063304,-0.992000,4.431663,11.743040,353.153200
1125.065,23,-0.377422,1.649839,-0.720350,-0.036272,-0.103402,0.065775,-0.991799,4.907760,11.599800,352.910300
1125.176,23,-0.374822,1.649163,-0.720975,-0.036314,-0.105870,0.065798,-0.991536,4.930360,11.884000,352.920300
1125.287,23,-0.370044,1.648451,-0.719305,-0.038923,-0.108342,0.066239,-0.991141,5.250481,12.151110,352.912300
1125.398,23,-0.367138,1.648414,-0.719656,-0.040181,-0.108814,0.067424,-0.990959,5.411502,12.191680,352.793600
1125.509,23,-0.363634,1.649898,-0.721776,-0.034625,-0.112293,0.067334,-0.990786,4.803207,12.628110,352.756000
1125.621,23,-0.362720,1.650301,-0.724693,-0.033802,-0.112694,0.067990,-0.990724,4.720812,12.676500,352.672900
1125.731,23,-0.363105,1.651415,-0.726258,-0.030697,-0.110059,0.067691,-0.991142,4.344341,12.393780,352.657900
1125.843,23,-0.364557,1.650240,-0.725548,-0.033213,-0.107550,0.066733,-0.991401,4.600614,12.092630,352.785900
1125.954,23,-0.364746,1.648441,-0.723606,-0.038081,-0.106711,0.066708,-0.991319,5.148563,11.965620,352.840400
1126.065,23,-0.363502,1.646613,-0.719741,-0.043075,-0.108673,0.067228,-0.990866,5.737747,12.158940,352.848800
1126.176,23,-0.361870,1.644498,-0.716057,-0.047807,-0.110724,0.068135,-0.990360,6.302635,12.362320,352.812000
1126.287,23,-0.357542,1.642494,-0.709376,-0.052832,-0.115064,0.068870,-0.989559,6.915699,12.830220,352.816100
1126.398,23,-0.353804,1.641516,-0.700790,-0.056349,-0.118325,0.069176,-0.988958,7.343884,13.185960,352.847500
1126.509,23,-0.347624,1.637733,-0.679148,-0.067933,-0.114721,0.070490,-0.988562,8.655012,12.693960,352.807300
1126.620,23,-0.341003,1.628445,-0.647906,-0.089208,-0.110743,0.070834,-0.987300,11.060110,12.118470,352.970400
1126.731,23,-0.329651,1.610044,-0.599345,-0.117371,-0.108961,0.070896,-0.984543,14.274270,11.783580,353.243200
1126.842,23,-0.312833,1.584255,-0.533337,-0.133728,-0.107451,0.070619,-0.982641,16.140260,11.547150,353.421500
1126.953,23,-0.294542,1.556283,-0.461006,-0.133572,-0.100929,0.069474,-0.983436,16.065920,10.793410,353.445900
1127.064,23,-0.277569,1.532233,-0.393042,-0.129693,-0.088681,0.069914,-0.985103,15.540630,9.353648,353.160000
1127.175,23,-0.264602,1.514202,-0.340556,-0.134191,-0.082699,0.066427,-0.985262,15.986650,8.683156,353.507400
1127.287,23,-0.254350,1.498025,-0.290521,-0.137668,-0.080958,0.064905,-0.985028,16.363100,8.487828,353.682800
1127.398,23,-0.252623,1.487569,-0.268905,-0.150730,-0.077483,0.059047,-0.983764,17.801190,8.130014,354.405600
1127.509,23,-0.251083,1.479890,-0.254311,-0.159294,-0.076059,0.053189,-0.982859,18.736630,8.046844,355.134400
1127.621,23,-0.247658,1.476415,-0.245782,-0.163027,-0.080188,0.051026,-0.982033,19.170370,8.576389,355.502200
1127.732,23,-0.244149,1.473958,-0.240573,-0.165532,-0.079865,0.052904,-0.981541,19.475420,8.494684,355.289900
1127.843,23,-0.240254,1.472615,-0.237615,-0.165381,-0.082216,0.055540,-0.981226,19.492620,8.723590,355.021900
1127.954,23,-0.238541,1.471633,-0.236946,-0.166466,-0.082260,0.055051,-0.981067,19.614270,8.736547,355.089600
1128.065,23,-0.235746,1.472423,-0.237219,-0.167016,-0.083041,0.056129,-0.980846,19.691490,8.806961,354.981000
1128.176,23,-0.231831,1.478725,-0.237014,-0.163086,-0.083730,0.056401,-0.981433,19.242160,8.893093,354.932400
1128.287,24,-0.221463,1.500779,-0.238581,-0.149975,-0.080723,0.060728,-0.983516,17.746720,8.487413,354.260800
1128.398,24,-0.207176,1.529669,-0.244531,-0.130520,-0.081825,0.063339,-0.986031,15.530970,8.645444,353.830300
1128.509,24,-0.186172,1.565608,-0.262129,-0.127349,-0.085805,0.070647,-0.985611,15.257480,9.013676,353.010100
1128.620,24,-0.167385,1.582380,-0.285614,-0.179895,-0.115495,0.084735,-0.973200,21.698370,12.071470,352.369600
1128.731,24,-0.143542,1.588881,-0.301073,-0.219483,-0.188605,0.093099,-0.952674,26.956240,20.935250,353.908100
1128.842,24,-0.121568,1.584861,-0.303392,-0.252173,-0.254955,0.109737,-0.927019,31.566970,29.329540,354.958700
1128.952,24,-0.106636,1.571559,-0.284424,-0.293781,-0.292259,0.124649,-0.901521,37.053400,34.646630,356.190300
1129.065,24,-0.097260,1.554395,-0.243287,-0.330638,-0.307236,0.128935,-0.882984,41.538440,37.658590,358.122200
1129.176,24,-0.092832,1.545042,-0.192284,-0.339594,-0.316571,0.123044,-0.877108,42.347540,39.666640,359.935300
1129.286,24,-0.094235,1.550896,-0.111545,-0.325276,-0.328665,0.112770,-0.879464,40.260620,41.408010,1.160767
1129.395,24,-0.097805,1.567666,-0.046057,-0.316677,-0.340336,0.106003,-0.879006,38.967100,43.092570,2.152198
1129.509,24,-0.098518,1.579221,0.021930,-0.294590,-0.334875,0.103933,-0.888973,36.396870,41.575560,0.890807
1129.621,24,-0.086066,1.586681,0.059260,-0.295054,-0.353307,0.128275,-0.878444,37.518470,43.405570,358.780900
1129.731,24,-0.060202,1.597872,0.090222,-0.253748,-0.401798,0.134924,-0.869463,33.344560,48.974310,357.893100
1129.840,24,-0.025608,1.592050,0.122672,-0.253406,-0.430101,0.147221,-0.853888,34.014310,52.761190,357.687900
1129.950,24,0.020618,1.581235,0.161812,-0.250324,-0.433398,0.154214,-0.851893,34.067680,52.958550,356.832800
1130.063,24,0.075174,1.573347,0.202800,-0.242982,-0.424491,0.163320,-0.856793,33.712490,51.173000,354.925600
1130.174,24,0.138905,1.586926,0.241904,-0.221803,-0.421285,0.160833,-0.864555,31.267540,50.242760,353.874100
1130.285,24,0.192173,1.598425,0.267362,-0.195398,-0.439499,0.152235,-0.863415,28.114330,52.468300,354.069600
1130.397,24,0.227677,1.606606,0.281668,-0.194391,-0.460176,0.153751,-0.852532,28.226190,55.354110,354.578500
1130.508,24,0.273823,1.621520,0.300409,-0.149181,-0.508826,0.138634,-0.836434,22.994400,61.610660,355.008100
1130.620,24,0.313259,1.624300,0.323885,-0.136159,-0.556427,0.130454,-0.809217,21.440850,68.330390,356.328400
1130.730,24,0.351167,1.624480,0.357955,-0.124451,-0.610137,0.124969,-0.772417,20.166690,76.163540,357.484900
1130.842,24,0.386670,1.625088,0.402712,-0.111438,-0.664486,0.121610,-0.728870,18.908850,84.414380,358.232600
1130.954,24,0.420138,1.630870,0.444511,-0.095599,-0.717624,0.126161,-0.678204,18.104020,92.909470,357.955000
1131.065,24,0.463204,1.635075,0.487391,-0.093690,-0.784304,0.134724,-0.598280,18.870810,105.182800,359.137600
1131.176,24,0.491733,1.627256,0.507627,-0.103376,-0.825582,0.150325,-0.533976,21.014990,114.327000,0.623022
1131.287,24,0.511372,1.619276,0.516658,-0.108687,-0.868411,0.171497,-0.452370,23.340410,125.401900,2.097833
1131.398,24,0.512979,1.616403,0.514643,-0.100681,-0.898040,0.177734,-0.389614,23.433110,133.641500,2.644693
1131.509,24,0.502551,1.612940,0.511228,-0.093517,-0.917193,0.189382,-0.337855,24.241930,140.145200,2.739409
1131.620,24,0.488379,1.609024,0.510551,-0.080863,-0.920210,0.202533,-0.325046,25.170520,141.333000,1.086189
1131.731,24,0.471650,1.585378,0.509783,-0.095919,-0.905514,0.242260,-0.334895,30.197640,139.612000,0.759007
1131.842,24,0.457843,1.537529,0.498492,-0.093325,-0.882276,0.306642,-0.344747,37.259980,136.178600,356.632400
1131.952,24,0.451301,1.479376,0.477538,-0.091233,-0.871758,0.362795,-0.316376,43.651290,137.866000,354.409000
1132.063,24,0.456291,1.401360,0.447174,-0.088583,-0.869776,0.403094,-0.270479,48.514430,142.952800,354.459100
1132.171,24,0.468791,1.304525,0.420866,-0.095506,-0.858943,0.447895,-0.229096,54.409070,148.046600,355.945100
1132.280,24,0.482728,1.230879,0.405804,-0.090309,-0.865600,0.446840,-0.207161,54.192380,151.638100,357.179100
1132.381,24,0.494473,1.167375,0.404749,-0.079577,-0.873812,0.436851,-0.198194,52.654790,152.846700,356.778200
1132.493,24,0.499407,1.132155,0.407327,-0.075984,-0.875824,0.438486,-0.186785,52.793270,154.477000,357.089200
1132.605,24,0.500746,1.117262,0.409937,-0.081264,-0.877193,0.437625,-0.180036,52.846850,156.095600,358.576100
1132.717,24,0.493090,1.112035,0.409129,-0.071911,-0.880694,0.435800,-0.171129,52.393940,156.968200,357.887600
1132.828,24,0.462492,1.111553,0.403376,-0.060837,-0.885132,0.432359,-0.160952,51.718200,157.975900,357.087400
1132.938,24,0.424125,1.114653,0.393591,-0.056904,-0.889551,0.427868,-0.149629,51.100690,159.733800,357.553400
1133.048,24,0.370099,1.122139,0.372205,-0.058554,-0.892321,0.425486,-0.138912,50.860140,161.711100,358.755100
1133.160,24,0.323016,1.131436,0.355146,-0.049450,-0.892858,0.423485,-0.144979,50.404480,160.093900,356.898000
1133.271,24,0.276370,1.150240,0.338834,-0.030798,-0.890464,0.422669,-0.165759,49.725270,155.393800,352.420100
1133.382,24,0.251985,1.162070,0.330774,-0.046409,-0.890111,0.414608,-0.183439,49.035820,153.933100,353.915200
1133.493,24,0.239828,1.163685,0.324957,-0.045711,-0.884518,0.412287,-0.213444,48.492080,149.144200,351.746500
1133.604,24,0.232956,1.162510,0.321018,-0.054807,-0.876410,0.417867,-0.233002,49.286900,146.226500,351.300200
1133.716,24,0.230724,1.166525,0.319708,-0.059955,-0.870844,0.419349,-0.249365,49.488620,143.759000,350.723100
1133.827,24,0.229918,1.175557,0.318229,-0.066414,-0.864826,0.420958,-0.265444,49.762030,141.376500,350.320600
1133.938,24,0.229476,1.180630,0.318277,-0.073060,-0.857352,0.431306,-0.271266,51.187360,140.091300,350.010900
1134.050,24,0.221710,1.179751,0.316692,-0.102912,-0.847701,0.466225,-0.231184,56.931870,147.148200,355.681100
1134.159,24,0.217439,1.181122,0.314692,-0.130789,-0.846853,0.475795,-0.198377,59.064590,155.701600,3.652027
1134.270,24,0.223559,1.184943,0.316783,-0.125179,-0.845355,0.477952,-0.203144,59.197410,154.085100,1.953456
1134.382,24,0.237422,1.189770,0.325206,-0.114833,-0.841578,0.474864,-0.230357,58.449050,147.821400,357.207400
1134.493,24,0.254224,1.190118,0.334929,-0.106805,-0.839864,0.474439,-0.241101,58.041200,144.994700,354.647800
1134.606,24,0.275898,1.186558,0.347738,-0.113833,-0.836662,0.474358,-0.249046,58.260980,144.062700,355.005900
1134.718,24,0.304419,1.187925,0.361270,-0.118095,-0.831725,0.465878,-0.277930,57.204450,139.427800,353.371900
1134.829,24,0.347780,1.198209,0.392730,-0.132677,-0.812816,0.455593,-0.337879,56.127880,129.771400,350.479200
1134.941,24,0.371516,1.212716,0.410858,-0.143591,-0.797534,0.441306,-0.385447,54.548570,122.701500,348.950600
1135.046,24,0.383806,1.225016,0.412648,-0.161383,-0.788049,0.424991,-0.415111,53.495580,119.632400,350.471000
1135.149,24,0.387529,1.231453,0.404801,-0.179950,-0.771959,0.412107,-0.449294,52.935790,115.198300,351.173000
1135.252,24,0.382435,1.237723,0.386736,-0.192464,-0.741717,0.398084,-0.504324,51.689250,106.336600,349.213600
1135.355,24,0.370434,1.250031,0.371621,-0.203776,-0.719622,0.378470,-0.545326,50.081630,100.665400,349.267900
1135.456,24,0.355425,1.266566,0.358714,-0.212972,-0.707815,0.351797,-0.574351,47.958150,97.958370,351.185200
1135.569,24,0.341091,1.277374,0.360931,-0.235773,-0.695729,0.320585,-0.597994,46.724220,96.639180,355.368900
1135.669,24,0.334549,1.274877,0.373197,-0.238317,-0.688058,0.310250,-0.611168,45.909660,94.983040,355.773700
1135.784,24,0.327053,1.263349,0.384894,-0.239227,-0.694722,0.302963,-0.606915,45.343320,96.513890,357.116800
1135.895,24,0.319198,1.256543,0.393833,-0.224887,-0.702277,0.283657,-0.613002,42.386150,96.806170,357.524800
1136.006,24,0.303113,1.256647,0.402529,-0.219663,-0.695525,0.271209,-0.628044,40.781880,94.849560,357.343200
1136.117,24,0.287277,1.262216,0.406658,-0.211602,-0.691272,0.258013,-0.640935,38.899770,93.334270,357.187300
1136.228,24,0.266889,1.270739,0.407471,-0.207260,-0.684264,0.248956,-0.653335,37.699750,91.618560,356.981800
1136.339,24,0.250172,1.278895,0.404191,-0.200886,-0.679324,0.242757,-0.662747,36.590630,90.262000,356.512700
1136.450,24,0.218489,1.311797,0.393276,-0.178801,-0.678487,0.234229,-0.672921,33.950790,88.938250,354.978500
1136.561,24,0.168983,1.390500,0.378825,-0.121370,-0.690006,0.197242,-0.685753,26.018160,88.831690,353.416800
1136.672,24,0.085802,1.505613,0.365207,-0.034723,-0.701657,0.120141,-0.701455,12.550960,89.240160,352.949000
1136.783,24,-0.025454,1.617548,0.353005,0.067053,-0.698251,0.033528,-0.711917,357.211500,89.087870,351.862700
1136.894,24,-0.121307,1.676723,0.343776,0.121128,-0.690603,-0.008724,-0.712965,349.352300,89.021100,350.933800
1137.005,24,-0.204895,1.710034,0.332866,0.172341,-0.694917,-0.061440,-0.695424,341.028900,91.528210,350.623600
1137.119,24,-0.256415,1.720037,0.322100,0.200587,-0.712797,-0.086205,-0.666524,337.027700,96.024400,349.293800
1137.231,24,-0.299852,1.714671,0.294441,0.208891,-0.818188,-0.072324,-0.530756,340.117700,116.945700,343.629300
1137.342,24,-0.335947,1.698994,0.272357,0.189637,-0.922317,-0.051513,-0.332740,347.219100,142.458000,341.122500
1137.452,24,-0.362369,1.685328,0.272078,0.167765,-0.964030,-0.031820,-0.203689,352.548100,157.337500,341.751200
1137.563,24,-0.378961,1.672944,0.280557,0.152468,-0.983254,0.000244,-0.099823,358.283200,168.669600,342.541700
1137.673,24,-0.381094,1.663795,0.295782,0.132053,-0.990148,0.029308,-0.036208,2.778520,175.438000,344.696200
1137.784,24,-0.373032,1.655174,0.304075,0.114329,-0.991131,0.061495,-0.028415,6.626810,175.936500,346.604400
1137.895,24,-0.366045,1.650199,0.304966,0.096448,-0.991402,0.084387,-0.026447,9.335826,176.006700,348.560800
1138.006,24,-0.356494,1.651333,0.302640,0.078907,-0.991137,0.095914,-0.047145,10.526330,173.658800,350.311600
1138.117,24,-0.352484,1.647727,0.305394,0.066413,-0.989557,0.109013,-0.066949,11.938220,171.359800,351.415700
1138.228,24,-0.347207,1.639632,0.310513,0.045784,-0.987865,0.120077,-0.087222,13.253070,169.144100,353.428000
1138.340,24,-0.338734,1.637858,0.312383,0.024890,-0.985173,0.122273,-0.117747,13.595050,165.821000,355.406900
1138.450,24,-0.334615,1.642634,0.307683,0.011858,-0.983069,0.122066,-0.136141,13.695980,163.830200,356.663100
1138.561,24,-0.337514,1.643975,0.298708,0.007414,-0.982438,0.120531,-0.142240,13.575020,163.180600,357.119000
1138.672,24,-0.342802,1.640789,0.288614,0.005786,-0.982582,0.122612,-0.139520,13.847430,163.509900,357.309000
1138.784,24,-0.347886,1.637148,0.278671,0.001459,-0.982017,0.129718,-0.137163,14.736240,163.802700,357.721400
1138.895,24,-0.349095,1.637659,0.270714,-0.003504,-0.980880,0.133482,-0.141580,15.239380,163.327700,358.163400
1139.006,24,-0.343445,1.640102,0.261718,-0.013082,-0.978134,0.136072,-0.156738,15.681820,161.652500,358.984400
1139.117,24,-0.331851,1.637974,0.259129,-0.030935,-0.971034,0.143168,-0.188781,16.841350,158.049900,0.360617
1139.228,24,-0.291768,1.624989,0.277398,-0.060259,-0.917000,0.189398,-0.345845,22.894510,138.414200,358.725600
1139.339,24,-0.252734,1.615727,0.304286,-0.091746,-0.838972,0.215882,-0.491023,26.893690,118.429100,356.267200
1139.448,24,-0.219539,1.608472,0.335819,-0.130241,-0.750097,0.231062,-0.605807,30.294150,100.625900,354.379000
1139.560,24,-0.201112,1.604056,0.355929,-0.155396,-0.696193,0.238133,-0.659136,32.440780,91.199350,353.362200
1139.671,24,-0.185977,1.600073,0.367567,-0.181000,-0.669644,0.239586,-0.679275,34.525440,87.382060,354.212600
1139.782,24,-0.168974,1.594400,0.373100,-0.197784,-0.654293,0.242793,-0.688356,36.157460,85.342190,354.638800
1139.892,24,-0.148279,1.584891,0.375130,-0.218485,-0.643566,0.255250,-0.687703,38.979740,84.376520,354.844500
1140.004,24,-0.119555,1.573845,0.374753,-0.245069,-0.641236,0.259881,-0.679132,41.771220,85.576950,357.026000
1140.116,24,-0.081467,1.556025,0.377323,-0.269283,-0.634531,0.260213,-0.676127,43.976610,86.038510,359.192800
1140.228,24,-0.005233,1.509029,0.384006,-0.296936,-0.612517,0.277604,-0.677929,47.960000,83.715440,358.918800
1140.341,24,0.088677,1.425462,0.382359,-0.291642,-0.606236,0.280582,-0.684615,47.690690,81.899850,357.396700
1140.452,24,0.172799,1.325917,0.371054,-0.289103,-0.605570,0.284947,-0.684478,47.806400,81.488280,356.591100
1140.561,24,0.222026,1.240222,0.357463,-0.284416,-0.603409,0.282571,-0.689317,47.148420,80.691310,356.094500
1140.672,24,0.246977,1.176501,0.348066,-0.290874,-0.595459,0.287394,-0.691539,48.121590,79.500860,355.611400
1140.784,24,0.260257,1.143579,0.342545,-0.297065,-0.589226,0.279540,-0.697440,48.055680,78.861030,356.582200
1140.895,24,0.266510,1.134677,0.338096,-0.300976,-0.583234,0.281418,-0.700040,48.560520,77.920110,356.280900
1141.006,24,0.271953,1.132762,0.326373,-0.299547,-0.582037,0.282500,-0.701212,48.498860,77.536320,355.890100
1141.117,24,0.276438,1.134943,0.314063,-0.298421,-0.581991,0.286991,-0.699906,48.745210,77.344890,355.269800
1141.227,24,0.281305,1.135879,0.299298,-0.297461,-0.586213,0.287873,-0.696419,48.748790,78.119650,355.458400
1141.339,24,0.284660,1.136192,0.291232,-0.301322,-0.588863,0.281439,-0.695153,48.623960,79.108930,356.842300
1141.450,24,0.288112,1.135304,0.281948,-0.299548,-0.592263,0.281926,-0.692830,48.505610,79.653740,356.899900
1141.562,24,0.291067,1.136063,0.276501,-0.298571,-0.593629,0.282129,-0.692000,48.433100,79.850330,356.890900
1141.673,24,0.292964,1.136335,0.275259,-0.297492,-0.590324,0.284084,-0.694487,48.470270,79.041840,356.250900
1141.784,24,0.294318,1.136635,0.277006,-0.299780,-0.591003,0.278385,-0.695233,48.235260,79.472690,357.182300
1141.895,24,0.294201,1.135344,0.280668,-0.300213,-0.589284,0.275931,-0.697480,48.072320,79.197660,357.333000
1142.006,24,0.292715,1.133302,0.285265,-0.302269,-0.585618,0.278715,-0.698572,48.482560,78.568870,356.940700
1142.118,24,0.292116,1.133742,0.287293,-0.303077,-0.586305,0.277498,-0.698130,48.466800,78.800640,357.227900
1142.228,24,0.291613,1.134068,0.288963,-0.304360,-0.587691,0.275114,-0.697350,48.404820,79.237490,357.758800
1142.340,24,0.289699,1.135000,0.291758,-0.304861,-0.587851,0.275404,-0.696882,48.477600,79.308660,357.802200
1142.451,24,0.283901,1.142941,0.298542,-0.304212,-0.587607,0.271069,-0.699067,48.064110,79.276730,358.158300
1142.562,24,0.271949,1.165317,0.310195,-0.296077,-0.589034,0.257827,-0.706330,46.219410,79.106800,358.722700
1142.673,24,0.251444,1.205068,0.325781,-0.275262,-0.593574,0.239886,-0.717186,42.813070,78.695240,358.648000
1142.784,24,0.219694,1.262561,0.342395,-0.242301,-0.603548,0.221768,-0.726525,38.299400,78.680260,357.826800
