timestamp,level,px,py,pz,rx,ry,rz,rw,ex,ey,ez
81.206,1,-0.088835,1.689375,0.511038,0.143952,-0.077367,0.004262,0.986547,16.540320,350.911400,359.171300
81.318,1,-0.088690,1.688259,0.510998,0.147738,-0.077454,0.004013,0.985981,16.975000,350.882900,359.103100
81.429,1,-0.088431,1.686801,0.510952,0.152399,-0.076928,0.004052,0.985312,17.514370,350.928300,359.070900
81.541,1,-0.088106,1.686331,0.511345,0.153966,-0.075744,0.003655,0.985162,17.693000,351.056000,359.030300
81.651,1,-0.087962,1.685742,0.512008,0.156039,-0.075578,0.003585,0.984849,17.932160,351.066300,359.004800
81.763,1,-0.088059,1.685326,0.512333,0.157634,-0.076123,0.003681,0.984552,18.117000,350.996600,358.990100
81.874,1,-0.088036,1.685184,0.512747,0.158288,-0.075720,0.003476,0.984479,18.191150,351.038200,358.967000
81.985,1,-0.088121,1.685145,0.513046,0.158848,-0.076420,0.003192,0.984336,18.252660,350.947000,358.914300
82.096,1,-0.088270,1.685197,0.513535,0.159176,-0.076019,0.003050,0.984314,18.289720,350.990800,358.901800
82.208,1,-0.088132,1.685381,0.514002,0.159201,-0.075843,0.002815,0.984325,18.290680,351.007200,358.877100
82.319,1,-0.087944,1.685333,0.514054,0.159528,-0.075692,0.002970,0.984283,18.330040,351.026900,358.895200
82.429,1,-0.087546,1.685662,0.514526,0.159368,-0.075505,0.002569,0.984324,18.308160,351.042300,358.852700
82.541,1,-0.087030,1.685722,0.514694,0.159770,-0.074758,0.002058,0.984317,18.350950,351.120100,358.802400
82.651,1,-0.086096,1.685740,0.515501,0.160066,-0.073827,0.001175,0.984341,18.378440,351.213200,358.712600
82.763,1,-0.084254,1.685797,0.516474,0.159801,-0.068714,-0.001834,0.984753,18.329230,351.767900,358.456200
82.874,1,-0.081045,1.685192,0.517655,0.161613,-0.057013,-0.004407,0.985196,18.538310,353.108600,358.361300
82.985,1,-0.077363,1.684348,0.518833,0.163769,-0.044421,-0.007386,0.985470,18.791400,354.546500,358.238100
83.096,1,-0.075526,1.683863,0.519537,0.164647,-0.042942,-0.009275,0.985374,18.885710,354.682800,358.036500
83.207,1,-0.074742,1.683318,0.520052,0.165630,-0.044001,-0.009731,0.985158,18.995140,354.543000,357.954500
83.318,1,-0.074080,1.682720,0.520419,0.166847,-0.044313,-0.010378,0.984932,19.132030,354.487700,357.862900
83.429,1,-0.074107,1.681986,0.521333,0.169164,-0.043410,-0.010351,0.984577,19.403000,354.586500,357.869100
83.541,1,-0.074202,1.681394,0.521904,0.170093,-0.042548,-0.010711,0.984451,19.510800,354.678600,357.837700
83.652,1,-0.068667,1.682649,0.522994,0.166492,-0.019826,-0.017248,0.985693,19.119280,357.280500,357.537000
83.763,1,-0.048768,1.683933,0.522996,0.158036,0.065676,-0.029507,0.984805,18.369540,7.265959,357.744000
83.874,1,-0.020877,1.684838,0.517685,0.148223,0.179274,-0.038043,0.971825,17.561760,20.710730,358.750000
83.986,1,0.021187,1.683743,0.501034,0.136873,0.336332,-0.058580,0.929901,17.095270,39.616610,358.988200
84.096,1,0.052013,1.681571,0.483475,0.131123,0.433361,-0.076769,0.888319,17.427360,51.800950,358.634000
84.207,1,0.086537,1.678838,0.459695,0.124760,0.520944,-0.094082,0.839167,17.903350,63.398100,358.318900
84.318,1,0.110654,1.677205,0.442648,0.119870,0.570539,-0.104361,0.805746,18.195120,70.300390,358.106100
84.429,1,0.139370,1.676172,0.423995,0.108560,0.617067,-0.116977,0.770558,18.159840,76.929430,357.207200
84.540,1,0.161962,1.676152,0.410979,0.105604,0.650845,-0.124010,0.741532,18.544470,82.088520,357.191700
84.651,1,0.179078,1.675697,0.401247,0.098831,0.684099,-0.128114,0.711216,18.413130,87.312900,357.159900
84.763,1,0.188236,1.676047,0.395984,0.091611,0.724134,-0.134573,0.670170,18.523160,93.962580,357.116700
84.874,1,0.190339,1.676188,0.396836,0.081657,0.760270,-0.135986,0.629944,18.038210,100.259800,357.156900
84.984,1,0.183879,1.676573,0.404207,0.070119,0.814110,-0.140954,0.558964,17.932280,110.640700,357.385100
85.095,1,0.170960,1.676942,0.413755,0.061423,0.860315,-0.141585,0.485839,17.655840,120.793300,358.082200
85.206,1,0.148888,1.679427,0.428947,0.048392,0.909634,-0.144684,0.386383,17.494470,133.751800,358.571900
85.317,1,0.132428,1.679760,0.442130,0.043998,0.934970,-0.144414,0.321000,17.354980,142.006900,359.373300
85.428,1,0.110515,1.677539,0.455842,0.037408,0.958829,-0.142013,0.243062,16.888970,151.574500,0.161696
85.539,1,0.095359,1.675287,0.460802,0.027133,0.970800,-0.147504,0.187226,17.250720,158.145000,359.846900
85.649,1,0.078211,1.671272,0.460873,0.025343,0.979372,-0.159049,0.122032,18.525230,165.901500,0.653974
85.761,1,0.064942,1.667933,0.458608,0.020757,0.981398,-0.170473,0.085828,19.765230,170.125600,0.698891
85.871,1,0.052773,1.663408,0.455455,0.015918,0.980559,-0.185099,0.063166,21.408300,172.719500,0.482127
85.982,1,0.041710,1.659841,0.451733,0.010025,0.979140,-0.197437,0.046933,22.803840,174.525200,0.068251
86.093,1,0.033410,1.658355,0.444947,0.007568,0.978429,-0.202776,0.038750,23.415160,175.452300,359.943400
86.205,1,0.027554,1.655740,0.433273,0.006241,0.977244,-0.209353,0.033556,24.179550,176.041900,359.883700
86.316,1,0.023441,1.654050,0.418878,0.005719,0.975882,-0.215861,0.032045,24.940410,176.201100,359.831200
86.427,1,0.019033,1.650987,0.397164,0.007758,0.974262,-0.222113,0.037686,25.682020,175.546000,359.896700
86.538,1,0.015167,1.650899,0.376654,0.008121,0.972789,-0.227018,0.045581,26.258540,174.561600,359.687200
86.648,1,0.009927,1.651887,0.345382,0.005322,0.971965,-0.227561,0.058927,26.294790,172.815300,358.947100
86.760,1,0.003998,1.651805,0.312917,0.006330,0.969996,-0.232587,0.070510,26.879080,171.369800,358.681900
86.871,1,-0.003227,1.651048,0.277954,0.007869,0.968883,-0.234637,0.078413,27.123270,170.411500,358.612700
86.982,1,-0.010536,1.648907,0.244312,0.009302,0.966763,-0.240238,0.086994,27.783080,169.334700,358.457600
87.093,1,-0.017828,1.646629,0.213867,0.010393,0.964579,-0.246970,0.092116,28.578260,168.666800,358.339300
87.204,1,-0.024606,1.644894,0.187932,0.011594,0.963897,-0.248170,0.095809,28.727430,168.225500,358.353100
87.315,1,-0.029884,1.642113,0.170969,0.011238,0.962479,-0.252415,0.098971,29.216660,167.773000,358.139900
87.426,1,-0.034121,1.642999,0.155276,0.009099,0.962798,-0.251832,0.097558,29.124030,167.889300,357.925900
87.532,1,-0.035508,1.641514,0.148970,0.008363,0.962081,-0.254547,0.097656,29.434140,167.826900,357.787400
87.633,1,-0.035982,1.641531,0.147127,0.006833,0.961422,-0.257912,0.095404,29.816830,168.031400,357.617200
87.744,1,-0.034397,1.642467,0.150609,0.007828,0.962915,-0.253595,0.091781,29.328580,168.569000,357.931000
87.851,1,-0.029665,1.641199,0.162187,0.007313,0.962222,-0.258474,0.085241,29.911760,169.345300,358.017100
87.960,1,-0.021307,1.642571,0.179746,0.007615,0.964781,-0.252563,0.073155,29.238730,170.946300,358.538300
88.068,1,-0.002320,1.643189,0.209454,0.005848,0.965447,-0.254469,0.055887,29.472590,173.077100,358.871200
88.179,1,0.016145,1.644997,0.233264,0.005249,0.965898,-0.255381,0.042364,29.589850,174.777200,359.242400
88.289,1,0.038840,1.638847,0.258601,0.004671,0.964818,-0.261674,0.025113,30.342630,176.943700,359.725900
88.401,1,0.054226,1.626368,0.270920,0.003354,0.965235,-0.260612,0.019808,30.214290,177.579800,359.744800
88.512,1,0.062375,1.620183,0.282118,0.002259,0.961196,-0.275603,0.011866,31.996740,178.542800,359.851600
88.623,1,0.068574,1.625823,0.289228,-0.003795,0.963102,-0.269101,0.002070,31.220140,179.596000,359.435500
88.734,1,0.073509,1.620335,0.292125,0.002265,0.963852,-0.266395,-0.004152,30.898080,180.615000,0.439287
88.846,1,0.077890,1.617703,0.296832,0.004041,0.961157,-0.275973,0.000909,32.040180,180.032600,0.491090
88.946,1,0.078804,1.619908,0.298913,0.005719,0.962314,-0.271879,0.000901,31.552290,180.092500,0.707163
89.046,1,0.079169,1.621336,0.301792,0.004652,0.961358,-0.275262,-0.000051,31.954780,180.179600,0.605939
89.158,1,0.079128,1.625509,0.304042,0.006351,0.962262,-0.272025,0.003898,31.571820,179.727800,0.679351
89.270,1,0.077961,1.628552,0.303773,0.005340,0.963477,-0.267698,0.004684,31.057100,179.587600,0.520491
89.381,1,0.077012,1.627516,0.301220,0.007165,0.962475,-0.271275,0.000637,31.479890,180.178800,0.903461
89.492,1,0.077550,1.627147,0.298940,0.006561,0.962107,-0.272571,0.003442,31.636600,179.795000,0.723333
89.603,1,0.077776,1.627519,0.297718,0.004655,0.962190,-0.272299,0.004625,31.604350,179.571900,0.433241
89.715,1,0.077426,1.626197,0.295960,0.003480,0.961351,-0.275303,0.001131,31.960470,179.982600,0.409796
89.826,1,0.077607,1.625410,0.295666,0.001559,0.960737,-0.277447,-0.002260,32.215100,180.352600,0.287767
89.937,1,0.078070,1.626168,0.296579,-0.000237,0.961123,-0.276093,-0.003928,32.054100,180.501600,0.115823
90.048,1,0.079011,1.625155,0.297028,0.002146,0.960928,-0.276758,-0.004251,32.131980,180.633200,0.438314
90.159,1,0.079081,1.624314,0.296889,0.001971,0.960628,-0.277800,-0.004055,32.256410,180.602000,0.409204
90.270,1,0.077909,1.624203,0.297368,0.000311,0.960560,-0.277939,-0.008667,32.272630,181.140100,0.367018
90.382,1,0.076775,1.624407,0.297567,-0.000108,0.960446,-0.278157,-0.013101,32.297260,181.701900,0.479954
90.492,1,0.076883,1.623862,0.297613,-0.000149,0.959995,-0.279765,-0.011851,32.489850,181.540200,0.431061
90.604,1,0.077060,1.624453,0.297690,-0.000271,0.960318,-0.278726,-0.010081,32.366720,181.303200,0.345885
90.715,1,0.077282,1.625192,0.297949,-0.000705,0.960510,-0.278113,-0.008613,32.294590,181.095000,0.232968
90.827,1,0.077675,1.627200,0.299302,-0.000138,0.961836,-0.273489,-0.008687,31.742680,181.120800,0.302257
90.937,1,0.078607,1.627902,0.299972,0.000100,0.962222,-0.272145,-0.008123,31.582530,181.055000,0.310239
91.048,1,0.080270,1.627267,0.300998,0.001107,0.961690,-0.274111,-0.003891,31.817200,180.545600,0.287360
91.160,1,0.080731,1.627517,0.301672,0.001279,0.961742,-0.273935,-0.003303,31.796260,180.475500,0.287800
91.271,1,0.080700,1.627063,0.302605,0.001573,0.961646,-0.274255,-0.004386,31.833860,180.627000,0.366209
91.382,1,0.080477,1.627498,0.303300,0.000980,0.961870,-0.273485,-0.003437,31.742790,180.481600,0.253663
91.493,1,0.079932,1.629747,0.305104,0.000132,0.962437,-0.271474,-0.004179,31.503590,180.545400,0.169589
91.604,1,0.079183,1.638947,0.309245,-0.004623,0.967404,-0.253163,-0.004168,29.331370,180.376100,359.550900
91.716,1,0.078318,1.644221,0.312243,-0.003663,0.970874,-0.239450,-0.007402,27.710610,180.816700,359.769100
91.827,1,0.079839,1.642834,0.311016,-0.003685,0.970415,-0.241408,-0.001904,27.939950,180.124300,359.595800
91.938,1,0.080900,1.638154,0.307481,0.000072,0.968457,-0.249178,0.001173,28.857690,179.853700,359.970900
92.049,1,0.080926,1.630973,0.299468,-0.003719,0.966974,-0.254785,-0.005750,29.523650,180.607500,359.719300
92.160,1,0.081072,1.622341,0.296121,-0.002994,0.962694,-0.270507,-0.006093,31.390440,180.678800,359.834400
92.271,1,0.079927,1.623658,0.295202,-0.005938,0.962788,-0.270124,-0.006172,31.346770,180.582100,359.456600
92.383,1,0.078732,1.621275,0.294945,-0.005321,0.961990,-0.272916,-0.008067,31.679660,180.849500,359.607100
92.493,1,0.078237,1.619232,0.295679,-0.006970,0.960056,-0.279665,-0.005693,32.484200,180.477700,359.307200
92.604,1,0.078098,1.621531,0.295224,-0.005059,0.961012,-0.276446,-0.002906,32.097700,180.188600,359.451000
92.715,1,0.078045,1.622484,0.294764,-0.003545,0.961653,-0.274245,-0.000251,31.833930,179.901400,359.549400
92.827,1,0.078550,1.622049,0.290185,-0.001937,0.962046,-0.272880,-0.000313,31.671490,179.969400,359.760600
92.938,1,0.079758,1.619787,0.286040,-0.000411,0.960685,-0.277633,0.002004,32.237740,179.723700,359.871100
93.049,1,0.080806,1.618681,0.279992,-0.000069,0.960379,-0.278679,0.003303,32.362470,179.567000,359.866100
93.160,1,0.080941,1.615876,0.269803,0.000645,0.960546,-0.278101,0.003364,32.293870,179.586200,359.957100
93.271,1,0.079111,1.607177,0.248106,0.001700,0.958288,-0.285722,0.006591,33.204630,179.201500,359.965200
93.383,1,0.074820,1.592363,0.208724,-0.000287,0.957447,-0.288327,0.012791,33.511730,178.305300,359.455300
93.494,1,0.068786,1.569941,0.159693,-0.001682,0.956869,-0.290134,0.014906,33.723810,177.967300,359.182400
93.605,1,0.059999,1.526337,0.080773,-0.000960,0.955982,-0.292877,0.017931,34.051290,177.589700,359.146800
93.717,1,0.053128,1.483912,0.016418,0.000727,0.953281,-0.301297,0.021783,35.062750,177.122300,359.178200
93.827,1,0.045912,1.429129,-0.060955,0.002958,0.951329,-0.306321,0.033645,35.663480,175.609100,358.943300
93.939,1,0.043068,1.397382,-0.109603,0.006348,0.950503,-0.308410,0.037252,35.927510,175.261000,359.228000
94.050,1,0.041830,1.367516,-0.157931,0.008382,0.949385,-0.310467,0.046986,36.177870,174.025900,359.058700
94.161,1,0.040104,1.343186,-0.193007,0.008186,0.947308,-0.315869,0.052609,36.820610,173.220300,358.731200
94.272,1,0.036985,1.321725,-0.224680,0.007735,0.946510,-0.318817,0.049151,37.177510,173.650800,358.799100
94.384,1,0.036368,1.300472,-0.252336,0.008537,0.945609,-0.321135,0.051218,37.460260,173.389300,358.790800
94.495,1,0.037595,1.279613,-0.274803,0.006136,0.944835,-0.322599,0.056382,37.611050,172.559400,358.207300
94.606,1,0.038485,1.252948,-0.300597,0.006363,0.944580,-0.323503,0.055442,37.723750,172.691400,358.272000
94.717,1,0.039631,1.234510,-0.316867,0.006921,0.944364,-0.324350,0.054097,37.832720,172.895400,358.402300
94.828,1,0.042629,1.213773,-0.333029,0.007595,0.943045,-0.327746,0.056483,38.244350,172.570500,358.343800
94.940,1,0.045717,1.198423,-0.344593,0.007814,0.941751,-0.330870,0.059751,38.618140,172.101400,358.179500
95.051,1,0.047777,1.186193,-0.354164,0.010217,0.939989,-0.335600,0.060742,39.209840,172.037400,358.405400
95.163,1,0.050030,1.177094,-0.361665,0.010699,0.939230,-0.337427,0.062256,39.432970,171.832700,358.374000
95.273,1,0.051894,1.170282,-0.367688,0.009771,0.938984,-0.337586,0.065184,39.438530,171.375200,358.095900
95.385,1,0.053345,1.169094,-0.370801,0.006190,0.938707,-0.338101,0.066927,39.463310,170.948100,357.503100
95.496,1,0.053556,1.173199,-0.365780,0.003799,0.939410,-0.336351,0.066044,39.230790,170.973400,357.240700
95.607,1,0.053581,1.181800,-0.346997,0.004504,0.942480,-0.328549,0.061378,38.305510,171.740100,357.674500
95.718,1,0.053793,1.187508,-0.321485,0.001309,0.944143,-0.324266,0.058677,37.767650,172.004800,357.420100
95.829,1,0.053867,1.196388,-0.276566,-0.002099,0.946337,-0.318730,0.053410,37.087120,172.623000,357.268300
95.940,1,0.054402,1.211113,-0.230988,-0.004630,0.948452,-0.313917,0.043290,36.517560,173.927100,357.435400
96.051,1,0.055647,1.234033,-0.181489,-0.008544,0.950750,-0.308096,0.032833,35.823020,175.210700,357.421500
96.162,1,0.056518,1.259630,-0.131039,-0.010344,0.952773,-0.303086,0.015975,35.254780,177.423300,357.937200
96.273,1,0.056317,1.283614,-0.085760,-0.011889,0.955509,-0.294678,-0.005076,34.281240,180.186700,358.631800
96.385,1,0.056081,1.303537,-0.047342,-0.016094,0.957644,-0.286987,-0.017234,33.381990,181.631200,358.563500
96.496,1,0.054869,1.317551,-0.018175,-0.020841,0.958369,-0.283160,-0.030255,32.956640,183.155500,358.442100
96.606,1,0.054253,1.333525,0.015222,-0.024604,0.958433,-0.280771,-0.044358,32.709780,184.854900,358.484500
96.717,1,0.055047,1.346360,0.038263,-0.027069,0.959613,-0.275685,-0.049066,32.124310,185.369000,358.315300
96.828,1,0.057167,1.363507,0.061217,-0.029688,0.961959,-0.266878,-0.050300,31.093560,185.422800,357.974300
96.940,1,0.060741,1.377135,0.072291,-0.032003,0.963082,-0.262512,-0.050368,30.588240,185.346600,357.656600
97.050,1,0.066800,1.388277,0.077110,-0.031962,0.964772,-0.257736,-0.042028,29.999890,184.279200,357.352200
97.162,1,0.070619,1.390996,0.073010,-0.029507,0.967006,-0.250604,-0.035027,29.126400,183.475400,357.407600
97.272,1,0.072475,1.386251,0.059859,-0.024183,0.967962,-0.248427,-0.027378,28.833040,182.681600,357.827200
97.384,1,0.070231,1.368411,0.032721,-0.021571,0.968222,-0.248844,-0.012543,28.843120,180.886500,357.675400
97.495,1,0.065006,1.344250,-0.002513,-0.021917,0.966582,-0.255361,-0.005503,29.596980,179.963500,357.392500
97.607,1,0.049454,1.306702,-0.068852,-0.024061,0.964792,-0.261910,0.001127,30.352740,179.018700,356.876600
97.718,1,0.028677,1.270764,-0.131191,-0.016344,0.962434,-0.271025,-0.000328,31.446240,179.447400,357.898600
97.829,1,-0.004885,1.225259,-0.210113,-0.013625,0.956893,-0.289266,-0.022276,33.655640,182.392600,359.092200
97.940,1,-0.034760,1.190753,-0.264896,-0.006773,0.952386,-0.299930,-0.054385,34.892210,186.969500,1.377761
98.051,1,-0.063231,1.149018,-0.323552,-0.010567,0.946313,-0.315798,-0.068200,36.807510,188.793900,1.651574
98.162,1,-0.076518,1.120711,-0.364139,-0.018729,0.943603,-0.323889,-0.066021,37.858870,188.189200,0.538519
98.274,1,-0.073076,1.102028,-0.393355,-0.023993,0.942222,-0.332541,-0.032531,38.918580,183.341200,358.263400
98.385,1,-0.053348,1.089138,-0.424223,-0.028501,0.942406,-0.332161,0.026971,38.647240,174.874800,354.737200
98.499,1,-0.033606,1.087993,-0.445620,-0.021955,0.942507,-0.327071,0.064985,37.856120,170.018100,353.900500
98.608,1,-0.012465,1.095606,-0.470734,-0.017320,0.941307,-0.323164,0.095953,37.233750,166.057400,353.174300
98.719,1,-0.002383,1.108548,-0.485554,-0.011692,0.939456,-0.323878,0.111308,37.296120,164.192000,353.209000
98.830,1,0.007362,1.139287,-0.496048,0.003035,0.937941,-0.323267,0.125520,37.385310,162.910300,354.550500
98.941,1,0.017451,1.178707,-0.489475,0.016661,0.935050,-0.326087,0.138097,37.909620,161.726300,355.718300
99.052,1,0.026972,1.221204,-0.473190,0.028066,0.935232,-0.321891,0.144703,37.604590,161.407600,357.058100
99.163,1,0.033826,1.255427,-0.444149,0.039268,0.936065,-0.318827,0.143492,37.456150,162.129500,358.701900
99.274,1,0.038337,1.275701,-0.405127,0.040071,0.935580,-0.319068,0.145878,37.496900,161.831300,358.691900
99.385,1,0.039564,1.289324,-0.357943,0.042604,0.934412,-0.322682,0.144689,37.978450,162.051700,358.999800
99.495,1,0.037094,1.305980,-0.317015,0.042789,0.935432,-0.318343,0.147630,37.460200,161.721900,358.993700
99.606,1,0.028575,1.330052,-0.269178,0.038144,0.939918,-0.308390,0.141405,36.193260,162.528900,358.898700
99.717,1,0.023707,1.346563,-0.242286,0.039217,0.945505,-0.295998,0.129872,34.744790,164.298500,359.810100
99.828,1,0.018429,1.365480,-0.217908,0.041986,0.950433,-0.284818,0.117444,33.453640,166.178000,0.886564
99.940,1,0.013976,1.377750,-0.208283,0.040937,0.953246,-0.273818,0.121116,32.137210,165.746500,0.792940
100.051,1,0.007777,1.387076,-0.208347,0.043017,0.951895,-0.272558,0.133260,32.029690,164.240900,0.625417
100.162,1,-0.000373,1.393201,-0.223991,0.043298,0.949997,-0.268463,0.153488,31.558600,161.641700,359.990200
100.275,1,-0.013341,1.396349,-0.257130,0.050297,0.942609,-0.278329,0.177456,32.858240,158.596800,359.729800
100.385,1,-0.028593,1.403036,-0.299345,0.068412,0.930589,-0.293689,0.207533,35.099860,154.976300,0.380017
100.496,1,-0.043235,1.410460,-0.340301,0.079812,0.920386,-0.302049,0.235129,36.408340,151.452700,0.347016
100.607,1,-0.060918,1.414858,-0.390189,0.100052,0.901570,-0.314472,0.279764,38.536910,145.635000,0.326073
100.718,1,-0.073211,1.417542,-0.423891,0.113176,0.883415,-0.325558,0.317460,40.320550,140.281700,359.493400
100.828,1,-0.086037,1.429448,-0.460073,0.122295,0.868393,-0.336992,0.342599,41.996090,136.391800,358.573200
100.939,1,-0.093779,1.439870,-0.474691,0.135082,0.860741,-0.346240,0.347846,43.631760,135.726300,359.340200
101.050,1,-0.098663,1.450571,-0.481639,0.147884,0.851408,-0.357882,0.353772,45.564760,134.824800,359.885600
101.162,1,-0.100541,1.455761,-0.479323,0.148947,0.850613,-0.363681,0.349297,46.282540,135.326000,359.944200
101.273,1,-0.099804,1.461004,-0.472600,0.156141,0.855948,-0.357642,0.339213,45.904100,137.623400,2.031200
101.382,1,-0.100964,1.463490,-0.465997,0.178532,0.857611,-0.344560,0.337504,45.357680,139.552500,6.015655
101.495,1,-0.101677,1.464333,-0.464110,0.178799,0.852959,-0.348516,0.345006,45.882450,138.207900,5.319358
101.608,1,-0.101918,1.465298,-0.468931,0.176879,0.846700,-0.348820,0.360747,45.915040,135.517200,3.944124
101.720,1,-0.102257,1.458910,-0.483420,0.182673,0.839754,-0.345391,0.377028,45.875720,133.258400,3.817728
101.829,1,-0.103077,1.450404,-0.505235,0.187305,0.832900,-0.341874,0.392832,45.778740,131.005900,3.568858
101.942,1,-0.103334,1.443660,-0.542190,0.198033,0.818002,-0.339876,0.419690,46.241670,127.048100,3.207568
102.049,1,-0.102933,1.438430,-0.585817,0.209386,0.796778,-0.335663,0.456763,46.566890,121.321700,2.253341
102.162,1,-0.103418,1.434178,-0.625048,0.224864,0.772409,-0.335221,0.490354,47.593660,115.879900,1.582120
102.284,1,-0.103761,1.429490,-0.663404,0.234970,0.752415,-0.331938,0.518148,47.988400,111.259800,0.822238
102.397,1,-0.102145,1.422640,-0.692758,0.236304,0.741548,-0.328845,0.534909,47.774990,108.340500,359.885600
102.498,1,-0.100907,1.416420,-0.708519,0.239628,0.726809,-0.327162,0.554340,47.837060,104.789300,358.771500
102.613,1,-0.100108,1.413555,-0.710695,0.239174,0.711662,-0.326894,0.573998,47.718360,100.910000,357.030700
102.724,1,-0.097672,1.414084,-0.702020,0.243671,0.697993,-0.322106,0.591336,47.547540,97.931520,356.535900
102.842,1,-0.094965,1.417912,-0.685619,0.249850,0.680845,-0.313413,0.613023,47.146830,94.380660,356.287200
102.968,1,-0.092945,1.421346,-0.654489,0.252330,0.645949,-0.304179,0.653111,46.266900,86.835800,354.076700
103.068,1,-0.091762,1.424294,-0.625555,0.251770,0.616400,-0.297020,0.684428,45.300380,80.728560,352.139600
103.184,1,-0.091288,1.428823,-0.587554,0.262226,0.586136,-0.279065,0.714007,44.555600,75.752980,352.654100
103.303,1,-0.091620,1.432557,-0.540683,0.273107,0.554156,-0.262057,0.741384,44.058650,70.773470,353.136300
103.418,1,-0.089819,1.433026,-0.509995,0.282031,0.549625,-0.256807,0.743250,44.550230,70.597270,354.223800
103.519,1,-0.086857,1.433581,-0.483095,0.291968,0.560873,-0.258709,0.730237,45.775880,73.306200,355.862400
103.632,1,-0.083778,1.434451,-0.476044,0.298342,0.596162,-0.265700,0.696410,47.082600,80.604200,358.792300
103.748,1,-0.081988,1.436303,-0.477633,0.306685,0.632353,-0.264872,0.660240,47.727680,88.965100,3.247659
103.854,1,-0.081819,1.437099,-0.487602,0.305859,0.659481,-0.272881,0.630136,48.192170,94.898980,5.121743
103.955,1,-0.083145,1.435430,-0.495676,0.308384,0.667087,-0.278758,0.618214,48.868800,97.004140,5.826332
104.068,1,-0.086670,1.433626,-0.505890,0.303875,0.667836,-0.285456,0.616579,49.112980,96.728320,4.720209
104.182,1,-0.090522,1.432735,-0.513444,0.300960,0.669261,-0.288343,0.615119,49.130780,96.755840,4.216612
104.296,1,-0.094408,1.433267,-0.518405,0.297900,0.668644,-0.287847,0.617507,48.837430,96.250210,3.735621
104.407,1,-0.099137,1.436376,-0.521872,0.289458,0.665854,-0.284388,0.626080,47.831170,94.638950,2.507823
104.517,1,-0.104237,1.443794,-0.523556,0.282159,0.664810,-0.276809,0.633870,46.531620,93.597820,2.019362
104.626,1,-0.117502,1.458374,-0.525187,0.270987,0.667370,-0.260434,0.642929,44.111920,93.004590,2.140538
104.734,1,-0.135201,1.470429,-0.525605,0.261015,0.669352,-0.252902,0.647981,42.596170,92.516460,1.686856
104.843,1,-0.164042,1.486737,-0.527376,0.253871,0.664473,-0.245604,0.658562,41.358940,90.912120,1.060260
104.953,1,-0.180454,1.498458,-0.530272,0.245842,0.664812,-0.242547,0.662387,40.404690,90.363270,0.418198
105.064,1,-0.185297,1.502845,-0.532470,0.243593,0.663227,-0.241727,0.665102,40.140760,89.881160,0.117618
105.175,1,-0.184069,1.499795,-0.534058,0.246836,0.660641,-0.243943,0.665671,40.612500,89.603700,0.103308
105.288,1,-0.185199,1.499624,-0.534802,0.248433,0.659758,-0.245708,0.665304,40.903110,89.545020,0.066052
105.401,1,-0.191696,1.500237,-0.533650,0.246564,0.654715,-0.240361,0.672890,40.282520,88.414370,359.953900
105.513,1,-0.198543,1.501478,-0.535312,0.252906,0.648256,-0.241714,0.676297,40.954780,87.601460,0.072426
105.625,1,-0.206431,1.506983,-0.535940,0.253784,0.650443,-0.244454,0.672875,41.264510,88.091270,0.089197
105.737,1,-0.212344,1.513854,-0.533685,0.256906,0.653142,-0.241981,0.669963,41.325090,88.870110,0.866516
105.848,1,-0.223473,1.530108,-0.528215,0.256098,0.653175,-0.247169,0.668344,41.698650,88.806380,0.319621
105.961,1,-0.235064,1.543119,-0.518278,0.251375,0.661977,-0.246313,0.661760,41.208900,90.213740,0.518539
106.073,1,-0.249452,1.553137,-0.504796,0.247165,0.669073,-0.253964,0.653263,41.511420,91.339060,359.918300
106.184,1,-0.270068,1.564169,-0.491758,0.239631,0.675040,-0.257841,0.648395,41.212730,91.996180,359.174000
106.295,1,-0.291106,1.571479,-0.481169,0.235626,0.681455,-0.261847,0.641510,41.237840,93.034070,358.870900
106.406,1,-0.314259,1.579516,-0.469615,0.235489,0.687509,-0.268300,0.632370,41.816730,94.328280,358.806200
106.518,1,-0.329768,1.584309,-0.463084,0.232253,0.695835,-0.271154,0.623176,41.822520,95.873100,358.867100
106.631,1,-0.348051,1.591200,-0.455030,0.226832,0.705320,-0.273831,0.613259,41.643320,97.524570,358.782300
106.737,1,-0.360336,1.594650,-0.448711,0.224331,0.707723,-0.273729,0.611455,41.436100,97.849810,358.684000
106.839,1,-0.368458,1.597084,-0.443943,0.221639,0.709666,-0.270455,0.611641,40.919080,98.025630,358.766800
106.952,1,-0.374347,1.597025,-0.439072,0.224146,0.709103,-0.269167,0.611948,41.000420,98.084570,359.123300
107.061,1,-0.373336,1.594421,-0.437904,0.225191,0.706542,-0.269508,0.614373,41.112440,97.613740,359.015700
107.174,1,-0.363056,1.582154,-0.441293,0.233341,0.701312,-0.274695,0.615026,42.245950,97.183790,359.179600
107.280,1,-0.343010,1.564309,-0.449733,0.244069,0.696462,-0.285347,0.611513,44.104530,97.140400,359.280400
107.394,1,-0.315495,1.543985,-0.459702,0.256805,0.688661,-0.294342,0.610868,45.984460,96.644920,359.513100
107.495,1,-0.293840,1.526495,-0.466892,0.264776,0.681997,-0.302529,0.610942,47.406480,95.975230,359.280200
107.601,1,-0.261439,1.498541,-0.476354,0.275395,0.672954,-0.311597,0.611718,49.139860,95.035070,359.074800
107.702,1,-0.240173,1.478158,-0.483365,0.283098,0.666544,-0.319550,0.611116,50.533820,94.407710,358.812700
107.809,1,-0.217372,1.458062,-0.489950,0.290270,0.660144,-0.326910,0.610805,51.832870,93.720090,358.505600
107.910,1,-0.198753,1.442721,-0.494829,0.291737,0.656091,-0.329993,0.612813,52.238870,92.913980,357.975200
108.018,1,-0.182661,1.428154,-0.498607,0.296049,0.652682,-0.334626,0.611871,53.043990,92.600530,357.803300
108.120,1,-0.168418,1.413351,-0.501959,0.300758,0.648743,-0.337725,0.612062,53.741560,92.194220,357.753000
108.228,1,-0.152873,1.394706,-0.506089,0.307093,0.643331,-0.342910,0.611745,54.779130,91.625630,357.573000
108.336,1,-0.140756,1.378275,-0.509013,0.308649,0.639949,-0.345060,0.613298,55.107780,90.961460,357.173300
108.438,1,-0.129924,1.364581,-0.511681,0.305663,0.639788,-0.343358,0.615912,54.673900,90.546620,356.843700
108.540,1,-0.117654,1.348923,-0.514529,0.302097,0.640027,-0.339950,0.619304,54.030910,90.175000,356.645800
108.644,1,-0.105545,1.329240,-0.516834,0.307173,0.635536,-0.343789,0.619313,54.830550,89.654060,356.477800
108.746,1,-0.094470,1.312122,-0.517764,0.308944,0.632526,-0.344560,0.621082,55.049350,89.106860,356.279800
108.849,1,-0.082802,1.295741,-0.518881,0.308303,0.628735,-0.345239,0.624861,55.026910,88.072170,355.620400
108.952,1,-0.070737,1.279412,-0.520421,0.307842,0.627413,-0.345896,0.626053,55.033770,87.682750,355.315000
109.056,1,-0.064813,1.271177,-0.521393,0.309050,0.626081,-0.346511,0.626452,55.194690,87.487400,355.260200
109.159,1,-0.061809,1.268191,-0.523670,0.309814,0.626512,-0.348123,0.624746,55.418260,87.678060,355.273100
109.261,1,-0.068884,1.278023,-0.524397,0.308731,0.629097,-0.346401,0.623642,55.176420,88.209240,355.619400
109.364,1,-0.086260,1.299160,-0.524284,0.303563,0.633741,-0.341233,0.624325,54.247680,88.779620,355.944600
109.467,1,-0.111348,1.322716,-0.522619,0.299921,0.637524,-0.336587,0.624755,53.506030,89.304430,356.321700
109.569,1,-0.142124,1.347520,-0.519066,0.294275,0.640698,-0.329081,0.628183,52.316540,89.454920,356.589800
109.672,1,-0.181304,1.375331,-0.514348,0.288629,0.642688,-0.324441,0.631176,51.387120,89.330620,356.457200
109.774,1,-0.215315,1.397302,-0.510901,0.282309,0.647836,-0.319961,0.631059,50.432240,89.890150,356.575600
109.876,1,-0.243782,1.413628,-0.508114,0.276413,0.653189,-0.315022,0.630636,49.479190,90.539600,356.803500
109.978,1,-0.278370,1.433543,-0.505875,0.269916,0.658878,-0.309064,0.630479,48.385030,91.203680,357.062600
110.079,1,-0.299798,1.448447,-0.506180,0.266148,0.660260,-0.301167,0.634445,47.341860,91.146370,357.403800
110.179,1,-0.314422,1.456015,-0.509561,0.265224,0.661742,-0.298847,0.634385,47.056540,91.387200,357.632000
110.281,1,-0.322637,1.456374,-0.515650,0.262958,0.661246,-0.289262,0.640262,45.994250,91.054500,358.131900
110.381,1,-0.327696,1.454537,-0.521482,0.257084,0.658917,-0.280894,0.648718,44.726350,90.042510,357.931100
110.494,1,-0.336579,1.460575,-0.527302,0.253687,0.660073,-0.266329,0.654993,43.150650,90.008320,358.901700
110.606,1,-0.349757,1.470616,-0.531155,0.252744,0.659602,-0.256132,0.659881,42.179260,89.838230,359.643400
110.716,1,-0.363697,1.479203,-0.532432,0.248655,0.659443,-0.248113,0.664639,41.129600,89.497130,359.858300
110.826,1,-0.381219,1.487420,-0.533074,0.239773,0.656437,-0.240889,0.673477,39.733680,88.271360,359.279100
110.937,1,-0.391514,1.494559,-0.533006,0.232568,0.657358,-0.236191,0.676762,38.704960,87.974270,358.977300
111.048,1,-0.401403,1.507892,-0.531993,0.224852,0.658680,-0.231296,0.679768,37.618050,87.745220,358.680200
111.159,1,-0.404911,1.513343,-0.530068,0.218495,0.662190,-0.225000,0.680543,36.539520,88.036510,358.796600
111.270,1,-0.405399,1.510729,-0.522271,0.220849,0.663852,-0.226533,0.677650,36.875960,88.491830,359.011700
111.381,1,-0.408811,1.510110,-0.512780,0.222531,0.661723,-0.230105,0.677979,37.320540,88.183650,358.738700
111.493,1,-0.415132,1.513904,-0.504654,0.220924,0.665294,-0.231218,0.674622,37.281830,88.764760,358.703000
111.598,1,-0.419101,1.516200,-0.498032,0.218396,0.671033,-0.226795,0.671254,36.696220,89.711670,359.187300
111.710,1,-0.423829,1.515298,-0.488847,0.214369,0.676579,-0.224604,0.667713,36.171010,90.527080,359.299700
111.822,1,-0.423154,1.511634,-0.482217,0.200588,0.685789,-0.208742,0.667746,33.654870,91.451490,359.748700
111.933,1,-0.421336,1.504826,-0.477834,0.189291,0.693811,-0.196933,0.666343,31.704170,92.317890,0.014385
112.045,1,-0.417249,1.492666,-0.475469,0.176035,0.703834,-0.188605,0.661860,29.901700,93.487980,359.877000
112.156,1,-0.408198,1.472980,-0.474816,0.177869,0.707756,-0.181710,0.659109,29.451240,94.288330,0.805527
112.267,1,-0.390537,1.438315,-0.474985,0.174373,0.709343,-0.180708,0.658614,29.081710,94.406490,0.612816
112.379,1,-0.376595,1.408945,-0.477067,0.172947,0.711469,-0.177423,0.657588,28.680010,94.720480,0.832777
112.490,1,-0.355737,1.368432,-0.480663,0.172292,0.714790,-0.169399,0.656274,27.924680,95.274120,1.553970
112.602,1,-0.335495,1.325325,-0.484342,0.174480,0.711750,-0.168133,0.659318,27.996200,94.811420,1.730547
112.712,1,-0.311396,1.289389,-0.487931,0.174589,0.707771,-0.175075,0.661761,28.613480,94.104940,1.006554
112.824,1,-0.287040,1.261195,-0.491782,0.174549,0.706029,-0.175203,0.663596,28.623830,93.781300,0.910276
112.935,1,-0.266890,1.246987,-0.494436,0.173492,0.702578,-0.173088,0.668076,28.361100,93.089710,0.814708
113.046,1,-0.249675,1.236789,-0.495466,0.178388,0.701510,-0.177926,0.666636,29.174610,93.143320,0.856880
113.158,1,-0.242717,1.237276,-0.490799,0.185110,0.700401,-0.177924,0.665971,29.721890,93.277660,1.472602
113.269,1,-0.239222,1.244804,-0.472294,0.193863,0.689862,-0.174415,0.675343,30.164980,91.788470,2.114285
113.380,1,-0.238632,1.247770,-0.447135,0.205165,0.672801,-0.166755,0.690970,30.524770,89.302020,3.036110
113.491,1,-0.236302,1.244462,-0.420508,0.205893,0.649871,-0.170837,0.711401,30.996620,85.278860,1.640535
113.602,1,-0.219367,1.226353,-0.398783,0.208283,0.615523,-0.176306,0.739368,31.670710,79.472500,359.710300
113.712,1,-0.191651,1.203182,-0.377759,0.204899,0.566913,-0.193712,0.774017,32.467820,71.102420,355.407500
113.824,1,-0.157847,1.181981,-0.363324,0.201240,0.528054,-0.205873,0.798923,32.613860,64.598410,352.055400
113.936,1,-0.130075,1.164687,-0.354292,0.206975,0.505801,-0.210531,0.810558,33.264400,61.212830,350.922500
114.047,1,-0.100352,1.149239,-0.349879,0.212069,0.488170,-0.212718,0.819432,33.727010,58.590730,350.199900
114.157,1,-0.080366,1.145392,-0.351992,0.214190,0.481086,-0.213539,0.822849,33.914390,57.543530,349.913900
114.269,1,-0.056731,1.152513,-0.367789,0.214755,0.491260,-0.211567,0.817181,33.976630,59.162250,350.646600
114.380,1,-0.040789,1.164975,-0.393949,0.213480,0.520754,-0.212197,0.798883,34.200870,63.697610,351.888500
114.491,1,-0.027706,1.182353,-0.441947,0.208893,0.570802,-0.216817,0.763898,34.517940,71.525280,353.534600
114.602,1,-0.022772,1.193287,-0.492268,0.201000,0.612090,-0.226492,0.730511,34.815210,78.057460,354.067900
114.714,1,-0.021702,1.200274,-0.536660,0.191561,0.642978,-0.237870,0.702355,35.098040,82.995890,353.839600
114.826,1,-0.021442,1.205516,-0.587933,0.180854,0.671008,-0.247423,0.675146,35.187310,87.610130,353.580000
114.929,1,-0.019269,1.202399,-0.626222,0.172681,0.689792,-0.256393,0.654700,35.438110,90.792020,353.127400
115.034,1,-0.011583,1.193002,-0.660710,0.165565,0.703496,-0.267577,0.637247,35.979090,93.162010,352.325000
115.156,1,-0.001562,1.183041,-0.682498,0.163188,0.709912,-0.274926,0.627544,36.524120,94.368380,351.890700
115.273,1,0.012260,1.176087,-0.697386,0.158997,0.710367,-0.276369,0.627470,36.311740,94.256120,351.368500
115.379,1,0.022954,1.173668,-0.699824,0.156969,0.708141,-0.276698,0.630346,36.140770,93.706420,350.986600
115.504,1,0.035188,1.177796,-0.691901,0.158997,0.697281,-0.277604,0.641448,36.235910,91.631360,350.407800
115.606,1,0.041482,1.192148,-0.676269,0.157167,0.684699,-0.271926,0.657679,35.387710,89.088370,349.936600
115.717,1,0.043137,1.220001,-0.654179,0.153900,0.674216,-0.256743,0.675153,33.642630,87.005100,350.377600
115.826,1,0.044485,1.266821,-0.622743,0.145707,0.660431,-0.227239,0.700687,30.287600,84.337520,351.610400
115.929,1,0.045921,1.306853,-0.593424,0.138927,0.644639,-0.208045,0.722397,27.966130,81.517720,352.095300
116.031,1,0.049866,1.339805,-0.564450,0.131297,0.628982,-0.190898,0.742092,25.786070,78.839410,352.459400
116.132,1,0.057914,1.363291,-0.535739,0.126884,0.609147,-0.179015,0.762099,24.298350,75.663440,352.543900
116.244,1,0.066421,1.371204,-0.517463,0.129666,0.596118,-0.171725,0.773525,23.912210,73.759870,353.021200
116.347,1,0.075710,1.374678,-0.504650,0.135249,0.583783,-0.169709,0.782370,24.190820,72.004750,353.223300
116.451,1,0.079833,1.377827,-0.498336,0.140536,0.577961,-0.170728,0.785533,24.717180,71.221300,353.313100
116.555,1,0.083029,1.385937,-0.490989,0.140447,0.572339,-0.169683,0.789880,24.588910,70.375060,353.223800
116.659,1,0.087468,1.394312,-0.483351,0.137078,0.566571,-0.162612,0.796094,23.735510,69.511330,353.503000
116.773,1,0.094296,1.398912,-0.470904,0.141400,0.565335,-0.160432,0.796658,23.997090,69.441860,353.984400
116.886,1,0.105915,1.402770,-0.459820,0.142848,0.569241,-0.155028,0.794686,23.799350,70.121070,354.747100
116.992,1,0.127127,1.409134,-0.446897,0.148245,0.576765,-0.152253,0.788787,24.173160,71.417210,355.650800
117.103,1,0.157295,1.415156,-0.432552,0.148569,0.582855,-0.153365,0.784020,24.314220,72.342890,355.765200
117.214,1,0.186116,1.419251,-0.421350,0.149267,0.591374,-0.158343,0.776482,24.776870,73.623540,355.619000
117.325,1,0.209689,1.422607,-0.412632,0.147365,0.597150,-0.158797,0.772321,24.662740,74.465330,355.627500
117.436,1,0.221704,1.423096,-0.406690,0.149719,0.604808,-0.162436,0.765118,25.188090,75.695430,355.724500
117.547,1,0.222850,1.425185,-0.402113,0.150362,0.613204,-0.161159,0.758551,25.198830,77.051930,356.192200
117.658,1,0.210836,1.429260,-0.401455,0.155146,0.614739,-0.159923,0.756605,25.555830,77.448750,356.743500
117.769,1,0.181928,1.427883,-0.406185,0.162225,0.614563,-0.163385,0.754520,26.463270,77.616010,356.980300
117.881,1,0.145276,1.421224,-0.415201,0.175527,0.610461,-0.170383,0.753325,28.195520,77.346850,357.242400
117.991,1,0.105705,1.423169,-0.429072,0.190097,0.609849,-0.176418,0.748882,29.993230,77.741200,357.858000
118.102,1,0.063493,1.433812,-0.446165,0.203834,0.612991,-0.179993,0.741820,31.539350,78.810580,358.847100
118.207,1,0.023485,1.451209,-0.460923,0.209657,0.611226,-0.181983,0.741168,32.225110,78.759990,359.088100
118.319,1,-0.022408,1.477676,-0.476424,0.209089,0.610075,-0.179526,0.742873,31.985340,78.563480,359.215700
118.433,1,-0.074127,1.503329,-0.493534,0.208454,0.606549,-0.181287,0.745507,32.054560,77.925550,358.821900
118.543,1,-0.095718,1.500197,-0.503761,0.221109,0.603276,-0.194409,0.741198,34.217430,77.828890,358.516300
118.654,1,-0.090700,1.482790,-0.507442,0.220043,0.608717,-0.192033,0.737678,33.947250,78.732280,358.934300
118.765,1,-0.070877,1.457663,-0.506228,0.225841,0.611046,-0.194167,0.733429,34.650360,79.406220,359.385900
118.877,1,-0.046629,1.430907,-0.504639,0.235884,0.607814,-0.203098,0.730528,36.265750,79.289790,359.290100
118.988,1,-0.011621,1.395492,-0.502902,0.246133,0.612549,-0.216638,0.719215,38.275860,80.586080,359.264200
119.099,1,0.016322,1.374010,-0.500237,0.252515,0.615929,-0.223973,0.711831,39.449650,81.530120,359.421300
119.212,1,0.047321,1.353245,-0.498300,0.259543,0.617561,-0.233630,0.704750,40.873210,82.208470,359.338200
119.325,1,0.062935,1.344440,-0.497795,0.264094,0.616423,-0.240424,0.701764,41.841230,82.243030,359.088300
119.436,1,0.066712,1.344864,-0.499144,0.265681,0.617465,-0.245169,0.698601,42.374650,82.509890,358.879100
119.548,1,0.055527,1.353881,-0.502384,0.264662,0.618749,-0.244137,0.698212,42.198410,82.694210,358.963600
119.658,1,0.029192,1.376919,-0.504359,0.261220,0.619620,-0.238066,0.700827,41.388580,82.673850,359.238400
119.770,1,-0.024778,1.424178,-0.508024,0.259330,0.623227,-0.240197,0.697597,41.392220,83.211980,359.092900
119.882,1,-0.084432,1.470692,-0.512417,0.257625,0.624116,-0.247919,0.694727,41.868110,83.196640,358.238200
119.993,1,-0.145172,1.514596,-0.518932,0.248156,0.629506,-0.255153,0.690679,41.608200,83.527870,356.931400
120.105,1,-0.203580,1.550711,-0.521714,0.244055,0.639690,-0.254673,0.682917,41.236000,85.235020,357.286500
120.216,1,-0.255912,1.571754,-0.518566,0.240009,0.650324,-0.253777,0.674590,40.835540,87.049130,357.710600
120.326,1,-0.319486,1.587680,-0.510254,0.236101,0.659577,-0.252092,0.667581,40.374530,88.613780,358.109700
120.437,1,-0.362893,1.597144,-0.504467,0.224160,0.666565,-0.247509,0.666471,38.958150,89.197720,357.709300
120.548,1,-0.405616,1.604111,-0.497675,0.218274,0.671983,-0.244317,0.664157,38.191430,89.884030,357.726600
120.660,1,-0.427232,1.607126,-0.493306,0.215254,0.674741,-0.242994,0.662830,37.826320,90.233600,357.703900
120.770,1,-0.440662,1.608529,-0.487419,0.213110,0.679103,-0.241481,0.659614,37.525990,90.953130,357.895700
120.882,1,-0.442386,1.607804,-0.480751,0.213268,0.676030,-0.245193,0.661348,37.850520,90.362660,357.389400
120.993,1,-0.435242,1.606996,-0.476626,0.216958,0.676017,-0.244108,0.660562,38.073440,90.592440,357.877100
121.105,1,-0.420237,1.605770,-0.474807,0.221353,0.678425,-0.243825,0.656728,38.430980,91.354340,358.543500
121.215,1,-0.400764,1.603408,-0.475652,0.223315,0.678366,-0.243757,0.656150,38.591860,91.473530,358.760800
121.326,1,-0.370622,1.599256,-0.476743,0.227429,0.671607,-0.246625,0.660603,39.179420,90.410900,358.495100
121.437,1,-0.347714,1.595328,-0.478921,0.230174,0.666695,-0.250090,0.663320,39.704270,89.621940,358.147800
121.548,1,-0.322035,1.589970,-0.481000,0.236519,0.662011,-0.254102,0.664253,40.590900,89.124820,358.157300
121.660,1,-0.307120,1.586165,-0.482698,0.241506,0.658361,-0.258910,0.664230,41.433050,88.741080,358.016000
121.770,1,-0.295044,1.582680,-0.484816,0.245336,0.653956,-0.264255,0.665072,42.218050,88.119420,357.630500
121.882,1,-0.290969,1.582769,-0.487379,0.246053,0.655297,-0.264243,0.663491,42.285310,88.444040,357.817800
121.993,1,-0.292711,1.585120,-0.489487,0.243966,0.656554,-0.262193,0.663832,41.927620,88.549210,357.862400
122.104,1,-0.297525,1.589928,-0.490900,0.238033,0.657984,-0.256110,0.666937,40.884720,88.423940,357.849100
122.216,1,-0.303246,1.594845,-0.492101,0.232560,0.658729,-0.250127,0.670394,39.892230,88.208660,357.835400
122.326,1,-0.307286,1.597918,-0.494329,0.227810,0.659588,-0.245242,0.672981,39.060480,88.074210,357.817900
122.437,1,-0.308135,1.597364,-0.496890,0.232752,0.655330,-0.247293,0.674697,39.657070,87.562760,357.868300
122.548,1,-0.309105,1.598878,-0.500559,0.231579,0.651061,-0.247957,0.678976,39.594010,86.653440,357.384000
122.660,1,-0.310422,1.599709,-0.504025,0.230784,0.649875,-0.248528,0.680173,39.566290,86.370400,357.165500
122.770,1,-0.312044,1.600920,-0.506223,0.232005,0.647738,-0.248847,0.681678,39.693460,86.034030,357.116400
122.882,1,-0.313349,1.601209,-0.507973,0.233299,0.645095,-0.247993,0.684049,39.727300,85.611680,357.147200
122.993,1,-0.313521,1.601587,-0.508418,0.233595,0.642454,-0.247988,0.686431,39.742360,85.123020,356.995300
123.104,1,-0.313222,1.601482,-0.509371,0.234328,0.641226,-0.247848,0.687380,39.791640,84.934780,356.999800
123.215,2,-0.312425,1.601384,-0.509932,0.234825,0.640606,-0.247889,0.687773,39.837360,84.847340,357.004900
123.324,2,-0.310985,1.600963,-0.510811,0.236565,0.639325,-0.248561,0.688127,40.045460,84.708400,357.034900
123.435,2,-0.309263,1.600778,-0.511271,0.237162,0.637900,-0.248832,0.689145,40.116040,84.471560,356.972500
123.546,2,-0.306820,1.600362,-0.510724,0.239068,0.635171,-0.249003,0.690943,40.291970,84.069490,356.964200
123.657,2,-0.304628,1.600641,-0.509178,0.238920,0.632208,-0.247256,0.694330,40.121740,83.507880,356.907000
123.768,2,-0.300997,1.602465,-0.503793,0.237988,0.620057,-0.241454,0.707525,39.508710,81.218730,356.541900
123.880,2,-0.298192,1.608361,-0.495376,0.229804,0.599213,-0.224536,0.733293,37.309230,77.195980,356.114400
123.990,2,-0.299357,1.623571,-0.475269,0.202862,0.535914,-0.198222,0.795205,32.350320,66.023940,353.350700
124.102,2,-0.304958,1.638009,-0.453902,0.181286,0.457491,-0.168608,0.854055,27.640910,54.400900,352.075900
124.213,2,-0.313139,1.650167,-0.433842,0.166407,0.375238,-0.139130,0.901193,23.849940,43.538460,352.089000
124.325,2,-0.323383,1.658342,-0.415415,0.156475,0.294210,-0.112749,0.936079,21.056580,33.532450,352.673400
124.437,2,-0.337024,1.661950,-0.399854,0.149117,0.225494,-0.097548,0.957811,19.247240,25.259570,352.721300
124.548,2,-0.360335,1.667782,-0.380262,0.145612,0.157597,-0.083112,0.973166,18.035430,17.285350,353.000800
124.659,2,-0.383947,1.673602,-0.367979,0.131636,0.116277,-0.064890,0.982314,15.884890,12.694330,354.219500
124.770,2,-0.418810,1.684536,-0.356274,0.104932,0.083495,-0.048740,0.989769,12.465790,9.136982,355.361700
124.882,2,-0.447424,1.691918,-0.350169,0.083079,0.065826,-0.031032,0.993882,9.742906,7.326812,357.048600
124.993,2,-0.464697,1.689558,-0.337725,0.099369,0.061994,-0.030360,0.992653,11.597950,6.862287,357.194100
125.105,2,-0.470954,1.671252,-0.319437,0.172834,0.082087,-0.041926,0.980629,20.234030,8.982722,356.709700
125.215,2,-0.470359,1.638915,-0.300717,0.292705,0.111975,-0.053002,0.948144,34.535860,12.714640,357.567900
125.325,2,-0.464362,1.613252,-0.273244,0.349499,0.144697,-0.069155,0.923109,41.702580,17.041490,357.963500
125.436,2,-0.461646,1.606464,-0.255801,0.360969,0.162796,-0.076061,0.915103,43.268090,19.497980,358.293900
125.544,2,-0.461968,1.605887,-0.242239,0.357650,0.178592,-0.079889,0.913132,42.976470,21.572980,358.578400
125.646,2,-0.464450,1.616165,-0.235398,0.322601,0.189376,-0.077366,0.924165,38.724400,22.623760,358.471400
125.753,2,-0.466711,1.645739,-0.231462,0.221647,0.203372,-0.060882,0.951738,26.529810,23.735030,358.351700
125.865,2,-0.465006,1.694009,-0.240522,0.029139,0.241883,-0.032530,0.969322,4.141963,27.920940,357.185900
125.978,2,-0.465920,1.727322,-0.262374,-0.106326,0.276755,0.000576,0.955040,348.263600,32.669080,356.618500
126.091,2,-0.464961,1.746917,-0.289087,-0.203570,0.311114,0.032058,0.927761,336.567000,37.947760,355.801000
126.204,2,-0.459032,1.753717,-0.305693,-0.240482,0.338338,0.049687,0.908420,331.930700,42.033350,355.289900
126.316,2,-0.451170,1.756249,-0.312734,-0.243910,0.351768,0.050422,0.902344,331.598000,43.926840,354.742400
126.427,2,-0.443405,1.756680,-0.314121,-0.238805,0.349682,0.048986,0.904597,332.205400,43.527750,354.916400
126.538,2,-0.442734,1.753092,-0.307395,-0.226775,0.307716,0.043297,0.923044,333.557900,37.771270,356.181100
126.649,2,-0.447033,1.744936,-0.292121,-0.198007,0.194458,0.029803,0.960256,336.929400,23.147200,358.768600
126.761,2,-0.447582,1.737228,-0.275309,-0.153621,0.053171,0.006105,0.986679,342.314100,6.209368,359.742100
126.871,2,-0.443552,1.727585,-0.259888,-0.109606,-0.110779,-0.007737,0.987752,347.394200,347.143400,0.528414
126.982,2,-0.436987,1.718116,-0.250338,-0.064961,-0.281245,-0.002030,0.957433,352.788500,327.141000,1.886123
127.092,2,-0.427475,1.714613,-0.248649,-0.025083,-0.448850,0.011092,0.893186,358.002900,306.596100,2.427565
127.203,2,-0.415306,1.706185,-0.251112,0.019839,-0.580608,0.029486,0.813408,3.813773,289.009500,1.431813
127.314,2,-0.401950,1.690871,-0.256672,0.069615,-0.670555,0.066726,0.735566,11.063690,275.321400,0.280291
127.424,2,-0.386964,1.672327,-0.267961,0.122238,-0.745099,0.110919,0.646207,18.861010,261.478300,357.649800
127.534,2,-0.373977,1.655629,-0.274531,0.162766,-0.782647,0.149420,0.581933,25.044570,252.126700,354.878700
127.645,2,-0.361397,1.642408,-0.273423,0.185241,-0.799034,0.173453,0.545110,28.629460,246.817000,353.002800
127.756,2,-0.355322,1.638519,-0.269080,0.185836,-0.803506,0.180373,0.536012,29.280230,245.600800,353.067700
127.868,2,-0.349703,1.637787,-0.262438,0.184851,-0.808926,0.182342,0.527466,29.341050,244.370500,352.969000
127.979,2,-0.348557,1.638643,-0.256140,0.180812,-0.807779,0.181571,0.530879,29.033170,244.935800,353.476900
128.090,2,-0.349432,1.638681,-0.251627,0.179170,-0.810106,0.182141,0.527684,28.959930,244.495000,353.564600
128.201,2,-0.352154,1.641016,-0.252457,0.177782,-0.810440,0.188492,0.525406,29.494400,244.345300,354.058800
128.312,2,-0.355028,1.641534,-0.257597,0.175641,-0.806837,0.188902,0.531489,29.441120,245.316800,354.555500
128.423,2,-0.359789,1.641516,-0.267780,0.171808,-0.801120,0.192240,0.540123,29.578080,246.798800,355.541200
128.534,2,-0.364673,1.641371,-0.279637,0.165195,-0.801744,0.194655,0.540395,29.384490,247.021200,356.413500
128.645,2,-0.364590,1.638827,-0.289715,0.151045,-0.812624,0.188313,0.530440,27.794080,245.536100,357.038300
128.757,2,-0.356541,1.638528,-0.288227,0.145726,-0.827622,0.189456,0.507851,27.491060,242.297600,356.847800
128.868,2,-0.336961,1.637936,-0.272572,0.129150,-0.847294,0.192751,0.477766,26.746240,238.305800,357.774600
128.979,2,-0.319989,1.640104,-0.254033,0.120153,-0.859835,0.206132,0.451394,27.577680,235.071100,358.672900
129.090,2,-0.298672,1.639931,-0.231639,0.110738,-0.868041,0.212495,0.434843,27.724200,233.098000,359.518000
129.201,2,-0.280971,1.642058,-0.216958,0.108922,-0.874240,0.218200,0.419796,28.227220,231.180500,359.528600
129.312,2,-0.268092,1.644883,-0.206728,0.105117,-0.880793,0.217745,0.407115,27.980110,229.486800,359.488900
129.425,2,-0.260825,1.645400,-0.201385,0.107232,-0.883545,0.216065,0.401453,27.898310,228.613100,358.962100
129.534,2,-0.258400,1.645465,-0.201447,0.106384,-0.882623,0.216020,0.403727,27.854580,228.945500,359.133700
129.646,2,-0.260312,1.643679,-0.207645,0.105493,-0.881621,0.218776,0.404664,28.107840,229.164700,359.418700
129.757,2,-0.265899,1.640548,-0.216501,0.107208,-0.880670,0.218429,0.406468,28.156480,229.367200,359.268200
129.868,2,-0.276098,1.635987,-0.236275,0.109485,-0.876069,0.221497,0.414072,28.604630,230.455500,359.451700
129.979,2,-0.286289,1.630404,-0.257170,0.113905,-0.868729,0.228169,0.424587,29.548440,232.021600,359.726700
130.090,2,-0.307547,1.621056,-0.291933,0.122395,-0.855586,0.241451,0.441240,31.411120,234.630500,0.244163
130.201,2,-0.336422,1.611359,-0.329020,0.137562,-0.839844,0.252726,0.460292,33.445100,237.484300,0.109507
130.312,2,-0.366444,1.599090,-0.365402,0.153085,-0.821217,0.266135,0.480978,35.758520,240.818400,0.323288
130.423,2,-0.392629,1.587133,-0.397223,0.167478,-0.803768,0.278613,0.498280,37.936100,243.802500,0.612337
130.534,2,-0.410430,1.578842,-0.415407,0.186404,-0.789165,0.284614,0.511338,39.780300,245.797600,359.766000
130.646,2,-0.427468,1.572317,-0.424241,0.205601,-0.766202,0.280905,0.540144,40.735530,250.039100,359.122400
130.757,2,-0.431405,1.571996,-0.421475,0.217419,-0.744135,0.274116,0.569081,40.951220,254.486000,359.120800
130.867,2,-0.423541,1.583153,-0.404687,0.227237,-0.705483,0.245722,0.624722,39.096280,262.694500,358.995300
130.979,2,-0.410216,1.595105,-0.384091,0.225973,-0.657360,0.220378,0.684286,36.798020,272.406800,0.322858
131.089,2,-0.388252,1.604934,-0.356701,0.229711,-0.586207,0.196507,0.751652,35.149490,284.678500,1.828738
131.200,2,-0.368311,1.612461,-0.337671,0.229016,-0.534340,0.173557,0.794928,33.338130,292.823700,2.139256
131.311,2,-0.348399,1.617112,-0.324592,0.227554,-0.506380,0.159552,0.816297,32.214570,296.961500,2.033759
131.423,2,-0.330728,1.619116,-0.312531,0.225052,-0.503109,0.152080,0.820430,31.486920,297.401900,1.551537
131.533,2,-0.315022,1.621306,-0.300445,0.221691,-0.520559,0.148151,0.811125,30.922680,294.793500,0.636540
131.645,2,-0.296878,1.623337,-0.286659,0.214008,-0.554756,0.147859,0.790307,30.153250,289.799400,359.752400
131.756,2,-0.278812,1.626527,-0.270822,0.204534,-0.595349,0.153139,0.761757,29.600650,283.803300,359.325900
131.867,2,-0.257198,1.632284,-0.253064,0.199441,-0.668488,0.165720,0.697054,29.973930,271.765800,357.643600
131.979,2,-0.241342,1.635885,-0.241049,0.188002,-0.713313,0.172977,0.652625,29.482790,264.176800,357.206100
132.090,2,-0.222506,1.639311,-0.230981,0.177521,-0.748437,0.183951,0.611956,29.513040,257.837800,357.326800
132.202,2,-0.207192,1.641663,-0.226311,0.172023,-0.763600,0.189562,0.592781,29.567080,254.983700,357.497600
132.312,2,-0.194466,1.642883,-0.226717,0.169677,-0.771435,0.190853,0.582815,29.488100,253.460100,357.410600
132.424,2,-0.185089,1.642928,-0.232626,0.167388,-0.776595,0.190432,0.576730,29.265170,252.506100,357.350300
132.535,2,-0.178323,1.643134,-0.241101,0.168116,-0.777355,0.189910,0.575666,29.262540,252.310300,357.193100
132.646,2,-0.171167,1.644560,-0.257347,0.171303,-0.771897,0.190139,0.581960,29.532550,253.278400,357.157300
132.757,2,-0.164486,1.644781,-0.272216,0.177003,-0.766214,0.192415,0.586994,30.176220,254.100300,356.992800
132.868,2,-0.156174,1.645007,-0.291816,0.184406,-0.755926,0.191885,0.598123,30.710220,255.803300,356.715900
132.980,2,-0.149210,1.644984,-0.305269,0.187532,-0.747567,0.189704,0.608266,30.781870,257.356400,356.690000
133.090,2,-0.140407,1.645507,-0.321611,0.187285,-0.738664,0.188550,0.619475,30.702970,259.180800,357.128300
133.202,2,-0.133668,1.646422,-0.334492,0.184987,-0.733244,0.186765,0.627098,30.391030,260.408100,357.538800
133.312,2,-0.128360,1.645926,-0.345357,0.184295,-0.728278,0.187691,0.632787,30.439030,261.414700,357.946100
133.424,2,-0.123448,1.645451,-0.353967,0.184212,-0.725110,0.187916,0.636372,30.462500,262.035200,358.139800
133.535,2,-0.120083,1.644644,-0.358698,0.184263,-0.721234,0.187254,0.640941,30.418400,262.787900,358.288400
133.646,2,-0.115866,1.643395,-0.362666,0.187312,-0.716229,0.188341,0.645335,30.767070,263.575900,358.317400
133.758,2,-0.113381,1.643354,-0.364315,0.187619,-0.714523,0.187347,0.647424,30.708110,263.891800,358.298500
133.868,2,-0.111675,1.643331,-0.365535,0.187898,-0.715241,0.186572,0.646773,30.659960,263.743100,358.171700
133.979,2,-0.111490,1.643192,-0.366218,0.188373,-0.716606,0.187035,0.644988,30.734260,263.452100,358.086000
134.090,2,-0.113636,1.642959,-0.366537,0.188776,-0.717524,0.188211,0.643506,30.867150,263.245700,358.085800
134.202,2,-0.117871,1.641155,-0.366675,0.190546,-0.716951,0.191506,0.642650,31.299390,263.235000,358.183700
134.312,2,-0.126505,1.636501,-0.366186,0.195583,-0.716955,0.199569,0.638667,32.410920,262.885900,358.266900
134.424,2,-0.136439,1.631069,-0.364885,0.202916,-0.715503,0.207872,0.635350,33.732180,262.660600,358.192600
134.535,2,-0.148128,1.623923,-0.363847,0.208009,-0.712840,0.216075,0.633958,34.875290,262.800400,358.422200
134.646,2,-0.161278,1.611016,-0.364619,0.217068,-0.712343,0.229646,0.626668,36.814870,262.167400,358.466100
134.757,2,-0.165260,1.605698,-0.364950,0.225851,-0.710281,0.239603,0.622160,38.418550,261.854100,358.340200
134.868,2,-0.170029,1.604405,-0.364292,0.224223,-0.709894,0.237827,0.623869,38.129090,262.075400,358.426200
134.979,2,-0.172940,1.601610,-0.363358,0.229695,-0.706591,0.240430,0.624630,38.808540,262.325700,358.217300
135.090,2,-0.176181,1.600492,-0.362547,0.230946,-0.703502,0.240129,0.627764,38.889510,262.878100,358.273300
135.201,2,-0.177794,1.599719,-0.363060,0.233404,-0.702655,0.241312,0.627349,39.195660,262.854300,358.134300
135.312,2,-0.178778,1.599570,-0.364061,0.233822,-0.703880,0.242221,0.625467,39.307740,262.556300,358.062300
135.423,2,-0.179311,1.599501,-0.364386,0.234762,-0.705010,0.242226,0.623838,39.379280,262.244800,357.864800
135.534,2,-0.179707,1.599441,-0.363712,0.235509,-0.704399,0.242738,0.624049,39.487230,262.309200,357.859600
135.645,2,-0.180010,1.599036,-0.363528,0.236080,-0.703845,0.242897,0.624396,39.548950,262.379000,357.844700
135.756,2,-0.179684,1.598960,-0.363163,0.236612,-0.703869,0.243704,0.623852,39.664600,262.323100,357.839800
135.868,2,-0.179424,1.598967,-0.363354,0.236156,-0.704322,0.243935,0.623424,39.647880,262.261700,357.878100
135.979,2,-0.178959,1.598750,-0.363157,0.236636,-0.703965,0.244773,0.623316,39.763580,262.289900,357.910600
136.089,2,-0.178902,1.598775,-0.363308,0.236778,-0.703917,0.244732,0.623332,39.771290,262.289200,357.894000
136.201,2,-0.178521,1.598946,-0.363072,0.236987,-0.704169,0.244728,0.622970,39.786690,262.219200,357.849000
136.312,2,-0.178207,1.599079,-0.363130,0.237305,-0.704864,0.244275,0.622241,39.768140,262.051300,357.722900
136.423,2,-0.178257,1.599101,-0.362753,0.237566,-0.704605,0.244174,0.622474,39.780570,262.086000,357.703300
136.534,2,-0.178350,1.598760,-0.362637,0.238122,-0.704322,0.244694,0.622378,39.873090,262.095700,357.696600
136.645,2,-0.178379,1.598574,-0.362191,0.238617,-0.704235,0.245102,0.622126,39.949960,262.069600,357.673800
136.756,2,-0.178237,1.598259,-0.361841,0.239561,-0.703994,0.246069,0.621653,40.114000,262.033300,357.649800
136.868,2,-0.177841,1.598032,-0.361515,0.240061,-0.703859,0.245762,0.621735,40.126090,262.024400,357.575900
136.979,2,-0.177378,1.598053,-0.361298,0.239893,-0.703852,0.245919,0.621746,40.127150,262.037900,357.608900
137.089,2,-0.177172,1.598417,-0.361327,0.239022,-0.703887,0.245486,0.622213,40.018370,262.106400,357.680200
137.201,2,-0.177435,1.599188,-0.361234,0.236846,-0.704420,0.244026,0.623015,39.710630,262.184600,357.793700
137.312,2,-0.178810,1.599274,-0.362102,0.234187,-0.707610,0.242285,0.621082,39.329940,261.741200,357.742600
137.423,2,-0.183682,1.597931,-0.362527,0.230880,-0.708189,0.238868,0.622980,38.755250,261.915100,357.839900
137.533,2,-0.194830,1.592417,-0.360181,0.228029,-0.707743,0.237164,0.625185,38.376210,262.244200,358.082600
137.645,2,-0.214029,1.586222,-0.354287,0.224846,-0.710916,0.234823,0.623619,37.902250,261.846100,358.052700
137.756,2,-0.237205,1.579583,-0.347183,0.225329,-0.713713,0.234962,0.620189,37.943440,261.224200,357.805400
137.868,2,-0.270139,1.570099,-0.338532,0.224449,-0.720942,0.238459,0.610740,38.169450,259.722400,357.641200
137.979,2,-0.298265,1.560308,-0.334640,0.225332,-0.726025,0.240246,0.603652,38.381400,258.538100,357.284200
138.090,2,-0.334518,1.545095,-0.333741,0.222721,-0.734356,0.245547,0.592304,38.643650,256.844200,357.340900
138.201,2,-0.364697,1.532377,-0.335861,0.218478,-0.743758,0.245966,0.581887,38.326190,255.092700,357.169400
138.312,2,-0.391238,1.519447,-0.338844,0.216587,-0.751847,0.246292,0.571976,38.178470,253.415900,356.796100
138.423,2,-0.413639,1.507372,-0.341095,0.214517,-0.757065,0.245965,0.565983,37.970060,252.403000,356.627000
138.534,2,-0.429211,1.498905,-0.342082,0.214407,-0.758955,0.247888,0.562644,38.136830,251.930000,356.610300
138.646,2,-0.444807,1.489343,-0.342522,0.214007,-0.760875,0.249430,0.559513,38.246750,251.479700,356.602300
138.757,2,-0.454211,1.483241,-0.342503,0.214914,-0.761696,0.251413,0.557156,38.497540,251.159700,356.539100
138.867,2,-0.464060,1.476806,-0.340017,0.217402,-0.760805,0.250682,0.557738,38.604840,251.174200,356.245600
138.979,2,-0.473408,1.469186,-0.333148,0.219675,-0.752862,0.249228,0.568179,38.674760,252.857200,356.507600
139.090,2,-0.493533,1.455403,-0.315035,0.228458,-0.732486,0.241817,0.593966,38.729770,256.851300,356.514800
139.202,2,-0.517384,1.437567,-0.294115,0.237396,-0.718037,0.228019,0.613248,38.215190,259.449000,355.528600
139.313,2,-0.545577,1.409440,-0.269133,0.249611,-0.695785,0.219741,0.636625,38.579630,263.179000,355.041700
139.425,2,-0.574053,1.377806,-0.246126,0.265126,-0.675749,0.212062,0.654295,39.311950,266.008500,354.004400
139.536,2,-0.595908,1.355523,-0.231320,0.266844,-0.666129,0.207477,0.664846,39.141110,267.793100,354.107500
139.647,2,-0.618158,1.333645,-0.218438,0.256023,-0.665128,0.213975,0.668036,38.807470,268.831900,355.975600
139.758,2,-0.629249,1.323582,-0.210509,0.260573,-0.662594,0.211801,0.669486,39.018840,268.978000,355.444100
139.869,2,-0.635834,1.322057,-0.205937,0.259639,-0.663007,0.213630,0.668859,39.094310,268.967900,355.676600
139.980,2,-0.633366,1.331221,-0.210753,0.253475,-0.670375,0.216202,0.663028,38.755150,267.993600,356.091900
140.091,2,-0.622817,1.348206,-0.230968,0.244677,-0.693794,0.209370,0.644164,37.282360,264.053300,354.969200
140.203,2,-0.603072,1.368747,-0.271585,0.236456,-0.737567,0.201181,0.599675,35.476100,255.795300,352.413200
140.314,2,-0.580012,1.388351,-0.317297,0.222217,-0.776532,0.193444,0.556954,33.227170,248.633600,351.084600
140.425,2,-0.542249,1.406219,-0.384677,0.199094,-0.819145,0.193380,0.501963,31.110420,240.525100,351.128800
140.536,2,-0.508157,1.412130,-0.440253,0.182941,-0.843597,0.199781,0.463643,30.444750,235.343700,351.770500
140.647,2,-0.463301,1.413866,-0.508378,0.168001,-0.867230,0.211302,0.418377,30.468900,229.424600,352.360400
140.758,2,-0.430831,1.413671,-0.555266,0.161871,-0.880523,0.216892,0.389147,30.526670,225.566400,352.243500
140.869,2,-0.393158,1.411063,-0.604829,0.155348,-0.888605,0.224075,0.368835,30.852070,223.035300,352.585100
140.980,2,-0.362623,1.407156,-0.642773,0.148779,-0.892678,0.231919,0.356656,31.344610,221.664700,353.262900
141.091,2,-0.335276,1.404396,-0.673877,0.141220,-0.896403,0.237129,0.346827,31.539380,220.615600,354.026600
141.200,2,-0.315705,1.404838,-0.691461,0.137434,-0.898011,0.238153,0.343471,31.475650,220.282200,354.399200
141.304,2,-0.293656,1.420797,-0.697088,0.145878,-0.894323,0.230476,0.354664,31.045210,221.448200,353.469500
141.419,2,-0.274443,1.460472,-0.679259,0.147932,-0.877724,0.212527,0.403174,29.496120,227.808200,354.176300
141.525,2,-0.252542,1.502243,-0.644470,0.148920,-0.845091,0.202150,0.471995,28.832450,237.343300,356.015400
141.636,2,-0.226278,1.542581,-0.599783,0.144756,-0.806998,0.189732,0.540188,27.556130,247.140900,358.147900
141.753,2,-0.195191,1.576427,-0.556969,0.147235,-0.783901,0.181279,0.575291,26.975870,252.205200,358.568800
141.863,2,-0.163253,1.601970,-0.513081,0.159089,-0.767079,0.174700,0.596457,27.245070,255.177800,357.700900
141.967,2,-0.138406,1.615319,-0.473216,0.156415,-0.758946,0.168433,0.609234,26.503290,257.025000,357.938500
142.074,2,-0.111489,1.625073,-0.427313,0.162348,-0.756008,0.171463,0.610488,27.224410,257.279000,357.672000
142.185,2,-0.087920,1.637022,-0.384740,0.161012,-0.760438,0.174005,0.604592,27.344080,256.432300,357.775600
142.296,2,-0.067563,1.643478,-0.352099,0.155131,-0.764441,0.174140,0.601032,26.918140,255.923100,358.210100
142.406,2,-0.044641,1.650145,-0.316700,0.143705,-0.767427,0.160603,0.603831,24.837670,256.023100,358.319500
142.518,2,-0.029670,1.652199,-0.294440,0.141642,-0.767373,0.159984,0.604550,24.632410,256.133700,358.490400
142.629,2,-0.015091,1.654385,-0.272137,0.144067,-0.770990,0.149407,0.602078,23.819770,255.415400,357.353600
142.740,2,-0.009012,1.654827,-0.257943,0.146042,-0.769800,0.147090,0.603692,23.752580,255.585900,357.040800
142.851,2,-0.007896,1.654427,-0.245034,0.147160,-0.765693,0.145970,0.608893,23.750010,256.357800,357.019100
142.963,2,-0.015723,1.654547,-0.242268,0.150373,-0.763792,0.144184,0.610919,23.827500,256.601000,356.644700
143.073,2,-0.034312,1.651718,-0.247404,0.152694,-0.754729,0.147262,0.620792,24.322170,258.231000,357.002700
143.184,2,-0.068287,1.642963,-0.260268,0.162556,-0.742230,0.156413,0.631035,25.934660,260.097000,357.201700
143.295,2,-0.108992,1.630153,-0.275283,0.169688,-0.735907,0.165220,0.634310,27.286670,260.890400,357.410800
143.406,2,-0.163584,1.608017,-0.294486,0.181427,-0.729098,0.174521,0.636430,29.039790,261.515200,357.219200
143.517,2,-0.201838,1.590956,-0.307395,0.188933,-0.723688,0.181941,0.638339,30.301100,262.088400,357.266300
143.629,2,-0.243394,1.571507,-0.320677,0.196677,-0.718795,0.187174,0.640014,31.388030,262.549300,357.102400
143.735,2,-0.265021,1.560752,-0.327520,0.201351,-0.715796,0.187775,0.641743,31.819730,262.846500,356.812600
143.848,2,-0.288374,1.548712,-0.334482,0.204128,-0.710522,0.188739,0.646427,32.148380,263.692500,356.881300
143.960,2,-0.300277,1.542409,-0.338682,0.204037,-0.708718,0.189839,0.648112,32.246410,264.039600,357.076500
144.071,2,-0.310141,1.536425,-0.343145,0.205508,-0.708309,0.190425,0.647922,32.416220,264.025200,356.987500
144.182,2,-0.314704,1.534040,-0.346141,0.206018,-0.708067,0.190538,0.647991,32.467630,264.039900,356.955000
144.293,2,-0.315296,1.533693,-0.347705,0.204912,-0.708445,0.189891,0.648119,32.321490,264.038600,357.002200
144.405,2,-0.310720,1.538021,-0.347140,0.201333,-0.709816,0.188009,0.648289,31.866910,264.001700,357.161900
144.516,2,-0.301023,1.546805,-0.344535,0.195644,-0.711399,0.184023,0.649438,31.060670,264.054500,357.367900
144.628,2,-0.279141,1.565009,-0.338370,0.183268,-0.715628,0.173789,0.651220,29.171920,263.990100,357.640200
144.739,2,-0.255364,1.581144,-0.331199,0.175635,-0.719328,0.167530,0.650886,28.011950,263.720800,357.754500
144.850,2,-0.217963,1.599945,-0.319907,0.171326,-0.724216,0.162383,0.647912,27.207170,263.045600,357.568300
144.961,2,-0.182387,1.616644,-0.308481,0.159257,-0.729948,0.152831,0.646882,25.414110,262.597400,357.793800
145.072,2,-0.142548,1.630178,-0.297169,0.150001,-0.738278,0.147545,0.640840,24.211830,261.480800,357.965500
145.184,2,-0.103881,1.639892,-0.284284,0.143652,-0.745937,0.142690,0.634493,23.276380,260.341700,357.926400
145.295,2,-0.074506,1.646010,-0.272550,0.139100,-0.751682,0.137336,0.629892,22.439160,259.480400,357.761300
145.406,2,-0.043771,1.650954,-0.259619,0.133419,-0.757548,0.131217,0.625382,21.449580,258.638200,357.658900
145.517,2,-0.025636,1.652941,-0.250487,0.130764,-0.761214,0.127996,0.622151,20.951330,258.067400,357.556700
145.628,2,-0.008731,1.654375,-0.239919,0.129923,-0.762258,0.125386,0.621579,20.650590,257.919700,357.415500
145.740,2,-0.000008,1.655656,-0.233264,0.128139,-0.761899,0.123077,0.622851,20.314150,258.072600,357.436700
145.850,2,0.006597,1.657000,-0.228142,0.128213,-0.762107,0.120876,0.623012,20.120600,258.045700,357.264700
145.962,2,0.009402,1.657759,-0.225921,0.127086,-0.762836,0.120991,0.622327,20.045810,257.948600,357.358200
146.075,3,0.009738,1.658183,-0.225377,0.127429,-0.763824,0.121579,0.620929,20.119480,257.743700,357.333600
146.185,3,0.008490,1.657714,-0.226054,0.128644,-0.764942,0.123444,0.618932,20.371010,257.470800,357.309600
146.296,3,0.007275,1.657198,-0.227024,0.130112,-0.766187,0.126174,0.616529,20.718750,257.154500,357.315900
146.407,3,0.004152,1.656752,-0.229328,0.132052,-0.767699,0.129452,0.613550,21.149380,256.760400,357.302000
146.518,3,0.001655,1.656076,-0.231000,0.134205,-0.767001,0.133257,0.613140,21.653360,256.776800,357.381600
146.629,3,-0.003368,1.656317,-0.234531,0.134296,-0.765996,0.135121,0.613969,21.833550,256.952200,357.541500
146.741,3,-0.009387,1.655408,-0.239329,0.136410,-0.765739,0.140591,0.612594,22.484870,256.867900,357.726200
146.851,3,-0.016837,1.655103,-0.246226,0.137119,-0.766937,0.143350,0.610293,22.783190,256.579500,357.802600
146.963,3,-0.025498,1.654774,-0.253913,0.139660,-0.766678,0.146034,0.609404,23.212410,256.496600,357.745100
147.074,3,-0.033938,1.654235,-0.261934,0.141395,-0.766292,0.149085,0.608751,23.617760,256.467800,357.799000
147.185,3,-0.045434,1.653767,-0.271689,0.147057,-0.764411,0.153203,0.608752,24.409920,256.543800,357.589500
147.296,3,-0.055319,1.653376,-0.279432,0.148060,-0.763496,0.155838,0.608989,24.727070,256.652200,357.710900
147.408,3,-0.068890,1.653064,-0.288194,0.151531,-0.759326,0.156258,0.613226,25.033440,257.307800,357.566000
147.519,3,-0.080659,1.652445,-0.294268,0.154641,-0.752424,0.155969,0.620981,25.262660,258.512200,357.528200
147.629,3,-0.096774,1.650752,-0.301619,0.161672,-0.741623,0.157890,0.631608,26.002840,260.245000,357.426800
147.741,3,-0.111247,1.650540,-0.306160,0.166726,-0.725026,0.155016,0.650008,26.201370,263.156200,357.429700
147.852,3,-0.124887,1.650183,-0.307234,0.173429,-0.692246,0.146656,0.684989,26.144630,268.815000,357.497500
147.963,3,-0.135495,1.649409,-0.306278,0.184008,-0.647516,0.140333,0.726066,26.675670,276.021100,357.786400
148.073,3,-0.142508,1.650174,-0.305080,0.188793,-0.599845,0.133099,0.766047,26.674760,283.532100,358.552500
148.185,3,-0.145200,1.652292,-0.298566,0.186423,-0.536612,0.115236,0.814871,25.308700,293.093800,359.222500
148.296,3,-0.143130,1.654344,-0.286346,0.178537,-0.474065,0.107189,0.855510,24.023390,302.204100,0.886173
148.407,3,-0.140683,1.656527,-0.265115,0.184538,-0.421639,0.090901,0.883121,23.740460,309.021500,0.309020
148.518,3,-0.139972,1.658793,-0.243479,0.183512,-0.397160,0.075574,0.896034,22.885750,312.060000,359.357300
148.628,3,-0.134945,1.660877,-0.209399,0.181913,-0.366396,0.058401,0.910632,21.969140,315.841800,358.335300
148.740,3,-0.128203,1.666220,-0.176645,0.179200,-0.341148,0.038186,0.921980,20.884930,318.802800,356.818500
148.852,3,-0.124994,1.669875,-0.145398,0.168566,-0.324388,0.025432,0.930436,19.279660,320.918400,356.231700
148.963,3,-0.123907,1.668638,-0.118833,0.166198,-0.300767,0.017027,0.938950,18.804890,323.794700,355.880700
149.075,3,-0.124891,1.667926,-0.101341,0.172564,-0.277535,0.016418,0.944948,19.587210,326.584000,356.058700
149.186,3,-0.127556,1.667349,-0.083073,0.182478,-0.232144,0.013867,0.955311,20.798670,332.027700,356.428900
149.297,3,-0.130797,1.666822,-0.069993,0.185049,-0.178949,0.002036,0.966297,20.999130,338.307100,356.174100
149.408,3,-0.141619,1.662218,-0.057057,0.194611,-0.094693,-0.006162,0.976280,22.260810,348.324100,356.971900
149.519,3,-0.154844,1.659137,-0.051798,0.196148,-0.019384,-0.020753,0.980163,22.563660,357.136100,357.002700
149.629,3,-0.173068,1.658166,-0.054089,0.197302,0.093215,-0.042074,0.974994,23.115160,10.345410,357.179200
149.741,3,-0.192600,1.664792,-0.061760,0.179249,0.184569,-0.050860,0.964996,21.390520,21.283780,358.031000
149.851,3,-0.210585,1.667108,-0.074364,0.166431,0.272138,-0.060587,0.945818,20.352980,31.840470,358.531700
149.963,3,-0.225879,1.668589,-0.091242,0.157731,0.346596,-0.069462,0.922045,19.817250,41.002900,358.857700
150.074,3,-0.236759,1.670594,-0.106463,0.144349,0.404828,-0.075766,0.899743,18.729390,48.255300,358.822100
150.185,3,-0.247088,1.675584,-0.123896,0.124490,0.470241,-0.080023,0.870041,16.970720,56.582670,358.672000
150.296,3,-0.255594,1.685342,-0.134075,0.085966,0.499859,-0.067868,0.859153,12.448670,60.185710,358.199800
150.408,3,-0.267343,1.704194,-0.143690,0.010015,0.514867,-0.032084,0.856611,2.877280,61.951630,357.437400
150.520,3,-0.275984,1.714425,-0.149016,-0.034814,0.509749,-0.010355,0.859556,357.174600,61.414450,356.941300
150.631,3,-0.279781,1.717367,-0.151701,-0.048334,0.499038,-0.004989,0.865217,355.488500,60.079650,356.729400
150.743,3,-0.276957,1.716142,-0.151094,-0.040176,0.482438,-0.006025,0.874988,356.302200,57.833110,357.167800
150.853,3,-0.269889,1.716895,-0.151030,-0.042518,0.464706,-0.006007,0.884424,356.007600,55.538320,357.118900
150.965,3,-0.256819,1.718469,-0.149610,-0.047724,0.449749,-0.003576,0.891872,355.301600,53.637690,357.164300
151.076,3,-0.240116,1.718549,-0.146667,-0.051824,0.436666,-0.003654,0.898122,354.842200,51.992320,357.017300
151.187,3,-0.210458,1.718632,-0.141539,-0.055854,0.416269,0.001012,0.907524,354.133000,49.412510,357.426600
151.299,3,-0.178527,1.721647,-0.136823,-0.063256,0.396409,0.002793,0.915888,353.218400,46.961320,357.400700
151.410,3,-0.128876,1.723819,-0.127767,-0.070233,0.372411,0.004501,0.925396,352.337400,44.013410,357.456500
151.521,3,-0.080520,1.721977,-0.114802,-0.051595,0.351529,0.002871,0.934750,354.348700,41.307120,358.220300
151.631,3,-0.035795,1.713278,-0.099045,0.003632,0.319173,-0.012140,0.947612,0.838438,37.220270,358.814400
151.743,3,0.002845,1.700230,-0.086464,0.059142,0.293815,-0.028002,0.953620,7.426442,34.178720,358.922200
151.853,3,0.034258,1.699389,-0.077122,0.064366,0.277780,-0.031520,0.957968,8.096036,32.239990,358.574300
151.965,3,0.059151,1.704598,-0.069596,0.046728,0.271420,-0.017845,0.961161,5.711143,31.512340,359.485300
152.076,3,0.077332,1.709152,-0.061624,0.024181,0.272020,-0.015030,0.961870,3.135367,31.557410,359.095800
152.187,3,0.096174,1.712951,-0.046504,-0.001890,0.282943,-0.011576,0.959065,0.167605,32.872220,358.666400
152.298,3,0.108439,1.714157,-0.028525,-0.015528,0.292989,-0.008766,0.955950,358.593200,34.097720,358.517800
152.410,3,0.122085,1.717228,0.001168,-0.027471,0.304807,-0.006303,0.951997,357.222200,35.547670,358.350800
152.521,3,0.132798,1.719316,0.029083,-0.035973,0.313892,0.000128,0.948777,356.081300,36.656330,358.716900
152.632,3,0.142823,1.719570,0.054382,-0.040054,0.321471,0.000456,0.946072,355.636600,37.589540,358.569700
152.744,3,0.153561,1.718344,0.074642,-0.048568,0.328511,-0.000410,0.943251,354.758500,38.490010,358.119200
152.855,3,0.164342,1.718203,0.087196,-0.053744,0.331798,-0.002614,0.941815,354.289700,38.931010,357.662200
152.966,3,0.180588,1.720667,0.099205,-0.070220,0.334922,-0.009491,0.939578,352.784800,39.474660,356.250800
153.078,3,0.194787,1.721186,0.106575,-0.083660,0.330464,-0.018980,0.939912,351.678800,39.126430,354.724700
153.189,3,0.216752,1.721670,0.117539,-0.100458,0.320195,-0.030457,0.941518,350.231900,38.171510,352.907400
153.301,3,0.240351,1.721988,0.128493,-0.115031,0.297775,-0.036287,0.946985,348.682000,35.709560,351.954800
153.412,3,0.271734,1.721578,0.140146,-0.126347,0.275024,-0.041916,0.952177,347.434700,33.192090,351.200100
153.523,3,0.314941,1.722188,0.153628,-0.132005,0.264597,-0.047133,0.954118,346.882200,32.087840,350.556300
153.633,3,0.367621,1.723726,0.170396,-0.135489,0.264236,-0.051979,0.953478,346.649800,32.164880,349.894200
153.745,3,0.418889,1.727247,0.190386,-0.135538,0.255642,-0.061138,0.955269,346.838700,31.239040,348.981600
153.856,3,0.458391,1.730534,0.208072,-0.136345,0.245271,-0.071198,0.957175,346.933200,30.128810,347.960700
153.967,3,0.501499,1.732058,0.228552,-0.134326,0.231489,-0.080641,0.960139,347.255200,28.552460,347.142600
154.078,3,0.528740,1.731492,0.241894,-0.132393,0.226596,-0.086997,0.961019,347.582200,28.004910,346.546700
154.190,3,0.552889,1.730358,0.256641,-0.126329,0.211912,-0.093207,0.964597,348.216800,26.210900,346.209100
154.300,3,0.564084,1.730081,0.266145,-0.121479,0.184448,-0.096933,0.970477,348.461500,22.918790,346.245500
154.412,3,0.564090,1.730818,0.273795,-0.116006,0.129370,-0.094782,0.980216,348.293500,16.347690,347.266700
154.523,3,0.552411,1.732568,0.276485,-0.111054,0.042140,-0.094328,0.988430,347.784600,6.123429,348.441400
154.633,3,0.534138,1.734535,0.268547,-0.108172,-0.057364,-0.090267,0.988362,347.045200,354.473000,350.191300
154.744,3,0.514946,1.736465,0.246127,-0.103580,-0.144046,-0.092983,0.979733,346.717700,344.322700,350.993600
154.855,3,0.500436,1.736611,0.216304,-0.104762,-0.194702,-0.089295,0.971155,346.216600,338.276900,352.150200
154.966,3,0.484368,1.738061,0.173181,-0.119902,-0.237373,-0.090572,0.959727,344.148600,333.188400,353.018600
155.077,3,0.473729,1.738786,0.139614,-0.116684,-0.249108,-0.093842,0.956830,344.332900,331.812600,352.753700
155.188,3,0.465466,1.741875,0.098207,-0.121860,-0.233837,-0.091925,0.960219,343.917800,333.637800,352.853000
155.298,3,0.461717,1.739019,0.066701,-0.123806,-0.229438,-0.089552,0.961255,343.792800,334.134600,353.100500
155.409,3,0.458434,1.737539,0.029822,-0.117776,-0.217028,-0.081552,0.965597,344.761000,335.512900,353.670300
155.521,3,0.457443,1.736908,0.001898,-0.111021,-0.215202,-0.074273,0.967391,345.713600,335.629300,354.319600
155.631,3,0.459718,1.737313,-0.021130,-0.107189,-0.210747,-0.074410,0.968793,346.169500,336.164900,354.148400
155.743,3,0.462569,1.735764,-0.038489,-0.107429,-0.205562,-0.074752,0.969853,346.165800,336.790000,354.039500
155.853,3,0.463584,1.735027,-0.049038,-0.108868,-0.204729,-0.073160,0.969991,346.045200,336.869000,354.242900
155.965,3,0.464419,1.735057,-0.056022,-0.111823,-0.206232,-0.074337,0.969246,345.674500,336.706000,354.196100
156.076,3,0.464780,1.735450,-0.060741,-0.112752,-0.207068,-0.072260,0.969117,345.613300,336.576900,354.469000
156.187,3,0.465345,1.736182,-0.064946,-0.116665,-0.205795,-0.072955,0.968873,345.161500,336.738700,354.458200
156.298,3,0.466268,1.735981,-0.067282,-0.116781,-0.205056,-0.071400,0.969132,345.188800,336.804900,354.628700
156.409,3,0.468285,1.736653,-0.067898,-0.118838,-0.199158,-0.071598,0.970097,344.984100,337.514600,354.559300
156.521,3,0.470409,1.737145,-0.067771,-0.120925,-0.197916,-0.072555,0.970022,344.732900,337.677400,354.474300
156.631,3,0.472658,1.737497,-0.067029,-0.122376,-0.197153,-0.072169,0.970024,344.581200,337.762700,354.538100
156.743,3,0.474931,1.737434,-0.066276,-0.122279,-0.195833,-0.073657,0.970192,344.566700,337.943700,354.342300
156.854,3,0.476080,1.737249,-0.065536,-0.121839,-0.193695,-0.073902,0.970658,344.623800,338.203900,354.270000
156.965,3,0.476201,1.737506,-0.063384,-0.122694,-0.192705,-0.072343,0.970864,344.566500,338.299100,354.452700
157.076,3,0.474894,1.736833,-0.060049,-0.114881,-0.196648,-0.073440,0.970947,345.405900,337.841800,354.221700
157.187,3,0.474776,1.732699,-0.050833,-0.087425,-0.192344,-0.071965,0.974773,348.572800,338.301100,353.752400
157.298,3,0.475782,1.727972,-0.042660,-0.058948,-0.183529,-0.069380,0.978789,351.902300,339.229300,353.377400
157.408,3,0.478158,1.724429,-0.032685,-0.037916,-0.171768,-0.067316,0.982103,354.399000,340.495700,353.121300
157.520,3,0.478931,1.721200,-0.026292,-0.015050,-0.164069,-0.062812,0.984332,357.120300,341.245600,353.173200
157.631,3,0.478934,1.717508,-0.019654,0.002081,-0.150531,-0.054005,0.987127,359.303800,342.696400,353.843000
157.743,3,0.481522,1.711455,-0.012262,0.029539,-0.127612,-0.052114,0.990014,2.589895,345.166200,353.636300
157.853,3,0.489751,1.703363,-0.004861,0.065846,-0.082523,-0.048565,0.993225,7.052870,350.117900,353.790800
157.964,3,0.494456,1.699516,0.002082,0.082958,-0.067986,-0.048727,0.993037,9.098660,351.666500,353.717400
158.076,3,0.495913,1.697122,0.009167,0.084293,-0.072391,-0.055078,0.992281,9.166867,351.087300,352.930000
158.186,3,0.498029,1.686606,0.015517,0.099988,-0.060088,-0.043895,0.992202,11.136220,352.503100,354.201900
158.298,3,0.499679,1.680903,0.019060,0.096516,-0.050416,-0.041946,0.993169,10.805930,353.673500,354.564100
158.409,3,0.500198,1.675556,0.023443,0.107078,-0.038094,-0.041690,0.992646,12.087520,355.039200,354.664600
158.520,3,0.501501,1.671294,0.027725,0.130912,-0.022668,-0.047520,0.989995,14.895040,356.599300,354.059100
158.631,3,0.501935,1.662270,0.033196,0.143102,0.003623,-0.045813,0.988641,16.456320,359.644700,354.642400
158.742,3,0.500622,1.660563,0.039266,0.158665,0.004276,-0.052800,0.985911,18.258800,359.497800,353.788300
158.853,3,0.506523,1.672346,0.035968,0.124090,0.021850,-0.051399,0.990698,14.366160,1.806381,354.287800
158.965,3,0.517826,1.678106,0.035767,0.104208,0.055023,-0.052678,0.991634,12.267050,5.764498,354.538300
159.076,3,0.526479,1.681745,0.038313,0.091156,0.072026,-0.061393,0.991329,10.927940,7.703142,353.650300
159.187,3,0.534525,1.682212,0.044555,0.093453,0.085044,-0.072702,0.989317,11.377630,9.078279,352.500400
159.299,3,0.535659,1.679051,0.047971,0.109184,0.082586,-0.080285,0.987326,13.230020,8.598807,351.701400
159.409,3,0.533847,1.672746,0.050560,0.144695,0.076647,-0.088575,0.982519,17.332070,7.523171,350.845600
159.520,3,0.534892,1.660402,0.052235,0.179842,0.074093,-0.080220,0.977616,21.316530,7.153871,351.966000
159.631,3,0.532528,1.649781,0.054328,0.185756,0.074854,-0.072630,0.977045,21.953680,7.389601,352.932500
159.742,3,0.526514,1.648954,0.056604,0.206142,0.040015,-0.074286,0.974877,24.071220,2.975344,351.919400
159.853,3,0.527366,1.654238,0.055558,0.192962,0.034651,-0.072384,0.977919,22.483620,2.471051,352.024800
159.964,3,0.529798,1.650015,0.054625,0.198954,0.039809,-0.071377,0.976595,23.220960,3.078426,352.272300
160.075,3,0.526085,1.645881,0.056426,0.199631,0.034158,-0.072283,0.976604,23.257190,2.361603,352.020100
160.186,3,0.520815,1.653367,0.058510,0.191160,0.023535,-0.071072,0.978700,22.180270,1.169189,351.922200
160.298,3,0.516363,1.656535,0.055671,0.187081,0.007521,-0.071265,0.979727,21.570640,359.265100,351.539200
160.408,3,0.511320,1.672080,0.046091,0.141181,-0.020887,-0.075943,0.986846,15.990300,356.262200,350.673700
160.520,3,0.507947,1.689237,0.035905,0.077063,-0.055549,-0.084324,0.991900,8.250953,352.849000,349.765200
160.631,3,0.504421,1.704669,0.021280,0.015277,-0.104862,-0.092221,0.990084,0.625111,347.849900,349.290600
160.743,3,0.505382,1.713504,0.013892,-0.016947,-0.131198,-0.095906,0.986561,356.640400,345.163600,349.332700
160.854,3,0.507148,1.714213,0.015557,-0.019059,-0.152868,-0.100302,0.982959,356.093200,342.698900,348.942000
160.965,3,0.513171,1.714324,0.026561,-0.026322,-0.166302,-0.102383,0.980392,355.085800,341.223600,348.889300
161.077,3,0.520599,1.713713,0.042638,-0.032311,-0.174916,-0.111969,0.977662,354.125500,340.333200,347.952100
161.188,3,0.529169,1.712169,0.073750,-0.045428,-0.183757,-0.115998,0.975046,352.459900,339.461500,347.799200
161.299,3,0.533349,1.714504,0.108992,-0.059449,-0.184455,-0.119108,0.973784,350.809300,339.539400,347.715100
161.411,3,0.532538,1.717305,0.164381,-0.064304,-0.177190,-0.118998,0.974838,350.355000,340.434000,347.747600
161.522,3,0.524867,1.718370,0.213031,-0.062735,-0.182854,-0.123843,0.973289,350.362700,339.801500,347.217600
161.633,3,0.514742,1.720489,0.255928,-0.065996,-0.199613,-0.127423,0.969310,349.699400,337.900400,347.038800
161.745,3,0.502315,1.724572,0.294014,-0.071562,-0.218221,-0.135910,0.963736,348.623800,335.845300,346.387500
161.856,3,0.487274,1.730023,0.321609,-0.078333,-0.241753,-0.136305,0.957518,347.530800,333.110000,346.788500
161.967,3,0.463965,1.745782,0.338575,-0.107447,-0.309022,-0.142089,0.934223,343.227300,325.169200,347.999300
162.078,3,0.448907,1.759317,0.337041,-0.135594,-0.370473,-0.150935,0.906412,339.044500,317.519500,349.314700
162.189,3,0.439847,1.774244,0.322358,-0.170211,-0.425073,-0.163485,0.873850,334.121500,310.195800,350.982500
162.301,3,0.437414,1.782841,0.300497,-0.193794,-0.450949,-0.176169,0.853260,330.685700,306.461100,351.701200
162.414,3,0.435442,1.788808,0.274921,-0.218538,-0.460171,-0.181734,0.841104,327.663900,304.697400,352.889700
162.522,3,0.434353,1.792943,0.252332,-0.245185,-0.464177,-0.192453,0.829087,324.181200,303.610000,353.520700
162.634,3,0.434637,1.799997,0.237592,-0.270458,-0.455933,-0.201238,0.823700,321.019600,304.290300,353.730100
162.745,3,0.434202,1.803844,0.233086,-0.277397,-0.449492,-0.205555,0.823866,320.068900,305.199900,353.310500
162.856,3,0.432785,1.802083,0.237047,-0.272710,-0.444418,-0.206078,0.828042,320.594800,306.190500,352.647100
162.968,3,0.431287,1.808038,0.246609,-0.275900,-0.438014,-0.207775,0.829972,320.208600,307.151800,352.281500
163.079,3,0.428240,1.819703,0.257492,-0.278624,-0.436475,-0.208126,0.829784,319.903300,307.315000,352.324200
163.189,3,0.424815,1.841351,0.272201,-0.275380,-0.438626,-0.209272,0.829445,320.177600,307.124500,352.098500
163.300,3,0.424082,1.858704,0.279710,-0.278114,-0.444117,-0.214083,0.824367,319.556900,306.325500,351.998600
163.411,3,0.424807,1.868101,0.283466,-0.281571,-0.454159,-0.212665,0.818066,319.167200,304.533100,353.001300
163.522,3,0.426149,1.869409,0.286259,-0.281370,-0.457547,-0.209717,0.817007,319.332100,303.892200,353.550500
163.633,3,0.428393,1.859653,0.283581,-0.278696,-0.462430,-0.205099,0.816346,319.855800,303.057100,354.210700
163.744,3,0.432532,1.839982,0.271107,-0.270461,-0.458991,-0.202175,0.821769,320.942100,303.834500,353.789500
163.855,3,0.437454,1.816762,0.251644,-0.266685,-0.457816,-0.193224,0.825802,321.874900,303.883200,354.533200
163.966,3,0.445585,1.790034,0.218796,-0.246338,-0.449961,-0.188976,0.837341,324.366300,305.650300,353.302500
164.078,3,0.454144,1.778873,0.184858,-0.231869,-0.432242,-0.180980,0.852438,326.512000,308.467400,352.552500
164.188,3,0.467186,1.771228,0.134769,-0.207621,-0.399627,-0.172393,0.876055,329.896700,313.397100,350.948100
164.299,3,0.478934,1.765300,0.093659,-0.199242,-0.371328,-0.156161,0.893326,331.839100,317.005400,351.452400
164.410,3,0.493722,1.758540,0.047927,-0.186410,-0.336935,-0.148506,0.910863,333.917700,321.555600,350.714500
164.521,3,0.504395,1.756616,0.017116,-0.177277,-0.313332,-0.140369,0.922330,335.481900,324.509200,350.648400
164.632,3,0.510877,1.756365,-0.005687,-0.173219,-0.296726,-0.135903,0.929236,336.260800,326.564500,350.583100
164.743,3,0.514544,1.753670,-0.023311,-0.170156,-0.289314,-0.128225,0.933222,336.934600,327.351900,351.192900
164.854,3,0.517074,1.751448,-0.034979,-0.164890,-0.284353,-0.123012,0.936388,337.743100,327.888600,351.512300
164.965,3,0.520197,1.749608,-0.046461,-0.165268,-0.281837,-0.119757,0.937504,337.828300,328.136600,351.843400
165.077,3,0.522120,1.748250,-0.052036,-0.164123,-0.278891,-0.117432,0.938879,338.057000,328.464000,352.007900
165.187,3,0.523129,1.746342,-0.054434,-0.159189,-0.278007,-0.116501,0.940106,338.648700,328.573300,351.943300
165.299,3,0.521784,1.745031,-0.054971,-0.154160,-0.280498,-0.116106,0.940253,339.204400,328.268200,351.891700
165.410,3,0.516905,1.742450,-0.052690,-0.144073,-0.284268,-0.113635,0.941022,340.381400,327.777000,351.947100
165.520,3,0.507842,1.738197,-0.045503,-0.124871,-0.279146,-0.106651,0.946103,342.793000,328.327200,352.051700
165.631,3,0.496042,1.734354,-0.038951,-0.112521,-0.276383,-0.096812,0.949515,344.502600,328.529800,352.747600
165.742,3,0.484443,1.722007,-0.032928,-0.095898,-0.272845,-0.086494,0.953351,346.700100,328.833600,353.356600
165.852,3,0.473922,1.702649,-0.029342,-0.099006,-0.264450,-0.078262,0.956106,346.660900,329.749700,354.261500
165.964,3,0.464145,1.690226,-0.023317,-0.093709,-0.257543,-0.065599,0.959472,347.666000,330.442100,355.443300
166.075,3,0.461846,1.703394,-0.019579,-0.087000,-0.263136,-0.058715,0.959032,348.593300,329.704500,356.090600
166.186,3,0.463500,1.715480,-0.015226,-0.084974,-0.262266,-0.060578,0.959336,348.766200,329.832100,355.810400
166.298,3,0.464952,1.715909,-0.013831,-0.077811,-0.269188,-0.057197,0.958234,349.635100,328.975900,356.052200
166.409,3,0.474771,1.721287,-0.011103,-0.083967,-0.281177,-0.055747,0.954349,348.952900,327.501600,356.542800
166.521,3,0.491931,1.723675,-0.007755,-0.095341,-0.286303,-0.057843,0.951628,347.609200,326.865200,356.742700
166.632,3,0.515522,1.727580,-0.006220,-0.109010,-0.282094,-0.056006,0.951527,346.169600,327.296300,357.339000
166.744,3,0.545811,1.731959,-0.008861,-0.121430,-0.279116,-0.058409,0.950756,344.721800,327.623300,357.428600
166.855,3,0.572124,1.734561,-0.010743,-0.132728,-0.273334,-0.058959,0.950892,343.462000,328.269200,357.634300
166.966,3,0.596512,1.731841,-0.011105,-0.132700,-0.281093,-0.062254,0.948421,343.338900,327.363400,357.398500
167.078,3,0.608750,1.732094,-0.014964,-0.112216,-0.288036,-0.058525,0.949220,345.714800,326.584100,357.252000
167.188,3,0.615047,1.732890,-0.023401,-0.107220,-0.287614,-0.050835,0.950367,346.524000,326.568100,357.940500
167.300,3,0.610047,1.731402,-0.027153,-0.105683,-0.283203,-0.050266,0.951893,346.722400,327.108500,357.889900
167.406,3,0.586802,1.722762,-0.024455,-0.104676,-0.280396,-0.051733,0.952756,346.792800,327.473400,357.652600
167.519,3,0.560186,1.699155,-0.013571,-0.097142,-0.282350,-0.045685,0.953286,347.818600,327.204600,358.109500
167.630,3,0.536487,1.665012,0.004696,-0.081582,-0.284736,-0.040890,0.954253,349.689300,326.937200,358.160600
167.741,3,0.512058,1.619990,0.034616,-0.065268,-0.289601,-0.035394,0.954264,351.658900,326.361600,358.277200
167.850,3,0.489910,1.567014,0.066557,-0.050854,-0.293653,-0.024675,0.954239,353.595600,325.845600,359.006800
167.962,3,0.472677,1.522307,0.090496,-0.044680,-0.302998,-0.021720,0.951695,354.364200,324.719900,359.178600
168.074,3,0.462223,1.491465,0.102975,-0.043922,-0.308939,-0.016478,0.949924,354.627700,323.979600,359.760200
168.186,3,0.452865,1.472598,0.115459,-0.045082,-0.314835,-0.019533,0.947874,354.389600,323.276700,359.502400
168.297,3,0.444382,1.475136,0.125696,-0.057459,-0.318980,-0.026676,0.945642,352.779400,322.770100,359.203200
168.408,3,0.429852,1.497277,0.139961,-0.073650,-0.319834,-0.029935,0.944132,350.896400,322.614900,359.453700
168.520,3,0.418325,1.521003,0.149915,-0.084727,-0.318551,-0.031262,0.943594,349.641200,322.717800,359.707800
168.631,3,0.405337,1.545914,0.163675,-0.099859,-0.321130,-0.036489,0.941048,347.796800,322.344300,359.733900
168.742,3,0.395885,1.563224,0.178605,-0.104207,-0.321108,-0.037917,0.940528,347.269200,322.327800,359.741500
168.854,3,0.389301,1.578559,0.191834,-0.104605,-0.322262,-0.039809,0.940011,347.154900,322.202800,359.563800
168.965,3,0.385137,1.600895,0.206211,-0.107630,-0.327459,-0.045882,0.937594,346.592500,321.603700,359.084100
169.077,3,0.383734,1.620527,0.214402,-0.116077,-0.325532,-0.050677,0.937010,345.491500,321.830000,358.852000
169.188,3,0.379918,1.646371,0.221364,-0.123443,-0.333566,-0.055026,0.932989,344.511100,320.818000,358.791500
169.299,3,0.379397,1.666895,0.223322,-0.132658,-0.339435,-0.061328,0.929207,343.251700,320.076700,358.568900
169.410,3,0.381030,1.693278,0.223380,-0.154183,-0.342704,-0.072522,0.923863,340.452100,319.592400,358.277700
169.522,3,0.383977,1.716640,0.221198,-0.182590,-0.345099,-0.085758,0.916632,336.801100,319.137900,358.055100
169.633,3,0.387622,1.734872,0.217672,-0.212706,-0.342686,-0.097811,0.909811,332.994200,319.218900,357.929000
169.745,3,0.394034,1.747636,0.211930,-0.246006,-0.341165,-0.113161,0.900157,328.660900,319.161200,357.593200
169.856,3,0.401552,1.754028,0.204352,-0.278218,-0.339197,-0.124481,0.889969,324.573500,319.010500,357.691200
169.967,3,0.411076,1.760692,0.196736,-0.306325,-0.339823,-0.135456,0.878827,320.914800,318.502700,357.793000
170.078,3,0.418463,1.765076,0.190377,-0.325419,-0.340050,-0.143224,0.870607,318.392100,318.147200,357.848800
170.189,3,0.423995,1.770653,0.187150,-0.338205,-0.338862,-0.147875,0.865403,316.718300,318.067800,357.895500
170.300,3,0.423900,1.777277,0.192839,-0.333538,-0.336145,-0.148859,0.868101,317.221500,318.711900,357.328200
170.410,3,0.418084,1.778988,0.206336,-0.313331,-0.340898,-0.136818,0.875724,320.054000,318.166900,358.056400
170.521,3,0.412960,1.770554,0.220011,-0.284562,-0.347556,-0.130831,0.883806,323.563000,317.850200,357.616700
170.633,3,0.406655,1.765083,0.229157,-0.282172,-0.344752,-0.132674,0.885394,323.761700,318.389500,357.130500
170.744,3,0.396534,1.768856,0.239655,-0.291089,-0.331929,-0.128504,0.888019,322.965700,319.851300,357.488100
170.855,3,0.382329,1.770098,0.251007,-0.291163,-0.329722,-0.123177,0.889570,323.184000,319.971900,358.057000
170.966,3,0.357919,1.780149,0.268434,-0.299542,-0.327117,-0.120729,0.888084,322.336500,320.014300,358.663400
171.078,3,0.336754,1.798154,0.282908,-0.300205,-0.323891,-0.120005,0.889140,322.295800,320.437500,358.628600
171.188,3,0.315497,1.819767,0.296069,-0.308592,-0.318251,-0.115379,0.888918,321.532800,320.825400,359.362900
171.300,3,0.303141,1.836331,0.303823,-0.315781,-0.314021,-0.116880,0.887701,320.650900,321.281200,359.319500
171.411,3,0.292472,1.847715,0.311917,-0.316783,-0.307206,-0.118551,0.889505,320.476200,322.327600,358.791600
171.522,3,0.289177,1.840894,0.315032,-0.317858,-0.298759,-0.118343,0.892023,320.373100,323.534600,358.422500
171.633,3,0.290621,1.820968,0.314039,-0.311568,-0.292291,-0.117582,0.896474,321.144200,324.628000,357.889200
171.744,3,0.296758,1.790107,0.305022,-0.303778,-0.281778,-0.110091,0.903438,322.343100,326.039600,357.993000
171.855,3,0.307064,1.766272,0.292547,-0.285407,-0.281795,-0.103615,0.910164,324.694900,326.214400,358.050600
171.966,3,0.333127,1.769439,0.271907,-0.245192,-0.293744,-0.094401,0.919067,329.591900,325.083400,358.041500
172.077,3,0.365254,1.762449,0.249139,-0.220460,-0.302267,-0.089475,0.923053,332.543000,324.239800,357.939500
172.188,3,0.417975,1.756953,0.208168,-0.197226,-0.313310,-0.080487,0.925452,335.450400,322.941100,358.400700
172.299,3,0.465528,1.750426,0.171872,-0.180273,-0.326810,-0.072963,0.924864,337.595400,321.287600,358.938200
172.409,3,0.526421,1.744728,0.125137,-0.157452,-0.344270,-0.066937,0.923151,340.318500,319.256300,359.076600
172.520,3,0.567126,1.746195,0.091162,-0.145491,-0.348103,-0.064652,0.923838,341.709700,318.883600,358.903800
172.631,3,0.603701,1.750698,0.051222,-0.139963,-0.346568,-0.065688,0.925195,342.270900,319.159400,358.523900
172.742,3,0.624661,1.751195,0.018727,-0.131942,-0.356683,-0.065970,0.922506,343.112400,317.967700,358.347600
172.852,3,0.638366,1.750022,-0.009762,-0.130186,-0.360837,-0.070023,0.920840,343.124400,317.515000,357.903500
172.964,3,0.644999,1.749196,-0.034457,-0.127766,-0.358501,-0.075054,0.921694,343.181800,317.905900,357.200900
173.073,3,0.645806,1.751084,-0.053091,-0.129787,-0.355034,-0.077824,0.922524,342.859000,318.366600,356.914800
173.185,3,0.643124,1.751396,-0.063974,-0.128510,-0.353263,-0.082698,0.922958,342.803700,318.672800,356.287400
173.288,3,0.638768,1.752577,-0.070384,-0.124667,-0.349414,-0.085398,0.924703,343.127800,319.229900,355.756200
173.397,3,0.635915,1.752348,-0.072102,-0.123955,-0.348684,-0.085402,0.925073,343.208300,319.327600,355.713000
173.507,3,0.633458,1.751719,-0.070900,-0.119030,-0.345194,-0.086936,0.926885,343.699600,319.823400,355.279700
173.608,3,0.632964,1.750766,-0.069211,-0.116041,-0.342226,-0.088456,0.928220,343.980300,320.235700,354.939200
173.719,3,0.631998,1.750215,-0.068014,-0.114031,-0.341329,-0.087086,0.928928,344.258200,320.341100,354.996300
173.831,3,0.630779,1.749965,-0.068071,-0.116634,-0.343741,-0.088702,0.927562,343.897800,320.045100,354.962200
173.942,3,0.628794,1.749020,-0.068308,-0.113049,-0.343403,-0.086011,0.928384,344.396500,320.071900,355.112500
174.055,3,0.627165,1.748640,-0.067666,-0.111718,-0.342133,-0.084905,0.929115,344.591700,320.224100,355.160700
174.165,3,0.622518,1.747098,-0.067260,-0.103212,-0.345210,-0.077435,0.929613,345.797000,319.791300,355.698700
174.276,3,0.618656,1.745567,-0.067566,-0.095743,-0.348429,-0.071519,0.929686,346.828800,319.360500,356.097900
174.388,3,0.616284,1.744665,-0.067314,-0.092566,-0.348594,-0.068262,0.930191,347.302800,319.321000,356.329300
174.498,3,0.616085,1.744830,-0.067378,-0.092356,-0.346610,-0.067767,0.930989,347.353100,319.564000,356.347600
174.610,3,0.617202,1.744019,-0.066479,-0.089119,-0.346788,-0.067260,0.931274,347.723000,319.552000,356.276000
174.721,3,0.617120,1.743799,-0.065951,-0.087133,-0.349423,-0.067886,0.930432,347.902000,319.239400,356.162900
174.832,4,0.617798,1.743342,-0.064741,-0.085511,-0.350119,-0.069309,0.930216,348.017000,319.174000,355.951300
174.942,4,0.617065,1.743107,-0.064346,-0.084925,-0.352971,-0.069002,0.929214,348.080400,318.818400,355.998200
175.055,4,0.617868,1.742890,-0.063529,-0.084647,-0.352094,-0.068885,0.929580,348.119000,318.927600,355.988400
175.166,4,0.618307,1.742617,-0.062826,-0.081063,-0.349413,-0.068898,0.930909,348.517200,319.274700,355.808600
175.278,4,0.617232,1.741914,-0.062053,-0.077389,-0.351348,-0.067257,0.930614,348.971300,319.032000,355.863600
175.388,4,0.613536,1.741027,-0.062168,-0.071850,-0.360040,-0.061710,0.928117,349.758000,317.923100,356.340500
175.500,4,0.609435,1.739984,-0.061377,-0.065827,-0.369224,-0.056315,0.925294,350.595500,316.758500,356.769000
175.610,4,0.599726,1.735923,-0.060380,-0.044244,-0.394341,-0.039539,0.917046,353.550200,313.585700,357.830100
175.721,4,0.583466,1.725307,-0.059320,0.001873,-0.429955,-0.005611,0.902831,359.917300,309.070200,359.327200
175.835,4,0.564627,1.707852,-0.060504,0.067515,-0.473154,0.041284,0.877418,9.064445,303.367200,0.496401
175.948,4,0.533338,1.673387,-0.066212,0.171249,-0.542359,0.120212,0.813677,24.146980,292.761400,0.619712
176.062,4,0.514233,1.650063,-0.073211,0.217874,-0.587878,0.157928,0.762882,31.205540,284.479700,358.981400
176.162,4,0.497452,1.628919,-0.081038,0.252027,-0.623390,0.194473,0.714177,37.045410,276.889000,357.382900
176.262,4,0.487074,1.611947,-0.089211,0.280955,-0.648589,0.228623,0.669424,42.277410,270.061500,355.476200
176.376,4,0.480856,1.609628,-0.096190,0.275337,-0.682796,0.230608,0.636238,41.703500,263.536700,353.651500
176.488,4,0.481653,1.619835,-0.100393,0.244496,-0.729527,0.208118,0.603903,36.795380,256.717800,352.439000
176.600,4,0.488116,1.642797,-0.102823,0.184033,-0.786675,0.142136,0.571902,25.729790,250.179900,351.897300
176.707,4,0.500621,1.662540,-0.095339,0.141234,-0.813083,0.088994,0.557700,17.592920,247.674400,352.137000
176.819,4,0.506594,1.670330,-0.078511,0.125800,-0.790151,0.077720,0.594807,15.811610,253.061000,353.654300
176.930,4,0.504204,1.677134,-0.037533,0.117539,-0.683203,0.069312,0.717367,15.268680,272.307300,356.365100
177.042,4,0.502482,1.680072,0.008456,0.113389,-0.518348,0.063777,0.845217,14.939170,296.885000,359.422500
177.152,4,0.501327,1.679682,0.048079,0.115355,-0.327070,0.049174,0.936643,14.374500,321.626500,0.985356
177.264,4,0.488400,1.675358,0.071710,0.123191,-0.181989,0.029957,0.975093,14.545550,338.958800,0.804054
177.375,4,0.466741,1.670462,0.082625,0.122518,-0.060622,0.003766,0.990606,14.074950,352.942100,359.563300
177.487,4,0.436213,1.671583,0.085561,0.115988,0.167359,-0.031834,0.978532,13.747980,19.243900,358.615000
177.599,4,0.414628,1.677419,0.076824,0.112573,0.328611,-0.058948,0.935878,14.445040,38.422280,357.848700
177.710,4,0.393378,1.680254,0.045484,0.113592,0.490729,-0.079211,0.860237,15.853220,59.200230,358.523100
177.821,4,0.377040,1.679658,0.005364,0.102099,0.583653,-0.103162,0.798926,16.472860,71.904720,357.271100
177.932,4,0.366852,1.676654,-0.041499,0.090583,0.663059,-0.115914,0.733970,16.659620,83.750050,357.006500
178.044,4,0.356020,1.674294,-0.094415,0.080576,0.732984,-0.131758,0.662481,17.452360,95.263730,356.607500
178.154,4,0.342568,1.673582,-0.142328,0.074050,0.783426,-0.141783,0.600548,18.125190,104.532600,356.726400
178.265,4,0.317368,1.673959,-0.201973,0.068838,0.842414,-0.151031,0.512630,18.967870,116.963400,357.644600
178.376,4,0.295435,1.670708,-0.235013,0.066759,0.869584,-0.166798,0.459941,20.579050,123.834500,357.714800
178.487,4,0.274644,1.664128,-0.260339,0.068244,0.889510,-0.187278,0.411148,22.910120,129.974500,357.972300
178.598,4,0.262732,1.662053,-0.266509,0.067544,0.898958,-0.197181,0.385269,23.988950,133.196200,358.087100
178.709,4,0.257476,1.661407,-0.261272,0.063067,0.908529,-0.203844,0.359228,24.563880,136.415800,357.992700
178.820,4,0.258969,1.660913,-0.248909,0.063590,0.914624,-0.208012,0.340810,25.077840,138.768600,358.389000
178.931,4,0.262668,1.659053,-0.232674,0.065226,0.920249,-0.214730,0.320591,25.914600,141.327500,358.876700
179.043,4,0.266574,1.654915,-0.214820,0.064814,0.925449,-0.221017,0.300823,26.620200,143.788600,359.166200
179.154,4,0.268962,1.651314,-0.196577,0.067081,0.928880,-0.228543,0.283640,27.556980,145.959500,359.675000
179.265,4,0.268904,1.649538,-0.179780,0.068850,0.932565,-0.231155,0.268607,27.912430,147.932200,0.274500
179.376,4,0.268703,1.647333,-0.167520,0.069700,0.933401,-0.233569,0.263344,28.212130,148.604900,0.461575
179.487,4,0.266344,1.643688,-0.153663,0.069760,0.931735,-0.240484,0.263005,29.001220,148.533300,0.229171
179.598,4,0.263557,1.642695,-0.144269,0.069848,0.930336,-0.241205,0.267241,29.086880,147.964200,0.068564
179.709,4,0.261762,1.642270,-0.136558,0.067302,0.929935,-0.240959,0.269501,28.975040,147.596500,359.691800
179.820,4,0.263205,1.639643,-0.133881,0.070041,0.928405,-0.243013,0.272219,29.298630,147.277800,359.852000
179.932,4,0.267119,1.632249,-0.138005,0.073675,0.925166,-0.251945,0.274161,30.436220,146.954100,359.878800
180.043,4,0.273573,1.623730,-0.151003,0.074319,0.925001,-0.255677,0.271071,30.883440,147.312900,359.925000
180.154,4,0.281076,1.612739,-0.169012,0.074592,0.923799,-0.260878,0.270136,31.486490,147.340900,359.789800
180.265,4,0.292864,1.588895,-0.202461,0.075228,0.915348,-0.291396,0.267522,35.009120,147.015400,358.727400
180.376,4,0.305795,1.568301,-0.236588,0.075038,0.911125,-0.297950,0.274674,35.743780,145.834000,358.097800
180.487,4,0.325752,1.532514,-0.284323,0.082293,0.901140,-0.315525,0.285688,38.001750,144.019000,357.675000
180.599,4,0.345109,1.502537,-0.324532,0.089350,0.892973,-0.323287,0.300169,39.124900,141.934300,357.450700
180.709,4,0.369672,1.467592,-0.370304,0.092379,0.887910,-0.330907,0.305913,40.102080,140.928400,357.121700
180.821,4,0.389110,1.442837,-0.401894,0.092886,0.888246,-0.324221,0.311886,39.339530,140.318600,357.240900
180.932,4,0.403233,1.420073,-0.423745,0.089273,0.886626,-0.322271,0.319478,38.940170,139.127600,356.490400
181.043,4,0.413651,1.402138,-0.435276,0.091903,0.882692,-0.323380,0.328379,39.142350,137.869400,356.293500
181.155,4,0.418827,1.394997,-0.438359,0.092908,0.880392,-0.324471,0.333161,39.288820,137.152500,356.102200
181.271,4,0.418399,1.394171,-0.434380,0.092557,0.880792,-0.328501,0.328216,39.750050,137.707100,356.077700
181.382,4,0.411669,1.400602,-0.424380,0.091310,0.887500,-0.328166,0.310343,39.729950,140.331400,356.898300
181.493,4,0.399512,1.413561,-0.410936,0.082406,0.900569,-0.320216,0.282217,38.554980,144.372000,357.631600
181.603,4,0.378629,1.425604,-0.399103,0.075383,0.918529,-0.316406,0.224743,37.962050,152.408900,359.728500
181.711,4,0.357375,1.433497,-0.382132,0.072293,0.929023,-0.314145,0.181667,37.586780,158.368000,1.459516
181.817,4,0.341253,1.435950,-0.370218,0.062179,0.935545,-0.313417,0.150527,37.239740,162.252400,1.582581
181.929,4,0.311178,1.437941,-0.355953,0.053567,0.942779,-0.318095,0.084343,37.504420,170.937500,3.421525
182.040,4,0.295364,1.439363,-0.345985,0.042727,0.945782,-0.316365,0.059873,37.123950,173.792300,3.086955
182.151,4,0.287718,1.440926,-0.336857,0.037230,0.946225,-0.315647,0.060320,37.001620,173.482400,2.323365
182.263,4,0.292025,1.442128,-0.332156,0.031819,0.946130,-0.310700,0.085386,36.395730,169.853700,0.508965
182.373,4,0.305236,1.441834,-0.327693,0.029286,0.939569,-0.311346,0.139341,36.386140,162.386100,357.740800
182.476,4,0.313582,1.443035,-0.323191,0.031437,0.933722,-0.314225,0.168634,36.683870,158.404400,356.620700
182.584,4,0.318102,1.447508,-0.320189,0.033845,0.931049,-0.311533,0.186950,36.353030,156.042500,356.194000
182.694,4,0.319567,1.449290,-0.319777,0.034832,0.929825,-0.309206,0.196479,36.065000,154.826400,355.975600
182.806,4,0.322131,1.449274,-0.320128,0.037974,0.926735,-0.310904,0.207506,36.299790,153.389500,355.827000
182.917,4,0.324013,1.449961,-0.321131,0.039670,0.925415,-0.308791,0.216059,36.062120,152.330300,355.742500
183.028,4,0.325002,1.451015,-0.321638,0.039554,0.924782,-0.305735,0.223027,35.670220,151.445500,355.537000
183.139,4,0.324925,1.452044,-0.322313,0.042213,0.924465,-0.303669,0.226645,35.492610,151.105700,355.801900
183.250,4,0.326950,1.454449,-0.320490,0.041691,0.922662,-0.296825,0.242594,34.608550,149.080300,355.325000
183.361,4,0.329485,1.457818,-0.315719,0.045639,0.921224,-0.290360,0.254864,33.933900,147.722300,355.581700
183.468,4,0.332421,1.462574,-0.308324,0.047753,0.919696,-0.285751,0.265001,33.429970,146.539000,355.628500
183.581,4,0.334137,1.467788,-0.298698,0.049816,0.919693,-0.277071,0.273706,32.473540,145.664400,355.918900
183.693,4,0.334519,1.471691,-0.288919,0.049303,0.919906,-0.272844,0.277305,31.959900,145.275600,355.903100
183.804,4,0.334720,1.474930,-0.279766,0.047604,0.920574,-0.268458,0.279655,31.392390,145.023700,355.800800
183.915,4,0.335041,1.476435,-0.272288,0.046756,0.920277,-0.266369,0.282758,31.111620,144.635800,355.674100
184.026,4,0.335897,1.479275,-0.263692,0.047190,0.920741,-0.265301,0.282179,31.009470,144.756000,355.796400
184.138,4,0.336376,1.482008,-0.262891,0.050798,0.922284,-0.263421,0.278247,30.941730,145.444700,356.464500
184.248,4,0.334554,1.479666,-0.274765,0.056341,0.921193,-0.270111,0.274351,31.908480,145.973300,357.001300
184.360,4,0.334756,1.471759,-0.295423,0.083311,0.920231,-0.256232,0.283865,31.257420,145.860400,0.526761
184.471,4,0.339037,1.456709,-0.320692,0.090987,0.908769,-0.252523,0.319520,31.138850,141.331600,0.267795
184.582,4,0.343010,1.441118,-0.355335,0.100613,0.889996,-0.254717,0.364560,31.786350,135.322800,359.553200
184.693,4,0.344993,1.430333,-0.397707,0.111383,0.868085,-0.259362,0.408355,32.769700,129.245100,358.743200
184.805,4,0.344032,1.425400,-0.439532,0.123564,0.844422,-0.265752,0.448396,34.029880,123.435200,357.950000
184.916,4,0.341794,1.421378,-0.470779,0.135220,0.822883,-0.260445,0.486568,34.070870,118.153400,357.861700
185.028,4,0.337253,1.420830,-0.502255,0.144181,0.801906,-0.265762,0.515296,35.087270,113.606500,357.012100
185.138,4,0.330278,1.427960,-0.516235,0.151299,0.794013,-0.267800,0.524343,35.727970,112.197300,357.135300
185.254,4,0.318902,1.441152,-0.524662,0.154426,0.786084,-0.266090,0.536116,35.726660,110.443400,356.997200
185.360,4,0.306031,1.449032,-0.526263,0.146297,0.790734,-0.266428,0.531369,35.227350,111.044100,356.365800
185.476,4,0.294098,1.448146,-0.522709,0.142651,0.810669,-0.262992,0.503291,34.749430,115.603400,357.667800
185.592,4,0.279535,1.455463,-0.510692,0.143197,0.808296,-0.264502,0.506153,34.928260,115.092900,357.464800
185.706,4,0.266079,1.464707,-0.499868,0.133672,0.817080,-0.258969,0.497441,33.792310,116.512200,357.296300
185.808,4,0.253782,1.471837,-0.484224,0.137371,0.819016,-0.256822,0.494352,33.814180,117.164200,358.006400
185.913,4,0.245604,1.476543,-0.462662,0.142328,0.815765,-0.250885,0.501326,33.506510,116.454500,358.671100
186.023,4,0.243026,1.474841,-0.447565,0.145268,0.811614,-0.250332,0.507459,33.626790,115.589100,358.743200
186.132,4,0.242416,1.466005,-0.435503,0.160976,0.812201,-0.250938,0.501444,34.685020,116.832400,0.684742
186.236,4,0.246035,1.461339,-0.427541,0.168910,0.808721,-0.250734,0.504552,35.169320,116.529200,1.414903
186.347,4,0.251758,1.461510,-0.419764,0.177792,0.803221,-0.248887,0.511156,35.561900,115.760500,2.196134
186.458,4,0.256875,1.460484,-0.416020,0.187025,0.792038,-0.244397,0.527226,35.757260,113.578600,2.723342
186.569,4,0.264421,1.458315,-0.418612,0.197552,0.775537,-0.234231,0.551953,35.548250,110.201900,3.371457
186.680,4,0.274117,1.455317,-0.426035,0.202419,0.753427,-0.225570,0.583518,35.178870,105.414300,2.929155
186.792,4,0.284525,1.447691,-0.438487,0.189404,0.716586,-0.241041,0.626522,35.646600,96.979040,357.842900
186.902,4,0.292335,1.438544,-0.456611,0.210918,0.681706,-0.231523,0.661202,36.482620,91.312580,358.674500
187.014,4,0.297407,1.427877,-0.472593,0.214775,0.668343,-0.219378,0.677542,35.751930,88.984760,359.280600
187.116,4,0.302619,1.399874,-0.489476,0.208730,0.665416,-0.202760,0.687417,33.835360,88.115980,359.932600
187.222,4,0.306742,1.361381,-0.505610,0.191659,0.661267,-0.176832,0.703366,30.230410,86.550480,0.313063
187.329,4,0.309845,1.328241,-0.515110,0.159882,0.671704,-0.145266,0.708625,24.944770,87.060070,0.562869
187.436,4,0.310327,1.308941,-0.517558,0.131915,0.677701,-0.108216,0.715269,19.595930,87.162250,1.459262
187.553,4,0.317803,1.280335,-0.518920,0.126806,0.675854,-0.092818,0.720088,17.943920,86.728940,2.272868
187.672,4,0.334572,1.252485,-0.525091,0.124710,0.681469,-0.097397,0.714536,18.117470,87.582110,1.856195
187.790,4,0.349919,1.239568,-0.528211,0.128185,0.677687,-0.107365,0.716088,19.214330,87.048700,1.211944
187.907,4,0.363595,1.237279,-0.529587,0.128114,0.676101,-0.111320,0.716996,19.526420,86.779400,0.827003
188.021,4,0.373018,1.235385,-0.529994,0.127505,0.676417,-0.110335,0.716958,19.396070,86.815100,0.867612
188.138,4,0.381842,1.231741,-0.530578,0.129399,0.676289,-0.113757,0.716204,19.829190,86.844780,0.735522
188.245,4,0.389684,1.228289,-0.532361,0.133185,0.676408,-0.117345,0.714818,20.435480,86.973860,0.759032
188.353,4,0.396614,1.229440,-0.534931,0.130206,0.674597,-0.117714,0.717014,20.214620,86.582960,0.419269
188.464,4,0.410040,1.232707,-0.541288,0.125998,0.673652,-0.117380,0.718707,19.831640,86.304310,0.062932
188.574,4,0.430674,1.232666,-0.551539,0.125089,0.673887,-0.122341,0.717817,20.149460,86.307660,359.570100
188.685,4,0.453302,1.232003,-0.562305,0.123378,0.674118,-0.126305,0.717210,20.320100,86.289670,359.093800
188.794,4,0.468301,1.231156,-0.569760,0.123532,0.675912,-0.131431,0.714569,20.745430,86.581250,358.723100
188.900,4,0.476805,1.230234,-0.573369,0.124408,0.675626,-0.135299,0.713965,21.128990,86.551670,358.458600
189.004,4,0.479963,1.229995,-0.573734,0.126674,0.674099,-0.134976,0.715070,21.292940,86.364040,358.631400
189.111,4,0.478182,1.230080,-0.571988,0.130401,0.671880,-0.135528,0.716383,21.650960,86.104420,358.831700
189.221,4,0.473656,1.231537,-0.569978,0.130516,0.669114,-0.134409,0.719157,21.567250,85.652130,358.850200
189.329,4,0.469967,1.232440,-0.568916,0.129852,0.669428,-0.133010,0.719245,21.399660,85.687650,358.924200
189.439,4,0.468714,1.232317,-0.568996,0.130883,0.668334,-0.135394,0.719630,21.675700,85.531750,358.771700
189.548,4,0.467470,1.231853,-0.568977,0.132105,0.668119,-0.135364,0.719613,21.777740,85.532690,358.871200
189.658,4,0.466812,1.232059,-0.569828,0.132136,0.667583,-0.137371,0.719724,21.938760,85.439900,358.683200
189.768,4,0.466906,1.231816,-0.570578,0.132997,0.667528,-0.138098,0.719477,22.070370,85.454900,358.691700
189.878,4,0.467566,1.232041,-0.572000,0.133174,0.667603,-0.137091,0.719568,22.005760,85.475170,358.796100
189.989,4,0.469300,1.232840,-0.576449,0.132792,0.669774,-0.138319,0.717382,22.074420,85.820510,358.727900
190.099,4,0.471183,1.232920,-0.581125,0.131341,0.672688,-0.139902,0.714611,22.082160,86.257690,358.562400
190.207,4,0.474085,1.231697,-0.586195,0.133039,0.676117,-0.141773,0.710681,22.383640,86.879540,358.660800
190.315,4,0.475975,1.231041,-0.587946,0.133103,0.675367,-0.142682,0.711199,22.460790,86.754180,358.563800
190.423,4,0.479062,1.231120,-0.587984,0.133424,0.674080,-0.143435,0.712209,22.545930,86.546800,358.483900
190.532,4,0.482745,1.231734,-0.587925,0.131916,0.671571,-0.143932,0.714755,22.451230,86.080050,358.228500
190.641,4,0.486572,1.235157,-0.588811,0.132064,0.670031,-0.145140,0.715927,22.556420,85.824970,358.085900
190.750,4,0.488275,1.241827,-0.585662,0.131700,0.666065,-0.145069,0.719700,22.508480,85.155030,357.929800
190.857,4,0.494209,1.248406,-0.581449,0.127101,0.666954,-0.142985,0.720120,21.949180,85.173830,357.751400
190.965,4,0.504448,1.251058,-0.574473,0.124919,0.676288,-0.132062,0.713855,20.914340,86.682290,358.798600
191.071,4,0.519781,1.251460,-0.570249,0.123151,0.687610,-0.127217,0.704161,20.388670,88.529630,359.400800
191.171,4,0.542263,1.250647,-0.566005,0.119031,0.693754,-0.125634,0.699109,19.922520,89.446930,359.359600
191.288,4,0.573165,1.248091,-0.562059,0.123926,0.699205,-0.133750,0.691279,21.000210,90.521010,359.286900
191.389,4,0.593920,1.245848,-0.559820,0.127250,0.707014,-0.137442,0.681945,21.586270,91.979740,359.536700
191.506,4,0.614578,1.244864,-0.555270,0.127951,0.705433,-0.143120,0.682283,22.118340,91.732810,359.086200
191.623,4,0.634547,1.242958,-0.551675,0.128535,0.709395,-0.145611,0.677521,22.380820,92.449870,359.073900
191.739,4,0.649766,1.240622,-0.548370,0.131783,0.710633,-0.145315,0.675661,22.619680,92.777650,359.437100
191.839,4,0.664123,1.237738,-0.546382,0.132774,0.712055,-0.145064,0.674021,22.679270,93.063040,359.598300
191.955,4,0.682937,1.230157,-0.545643,0.134698,0.714357,-0.148795,0.670381,23.152660,93.547880,359.560500
192.072,4,0.693554,1.223950,-0.546814,0.135817,0.716194,-0.152215,0.667421,23.535960,93.925170,359.460000
192.187,4,0.699027,1.219252,-0.548995,0.137072,0.717241,-0.153718,0.665694,23.765890,94.163430,359.497200
192.304,4,0.701183,1.217391,-0.551687,0.137030,0.719798,-0.155589,0.662500,23.925600,94.629250,359.442900
192.420,4,0.702246,1.217542,-0.553370,0.139908,0.721972,-0.155292,0.659596,24.129350,95.131980,359.821700
192.535,4,0.700791,1.218784,-0.556430,0.138733,0.724097,-0.154206,0.657767,23.943030,95.470230,359.877600
192.651,4,0.695129,1.221715,-0.559541,0.138788,0.725636,-0.153498,0.656223,23.886030,95.750810,-0.002461
192.765,4,0.683083,1.226643,-0.563354,0.136447,0.725715,-0.150866,0.657236,23.473660,95.666110,359.983300
192.881,4,0.665316,1.232141,-0.568560,0.135298,0.725071,-0.148792,0.658656,23.203490,95.498430,0.012229
192.982,4,0.643200,1.238908,-0.574199,0.130819,0.722681,-0.145837,0.662835,22.594710,94.893900,359.736200
193.083,4,0.621147,1.245599,-0.580152,0.128973,0.720998,-0.145059,0.665196,22.380720,94.524620,359.565800
193.199,4,0.597456,1.253480,-0.585594,0.123862,0.717609,-0.141834,0.670507,21.694820,93.739910,359.233300
193.300,4,0.571965,1.260286,-0.591857,0.119825,0.714010,-0.137706,0.675921,21.016140,92.968130,359.076500
193.401,4,0.538248,1.266495,-0.602388,0.113838,0.710340,-0.132541,0.681830,20.092360,92.140860,358.839900
193.501,4,0.512922,1.268434,-0.610189,0.113288,0.708282,-0.129345,0.684669,19.776670,91.765750,358.986900
193.618,4,0.489136,1.271313,-0.616697,0.110872,0.703758,-0.125656,0.690393,19.266010,90.918690,358.940800
193.721,4,0.463208,1.274364,-0.625500,0.104321,0.701575,-0.120026,0.694625,18.260770,90.372920,358.771000
193.825,4,0.447922,1.272907,-0.630848,0.102359,0.698931,-0.120229,0.697541,18.111280,89.877290,358.514100
193.930,4,0.434815,1.270958,-0.635804,0.101069,0.697326,-0.120981,0.699203,18.062970,89.575590,358.298800
194.035,4,0.426037,1.269913,-0.639500,0.100130,0.696865,-0.120601,0.699863,17.953190,89.475620,358.237700
194.140,4,0.420947,1.268595,-0.641583,0.100596,0.696539,-0.120402,0.700156,17.974600,89.432030,358.285300
194.246,4,0.415579,1.269325,-0.642792,0.098529,0.695434,-0.120003,0.701615,17.768180,89.198070,358.113400
194.351,4,0.409413,1.272421,-0.640627,0.096719,0.692469,-0.117722,0.705176,17.424260,88.662900,358.073200
194.457,4,0.398601,1.273384,-0.633773,0.095077,0.686091,-0.114561,0.712120,17.014340,87.573890,358.040400
194.563,4,0.383456,1.277864,-0.624686,0.096471,0.676533,-0.115559,0.720863,17.184080,86.039030,357.836100
194.671,4,0.368900,1.284735,-0.617767,0.098108,0.675527,-0.117817,0.721219,17.499170,85.906780,357.752900
194.782,4,0.355922,1.300019,-0.606640,0.099397,0.670908,-0.122121,0.724630,17.933690,85.176300,357.372700
194.895,4,0.342879,1.312346,-0.593410,0.096602,0.676364,-0.122744,0.719815,17.764820,86.001850,357.229600
194.995,4,0.331397,1.318847,-0.574160,0.096127,0.681954,-0.124823,0.714225,17.912250,86.903730,357.157000
195.110,4,0.316945,1.322603,-0.543487,0.101430,0.684203,-0.121670,0.711881,18.113850,87.397480,357.923900
195.226,4,0.299187,1.323635,-0.506332,0.110460,0.683799,-0.132969,0.708898,19.782980,87.537180,357.718600
195.346,4,0.283646,1.329638,-0.480156,0.105115,0.693785,-0.124852,0.701445,18.705530,89.078930,358.227400
195.455,4,0.272195,1.331217,-0.459056,0.107921,0.697549,-0.124604,0.697318,18.925890,89.784480,358.593600
195.570,4,0.262810,1.330088,-0.445061,0.109655,0.708209,-0.123988,0.686326,19.034480,91.646930,359.098400
195.681,4,0.254305,1.329007,-0.433212,0.113646,0.717914,-0.124520,0.675410,19.408720,93.442370,359.694600
195.794,4,0.247177,1.330872,-0.426577,0.111311,0.727504,-0.124910,0.665391,19.261240,95.062550,359.740800
195.902,4,0.240747,1.330462,-0.421073,0.107587,0.732225,-0.126816,0.660447,19.136890,95.799050,359.396300
196.013,4,0.244047,1.323167,-0.419168,0.109348,0.728731,-0.131551,0.663090,19.678740,95.241110,359.081800
196.124,4,0.260412,1.314291,-0.412601,0.108529,0.716525,-0.131466,0.676410,19.585720,93.064800,358.642400
196.236,4,0.282720,1.304271,-0.403021,0.105713,0.695879,-0.134373,0.697511,19.541330,89.443430,357.547500
196.347,4,0.321748,1.292085,-0.390284,0.113450,0.676507,-0.141130,0.713828,20.665970,86.388660,357.060300
196.458,4,0.356906,1.282863,-0.380978,0.117990,0.658289,-0.139584,0.730240,20.860620,83.519420,357.023900
196.569,4,0.401116,1.269976,-0.373354,0.120533,0.642100,-0.146518,0.742773,21.544020,80.946810,356.124200
196.680,4,0.428852,1.259264,-0.369020,0.130228,0.630134,-0.151701,0.750306,22.743390,79.254900,356.050500
196.791,4,0.455515,1.249392,-0.367365,0.132554,0.621515,-0.154708,0.756448,23.131800,77.929840,355.678900
196.893,4,0.471246,1.242644,-0.367636,0.139271,0.620078,-0.157262,0.755894,23.927290,77.860920,355.920300
197.001,4,0.484839,1.238224,-0.367125,0.142971,0.616224,-0.160717,0.757626,24.501200,77.325540,355.757200
197.110,4,0.496475,1.235048,-0.366820,0.143544,0.611904,-0.165236,0.760043,24.860900,76.621810,355.226700
197.221,4,0.506451,1.231710,-0.367288,0.145355,0.610746,-0.168201,0.759980,25.238660,76.463340,355.046200
197.326,4,0.513845,1.229594,-0.367105,0.146720,0.608550,-0.170675,0.760928,25.531930,76.131860,354.839000
197.430,4,0.519792,1.228636,-0.366851,0.147970,0.606410,-0.172945,0.761881,25.799390,75.807400,354.642400
197.552,4,0.523434,1.231128,-0.369724,0.147984,0.608524,-0.171249,0.760574,25.691390,76.157770,354.881900
197.668,4,0.525101,1.239253,-0.381952,0.146004,0.624002,-0.169128,0.748800,25.450280,78.591360,355.485500
197.772,4,0.526072,1.250271,-0.410031,0.146430,0.659178,-0.169721,0.717800,25.719600,84.389200,356.780100
197.878,4,0.526379,1.258223,-0.436697,0.141128,0.686041,-0.173742,0.692275,25.708100,88.800570,357.015400
197.985,4,0.522781,1.276492,-0.482806,0.135485,0.731117,-0.181501,0.643560,26.089980,96.763880,357.734400
198.092,4,0.514035,1.299696,-0.520495,0.123543,0.759560,-0.186403,0.610786,25.727120,101.810700,357.453400
198.200,4,0.498000,1.317582,-0.552521,0.109687,0.788542,-0.186719,0.575592,24.881420,107.160300,357.348800
198.308,4,0.480935,1.326880,-0.569667,0.100083,0.799210,-0.191375,0.560912,24.719360,109.118200,356.546800
198.415,4,0.456099,1.337204,-0.579986,0.094582,0.807328,-0.195564,0.548663,24.806560,110.739700,356.091100
198.523,4,0.422392,1.356791,-0.580178,0.091043,0.813534,-0.197765,0.539224,24.832140,112.019200,355.883600
198.631,4,0.379161,1.394840,-0.567992,0.093176,0.815001,-0.205804,0.533608,25.778870,112.583900,355.684500
198.743,4,0.326294,1.453703,-0.545362,0.084334,0.815403,-0.202434,0.535749,24.865810,112.280100,354.981000
198.862,4,0.261084,1.515340,-0.512011,0.084332,0.811280,-0.217212,0.536220,26.287800,111.635800,353.846100
198.980,4,0.221611,1.547234,-0.489384,0.084526,0.807349,-0.226697,0.538193,27.195550,110.942300,353.056300
199.082,4,0.170183,1.584642,-0.463578,0.083002,0.806462,-0.244094,0.532116,28.818650,111.039000,351.738400
199.192,4,0.135313,1.608386,-0.448233,0.073362,0.804365,-0.249173,0.534348,28.636700,110.319000,350.274100
199.292,4,0.110167,1.619470,-0.438107,0.075601,0.803851,-0.251169,0.533875,28.981590,110.320400,350.349800
199.402,4,0.093216,1.628577,-0.428762,0.074191,0.799090,-0.249054,0.542146,28.586030,109.153100,350.066500
199.513,4,0.083558,1.634284,-0.421966,0.071705,0.794557,-0.243180,0.551726,27.746700,107.961900,349.953500
199.624,4,0.080653,1.635391,-0.418184,0.075373,0.792347,-0.243140,0.554426,27.961650,107.594400,350.211600
199.735,4,0.080553,1.635217,-0.416279,0.077631,0.790331,-0.244209,0.556518,28.191330,107.245600,350.260300
199.846,4,0.081049,1.633688,-0.415289,0.083431,0.788776,-0.247265,0.556536,28.877450,107.153200,350.560900
199.957,4,0.081637,1.634018,-0.415206,0.084992,0.785856,-0.248052,0.560069,29.016910,106.583400,350.504000
200.069,4,0.080446,1.633780,-0.417185,0.086692,0.784095,-0.249209,0.561761,29.222820,106.279100,350.500000
200.180,4,0.077426,1.635998,-0.418526,0.086075,0.781676,-0.247687,0.565885,28.988820,105.710400,350.407700
200.290,4,0.071867,1.640601,-0.418056,0.084985,0.782325,-0.239644,0.568609,28.138570,105.692700,350.894000
200.402,4,0.063934,1.645532,-0.415752,0.084953,0.781921,-0.231016,0.572725,27.295630,105.483600,351.473100
200.513,4,0.054843,1.650448,-0.412582,0.088052,0.783845,-0.219029,0.574335,26.392080,105.828700,352.717300
200.624,4,0.045999,1.654238,-0.409076,0.085355,0.786024,-0.209665,0.575257,25.328430,106.072500,353.198900
200.735,4,0.038830,1.656266,-0.405312,0.089190,0.785811,-0.202828,0.577414,24.946270,106.064800,354.045600
200.846,4,0.030943,1.658538,-0.401823,0.089153,0.786683,-0.195922,0.578616,24.294510,106.157600,354.556900
200.957,4,0.025040,1.659425,-0.399247,0.089815,0.788608,-0.193421,0.576731,24.120970,106.547300,354.880200
201.068,4,0.018288,1.660530,-0.396601,0.088903,0.789767,-0.191319,0.575987,23.866550,106.731700,354.983300
201.180,4,0.013580,1.661500,-0.393717,0.087215,0.790802,-0.188354,0.575802,23.474400,106.854700,355.061000
201.287,4,0.009979,1.661997,-0.389970,0.086638,0.790619,-0.185322,0.577124,23.143730,106.760800,355.201900
201.399,4,0.007619,1.662228,-0.386881,0.086955,0.790158,-0.182900,0.578478,22.932290,106.646300,355.379300
201.510,4,0.005088,1.662509,-0.383249,0.086295,0.791429,-0.182025,0.577114,22.813000,106.877300,355.426200
201.622,4,0.003698,1.662743,-0.380677,0.087240,0.791495,-0.182294,0.576797,22.905300,106.924000,355.504900
201.733,4,0.003085,1.662591,-0.378265,0.087298,0.791459,-0.181997,0.576930,22.880870,106.914900,355.529500
201.845,4,0.002876,1.661694,-0.377025,0.088256,0.790692,-0.184156,0.577152,23.147200,106.813000,355.446100
201.956,4,0.002553,1.661517,-0.376295,0.087549,0.790762,-0.185820,0.576629,23.256330,106.825600,355.265100
202.067,4,0.002435,1.661233,-0.375266,0.087071,0.790769,-0.186224,0.576563,23.261220,106.816600,355.190100
202.178,4,0.002858,1.661117,-0.374040,0.087960,0.790267,-0.187020,0.576858,23.395320,106.750900,355.203400
202.289,4,0.003399,1.660903,-0.372737,0.088165,0.789054,-0.186862,0.578535,23.384590,106.504700,355.182800
202.401,4,0.004256,1.660488,-0.372403,0.089926,0.788894,-0.188386,0.577989,23.652270,106.547200,355.247900
202.512,4,0.005389,1.659986,-0.372816,0.090835,0.788396,-0.189209,0.578257,23.790590,106.484000,355.261000
202.623,5,0.006376,1.659153,-0.373510,0.092538,0.787484,-0.191087,0.578612,24.081900,106.375200,355.263500
202.734,5,0.007656,1.658220,-0.374644,0.094228,0.785526,-0.193333,0.580252,24.398960,106.054900,355.192300
202.845,5,0.008873,1.657267,-0.376928,0.097199,0.783324,-0.195249,0.582094,24.774340,105.725800,355.259900
202.957,5,0.009431,1.656057,-0.377671,0.102605,0.778992,-0.197200,0.586308,25.312190,105.048600,355.470900
203.068,5,0.010477,1.654960,-0.376458,0.107000,0.770738,-0.198343,0.595965,25.675750,103.537600,355.451400
203.179,5,0.012701,1.654641,-0.374201,0.112428,0.761894,-0.198096,0.606330,25.988570,101.958000,355.603500
203.290,5,0.016275,1.653622,-0.372633,0.118852,0.751671,-0.196728,0.618193,26.276100,100.166500,355.871400
203.401,5,0.020837,1.652772,-0.371957,0.125585,0.743531,-0.194470,0.627353,26.536070,98.822700,356.331100
203.512,5,0.029283,1.649711,-0.368807,0.140583,0.722593,-0.191744,0.649099,27.361970,95.414890,357.047000
203.623,5,0.041917,1.644341,-0.360538,0.163809,0.676647,-0.188586,0.692641,28.824850,87.996290,357.411800
203.734,5,0.057710,1.638549,-0.352011,0.185873,0.623465,-0.183027,0.737051,30.146810,79.776250,357.479500
203.845,5,0.083348,1.630361,-0.338507,0.216914,0.541774,-0.172722,0.793471,32.098960,67.889300,357.357100
203.956,5,0.105559,1.624598,-0.329951,0.238507,0.486957,-0.161972,0.824471,33.437810,60.416770,357.610100
204.068,5,0.126807,1.617842,-0.322482,0.264395,0.424518,-0.156160,0.851759,35.660870,52.040630,357.069300
204.180,5,0.137187,1.613746,-0.319663,0.275424,0.385667,-0.148124,0.868022,36.327590,46.867860,356.819000
204.286,5,0.141879,1.608396,-0.316796,0.291408,0.342297,-0.141299,0.882014,37.646210,41.192420,356.397000
204.387,5,0.140501,1.605477,-0.312802,0.299904,0.312504,-0.134753,0.891202,38.226490,37.312400,356.150400
204.496,5,0.139424,1.602395,-0.304067,0.306749,0.289619,-0.130197,0.897260,38.746960,34.330940,355.885400
204.598,5,0.139334,1.599422,-0.291835,0.313390,0.281244,-0.127317,0.898042,39.382030,33.386970,356.113200
204.706,5,0.140089,1.591771,-0.264829,0.320329,0.284283,-0.126350,0.894767,40.171550,34.045150,356.700500
204.807,5,0.146121,1.579064,-0.235997,0.329720,0.294300,-0.130913,0.887431,41.472680,35.585410,357.071600
204.916,5,0.159251,1.560046,-0.204924,0.331922,0.306902,-0.132152,0.882142,41.814370,37.501890,357.737900
205.027,5,0.184505,1.521688,-0.167931,0.329418,0.320274,-0.130766,0.878527,41.495890,39.515880,358.565100
205.135,5,0.212878,1.481905,-0.137989,0.343373,0.330485,-0.129574,0.869532,43.062150,41.671060,0.127254
205.236,5,0.236041,1.450254,-0.117072,0.354981,0.333448,-0.129950,0.863663,44.413410,42.623540,0.984215
205.344,5,0.276752,1.397124,-0.086685,0.366547,0.336017,-0.133853,0.857216,45.920370,43.396980,1.387871
205.445,5,0.303544,1.353679,-0.070580,0.371970,0.331956,-0.138092,0.855789,46.747090,42.785160,0.886439
205.546,5,0.331815,1.311644,-0.055135,0.377885,0.323190,-0.138064,0.856557,47.442710,41.632320,0.655550
205.648,5,0.357780,1.271899,-0.041391,0.384000,0.315656,-0.141007,0.856167,48.292920,40.513940,0.083820
205.750,5,0.381835,1.230782,-0.026959,0.390976,0.308146,-0.143289,0.855367,49.214710,39.455410,359.633900
205.851,5,0.399485,1.201798,-0.015670,0.395351,0.302405,-0.143365,0.855392,49.735490,38.687010,359.454500
205.953,5,0.414588,1.176692,-0.005069,0.395577,0.299829,-0.141972,0.856426,49.702700,38.344910,359.471600
206.056,5,0.428644,1.151913,0.004864,0.393437,0.296517,-0.138262,0.859168,49.292610,37.909640,359.625900
206.157,5,0.440621,1.126529,0.012862,0.395412,0.295763,-0.135648,0.858938,49.420760,38.036030,0.076602
206.259,5,0.450953,1.103203,0.021724,0.393526,0.290597,-0.134032,0.861815,49.129670,37.175130,359.798100
206.359,5,0.462702,1.076708,0.032357,0.388025,0.287933,-0.132154,0.865486,48.397000,36.597230,359.542300
206.470,5,0.472723,1.044186,0.044274,0.387734,0.283136,-0.133633,0.866971,48.415790,35.700580,358.951200
206.581,5,0.480489,1.017639,0.054378,0.388500,0.279484,-0.134928,0.867612,48.551800,35.048020,358.530800
206.692,5,0.486907,0.996136,0.062032,0.389927,0.277733,-0.136912,0.867223,48.795070,34.692200,358.184100
206.804,5,0.492223,0.985526,0.068211,0.389138,0.278810,-0.136559,0.867288,48.688960,34.861560,358.274300
206.915,5,0.495467,0.980786,0.071339,0.389857,0.279074,-0.140587,0.866236,48.927960,34.683920,357.735000
207.026,5,0.499828,0.974775,0.069801,0.391887,0.276382,-0.154034,0.863893,49.662230,33.450890,355.612800
207.137,5,0.504020,0.976413,0.062386,0.401879,0.289934,-0.155042,0.854631,50.970380,36.091740,357.089900
207.249,5,0.505791,0.984161,0.055787,0.404547,0.301028,-0.151897,0.850089,51.192210,38.355960,358.656600
207.360,5,0.502893,0.988731,0.056005,0.395735,0.292348,-0.158061,0.856121,50.354870,36.049530,356.472800
207.463,5,0.500620,0.992951,0.051733,0.405392,0.296135,-0.160185,0.849884,51.623210,36.983720,357.029100
207.577,5,0.497591,0.993437,0.046164,0.418042,0.300088,-0.169559,0.840499,53.561300,37.633870,356.705900
207.688,5,0.495779,0.995355,0.040035,0.424195,0.307064,-0.168403,0.835111,54.284080,39.331310,357.962000
207.799,5,0.493933,0.996068,0.034717,0.428977,0.308771,-0.173826,0.830918,55.108180,39.517740,357.599500
207.910,5,0.492815,0.996723,0.030274,0.426195,0.317000,-0.177459,0.828479,54.954470,40.639300,357.621100
208.023,5,0.493941,0.996987,0.023436,0.435222,0.329109,-0.171771,0.820222,55.793760,43.978750,0.478065
208.133,5,0.495848,0.998700,0.014410,0.449431,0.345581,-0.158065,0.808456,56.713760,49.398460,5.757005
208.245,5,0.497797,1.000234,0.011035,0.445196,0.351012,-0.158412,0.808392,56.201020,50.052150,5.821214
208.357,5,0.497788,0.999604,0.008293,0.447121,0.351392,-0.162335,0.806383,56.635430,50.040430,5.469606
208.468,5,0.496612,0.999429,0.002811,0.459779,0.348043,-0.168057,0.799516,58.450030,50.199170,5.628314
208.581,5,0.498021,1.000795,0.000786,0.453537,0.349764,-0.167645,0.802411,57.684730,49.955500,5.175404
208.700,5,0.498140,1.002881,-0.001644,0.452558,0.348106,-0.168534,0.803498,57.628590,49.456500,4.739926
208.801,5,0.499141,1.004651,-0.004616,0.451233,0.351173,-0.166989,0.803232,57.370340,50.064170,5.177549
208.901,5,0.499124,1.005022,-0.007365,0.449494,0.354826,-0.167273,0.802542,57.159290,50.615160,5.342902
209.001,5,0.498349,1.005261,-0.010948,0.454207,0.350657,-0.168061,0.801556,57.780070,50.174160,5.286056
209.108,5,0.497566,1.006266,-0.013836,0.453871,0.350406,-0.168940,0.801671,57.790600,50.025550,5.081460
209.208,5,0.496048,1.007240,-0.016124,0.454059,0.348495,-0.172998,0.801532,58.044930,49.351640,4.241870
209.315,5,0.494819,1.008835,-0.018920,0.452277,0.352057,-0.173428,0.800890,57.839540,49.880130,4.381059
209.415,5,0.492878,1.010642,-0.021253,0.452611,0.353035,-0.173975,0.800152,57.903330,50.073920,4.443097
209.523,5,0.486174,1.012480,-0.020689,0.451889,0.342440,-0.172251,0.805519,57.777280,47.960460,3.439222
209.623,5,0.478499,1.010491,-0.020823,0.447883,0.329966,-0.174537,0.812441,57.451840,44.906910,1.274791
209.730,5,0.469592,1.019120,-0.022819,0.438945,0.324472,-0.173764,0.819665,56.339780,43.192920,-0.000521
209.831,5,0.458601,1.047175,-0.026966,0.439606,0.321801,-0.169197,0.821318,56.202400,43.066580,0.515196
209.940,5,0.444390,1.097110,-0.032207,0.424310,0.319734,-0.163761,0.831212,54.105990,42.034090,359.911300
210.050,5,0.419347,1.184226,-0.046429,0.407495,0.313873,-0.162870,0.841965,52.039380,40.050050,358.280500
210.154,5,0.392355,1.267183,-0.068000,0.394821,0.315673,-0.173292,0.845244,50.972780,39.061590,356.022300
210.264,5,0.360631,1.342413,-0.095020,0.382889,0.316766,-0.177462,0.849448,49.722060,38.477670,354.771200
210.376,5,0.333331,1.387235,-0.118923,0.377220,0.319745,-0.180062,0.850321,49.171040,38.603450,354.295000
210.487,5,0.285340,1.443400,-0.156070,0.358960,0.325154,-0.177353,0.856720,46.919110,38.995920,354.079900
210.599,5,0.258243,1.468492,-0.177067,0.354356,0.335086,-0.182114,0.853806,46.647990,40.204010,353.853700
210.710,5,0.224305,1.496111,-0.205489,0.347968,0.346100,-0.188328,0.850686,46.251510,41.453810,353.393800
210.814,5,0.209302,1.505759,-0.217898,0.340474,0.348358,-0.190730,0.852259,45.498290,41.440550,352.796800
210.920,5,0.202210,1.506904,-0.222106,0.335890,0.351628,-0.194971,0.851776,45.179680,41.605120,352.178600
211.026,5,0.196715,1.506174,-0.222008,0.340866,0.351511,-0.197750,0.849203,45.885660,41.604480,352.054300
211.131,5,0.195427,1.506075,-0.219706,0.341029,0.352730,-0.195177,0.849227,45.800090,41.942480,352.506700
211.238,5,0.195229,1.505767,-0.217851,0.343037,0.354623,-0.195939,0.847453,46.086200,42.281910,352.644000
211.343,5,0.199277,1.504842,-0.214733,0.342385,0.360320,-0.195081,0.845509,46.018310,43.240020,353.123100
211.449,5,0.202398,1.502351,-0.213336,0.345494,0.361011,-0.196031,0.843728,46.430940,43.420070,353.222400
211.554,5,0.206198,1.500032,-0.213576,0.347054,0.362057,-0.197890,0.842204,46.708640,43.555790,353.130200
211.660,5,0.209789,1.498233,-0.214151,0.347366,0.363539,-0.199445,0.841070,46.830280,43.733200,353.037700
211.768,5,0.214940,1.494929,-0.213379,0.347431,0.363561,-0.198048,0.841363,46.772240,43.812530,353.238700
211.872,5,0.220673,1.488905,-0.209806,0.350710,0.362574,-0.197751,0.840498,47.133480,43.790530,353.407500
211.978,5,0.227712,1.479802,-0.203408,0.353411,0.361116,-0.194273,0.840806,47.274230,43.838420,353.955400
212.085,5,0.245308,1.451172,-0.186568,0.363191,0.352570,-0.189815,0.841283,48.153810,43.042390,354.557400
212.191,5,0.270802,1.408104,-0.165072,0.377116,0.342625,-0.191420,0.838898,49.808700,41.840380,354.420500
212.296,5,0.293448,1.367460,-0.149231,0.398534,0.337408,-0.196116,0.829979,52.550740,41.607370,354.658300
212.404,5,0.329617,1.303644,-0.122574,0.408453,0.326730,-0.189055,0.831067,53.364040,40.637140,355.451100
212.512,5,0.357740,1.243988,-0.101040,0.415400,0.312858,-0.188651,0.833051,54.109690,38.447730,354.676500
212.620,5,0.378622,1.186470,-0.084211,0.418139,0.300759,-0.180589,0.837909,54.032750,36.943210,355.007100
212.727,5,0.393218,1.144361,-0.068771,0.413360,0.294363,-0.175963,0.843518,53.220510,35.905330,354.873500
212.832,5,0.405386,1.103773,-0.052547,0.405711,0.286459,-0.171351,0.850870,52.053370,34.515970,354.479600
212.938,5,0.413416,1.080688,-0.040889,0.400870,0.282869,-0.166710,0.855276,51.262630,34.031910,354.647000
213.041,5,0.423089,1.055874,-0.026438,0.395714,0.278299,-0.162467,0.859979,50.447490,33.350780,354.667200
213.143,5,0.429623,1.042184,-0.017412,0.390550,0.275765,-0.161615,0.863311,49.770820,32.804690,354.344500
213.245,5,0.434956,1.031409,-0.010222,0.387590,0.273460,-0.161722,0.865355,49.398620,32.317090,354.010100
213.359,5,0.441400,1.022577,-0.002349,0.383671,0.273486,-0.159545,0.867495,48.845030,32.342550,354.160900
213.470,5,0.449375,1.007194,0.008005,0.373980,0.273094,-0.152276,0.873138,47.412400,32.439980,354.772700
213.581,5,0.457224,0.988919,0.018760,0.371779,0.272640,-0.153691,0.873972,47.193510,32.217910,354.433100
213.692,5,0.464813,0.970922,0.030783,0.368849,0.271558,-0.149537,0.876268,46.688680,32.206830,354.836100
213.803,5,0.470364,0.953606,0.042567,0.364949,0.269028,-0.149084,0.878755,46.188110,31.721730,354.558200
213.914,5,0.474921,0.941071,0.052143,0.364111,0.266094,-0.150719,0.879716,46.123870,31.139350,354.086800
214.025,5,0.479717,0.928999,0.062880,0.360073,0.265394,-0.148850,0.881906,45.570180,31.034960,354.144300
214.136,5,0.482845,0.921280,0.069796,0.356417,0.266301,-0.147537,0.883337,45.092730,31.161250,354.242500
214.248,5,0.485225,0.911129,0.077647,0.353106,0.265592,-0.146182,0.885104,44.645610,31.045530,354.255900
214.359,5,0.487023,0.903070,0.082549,0.350245,0.263676,-0.146695,0.886727,44.307000,30.654330,353.947400
214.470,5,0.490379,0.893540,0.088321,0.348578,0.262677,-0.146596,0.887696,44.097200,30.468480,353.833900
214.581,5,0.493298,0.885715,0.092434,0.347106,0.262411,-0.145394,0.888549,43.879730,30.459820,353.930700
214.692,5,0.495678,0.879826,0.096082,0.346368,0.262769,-0.147298,0.888417,43.856020,30.396810,353.654600
214.804,5,0.497367,0.878445,0.097340,0.344679,0.264599,-0.148325,0.888360,43.700730,30.586500,353.556800
214.923,5,0.496484,0.888022,0.093436,0.347329,0.268261,-0.149784,0.885982,44.092380,31.129400,353.680000
215.037,5,0.493582,0.905485,0.086819,0.342730,0.273407,-0.149063,0.886321,43.554750,31.854210,353.914800
215.148,5,0.484172,0.929386,0.071948,0.336850,0.282410,-0.146303,0.886212,42.818380,33.231920,354.598300
215.259,5,0.472870,0.943250,0.056303,0.329641,0.285555,-0.144425,0.888221,41.918290,33.625710,354.733400
215.370,5,0.456829,0.955417,0.031533,0.322875,0.290415,-0.143241,0.889322,41.107800,34.248890,354.880200
215.482,5,0.441104,0.965634,0.008380,0.317876,0.297264,-0.141220,0.889183,40.485690,35.241270,355.312500
215.593,5,0.426114,0.976509,-0.011659,0.311117,0.298601,-0.139734,0.891358,39.648990,35.340210,355.283900
215.704,5,0.414240,0.983893,-0.028223,0.303385,0.299444,-0.139253,0.893812,38.736180,35.304410,355.055000
215.815,5,0.407458,0.988024,-0.040066,0.299655,0.301463,-0.137998,0.894586,38.267750,35.566400,355.160800
215.926,5,0.403708,0.994533,-0.052760,0.294710,0.305071,-0.139600,0.894757,37.775020,35.914640,354.919200
216.038,5,0.407663,1.003117,-0.060448,0.292125,0.309476,-0.145357,0.893174,37.720210,36.265820,354.279400
216.149,5,0.423306,1.014894,-0.070689,0.279501,0.317241,-0.150687,0.893606,36.522250,36.920520,353.428400
216.260,5,0.439421,1.015595,-0.079309,0.276881,0.327648,-0.156046,0.889738,36.509720,38.161850,353.122900
216.371,5,0.454313,1.016769,-0.083885,0.275945,0.331424,-0.160330,0.887866,36.603910,38.526950,352.715100
216.483,5,0.465737,1.021342,-0.085858,0.271258,0.334826,-0.163137,0.887523,36.209610,38.822270,352.313000
216.594,5,0.473164,1.024503,-0.086652,0.269296,0.338286,-0.166534,0.886176,36.154200,39.158540,351.958000
216.705,5,0.475981,1.027959,-0.085969,0.268944,0.336562,-0.166786,0.886892,36.108460,38.894810,351.830100
216.816,5,0.475329,1.034360,-0.086401,0.267454,0.335832,-0.167322,0.887518,35.953240,38.743640,351.663700
216.928,5,0.467947,1.060992,-0.090988,0.278439,0.338346,-0.166742,0.883284,37.208330,39.337730,352.341400
217.038,5,0.454656,1.106548,-0.098093,0.282841,0.343454,-0.161540,0.880877,37.536010,40.377350,353.460600
217.149,5,0.424371,1.183650,-0.114133,0.294029,0.343217,-0.164201,0.876805,38.926680,40.506760,353.644800
217.261,5,0.389973,1.261186,-0.135837,0.300968,0.350039,-0.166060,0.871387,39.849540,41.636550,354.116100
217.371,5,0.355197,1.336508,-0.159462,0.296647,0.364372,-0.164610,0.867259,39.382730,43.735600,354.853100
217.482,5,0.321436,1.400160,-0.182658,0.291097,0.373142,-0.170149,0.864336,39.064190,44.683040,354.316700
217.593,5,0.290346,1.450897,-0.206023,0.292943,0.377490,-0.176228,0.860598,39.587890,45.163680,353.880200
217.706,5,0.264258,1.489094,-0.224040,0.293673,0.373984,-0.179608,0.861181,39.803150,44.517990,353.295500
217.819,5,0.246806,1.511240,-0.234216,0.296758,0.366593,-0.182570,0.862678,40.231020,43.357650,352.668800
217.925,5,0.231878,1.529395,-0.239932,0.294975,0.356443,-0.183266,0.867382,39.968030,41.739320,351.926300
218.025,5,0.224744,1.536662,-0.243460,0.293832,0.358035,-0.188866,0.865912,40.098740,41.720630,351.226300
218.126,5,0.219204,1.541489,-0.245360,0.296505,0.359559,-0.189117,0.864313,40.431810,42.006800,351.410100
218.233,5,0.216295,1.542136,-0.244119,0.295554,0.360364,-0.187417,0.864674,40.255130,42.176730,351.629800
218.334,5,0.213416,1.540102,-0.242500,0.303499,0.354434,-0.187175,0.864425,41.100850,41.482620,351.724900
218.442,5,0.209863,1.539124,-0.242288,0.307761,0.348362,-0.184570,0.865945,41.422190,40.774470,351.932800
218.554,5,0.203164,1.541788,-0.243341,0.314093,0.330820,-0.181388,0.871207,41.858580,38.385500,351.644000
218.674,5,0.190293,1.554147,-0.249371,0.313302,0.312777,-0.175367,0.879352,41.353740,35.903640,351.385800
218.776,5,0.180486,1.565939,-0.255637,0.308055,0.309806,-0.167796,0.883724,40.423970,35.695700,352.019100
218.886,5,0.164999,1.582068,-0.267211,0.302457,0.314383,-0.156942,0.886032,39.394250,36.730190,353.466200
218.996,5,0.151704,1.592917,-0.277627,0.297888,0.322473,-0.150881,0.885725,38.682500,38.070390,354.475200
219.097,5,0.142537,1.600672,-0.285532,0.292367,0.332980,-0.144792,0.884693,37.860030,39.717930,355.533200
219.198,5,0.134698,1.605721,-0.291670,0.289551,0.338243,-0.142963,0.883920,37.487720,40.485020,355.890800
219.300,5,0.128800,1.608619,-0.296011,0.286746,0.344441,-0.141683,0.882646,37.141990,41.364130,356.218100
219.400,5,0.123552,1.610711,-0.299022,0.283429,0.350519,-0.140649,0.881489,36.746690,42.198730,356.475000
219.501,6,0.118694,1.612063,-0.300561,0.283229,0.353815,-0.142193,0.879987,36.805200,42.619420,356.431500
219.601,6,0.114720,1.612593,-0.301247,0.284940,0.356713,-0.142546,0.878206,37.025310,43.079950,356.618800
219.702,6,0.111223,1.612282,-0.301760,0.286436,0.358905,-0.141988,0.876916,37.177040,43.466000,356.876400
219.804,6,0.107325,1.613677,-0.302740,0.284696,0.359802,-0.142296,0.877065,36.998190,43.535570,356.788800
219.904,6,0.104522,1.615366,-0.303328,0.279955,0.361369,-0.141804,0.878026,36.448710,43.645580,356.673200
220.005,6,0.100846,1.616978,-0.303225,0.275706,0.361028,-0.141003,0.879639,35.934070,43.504030,356.531400
220.106,6,0.096232,1.621045,-0.301435,0.266270,0.356978,-0.137106,0.884799,34.686010,42.799980,356.338100
220.207,6,0.091132,1.627295,-0.300399,0.248559,0.354868,-0.129497,0.891918,32.364020,42.316610,356.294400
220.320,6,0.085292,1.636069,-0.300990,0.222391,0.352909,-0.120524,0.900817,29.060640,41.763540,356.052700
220.430,6,0.078842,1.648842,-0.302757,0.183795,0.352632,-0.108977,0.911040,24.314580,41.384300,355.661400
220.539,6,0.076600,1.657603,-0.304329,0.157355,0.350492,-0.098360,0.917998,20.968290,40.994570,355.683300
220.650,6,0.078892,1.664740,-0.303035,0.138689,0.346696,-0.090127,0.923279,18.577680,40.467290,355.749200
220.761,6,0.087669,1.667705,-0.296140,0.131790,0.336799,-0.086769,0.928261,17.644940,39.208570,355.647900
220.872,6,0.105018,1.670784,-0.282411,0.122774,0.323964,-0.082984,0.934392,16.451630,37.590660,355.483000
220.983,6,0.132382,1.675049,-0.263293,0.113566,0.309862,-0.078222,0.940728,15.197440,35.853060,355.435900
221.094,6,0.161628,1.678325,-0.243421,0.105525,0.299004,-0.074940,0.945434,14.143350,34.523190,355.350900
221.201,6,0.196877,1.680443,-0.222840,0.099718,0.289761,-0.071430,0.949206,13.338400,33.414750,355.413000
221.314,6,0.227258,1.683397,-0.204870,0.097138,0.280211,-0.069033,0.952513,12.928720,32.271610,355.464500
221.426,6,0.261501,1.688037,-0.183964,0.091463,0.266642,-0.062947,0.957379,12.046070,30.682260,355.792500
221.537,6,0.282862,1.689170,-0.169827,0.083233,0.253481,-0.058791,0.961958,10.949180,29.127180,355.858100
221.648,6,0.306341,1.690665,-0.150142,0.082223,0.245702,-0.056543,0.964195,10.739510,28.215750,355.994300
221.761,6,0.324419,1.690463,-0.127487,0.083019,0.244113,-0.052681,0.964750,10.713920,28.064790,356.433900
221.872,6,0.339754,1.688839,-0.098460,0.085958,0.246316,-0.052008,0.963968,11.031150,28.340620,356.616800
221.983,6,0.352854,1.685032,-0.065840,0.089766,0.249969,-0.049167,0.962829,11.387250,28.817220,357.088100
222.094,6,0.362657,1.681488,-0.034003,0.092660,0.256053,-0.049167,0.960955,11.727850,29.557480,357.246200
222.206,6,0.375193,1.682777,0.011471,0.093868,0.270366,-0.047995,0.956968,11.865260,31.302280,357.592900
222.317,6,0.385041,1.679932,0.046313,0.099860,0.282713,-0.048785,0.952744,12.583750,32.818670,357.856900
222.428,6,0.397457,1.673800,0.083767,0.107479,0.297337,-0.050934,0.947336,13.528370,34.622850,358.079200
222.539,6,0.405529,1.671373,0.107246,0.116322,0.305497,-0.053474,0.943547,14.606690,35.654820,358.233000
222.650,6,0.416255,1.668735,0.131482,0.122742,0.312047,-0.057715,0.940335,15.477270,36.458330,358.100700
222.761,6,0.427667,1.666094,0.148797,0.128996,0.318892,-0.063238,0.936840,16.381390,37.284840,357.836600
222.873,6,0.440956,1.663840,0.164289,0.132408,0.319492,-0.064351,0.936084,16.798640,37.373130,357.852800
222.984,6,0.456933,1.661332,0.180095,0.139200,0.312665,-0.064435,0.937397,17.533510,36.578910,357.971200
223.095,6,0.475256,1.658871,0.193972,0.143874,0.298607,-0.068285,0.940995,18.152650,34.801250,357.431200
223.206,6,0.506805,1.656652,0.210602,0.150235,0.277640,-0.075094,0.945889,19.020750,32.120420,356.443900
223.317,6,0.534809,1.657071,0.221888,0.153116,0.261240,-0.078407,0.949822,19.380000,30.040860,355.808700
223.428,6,0.570060,1.655310,0.236653,0.161808,0.238991,-0.081003,0.954013,20.331510,27.280210,355.276600
223.540,6,0.595186,1.655537,0.249449,0.164582,0.221400,-0.080589,0.957810,20.546070,25.125310,355.006800
223.651,6,0.623334,1.653563,0.268494,0.172997,0.194761,-0.078658,0.962265,21.320060,21.909630,354.826900
223.763,6,0.644226,1.649868,0.289381,0.181635,0.170034,-0.073190,0.965785,22.069490,19.008610,355.072400
223.873,6,0.658217,1.645660,0.312566,0.184681,0.145424,-0.068567,0.969558,22.213630,16.095830,355.089500
223.985,6,0.667477,1.640501,0.335412,0.190710,0.122829,-0.063199,0.971879,22.719440,13.456110,355.274300
224.096,6,0.674937,1.637573,0.356142,0.191611,0.108039,-0.062542,0.973500,22.741900,11.659590,355.000900
224.207,6,0.681117,1.633633,0.382333,0.191118,0.090200,-0.060363,0.975548,22.567910,9.531955,354.824700
224.318,6,0.681686,1.630586,0.398367,0.196156,0.076471,-0.059428,0.975778,23.072670,7.866883,354.637700
224.429,6,0.675025,1.627652,0.407278,0.202949,0.067616,-0.058897,0.975075,23.812540,6.776721,354.517200
224.541,6,0.661954,1.627171,0.402094,0.205347,0.069606,-0.053777,0.974729,24.066750,7.147549,355.209800
224.652,6,0.642642,1.626136,0.389805,0.212421,0.071702,-0.046852,0.973417,24.851510,7.579402,356.161100
224.763,6,0.618188,1.627368,0.369389,0.212190,0.075390,-0.045351,0.973260,24.826400,8.075944,356.444600
224.874,6,0.593059,1.628586,0.342050,0.210923,0.082485,-0.044802,0.972985,24.698340,8.967406,356.694400
224.985,6,0.560310,1.630265,0.296740,0.210748,0.096244,-0.047107,0.971650,24.747060,10.607530,356.782200
225.096,6,0.535966,1.632972,0.256245,0.208003,0.108231,-0.049779,0.970847,24.497440,12.015870,356.747300
225.207,6,0.509354,1.639064,0.204105,0.199879,0.123372,-0.053835,0.970531,23.656970,13.765510,356.546400
225.318,6,0.493392,1.644836,0.166363,0.192551,0.137219,-0.055217,0.970075,22.875560,15.418810,356.622200
225.429,6,0.479034,1.649534,0.126710,0.184755,0.152874,-0.058133,0.969080,22.077400,17.250930,356.524200
225.540,6,0.472533,1.651692,0.102207,0.182920,0.160258,-0.060784,0.968072,21.940330,18.091610,356.349600
225.651,6,0.469616,1.653978,0.078216,0.175601,0.168285,-0.062261,0.967971,21.156040,19.019440,356.223100
225.762,6,0.472787,1.654605,0.063695,0.174467,0.174841,-0.062055,0.967027,21.046610,19.823350,356.374800
225.873,6,0.483185,1.653446,0.057759,0.175117,0.176982,-0.066733,0.966208,21.224290,19.987520,355.880100
225.984,6,0.502029,1.648356,0.059154,0.180050,0.178087,-0.073395,0.964614,21.931520,19.991610,355.209600
226.096,6,0.526680,1.638175,0.068773,0.189811,0.178543,-0.072470,0.962727,23.038500,20.101030,355.527700
226.207,6,0.565369,1.614512,0.092547,0.195694,0.168206,-0.068618,0.963692,23.594470,18.933200,355.843600
226.318,6,0.598401,1.590751,0.120917,0.179950,0.153909,-0.059609,0.969730,21.552550,17.329990,356.287900
226.429,6,0.640137,1.556868,0.162171,0.160589,0.138633,-0.051063,0.975902,19.122880,15.606490,356.654400
226.541,6,0.675514,1.540218,0.204793,0.151799,0.128065,-0.048338,0.978887,18.033200,14.373520,356.638500
226.652,6,0.708920,1.533171,0.252074,0.144367,0.118038,-0.052612,0.981049,17.198450,13.093470,355.849000
226.763,6,0.740470,1.526995,0.298674,0.140125,0.109191,-0.057174,0.982432,16.726980,11.963810,355.103900
226.875,6,0.766140,1.524448,0.338292,0.136886,0.098292,-0.059273,0.983914,16.321140,10.639890,354.635200
226.987,6,0.790900,1.529616,0.379399,0.130036,0.081220,-0.057560,0.986499,15.421040,8.667656,354.497200
227.098,6,0.799166,1.535461,0.399607,0.134768,0.070500,-0.056662,0.986741,15.899560,7.399316,354.461700
227.209,6,0.795112,1.554380,0.414205,0.137134,0.052487,-0.055480,0.987604,16.062820,5.281615,354.315200
227.320,6,0.783681,1.578876,0.412923,0.129485,0.036453,-0.055169,0.989374,15.084330,3.434518,354.071700
227.431,6,0.772936,1.608861,0.398769,0.107411,0.025187,-0.054444,0.992403,12.470290,2.247725,353.965300
227.543,6,0.765971,1.634847,0.377201,0.086376,0.015176,-0.057570,0.994482,9.994057,1.177587,353.476700
227.654,6,0.762141,1.648806,0.359789,0.070177,0.007046,-0.059761,0.995718,8.082309,0.326616,353.153700
227.765,6,0.758905,1.661826,0.347245,0.054315,0.000047,-0.058393,0.996815,6.216681,359.639800,353.275400
227.877,6,0.757111,1.666635,0.347550,0.049242,-0.012434,-0.058921,0.996970,5.550323,358.238400,353.150100
227.987,6,0.756699,1.667310,0.360621,0.048573,-0.036260,-0.058874,0.996424,5.309082,355.508300,353.028800
228.099,6,0.758060,1.665252,0.381140,0.056896,-0.056928,-0.054318,0.995275,6.146452,353.097000,353.381200
228.210,6,0.763217,1.662493,0.422209,0.072898,-0.089396,-0.043568,0.992369,7.868121,349.308200,354.235000
228.321,6,0.767379,1.660100,0.465866,0.093591,-0.138936,-0.025951,0.985527,10.210310,343.549200,355.503500
228.431,6,0.768513,1.659338,0.500933,0.111879,-0.210367,-0.007398,0.971172,12.368240,335.164900,356.393700
228.531,6,0.768149,1.666103,0.519330,0.119961,-0.279418,0.009254,0.952601,13.516240,326.959700,357.087200
228.640,6,0.766435,1.674362,0.525423,0.116102,-0.353968,0.024025,0.927712,13.439940,317.970200,357.783600
228.750,6,0.766014,1.683309,0.516875,0.107599,-0.444946,0.035244,0.888371,12.858190,306.572000,358.052500
228.861,6,0.770499,1.692581,0.498977,0.101224,-0.504856,0.040663,0.856283,12.380940,298.746300,358.089200
228.972,6,0.781219,1.700158,0.471946,0.081918,-0.552205,0.034254,0.828967,9.999767,292.490500,358.040100
229.083,6,0.793593,1.704547,0.440371,0.072845,-0.580518,0.024509,0.810612,8.427242,288.592100,357.401900
229.194,6,0.803671,1.710724,0.413693,0.068911,-0.595127,0.018522,0.800458,7.606353,286.538300,356.971500
229.305,6,0.822040,1.712011,0.387134,0.057995,-0.602078,0.015192,0.796183,6.352323,285.660300,357.367700
229.417,6,0.839596,1.711782,0.370804,0.060313,-0.600991,0.010285,0.796911,6.228308,285.780300,356.764700
229.525,6,0.862563,1.714507,0.353852,0.053013,-0.591657,0.004200,0.804434,5.178570,287.185600,356.778100
229.636,6,0.878480,1.714950,0.341251,0.049514,-0.588143,0.001854,0.807238,4.710427,287.716100,356.822100
229.749,6,0.895676,1.709197,0.332596,0.065321,-0.581881,0.010983,0.810572,6.815689,288.453400,356.639000
229.872,6,0.909475,1.705383,0.334893,0.076421,-0.562667,0.013685,0.823030,8.116945,291.021900,356.323900
229.974,6,0.921570,1.701522,0.343437,0.087600,-0.546948,0.009174,0.832520,8.968580,293.024800,355.322400
230.081,6,0.931196,1.699569,0.353355,0.094225,-0.538132,0.005588,0.837559,9.430538,294.116500,354.645800
230.192,6,0.936230,1.699748,0.362124,0.094104,-0.531942,-0.003633,0.841528,8.888749,294.924600,353.827500
230.293,6,0.935796,1.697952,0.369623,0.102596,-0.527398,0.002619,0.843397,10.126470,295.425600,353.947400
230.401,6,0.935791,1.697183,0.378340,0.106659,-0.528912,0.001249,0.841947,10.423580,295.135500,353.535900
230.510,6,0.938758,1.696910,0.386434,0.115255,-0.514492,-0.003525,0.849707,11.083440,296.902200,352.706500
230.622,6,0.942057,1.692956,0.387102,0.120876,-0.509144,-0.001062,0.852151,11.825270,297.524700,352.668900
230.723,6,0.945995,1.690284,0.385126,0.123891,-0.509402,0.004374,0.851552,12.442230,297.461400,353.013900
230.833,6,0.949206,1.690009,0.384547,0.124990,-0.511469,0.004574,0.850151,12.544580,297.158400,352.933800
230.940,6,0.952839,1.686051,0.392039,0.130832,-0.496030,-0.001699,0.858391,12.880890,299.071600,352.175700
231.052,6,0.954577,1.678235,0.412395,0.148544,-0.468037,-0.005697,0.871116,14.682720,302.359500,351.141100
231.153,6,0.949664,1.672339,0.432904,0.157581,-0.455702,-0.003528,0.876066,15.836150,303.787600,351.041900
231.265,6,0.935974,1.666350,0.459622,0.164660,-0.455212,-0.000909,0.875025,16.698510,303.692300,350.899300
231.376,6,0.914517,1.662195,0.492838,0.168559,-0.459333,0.001501,0.872123,17.180750,303.062000,350.831300
231.489,6,0.887176,1.657934,0.534673,0.169818,-0.461945,0.002182,0.870497,17.317600,302.684800,350.772000
231.591,6,0.858883,1.659162,0.575916,0.165760,-0.465883,-0.001725,0.869180,16.651140,302.229900,350.541200
231.698,6,0.828736,1.659538,0.614604,0.157580,-0.472144,-0.008387,0.867282,15.391470,301.551500,350.245600
231.811,6,0.795551,1.665029,0.651365,0.143996,-0.484442,-0.010063,0.862833,13.812130,300.247000,350.703000
231.920,6,0.760644,1.671366,0.681337,0.124090,-0.505415,-0.014277,0.853788,11.388590,297.873500,351.209500
232.024,6,0.718651,1.657981,0.705132,0.122634,-0.533019,0.008435,0.837126,12.375200,294.283900,353.143400
232.135,6,0.684930,1.623893,0.715064,0.131103,-0.561363,0.024788,0.816743,14.003670,290.220900,353.686400
232.247,6,0.653070,1.569482,0.717093,0.135184,-0.584661,0.036411,0.799106,14.988750,286.836900,354.065000
232.358,6,0.633998,1.522046,0.713132,0.133407,-0.591055,0.048003,0.794074,15.581860,286.012800,355.148400
232.469,6,0.611206,1.464624,0.706727,0.135384,-0.599756,0.050200,0.787048,15.862080,284.689700,355.027700
232.580,6,0.594295,1.419679,0.703373,0.139373,-0.603172,0.054434,0.783451,16.502100,284.096100,355.043600
232.691,6,0.577029,1.368953,0.700463,0.136658,-0.610489,0.052644,0.778368,16.082250,283.067900,354.930700
232.802,6,0.564725,1.327995,0.698073,0.133063,-0.614878,0.054158,0.775426,15.840600,282.513300,355.251200
232.913,6,0.553665,1.288770,0.695277,0.132153,-0.617629,0.056402,0.773233,15.904860,282.133300,355.466300
233.024,6,0.545323,1.262175,0.692604,0.124008,-0.622905,0.057876,0.770235,15.256080,281.553400,356.116900
233.131,6,0.543063,1.274076,0.693839,0.121136,-0.624245,0.053149,0.769948,14.648720,281.403500,355.887000
233.244,6,0.544923,1.329522,0.699321,0.094107,-0.631603,0.018505,0.769337,9.681745,280.784100,354.738000
233.356,6,0.552295,1.401351,0.706705,0.055205,-0.636779,-0.023875,0.768697,3.122185,280.556400,353.847700
233.469,6,0.568946,1.498760,0.716809,-0.000695,-0.643132,-0.076490,0.761925,354.292700,279.998500,353.324800
233.580,6,0.581108,1.571692,0.726243,-0.023505,-0.650013,-0.095424,0.753542,350.823400,278.966400,353.412300
233.691,6,0.588737,1.629989,0.735676,-0.039765,-0.652354,-0.110078,0.748823,348.277400,278.558000,353.374300
233.803,6,0.589715,1.668232,0.741346,-0.051822,-0.650758,-0.113179,0.749012,347.000900,278.716200,353.985400
233.915,6,0.586315,1.687496,0.742572,-0.059567,-0.658537,-0.109349,0.742175,346.559300,277.417500,355.053900
234.026,6,0.575306,1.708997,0.743028,-0.072270,-0.661152,-0.117659,0.737436,344.801100,276.862700,355.365800
234.138,6,0.560421,1.717937,0.741844,-0.079708,-0.663215,-0.117321,0.734867,344.171000,276.420600,356.024400
234.249,6,0.534677,1.722860,0.737924,-0.083728,-0.663719,-0.120654,0.733423,343.562100,276.281100,356.063900
234.360,6,0.501105,1.728738,0.731438,-0.086615,-0.662507,-0.120511,0.734207,343.329700,276.423000,356.277600
234.472,6,0.457750,1.737430,0.723673,-0.093766,-0.665334,-0.122651,0.730408,342.531500,275.841100,356.730700
234.583,6,0.416196,1.737881,0.718418,-0.094725,-0.665213,-0.124214,0.730130,342.327200,275.845400,356.669100
234.693,6,0.378697,1.739650,0.717852,-0.097559,-0.667339,-0.125454,0.727601,341.976400,275.448000,356.844100
234.805,6,0.343272,1.742721,0.720074,-0.094594,-0.673339,-0.130759,0.721504,341.784600,274.548700,356.300000
234.916,6,0.309610,1.741775,0.724479,-0.095443,-0.681220,-0.133261,0.713493,341.472700,273.244400,356.364300
235.028,6,0.256604,1.737080,0.739157,-0.088666,-0.692170,-0.134805,0.703467,341.858600,271.572500,355.961900
235.139,6,0.207296,1.731624,0.754003,-0.081072,-0.705034,-0.134503,0.691566,342.434800,269.561800,355.685800
235.250,6,0.139716,1.731707,0.754416,-0.074860,-0.777665,-0.121849,0.612197,343.669700,256.702100,358.043700
235.361,6,0.095147,1.729478,0.722278,-0.054464,-0.883920,-0.070735,0.459038,349.918400,234.726700,1.824348
235.471,6,0.084899,1.719531,0.681462,-0.047415,-0.965586,-0.001219,0.255723,358.475500,209.597500,5.219668
235.581,6,0.099399,1.705620,0.656589,-0.032602,-0.995453,0.056297,0.069582,6.173787,188.223300,4.195833
235.689,6,0.127747,1.693813,0.647077,-0.032752,-0.989747,0.104654,-0.091526,12.307440,169.722300,2.679563
235.793,6,0.162303,1.685369,0.648935,-0.042256,-0.965205,0.135545,-0.219592,16.273050,154.554000,1.315812
235.895,6,0.189202,1.683304,0.654505,-0.045240,-0.947014,0.145030,-0.282991,17.475360,146.758400,0.216337
236.004,6,0.230426,1.682479,0.666574,-0.052795,-0.922797,0.147207,-0.352120,17.990810,138.169000,359.624600
236.104,6,0.258533,1.682103,0.674429,-0.055640,-0.909138,0.151241,-0.384056,18.526040,134.049900,359.093500
236.216,6,0.282805,1.681096,0.673326,-0.047794,-0.905761,0.145722,-0.395067,17.562230,132.603900,358.283400
236.328,6,0.310859,1.669675,0.646663,-0.036154,-0.913749,0.150865,-0.375493,17.629280,134.880300,357.159600
236.439,6,0.334163,1.653792,0.608021,-0.032873,-0.926300,0.147747,-0.345050,17.241570,138.765300,357.536000
236.550,6,0.365524,1.627896,0.550461,-0.025353,-0.941202,0.142234,-0.305394,16.452880,143.708100,357.660400
236.662,6,0.393160,1.602584,0.504161,-0.024203,-0.947797,0.142758,-0.284105,16.520800,146.321700,357.893600
236.774,6,0.418987,1.584160,0.467576,-0.019973,-0.950196,0.144786,-0.275254,16.627320,147.324400,357.502700
236.885,6,0.440305,1.571950,0.435859,-0.015118,-0.950237,0.140844,-0.277461,16.025130,147.030300,357.052300
236.997,6,0.454260,1.564426,0.406981,-0.011680,-0.950200,0.137578,-0.279384,15.544050,146.786400,356.746600
237.108,6,0.471157,1.555440,0.374896,-0.019446,-0.943928,0.148472,-0.294241,16.962050,144.920500,356.963900
237.219,6,0.488772,1.554780,0.354109,-0.027221,-0.931494,0.149921,-0.330305,17.294530,140.510000,357.098800
237.330,6,0.515173,1.569702,0.342315,-0.033964,-0.907097,0.135703,-0.396997,15.852330,132.343500,357.251400
237.442,6,0.530931,1.594163,0.353751,-0.034965,-0.872880,0.110372,-0.473999,13.051680,122.700100,357.435200
237.553,6,0.525924,1.623338,0.380866,-0.020750,-0.835965,0.082155,-0.542201,9.198707,113.811500,356.841200
237.665,6,0.500630,1.649701,0.413447,-0.015311,-0.809753,0.063605,-0.583113,6.941952,108.310800,357.148600
237.776,6,0.471991,1.668616,0.442860,-0.014455,-0.798701,0.056351,-0.598909,6.161398,106.133100,357.440100
237.887,6,0.429340,1.680225,0.485143,-0.013584,-0.796794,0.057731,-0.601333,6.219432,105.767300,357.244900
237.998,6,0.393429,1.683851,0.523143,-0.012938,-0.800163,0.058725,-0.596760,6.281943,106.412700,357.152200
238.109,6,0.342323,1.684278,0.573322,-0.018458,-0.807685,0.069832,-0.585173,7.724281,107.950100,356.997100
238.219,6,0.302188,1.682890,0.609245,-0.018552,-0.813954,0.075587,-0.575692,8.303102,109.219100,356.707600
238.330,6,0.253308,1.678901,0.647672,-0.020015,-0.825459,0.094723,-0.556097,10.290590,111.685500,355.785600
238.441,6,0.214775,1.680467,0.674114,-0.018810,-0.837598,0.099953,-0.536737,10.814710,114.277000,355.574900
238.552,6,0.185071,1.679742,0.693249,-0.032378,-0.843030,0.116186,-0.524168,13.287650,115.794600,356.039900
238.663,6,0.159472,1.679584,0.705995,-0.038451,-0.845606,0.132341,-0.515711,15.276390,116.674200,355.751100
238.774,6,0.141806,1.671415,0.710628,-0.059211,-0.845335,0.156119,-0.507475,18.907540,117.456200,356.464100
238.885,6,0.122932,1.666084,0.714523,-0.068900,-0.845987,0.173516,-0.499452,21.248210,118.231700,356.509200
238.996,6,0.108645,1.662614,0.717631,-0.072405,-0.846173,0.181037,-0.495958,22.222020,118.555300,356.467400
239.107,6,0.090862,1.656633,0.720489,-0.088266,-0.839302,0.202641,-0.496707,25.330490,118.007400,356.629400
239.218,6,0.081027,1.655255,0.720266,-0.086983,-0.837601,0.205319,-0.498701,25.512480,117.611600,356.247100
239.329,6,0.068105,1.650819,0.716940,-0.091855,-0.844823,0.198621,-0.488249,25.169370,119.402200,357.546000
239.440,6,0.057599,1.648919,0.715732,-0.084207,-0.848904,0.189229,-0.486275,23.776560,119.848000,357.427900
239.551,6,0.047908,1.649789,0.714463,-0.089277,-0.850484,0.188390,-0.482924,23.996060,120.420900,358.112000
239.662,6,0.041437,1.650770,0.713900,-0.099913,-0.847804,0.208030,-0.477462,26.624790,120.782200,358.125600
239.773,6,0.041177,1.651611,0.713764,-0.089889,-0.840498,0.215015,-0.489133,26.703620,118.702200,356.197800
239.885,6,0.042785,1.650584,0.711317,-0.092049,-0.836834,0.220104,-0.492737,27.328610,118.033300,355.943300
239.996,6,0.047837,1.649600,0.708328,-0.096413,-0.834365,0.223164,-0.494710,27.891160,117.705400,356.112900
240.107,6,0.056809,1.648232,0.706174,-0.099936,-0.832328,0.225554,-0.496355,28.338380,117.434100,356.250900
240.217,6,0.061066,1.650571,0.708616,-0.097334,-0.830554,0.220203,-0.502212,27.616190,116.733100,356.150000
240.328,6,0.065488,1.653118,0.715749,-0.100586,-0.827856,0.210475,-0.510134,26.815010,115.978200,356.904100
240.441,6,0.068856,1.654950,0.721939,-0.098471,-0.822864,0.203223,-0.521439,25.921780,114.544200,356.820700
240.551,6,0.070068,1.656560,0.726782,-0.096802,-0.825359,0.197521,-0.519998,25.259950,114.927800,357.108100
240.663,6,0.072539,1.658734,0.729528,-0.092705,-0.829787,0.184340,-0.518535,23.707490,115.506900,357.663800
240.773,6,0.080589,1.658177,0.727221,-0.089483,-0.834921,0.178725,-0.512793,22.967940,116.456600,357.891500
240.885,6,0.096929,1.656884,0.717667,-0.084208,-0.844571,0.169195,-0.500981,21.725940,118.326000,358.316700
240.997,6,0.118163,1.651576,0.703555,-0.078443,-0.851702,0.163603,-0.491615,20.843090,119.704500,358.329800
241.108,6,0.147003,1.641429,0.676229,-0.070447,-0.865447,0.158915,-0.469878,19.954120,122.708300,358.329300
241.219,6,0.167662,1.632874,0.648429,-0.067061,-0.875472,0.156999,-0.452109,19.605000,125.116900,358.507200
241.330,6,0.196089,1.621135,0.604840,-0.058344,-0.882070,0.162209,-0.438448,19.713720,126.723200,357.606600
241.441,6,0.231779,1.610469,0.558608,-0.053404,-0.885360,0.162898,-0.432146,19.548400,127.481400,357.188200
241.552,6,0.281247,1.600373,0.508991,-0.055840,-0.885451,0.162638,-0.431750,19.647530,127.573900,357.471400
241.664,6,0.341014,1.587836,0.456962,-0.060424,-0.881333,0.160010,-0.440452,19.589080,126.530400,357.904700
241.776,6,0.392980,1.574987,0.416181,-0.060737,-0.877951,0.159353,-0.447347,19.520820,125.623400,357.815700
241.887,6,0.453152,1.558818,0.368431,-0.065479,-0.873020,0.159744,-0.456104,19.794610,124.497300,358.088200
241.999,6,0.491254,1.545871,0.334129,-0.065315,-0.870824,0.165526,-0.458259,20.374270,124.073100,357.679800
242.110,6,0.528634,1.531982,0.295180,-0.064002,-0.871378,0.166581,-0.457008,20.414420,124.200600,357.509900
242.221,6,0.552175,1.518848,0.265717,-0.068770,-0.872231,0.170340,-0.453286,21.069250,124.685900,357.883800
242.332,6,0.568150,1.505081,0.237400,-0.065020,-0.873104,0.179086,-0.448766,21.782170,125.034000,357.086600
242.444,6,0.576987,1.488891,0.213287,-0.074869,-0.873546,0.193858,-0.440149,23.865720,125.988300,357.502500
242.555,6,0.581840,1.468594,0.200738,-0.081102,-0.870070,0.202350,-0.442103,25.076510,125.595700,357.608800
242.666,6,0.583660,1.423369,0.189042,-0.087809,-0.868146,0.207917,-0.442021,26.016560,125.571900,358.001200
242.777,6,0.583827,1.376749,0.172683,-0.092041,-0.868154,0.208967,-0.440647,26.355950,125.813600,358.442800
242.888,6,0.578021,1.323076,0.138009,-0.090688,-0.874765,0.219546,-0.422328,27.432450,128.036400,358.270900
242.999,6,0.571555,1.289814,0.113336,-0.091790,-0.880798,0.223758,-0.407066,27.962970,130.060800,358.672000
243.110,6,0.567916,1.258691,0.104680,-0.096660,-0.878356,0.234389,-0.405229,29.346620,130.120600,358.674800
243.221,6,0.566492,1.241069,0.118205,-0.098418,-0.870626,0.238905,-0.418628,29.893800,128.134500,358.106000
243.332,6,0.567014,1.237573,0.154177,-0.103308,-0.860828,0.237772,-0.437913,29.989540,125.535500,357.989500
243.444,6,0.563882,1.230545,0.209111,-0.108762,-0.849358,0.235895,-0.459474,30.043990,122.607300,357.880200
243.555,6,0.554939,1.216114,0.262471,-0.120155,-0.835018,0.238863,-0.480888,30.962090,119.586500,358.057300
243.666,6,0.530633,1.197915,0.325756,-0.131157,-0.820728,0.244985,-0.499185,32.213430,116.809100,358.015500
243.777,6,0.502025,1.191693,0.371154,-0.136904,-0.812573,0.248302,-0.509243,32.885480,115.236500,357.925100
243.888,6,0.460380,1.193620,0.427686,-0.138289,-0.804459,0.248826,-0.521352,32.992950,113.359300,357.474600
243.999,6,0.430142,1.202204,0.474340,-0.142081,-0.797647,0.245552,-0.532237,32.885990,111.873400,357.630200
244.110,6,0.400878,1.228164,0.543919,-0.140080,-0.779598,0.228430,-0.566061,30.981040,107.288800,357.312600
244.221,6,0.382679,1.266933,0.613620,-0.134896,-0.753110,0.192600,-0.614437,27.120820,101.060000,357.843100
244.332,6,0.366165,1.309494,0.679862,-0.132514,-0.735398,0.152943,-0.646714,23.349860,97.305090,359.817800
244.444,6,0.351151,1.353462,0.736384,-0.131235,-0.736410,0.102986,-0.655647,18.890860,97.228120,3.529134
244.555,6,0.336379,1.393668,0.764240,-0.122621,-0.770751,0.061646,-0.622179,14.336270,103.014600,6.656678
244.666,6,0.305638,1.451204,0.764313,-0.113239,-0.862332,0.012395,-0.493363,7.649488,121.163700,10.644410
244.777,6,0.279229,1.492642,0.764498,-0.096745,-0.888776,-0.001068,-0.448014,4.863881,126.922000,9.994380
244.888,6,0.246542,1.539240,0.769160,-0.072953,-0.895664,0.011833,-0.438547,4.886583,128.120400,6.935025
244.999,6,0.229167,1.562378,0.773576,-0.071910,-0.895844,0.017595,-0.438158,5.424938,128.183700,6.542016
245.110,6,0.225356,1.577853,0.778183,-0.077740,-0.883473,0.024658,-0.461330,6.620698,125.238600,6.625618
245.221,6,0.234579,1.591702,0.777584,-0.068400,-0.877305,0.026572,-0.474291,6.402148,123.513100,5.474619
245.332,6,0.255276,1.608378,0.772951,-0.055564,-0.880088,0.012285,-0.471389,4.244264,123.835500,4.959833
245.444,6,0.286322,1.625515,0.764994,-0.033502,-0.878648,-0.000467,-0.476293,1.781766,123.130900,3.402305
245.555,6,0.322770,1.637634,0.754307,-0.029450,-0.880507,-0.003064,-0.473108,1.287560,123.535900,3.139917
245.666,6,0.383325,1.655986,0.737218,-0.017238,-0.886534,-0.004112,-0.462324,0.495489,124.924800,1.969545
245.778,6,0.431094,1.662604,0.727634,-0.021901,-0.888660,-0.002681,-0.458035,0.876598,125.483000,2.371918
245.889,6,0.481674,1.663026,0.717828,-0.026672,-0.899604,0.003364,-0.435879,1.679181,128.335400,2.583480
246.000,6,0.509830,1.670358,0.706568,-0.019333,-0.918513,-0.004186,-0.394897,0.434256,133.479700,2.224911
246.112,6,0.533065,1.671566,0.692687,-0.016303,-0.938663,-0.005492,-0.344406,0.052644,139.703600,1.970742
246.223,6,0.554442,1.671733,0.679107,-0.012212,-0.956289,-0.000140,-0.292168,0.393500,146.026500,1.343123
246.334,6,0.577554,1.672377,0.669929,-0.002960,-0.966903,0.007470,-0.255017,0.914145,150.450800,0.109644
246.445,6,0.610381,1.676860,0.661117,0.000484,-0.978126,0.030869,-0.205709,3.450594,156.222900,359.216700
246.556,6,0.629228,1.679975,0.654013,0.009118,-0.986835,0.039541,-0.156555,4.311882,161.905400,358.254300
246.667,6,0.649277,1.678741,0.644030,0.014604,-0.992632,0.052692,-0.108127,5.822624,167.448300,357.673300
246.778,6,0.658459,1.677644,0.635800,0.014875,-0.995541,0.061701,-0.069780,6.936866,171.847300,357.792900
246.888,6,0.664526,1.678636,0.622738,0.022321,-0.997274,0.064690,-0.027591,7.342214,176.652100,357.220800
247.000,6,0.670766,1.675498,0.612789,0.015093,-0.996964,0.076344,-0.002510,8.751470,179.576300,358.233000
247.110,6,0.674647,1.671737,0.593220,0.005967,-0.996468,0.080435,0.023374,9.240609,182.649300,359.527900
247.222,6,0.674403,1.664914,0.562706,0.003822,-0.995340,0.086189,0.043067,9.898577,184.954200,359.989300
247.332,6,0.670939,1.659538,0.526773,0.006904,-0.994015,0.095301,0.052957,10.964060,186.078800,359.788000
247.443,6,0.657792,1.659339,0.489844,0.017132,-0.992280,0.092275,0.081075,10.713800,189.238000,358.889900
247.554,6,0.639165,1.656953,0.458193,0.022498,-0.989020,0.092834,0.112767,10.877060,192.878500,358.625000
247.664,6,0.614839,1.652246,0.422344,0.029622,-0.985192,0.094764,0.139782,11.244860,195.967500,358.137700
247.776,6,0.598833,1.647800,0.400813,0.032931,-0.982977,0.102075,0.149172,12.151580,197.044200,357.990000
247.887,6,0.581149,1.644937,0.383572,0.041228,-0.978734,0.114148,0.165380,13.714080,198.877000,357.466200
247.998,6,0.572887,1.645652,0.375696,0.046563,-0.975318,0.116632,0.181615,14.147550,200.741000,357.135200
248.109,6,0.567922,1.646060,0.371188,0.050069,-0.968943,0.120216,0.210218,14.715250,204.126100,357.245200
248.220,6,0.571358,1.648696,0.370763,0.051710,-0.961586,0.120673,0.241075,14.892540,207.828600,357.552800
248.331,6,0.585992,1.650836,0.369410,0.050855,-0.951527,0.121767,0.277818,15.069160,212.323900,358.271800
248.443,6,0.612732,1.650705,0.362704,0.057543,-0.936005,0.122325,0.324993,15.449910,218.067800,358.322700
248.553,6,0.651537,1.651134,0.352043,0.078393,-0.903165,0.127843,0.402249,17.097220,227.664800,357.676300
248.665,6,0.692473,1.658866,0.342362,0.103138,-0.852047,0.130693,0.496284,18.970730,239.971900,357.209800
248.776,6,0.727562,1.663594,0.342056,0.112187,-0.809724,0.125971,0.562044,19.275550,249.117100,357.566600
248.887,6,0.768840,1.669582,0.354610,0.121776,-0.760396,0.123803,0.625813,19.919330,258.585700,358.156700
248.998,6,0.798941,1.675019,0.371802,0.130288,-0.725592,0.113928,0.666004,19.808430,264.699300,357.726700
249.109,6,0.829396,1.677632,0.395897,0.138771,-0.698593,0.113311,0.692728,20.522580,269.108100,357.741900
249.220,6,0.841706,1.680152,0.412196,0.140048,-0.705326,0.102879,0.687254,19.732100,267.918100,356.580000
249.330,6,0.852994,1.680926,0.429300,0.146001,-0.721109,0.109661,0.668326,20.689750,264.932700,356.078000
249.433,6,0.868107,1.679111,0.437168,0.145957,-0.724859,0.106948,0.664710,20.431170,264.277000,355.751800
249.540,6,0.886324,1.678538,0.434425,0.140225,-0.717640,0.109864,0.673246,20.273270,265.760900,356.740800
249.640,6,0.900452,1.682916,0.423762,0.130913,-0.706714,0.101284,0.687865,18.860100,267.991500,357.232100
249.761,6,0.916392,1.680907,0.397232,0.124581,-0.681035,0.095406,0.715240,17.948410,272.490700,357.999300
249.879,6,0.926527,1.682552,0.359832,0.120310,-0.652761,0.078001,0.743871,16.309310,277.113800,357.550300
249.997,6,0.932525,1.682484,0.321552,0.126897,-0.626823,0.075583,0.765035,16.793000,280.957900,357.399500
250.111,6,0.932715,1.681482,0.290725,0.130049,-0.604031,0.066436,0.783467,16.501260,284.277900,356.830900
250.230,6,0.929509,1.681151,0.270354,0.138526,-0.581029,0.064588,0.799402,17.249410,287.452900,356.535500
250.343,6,0.924997,1.680965,0.253305,0.138322,-0.567441,0.063896,0.809194,17.239850,289.432900,356.784500
250.455,6,0.919994,1.681120,0.237747,0.137637,-0.558979,0.064407,0.815139,17.240930,290.674700,357.066900
250.572,6,0.918023,1.679929,0.228464,0.139317,-0.542711,0.062852,0.825897,17.358080,292.946100,357.153400
250.685,6,0.918240,1.679642,0.221555,0.141663,-0.528185,0.062510,0.834892,17.612600,294.940100,357.277600
250.800,6,0.918083,1.679603,0.215877,0.142326,-0.518276,0.055946,0.841430,17.307880,296.250400,356.794900
250.909,6,0.915639,1.680035,0.211815,0.142789,-0.514210,0.053444,0.844005,17.216980,296.781600,356.601000
251.019,6,0.911995,1.679371,0.209317,0.144583,-0.511160,0.053449,0.845550,17.406350,297.163400,356.549900
251.134,6,0.907762,1.677858,0.207345,0.147487,-0.503468,0.053622,0.849643,17.735080,298.162000,356.545600
251.249,6,0.904423,1.675958,0.204593,0.146295,-0.500180,0.055643,0.851658,17.749160,298.663700,356.896100
251.360,6,0.902028,1.674738,0.204662,0.148094,-0.488326,0.054475,0.858277,17.903450,300.238400,356.920100
251.471,6,0.891777,1.667810,0.213783,0.149339,-0.469900,0.053808,0.868330,18.054400,302.710300,357.172400
251.582,6,0.869052,1.654147,0.238082,0.166933,-0.452169,0.059341,0.874160,20.213270,304.784300,357.115900
251.694,6,0.837563,1.634013,0.269735,0.168551,-0.444076,0.062176,0.877794,20.556290,305.880200,357.518300
251.810,6,0.807736,1.614094,0.303637,0.170315,-0.442018,0.060883,0.878582,20.676710,306.098600,357.330000
251.911,6,0.783407,1.601236,0.333896,0.178480,-0.436819,0.061776,0.879498,21.587170,306.620100,357.086500
252.018,6,0.764005,1.592722,0.358913,0.180991,-0.433592,0.064356,0.880397,21.993200,307.035600,357.302800
252.131,6,0.736342,1.582793,0.397145,0.186270,-0.422248,0.068245,0.884507,22.777060,308.504000,357.726400
252.244,6,0.714299,1.574523,0.421704,0.188702,-0.419702,0.073609,0.884773,23.309970,308.882100,358.244000
252.356,6,0.702202,1.568205,0.432484,0.193598,-0.420158,0.075029,0.883379,23.896640,308.726500,358.111700
252.467,6,0.697070,1.556931,0.435087,0.179016,-0.418367,0.070476,0.887669,22.134570,309.231600,358.473800
252.578,6,0.699087,1.529630,0.437684,0.172336,-0.412608,0.073704,0.891416,21.596560,310.197100,359.333700
252.689,6,0.692628,1.476721,0.452443,0.172070,-0.407038,0.066454,0.894593,21.220840,310.825200,358.698100
252.800,6,0.684285,1.420956,0.466020,0.165339,-0.408833,0.065100,0.895143,20.440430,310.699800,358.859900
252.912,6,0.678034,1.368629,0.474831,0.156531,-0.405328,0.064310,0.898372,19.473970,311.313700,359.310600
253.022,6,0.672414,1.315127,0.481314,0.147401,-0.408513,0.061480,0.898671,18.370480,311.012400,359.400500
253.134,6,0.664429,1.264234,0.488773,0.149006,-0.406959,0.059644,0.899235,18.453050,311.163200,359.153700
253.245,6,0.651182,1.201743,0.501105,0.143245,-0.409372,0.058734,0.899136,17.799130,310.931100,359.298200
253.365,6,0.640140,1.152629,0.512353,0.141556,-0.410003,0.056508,0.899259,17.513360,310.846600,359.132000
253.479,6,0.631877,1.116251,0.520643,0.139701,-0.409747,0.057200,0.899622,17.351430,310.918800,359.305600
253.590,6,0.623137,1.085670,0.529274,0.139048,-0.414248,0.057116,0.897665,17.274990,310.340500,359.240400
253.702,6,0.621637,1.093777,0.536344,0.133573,-0.419795,0.048726,0.896413,16.283020,309.600400,358.520200
253.813,6,0.624360,1.139656,0.543290,0.110146,-0.421393,0.032587,0.899574,13.040100,309.569900,357.988200
253.924,6,0.630088,1.211081,0.548705,0.086393,-0.423427,0.017491,0.901632,9.822825,309.480300,357.579100
254.036,6,0.636145,1.280786,0.552263,0.068302,-0.425822,0.006951,0.902198,7.421295,309.295900,357.362700
254.148,6,0.644224,1.365442,0.555471,0.046364,-0.428448,-0.008391,0.902337,4.386364,309.080500,356.845200
254.259,6,0.648689,1.425286,0.556868,0.030289,-0.431566,-0.018782,0.901377,2.200296,308.765100,356.557500
254.370,6,0.652388,1.496500,0.555342,0.013952,-0.439941,-0.031079,0.897380,359.868000,307.771600,356.097600
254.482,6,0.653551,1.559387,0.552329,-0.006312,-0.447377,-0.043588,0.893261,357.118100,306.897700,355.853000
254.593,6,0.652265,1.620798,0.548485,-0.018323,-0.451152,-0.053277,0.890667,355.370500,306.455000,355.490300
254.705,6,0.650553,1.680493,0.544748,-0.026844,-0.458781,-0.060364,0.886090,354.090300,305.498700,355.251400
254.816,6,0.650341,1.727652,0.541546,-0.031205,-0.463670,-0.067576,0.882876,353.236800,304.893600,354.777800
254.928,6,0.651907,1.779884,0.535692,-0.039190,-0.464303,-0.074210,0.881692,352.066800,304.836800,354.526800
255.039,6,0.654335,1.805813,0.530262,-0.046490,-0.470720,-0.077867,0.877610,351.088600,304.005700,354.603900
255.150,6,0.660760,1.822439,0.521516,-0.052475,-0.480207,-0.083402,0.871603,350.120600,302.773800,354.466900
255.262,6,0.666173,1.830882,0.514911,-0.048675,-0.493783,-0.090650,0.863477,350.003800,301.027100,353.675900
255.373,6,0.670046,1.842639,0.507932,-0.057467,-0.505423,-0.095471,0.855646,348.764100,299.466800,353.837700
255.484,6,0.670884,1.842705,0.500902,-0.059657,-0.516887,-0.097373,0.848403,348.352600,297.916100,353.930900
255.595,6,0.669495,1.841185,0.495848,-0.053228,-0.522376,-0.094566,0.845782,349.115100,297.180700,353.899800
255.706,6,0.669766,1.829401,0.486931,-0.044321,-0.521530,-0.089951,0.847320,350.274300,297.301700,353.814200
255.817,6,0.674738,1.807389,0.475377,-0.043360,-0.517680,-0.086830,0.850052,350.583100,297.810000,354.022900
255.928,6,0.682061,1.769135,0.454215,-0.031951,-0.498925,-0.076596,0.862662,352.440400,300.297500,354.194500
256.039,6,0.687215,1.736749,0.430969,-0.020218,-0.473104,-0.065361,0.878346,354.412800,303.653000,354.482800
256.149,6,0.692731,1.698886,0.387923,-0.011674,-0.417051,-0.053340,0.907242,356.234500,310.789000,354.995400
256.260,6,0.687461,1.654304,0.348596,-0.009561,-0.363165,-0.067156,0.929252,356.184300,317.533700,353.216000
256.371,6,0.662897,1.607405,0.313905,0.006271,-0.307574,-0.056461,0.949827,358.692500,324.186800,353.618800
256.482,6,0.635949,1.585813,0.281747,0.020989,-0.261555,-0.050602,0.963633,0.801080,329.585000,353.770300
256.593,6,0.613378,1.589592,0.246232,0.037058,-0.216477,-0.040549,0.974741,3.134896,334.807600,354.535000
256.705,6,0.599402,1.599035,0.198491,0.057955,-0.179815,-0.027449,0.981608,5.964154,339.014200,355.690900
256.815,6,0.596617,1.609144,0.150232,0.081947,-0.160420,-0.022303,0.983388,8.859688,341.154400,355.928300
256.926,6,0.601869,1.622048,0.096648,0.115607,-0.141571,-0.019953,0.982952,12.804390,343.133500,355.768100
257.037,6,0.609032,1.632388,0.064326,0.136717,-0.129335,-0.014605,0.982022,15.351480,344.481000,356.191600
257.148,6,0.617594,1.647036,0.037006,0.149007,-0.125958,-0.011743,0.980711,16.816470,344.826100,356.372200
257.259,6,0.624480,1.654894,0.023233,0.148709,-0.128601,-0.011052,0.980421,16.783220,344.524900,356.411700
257.369,6,0.632572,1.662891,0.011046,0.140263,-0.131806,-0.012337,0.981225,15.783650,344.193300,356.354500
257.482,6,0.642944,1.673867,0.003138,0.119793,-0.124535,-0.015831,0.984830,13.415350,345.162900,356.403400
257.592,6,0.654666,1.679210,-0.003732,0.107658,-0.114283,-0.022064,0.987351,11.978760,346.375700,356.003600
257.704,6,0.665068,1.682706,-0.009781,0.105739,-0.107592,-0.027827,0.988164,11.711710,347.104900,355.445800
257.813,6,0.673650,1.686751,-0.015157,0.095516,-0.098185,-0.027768,0.990185,10.585550,348.275500,355.697400
257.926,6,0.679653,1.690241,-0.018851,0.086842,-0.091270,-0.030889,0.991551,9.588953,349.105400,355.514800
258.028,6,0.681901,1.692421,-0.019176,0.082066,-0.087220,-0.030817,0.992325,9.061619,349.606300,355.616600
258.135,6,0.682928,1.691981,-0.017494,0.082375,-0.084699,-0.029103,0.992569,9.125358,349.912600,355.834000
258.240,6,0.682792,1.691038,-0.013837,0.085722,-0.083393,-0.026923,0.992458,9.535620,350.065200,356.061500
258.346,6,0.681825,1.689745,-0.007233,0.087146,-0.088298,-0.026245,0.991928,9.686054,349.493700,356.076000
258.450,6,0.682604,1.689114,0.001896,0.085287,-0.090996,-0.023674,0.991910,9.490637,349.215300,356.367600
258.555,6,0.684214,1.688554,0.020263,0.080105,-0.090813,-0.025649,0.992310,8.877294,349.247200,356.201600
258.655,6,0.687017,1.688736,0.045221,0.073355,-0.097163,-0.026245,0.992214,8.074969,348.543000,356.158300
258.772,6,0.692789,1.691145,0.075262,0.059354,-0.111627,-0.034594,0.991373,6.313077,346.890700,355.276800
258.886,6,0.698509,1.693949,0.112741,0.047449,-0.120111,-0.038297,0.990886,4.866472,345.963400,354.973800
258.989,6,0.700952,1.696083,0.151309,0.037030,-0.131008,-0.038809,0.989929,3.620390,344.765200,355.025500
259.093,6,0.702388,1.699513,0.191282,0.026156,-0.147179,-0.043465,0.987808,2.228198,342.946600,354.626900
259.203,6,0.702135,1.705539,0.238241,0.009836,-0.174954,-0.044095,0.983540,0.224494,339.817100,354.826000
259.314,6,0.700414,1.712031,0.267450,0.001548,-0.202089,-0.046181,0.978277,359.104000,336.697300,354.779300
259.425,6,0.695279,1.719293,0.296617,-0.015165,-0.237773,-0.049926,0.969918,356.952700,332.588500,354.850000
259.536,6,0.688148,1.721464,0.318398,-0.034745,-0.260432,-0.053524,0.963381,354.558800,329.978500,355.100100
259.647,6,0.675690,1.716045,0.355439,-0.034544,-0.281932,-0.060557,0.956898,354.246000,327.446400,354.439100
259.758,6,0.663407,1.708023,0.386139,-0.025226,-0.293732,-0.059677,0.953690,355.229000,326.000600,354.298200
259.869,6,0.646713,1.697535,0.424837,-0.017024,-0.306264,-0.062388,0.949748,355.954300,324.474200,353.779800
259.980,6,0.634028,1.689544,0.453415,-0.009671,-0.313709,-0.060384,0.947548,356.777500,323.538600,353.769000
260.091,6,0.624387,1.683736,0.473924,-0.002462,-0.320338,-0.060157,0.945388,357.524300,322.702300,353.553800
260.203,6,0.617345,1.679413,0.486517,0.007769,-0.323222,-0.058751,0.944466,358.664600,322.293000,353.337000
260.314,6,0.611808,1.679069,0.492274,0.004833,-0.324824,-0.054982,0.944162,358.476100,322.111800,353.857500
260.425,6,0.606877,1.678496,0.496096,0.005625,-0.328897,-0.051857,0.942924,358.653300,321.610400,354.173100
260.536,6,0.605112,1.677427,0.497879,0.006908,-0.328811,-0.050417,0.943024,358.846800,321.612500,354.280900
260.647,6,0.604607,1.676621,0.499599,0.008541,-0.329310,-0.049899,0.942864,359.039800,321.542900,354.276000
260.758,6,0.605278,1.675973,0.500528,0.008923,-0.329020,-0.049128,0.943002,359.111900,321.575400,354.344900
260.869,6,0.607416,1.675101,0.502426,0.010665,-0.328662,-0.049129,0.943109,359.302300,321.609300,354.278900
260.981,6,0.610665,1.674224,0.503389,0.012738,-0.327206,-0.049195,0.943586,359.532800,321.773900,354.193000
261.092,6,0.615812,1.674346,0.503162,0.012026,-0.325066,-0.050230,0.944280,359.430200,322.037500,354.106100
261.204,6,0.622372,1.670106,0.506800,0.017168,-0.318692,-0.052010,0.946275,359.962200,322.776500,353.720800
261.314,6,0.623618,1.658481,0.519392,0.047020,-0.311579,-0.047543,0.947865,3.411718,323.402000,353.128500
261.425,6,0.621188,1.638958,0.533325,0.083940,-0.302800,-0.036146,0.948662,7.895742,324.116800,353.075700
261.536,6,0.622368,1.632567,0.530906,0.110827,-0.292921,-0.030289,0.949209,11.107610,325.002300,352.832800
261.647,6,0.626909,1.633664,0.514712,0.129099,-0.277366,-0.019374,0.951854,13.592790,326.743600,353.591100
261.758,6,0.630310,1.639699,0.494001,0.130905,-0.259795,-0.018884,0.956564,13.923490,328.858000,353.840500
261.869,6,0.629179,1.647520,0.455668,0.125631,-0.224551,-0.019909,0.966125,13.521470,333.166300,354.399200
261.981,6,0.622437,1.652556,0.412394,0.130126,-0.188865,-0.014911,0.973229,14.338630,337.452900,355.371800
262.092,6,0.612172,1.657085,0.362082,0.131830,-0.153033,-0.015058,0.979273,14.689790,341.702200,355.859600
262.203,6,0.601937,1.660055,0.308957,0.139302,-0.120870,-0.015192,0.982728,15.671410,345.455500,356.216500
262.314,6,0.595138,1.664539,0.262100,0.135153,-0.101932,-0.017370,0.985415,15.237550,347.697300,356.328500
262.425,6,0.590279,1.670713,0.201508,0.131948,-0.081964,-0.019651,0.987667,14.916990,350.042400,356.413500
262.536,6,0.588544,1.676528,0.156426,0.127927,-0.068864,-0.024901,0.989077,14.455580,351.532100,356.039900
262.647,6,0.589807,1.680787,0.103917,0.130306,-0.050460,-0.029673,0.989744,14.770280,353.610000,355.736500
262.758,6,0.594434,1.683743,0.069626,0.126835,-0.033893,-0.036430,0.990675,14.408570,355.476000,355.215900
262.869,6,0.602106,1.685743,0.032661,0.117825,-0.019782,-0.040096,0.992027,13.425740,357.130300,355.033100
262.981,6,0.608645,1.685488,0.007929,0.113024,-0.014231,-0.041496,0.992623,12.897020,357.787500,354.962300
263.091,6,0.613229,1.686031,-0.008832,0.106689,-0.013800,-0.038683,0.993444,12.175710,357.908600,355.317200
263.203,6,0.617598,1.685505,-0.017902,0.101753,-0.012892,-0.037389,0.994023,11.614520,358.055400,355.494000
263.314,6,0.622004,1.685076,-0.017190,0.097906,-0.005878,-0.037940,0.994455,11.202630,358.883200,355.520700
263.425,6,0.627743,1.684467,-0.001507,0.092839,0.005914,-0.036035,0.995011,10.671520,0.296036,355.879500
263.537,6,0.630332,1.684025,0.023794,0.089477,0.009387,-0.037992,0.995220,10.300590,0.692203,355.690100
263.648,6,0.632123,1.681679,0.073802,0.082901,0.016546,-0.040210,0.995609,9.578816,1.527184,355.502400
263.759,6,0.633539,1.679779,0.124313,0.081424,0.018953,-0.042021,0.995613,9.423270,1.794725,355.314300
263.870,6,0.635382,1.679212,0.195818,0.076561,0.020791,-0.045200,0.995823,8.879753,2.000310,354.957600
263.982,6,0.636819,1.678301,0.257187,0.069727,0.024016,-0.046227,0.996205,8.114077,2.396923,354.856400
264.093,6,0.636740,1.677047,0.312316,0.073713,0.026520,-0.044995,0.995911,8.581079,2.677359,355.027200
264.205,6,0.635875,1.676024,0.360836,0.073244,0.023901,-0.043539,0.996077,8.510756,2.389734,355.172200
264.317,6,0.636565,1.672967,0.399101,0.071447,0.022217,-0.043364,0.996254,8.295909,2.204972,355.175200
264.428,6,0.637951,1.665743,0.441855,0.086187,0.017869,-0.043737,0.995158,9.968208,1.630616,355.109100
264.539,6,0.637109,1.658975,0.466489,0.100762,0.007091,-0.045110,0.993862,11.591160,0.292674,354.832200
264.650,6,0.636331,1.652924,0.486975,0.113006,0.000352,-0.046049,0.992527,12.965000,359.429200,354.622400
264.761,6,0.634827,1.649253,0.498757,0.120318,-0.003836,-0.045091,0.991704,13.785860,358.910900,354.661600
264.872,6,0.632897,1.646879,0.506823,0.122697,-0.007616,-0.046950,0.991304,14.036820,358.427600,354.383200
264.983,7,0.628748,1.644456,0.510169,0.128439,-0.009609,-0.046644,0.990573,14.688270,358.162400,354.371300
265.095,7,0.622858,1.644018,0.507687,0.133616,-0.013331,-0.044963,0.989923,15.268330,357.718200,354.492900
265.206,7,0.612097,1.646310,0.494560,0.135726,-0.015392,-0.043183,0.989685,15.505020,357.490700,354.661500
265.317,7,0.599535,1.649443,0.475368,0.137037,-0.022508,-0.038045,0.989579,15.634830,356.727400,355.147200
265.428,7,0.577387,1.654410,0.437651,0.143960,-0.038350,-0.034286,0.988246,16.373990,354.877200,355.288500
265.538,7,0.556568,1.659247,0.401599,0.149654,-0.045826,-0.028840,0.987255,17.028680,354.050000,355.761900
265.649,7,0.523314,1.664739,0.351226,0.156208,-0.062106,-0.026355,0.985417,17.733280,352.117000,355.704300
265.760,7,0.495733,1.661983,0.309902,0.186218,-0.070791,-0.022398,0.979699,21.204900,350.924900,355.678500
265.871,7,0.466710,1.656578,0.262359,0.218900,-0.052570,-0.017669,0.974170,25.127530,353.011300,356.362500
265.982,7,0.447314,1.652001,0.227389,0.233681,-0.038101,-0.011110,0.971503,26.949040,354.901200,357.467200
266.092,7,0.435588,1.647989,0.197683,0.247877,-0.016473,-0.011523,0.968583,28.672280,357.542300,358.008600
266.204,7,0.425551,1.647569,0.172369,0.246881,-0.015027,-0.008908,0.968888,28.563480,357.812900,358.389700
266.315,7,0.414877,1.652151,0.153276,0.233065,-0.044580,-0.006242,0.971419,26.888250,354.239400,357.885600
266.426,7,0.381920,1.660490,0.128041,0.200887,-0.190634,0.011500,0.960818,22.980450,336.865600,356.606700
266.537,7,0.346261,1.663027,0.097937,0.189732,-0.365608,0.028688,0.910774,21.505010,315.243000,354.666700
266.648,7,0.313611,1.661852,0.057339,0.188860,-0.518159,0.060805,0.831953,22.163930,295.020200,354.140600
266.759,7,0.298375,1.656379,0.034742,0.198340,-0.571424,0.088409,0.791404,24.517600,287.149000,354.529500
266.870,7,0.285541,1.644485,0.019070,0.228374,-0.587484,0.117345,0.767423,29.235180,283.615200,354.197300
266.981,7,0.278605,1.629000,0.018110,0.269896,-0.557706,0.146072,0.771222,35.396360,286.552900,354.668900
267.091,7,0.278312,1.622224,0.027203,0.290880,-0.506348,0.148966,0.798004,37.959420,293.786300,355.867200
267.203,7,0.293707,1.626138,0.051034,0.283860,-0.398188,0.116840,0.864418,35.717960,309.987100,358.301600
267.325,7,0.329978,1.630806,0.079092,0.272472,-0.232108,0.093885,0.929016,33.356350,332.930800,3.291358
267.425,7,0.361648,1.634056,0.097423,0.265412,-0.122786,0.063940,0.954144,31.478940,346.411400,3.821360
267.538,7,0.392356,1.634450,0.115332,0.266079,-0.038122,0.030090,0.962727,30.971810,356.162100,2.516724
267.648,7,0.425252,1.627345,0.148065,0.274912,0.027079,0.001225,0.961087,31.894870,3.560338,1.163759
267.758,7,0.444485,1.615184,0.188137,0.290654,0.043096,-0.004691,0.955846,33.782750,5.499846,1.108882
267.869,7,0.464789,1.588199,0.254622,0.308248,0.041131,-0.009747,0.950367,35.923050,5.112973,0.483229
267.980,7,0.477638,1.553929,0.312903,0.324953,0.037410,-0.013656,0.944891,37.960050,4.497147,359.891400
268.091,7,0.486535,1.517007,0.359606,0.354854,0.031372,-0.010993,0.934330,41.589740,3.896303,0.132028
268.202,7,0.491368,1.490010,0.394125,0.371409,0.021810,-0.012237,0.928133,43.627520,2.485854,359.484300
268.313,7,0.492595,1.475072,0.417181,0.376711,0.008194,-0.011110,0.926228,44.268620,0.544782,358.847200
268.425,7,0.490255,1.472148,0.430837,0.378806,-0.008438,-0.008566,0.925398,44.503060,358.223800,358.212600
268.536,7,0.486256,1.473633,0.439806,0.377085,-0.019974,-0.004480,0.925952,44.278520,356.767700,358.130200
268.648,7,0.477364,1.478300,0.451128,0.370599,-0.036751,-0.000787,0.928065,43.457980,354.561400,357.733900
268.759,7,0.468912,1.481091,0.459531,0.365952,-0.050517,-0.001651,0.929260,42.840660,352.548200,356.869600
268.869,7,0.458938,1.482772,0.470555,0.367037,-0.061136,0.006380,0.928173,43.010120,351.442700,357.410700
268.980,7,0.450921,1.483054,0.478659,0.362816,-0.067624,0.009788,0.929353,42.507830,350.742600,357.599500
269.091,7,0.436451,1.482350,0.487120,0.361573,-0.074266,0.015607,0.929250,42.399890,350.117700,358.083300
269.203,7,0.418998,1.485653,0.498000,0.356054,-0.079459,0.019713,0.930872,41.760220,349.659400,358.472500
269.314,7,0.398880,1.487785,0.508430,0.353407,-0.079233,0.020092,0.931892,41.441690,349.743800,358.581600
269.425,7,0.364173,1.492122,0.517168,0.346634,-0.082425,0.021749,0.934119,40.630610,349.453200,358.753400
269.536,7,0.330581,1.497084,0.520164,0.340844,-0.080325,0.018677,0.936496,39.896140,349.659200,358.523100
269.648,7,0.278700,1.507756,0.522701,0.331983,-0.069987,0.012309,0.940605,38.774220,350.886300,358.286400
269.759,7,0.233580,1.517750,0.520760,0.327303,-0.063577,0.010843,0.942716,38.205610,351.748800,358.455900
269.870,7,0.177150,1.534929,0.511572,0.313653,-0.059429,0.005208,0.947662,36.519260,352.178400,358.045600
269.982,7,0.135245,1.550707,0.499021,0.297264,-0.055051,0.003283,0.953201,34.545910,352.816500,358.158300
270.092,7,0.100945,1.565374,0.484183,0.278995,-0.047995,0.002221,0.959090,32.369390,353.826900,358.472100
270.204,7,0.077184,1.582920,0.468155,0.255013,-0.040982,-0.001014,0.966068,29.513990,354.745200,358.494600
270.316,7,0.070560,1.601093,0.452008,0.220862,-0.017808,-0.008977,0.975101,25.493270,357.543000,358.389200
270.427,7,0.081277,1.623361,0.424515,0.186523,0.055778,-0.018989,0.980682,21.589670,6.317404,358.987100
270.538,7,0.097260,1.644307,0.392029,0.152756,0.136355,-0.016813,0.978668,17.672750,15.945370,0.526087
270.649,7,0.115875,1.666309,0.337742,0.126599,0.222640,-0.025912,0.966299,14.844880,25.998140,0.373060
270.761,7,0.125476,1.677362,0.290112,0.115120,0.255791,-0.039618,0.959036,13.950110,29.744660,358.990600
270.871,7,0.130999,1.681632,0.246251,0.113883,0.264454,-0.051846,0.956246,14.194970,30.631490,357.699100
270.983,7,0.134714,1.684392,0.207545,0.106600,0.276940,-0.053185,0.953474,13.458330,32.097560,357.502600
271.093,7,0.137963,1.689424,0.169323,0.089569,0.308077,-0.050325,0.945798,11.562510,35.847190,357.659700
271.205,7,0.138400,1.690061,0.135658,0.083555,0.336781,-0.044181,0.936827,10.737590,39.400830,358.454400
271.316,7,0.135597,1.688841,0.113188,0.089442,0.348780,-0.045912,0.931796,11.461590,40.906730,358.645300
271.427,7,0.133859,1.691616,0.096784,0.084947,0.357519,-0.040973,0.929132,10.786550,42.007430,359.101900
271.539,7,0.135381,1.691890,0.093542,0.092816,0.354883,-0.041379,0.929371,11.647500,41.733190,359.354500
271.649,7,0.140605,1.691449,0.094577,0.101460,0.348574,-0.044666,0.930703,12.708860,40.983480,359.271200
271.760,7,0.144454,1.689435,0.096783,0.109478,0.341277,-0.051539,0.932142,13.843870,40.064510,358.739500
271.871,7,0.147575,1.686556,0.101189,0.122790,0.332701,-0.057769,0.933218,15.522600,39.031550,358.446700
271.983,7,0.149808,1.683746,0.107816,0.131302,0.325807,-0.062027,0.934218,16.603540,38.187510,358.185900
272.093,7,0.151388,1.681005,0.114277,0.143358,0.317598,-0.064544,0.935101,18.005410,37.235980,358.213400
272.205,7,0.152567,1.677867,0.120466,0.152838,0.308865,-0.063904,0.936568,19.011720,36.246730,358.467300
272.316,7,0.154659,1.675276,0.124438,0.159068,0.301681,-0.064712,0.937816,19.718350,35.395620,358.453800
272.427,7,0.158635,1.672148,0.128122,0.167964,0.293244,-0.067781,0.938724,20.799270,34.372670,358.237900
272.538,7,0.161475,1.670256,0.129657,0.171835,0.288717,-0.069680,0.939287,21.286990,33.806450,358.051800
272.649,7,0.164481,1.668051,0.130638,0.177377,0.285766,-0.071198,0.939045,21.951540,33.464110,358.001800
272.760,7,0.165536,1.665847,0.130386,0.183361,0.279813,-0.071591,0.939659,22.622470,32.768540,358.017800
272.871,7,0.166388,1.663826,0.130612,0.186573,0.275265,-0.070907,0.940421,22.951380,32.242650,358.092500
272.982,7,0.167698,1.659288,0.134803,0.193610,0.269916,-0.068781,0.940707,23.665160,31.693130,358.442800
273.093,7,0.172804,1.649620,0.148767,0.204348,0.264049,-0.066368,0.940274,24.792650,31.137360,358.933800
273.205,7,0.184744,1.635579,0.177937,0.221681,0.263491,-0.074027,0.935922,26.998280,31.111430,358.601600
273.316,7,0.202145,1.615467,0.216700,0.239414,0.267810,-0.076554,0.930107,29.101930,31.884600,359.070600
273.427,7,0.230544,1.580560,0.278972,0.257295,0.270913,-0.081585,0.923986,31.310690,32.468830,359.238300
273.538,7,0.251486,1.551437,0.325681,0.273814,0.270684,-0.086028,0.918888,33.352020,32.624870,359.323300
273.649,7,0.273479,1.520904,0.374925,0.289922,0.269385,-0.091923,0.913743,35.405170,32.588150,359.171400
273.760,7,0.286789,1.501274,0.405279,0.295319,0.269636,-0.096999,0.911413,36.201280,32.553590,358.753400
273.871,7,0.298649,1.479790,0.435777,0.302037,0.268660,-0.101431,0.909015,37.129060,32.396310,358.410500
273.982,7,0.305813,1.465133,0.455612,0.307185,0.268017,-0.104168,0.907168,37.819430,32.314100,358.234700
274.093,7,0.310374,1.454901,0.471119,0.307444,0.265569,-0.104906,0.907715,37.869360,31.939310,358.028700
274.205,7,0.313246,1.446607,0.482831,0.308805,0.262691,-0.106060,0.907956,38.059940,31.510460,357.790600
274.316,7,0.314684,1.441447,0.489667,0.311334,0.260376,-0.106848,0.907667,38.375800,31.202420,357.672600
274.427,7,0.315534,1.438673,0.494190,0.313724,0.259129,-0.108382,0.907019,38.702490,31.011050,357.501600
274.538,7,0.316287,1.437883,0.494798,0.314420,0.258538,-0.109355,0.906830,38.814050,30.899150,357.370100
274.649,7,0.317362,1.438756,0.492599,0.313430,0.259305,-0.110426,0.906824,38.735000,30.940960,357.227800
274.761,7,0.317753,1.442856,0.487047,0.311219,0.261558,-0.109092,0.907099,38.439040,31.273610,357.430800
274.872,7,0.317304,1.450439,0.478422,0.303310,0.261436,-0.108486,0.909882,37.493880,31.109720,357.195100
274.983,7,0.315393,1.459113,0.465261,0.298599,0.262765,-0.108613,0.911042,36.952390,31.195110,357.060500
275.094,7,0.308697,1.475134,0.445999,0.289379,0.263813,-0.105022,0.914130,35.765750,31.299290,357.222200
275.205,7,0.294155,1.501702,0.412721,0.273538,0.261497,-0.098168,0.920413,33.702190,30.934690,357.405900
275.316,7,0.281989,1.518453,0.386012,0.261439,0.257928,-0.094099,0.925348,32.166820,30.383060,357.340100
275.427,7,0.267541,1.532151,0.353637,0.251962,0.256951,-0.087766,0.928864,30.875820,30.307060,357.759000
275.538,7,0.256810,1.542339,0.329994,0.245428,0.254844,-0.084152,0.931525,30.009020,30.038680,357.902900
275.649,7,0.243001,1.559677,0.298875,0.232358,0.253160,-0.078146,0.935849,28.324890,29.803790,358.136900
275.760,7,0.229627,1.580508,0.269482,0.215150,0.250296,-0.071520,0.941248,26.156280,29.383380,358.280500
275.871,7,0.214944,1.602239,0.237313,0.201057,0.247622,-0.068078,0.945317,24.446310,28.959820,358.165800
275.982,7,0.199542,1.622218,0.203934,0.193405,0.246876,-0.066017,0.947253,23.515910,28.830480,358.151600
276.093,7,0.186022,1.635500,0.172855,0.193686,0.243249,-0.062154,0.948395,23.429470,28.464330,358.522100
276.205,7,0.177821,1.645263,0.146341,0.187837,0.241228,-0.065052,0.949892,22.844670,28.084200,357.950200
276.316,7,0.173146,1.649937,0.127335,0.186522,0.233245,-0.062579,0.952308,22.609360,27.125200,358.002400
276.427,7,0.170806,1.654062,0.108170,0.180128,0.227828,-0.063294,0.954800,21.889160,26.377810,357.604100
276.538,7,0.171508,1.655702,0.097737,0.178463,0.226519,-0.063663,0.955399,21.706240,26.193800,357.483300
276.649,7,0.173226,1.657033,0.089803,0.173248,0.223084,-0.063681,0.957164,21.104260,25.728530,357.259400
276.761,7,0.175895,1.658196,0.086691,0.171316,0.220827,-0.064419,0.957986,20.896930,25.420640,357.069400
276.871,7,0.179009,1.658231,0.085939,0.170631,0.220303,-0.063380,0.958298,20.790710,25.372730,357.161700
276.983,7,0.182102,1.657138,0.086230,0.174436,0.218220,-0.065105,0.957974,21.261420,25.103930,357.010200
277.095,8,0.185607,1.656491,0.087196,0.175196,0.218605,-0.067240,0.957600,21.403450,25.111380,356.787100
277.205,8,0.188483,1.655518,0.088963,0.177467,0.220831,-0.069432,0.956514,21.725730,25.355300,356.640100
277.317,8,0.190160,1.654368,0.091234,0.180505,0.219765,-0.070172,0.956137,22.087210,25.226310,356.606400
277.428,8,0.191893,1.652842,0.093796,0.184620,0.216605,-0.074152,0.955772,22.645770,24.769680,356.162600
277.539,8,0.192561,1.651654,0.095939,0.188761,0.217346,-0.076158,0.954636,23.172510,24.841860,356.048500
277.649,8,0.192280,1.650544,0.099924,0.192092,0.216612,-0.077198,0.954055,23.576720,24.746470,355.990600
277.761,8,0.191695,1.650287,0.105115,0.192728,0.212871,-0.077445,0.954748,23.639750,24.275450,355.879300
277.872,8,0.191245,1.649438,0.110739,0.194594,0.208477,-0.078313,0.955269,23.855490,23.714730,355.705600
277.983,8,0.191350,1.648595,0.116133,0.197096,0.205505,-0.078222,0.955407,24.127230,23.358600,355.698100
278.094,8,0.192242,1.648329,0.120157,0.197681,0.203762,-0.079507,0.955553,24.216740,23.111350,355.510600
278.205,8,0.195506,1.648804,0.125638,0.196037,0.204043,-0.082046,0.955618,24.088900,23.075120,355.173600
278.316,8,0.200894,1.649229,0.130266,0.194322,0.208788,-0.084450,0.954733,23.973580,23.602730,354.970200
278.427,8,0.211631,1.650223,0.135385,0.192292,0.224102,-0.090081,0.951151,23.964550,25.379640,354.651700
278.538,8,0.224324,1.651482,0.135586,0.187513,0.256953,-0.096843,0.943099,23.794380,29.340220,354.587900
278.649,8,0.248514,1.654017,0.126867,0.175141,0.342293,-0.103837,0.917267,23.103070,40.027660,355.598300
278.761,8,0.270846,1.655181,0.112447,0.161594,0.430916,-0.107940,0.881220,22.199020,51.497910,356.844200
278.872,8,0.290401,1.656694,0.099834,0.145892,0.509363,-0.113924,0.840409,21.178570,61.946560,357.365400
278.983,8,0.308264,1.658972,0.093033,0.129646,0.579807,-0.117401,0.795759,20.027630,71.762530,357.773200
279.095,8,0.322451,1.659749,0.092079,0.113047,0.641201,-0.121713,0.749178,18.994010,80.739330,357.733300
279.206,8,0.337166,1.662806,0.101338,0.089563,0.723893,-0.125613,0.672443,17.596520,93.854870,357.639000
279.317,8,0.343468,1.668014,0.115300,0.076944,0.787023,-0.128003,0.598573,17.073290,105.201000,358.074200
279.428,8,0.346176,1.679360,0.137092,0.055132,0.857238,-0.125954,0.496226,15.703610,119.619600,358.185500
279.539,8,0.344523,1.682024,0.153658,0.044185,0.896900,-0.127987,0.420996,15.473080,129.479900,358.305100
279.649,8,0.332998,1.682767,0.167603,0.035029,0.939416,-0.132195,0.314318,15.687650,142.858900,358.971000
279.761,8,0.317299,1.683934,0.173763,0.022456,0.965268,-0.134099,0.223094,15.599000,153.838100,359.019500
279.871,8,0.300854,1.682367,0.176394,0.013031,0.980135,-0.135424,0.144316,15.618390,163.137300,359.194200
279.982,8,0.285598,1.679161,0.175972,0.006772,0.986207,-0.142545,0.083856,16.397160,170.189100,359.369900
280.093,8,0.272333,1.675398,0.175938,0.002767,0.987077,-0.151890,0.050991,17.465780,173.993100,359.397700
280.204,8,0.260663,1.672444,0.178524,-0.002301,0.985779,-0.165050,0.031533,18.981290,176.184400,359.094400
280.316,8,0.253662,1.670467,0.181310,-0.006657,0.985255,-0.169865,0.019339,19.539950,177.544900,358.802900
280.427,8,0.248611,1.666694,0.185982,-0.007397,0.982868,-0.183464,0.016012,21.125060,177.899500,358.745900
280.537,8,0.247140,1.664001,0.189631,-0.006420,0.981101,-0.192119,0.022135,22.128900,177.159900,358.694700
280.650,8,0.246727,1.662715,0.192558,-0.008811,0.980441,-0.194875,0.026100,22.436980,176.612700,358.298200
280.759,8,0.245681,1.659428,0.190040,-0.010934,0.980024,-0.197888,0.016574,22.799520,177.711300,358.260000
280.870,8,0.246030,1.652836,0.179321,-0.006976,0.979516,-0.201142,0.006403,23.200750,179.043100,358.987400
280.982,8,0.248603,1.646475,0.165330,-0.006566,0.979006,-0.203414,0.011308,23.461820,178.450000,358.909600
281.093,8,0.249757,1.639722,0.145073,-0.005217,0.978270,-0.206640,0.016164,23.836660,177.883500,358.942100
281.204,8,0.248791,1.629700,0.117886,-0.004241,0.977404,-0.210535,0.018401,24.292800,177.625900,358.991700
281.315,8,0.246865,1.619212,0.087291,-0.004353,0.976019,-0.216666,0.020605,25.008960,177.336800,358.898100
281.426,8,0.244917,1.602707,0.039613,-0.004007,0.973888,-0.224893,0.030818,25.963210,176.056700,358.619200
281.537,8,0.243466,1.589149,-0.000367,-0.006575,0.971659,-0.232902,0.039900,26.877070,174.815600,357.985000
281.648,8,0.243189,1.572790,-0.050281,-0.007002,0.968493,-0.243562,0.051481,28.102790,173.286000,357.489400
281.759,8,0.243301,1.561847,-0.086219,-0.005039,0.967294,-0.247019,0.057434,28.509320,172.572200,357.513500
281.871,8,0.241803,1.548947,-0.128210,-0.003558,0.965885,-0.251600,0.061254,29.051570,172.102100,357.528500
281.983,8,0.238463,1.537289,-0.161846,-0.003021,0.964662,-0.256073,0.062014,29.582220,171.989300,357.522700
282.093,8,0.233832,1.527219,-0.191048,-0.003067,0.964000,-0.258705,0.061369,29.894710,172.049900,357.509900
282.205,8,0.229605,1.518258,-0.215550,-0.003950,0.963896,-0.258981,0.061791,29.918920,171.964000,357.380000
282.316,8,0.225288,1.510458,-0.236082,-0.005152,0.964038,-0.257996,0.063588,29.787200,171.701500,357.176900
282.427,8,0.218600,1.500565,-0.260383,-0.007121,0.963609,-0.259209,0.064948,29.909210,171.450800,356.865800
282.538,8,0.213585,1.493358,-0.275465,-0.008428,0.963226,-0.260452,0.065495,30.042610,171.325100,356.665300
282.649,8,0.208171,1.485916,-0.288992,-0.010718,0.960800,-0.268334,0.068891,30.940940,170.732200,356.151500
282.761,8,0.202887,1.481479,-0.293914,-0.012537,0.960128,-0.271359,0.066038,31.293580,171.004200,355.979400
282.872,8,0.195775,1.478373,-0.287688,-0.012883,0.959787,-0.274822,0.055816,31.742580,172.281000,356.264300
282.983,8,0.187515,1.479789,-0.265532,-0.014362,0.960672,-0.274367,0.040318,31.735210,174.240700,356.648700
283.094,8,0.180620,1.486092,-0.229978,-0.016297,0.962690,-0.268867,0.025955,31.119520,176.065900,356.964400
283.205,8,0.173588,1.501877,-0.162315,-0.019028,0.965796,-0.258568,0.004347,29.952510,178.793900,357.420000
283.316,8,0.170108,1.520296,-0.098810,-0.019717,0.969618,-0.243809,-0.002940,28.224000,179.745500,357.606100
283.427,8,0.161624,1.547045,-0.011930,-0.031408,0.974040,-0.223850,-0.012284,25.903010,180.628600,356.450900
283.538,8,0.154645,1.565583,0.052142,-0.037244,0.975400,-0.215667,-0.026392,25.004430,182.239900,356.123400
283.648,8,0.148567,1.586068,0.118719,-0.042056,0.976519,-0.209000,-0.030992,24.254610,182.700100,355.648100
283.759,8,0.144760,1.600427,0.154727,-0.043923,0.977764,-0.202112,-0.034636,23.470530,183.123300,355.504700
283.870,8,0.141962,1.613402,0.182706,-0.044762,0.977290,-0.201774,-0.046789,23.488870,184.589700,355.709800
283.981,8,0.138525,1.616085,0.191527,-0.047877,0.974824,-0.208822,-0.061799,24.396400,186.335100,355.747400
284.092,8,0.128943,1.609570,0.184788,-0.047453,0.971874,-0.218231,-0.074728,25.548660,187.934400,356.211000
284.203,8,0.110553,1.598215,0.163123,-0.046856,0.968172,-0.232468,-0.080044,27.234870,188.616300,356.549500
284.314,8,0.088615,1.587463,0.133422,-0.047164,0.965195,-0.244327,-0.080489,28.635690,188.671500,356.622100
284.425,8,0.056139,1.573244,0.080203,-0.034526,0.958416,-0.275737,-0.064925,32.210060,187.156700,357.942600
284.536,8,0.029291,1.566476,0.032312,-0.005830,0.945848,-0.322994,-0.031832,37.689170,184.090700,0.690431
284.648,8,-0.003377,1.568853,-0.035566,0.005025,0.940807,-0.337936,0.025606,39.503260,176.672700,359.417000
284.758,8,-0.024911,1.566324,-0.090371,0.014767,0.934566,-0.351904,0.050321,41.242060,173.611800,359.404500
284.870,8,-0.039476,1.561324,-0.149610,0.033142,0.927151,-0.361114,0.094282,42.521330,168.186400,359.484000
284.981,8,-0.042572,1.555544,-0.192298,0.035606,0.922765,-0.360690,0.130919,42.453130,162.982900,357.768300
285.092,8,-0.039505,1.550115,-0.227809,0.042082,0.918206,-0.360537,0.158559,42.488210,159.285300,357.119800
285.203,8,-0.032644,1.546160,-0.258851,0.047947,0.915781,-0.358385,0.174947,42.313010,157.242000,357.087100
285.314,8,-0.020867,1.544858,-0.286152,0.054710,0.913183,-0.356122,0.190473,42.163740,155.370500,357.236000
285.426,8,-0.005378,1.545017,-0.311825,0.063163,0.911099,-0.352197,0.204614,41.883640,153.829700,357.765100
285.537,8,0.011123,1.543143,-0.338395,0.081928,0.908788,-0.349096,0.213366,42.026160,153.573000,-0.004592
285.648,8,0.040074,1.543961,-0.385511,0.103440,0.903560,-0.350681,0.223390,42.838710,153.153700,2.364344
285.759,8,0.065597,1.550210,-0.427313,0.110027,0.903637,-0.340188,0.235812,41.813160,151.877200,2.953898
285.870,8,0.087632,1.553001,-0.472041,0.117327,0.897609,-0.335308,0.260963,41.543370,148.613300,2.727876
285.982,8,0.104498,1.556717,-0.498579,0.124370,0.887249,-0.340949,0.284737,42.519380,145.217600,2.063021
286.092,8,0.124265,1.567362,-0.519708,0.128546,0.880865,-0.324662,0.319605,40.854050,140.649700,1.434582
286.204,8,0.148437,1.570970,-0.538848,0.139073,0.859114,-0.317941,0.376159,40.611140,132.701600,359.982400
286.315,8,0.175979,1.571730,-0.553850,0.154913,0.825958,-0.305125,0.447990,40.003840,122.574200,358.692200
286.425,8,0.211913,1.576939,-0.569551,0.170632,0.764893,-0.283882,0.552481,38.522360,106.970200,356.141400
286.538,8,0.241128,1.587669,-0.583203,0.190813,0.692143,-0.248601,0.650175,36.317360,92.200730,355.791700
286.648,8,0.264289,1.595400,-0.585745,0.207392,0.585744,-0.224690,0.750604,35.068850,73.840710,353.380400
286.757,8,0.267991,1.602582,-0.573636,0.217623,0.508061,-0.203507,0.808146,33.954210,62.030510,352.533100
286.860,8,0.255263,1.610461,-0.558528,0.230560,0.443599,-0.180516,0.847040,33.417790,53.188530,353.032200
286.970,8,0.236780,1.616623,-0.541785,0.230775,0.392826,-0.155887,0.876430,31.802240,46.514050,353.789500
287.090,8,0.208038,1.618866,-0.519394,0.242545,0.333764,-0.134854,0.900882,31.804860,39.097250,354.526000
287.202,8,0.183090,1.618587,-0.499650,0.241302,0.307884,-0.123052,0.912052,31.059730,35.893580,354.918500
287.320,8,0.149577,1.622441,-0.486360,0.250232,0.293664,-0.120885,0.914621,31.919930,34.166950,354.987600
287.445,8,0.122132,1.626435,-0.490686,0.254912,0.318424,-0.128349,0.903965,32.860920,37.405440,355.239900
287.557,8,0.107760,1.625217,-0.497450,0.239930,0.354039,-0.137563,0.893402,31.743150,41.778140,354.878900
287.671,8,0.103490,1.614311,-0.508218,0.246703,0.392704,-0.155480,0.872209,33.536450,46.870740,354.667800
287.774,8,0.124493,1.592847,-0.516632,0.257523,0.423361,-0.174788,0.850821,35.888450,51.086840,354.377400
287.891,8,0.175027,1.546200,-0.516013,0.273681,0.440950,-0.182596,0.835057,38.178210,54.065740,355.359600
288.002,8,0.235576,1.485599,-0.507050,0.281670,0.439328,-0.194585,0.830536,39.705910,53.713800,354.351000
288.102,8,0.297497,1.436388,-0.499585,0.288051,0.440689,-0.200179,0.826286,40.727200,53.981210,354.173800
288.215,8,0.367458,1.383304,-0.489783,0.293025,0.436163,-0.204036,0.825995,41.457160,53.308980,353.760600
288.327,8,0.425778,1.326058,-0.480233,0.294812,0.433428,-0.211456,0.824932,42.043980,52.658630,352.781500
288.438,8,0.470351,1.267468,-0.470100,0.298856,0.430674,-0.206654,0.826135,42.205540,52.551070,353.486400
288.547,8,0.499608,1.218629,-0.461233,0.301831,0.422061,-0.205236,0.829844,42.391180,51.325230,353.325300
288.652,8,0.523163,1.168629,-0.451121,0.302969,0.414167,-0.207747,0.832777,42.585930,49.990830,352.582200
288.759,8,0.536172,1.122182,-0.440317,0.302120,0.405335,-0.205927,0.837867,42.315380,48.615730,352.215200
288.867,8,0.540513,1.081892,-0.433222,0.298982,0.396547,-0.205427,0.843303,41.850380,47.135760,351.558200
288.975,8,0.540348,1.033822,-0.427222,0.299817,0.389145,-0.207361,0.845977,41.964040,45.911200,350.907800
289.080,8,0.536964,0.992081,-0.423957,0.301891,0.387696,-0.206098,0.846214,42.123790,45.797600,351.102000
289.188,8,0.533943,0.971623,-0.420705,0.302149,0.384351,-0.203368,0.848305,41.986780,45.394550,351.273400
289.295,8,0.536504,0.976886,-0.419201,0.297193,0.385686,-0.201643,0.849861,41.352230,45.532120,351.304300
289.402,8,0.550963,1.016637,-0.421099,0.279064,0.390798,-0.196539,0.854852,39.104150,46.026250,351.260400
289.506,8,0.569967,1.065512,-0.427288,0.254719,0.403820,-0.188640,0.858174,36.124350,47.654300,351.596200
289.611,8,0.592509,1.124296,-0.436177,0.234699,0.415173,-0.178279,0.860677,33.506550,49.176470,352.280700
289.717,8,0.611317,1.175629,-0.445815,0.219125,0.430293,-0.167658,0.859490,31.396330,51.302850,353.297500
289.833,8,0.630123,1.241291,-0.456131,0.192997,0.451032,-0.149517,0.858468,27.790330,54.107650,354.641500
289.949,8,0.641768,1.290848,-0.457732,0.180741,0.462960,-0.138070,0.856702,25.946030,55.755850,355.585200
290.064,8,0.653035,1.334803,-0.452022,0.164332,0.469557,-0.125954,0.858281,23.601330,56.555990,356.127900
290.175,8,0.665185,1.374342,-0.442605,0.151838,0.475133,-0.112324,0.859406,21.574920,57.300090,356.993300
290.282,8,0.681969,1.418083,-0.426225,0.132798,0.481256,-0.091799,0.861586,18.493180,58.074090,358.165100
290.389,8,0.705398,1.462953,-0.402038,0.105624,0.494501,-0.076334,0.859352,14.893930,59.628030,358.414800
290.493,8,0.723221,1.500665,-0.379190,0.096739,0.486584,-0.064402,0.865869,13.308900,58.549100,358.976400
290.593,8,0.733733,1.521570,-0.358842,0.100965,0.475241,-0.062623,0.871797,13.624860,57.098920,359.220300
290.710,8,0.726436,1.542284,-0.313809,0.118879,0.351664,-0.069707,0.925927,15.615120,41.222050,357.293500
290.828,8,0.701357,1.560608,-0.269636,0.107610,0.155695,-0.078037,0.978821,13.589300,17.235180,352.952300
290.933,8,0.674373,1.575287,-0.238902,0.101248,0.025666,-0.069625,0.992090,11.798400,2.156067,352.193900
291.043,8,0.647612,1.584794,-0.221886,0.114802,-0.065124,-0.054826,0.989734,12.715220,351.659500,352.727800
291.145,8,0.616216,1.593843,-0.219337,0.111820,-0.177615,-0.034576,0.977115,11.902070,338.738300,353.704900
291.247,8,0.590334,1.601208,-0.230541,0.113040,-0.271645,-0.033401,0.955152,11.408010,327.514500,352.660800
291.362,8,0.570654,1.626156,-0.252517,0.072320,-0.333805,-0.027349,0.939466,6.755111,320.538200,354.239800
291.466,8,0.564063,1.653980,-0.272345,0.016138,-0.361322,-0.043761,0.931274,359.910200,317.593000,354.654000
291.578,8,0.563330,1.679571,-0.285315,-0.026549,-0.371477,-0.061164,0.926045,354.571000,316.540200,354.607500
291.680,8,0.561320,1.694584,-0.290031,-0.062868,-0.375541,-0.071703,0.921887,350.225600,316.095100,355.052800
291.793,8,0.545833,1.701166,-0.284935,-0.062659,-0.386339,-0.068044,0.917707,350.352700,314.715100,355.551000
291.904,8,0.527459,1.700515,-0.268104,-0.046200,-0.392700,-0.056473,0.916768,352.584600,313.876200,356.110800
292.020,8,0.513085,1.699215,-0.245440,-0.044024,-0.389441,-0.058961,0.918108,352.717500,314.301200,355.723100
292.133,8,0.490554,1.695589,-0.213474,-0.036125,-0.378042,-0.058915,0.923205,353.612800,315.725400,355.297900
292.247,8,0.467009,1.691845,-0.183758,-0.037499,-0.375741,-0.057452,0.924182,353.541400,316.004300,355.497000
292.349,8,0.447526,1.691108,-0.154164,-0.026378,-0.389917,-0.053419,0.918921,354.828600,314.217000,355.530900
292.453,8,0.432230,1.687130,-0.122884,-0.025149,-0.405091,-0.056400,0.912189,354.745800,312.327500,355.246600
292.561,8,0.414283,1.676878,-0.074301,-0.016404,-0.431659,-0.050329,0.900482,355.814100,308.938000,355.602000
292.672,8,0.401104,1.670506,-0.025505,-0.009313,-0.468931,-0.049700,0.881786,356.385900,304.135300,355.464800
292.783,8,0.388226,1.670313,0.032141,-0.005703,-0.511398,-0.045801,0.858104,356.753400,298.531700,355.820100
292.894,8,0.372346,1.678509,0.085854,-0.004495,-0.539325,-0.040760,0.841099,357.046400,294.757200,356.341900
293.005,8,0.344883,1.679529,0.140513,0.009917,-0.572476,-0.026806,0.819424,359.172700,290.144100,356.830400
293.116,8,0.319459,1.674912,0.169354,0.016639,-0.604039,-0.022476,0.796464,359.962900,285.647700,356.795200
293.228,8,0.287161,1.665161,0.178316,0.046913,-0.663520,0.009433,0.746627,4.736320,276.631100,357.229500
293.339,8,0.270714,1.661792,0.162668,0.059628,-0.722245,0.040416,0.687876,8.071793,267.082900,358.233000
293.450,8,0.263600,1.659600,0.123628,0.076933,-0.791724,0.082413,0.600385,12.877930,254.196300,358.656300
293.562,8,0.271918,1.657239,0.078310,0.088627,-0.848329,0.118561,0.508356,16.933750,241.597800,358.213300
293.672,8,0.291750,1.650867,0.034927,0.097461,-0.879408,0.153239,0.440069,20.811740,232.756700,357.759500
293.783,8,0.314520,1.647090,-0.000455,0.098558,-0.897802,0.184909,0.387358,24.102950,226.223700,357.883000
293.903,8,0.333461,1.643700,-0.016850,0.097845,-0.908395,0.207529,0.349537,26.451320,221.600200,357.907800
294.015,8,0.344777,1.643600,-0.016382,0.092317,-0.919381,0.211994,0.318237,26.651580,217.656900,357.767200
294.127,8,0.352612,1.643143,0.003465,0.080537,-0.935786,0.213374,0.268868,26.273220,211.523600,357.699600
294.238,8,0.356558,1.643238,0.030672,0.069562,-0.946312,0.217597,0.228705,26.336880,206.692700,357.945900
294.350,8,0.361987,1.645222,0.068973,0.058647,-0.953750,0.218687,0.197732,26.125420,203.049300,358.379700
294.461,8,0.370611,1.648154,0.097610,0.048602,-0.953759,0.232366,0.184358,27.462150,201.769300,359.545900
294.572,8,0.379284,1.653884,0.117527,0.042391,-0.956632,0.231245,0.171997,27.194730,200.360800,359.899600
294.683,8,0.390844,1.655334,0.130874,0.041102,-0.958614,0.231535,0.160505,27.200040,198.940500,359.711600
294.794,8,0.403347,1.655957,0.137264,0.038321,-0.957603,0.237114,0.159076,27.795340,198.896400,0.132457
294.906,8,0.421913,1.658109,0.137405,0.035742,-0.957113,0.235673,0.164668,27.574550,199.669900,0.594484
295.017,8,0.436165,1.659731,0.133368,0.034416,-0.955238,0.236498,0.174370,27.634280,200.955900,1.081779
295.128,8,0.454944,1.660314,0.128159,0.036869,-0.953929,0.235380,0.182365,27.549720,201.891300,1.002261
295.239,8,0.468606,1.658728,0.127885,0.042454,-0.950629,0.244973,0.185716,28.785060,202.280700,0.671706
295.351,8,0.484030,1.658987,0.129922,0.040113,-0.950845,0.242237,0.188698,28.411250,202.699000,0.986089
295.462,8,0.494582,1.657130,0.132082,0.043317,-0.949364,0.245712,0.190940,28.886870,202.939000,0.758166
295.573,8,0.502251,1.655786,0.130989,0.043056,-0.948717,0.242584,0.198079,28.512060,203.825000,0.939321
295.684,8,0.502617,1.647784,0.124769,0.045082,-0.946464,0.242474,0.208278,28.539470,205.081200,1.021867
295.796,8,0.494420,1.636876,0.112536,0.046271,-0.944079,0.244453,0.216373,28.789260,206.126400,1.204272
295.907,8,0.468712,1.620787,0.081714,0.047067,-0.944066,0.249730,0.210141,29.426340,205.375800,1.058362
296.018,8,0.442052,1.601338,0.048436,0.049619,-0.943069,0.261898,0.198917,30.911670,204.016900,0.708185
296.130,8,0.406913,1.579256,0.000525,0.048842,-0.942475,0.274640,0.184198,32.389670,202.296700,0.618303
296.240,8,0.384895,1.559878,-0.033451,0.048205,-0.941069,0.286607,0.172980,33.787260,201.007300,0.580926
296.350,8,0.361030,1.537869,-0.073054,0.048306,-0.942472,0.290708,0.157801,34.278400,199.024800,0.048077
296.463,8,0.340794,1.519674,-0.104562,0.051787,-0.942949,0.291332,0.152615,34.418180,198.198900,359.392800
296.574,8,0.325198,1.500296,-0.129080,0.052350,-0.940981,0.297735,0.152211,35.188070,198.201600,359.447300
296.685,8,0.306504,1.472340,-0.156614,0.052493,-0.937454,0.311254,0.146782,36.797100,197.630000,359.495800
296.797,8,0.288307,1.453078,-0.174170,0.058945,-0.935766,0.315953,0.145059,37.475070,197.166500,358.653200
296.908,8,0.253098,1.422667,-0.188817,0.073045,-0.927830,0.326634,0.164638,39.062930,199.391100,357.933800
297.019,8,0.227379,1.380800,-0.196811,0.078102,-0.921371,0.338291,0.174742,40.592730,200.760400,358.060900
297.130,8,0.204251,1.308784,-0.197960,0.078666,-0.919782,0.339734,0.179981,40.789320,201.512300,358.303200
297.242,8,0.188486,1.234632,-0.193234,0.075244,-0.920038,0.338260,0.182891,40.537550,202.076100,358.889800
297.353,8,0.172879,1.161939,-0.187230,0.077567,-0.918339,0.340193,0.186832,40.829430,202.566700,358.837800
297.464,8,0.155577,1.106714,-0.182108,0.083125,-0.917820,0.334853,0.196395,40.339780,203.574400,358.416700
297.575,8,0.138782,1.082271,-0.175197,0.084328,-0.918552,0.321828,0.213492,38.846600,205.714800,358.712100
297.686,8,0.111014,1.101671,-0.161936,0.094151,-0.916969,0.303946,0.240668,37.066100,208.777500,358.106400
297.798,8,0.088620,1.150601,-0.146525,0.094765,-0.916469,0.278792,0.270885,34.218480,212.449300,358.429900
297.909,8,0.071571,1.236449,-0.117054,0.090920,-0.916195,0.240657,0.307252,29.791690,216.749700,358.764200
298.020,8,0.072981,1.322047,-0.081678,0.081099,-0.916843,0.199810,0.336003,24.890650,220.052300,359.088000
298.132,8,0.087578,1.410832,-0.039253,0.072362,-0.916972,0.159608,0.358402,20.156200,222.497900,358.883000
298.243,8,0.105499,1.488692,0.002941,0.056891,-0.919087,0.119749,0.371084,15.209080,223.848600,359.067700
298.355,8,0.111333,1.536102,0.030523,0.047521,-0.922552,0.087328,0.372844,11.336220,223.880800,358.681500
298.466,8,0.097941,1.564518,0.049379,0.045596,-0.925334,0.059060,0.371738,8.233092,223.605300,357.656200
298.577,8,0.069141,1.570568,0.047258,0.043515,-0.927070,0.050778,0.368877,7.253130,223.236500,357.502800
298.688,8,-0.000661,1.584289,0.021492,0.039017,-0.934239,0.045032,0.351637,6.406456,221.118400,357.622000
298.800,8,-0.078450,1.601715,-0.013115,0.037196,-0.939924,0.034207,0.337622,5.130225,219.396000,357.305400
298.911,8,-0.147968,1.615182,-0.051903,0.040569,-0.943769,0.034241,0.326315,5.227343,218.003800,356.878400
299.023,8,-0.195754,1.623881,-0.091507,0.042597,-0.954839,0.038141,0.291571,5.605421,213.794600,356.595200
299.134,8,-0.211939,1.627174,-0.127061,0.042914,-0.970558,0.042642,0.233148,5.899488,206.826900,356.344700
299.245,8,-0.191776,1.623623,-0.175710,0.038635,-0.993047,0.065941,0.089536,7.925419,190.043600,356.241500
299.356,8,-0.152167,1.625142,-0.202477,0.037178,-0.996763,0.062940,-0.033480,7.064260,175.872900,355.473000
299.467,8,-0.102601,1.629887,-0.223626,0.033299,-0.991110,0.051307,-0.118153,5.384135,166.191700,355.499000
299.578,8,-0.068638,1.631323,-0.239987,0.027909,-0.988537,0.049083,-0.140025,5.118952,163.698100,356.032000
299.689,8,-0.024499,1.633853,-0.260781,0.016104,-0.985806,0.042918,-0.161510,4.555032,161.286800,357.377300
299.801,8,0.019642,1.636747,-0.289515,0.005843,-0.982569,0.048069,-0.179481,5.299656,159.219800,358.346200
299.912,8,0.070424,1.636079,-0.325204,-0.004853,-0.977828,0.047846,-0.203813,5.482933,156.424800,359.423700
300.024,8,0.126294,1.633978,-0.354038,-0.008965,-0.964271,0.056365,-0.258697,6.507900,149.925500,359.315200
300.135,8,0.171167,1.634408,-0.371782,-0.007888,-0.951407,0.063856,-0.301140,7.253356,144.786800,358.645500
300.246,8,0.214051,1.628689,-0.382630,-0.019858,-0.936072,0.073505,-0.343470,8.699513,139.642400,359.228100
300.358,8,0.231487,1.632125,-0.386340,-0.013325,-0.928727,0.060322,-0.365582,6.995291,136.958700,358.882700
300.468,8,0.239415,1.634146,-0.389808,-0.024520,-0.919803,0.078428,-0.383680,9.386406,134.642900,359.124500
300.579,8,0.236415,1.630632,-0.390608,-0.047667,-0.905060,0.139887,-0.398781,16.931520,132.216800,358.485400
300.690,8,0.227154,1.614507,-0.391637,-0.107909,-0.860233,0.239720,-0.436909,30.445820,125.717500,358.416800
300.800,8,0.216521,1.608176,-0.392743,-0.134778,-0.812022,0.265295,-0.502069,34.484750,115.517700,356.695900
300.911,8,0.200279,1.603343,-0.387873,-0.182252,-0.729835,0.291746,-0.590770,39.880740,99.886030,354.115000
301.021,8,0.181543,1.604114,-0.381584,-0.202508,-0.665539,0.279008,-0.661969,39.753750,87.607190,352.538500
301.132,8,0.156482,1.601349,-0.368647,-0.235796,-0.602692,0.275624,-0.710770,41.868720,77.409500,351.693200
301.242,8,0.132384,1.605094,-0.356902,-0.248936,-0.572357,0.260436,-0.736622,41.672160,72.800480,352.405100
301.353,8,0.110594,1.614064,-0.348274,-0.242571,-0.568505,0.242659,-0.747715,39.691490,72.145890,353.502600
301.464,8,0.094828,1.621147,-0.345374,-0.233130,-0.586456,0.232613,-0.740008,38.160770,75.004860,354.831700
301.576,8,0.093632,1.622118,-0.347280,-0.212496,-0.620114,0.227284,-0.720171,36.011700,79.989620,355.474500
301.686,8,0.102926,1.610413,-0.353335,-0.218189,-0.661377,0.236655,-0.677473,37.493430,87.836760,357.685400
301.797,8,0.112622,1.599911,-0.361557,-0.214826,-0.685505,0.239485,-0.653131,37.513930,92.321770,358.677900
301.908,8,0.129453,1.588105,-0.372701,-0.204396,-0.698062,0.237699,-0.643763,36.514300,94.148100,358.525500
302.020,8,0.147271,1.578113,-0.383300,-0.194943,-0.708996,0.229222,-0.637793,35.008750,95.700460,358.883200
302.131,8,0.175512,1.565249,-0.397679,-0.185797,-0.719136,0.222077,-0.631668,33.650890,97.132310,359.082500
302.243,8,0.206716,1.554323,-0.412236,-0.178277,-0.720729,0.214778,-0.634538,32.400960,96.970490,358.942000
302.354,8,0.246463,1.546619,-0.430170,-0.170267,-0.720762,0.206154,-0.639541,30.994830,96.495730,358.780500
302.466,8,0.319161,1.541440,-0.461213,-0.167079,-0.714081,0.201124,-0.649402,30.280890,95.025900,358.500000
302.578,8,0.384959,1.543278,-0.486612,-0.161040,-0.708565,0.195366,-0.658661,29.274920,93.680560,358.085300
302.687,8,0.470924,1.546289,-0.517361,-0.153308,-0.704036,0.182605,-0.668944,27.531080,92.477990,358.162400
302.796,8,0.530487,1.545648,-0.535353,-0.150179,-0.697328,0.179352,-0.677505,26.976740,91.134080,357.840800
302.910,8,0.607291,1.545844,-0.551618,-0.139629,-0.685502,0.171602,-0.693645,25.402410,88.656430,357.041100
303.011,8,0.643929,1.544479,-0.553985,-0.136213,-0.674908,0.168833,-0.705295,24.836730,86.722070,356.570200
303.115,8,0.674015,1.540139,-0.553465,-0.144201,-0.661992,0.170372,-0.715505,25.589640,84.786990,356.638500
303.230,8,0.701423,1.532711,-0.552796,-0.147707,-0.651814,0.173165,-0.723419,26.068820,83.181730,356.298700
303.348,8,0.722204,1.525029,-0.549955,-0.148280,-0.645446,0.172385,-0.729175,26.025730,82.143910,356.172500
303.449,8,0.735044,1.524368,-0.547045,-0.160670,-0.636710,0.174387,-0.733741,27.248290,81.098030,356.691300
303.551,8,0.753021,1.520632,-0.542178,-0.150997,-0.631349,0.167205,-0.742052,25.799580,79.944630,356.339200
303.655,8,0.766454,1.510891,-0.534774,-0.165064,-0.616878,0.176947,-0.748937,27.746090,77.971820,356.022200
303.758,8,0.774006,1.502040,-0.527062,-0.174122,-0.605305,0.182496,-0.754972,28.936830,76.346800,355.756000
303.863,8,0.776272,1.484547,-0.508689,-0.218653,-0.578977,0.209877,-0.756920,35.031970,73.398380,355.479900
303.972,8,0.778181,1.483750,-0.492117,-0.238011,-0.565185,0.219419,-0.758797,37.533650,71.788250,355.374500
304.075,8,0.786467,1.489021,-0.476755,-0.232753,-0.563137,0.203268,-0.766411,35.852730,71.483380,356.503700
304.177,8,0.805239,1.500670,-0.465655,-0.217361,-0.575458,0.186415,-0.766063,33.200630,73.103000,357.572100
304.287,8,0.839041,1.514543,-0.452665,-0.196840,-0.597450,0.161941,-0.760318,29.526380,76.128010,359.272400
304.394,8,0.893923,1.527374,-0.430316,-0.180421,-0.610469,0.150202,-0.756449,27.151560,77.700190,359.551900
304.495,8,0.945971,1.533511,-0.410343,-0.166782,-0.612746,0.137781,-0.760094,24.985580,77.676780,359.680000
304.608,8,0.999400,1.530452,-0.387312,-0.154490,-0.617866,0.127681,-0.760311,23.122670,78.156650,359.797700
304.718,8,1.035176,1.521986,-0.366304,-0.151408,-0.610071,0.120559,-0.768345,22.319190,76.893220,359.967600
304.827,8,1.062753,1.514170,-0.337322,-0.145485,-0.595959,0.121457,-0.780330,21.827830,74.547720,359.003400
304.937,8,1.073873,1.511280,-0.309965,-0.147176,-0.576911,0.118768,-0.794612,21.773100,71.736740,358.831700
305.046,8,1.084780,1.511860,-0.272007,-0.148384,-0.563647,0.109258,-0.805200,21.230670,69.884800,359.466700
305.153,8,1.083426,1.503408,-0.237158,-0.161813,-0.537263,0.102242,-0.821408,22.067050,66.446610,0.365243
305.260,8,1.068536,1.498774,-0.209765,-0.176470,-0.501933,0.109875,-0.839553,23.992160,61.649030,359.539700
305.372,8,1.034526,1.501538,-0.183331,-0.187566,-0.458047,0.108520,-0.862111,25.012800,55.749820,359.033600
305.488,8,0.973084,1.515713,-0.165595,-0.187324,-0.402508,0.090968,-0.891416,24.028900,48.450020,359.286000
305.590,8,0.909796,1.531023,-0.167340,-0.183238,-0.374277,0.078863,-0.905605,23.011450,44.837690,359.646800
305.695,8,0.824218,1.548075,-0.182134,-0.179462,-0.341447,0.062410,-0.920496,21.901230,40.794920,0.472877
305.799,8,0.753111,1.554739,-0.202014,-0.178851,-0.313207,0.054573,-0.931094,21.545420,37.306470,0.641244
305.901,8,0.651936,1.565626,-0.242050,-0.195665,-0.280028,0.054611,-0.938252,23.437680,33.328300,0.443798
306.008,8,0.571633,1.568922,-0.277705,-0.227249,-0.257375,0.070408,-0.936567,27.510470,30.496190,359.036900
306.126,8,0.506798,1.580141,-0.303740,-0.239441,-0.250123,0.069908,-0.935532,28.880280,29.751210,359.278800
306.228,8,0.456377,1.592060,-0.323410,-0.242656,-0.253116,0.072490,-0.933700,29.329540,30.120020,359.176600
306.331,8,0.420349,1.596340,-0.336481,-0.246988,-0.264017,0.077062,-0.929168,29.978740,31.497790,359.154100
306.448,8,0.382312,1.599662,-0.346041,-0.253693,-0.279715,0.083273,-0.922207,30.964110,33.530300,359.220400
306.555,8,0.342835,1.600850,-0.350467,-0.252664,-0.301756,0.085580,-0.915304,30.942460,36.415300,359.720900
306.661,8,0.306387,1.606250,-0.356750,-0.248055,-0.323043,0.094678,-0.908377,30.785460,38.937820,359.216800
306.770,8,0.260946,1.617198,-0.372590,-0.237558,-0.353893,0.105416,-0.898451,30.097940,42.619270,358.590500
306.873,8,0.222401,1.630054,-0.392467,-0.223807,-0.389125,0.110966,-0.886667,28.897500,47.008500,358.520600
306.980,8,0.182810,1.639788,-0.414133,-0.209154,-0.421782,0.119476,-0.874117,27.803150,50.996620,357.898500
307.093,8,0.151561,1.645775,-0.430168,-0.199641,-0.440150,0.133067,-0.865277,27.556850,53.058070,356.473300
307.206,8,0.127757,1.648661,-0.440155,-0.193608,-0.446321,0.134689,-0.863234,27.031930,53.756760,356.156200
307.320,8,0.110250,1.648685,-0.447534,-0.193467,-0.448990,0.137706,-0.861403,27.191290,54.069250,355.905500
307.436,8,0.096956,1.649450,-0.452259,-0.192667,-0.449905,0.136643,-0.861275,27.054050,54.201580,356.007200
307.548,8,0.089261,1.649467,-0.453990,-0.191657,-0.447204,0.137011,-0.862847,26.954650,53.791490,355.816900
307.660,8,0.084537,1.648582,-0.454906,-0.194677,-0.444113,0.138467,-0.863535,27.336140,53.393070,355.724700
307.771,8,0.082990,1.648031,-0.455182,-0.195695,-0.443216,0.140134,-0.863496,27.528070,53.254800,355.567200
307.883,8,0.084034,1.647256,-0.455963,-0.199051,-0.446512,0.142922,-0.860569,28.049010,53.737650,355.566000
307.993,8,0.084014,1.645202,-0.456553,-0.204537,-0.451739,0.146315,-0.855972,28.838920,54.539490,355.699500
308.106,8,0.082391,1.643815,-0.457101,-0.207851,-0.454489,0.146941,-0.853608,29.236310,55.002800,355.930400
308.220,8,0.081204,1.643700,-0.459652,-0.207499,-0.458340,0.146439,-0.851719,29.189460,55.559030,356.109100
308.332,8,0.080468,1.643398,-0.465154,-0.209262,-0.461841,0.143467,-0.849900,29.223740,56.173620,356.677900
308.444,8,0.081730,1.642745,-0.470201,-0.211650,-0.469178,0.142430,-0.845453,29.441220,57.325150,357.220400
308.556,8,0.083971,1.642033,-0.471362,-0.214059,-0.471865,0.141900,-0.843437,29.670110,57.797390,357.536000
308.667,8,0.085763,1.640055,-0.470956,-0.222022,-0.468160,0.138664,-0.843982,30.304710,57.564020,358.262600
308.778,8,0.084517,1.638647,-0.471960,-0.225000,-0.465359,0.140099,-0.844505,30.691850,57.215520,358.186200
308.889,8,0.078324,1.643141,-0.476618,-0.213979,-0.463781,0.131832,-0.849553,29.068490,56.827490,358.327000
309.001,8,0.070004,1.652978,-0.483412,-0.183834,-0.466199,0.115051,-0.857687,24.999900,56.689150,358.359300
309.116,8,0.060126,1.665773,-0.491734,-0.144989,-0.472491,0.097470,-0.863846,20.035560,57.015750,358.085500
309.227,8,0.048222,1.679303,-0.499539,-0.105646,-0.478248,0.079231,-0.868240,15.024780,57.408180,357.832200
309.332,8,0.041373,1.693062,-0.500765,-0.059123,-0.481632,0.056366,-0.872559,9.060196,57.604830,357.596500
309.435,8,0.038280,1.705786,-0.497893,-0.008951,-0.480287,0.021688,-0.876798,2.093398,57.394680,358.312200
309.538,8,0.039784,1.711934,-0.493296,0.016888,-0.476175,0.002845,-0.879184,358.453600,56.897160,358.791300
309.653,8,0.051605,1.715721,-0.480691,0.026363,-0.469662,-0.001179,-0.882452,357.269600,56.076920,358.698800
309.763,8,0.072330,1.715477,-0.465268,0.025927,-0.461161,-0.003209,-0.886932,357.194300,54.970050,358.954700
309.870,8,0.104143,1.715286,-0.446727,0.027493,-0.453447,-0.002835,-0.890855,357.044800,53.981800,358.859300
309.983,8,0.146734,1.721863,-0.425798,0.039826,-0.449309,-0.002614,-0.892484,355.788500,53.510460,358.211700
310.084,8,0.188619,1.744033,-0.407577,0.055714,-0.444770,-0.002861,-0.893906,354.136900,53.037230,357.439300
310.184,8,0.235061,1.782185,-0.388693,0.066492,-0.437602,-0.007599,-0.896675,352.767600,52.190090,357.425200
310.296,8,0.267458,1.805790,-0.376639,0.082836,-0.425453,-0.010834,-0.901116,350.879700,50.783790,357.041500
310.407,8,0.298356,1.823900,-0.368183,0.096767,-0.404988,-0.014068,-0.909078,349.202900,48.316590,356.918700
310.518,8,0.318032,1.834770,-0.364804,0.118095,-0.393726,-0.018350,-0.911426,346.719500,47.136080,356.492300
310.629,8,0.337559,1.843105,-0.358635,0.128496,-0.380126,-0.015132,-0.915841,345.707800,45.601790,355.859300
310.741,8,0.349695,1.838737,-0.352882,0.126811,-0.374582,-0.015144,-0.918356,345.861800,44.872340,356.027000
310.852,8,0.358857,1.817101,-0.345452,0.078066,-0.386224,0.007102,-0.919068,352.067200,45.882220,355.752500
310.963,8,0.363668,1.785604,-0.340790,0.010093,-0.411765,0.046696,-0.910037,1.150886,48.636890,354.645300
311.071,8,0.359785,1.751773,-0.336545,-0.035452,-0.442631,0.069858,-0.893275,7.191074,52.378450,354.597000
311.176,8,0.347463,1.727185,-0.334527,-0.055728,-0.466009,0.080527,-0.879344,9.965815,55.387030,354.775600
311.288,8,0.312324,1.699699,-0.330504,-0.079630,-0.504411,0.099100,-0.854054,13.650050,60.503930,354.748600
311.392,8,0.271803,1.692404,-0.325504,-0.088231,-0.532870,0.107090,-0.834744,15.154910,64.434830,354.962500
311.503,8,0.220381,1.693874,-0.317273,-0.097210,-0.563899,0.114062,-0.812132,16.650570,68.885000,355.472100
311.614,8,0.169466,1.694480,-0.310245,-0.095295,-0.585243,0.111707,-0.797453,16.423630,71.974130,356.017300
311.725,8,0.105441,1.692709,-0.303768,-0.097030,-0.613658,0.117881,-0.774670,17.158090,76.193700,356.186300
311.836,8,0.060410,1.692745,-0.300465,-0.091239,-0.633854,0.120488,-0.758543,16.927510,79.166660,355.976500
311.947,8,0.013653,1.690111,-0.296992,-0.087103,-0.652847,0.120774,-0.742710,16.683070,82.054750,356.068900
312.058,8,-0.012660,1.689468,-0.295156,-0.085690,-0.662525,0.119491,-0.734466,16.511260,83.566050,356.293500
312.170,8,-0.035019,1.690487,-0.292975,-0.081478,-0.671686,0.114322,-0.727414,15.790060,84.968170,356.612300
312.280,8,-0.046360,1.691797,-0.290973,-0.075884,-0.677443,0.107819,-0.723663,14.827570,85.810360,356.843300
312.392,8,-0.056942,1.695164,-0.288981,-0.069298,-0.685253,0.095148,-0.718730,13.297890,86.981120,357.538500
312.503,8,-0.062957,1.696218,-0.287332,-0.063174,-0.688620,0.090776,-0.716639,12.448770,87.439500,357.470200
312.614,8,-0.065441,1.696858,-0.285512,-0.060621,-0.687656,0.086293,-0.718337,11.874690,87.252550,357.622200
312.726,8,-0.067135,1.697516,-0.284308,-0.059150,-0.689324,0.083088,-0.717238,11.501850,87.504430,357.798600
312.837,8,-0.067106,1.698238,-0.283264,-0.057300,-0.689419,0.080351,-0.717608,11.129610,87.497860,357.879000
312.948,8,-0.066907,1.697261,-0.283574,-0.059898,-0.689169,0.081918,-0.717460,11.470270,87.490090,357.954200
313.060,8,-0.066793,1.696367,-0.284197,-0.061948,-0.688779,0.085050,-0.717296,11.889870,87.452540,357.852100
313.171,8,-0.066579,1.696201,-0.286342,-0.062452,-0.689080,0.085400,-0.716921,11.960760,87.507920,357.868700
313.282,8,-0.066283,1.695514,-0.288569,-0.063691,-0.690501,0.087924,-0.715137,12.270030,87.753510,357.783200
313.393,8,-0.066353,1.694719,-0.290714,-0.063697,-0.689686,0.088693,-0.715828,12.329430,87.620960,357.705300
313.505,8,-0.066113,1.694276,-0.291847,-0.064583,-0.688521,0.090001,-0.716706,12.504060,87.444130,357.647400
313.616,8,-0.064231,1.694908,-0.294085,-0.062225,-0.688821,0.088704,-0.716788,12.204800,87.460460,357.570100
313.727,8,-0.058263,1.697157,-0.300641,-0.056090,-0.688595,0.087183,-0.717698,11.570810,87.344900,357.197700
313.838,8,-0.049412,1.699833,-0.308133,-0.047211,-0.686252,0.080490,-0.721354,10.287300,86.873730,357.009900
313.949,8,-0.029820,1.702881,-0.318456,-0.034964,-0.675924,0.066148,-0.733163,8.087808,85.144130,357.120800
314.061,8,-0.002501,1.705391,-0.328005,-0.028009,-0.663448,0.055528,-0.745634,6.629566,83.171340,357.366400
314.171,8,0.035108,1.709650,-0.337759,-0.013558,-0.648935,0.042843,-0.759516,4.370207,80.917390,357.270400
314.283,8,0.082423,1.716255,-0.346587,-0.005858,-0.636018,0.032888,-0.770951,2.915721,78.980550,357.517400
314.395,8,0.125410,1.724285,-0.350430,0.000967,-0.618674,0.027400,-0.785170,1.855821,76.431530,357.464000
314.506,8,0.179184,1.738308,-0.350527,0.008733,-0.602753,0.023347,-0.797539,0.814419,74.142020,357.261800
314.618,8,0.221359,1.740984,-0.346109,0.009009,-0.592635,0.022962,-0.805094,0.728261,72.696720,357.268500
314.729,8,0.274274,1.737495,-0.336977,0.007540,-0.582225,0.024456,-0.812625,0.929621,71.218730,357.218200
314.841,8,0.315229,1.735497,-0.327156,0.010429,-0.575591,0.025439,-0.817275,0.701234,70.293780,356.928000
314.952,8,0.345460,1.738119,-0.317876,0.016695,-0.571739,0.022183,-0.819966,359.884700,69.777180,356.820300
315.063,8,0.364308,1.743267,-0.308769,0.031651,-0.565085,0.012859,-0.824325,357.842400,68.923850,356.731700
315.175,8,0.378231,1.742059,-0.301450,0.042633,-0.555898,0.003845,-0.830148,356.186600,67.718410,356.910200
315.286,8,0.398234,1.728638,-0.295056,0.036970,-0.546913,0.005416,-0.836356,356.794500,66.442750,357.158400
315.398,8,0.408356,1.717722,-0.294190,0.034098,-0.545111,0.005199,-0.837654,357.050400,66.176700,357.366500
315.509,8,0.411472,1.714227,-0.296140,0.036628,-0.541691,-0.001257,-0.839779,356.394800,65.715130,357.842700
315.620,8,0.407423,1.721519,-0.295700,0.045262,-0.538722,-0.008395,-0.841225,355.112700,65.356150,358.007400
315.731,8,0.409886,1.730938,-0.285331,0.056024,-0.542835,-0.022816,-0.837658,353.187100,65.967290,358.695800
315.842,8,0.419146,1.732701,-0.267347,0.058421,-0.546930,-0.034004,-0.834445,352.259100,66.512990,359.586300
315.953,8,0.436842,1.743880,-0.243936,0.065791,-0.553801,-0.042902,-0.828937,350.990900,67.500620,359.898800
316.064,8,0.457314,1.760559,-0.219393,0.074763,-0.557979,-0.053461,-0.824750,349.456500,68.134610,0.276846
316.176,8,0.474021,1.767403,-0.202280,0.080470,-0.561437,-0.057818,-0.821566,348.630000,68.668380,0.271472
316.287,8,0.491715,1.771515,-0.187091,0.089398,-0.568634,-0.061320,-0.815416,347.553400,69.791000,359.902200
316.399,8,0.504255,1.770288,-0.177777,0.090929,-0.572706,-0.064410,-0.812152,347.204400,70.377620,0.027650
316.510,8,0.511785,1.762090,-0.172362,0.085498,-0.575909,-0.057810,-0.810973,348.155300,70.789210,359.724100
316.621,8,0.506643,1.748750,-0.178664,0.075824,-0.577794,-0.045989,-0.811351,349.852500,70.979380,359.243600
316.732,8,0.481775,1.736380,-0.198666,0.059638,-0.577829,-0.028260,-0.813485,352.548500,70.859700,358.674200
316.842,8,0.435279,1.723540,-0.232869,0.045967,-0.571315,-0.013044,-0.819339,354.823200,69.856190,358.207700
316.952,8,0.377613,1.702821,-0.275321,0.002915,-0.555160,0.019672,-0.831506,0.973755,67.441140,357.939400
317.063,8,0.317452,1.690150,-0.320615,-0.054508,-0.530454,0.054044,-0.844232,8.590479,64.139050,358.062900
317.173,8,0.259318,1.679166,-0.363843,-0.085596,-0.508601,0.070729,-0.853812,12.598200,61.344530,358.020500
317.283,8,0.210077,1.674549,-0.400227,-0.132568,-0.499086,0.098085,-0.850716,18.872330,60.449500,357.907000
317.394,8,0.175127,1.673027,-0.421492,-0.155476,-0.493618,0.109979,-0.848572,21.866150,59.977930,357.952500
317.505,8,0.138629,1.672774,-0.437917,-0.172970,-0.486127,0.121671,-0.847914,24.306800,59.136240,357.600100
317.616,8,0.113606,1.674384,-0.444954,-0.170518,-0.487246,0.120855,-0.847885,24.012210,59.251160,357.567200
317.728,8,0.085615,1.678379,-0.445879,-0.157977,-0.508023,0.116605,-0.838665,22.547940,61.977050,357.823600
317.838,8,0.065799,1.682989,-0.441536,-0.146896,-0.526780,0.112485,-0.829622,21.238170,64.460660,358.040200
317.949,8,0.042455,1.690907,-0.432891,-0.128524,-0.548163,0.109821,-0.819108,19.326390,67.178990,357.631000
318.061,8,0.024315,1.695049,-0.428461,-0.116842,-0.568998,0.103881,-0.807340,17.871210,70.021680,357.906400
318.172,8,0.008791,1.698019,-0.426060,-0.104097,-0.583859,0.098424,-0.799115,16.337960,71.999570,357.865100
318.283,8,-0.001179,1.700838,-0.422324,-0.092449,-0.592575,0.095567,-0.794465,15.079310,73.104690,357.490100
318.395,8,-0.006472,1.705477,-0.419245,-0.074410,-0.599444,0.084457,-0.792462,12.661360,73.919060,357.377100
318.506,8,-0.012223,1.708131,-0.416790,-0.066868,-0.598780,0.078607,-0.794237,11.557720,73.760480,357.379900
318.617,8,-0.014125,1.709641,-0.414674,-0.060967,-0.597039,0.076049,-0.796269,10.830350,73.457450,357.180600
318.728,8,-0.013375,1.709567,-0.411666,-0.063836,-0.590979,0.074369,-0.800711,10.960350,72.615180,357.452100
318.839,8,-0.011114,1.708877,-0.409219,-0.066252,-0.584956,0.074772,-0.804889,11.193790,71.770450,357.496100
318.950,8,-0.005695,1.707150,-0.408029,-0.072424,-0.580892,0.077397,-0.807050,11.935970,71.240750,357.610800
319.061,8,-0.000194,1.704814,-0.406496,-0.079885,-0.575562,0.082270,-0.809678,12.947920,70.538960,357.573200
319.172,8,0.005086,1.703538,-0.405676,-0.086389,-0.573260,0.083613,-0.810506,13.644750,70.285030,357.848000
319.283,8,0.007837,1.702241,-0.405985,-0.091626,-0.566934,0.084530,-0.814276,14.185610,69.446160,358.003900
319.395,8,0.008527,1.702000,-0.408393,-0.093263,-0.564121,0.083594,-0.816138,14.273210,69.073840,358.153700
319.506,8,0.009359,1.702228,-0.414994,-0.092628,-0.562493,0.080586,-0.817635,14.012250,68.852010,358.371400
319.617,8,0.010020,1.702801,-0.422155,-0.087569,-0.566752,0.087363,-0.814550,13.986010,69.347240,357.456500
319.728,8,0.009863,1.702830,-0.427557,-0.085028,-0.575494,0.092755,-0.808068,14.133170,70.534430,356.923800
319.840,8,0.010096,1.702698,-0.427588,-0.084669,-0.572997,0.094160,-0.809716,14.183160,70.162300,356.720900
319.951,8,0.012441,1.701758,-0.425566,-0.089355,-0.567281,0.093912,-0.813258,14.589160,69.405070,356.957200
320.062,8,0.014476,1.700318,-0.423779,-0.095250,-0.560972,0.095427,-0.816781,15.228030,68.573850,357.087900
320.172,8,0.016127,1.699240,-0.422805,-0.099110,-0.555821,0.096945,-0.819660,15.678610,67.883580,357.097700
320.284,8,0.016201,1.696354,-0.420232,-0.109765,-0.541083,0.100628,-0.827680,16.893680,65.922790,357.137100
320.395,8,0.015405,1.694520,-0.417451,-0.119565,-0.529011,0.100878,-0.834071,17.829320,64.375390,357.484800
320.506,8,0.012874,1.693115,-0.413209,-0.125348,-0.516708,0.097639,-0.841289,18.168340,62.780210,357.904100
320.617,8,0.009657,1.692141,-0.410142,-0.131102,-0.507994,0.096534,-0.845835,18.654420,61.677510,358.179100
320.728,8,0.004609,1.691154,-0.407064,-0.135218,-0.504298,0.093596,-0.847726,18.884120,61.270790,358.649100
320.839,8,0.000642,1.690741,-0.403938,-0.136406,-0.506497,0.092678,-0.846325,18.951670,61.609180,358.867500
320.950,8,-0.005167,1.689778,-0.397660,-0.138322,-0.509815,0.091359,-0.844162,19.067710,62.123620,359.199400
321.061,8,-0.011308,1.690751,-0.391157,-0.132757,-0.521063,0.085517,-0.838783,18.169380,63.648920,359.691800
321.172,8,-0.017778,1.691217,-0.385548,-0.128878,-0.536123,0.081042,-0.830298,17.512360,65.733990,0.216884
321.284,8,-0.024318,1.690416,-0.379497,-0.130461,-0.544083,0.080530,-0.824905,17.629830,66.900180,0.547398
321.395,8,-0.029906,1.690227,-0.374566,-0.129348,-0.548289,0.080160,-0.822328,17.495690,67.479480,0.601072
321.506,9,-0.036806,1.690206,-0.369374,-0.128010,-0.557473,0.081321,-0.816225,17.435890,68.757180,0.598921
321.618,9,-0.042077,1.691365,-0.366103,-0.121227,-0.566811,0.078305,-0.811109,16.584230,69.983030,0.621621
321.729,9,-0.047612,1.694653,-0.363956,-0.107906,-0.583536,0.071641,-0.801692,14.869850,72.185840,0.656012
321.840,9,-0.054152,1.693797,-0.361975,-0.107937,-0.595948,0.073266,-0.792356,14.973650,73.993020,0.744005
321.951,9,-0.061421,1.692398,-0.356636,-0.107634,-0.598459,0.077307,-0.790118,15.225410,74.335660,0.395749
322.063,9,-0.068017,1.690588,-0.347742,-0.111936,-0.592746,0.076851,-0.793862,15.594580,73.581530,0.635369
322.173,9,-0.072996,1.687960,-0.336451,-0.118487,-0.577388,0.074629,-0.804372,16.069020,71.483570,0.999742
322.285,9,-0.077203,1.683317,-0.322630,-0.134001,-0.547798,0.075932,-0.822311,17.672240,67.545620,1.318916
322.396,9,-0.078212,1.678939,-0.308859,-0.145487,-0.512240,0.076162,-0.842997,18.863650,62.776860,1.249830
322.507,9,-0.076078,1.672633,-0.288109,-0.168801,-0.450845,0.072446,-0.873497,21.113620,54.893570,1.575247
322.618,9,-0.072881,1.667800,-0.269227,-0.185048,-0.387146,0.066092,-0.900837,22.617070,46.812970,1.502528
322.729,9,-0.065014,1.661417,-0.243956,-0.202754,-0.301699,0.057190,-0.929838,24.303110,36.169190,1.005082
322.840,9,-0.052885,1.656726,-0.220921,-0.212380,-0.220358,0.045936,-0.950908,25.097040,26.182090,0.394708
322.951,9,-0.033372,1.652869,-0.197595,-0.223575,-0.138052,0.032076,-0.964327,26.107390,16.292040,359.991500
323.062,9,-0.010918,1.652129,-0.173808,-0.231456,-0.054093,0.014958,-0.971225,26.821370,6.314204,359.742200
323.173,9,0.009241,1.651040,-0.152044,-0.247045,0.029805,-0.001653,-0.968544,28.596990,356.283100,359.247900
323.284,9,0.020922,1.648085,-0.134144,-0.258641,0.114195,-0.020002,-0.958991,30.042210,346.050700,358.629300
323.395,9,0.023009,1.641001,-0.125597,-0.280113,0.181453,-0.030424,-0.942171,32.606740,337.315300,356.983800
323.506,9,0.022227,1.635062,-0.120261,-0.315945,0.219800,-0.045286,-0.921855,37.043310,331.844800,356.020400
323.617,9,0.020199,1.630007,-0.113091,-0.329323,0.228065,-0.055189,-0.914597,38.870980,330.716000,356.372300
323.727,9,0.017381,1.622745,-0.101237,-0.348837,0.220402,-0.062375,-0.908760,41.415380,331.566900,356.911800
323.838,9,0.018374,1.621901,-0.094493,-0.348290,0.216216,-0.066430,-0.909688,41.482860,332.397900,357.724000
323.949,9,0.025641,1.622674,-0.086596,-0.347150,0.209032,-0.060309,-0.912226,41.191000,333.182700,357.326600
324.060,9,0.038856,1.626572,-0.079317,-0.336906,0.182020,-0.044320,-0.922713,39.633090,336.585500,356.958900
324.171,9,0.058224,1.639848,-0.070709,-0.295944,0.131356,-0.024719,-0.945808,34.493030,343.517400,357.845200
324.282,9,0.086366,1.664428,-0.066581,-0.210489,0.047452,0.003096,-0.976439,24.252920,354.084100,358.364500
324.395,9,0.112338,1.679322,-0.070730,-0.164155,-0.030641,0.012743,-0.985876,18.932540,3.408157,359.087400
324.506,9,0.139732,1.684778,-0.075547,-0.148238,-0.100599,0.028918,-0.983397,17.299790,11.434740,358.376500
324.618,9,0.161303,1.683986,-0.076604,-0.139284,-0.167126,0.040440,-0.975210,16.569580,19.167720,358.067700
324.729,9,0.189982,1.685822,-0.079191,-0.126989,-0.292124,0.054782,-0.946328,15.804320,34.066250,358.243700
324.840,9,0.210692,1.685136,-0.081116,-0.117032,-0.419490,0.069496,-0.897498,15.567730,49.886700,358.420300
324.951,9,0.222042,1.681739,-0.081466,-0.112195,-0.541754,0.085278,-0.828639,16.161040,66.184970,358.820900
325.062,9,0.219697,1.678699,-0.080497,-0.102023,-0.651017,0.108002,-0.744381,17.008270,82.093780,358.325000
325.174,9,0.203759,1.675272,-0.076407,-0.090995,-0.738733,0.135570,-0.653923,18.621040,96.544690,357.407600
325.285,9,0.174091,1.673383,-0.068258,-0.085890,-0.825607,0.158969,-0.534533,20.751420,113.842900,358.276500
325.396,9,0.145597,1.670713,-0.066959,-0.078803,-0.877672,0.172902,-0.439984,21.891320,126.585000,359.146500
325.507,9,0.107953,1.667456,-0.069111,-0.062657,-0.919115,0.188380,-0.340315,22.888010,139.200300,359.189100
325.618,9,0.076447,1.663017,-0.078249,-0.044126,-0.946329,0.201900,-0.248499,23.832090,150.351100,358.945900
325.729,9,0.037313,1.648315,-0.096603,-0.027925,-0.962251,0.233505,-0.137003,27.195710,163.634100,359.340400
325.840,9,0.012629,1.616810,-0.115321,-0.038742,-0.942320,0.319823,-0.090811,37.574080,169.358000,1.079242
325.950,9,-0.008563,1.570943,-0.128443,-0.048229,-0.897849,0.432122,-0.069370,51.503940,172.347800,2.453987
326.060,9,-0.030022,1.541155,-0.140512,-0.053412,-0.867259,0.491643,-0.057412,59.192870,174.727500,4.052329
326.166,9,-0.053941,1.524681,-0.147171,-0.048992,-0.851849,0.518397,-0.056729,62.716620,174.258900,3.082712
326.268,9,-0.077442,1.524303,-0.143765,-0.042681,-0.847870,0.527380,-0.034123,63.794120,178.333100,4.726029
326.378,9,-0.096349,1.534775,-0.134803,-0.038659,-0.864106,0.501229,-0.024410,60.240600,179.603900,4.893460
326.487,9,-0.112461,1.539428,-0.114897,-0.030680,-0.865998,0.499025,-0.008952,59.866560,181.725300,5.051409
326.587,9,-0.120747,1.557030,-0.103272,-0.016513,-0.887797,0.459425,0.021715,54.590920,185.320800,4.878271
326.699,9,-0.121457,1.599957,-0.089804,0.015267,-0.932621,0.356512,0.053714,41.806770,186.880900,0.755001
326.808,9,-0.124175,1.677595,-0.059876,0.022285,-0.983090,0.102295,0.150247,11.994970,197.298200,359.234000
326.922,9,-0.126503,1.716124,-0.012144,-0.003454,-0.953682,-0.030975,0.299197,356.494300,214.857200,359.314200
327.034,9,-0.120127,1.735801,0.029052,-0.024688,-0.905983,-0.120330,0.405099,346.229300,228.558500,356.886200
327.146,9,-0.115864,1.742313,0.062887,-0.039869,-0.848204,-0.157099,0.504263,342.138700,242.324400,354.525500
327.258,9,-0.115456,1.738613,0.080674,-0.036397,-0.804166,-0.145030,0.575290,344.030000,252.067400,353.530200
327.369,9,-0.113653,1.738814,0.087368,-0.035863,-0.790884,-0.144223,0.593646,344.293600,254.727900,353.168600
327.480,9,-0.109387,1.744763,0.097027,-0.057161,-0.757626,-0.168068,0.628084,340.945400,260.590700,352.430700
327.592,9,-0.101620,1.748346,0.103859,-0.072854,-0.728012,-0.185466,0.655967,338.554100,265.648700,351.520800
327.703,9,-0.090465,1.754310,0.106963,-0.105346,-0.701110,-0.210380,0.673118,334.098900,269.662100,351.336300
327.814,9,-0.079965,1.763087,0.111674,-0.148395,-0.674169,-0.245320,0.680656,327.806000,273.180400,350.898000
327.926,9,-0.084646,1.764271,0.114416,-0.149241,-0.677621,-0.247622,0.676195,327.491900,272.522300,350.951900
328.037,9,-0.098389,1.760246,0.118104,-0.132450,-0.671056,-0.229432,0.692461,330.570300,274.232600,350.751200
328.147,9,-0.122867,1.749469,0.113347,-0.077724,-0.683325,-0.172426,0.705191,339.801800,273.301700,351.608300
328.258,9,-0.136618,1.744211,0.104409,-0.068618,-0.687128,-0.149891,0.707588,342.356500,272.784500,352.897800
328.369,9,-0.138285,1.741608,0.093098,-0.077243,-0.674290,-0.138133,0.721308,342.679500,274.730700,354.282600
328.481,9,-0.125118,1.742946,0.082082,-0.089855,-0.648527,-0.140417,0.742712,341.602900,278.647900,354.434200
328.591,9,-0.104556,1.743420,0.068571,-0.105426,-0.615951,-0.147101,0.766715,339.947800,283.480300,354.153200
328.703,9,-0.085694,1.742527,0.055543,-0.110819,-0.585541,-0.155556,0.787822,339.097400,288.067200,352.908900
328.813,9,-0.072484,1.740157,0.048753,-0.119911,-0.560026,-0.146687,0.806520,339.039900,291.614400,353.710300
328.925,9,-0.066050,1.744930,0.051661,-0.129028,-0.545861,-0.140981,0.815789,338.627400,293.463000,354.505900
329.035,9,-0.065249,1.746163,0.059245,-0.133903,-0.540893,-0.143943,0.817793,337.992600,294.129200,354.393500
329.146,9,-0.073465,1.747110,0.071907,-0.136959,-0.553770,-0.140989,0.809137,337.803200,292.154700,355.262500
329.257,9,-0.085841,1.748025,0.085231,-0.140402,-0.568355,-0.145625,0.797530,337.077700,289.967400,355.473800
329.368,9,-0.109843,1.751111,0.107996,-0.146310,-0.586803,-0.160383,0.780086,335.386500,287.178400,355.045600
329.480,9,-0.139147,1.753607,0.132818,-0.152319,-0.603284,-0.167836,0.764643,334.186400,284.519700,355.355900
329.591,9,-0.172677,1.758072,0.157867,-0.159044,-0.628740,-0.176384,0.740459,332.785000,280.285200,356.052800
329.703,9,-0.205311,1.762485,0.182560,-0.168842,-0.660780,-0.185533,0.707418,331.048100,274.570300,357.421700
329.814,9,-0.232315,1.766769,0.206080,-0.172658,-0.689742,-0.195258,0.675515,329.826500,269.263800,358.301700
329.925,9,-0.248934,1.769881,0.226699,-0.175952,-0.708549,-0.210193,0.650244,328.218100,265.546800,358.381300
330.036,9,-0.256547,1.771720,0.238959,-0.172876,-0.717527,-0.211830,0.640623,328.299200,263.964300,358.429400
330.147,9,-0.256272,1.769887,0.247175,-0.162903,-0.725153,-0.204065,0.637161,329.765000,263.035000,358.422500
330.259,9,-0.248636,1.770141,0.247515,-0.158796,-0.724559,-0.200392,0.640033,330.418600,263.370300,358.260400
330.369,9,-0.235516,1.771183,0.242281,-0.160021,-0.718830,-0.203800,0.645091,330.036300,264.392900,357.824700
330.481,9,-0.226830,1.771037,0.236657,-0.158690,-0.716061,-0.201622,0.649171,330.344700,264.992500,357.724100
330.592,9,-0.218349,1.771106,0.231356,-0.157725,-0.711157,-0.202494,0.654504,330.365000,265.959700,357.314000
330.703,9,-0.207103,1.773919,0.226940,-0.160480,-0.705402,-0.208613,0.658130,329.632500,266.897900,356.798600
330.814,9,-0.196746,1.775251,0.221406,-0.165413,-0.698438,-0.210206,0.663805,329.120400,267.973200,356.793200
330.926,9,-0.185627,1.778174,0.211010,-0.164199,-0.696526,-0.207356,0.667004,329.475900,268.388900,356.814000
331.037,9,-0.175982,1.779430,0.201549,-0.169390,-0.696793,-0.203493,0.666616,329.374800,268.106900,357.652700
331.148,9,-0.164880,1.780304,0.191221,-0.177026,-0.688678,-0.202782,0.673248,328.824000,269.247800,358.043100
331.259,9,-0.159278,1.779503,0.185151,-0.180576,-0.682323,-0.205401,0.677966,328.321700,270.246100,357.839100
331.370,9,-0.155898,1.776136,0.180885,-0.181555,-0.679752,-0.204200,0.680646,328.348000,270.669900,357.902800
331.481,9,-0.157677,1.775169,0.184073,-0.180859,-0.681961,-0.208111,0.677428,328.069900,270.299600,357.617300
331.592,9,-0.166290,1.773309,0.192611,-0.173865,-0.683474,-0.212571,0.676349,328.280500,270.354900,356.638300
331.703,9,-0.180645,1.770988,0.204998,-0.166799,-0.686290,-0.221547,0.672385,328.102800,270.159800,355.339400
331.814,9,-0.198864,1.770329,0.219578,-0.167007,-0.691072,-0.238770,0.661451,326.568000,269.248700,354.151300
331.925,9,-0.233114,1.768861,0.244683,-0.160484,-0.705498,-0.255407,0.641315,325.513000,266.733600,352.951000
332.036,9,-0.270455,1.770809,0.268133,-0.153446,-0.717511,-0.269202,0.623829,324.707000,264.605400,351.852500
332.148,9,-0.323513,1.776414,0.295398,-0.153776,-0.740440,-0.281010,0.590877,323.282700,259.665800,352.519400
332.259,9,-0.361113,1.782611,0.313614,-0.148967,-0.760979,-0.291901,0.559924,322.332300,255.173300,352.730400
332.369,9,-0.401929,1.790296,0.331910,-0.142396,-0.783553,-0.301691,0.524166,321.533200,249.947600,353.169300
332.481,9,-0.431191,1.794786,0.344447,-0.138062,-0.798876,-0.308863,0.497333,320.890000,246.086800,353.590000
332.592,9,-0.455648,1.797024,0.353397,-0.131639,-0.807587,-0.313755,0.481697,320.684500,244.008600,353.345800
332.703,9,-0.475708,1.797522,0.357774,-0.127832,-0.812985,-0.313631,0.473657,320.872300,242.801600,353.393000
332.814,9,-0.489934,1.797809,0.358974,-0.126172,-0.817428,-0.312916,0.466879,320.995100,241.716400,353.652400
332.926,9,-0.505196,1.797182,0.359183,-0.123329,-0.822866,-0.313016,0.457933,321.090400,240.376100,353.824100
333.037,9,-0.516148,1.795985,0.359056,-0.116128,-0.825314,-0.313504,0.455067,321.452000,240.150800,353.123000
333.148,9,-0.527656,1.796319,0.358002,-0.114518,-0.824357,-0.315251,0.456003,321.376600,240.445800,352.742000
333.259,9,-0.535605,1.797520,0.356177,-0.114557,-0.825726,-0.316710,0.452491,321.192700,239.977600,352.817400
333.370,9,-0.545480,1.798399,0.354669,-0.113232,-0.828328,-0.318832,0.446540,321.000100,239.203100,352.818300
333.482,9,-0.554328,1.799336,0.352457,-0.109144,-0.830938,-0.319257,0.442385,321.161200,238.693000,352.543300
333.592,9,-0.561225,1.799628,0.350448,-0.103983,-0.834483,-0.318335,0.437594,321.516100,238.039900,352.286900
333.704,9,-0.566819,1.799258,0.348964,-0.101258,-0.835091,-0.320120,0.435767,321.471200,237.938900,351.925900
333.815,9,-0.571582,1.798654,0.346923,-0.098847,-0.834774,-0.317625,0.438743,321.900600,238.323700,351.694000
333.926,9,-0.576929,1.797995,0.343750,-0.095967,-0.836185,-0.314576,0.438894,322.386900,238.251000,351.606000
334.037,9,-0.580116,1.797920,0.341282,-0.095594,-0.836953,-0.314700,0.437419,322.381000,238.041400,351.630200
334.148,9,-0.583628,1.797685,0.338404,-0.094856,-0.838130,-0.314677,0.435339,322.405500,237.740700,351.656300
334.259,9,-0.586678,1.797750,0.336087,-0.093557,-0.839246,-0.315401,0.432937,322.381000,237.449700,351.574200
334.370,9,-0.591181,1.797819,0.333505,-0.092549,-0.839729,-0.316236,0.431608,322.338500,237.321900,351.460700
334.482,9,-0.594923,1.797990,0.330310,-0.092077,-0.840929,-0.316490,0.429179,322.314600,236.977300,351.512600
334.592,9,-0.598466,1.798558,0.326567,-0.092650,-0.842503,-0.316276,0.426116,322.274000,236.479400,351.755100
334.704,9,-0.601956,1.799862,0.323507,-0.092216,-0.843218,-0.317511,0.423870,322.147000,236.217600,351.724400
334.815,9,-0.604856,1.805749,0.321228,-0.091552,-0.843833,-0.318248,0.422235,322.091000,236.028500,351.674600
334.926,9,-0.609672,1.830673,0.321413,-0.091156,-0.843834,-0.319872,0.421090,321.931200,235.956500,351.560200
335.037,9,-0.614407,1.851412,0.322429,-0.094911,-0.840193,-0.326608,0.422369,321.023500,236.430500,351.388000
335.148,9,-0.624160,1.857866,0.323722,-0.095379,-0.843818,-0.327234,0.414478,320.852700,235.231500,351.823500
335.259,9,-0.634608,1.854484,0.325671,-0.084959,-0.848242,-0.327292,0.407613,321.354000,234.506900,350.962300
335.370,9,-0.646133,1.840673,0.322494,-0.069229,-0.855556,-0.314290,0.405529,323.563400,233.942300,350.235200
335.482,9,-0.649797,1.819764,0.312193,-0.051408,-0.871373,-0.274509,0.403375,328.676300,232.175000,351.119800
335.592,9,-0.642437,1.795822,0.298474,-0.029113,-0.892987,-0.213779,0.395002,336.121300,229.278200,352.655600
335.703,9,-0.622135,1.780044,0.290016,-0.016349,-0.906745,-0.174771,0.383409,340.762600,226.917900,353.653500
335.814,9,-0.598534,1.772714,0.283966,-0.008532,-0.913271,-0.156741,0.375894,342.979800,225.662700,353.861300
335.925,9,-0.559796,1.764662,0.278033,-0.009632,-0.919364,-0.142887,0.366417,344.348200,224.172900,354.816200
336.036,9,-0.527838,1.758981,0.278042,-0.008325,-0.922967,-0.137682,0.359313,344.922000,223.199700,355.034600
336.148,9,-0.489065,1.759489,0.282959,-0.004423,-0.927223,-0.131773,0.350533,345.672300,222.044600,355.015700
336.258,9,-0.460078,1.759829,0.289149,-0.002007,-0.930410,-0.125301,0.344431,346.435200,221.208300,355.126800
336.369,9,-0.422367,1.757236,0.302251,0.002270,-0.933556,-0.122669,0.336781,346.849600,220.264200,354.882300
336.480,9,-0.390889,1.754262,0.315596,0.006596,-0.933877,-0.120513,0.336612,347.252900,220.257500,354.501900
336.590,9,-0.361137,1.753530,0.329381,0.003825,-0.933382,-0.124475,0.336585,346.715300,220.284100,354.638800
336.702,9,-0.336105,1.753668,0.345988,-0.004154,-0.928650,-0.134382,0.345736,345.376800,221.489200,354.948100
336.812,9,-0.317095,1.755315,0.362154,-0.008944,-0.920275,-0.148708,0.361801,343.729300,223.703400,354.551800
336.924,9,-0.303655,1.757481,0.375428,-0.016323,-0.910436,-0.162715,0.379953,342.019800,226.201800,354.332900
337.036,9,-0.296354,1.757216,0.384013,-0.015616,-0.904633,-0.167473,0.391598,341.625100,227.821500,353.774700
337.147,9,-0.291811,1.756646,0.392688,-0.016570,-0.899403,-0.169167,0.402719,341.479500,229.294100,353.554400
337.258,9,-0.290364,1.755969,0.398607,-0.015576,-0.896633,-0.170869,0.408180,341.389800,230.062400,353.239800
337.369,9,-0.290452,1.756728,0.406438,-0.018256,-0.892614,-0.179062,0.413332,340.442200,230.907900,352.963600
337.480,9,-0.291898,1.757489,0.411824,-0.016842,-0.890667,-0.184128,0.415362,340.002200,231.331300,352.481400
337.591,9,-0.294109,1.757811,0.415853,-0.017104,-0.890948,-0.185330,0.414212,339.854400,231.208300,352.468400
337.702,9,-0.297407,1.758417,0.418460,-0.017642,-0.891277,-0.188513,0.412041,339.477600,231.000800,352.397600
337.813,9,-0.302426,1.759323,0.419931,-0.021128,-0.890477,-0.194747,0.410705,338.642200,230.945400,352.451800
337.925,9,-0.310631,1.761558,0.419807,-0.026250,-0.890542,-0.213170,0.401005,336.376500,230.115300,352.208300
338.036,9,-0.323880,1.764441,0.419920,-0.030882,-0.891273,-0.234871,0.386672,333.733300,228.802900,351.884800
338.147,9,-0.353301,1.765389,0.418780,-0.026434,-0.891081,-0.258533,0.372071,331.287300,227.771600,350.465400
338.259,9,-0.385274,1.765058,0.415709,-0.020058,-0.893080,-0.269237,0.359884,330.308000,226.680200,349.523300
338.370,9,-0.431907,1.766108,0.407974,-0.016200,-0.899364,-0.283825,0.332154,328.581500,223.576700,349.234200
338.481,9,-0.466072,1.771846,0.401468,-0.017217,-0.908855,-0.285121,0.303962,328.080000,219.745500,350.366800
338.592,9,-0.489107,1.776138,0.399507,-0.012793,-0.915012,-0.290764,0.279368,327.367300,216.744400,350.496200
338.703,9,-0.500523,1.778036,0.399926,-0.015656,-0.921059,-0.290854,0.258475,327.051800,213.817400,351.673900
338.814,9,-0.500882,1.776663,0.403051,-0.017439,-0.924217,-0.288806,0.249219,327.143800,212.438600,352.357500
338.925,9,-0.491472,1.775311,0.411546,-0.015568,-0.925221,-0.286938,0.247771,327.406400,212.248000,352.266000
339.036,9,-0.479426,1.773636,0.420144,-0.015180,-0.923317,-0.285691,0.256196,327.632700,213.357000,351.945000
339.147,9,-0.460727,1.769484,0.431734,-0.010539,-0.922290,-0.278891,0.267374,328.662800,214.788200,351.266000
339.259,9,-0.446996,1.767828,0.440412,-0.008075,-0.919922,-0.278752,0.275638,328.848000,215.967200,350.665300
339.370,9,-0.431400,1.766125,0.449285,-0.005721,-0.916398,-0.280139,0.285839,328.888300,217.456200,349.932500
339.481,9,-0.418785,1.764978,0.453710,-0.005564,-0.915361,-0.279526,0.289739,329.005300,217.963300,349.800400
339.592,9,-0.408180,1.764093,0.456178,-0.007126,-0.915646,-0.278925,0.289384,329.008100,217.847600,350.032200
339.703,9,-0.401348,1.763817,0.456177,-0.010664,-0.914987,-0.282716,0.287676,328.432800,217.646700,350.328000
339.814,9,-0.398349,1.764013,0.454554,-0.017389,-0.915831,-0.282210,0.285147,328.208400,217.080500,351.264200
339.925,9,-0.398047,1.764288,0.451007,-0.021063,-0.917055,-0.282168,0.280977,328.037600,216.400200,351.873200
340.037,9,-0.398951,1.764652,0.447348,-0.022270,-0.917597,-0.281695,0.279587,328.033900,216.158300,352.097000
340.147,9,-0.400201,1.765603,0.440805,-0.024758,-0.918414,-0.281448,0.276930,327.948300,215.712000,352.515300
340.259,9,-0.400851,1.766852,0.435400,-0.027627,-0.918989,-0.283622,0.272498,327.564700,215.089300,352.935900
340.370,9,-0.400330,1.767230,0.431903,-0.029962,-0.920059,-0.280637,0.271728,327.812700,214.815900,353.392600
340.481,9,-0.395469,1.765410,0.434555,-0.028093,-0.920981,-0.271241,0.278269,328.985800,215.470100,353.352700
340.592,9,-0.384886,1.761741,0.442875,-0.024190,-0.921612,-0.257223,0.289625,330.782100,216.684400,353.129300
340.703,9,-0.369670,1.756264,0.454706,-0.020319,-0.922936,-0.244334,0.296778,332.414600,217.363800,353.032300
340.813,9,-0.354940,1.751867,0.466827,-0.017653,-0.921211,-0.239544,0.306069,333.118500,218.516600,352.649800
340.925,9,-0.342784,1.749571,0.476332,-0.019581,-0.918304,-0.243681,0.311374,332.629700,219.287800,352.508100
341.036,9,-0.336489,1.749111,0.481109,-0.021338,-0.916738,-0.246133,0.313935,332.310800,219.655600,352.510500
341.147,9,-0.333018,1.749932,0.482993,-0.021242,-0.915563,-0.248470,0.315526,332.070500,219.940100,352.331400
341.259,9,-0.332375,1.751648,0.480517,-0.022811,-0.916498,-0.246082,0.314570,332.262700,219.701000,352.664500
341.369,9,-0.332633,1.752231,0.473772,-0.023082,-0.916057,-0.244803,0.316824,332.410500,219.954600,352.686000
341.481,9,-0.338218,1.754748,0.462598,-0.026418,-0.913476,-0.248461,0.321141,331.907700,220.555100,352.750900
341.592,9,-0.350854,1.759764,0.447154,-0.032630,-0.914219,-0.250209,0.317072,331.433100,219.904900,353.527300
341.703,9,-0.369193,1.761899,0.429513,-0.033701,-0.915984,-0.251373,0.310884,331.219100,219.084900,353.806600
341.814,9,-0.388817,1.764894,0.411543,-0.034856,-0.919078,-0.251847,0.301087,331.058000,217.760800,354.256000
341.925,9,-0.414457,1.766057,0.385812,-0.032092,-0.930233,-0.234779,0.280207,332.949000,214.640900,355.371400
342.036,9,-0.432857,1.765969,0.366435,-0.031019,-0.938000,-0.220998,0.265245,334.466000,212.429800,356.248000
342.147,9,-0.451991,1.765447,0.345090,-0.032572,-0.948158,-0.197053,0.247195,337.059300,209.674900,357.781200
342.258,9,-0.460139,1.761340,0.330616,-0.029878,-0.952593,-0.184317,0.240210,338.560900,208.674500,358.052900
342.369,10,-0.456894,1.757696,0.314625,-0.025182,-0.954841,-0.166107,0.245056,340.758300,209.131000,357.977500
342.481,10,-0.439834,1.755536,0.299228,-0.027738,-0.951212,-0.158629,0.263180,341.555800,211.232700,358.143900
342.592,10,-0.411484,1.748350,0.281969,-0.024991,-0.943510,-0.145762,0.296511,343.149500,215.240500,357.647800
342.703,10,-0.371588,1.742755,0.266466,-0.019970,-0.925171,-0.133310,0.354808,344.880100,222.418600,356.576600
342.814,10,-0.330957,1.738844,0.255984,-0.014588,-0.896063,-0.125550,0.425553,346.265900,231.381700,355.233900
342.925,10,-0.278607,1.736642,0.253768,-0.019615,-0.821220,-0.123882,0.556657,346.979100,248.973500,353.771600
343.036,10,-0.240790,1.737042,0.256427,-0.023862,-0.753197,-0.123273,0.645700,347.495600,262.007200,352.747400
343.147,10,-0.199425,1.740318,0.257314,-0.042439,-0.689033,-0.130589,0.711603,346.092200,272.767300,352.460100
343.258,10,-0.175069,1.743606,0.254046,-0.058170,-0.665027,-0.142567,0.730773,344.059400,276.491600,352.169800
343.368,10,-0.155574,1.745617,0.247257,-0.072284,-0.664308,-0.153300,0.727990,342.005700,276.456000,352.316300
343.480,10,-0.148619,1.746534,0.243166,-0.077178,-0.667162,-0.153617,0.724804,341.527200,275.923200,352.749500
343.590,10,-0.144699,1.746655,0.239411,-0.079164,-0.661477,-0.149653,0.730606,341.720000,276.796000,353.107900
343.702,10,-0.142898,1.746051,0.234630,-0.081674,-0.656646,-0.145340,0.735542,341.879100,277.514400,353.563300
343.813,10,-0.142385,1.745235,0.230134,-0.081136,-0.653253,-0.141956,0.739275,342.216000,278.050700,353.736700
343.924,10,-0.141015,1.747420,0.226398,-0.097230,-0.641567,-0.145764,0.746787,340.594300,279.635900,354.344300
344.035,10,-0.139822,1.750877,0.225888,-0.119825,-0.619319,-0.155987,0.760102,337.952900,282.725500,354.507800
344.146,10,-0.144126,1.754270,0.228378,-0.141674,-0.593997,-0.163168,0.774901,335.580700,286.210300,354.670700
344.258,10,-0.155069,1.754478,0.231635,-0.142100,-0.587153,-0.162617,0.780138,335.626900,287.250400,354.528100
344.368,10,-0.179783,1.753463,0.238135,-0.134845,-0.583332,-0.155529,0.785717,336.836900,287.932700,354.564800
344.480,10,-0.207033,1.751296,0.243947,-0.127423,-0.584469,-0.145468,0.788034,338.230700,287.827500,355.038500
344.591,10,-0.250658,1.749412,0.254399,-0.123071,-0.585002,-0.135867,0.790042,339.302900,287.754200,355.666300
344.703,10,-0.296746,1.748647,0.268817,-0.121344,-0.581847,-0.128786,0.793816,339.969700,288.201100,356.139300
344.814,10,-0.345545,1.748233,0.288111,-0.121169,-0.579944,-0.121825,0.796330,340.470900,288.430500,356.746800
344.925,10,-0.393308,1.750816,0.311005,-0.119604,-0.572599,-0.119305,0.802241,340.820500,289.523900,356.694900
345.036,10,-0.431205,1.752556,0.329947,-0.117677,-0.564367,-0.115490,0.808891,341.292800,290.731300,356.731000
345.147,10,-0.472484,1.753583,0.346785,-0.116354,-0.560580,-0.112639,0.812111,341.622800,291.280400,356.828700
345.258,10,-0.498607,1.754482,0.354833,-0.116626,-0.565536,-0.109655,0.809039,341.775800,290.531800,357.253200
345.369,10,-0.526792,1.754963,0.363397,-0.107932,-0.576931,-0.103023,0.803049,343.008900,288.977500,357.547300
345.480,10,-0.541105,1.755110,0.368305,-0.103206,-0.584817,-0.105914,0.797572,343.231300,287.924500,357.112400
345.592,10,-0.545441,1.749735,0.370321,-0.098082,-0.577730,-0.100928,0.804004,344.077600,289.008800,357.081400
345.703,10,-0.548368,1.747398,0.366225,-0.090516,-0.569376,-0.100125,0.810921,344.881300,290.319500,356.477600
345.813,10,-0.548436,1.745941,0.354108,-0.094959,-0.545572,-0.098886,0.826774,344.637900,293.640400,356.438600
345.925,10,-0.546353,1.744802,0.333430,-0.104514,-0.498397,-0.091630,0.855734,344.323300,299.996800,356.865700
346.036,10,-0.543187,1.742914,0.305897,-0.118785,-0.436960,-0.083704,0.887665,343.499000,307.970200,357.322300
346.146,10,-0.537984,1.736999,0.253190,-0.139734,-0.332908,-0.078694,0.929223,341.815200,321.092300,356.789300
346.258,10,-0.534617,1.732595,0.198770,-0.152016,-0.241443,-0.075118,0.955486,340.927100,332.352800,355.743800
346.368,10,-0.531778,1.736405,0.122580,-0.160665,-0.132047,-0.069930,0.975633,340.611700,345.562300,354.279600
346.479,10,-0.530562,1.743723,0.066321,-0.169685,-0.066147,-0.061811,0.981331,340.049300,353.350400,353.962600
346.590,10,-0.528434,1.744256,0.005201,-0.181267,-0.004030,-0.052910,0.982002,339.118600,0.690866,353.704500
346.702,10,-0.526346,1.747051,-0.034905,-0.195703,0.040720,-0.045760,0.978748,337.705900,6.056296,353.451900
346.813,10,-0.524888,1.748921,-0.062086,-0.204436,0.070955,-0.039626,0.975501,336.844300,9.682221,353.359600
346.924,10,-0.524309,1.749737,-0.080370,-0.209644,0.090869,-0.034361,0.972940,336.315700,12.052930,353.418500
347.035,10,-0.523652,1.749001,-0.091771,-0.209756,0.101235,-0.028045,0.972094,336.288800,13.168570,353.918900
347.146,10,-0.522031,1.749746,-0.100727,-0.211043,0.108015,-0.023041,0.971217,336.111500,13.892860,354.329200
347.257,10,-0.520020,1.750601,-0.103399,-0.214619,0.110867,-0.021283,0.970152,335.688000,14.245320,354.402900
347.368,10,-0.517899,1.750612,-0.102916,-0.213090,0.115321,-0.016389,0.970065,335.817600,14.650190,354.909400
347.479,10,-0.517754,1.751028,-0.101323,-0.213730,0.114259,-0.012569,0.970107,335.681500,14.428270,355.390900
347.591,10,-0.519550,1.752169,-0.099396,-0.217020,0.112723,-0.006933,0.969612,335.210400,14.128500,356.060600
347.702,10,-0.521983,1.751628,-0.098085,-0.214766,0.111751,-0.005213,0.970237,335.443900,13.938150,356.336600
347.812,10,-0.523922,1.751339,-0.097893,-0.212476,0.115941,-0.001181,0.970263,335.666900,14.328040,356.756000
347.924,10,-0.525025,1.750485,-0.099060,-0.209962,0.116615,0.000206,0.970730,335.940800,14.350200,356.950900
348.035,10,-0.524437,1.749683,-0.101426,-0.207993,0.118836,-0.002315,0.970882,336.213900,14.668310,356.621400
348.146,10,-0.522891,1.747947,-0.105027,-0.202641,0.122188,-0.003419,0.971594,336.862900,15.052850,356.498300
348.257,10,-0.521373,1.746539,-0.108753,-0.198389,0.124265,-0.005030,0.972201,337.387400,15.301800,356.330300
348.368,10,-0.518835,1.745588,-0.114076,-0.198122,0.129057,-0.006603,0.971622,337.462100,15.923870,356.028500
348.479,10,-0.517097,1.745596,-0.116722,-0.200881,0.127699,-0.007934,0.971225,337.159100,15.819830,355.848500
348.590,10,-0.514559,1.745950,-0.118091,-0.200774,0.127950,-0.010012,0.971194,337.206100,15.899030,355.594000
348.701,10,-0.512716,1.745766,-0.118258,-0.199088,0.130847,-0.012566,0.971126,337.456100,16.294910,355.248400
348.812,10,-0.511830,1.745709,-0.117838,-0.198887,0.133184,-0.014155,0.970827,337.517600,16.616390,355.004400
348.923,10,-0.512108,1.745373,-0.116069,-0.196890,0.132527,-0.013371,0.971335,337.731400,16.492840,355.155000
349.035,10,-0.512399,1.744681,-0.114080,-0.194651,0.131097,-0.011540,0.972004,337.952400,16.248720,355.453600
349.146,10,-0.511909,1.744127,-0.111762,-0.191321,0.132020,-0.009974,0.972557,338.314800,16.287650,355.684900
349.257,10,-0.511717,1.743527,-0.109466,-0.189472,0.131224,-0.009908,0.973028,338.523400,16.168200,355.747200
349.368,10,-0.512443,1.743052,-0.105952,-0.186385,0.130996,-0.008553,0.973667,338.856000,16.076760,355.973700
349.479,10,-0.513317,1.742340,-0.103089,-0.182273,0.130420,-0.006955,0.974535,339.301600,15.929040,356.255000
349.590,10,-0.515020,1.741272,-0.099671,-0.176549,0.129409,-0.004567,0.975737,339.918900,15.700080,356.666900
349.701,10,-0.515357,1.741170,-0.097667,-0.174231,0.130852,-0.004306,0.975963,340.186500,15.847660,356.709400
349.812,10,-0.515396,1.741062,-0.096319,-0.172923,0.131432,-0.004283,0.976117,340.338600,15.905110,356.723800
349.923,10,-0.514614,1.740704,-0.095919,-0.171756,0.129996,-0.005214,0.976511,340.482900,15.739400,356.664600
350.034,10,-0.513592,1.740220,-0.096190,-0.168803,0.131294,-0.005509,0.976851,340.831700,15.874750,356.656500
350.146,10,-0.510911,1.739811,-0.098173,-0.167116,0.132505,-0.006207,0.976973,341.041000,16.018710,356.580200
350.257,10,-0.509156,1.739881,-0.100352,-0.165978,0.133759,-0.007670,0.976986,341.200100,16.187420,356.403100
350.368,10,-0.506872,1.740866,-0.101896,-0.170713,0.130586,-0.010284,0.976575,340.686200,15.901540,356.070500
350.479,10,-0.504677,1.739596,-0.103061,-0.161784,0.130359,-0.007349,0.978151,341.664400,15.733620,356.584200
350.590,10,-0.502859,1.738460,-0.106061,-0.156519,0.134952,-0.006200,0.978392,342.265900,16.217470,356.727100
350.701,10,-0.503216,1.738504,-0.108920,-0.156798,0.130213,-0.005694,0.978993,342.210200,15.642510,356.870400
350.811,10,-0.503813,1.738329,-0.110139,-0.158530,0.126122,-0.005086,0.979253,341.989100,15.155210,356.989300
350.923,10,-0.503418,1.737997,-0.109790,-0.157302,0.125034,-0.004499,0.979593,342.117900,15.004000,357.099900
351.034,10,-0.502789,1.737661,-0.108705,-0.155406,0.125353,-0.004014,0.979857,342.329300,15.018410,357.183000
351.145,10,-0.501651,1.737458,-0.108378,-0.153124,0.125744,-0.003566,0.980168,342.585800,15.039580,357.266800
351.256,10,-0.500790,1.737227,-0.108094,-0.153510,0.126784,-0.005012,0.979967,342.566600,15.192590,357.071100
351.368,10,-0.499753,1.737164,-0.107763,-0.153430,0.128680,-0.005769,0.979728,342.593200,15.432310,356.948800
351.480,10,-0.498919,1.736650,-0.106365,-0.150976,0.128491,-0.006104,0.980132,342.879400,15.395680,356.955100
351.589,10,-0.498120,1.735679,-0.104651,-0.146888,0.130272,-0.006862,0.980513,343.365600,15.588640,356.905300
351.700,10,-0.498297,1.734762,-0.101649,-0.140742,0.128763,-0.007473,0.981609,344.074800,15.370930,356.964900
351.811,10,-0.499917,1.734383,-0.098920,-0.137510,0.125463,-0.008572,0.982485,344.451600,14.971780,356.944700
351.922,10,-0.501059,1.734643,-0.096869,-0.139306,0.126827,-0.007822,0.982063,344.238700,15.135360,356.980300
352.033,10,-0.500870,1.735079,-0.095740,-0.142561,0.130489,-0.008679,0.981109,343.890700,15.609990,356.763800
352.145,10,-0.500016,1.735820,-0.095453,-0.145002,0.134623,-0.010398,0.980175,343.653000,16.150930,356.449500
352.256,10,-0.500147,1.734918,-0.093897,-0.140764,0.134786,-0.011682,0.980756,344.159400,16.155160,356.372900
352.366,10,-0.500816,1.733316,-0.092581,-0.133644,0.134765,-0.010470,0.981768,344.954100,16.075700,356.641200
352.478,10,-0.501044,1.733265,-0.092443,-0.134958,0.137365,-0.009495,0.981238,344.796800,16.380080,356.690500
352.588,10,-0.501799,1.732586,-0.091454,-0.131313,0.136729,-0.009412,0.981822,345.210000,16.274710,356.775100
352.700,10,-0.502370,1.732166,-0.090179,-0.130965,0.136880,-0.009140,0.981850,345.245700,16.285980,356.810600
352.811,11,-0.503655,1.732337,-0.089115,-0.130369,0.136471,-0.008714,0.981990,345.305600,16.226640,356.877000
352.922,11,-0.504977,1.731656,-0.087798,-0.128451,0.135296,-0.007982,0.982411,345.509300,16.062480,357.013600
353.033,11,-0.505638,1.731728,-0.087114,-0.127898,0.137904,-0.007767,0.982122,345.576900,16.364360,357.009100
353.144,11,-0.505392,1.731307,-0.086772,-0.126082,0.142731,-0.008325,0.981663,345.808500,16.930620,356.905400
353.255,11,-0.505545,1.730511,-0.087335,-0.123025,0.147384,-0.008783,0.981359,346.179900,17.464930,356.841600
353.366,11,-0.506076,1.729811,-0.088685,-0.121481,0.154390,-0.009801,0.980464,346.397200,18.296460,356.654000
353.478,11,-0.503807,1.729245,-0.089088,-0.118729,0.167464,-0.011147,0.978640,346.782300,19.841010,356.373100
353.588,11,-0.494252,1.728461,-0.089433,-0.118984,0.224252,-0.014030,0.967139,347.064500,26.646600,355.262100
353.699,11,-0.484787,1.727612,-0.088647,-0.118246,0.277475,-0.012023,0.953353,347.362200,33.032360,354.793600
353.810,11,-0.470747,1.725779,-0.083949,-0.111615,0.321778,-0.015367,0.940088,348.465000,38.387100,354.099600
353.922,11,-0.454467,1.724177,-0.077097,-0.101988,0.352367,-0.016249,0.930146,349.730600,42.031980,354.044000
354.033,11,-0.434530,1.724113,-0.069160,-0.096625,0.383481,-0.015300,0.918353,350.460000,45.825280,354.051000
354.145,11,-0.410846,1.724012,-0.057831,-0.091491,0.407414,-0.017326,0.908484,351.250300,48.779740,353.841500
354.256,11,-0.385464,1.723699,-0.044450,-0.078387,0.419812,-0.015987,0.904078,352.627800,50.169320,354.519200
354.368,11,-0.346690,1.721253,-0.024970,-0.049914,0.420497,-0.024611,0.905585,356.002900,49.988240,355.022600
354.478,11,-0.312733,1.715499,-0.007514,-0.015999,0.419509,-0.035163,0.906929,0.027638,49.645700,355.572100
354.588,11,-0.266958,1.708857,0.016796,0.017481,0.413701,-0.035951,0.909535,3.528508,48.826630,357.074900
354.700,11,-0.234141,1.710325,0.030470,0.012488,0.412162,-0.030547,0.910513,2.746719,48.647330,357.398800
354.810,11,-0.202218,1.718427,0.040001,-0.016926,0.412372,-0.014540,0.910743,358.920500,48.742560,357.681700
354.922,11,-0.183760,1.729839,0.041701,-0.065419,0.423364,0.009918,0.903540,352.726000,50.349550,357.835200
355.034,11,-0.172949,1.736115,0.043876,-0.087589,0.432414,0.023442,0.897105,349.780100,51.644550,358.038200
355.146,11,-0.161710,1.738719,0.052410,-0.096320,0.445342,0.030118,0.889655,348.567700,53.371620,358.117300
355.257,11,-0.154132,1.739027,0.063335,-0.093003,0.456367,0.034793,0.884234,348.683400,54.733220,358.635100
355.368,11,-0.144383,1.736381,0.082131,-0.074749,0.473326,0.024009,0.877382,351.147300,56.820110,358.339500
355.479,11,-0.138004,1.729833,0.102230,-0.040312,0.494606,-0.000429,0.868182,356.010700,59.421860,357.666200
355.590,11,-0.134649,1.723748,0.132026,-0.007603,0.531118,-0.024039,0.846923,0.725194,64.167210,357.202900
355.700,11,-0.133787,1.716775,0.159652,0.014411,0.555921,-0.042181,0.830039,4.061174,67.514520,356.896700
355.811,11,-0.132902,1.713355,0.184846,0.012013,0.574245,-0.041677,0.817534,3.870844,70.063700,356.877400
355.922,11,-0.130094,1.711042,0.202964,0.010250,0.593110,-0.037739,0.804171,3.511756,72.735160,357.212600
356.033,11,-0.127979,1.709689,0.215244,0.016341,0.603193,-0.039005,0.796473,4.191232,74.186230,357.562300
356.144,11,-0.125165,1.709718,0.224659,0.015306,0.613914,-0.040182,0.788201,4.213046,75.734380,357.439700
356.255,11,-0.121532,1.712393,0.231017,0.005061,0.617725,-0.038634,0.785428,3.191901,76.281750,356.874700
356.367,11,-0.116970,1.722046,0.235166,-0.037450,0.618852,-0.011064,0.784537,357.416900,76.616050,356.343400
356.478,11,-0.113484,1.732198,0.235970,-0.081707,0.617871,0.017123,0.781835,351.435500,76.959810,355.697000
356.590,11,-0.107440,1.738920,0.236915,-0.114266,0.618110,0.040813,0.776671,346.823700,77.558710,355.413300
356.702,11,-0.098195,1.741353,0.237857,-0.127894,0.620716,0.047615,0.772067,345.131800,78.256900,354.939900
356.812,11,-0.085214,1.741610,0.237396,-0.137432,0.624920,0.052097,0.766729,343.986800,79.135440,354.514800
356.924,11,-0.067648,1.741523,0.234406,-0.152085,0.625693,0.058278,0.762878,342.243500,79.671070,353.888100
357.035,11,-0.046025,1.742925,0.230625,-0.171251,0.612966,0.065504,0.768541,339.907900,78.334500,353.319300
357.146,11,-0.007531,1.741932,0.224108,-0.199002,0.582167,0.070452,0.785186,336.762900,74.668160,352.428900
357.257,11,0.033546,1.739487,0.216827,-0.215016,0.555357,0.068866,0.800378,335.122600,71.311260,351.851800
357.368,11,0.098025,1.739916,0.205236,-0.233874,0.510847,0.063091,0.824838,333.238600,65.612730,351.312400
357.480,11,0.153154,1.748831,0.197060,-0.249631,0.478509,0.058640,0.839807,331.614500,61.674840,350.816500
357.591,11,0.219025,1.760061,0.191096,-0.253774,0.437722,0.052828,0.860934,331.104600,56.124500,351.381200
357.703,11,0.265665,1.764467,0.188792,-0.252804,0.397132,0.046349,0.881038,331.166000,50.539430,352.184600
357.814,11,0.294759,1.765082,0.190191,-0.244372,0.362594,0.033330,0.898720,332.392300,45.815390,352.392900
357.926,11,0.316864,1.758618,0.196874,-0.198580,0.317790,0.020020,0.926917,337.613100,38.943310,354.470300
358.036,11,0.320696,1.749344,0.200851,-0.155583,0.287784,0.006874,0.944948,342.663000,34.577870,355.399900
358.146,11,0.319195,1.738236,0.204053,-0.122011,0.267874,-0.004024,0.955689,346.640900,31.820340,355.693500
358.256,11,0.322568,1.736335,0.204264,-0.108822,0.226977,-0.007964,0.967769,348.052600,26.796400,356.201400
358.367,11,0.338726,1.735161,0.196690,-0.101871,0.124270,-0.019552,0.986812,348.685400,14.725320,356.263200
358.478,11,0.361522,1.734897,0.185967,-0.120675,0.022546,-0.029123,0.992009,346.225200,3.054937,356.267800
358.589,11,0.403339,1.733742,0.170420,-0.159479,-0.126752,-0.034667,0.978416,341.284900,345.510400,358.341700
358.700,11,0.442568,1.733970,0.159745,-0.175015,-0.224825,-0.035335,0.957901,339.440300,333.460800,0.673184
358.811,11,0.491573,1.741953,0.147711,-0.163000,-0.316177,-0.039888,0.933741,340.754200,322.292300,1.734958
358.922,11,0.532595,1.745157,0.139616,-0.156048,-0.365770,-0.053747,0.915955,341.023300,316.304300,0.951066
359.033,11,0.568369,1.742758,0.134397,-0.142648,-0.409693,-0.062131,0.898857,342.100500,310.944400,0.312463
359.144,11,0.596301,1.742414,0.133738,-0.138098,-0.437536,-0.068160,0.885915,342.282100,307.431500,0.004665
359.255,11,0.613153,1.743666,0.134777,-0.135180,-0.456085,-0.076148,0.876307,342.158900,305.105400,359.388900
359.366,11,0.625788,1.744030,0.134825,-0.136229,-0.473397,-0.085563,0.866035,341.520400,302.864700,358.838800
359.477,11,0.630001,1.744583,0.133544,-0.139955,-0.481529,-0.093363,0.860131,340.690400,301.783800,358.432000
359.588,11,0.631028,1.746642,0.131740,-0.144676,-0.492574,-0.097873,0.852562,339.933600,300.228000,358.513900
359.700,11,0.630646,1.747954,0.130104,-0.149001,-0.497396,-0.103593,0.848331,339.154100,299.542500,358.311500
359.811,11,0.630293,1.750283,0.129518,-0.155740,-0.493146,-0.112600,0.848454,337.955200,300.118500,357.683300
359.922,11,0.629809,1.751122,0.130505,-0.159564,-0.487398,-0.118349,0.850280,337.249800,300.927400,357.158400
360.033,11,0.629787,1.750917,0.131738,-0.162606,-0.485399,-0.120370,0.850564,336.829500,301.174700,357.075300
360.145,11,0.628594,1.750829,0.135339,-0.165715,-0.481203,-0.125925,0.851543,336.208000,301.784700,356.555400
360.256,11,0.623543,1.752020,0.138855,-0.176928,-0.473262,-0.130678,0.853020,334.815400,302.741600,356.485500
360.367,11,0.608352,1.754851,0.145444,-0.194371,-0.464579,-0.134469,0.853408,332.825700,303.635900,356.848200
360.479,11,0.589290,1.755393,0.151586,-0.203818,-0.455362,-0.133571,0.856307,331.919700,304.695100,357.197900
360.589,11,0.556457,1.756202,0.159959,-0.217316,-0.439727,-0.129905,0.861707,330.740200,306.491700,357.847900
360.701,11,0.519664,1.757411,0.168502,-0.233223,-0.416314,-0.125941,0.869729,329.300000,309.297000,358.341900
360.812,11,0.477821,1.759031,0.176222,-0.254253,-0.382438,-0.124068,0.879605,327.167800,313.480800,358.377600
360.924,11,0.431667,1.768641,0.182051,-0.280731,-0.340815,-0.121306,0.888999,324.420900,318.599400,358.285900
361.034,11,0.394030,1.776687,0.185539,-0.309195,-0.299483,-0.118233,0.894835,321.378400,323.669900,358.063500
361.146,11,0.354354,1.782990,0.188808,-0.340835,-0.250124,-0.111212,0.899390,318.031700,329.790700,357.722700
361.257,11,0.328909,1.786263,0.192338,-0.354910,-0.216483,-0.099900,0.903988,316.770500,333.905400,357.880100
361.368,11,0.302016,1.788159,0.198323,-0.369045,-0.182023,-0.090309,0.906928,315.390500,338.275600,357.628600
361.479,11,0.285374,1.790280,0.203144,-0.375373,-0.152512,-0.081897,0.910565,314.880200,342.152800,357.185600
361.590,11,0.267663,1.789724,0.207071,-0.373727,-0.129145,-0.072022,0.915676,315.329600,345.115500,357.149400
361.701,11,0.255488,1.789043,0.207796,-0.375078,-0.114612,-0.064929,0.917587,315.314500,346.860100,357.325200
361.812,11,0.245745,1.788366,0.206505,-0.384020,-0.105702,-0.060747,0.915241,314.292500,347.862300,357.536800
361.924,11,0.238010,1.787962,0.205245,-0.388635,-0.100010,-0.059224,0.914031,313.755700,348.591900,357.469900
362.035,11,0.231641,1.787445,0.203978,-0.393177,-0.096910,-0.058760,0.912451,313.205800,348.998800,357.402600
362.146,11,0.222540,1.787056,0.203315,-0.396857,-0.093759,-0.055755,0.911376,312.791900,349.255700,357.704500
362.257,11,0.215908,1.786765,0.203508,-0.395715,-0.090959,-0.053930,0.912265,312.962100,349.578700,357.779100
362.368,11,0.207592,1.786597,0.203703,-0.394851,-0.089489,-0.051338,0.912934,313.102300,349.642300,358.065400
362.479,11,0.201486,1.785897,0.203863,-0.393196,-0.090325,-0.050217,0.913628,313.319300,349.454900,358.268600
362.590,11,0.195087,1.785427,0.203448,-0.392402,-0.089219,-0.048751,0.914158,313.436800,349.536900,358.407200
362.701,11,0.190015,1.784449,0.203620,-0.389007,-0.088543,-0.046492,0.915791,313.885200,349.527500,358.655400
362.812,11,0.184793,1.783384,0.203880,-0.385421,-0.089419,-0.043694,0.917358,314.360800,349.253000,359.079000
362.924,11,0.179843,1.781938,0.205499,-0.380210,-0.092852,-0.038292,0.919431,315.068200,348.460300,0.015630
363.034,11,0.175958,1.780798,0.207767,-0.373441,-0.100359,-0.030364,0.921709,316.012400,346.961200,1.511888
363.146,11,0.174488,1.779356,0.213700,-0.365019,-0.116362,-0.026657,0.923315,317.136100,344.537400,2.793571
363.257,11,0.177714,1.776464,0.220563,-0.355300,-0.126307,-0.029024,0.925725,318.306000,343.408000,2.764666
363.368,11,0.179979,1.774942,0.232155,-0.345431,-0.123047,-0.031042,0.929824,319.456900,344.163300,2.057449
363.480,11,0.169753,1.771486,0.242714,-0.333629,-0.088911,-0.027507,0.938099,320.887400,348.969200,0.569924
363.590,11,0.132958,1.768442,0.253540,-0.329503,-0.041948,-0.005021,0.943209,321.537500,354.443200,1.329779
363.702,11,0.083559,1.760999,0.263897,-0.334677,-0.009810,0.002553,0.942278,320.900600,358.508700,0.840118
363.812,11,0.025418,1.760878,0.274918,-0.333491,0.041535,0.004168,0.941829,321.058300,5.567307,358.537500
363.924,11,-0.032256,1.771636,0.284531,-0.333027,0.094723,0.013009,0.938057,321.151600,12.536240,357.152900
364.034,11,-0.075382,1.773317,0.292994,-0.319973,0.143730,0.026066,0.936098,322.659900,18.510390,356.886800
364.145,11,-0.114886,1.771590,0.297324,-0.296174,0.214458,0.041116,0.929838,325.359700,27.074560,356.475900
364.256,11,-0.135140,1.770439,0.295779,-0.291529,0.263697,0.046876,0.918302,325.934200,33.479530,355.315300
364.368,11,-0.149583,1.769297,0.290900,-0.280355,0.345448,0.057198,0.893754,327.271800,44.098610,353.758900
364.479,11,-0.152450,1.767141,0.283646,-0.269515,0.419482,0.062723,0.864559,328.758600,53.979830,352.090200
364.590,11,-0.150911,1.763914,0.269317,-0.252305,0.502455,0.065451,0.824377,331.199500,65.186000,350.433700
364.701,11,-0.147820,1.762240,0.255325,-0.246050,0.545263,0.071844,0.798114,331.894300,71.197920,349.968800
364.812,11,-0.142261,1.760972,0.243729,-0.239661,0.567687,0.071604,0.784326,332.790700,74.304580,349.649800
364.923,11,-0.135672,1.761036,0.236731,-0.235772,0.578572,0.071549,0.777527,333.292900,75.787030,349.580500
365.034,11,-0.130144,1.761825,0.233633,-0.235820,0.579836,0.074894,0.776254,333.065900,75.955050,349.844200
365.145,11,-0.124607,1.763987,0.230767,-0.245965,0.582926,0.082487,0.769997,331.643800,76.903940,349.542400
365.257,11,-0.120188,1.764924,0.228787,-0.247977,0.586348,0.088192,0.766111,331.093800,77.504400,349.756800
365.368,11,-0.115769,1.766025,0.226235,-0.250224,0.592185,0.095030,0.760049,330.467600,78.503690,349.945500
365.479,11,-0.112787,1.766756,0.224563,-0.252262,0.594054,0.099111,0.757391,330.008200,78.887540,350.054500
365.590,11,-0.108941,1.767633,0.222770,-0.254038,0.593903,0.101655,0.756578,329.659000,78.945050,350.130500
365.701,11,-0.105748,1.767718,0.221754,-0.253860,0.594261,0.102709,0.756214,329.601100,78.983660,350.229000
365.812,11,-0.103356,1.767920,0.221487,-0.253107,0.593191,0.102768,0.757298,329.650300,78.765740,350.351900
365.923,11,-0.101561,1.767937,0.220397,-0.253038,0.593871,0.102104,0.756878,329.714400,78.877590,350.267100
366.034,11,-0.100949,1.768224,0.220246,-0.253589,0.592780,0.103064,0.757418,329.580000,78.724560,350.352300
366.145,11,-0.099260,1.768084,0.219459,-0.252775,0.591736,0.102889,0.758530,329.652600,78.509660,350.457600
366.257,11,-0.097287,1.767617,0.218489,-0.250198,0.593478,0.100880,0.758293,330.053800,78.660570,350.435100
366.368,11,-0.095695,1.767051,0.217400,-0.248084,0.595294,0.098902,0.757825,330.412000,78.850140,350.370400
366.479,11,-0.095593,1.766471,0.216671,-0.246084,0.595933,0.098355,0.758046,330.638900,78.844970,350.477500
366.590,11,-0.096687,1.765424,0.214684,-0.241989,0.598442,0.096901,0.757574,331.142800,79.033240,350.615300
366.701,11,-0.098841,1.764812,0.213016,-0.240836,0.599422,0.094596,0.757459,331.428700,79.145460,350.468800
366.812,11,-0.101311,1.764724,0.212306,-0.241188,0.598973,0.094227,0.757747,331.419200,79.095580,350.421000
366.923,11,-0.103487,1.764896,0.212494,-0.242357,0.598334,0.094012,0.757906,331.323200,79.058930,350.320300
367.034,11,-0.104949,1.765014,0.213629,-0.241568,0.596684,0.095580,0.759261,331.256500,78.738340,350.604100
367.145,11,-0.105795,1.765024,0.214410,-0.241871,0.595351,0.094359,0.760363,331.303300,78.551350,350.518100
367.256,11,-0.105929,1.764644,0.214348,-0.240289,0.596698,0.092396,0.760050,331.606200,78.696540,350.426300
367.367,11,-0.106739,1.764189,0.214434,-0.238527,0.597117,0.090865,0.760460,331.881600,78.680680,350.428200
367.478,11,-0.108302,1.764204,0.214273,-0.238662,0.597564,0.091710,0.759965,331.812700,78.752530,350.475900
367.589,11,-0.110552,1.764446,0.213797,-0.240419,0.598841,0.092202,0.758345,331.636100,79.048170,350.310400
367.701,11,-0.111918,1.765077,0.213035,-0.243931,0.599120,0.095204,0.756630,331.104800,79.263080,350.253100
367.812,11,-0.112304,1.765259,0.211906,-0.245804,0.600510,0.096402,0.754769,330.867500,79.583000,350.132400
367.923,11,-0.112200,1.765510,0.211053,-0.247458,0.600451,0.097113,0.754183,330.667300,79.662070,350.046400
368.034,11,-0.112022,1.765393,0.210329,-0.248498,0.600676,0.097394,0.753626,330.557300,79.755840,349.965600
368.146,11,-0.111152,1.765169,0.210052,-0.247057,0.601539,0.096263,0.753556,330.780600,79.821720,349.960200
368.256,11,-0.110635,1.764681,0.210720,-0.244512,0.601581,0.094454,0.754581,331.141200,79.697870,350.029400
368.368,11,-0.110968,1.764549,0.212384,-0.242670,0.600917,0.093698,0.755798,331.352000,79.493740,350.157400
368.479,11,-0.111755,1.764884,0.214181,-0.242119,0.598937,0.095124,0.757367,331.269300,79.133890,350.419600
368.590,11,-0.112760,1.764868,0.215568,-0.242413,0.597516,0.096697,0.758195,331.108700,78.909290,350.595900
368.701,11,-0.113044,1.765335,0.216424,-0.245378,0.595388,0.100436,0.758430,330.541000,78.700400,350.757900
368.811,11,-0.108696,1.766048,0.215533,-0.253974,0.591029,0.103989,0.758531,329.455000,78.454970,350.479100
368.923,11,-0.096334,1.766207,0.214056,-0.260260,0.587647,0.108345,0.758417,328.526200,78.237050,350.447200
369.034,11,-0.080100,1.766991,0.214327,-0.263885,0.580607,0.111090,0.762180,327.909600,77.281780,350.688100
369.145,11,-0.052781,1.770712,0.216134,-0.272166,0.566334,0.116301,0.769198,326.603500,75.404530,351.086700
369.256,11,-0.027509,1.773844,0.218374,-0.275503,0.558236,0.118991,0.773506,326.009400,74.258470,351.433100
369.367,11,0.005174,1.778204,0.221441,-0.281003,0.545242,0.126568,0.779570,324.820300,72.373860,352.329900
369.478,11,0.029785,1.780547,0.222827,-0.284572,0.534240,0.128831,0.785500,324.217100,70.768250,352.800700
369.589,11,0.057796,1.784943,0.222922,-0.288805,0.519126,0.131427,0.793616,323.497700,68.531140,353.482000
369.701,11,0.078191,1.792005,0.223051,-0.293057,0.505841,0.130552,0.800749,323.029300,66.663490,353.719500
369.812,11,0.094821,1.796874,0.225622,-0.290783,0.492347,0.131516,0.809780,323.098300,64.356030,354.738200
369.923,11,0.105864,1.796774,0.226807,-0.286137,0.483589,0.129134,0.817063,323.666800,62.775770,355.320300
370.034,11,0.107330,1.793415,0.227495,-0.278134,0.484255,0.123129,0.820352,324.859300,62.603710,355.275200
370.145,11,0.091365,1.789167,0.229042,-0.258906,0.495562,0.113959,0.821218,327.439900,63.598460,355.274200
370.256,11,0.063359,1.785270,0.232224,-0.246984,0.508176,0.116685,0.816787,328.529500,64.921670,355.938500
370.367,11,0.013532,1.780488,0.236207,-0.241071,0.525356,0.120284,0.807104,328.967600,67.220420,356.042800
370.478,11,-0.027841,1.777758,0.238052,-0.237739,0.543797,0.120868,0.795711,329.349600,69.908360,355.586000
370.589,11,-0.077953,1.772796,0.238806,-0.230439,0.562191,0.114678,0.785931,330.583100,72.517720,354.806900
370.700,11,-0.118000,1.767220,0.238079,-0.220662,0.573185,0.109171,0.781568,331.960800,73.848020,354.649000
370.811,11,-0.153272,1.762114,0.236856,-0.211883,0.582143,0.102625,0.778257,333.302300,74.919960,354.414500
370.923,11,-0.182871,1.759409,0.236416,-0.201630,0.582717,0.100176,0.780866,334.428300,74.598090,355.005100
371.033,11,-0.206127,1.759154,0.234526,-0.194129,0.578596,0.097941,0.786097,335.257300,73.688070,355.537600
371.145,11,-0.223545,1.757996,0.231031,-0.190756,0.576833,0.096353,0.788411,335.672700,73.306170,355.711600
371.256,11,-0.235048,1.756022,0.227832,-0.191738,0.576063,0.094693,0.788937,335.692300,73.241460,355.500800
371.366,12,-0.245924,1.755775,0.223568,-0.193301,0.580491,0.090947,0.785744,335.835500,74.010030,354.875300
371.478,12,-0.252283,1.754477,0.220981,-0.194016,0.586741,0.089097,0.781124,335.942400,75.009820,354.439400
371.589,12,-0.258663,1.752492,0.218480,-0.188634,0.593898,0.086176,0.777352,336.694700,75.921510,354.371200
371.700,12,-0.262850,1.750701,0.215783,-0.183785,0.600651,0.081718,0.773798,337.505600,76.806070,354.141000
371.811,12,-0.265640,1.748648,0.212766,-0.177795,0.607972,0.073711,0.770276,338.682700,77.759000,353.674800
371.922,12,-0.266798,1.746188,0.210077,-0.170697,0.617691,0.064164,0.764986,340.097000,79.047870,353.115600
372.033,12,-0.265590,1.743511,0.207245,-0.162208,0.630488,0.052017,0.757277,341.864500,80.775080,352.395700
372.144,12,-0.260554,1.737466,0.205005,-0.142522,0.643394,0.028090,0.751627,345.499300,82.195750,351.615600
372.254,12,-0.252930,1.728361,0.204797,-0.108203,0.658294,-0.007223,0.744909,351.275000,83.617260,351.082400
372.365,12,-0.238007,1.711513,0.206455,-0.043881,0.676538,-0.061241,0.732544,1.064254,85.367940,351.423900
372.475,12,-0.223048,1.696810,0.206893,0.002525,0.694986,-0.104063,0.711449,8.524797,88.031160,351.594600
372.586,12,-0.198610,1.679546,0.205676,0.050828,0.720260,-0.146676,0.676112,16.261490,92.550320,352.511100
372.697,12,-0.177971,1.668675,0.200265,0.075100,0.743027,-0.173666,0.641959,20.762770,97.092820,353.159600
372.808,12,-0.150667,1.664879,0.186256,0.079869,0.782634,-0.181183,0.590151,22.201750,104.882100,354.494100
372.919,12,-0.127890,1.667633,0.168818,0.064024,0.823790,-0.172010,0.536362,20.614630,112.983000,355.156100
373.030,12,-0.098657,1.673963,0.138423,0.042949,0.881363,-0.145923,0.447282,17.196100,125.687800,356.709600
373.142,12,-0.073314,1.682295,0.106161,0.021476,0.924718,-0.125970,0.358561,14.381370,137.234200,357.004600
373.253,12,-0.049223,1.685017,0.074370,0.001239,0.952098,-0.111247,0.284837,12.271400,146.304100,356.420000
373.365,12,-0.027690,1.685944,0.042606,-0.002187,0.968404,-0.104282,0.226525,11.594480,153.362700,356.987500
373.476,12,-0.018691,1.686474,0.014596,-0.008958,0.982559,-0.094929,0.159643,10.584600,161.284000,357.206100
373.587,12,-0.018696,1.688954,-0.014651,-0.018071,0.994372,-0.091551,0.050162,10.384840,173.985300,357.370700
373.698,12,-0.021312,1.690940,-0.028624,-0.030730,0.994721,-0.086878,-0.045140,10.114370,184.921900,356.896800
373.809,12,-0.019515,1.691642,-0.036920,-0.041963,0.980576,-0.079314,-0.174410,9.798520,199.898300,356.822000
373.920,12,-0.007316,1.689089,-0.037723,-0.048520,0.963953,-0.079100,-0.249365,10.177390,208.727200,356.849600
374.031,12,0.017417,1.686080,-0.033016,-0.057431,0.937005,-0.098092,-0.330306,12.812680,218.553700,357.482800
374.142,12,0.041582,1.684960,-0.029380,-0.067013,0.915009,-0.108175,-0.382840,14.434410,225.110600,357.644200
374.253,12,0.062562,1.681200,-0.025359,-0.068598,0.897621,-0.122128,-0.417920,16.056500,229.754900,358.743700
374.364,12,0.078383,1.676839,-0.018941,-0.078802,0.882212,-0.132676,-0.444847,17.710430,233.321400,358.736900
374.475,12,0.089074,1.673900,-0.011964,-0.083692,0.870972,-0.139848,-0.463515,18.735030,235.881000,359.023300
374.586,12,0.100572,1.670908,-0.002832,-0.087988,0.861512,-0.146564,-0.478094,19.673880,237.935000,359.302500
374.697,12,0.107489,1.670371,0.002775,-0.091773,0.858680,-0.144670,-0.483030,19.700820,238.529100,358.913800
374.808,12,0.113831,1.670378,0.006655,-0.093218,0.856664,-0.146169,-0.485873,19.939040,238.931800,358.922800
374.920,12,0.116988,1.669346,0.004928,-0.092372,0.857120,-0.146050,-0.485266,19.877820,238.856200,358.988500
375.030,12,0.115186,1.665445,-0.004030,-0.088679,0.858726,-0.151679,-0.481371,20.235340,238.478500,359.616900
375.141,12,0.103430,1.659080,-0.017673,-0.088893,0.861136,-0.156468,-0.475459,20.732820,237.760600,359.735900
375.252,12,0.077220,1.646236,-0.038158,-0.090505,0.861907,-0.169072,-0.469404,22.111770,237.179200,0.167782
375.363,12,0.039632,1.622404,-0.063156,-0.090011,0.866934,-0.168482,-0.460366,22.024440,235.927700,359.941800
375.474,12,0.001843,1.594118,-0.083971,-0.094395,0.870653,-0.178888,-0.448388,23.337670,234.446200,359.753600
375.586,12,-0.059076,1.561843,-0.113317,-0.095672,0.875154,-0.190382,-0.434404,24.604270,232.769100,359.870800
375.697,12,-0.111502,1.537815,-0.138944,-0.101583,0.876258,-0.195033,-0.428737,25.398000,231.989100,359.315600
375.808,12,-0.179502,1.508235,-0.174604,-0.106985,0.879898,-0.203858,-0.415664,26.595470,230.287400,358.795300
375.919,12,-0.227023,1.486173,-0.201169,-0.108498,0.882132,-0.209591,-0.407606,27.272450,229.278800,358.674600
376.030,12,-0.277758,1.460678,-0.231849,-0.107264,0.885307,-0.212000,-0.399728,27.459560,228.277100,358.680100
376.141,12,-0.312838,1.443056,-0.255303,-0.105888,0.888668,-0.211625,-0.392775,27.342570,227.344600,358.583600
376.253,12,-0.340730,1.429904,-0.275842,-0.104854,0.892477,-0.207944,-0.386329,26.884110,226.406200,358.298000
376.364,12,-0.363504,1.416803,-0.292531,-0.107421,0.892449,-0.209062,-0.385082,27.122020,226.202100,358.021700
376.476,12,-0.381863,1.406522,-0.306134,-0.105705,0.893326,-0.208555,-0.383797,26.984720,226.055300,358.149700
376.587,12,-0.404903,1.394922,-0.322356,-0.106593,0.894546,-0.208143,-0.380923,26.974570,225.635800,357.933800
376.698,12,-0.422401,1.386019,-0.333143,-0.108883,0.895610,-0.205773,-0.379059,26.816220,225.282500,357.493300
376.809,12,-0.442656,1.375345,-0.345144,-0.110901,0.894741,-0.206914,-0.379904,27.034810,225.373800,357.346300
376.921,12,-0.457202,1.367121,-0.355692,-0.110464,0.894075,-0.209789,-0.380021,27.328540,225.457900,357.543500
377.031,12,-0.469533,1.360373,-0.365908,-0.109607,0.894962,-0.210562,-0.377746,27.367570,225.184100,357.605000
377.143,12,-0.479607,1.354057,-0.373793,-0.111818,0.894491,-0.214388,-0.376059,27.881000,224.980900,357.484500
377.254,12,-0.486790,1.349692,-0.378839,-0.113520,0.893403,-0.215317,-0.377602,28.064210,225.170100,357.387000
377.365,12,-0.494572,1.344379,-0.384681,-0.113481,0.890627,-0.218240,-0.382462,28.394870,225.900000,357.706700
377.477,12,-0.499596,1.340254,-0.389265,-0.113800,0.890168,-0.220124,-0.382357,28.614760,225.919600,357.762700
377.588,12,-0.504969,1.334552,-0.393769,-0.115353,0.888239,-0.223797,-0.384240,29.092210,226.224800,357.839800
377.699,12,-0.509081,1.330676,-0.397015,-0.116033,0.886511,-0.226465,-0.386456,29.420220,226.577400,357.980800
377.809,12,-0.513665,1.326566,-0.400320,-0.116917,0.886018,-0.228157,-0.386324,29.645890,226.577400,357.962700
377.921,12,-0.516733,1.323957,-0.401105,-0.118746,0.884870,-0.230648,-0.386918,30.005090,226.673900,357.904400
378.032,12,-0.518300,1.323274,-0.400883,-0.119501,0.884384,-0.231260,-0.387431,30.108720,226.741200,357.868600
378.143,12,-0.519234,1.324176,-0.400533,-0.119456,0.884971,-0.229649,-0.387064,29.929910,226.651800,357.774600
378.253,12,-0.520137,1.324108,-0.401191,-0.119716,0.886043,-0.228176,-0.385399,29.776920,226.378000,357.605100
378.365,12,-0.520964,1.322456,-0.402039,-0.119658,0.886290,-0.228278,-0.384789,29.783610,226.297100,357.594600
378.476,12,-0.520664,1.320817,-0.403369,-0.121348,0.886758,-0.230045,-0.382119,30.048080,225.923600,357.390900
378.587,12,-0.521881,1.320457,-0.405153,-0.123531,0.888244,-0.228802,-0.378698,30.001710,225.362500,356.944700
378.698,12,-0.523831,1.318533,-0.406097,-0.122932,0.887509,-0.229436,-0.380230,30.048860,225.605500,357.104300
378.809,12,-0.526027,1.316085,-0.408239,-0.122240,0.886015,-0.233390,-0.381530,30.454210,225.897400,357.438800
378.921,12,-0.526804,1.315591,-0.409729,-0.123156,0.887489,-0.233354,-0.377813,30.481360,225.353700,357.188500
379.032,12,-0.528121,1.315500,-0.409022,-0.124242,0.887162,-0.233932,-0.377868,30.594920,225.345800,357.093000
379.143,12,-0.529415,1.315368,-0.407542,-0.124170,0.886364,-0.234219,-0.379582,30.628630,225.593800,357.181700
379.254,12,-0.530253,1.315508,-0.406967,-0.124316,0.885998,-0.233967,-0.380542,30.610820,225.718100,357.188300
379.365,12,-0.530215,1.316326,-0.406624,-0.124184,0.886173,-0.233750,-0.380311,30.580130,225.684100,357.183600
379.476,12,-0.529503,1.316476,-0.406927,-0.123950,0.886488,-0.233200,-0.379992,30.507940,225.632800,357.170300
379.587,12,-0.527854,1.316467,-0.407665,-0.123579,0.886921,-0.233473,-0.378933,30.517480,225.501400,357.187600
379.698,12,-0.524892,1.316813,-0.407811,-0.122952,0.888015,-0.233863,-0.376326,30.523250,225.163800,357.182200
379.809,12,-0.515522,1.320921,-0.402196,-0.122344,0.889740,-0.233036,-0.372947,30.393670,224.690900,357.083400
379.920,12,-0.500897,1.331577,-0.390147,-0.122243,0.892199,-0.227832,-0.370310,29.806970,224.213400,356.736800
380.031,12,-0.480033,1.348033,-0.370329,-0.117292,0.893169,-0.219834,-0.374386,28.719550,224.731800,357.064100
380.142,12,-0.450855,1.369285,-0.344511,-0.112149,0.896422,-0.210485,-0.373558,27.461660,224.553400,357.170000
380.253,12,-0.417868,1.395134,-0.314810,-0.109791,0.900243,-0.198247,-0.371760,26.012910,224.135900,356.793000
380.364,12,-0.366901,1.436203,-0.268185,-0.103949,0.904959,-0.182384,-0.370108,24.019270,223.777300,356.665100
380.476,12,-0.323687,1.471288,-0.224150,-0.100637,0.910621,-0.164482,-0.365498,21.908500,222.983800,356.103400
380.586,12,-0.266384,1.515795,-0.159351,-0.101761,0.913433,-0.153201,-0.363064,20.717980,222.515500,355.421600
380.697,12,-0.223549,1.548809,-0.106897,-0.099640,0.916562,-0.151621,-0.356366,20.423480,221.670200,355.435000
380.808,12,-0.173251,1.588219,-0.044757,-0.098946,0.919541,-0.160636,-0.344746,21.324230,220.277300,355.615600
380.919,12,-0.141551,1.611753,-0.005275,-0.104349,0.919371,-0.171077,-0.338528,22.657140,219.481700,355.273400
381.030,12,-0.110366,1.632565,0.031562,-0.107835,0.919469,-0.183655,-0.330483,24.142380,218.505100,355.165200
381.141,12,-0.092956,1.645310,0.053542,-0.107946,0.918011,-0.189264,-0.331336,24.773100,218.681700,355.403000
381.252,12,-0.081614,1.651830,0.066854,-0.103234,0.918183,-0.191280,-0.331201,24.812020,218.796100,356.028200
381.363,12,-0.075625,1.654679,0.074942,-0.102935,0.918014,-0.190262,-0.332347,24.692470,218.939300,356.053900
381.474,12,-0.071733,1.655987,0.078422,-0.101380,0.917850,-0.188398,-0.334335,24.433200,219.209100,356.213400
381.585,12,-0.070618,1.657488,0.080415,-0.100218,0.917739,-0.187526,-0.335479,24.295430,219.372400,356.343500
381.696,12,-0.070136,1.657627,0.080812,-0.099503,0.918342,-0.189292,-0.333040,24.453010,219.093000,356.430700
381.807,12,-0.070833,1.658042,0.080809,-0.099753,0.919411,-0.189379,-0.329954,24.460240,218.685200,356.318000
381.918,12,-0.072344,1.658031,0.081461,-0.102096,0.918784,-0.190338,-0.330431,24.659830,218.708300,356.099400
382.029,12,-0.074924,1.657267,0.080823,-0.106803,0.918099,-0.190801,-0.330579,24.895300,218.627900,355.576400
382.141,12,-0.078003,1.656212,0.079366,-0.108474,0.916440,-0.191768,-0.334059,25.084940,219.059000,355.523000
382.251,12,-0.080759,1.654203,0.077084,-0.109409,0.912747,-0.194537,-0.342166,25.467490,220.143100,355.769700
382.363,12,-0.085185,1.651230,0.075787,-0.106498,0.905610,-0.202231,-0.357255,26.255720,222.336000,356.906700
382.474,12,-0.092521,1.649236,0.078255,-0.106494,0.897740,-0.214041,-0.370012,27.588280,224.277900,357.878300
382.585,12,-0.108433,1.646517,0.077658,-0.104716,0.897517,-0.222255,-0.366198,28.401600,223.976900,358.358900
382.696,12,-0.131264,1.639667,0.073394,-0.108493,0.900605,-0.236316,-0.348275,30.081050,221.735700,357.959400
382.807,12,-0.178373,1.631930,0.064269,-0.104215,0.906773,-0.246144,-0.326059,30.954310,219.028200,358.096600
382.918,12,-0.228812,1.624881,0.053392,-0.093042,0.915206,-0.252214,-0.300217,31.166070,215.970000,358.736600
383.029,12,-0.309280,1.614442,0.029030,-0.081086,0.927235,-0.277482,-0.238044,33.585840,208.417400,358.743700
383.140,12,-0.372749,1.609150,0.005353,-0.067407,0.931600,-0.300355,-0.193302,35.851120,203.227800,359.330200
383.251,12,-0.433523,1.609690,-0.015086,-0.044311,0.932671,-0.329488,-0.139997,38.830240,197.321900,0.706044
383.362,12,-0.467402,1.610763,-0.020403,-0.042314,0.931070,-0.348857,-0.098067,41.141460,191.729100,359.210800
383.473,12,-0.488334,1.612335,-0.019155,-0.035762,0.933654,-0.350399,-0.065051,41.220210,187.363900,358.385500
383.584,12,-0.496346,1.613561,-0.016160,-0.035185,0.937258,-0.343755,-0.046283,40.363260,184.710100,357.432300
383.695,12,-0.495904,1.612057,-0.017130,-0.031773,0.939774,-0.338222,-0.037706,39.650290,183.676900,357.453200
383.806,12,-0.494624,1.603397,-0.028280,-0.028238,0.940045,-0.337690,-0.038505,39.573170,183.966700,357.986400
383.917,12,-0.495536,1.591021,-0.036179,-0.022351,0.940240,-0.337367,-0.040411,39.510380,184.528300,358.903400
384.028,12,-0.502151,1.578669,-0.047578,-0.015673,0.940029,-0.339882,-0.024091,39.773420,182.583100,359.024100
384.139,12,-0.512454,1.566294,-0.068763,-0.017024,0.941659,-0.336090,-0.005659,39.283400,179.941900,357.907800
384.250,12,-0.531915,1.540902,-0.113036,-0.025541,0.941319,-0.336366,0.011121,39.248650,177.178600,355.885400
384.362,12,-0.553627,1.517084,-0.166031,-0.027966,0.937483,-0.344867,0.037566,40.129070,173.260900,354.118700
384.473,12,-0.575642,1.493439,-0.224278,-0.021822,0.937334,-0.342714,0.058962,39.784520,170.601400,353.925300
384.584,12,-0.588401,1.467296,-0.273308,-0.014875,0.935765,-0.344165,0.075314,39.931790,168.628500,354.035600
384.696,12,-0.591947,1.442827,-0.308741,-0.013303,0.935076,-0.342010,0.092120,39.580330,166.388800,353.452000
384.807,12,-0.588963,1.411184,-0.346061,-0.009579,0.933387,-0.341559,0.109702,39.458000,164.114600,353.095100
384.918,12,-0.583520,1.386921,-0.371285,-0.006804,0.933312,-0.337455,0.122500,38.919970,162.554300,352.958500
385.029,12,-0.575996,1.359177,-0.401386,-0.004031,0.934491,-0.330533,0.132129,38.075200,161.513200,353.077500
385.141,12,-0.568250,1.338120,-0.426157,-0.004649,0.936410,-0.323165,0.136672,37.153990,161.039200,353.006500
385.252,12,-0.556261,1.320778,-0.448189,-0.004911,0.936773,-0.320050,0.141421,36.743960,160.453200,352.851000
385.363,12,-0.541012,1.305292,-0.467253,-0.004645,0.935572,-0.319734,0.149844,36.646540,159.319500,352.515400
385.474,12,-0.526176,1.293940,-0.482057,-0.004592,0.934316,-0.319621,0.157720,36.570030,158.246100,352.170900
385.586,12,-0.507243,1.281227,-0.497229,-0.000093,0.935074,-0.313797,0.164828,35.931400,157.619100,352.647800
385.697,12,-0.498183,1.270832,-0.507401,0.003589,0.935211,-0.310790,0.169639,35.628440,157.193300,353.023100
385.807,12,-0.498143,1.255064,-0.521831,0.004451,0.936076,-0.313344,0.159865,36.018810,158.494800,353.479200
385.919,12,-0.503707,1.243106,-0.533814,0.000762,0.937513,-0.314149,0.149600,36.104880,159.721100,353.421300
386.030,12,-0.511443,1.231300,-0.546331,-0.005814,0.937727,-0.316375,0.143321,36.276290,160.246100,352.760600
386.141,12,-0.515415,1.228860,-0.550458,-0.008422,0.936390,-0.320439,0.142902,36.705760,160.089900,352.304600
386.252,12,-0.513797,1.237875,-0.547617,-0.011530,0.937545,-0.315870,0.145271,36.081420,159.753400,351.934400
386.363,12,-0.503697,1.251834,-0.537436,-0.008340,0.938294,-0.309579,0.153932,35.336990,158.873000,352.182400
386.475,12,-0.488618,1.263974,-0.523530,-0.008392,0.939174,-0.302095,0.163157,34.381550,157.822100,352.036300
386.586,12,-0.461208,1.276412,-0.500013,-0.000234,0.939611,-0.293676,0.175744,33.490640,156.660900,352.859700
386.697,12,-0.433885,1.284774,-0.478248,0.006818,0.939686,-0.287052,0.185861,32.820680,155.732600,353.585200
386.808,12,-0.394979,1.293046,-0.447185,0.014297,0.937421,-0.283129,0.202178,32.452680,153.921200,354.035900
386.919,12,-0.364967,1.298649,-0.422606,0.017623,0.935714,-0.280063,0.213760,32.117090,152.570100,354.121100
387.030,12,-0.331749,1.307061,-0.390721,0.020203,0.935038,-0.273861,0.224268,31.413000,151.415200,354.280300
387.141,12,-0.310104,1.317733,-0.360167,0.017383,0.935856,-0.269843,0.225957,30.858770,151.200700,354.021600
387.252,12,-0.294059,1.339237,-0.322773,0.013787,0.940097,-0.260764,0.219157,29.757430,152.201500,354.157300
387.364,12,-0.284538,1.377123,-0.277966,0.011838,0.948924,-0.241305,0.202916,27.565630,154.661000,355.116700
387.475,12,-0.284675,1.419410,-0.233993,0.001266,0.957170,-0.226810,0.179948,25.762840,157.550800,354.954500
387.586,12,-0.295750,1.481595,-0.170091,-0.003702,0.966838,-0.205940,0.150993,23.397260,161.349600,355.666400
387.696,12,-0.310842,1.533450,-0.118366,0.007480,0.972055,-0.186258,0.142696,21.360900,162.849300,357.623700
387.807,12,-0.340400,1.588851,-0.050425,-0.009525,0.974424,-0.198349,0.105191,22.615710,166.928300,356.255100
387.918,12,-0.363545,1.620367,-0.000158,-0.016333,0.975717,-0.202690,0.081399,23.133690,169.634000,355.954800
388.029,12,-0.391607,1.645907,0.054606,-0.017469,0.976084,-0.210085,0.053095,24.095910,173.016400,356.457100
388.140,12,-0.409188,1.656246,0.091102,-0.026017,0.977060,-0.206082,0.046989,23.594700,173.575100,355.606100
388.251,12,-0.420800,1.661113,0.117563,-0.032642,0.977773,-0.202436,0.043746,23.142360,173.834200,354.912300
388.362,12,-0.427877,1.661313,0.136010,-0.033506,0.977305,-0.204828,0.042413,23.422960,173.955300,354.818600
388.473,12,-0.432691,1.661038,0.147744,-0.033770,0.976977,-0.207083,0.038635,23.704550,174.391900,354.862800
388.585,12,-0.435726,1.660053,0.154926,-0.037362,0.976277,-0.210314,0.035419,24.079420,174.665900,354.478200
388.696,12,-0.438129,1.658674,0.158496,-0.045572,0.975603,-0.212519,0.030957,24.320830,174.977700,353.568200
388.806,12,-0.440813,1.655424,0.161661,-0.051213,0.973347,-0.222249,0.024059,25.479370,175.578200,352.976000
388.918,12,-0.441699,1.654484,0.162689,-0.052384,0.972928,-0.223776,0.024330,25.650920,175.496200,352.810400
389.028,12,-0.442073,1.654325,0.163602,-0.055429,0.972738,-0.224057,0.022516,25.683650,175.631600,352.481100
389.140,12,-0.441554,1.653625,0.163874,-0.056069,0.972320,-0.225678,0.022802,25.868420,175.560500,352.379300
389.251,12,-0.440734,1.653298,0.163300,-0.057809,0.972011,-0.226631,0.022158,25.977230,175.580100,352.172800
389.362,12,-0.441096,1.652535,0.162473,-0.059917,0.971502,-0.228625,0.018019,26.235350,176.010400,352.011500
389.473,12,-0.441470,1.651412,0.161994,-0.061865,0.970810,-0.231304,0.014105,26.574360,176.409800,351.859400
389.584,12,-0.441815,1.650837,0.160613,-0.063484,0.970381,-0.232843,0.010675,26.778160,176.771400,351.745100
389.695,12,-0.441198,1.650698,0.158243,-0.061932,0.970304,-0.233624,0.009713,26.882910,176.928900,351.961600
389.806,12,-0.438798,1.651309,0.155702,-0.054319,0.971340,-0.230966,0.014266,26.560500,176.615500,352.799400
389.917,12,-0.435667,1.651622,0.154319,-0.046910,0.971317,-0.231957,0.023224,26.642880,175.709000,353.453600
390.028,12,-0.431347,1.651671,0.153371,-0.036937,0.971347,-0.232161,0.034956,26.643300,174.539300,354.350600
390.140,12,-0.428533,1.651965,0.152366,-0.032423,0.971509,-0.231094,0.041406,26.508790,173.877700,354.733600
390.251,12,-0.427048,1.652279,0.150726,-0.030970,0.971742,-0.230468,0.040541,26.448960,174.033600,354.945800
390.362,12,-0.427094,1.653123,0.149006,-0.031249,0.972418,-0.228264,0.036356,26.210100,174.565300,355.052800
390.473,12,-0.426620,1.652732,0.146521,-0.030346,0.972449,-0.228235,0.036490,26.211010,174.575000,355.161400
390.584,12,-0.426483,1.652737,0.144317,-0.028558,0.973060,-0.225760,0.037041,25.927920,174.577900,355.388800
390.695,12,-0.426904,1.652932,0.143619,-0.028101,0.973914,-0.222361,0.035456,25.539150,174.813800,355.518400
390.807,13,-0.426883,1.654006,0.143368,-0.026690,0.975839,-0.214408,0.032476,24.627810,175.278400,355.835400
390.918,13,-0.425909,1.654817,0.143153,-0.028207,0.976816,-0.209498,0.033848,24.039900,175.104000,355.648900
391.029,13,-0.424336,1.654239,0.143142,-0.027993,0.976880,-0.209029,0.035056,23.980780,174.964700,355.647200
391.140,13,-0.423329,1.653555,0.143049,-0.027779,0.976104,-0.212555,0.035623,24.391740,174.875300,355.631400
391.252,13,-0.421690,1.652566,0.143329,-0.026042,0.975342,-0.216343,0.035005,24.846790,174.970600,355.832500
391.363,13,-0.418337,1.652718,0.143503,-0.021785,0.975053,-0.217083,0.040879,24.932780,174.356300,356.191600
391.474,13,-0.414856,1.651898,0.143679,-0.019490,0.973787,-0.221110,0.049698,25.384500,173.299900,356.196200
391.585,13,-0.408773,1.650780,0.142835,-0.012750,0.971630,-0.226848,0.065677,26.049640,171.460200,356.517500
391.696,13,-0.401921,1.650880,0.141718,-0.006964,0.970042,-0.226322,0.088030,25.967200,168.844700,356.597600
391.807,13,-0.388996,1.651719,0.139446,0.004801,0.965317,-0.222536,0.136450,25.527620,163.168100,356.730700
391.918,13,-0.375058,1.653736,0.138749,0.018233,0.956160,-0.212587,0.200579,24.446860,155.617300,356.825500
392.028,13,-0.356595,1.652573,0.138421,0.046701,0.929847,-0.209942,0.298543,24.728120,143.867200,357.570400
392.140,13,-0.344475,1.643079,0.134946,0.080166,0.895171,-0.237895,0.368305,29.010080,134.734400,357.921900
392.250,13,-0.333234,1.625006,0.120591,0.128116,0.847655,-0.274149,0.435786,35.199840,125.100300,358.475200
392.361,13,-0.329622,1.616786,0.101474,0.160513,0.803391,-0.297633,0.490116,39.462320,116.327600,357.487900
392.472,13,-0.329283,1.640676,0.078322,0.131740,0.787540,-0.221261,0.559883,29.737150,108.474300,357.342500
392.582,13,-0.341167,1.681314,0.064060,0.047087,0.753887,-0.101716,0.647372,12.376270,98.307420,356.437200
392.695,13,-0.363040,1.694467,0.058857,0.034184,0.692640,-0.083419,0.715627,9.467300,87.782710,355.811700
392.806,13,-0.387413,1.688800,0.066467,0.069844,0.560443,-0.088830,0.820448,12.367170,68.244180,356.039000
392.918,13,-0.407880,1.685051,0.076175,0.087968,0.446817,-0.093118,0.885407,13.826810,52.936660,354.902000
393.029,13,-0.417687,1.687094,0.067141,0.087833,0.434544,-0.081843,0.892614,13.175280,51.440890,355.890700
393.140,13,-0.408385,1.692762,0.036524,0.069331,0.533622,-0.067922,0.840136,10.893530,64.620890,357.657700
393.251,13,-0.398275,1.698007,-0.019850,0.063979,0.721172,-0.042480,0.688486,8.590271,92.803660,1.958179
393.363,13,-0.400922,1.705488,-0.074190,0.041154,0.869852,-0.012360,0.491437,3.551913,121.175900,3.414650
393.474,13,-0.402897,1.707243,-0.105382,0.022374,0.924563,-0.008801,0.380271,1.907773,135.318500,1.988429
393.586,13,-0.392984,1.705021,-0.130801,0.010063,0.953604,-0.010039,0.300730,1.443980,145.003000,0.753965
393.697,13,-0.383771,1.704073,-0.149680,-0.002612,0.978519,-0.009596,0.205916,1.014418,156.228000,359.480600
393.809,13,-0.381668,1.704476,-0.169617,-0.023743,0.999501,-0.002789,-0.020647,0.375562,182.357900,357.286100
393.920,13,-0.378469,1.698192,-0.166233,-0.046728,0.964272,-0.021596,-0.259867,3.780565,210.015500,355.465200
394.031,13,-0.361050,1.691572,-0.147876,-0.066907,0.883887,-0.048413,-0.460351,8.463870,234.707000,355.726700
394.143,13,-0.333127,1.690435,-0.127002,-0.069067,0.804672,-0.050506,-0.587522,9.348489,252.023100,356.990400
394.253,13,-0.307258,1.689261,-0.102830,-0.065829,0.726799,-0.046902,-0.682078,9.089533,266.217500,358.159900
394.365,13,-0.282239,1.694014,-0.073327,-0.045478,0.628781,-0.021042,-0.775966,5.568805,281.894200,358.587400
394.475,13,-0.254325,1.700499,-0.043085,-0.020555,0.525244,0.012628,-0.850610,1.243651,296.583300,357.530600
394.587,13,-0.207107,1.712329,-0.006203,0.021326,0.361695,0.051321,-0.930639,355.594300,317.699900,355.392300
394.698,13,-0.178899,1.723027,0.004560,0.049934,0.316456,0.089354,-0.943069,351.330500,323.505200,352.038200
394.810,13,-0.154345,1.746215,-0.003794,0.142701,0.362314,0.157709,-0.907465,338.082400,318.678100,348.634400
394.922,13,-0.130236,1.761999,-0.019362,0.232797,0.440424,0.229665,-0.836114,323.730100,308.660800,347.172900
395.033,13,-0.115234,1.763926,-0.020605,0.247959,0.473909,0.259827,-0.804000,319.835300,304.047200,346.161700
395.144,13,-0.119402,1.761364,-0.027702,0.229003,0.562562,0.247696,-0.754804,321.362400,289.610800,351.439800
395.255,13,-0.131016,1.755632,-0.050328,0.197604,0.715687,0.218879,-0.633116,325.701000,262.871800,0.394924
395.367,13,-0.133662,1.750427,-0.078432,0.142105,0.871582,0.218363,-0.415293,330.087800,229.780800,4.389611
395.478,13,-0.128338,1.750919,-0.088881,0.081187,0.937388,0.247583,-0.231117,329.888200,207.027400,2.502197
395.589,13,-0.130204,1.753878,-0.094340,0.008699,0.959626,0.280148,0.023633,327.502400,176.585600,2.034133
395.700,13,-0.155517,1.760034,-0.093444,-0.042228,0.929021,0.321306,0.178602,322.259600,157.336000,2.631747
395.811,13,-0.197773,1.766987,-0.094221,-0.091245,0.881452,0.359839,0.291946,316.556500,141.799100,3.889632
395.922,13,-0.253463,1.772922,-0.097906,-0.157071,0.824884,0.393996,0.373715,309.878900,129.775800,3.160915
396.032,13,-0.302282,1.774816,-0.114572,-0.187918,0.803713,0.389673,0.408519,308.748000,125.396000,1.493557
396.142,13,-0.332964,1.773185,-0.130401,-0.209989,0.791785,0.354580,0.450838,311.336500,121.188900,358.888100
396.254,13,-0.348162,1.770949,-0.134599,-0.203196,0.787358,0.329669,0.479685,314.432600,117.425000,359.697100
396.365,13,-0.362796,1.768252,-0.132750,-0.181700,0.784556,0.299423,0.511666,319.022000,113.173300,1.616803
396.476,13,-0.375173,1.768830,-0.128409,-0.192003,0.773782,0.282374,0.533538,320.068400,110.712600,0.312150
396.587,13,-0.387902,1.766769,-0.120463,-0.201919,0.768202,0.275015,0.541720,320.111000,109.951000,359.084000
396.698,13,-0.392914,1.765867,-0.112733,-0.206134,0.765628,0.277427,0.542547,319.572500,109.759900,358.900300
396.809,13,-0.396352,1.767377,-0.102411,-0.213899,0.760423,0.284500,0.543197,318.313100,109.395000,358.754800
396.921,13,-0.397151,1.767609,-0.093838,-0.219463,0.757914,0.287343,0.542988,317.631700,109.382400,358.400600
397.031,13,-0.397324,1.767680,-0.086226,-0.223156,0.755516,0.289225,0.543826,317.176400,109.199800,358.232700
397.143,13,-0.397810,1.768304,-0.082699,-0.223583,0.752803,0.295560,0.544005,316.507600,108.767700,358.810900
397.254,13,-0.396913,1.769308,-0.082878,-0.227836,0.752221,0.303318,0.538751,315.426900,109.304000,358.717800
397.365,13,-0.389465,1.769847,-0.085386,-0.228601,0.752340,0.313596,0.532338,314.336500,109.783700,359.172600
397.476,13,-0.373065,1.771068,-0.089055,-0.232147,0.749571,0.321916,0.529738,313.234900,109.752300,359.418000
397.588,13,-0.338886,1.772626,-0.095420,-0.229408,0.749007,0.326462,0.528945,312.968100,109.478600,0.143270
397.698,13,-0.303930,1.774222,-0.103914,-0.230373,0.747662,0.335724,0.524614,311.949900,109.590600,0.665947
397.809,13,-0.250143,1.780449,-0.116924,-0.232948,0.748366,0.334680,0.523138,311.870600,110.032000,0.129323
397.921,13,-0.207903,1.792113,-0.125745,-0.239184,0.744287,0.346538,0.518400,310.196600,110.151300,0.288276
398.031,13,-0.178051,1.815062,-0.130181,-0.244788,0.745181,0.352085,0.510706,309.216400,111.374400,359.529000
398.142,13,-0.163182,1.844817,-0.129942,-0.251425,0.741056,0.370043,0.500690,306.849200,112.010400,359.800600
398.253,13,-0.156720,1.864078,-0.130586,-0.258355,0.737521,0.385727,0.490439,304.676500,112.897900,359.724700
398.365,13,-0.153619,1.868764,-0.131378,-0.262286,0.739280,0.390152,0.482133,303.924100,114.412100,358.809400
398.477,13,-0.156223,1.872281,-0.129678,-0.263047,0.737718,0.395863,0.479449,303.248000,114.440600,359.109800
398.587,13,-0.165659,1.864663,-0.127662,-0.260552,0.738765,0.392917,0.481618,303.744900,114.155900,359.329400
398.698,13,-0.182021,1.850804,-0.126193,-0.258247,0.741675,0.384027,0.485541,304.872600,114.108900,358.982900
398.809,13,-0.219722,1.829386,-0.123115,-0.258326,0.738187,0.380965,0.493167,305.190300,112.797900,359.440600
398.921,13,-0.261102,1.806147,-0.122050,-0.258116,0.734739,0.366088,0.509427,306.780100,110.831800,359.396600
399.031,13,-0.307312,1.790305,-0.121128,-0.258385,0.730200,0.353073,0.524772,308.111400,108.899000,359.370600
399.143,13,-0.350724,1.788011,-0.119620,-0.263621,0.726500,0.340161,0.535716,309.040000,107.996100,358.309400
399.254,13,-0.379500,1.790141,-0.114144,-0.270652,0.732454,0.320228,0.536389,310.584000,109.716900,355.331700
399.365,13,-0.405275,1.790907,-0.099206,-0.267368,0.740645,0.294683,0.541408,313.446200,110.433400,353.574200
399.477,13,-0.419675,1.789178,-0.083270,-0.265536,0.743088,0.284599,0.544347,314.597900,110.455500,353.063700
399.587,13,-0.431268,1.787893,-0.059842,-0.267853,0.753157,0.281933,0.530588,314.852900,113.212100,351.496600
399.698,13,-0.435734,1.786945,-0.039674,-0.267207,0.763986,0.277401,0.517663,315.532300,115.759700,350.231400
399.809,13,-0.439912,1.787237,-0.014750,-0.262800,0.775310,0.274078,0.504690,316.349700,118.057900,349.581000
399.921,13,-0.443999,1.786184,0.004344,-0.257452,0.784381,0.270379,0.495339,317.217900,119.648900,349.319600
400.032,13,-0.450553,1.784956,0.017155,-0.258019,0.791263,0.266661,0.486025,317.716100,121.390000,348.372100
400.143,13,-0.456788,1.785608,0.027108,-0.260676,0.794760,0.269006,0.477536,317.425000,122.826100,347.655600
400.254,13,-0.460876,1.785878,0.032871,-0.259010,0.795611,0.267138,0.478075,317.722100,122.741000,347.771400
400.365,13,-0.466803,1.784563,0.036014,-0.257686,0.799408,0.260896,0.475897,318.517700,123.263900,347.380400
400.476,13,-0.470970,1.783646,0.037846,-0.257491,0.801456,0.256725,0.474825,319.001900,123.563900,347.065600
400.587,13,-0.473034,1.782538,0.041105,-0.250925,0.804555,0.252602,0.475312,319.834400,123.388700,347.635400
400.698,13,-0.471067,1.781843,0.044464,-0.244159,0.806416,0.249272,0.477434,320.567200,122.927300,348.365300
400.809,13,-0.467045,1.780622,0.047969,-0.235465,0.807818,0.243305,0.482483,321.661400,122.032600,349.298900
400.921,13,-0.463824,1.780740,0.048710,-0.234032,0.809448,0.244319,0.479928,321.671900,122.366600,349.395800
401.031,13,-0.460908,1.780177,0.047761,-0.231550,0.811173,0.240884,0.479956,322.188600,122.392600,349.466400
401.143,13,-0.458775,1.779419,0.046119,-0.228759,0.813299,0.237686,0.479291,322.706100,122.511000,349.552600
401.253,13,-0.456845,1.778719,0.044617,-0.227448,0.815590,0.234601,0.477538,323.136800,122.837200,349.416500
401.365,14,-0.454450,1.777958,0.043690,-0.224966,0.816933,0.230302,0.478510,323.730800,122.734800,349.483000
401.477,14,-0.452480,1.777099,0.042867,-0.221720,0.818599,0.225187,0.479611,324.454100,122.613200,349.591700
401.587,14,-0.449599,1.775921,0.041359,-0.218573,0.821758,0.218082,0.478936,325.404000,122.816500,349.477300
401.699,14,-0.445521,1.774767,0.040261,-0.214798,0.824510,0.208088,0.480358,326.667200,122.744300,349.357900
401.810,14,-0.439201,1.772563,0.040290,-0.206703,0.826671,0.193209,0.486374,328.633500,121.980000,349.622500
401.921,14,-0.430065,1.768631,0.039072,-0.191322,0.830806,0.169239,0.494486,331.938400,120.938900,350.178300
402.032,14,-0.410233,1.752690,0.036123,-0.132520,0.843260,0.089863,0.513105,343.288700,118.519700,352.121800
402.141,14,-0.383855,1.724280,0.033445,-0.040533,0.848059,-0.032429,0.527354,0.701987,116.214100,354.090400
402.250,14,-0.359405,1.691516,0.032312,0.047198,0.829983,-0.149258,0.535372,17.355470,113.605000,355.103500
402.353,14,-0.335406,1.661059,0.025982,0.096423,0.805306,-0.230232,0.537753,28.327930,111.012500,353.980100
402.462,14,-0.316975,1.628204,0.016509,0.144650,0.780187,-0.306777,0.525617,39.105270,109.515600,352.835000
402.566,14,-0.301818,1.610175,0.004563,0.160542,0.768875,-0.338678,0.518029,43.403610,108.779100,351.768700
402.674,14,-0.290012,1.602579,-0.012201,0.166228,0.768460,-0.359119,0.502864,45.981610,109.882200,351.251100
402.776,14,-0.286423,1.607077,-0.028262,0.154322,0.784201,-0.349247,0.489122,44.324740,112.830100,351.996200
402.885,14,-0.289699,1.623249,-0.060609,0.125187,0.831478,-0.311061,0.442961,38.916430,122.151500,355.030900
402.986,14,-0.304268,1.647106,-0.094524,0.094448,0.897486,-0.236424,0.360141,29.498760,136.257800,359.950000
403.097,14,-0.328068,1.674200,-0.126805,0.061655,0.954502,-0.143475,0.254046,17.771510,150.613500,2.696580
403.205,14,-0.363445,1.701642,-0.157489,0.025552,0.991447,-0.046710,0.119154,5.664967,166.406600,2.276988
403.317,14,-0.388303,1.710428,-0.175121,0.009406,0.999560,-0.009322,0.026550,1.096487,176.967000,1.049268
403.429,14,-0.413092,1.712445,-0.194135,-0.003582,0.996457,0.002901,-0.083979,359.703300,189.635900,359.563000
403.541,14,-0.425474,1.708895,-0.209322,-0.020147,0.986657,-0.014986,-0.160865,2.066142,198.484000,357.996700
403.652,14,-0.425253,1.693693,-0.225619,-0.036094,0.972092,-0.074586,-0.219481,9.256353,205.270100,357.826500
403.763,14,-0.411908,1.678421,-0.242201,-0.055309,0.955712,-0.134788,-0.255711,16.614050,209.637200,357.800000
403.874,14,-0.388638,1.667780,-0.254828,-0.071900,0.939802,-0.169767,-0.287718,21.128930,213.614400,357.698800
403.984,14,-0.358095,1.660001,-0.263426,-0.086427,0.923885,-0.200279,-0.314412,25.113720,217.112500,357.863400
404.095,14,-0.331114,1.655461,-0.267095,-0.096193,0.911574,-0.217341,-0.335474,27.437830,219.943000,358.091900
404.206,14,-0.300234,1.650524,-0.266667,-0.100375,0.902301,-0.227067,-0.352448,28.719280,222.319600,358.622700
404.318,14,-0.279417,1.647115,-0.261442,-0.101530,0.897186,-0.232749,-0.361355,29.407360,223.634600,359.081000
404.428,14,-0.258806,1.643811,-0.255839,-0.103507,0.891700,-0.234298,-0.373178,29.676350,225.248900,359.358700
404.539,14,-0.248295,1.638789,-0.257121,-0.103755,0.887122,-0.241227,-0.379552,30.447960,226.309400,359.935500
404.650,14,-0.243246,1.631448,-0.263585,-0.101352,0.882744,-0.253560,-0.382358,31.679260,227.125200,1.007603
404.761,14,-0.249206,1.622319,-0.278176,-0.101270,0.882206,-0.266435,-0.374793,33.093860,226.462500,1.438631
404.873,14,-0.269465,1.606644,-0.300158,-0.111489,0.878172,-0.279932,-0.371515,35.064370,226.131500,0.852935
404.984,14,-0.304203,1.576759,-0.333739,-0.116927,0.874220,-0.281246,-0.378112,35.462060,226.963700,0.580013
405.095,14,-0.336311,1.528483,-0.368835,-0.120667,0.871235,-0.300155,-0.369183,37.742020,226.210800,0.823497
405.206,14,-0.383054,1.453243,-0.412689,-0.117604,0.863438,-0.319482,-0.372259,39.736900,227.581900,2.591700
405.317,14,-0.413711,1.392467,-0.445079,-0.118009,0.866997,-0.322856,-0.360769,40.163990,225.962400,2.124230
405.428,14,-0.444871,1.318480,-0.478908,-0.126275,0.870017,-0.325331,-0.348259,40.846960,223.825400,0.520824
405.540,14,-0.466403,1.272239,-0.501841,-0.119688,0.873039,-0.320321,-0.347668,39.980610,223.801600,1.027974
405.651,14,-0.486496,1.235263,-0.523398,-0.119868,0.873169,-0.322074,-0.345653,40.189280,223.558800,0.999212
405.762,14,-0.498049,1.231090,-0.533015,-0.126961,0.871383,-0.327777,-0.342248,41.158480,222.974800,0.235842
405.873,14,-0.504079,1.238641,-0.534196,-0.124944,0.872248,-0.324444,-0.343960,40.688190,223.188800,0.395028
405.984,14,-0.503477,1.248747,-0.528069,-0.123934,0.874023,-0.319092,-0.344825,40.035190,223.154200,0.255829
406.096,14,-0.497291,1.258608,-0.517155,-0.126088,0.874217,-0.316625,-0.345826,39.852030,223.126400,359.891000
406.207,14,-0.483276,1.271469,-0.499125,-0.128072,0.877752,-0.309213,-0.342837,39.097360,222.333900,359.054100
406.318,14,-0.469689,1.281071,-0.482667,-0.129147,0.879625,-0.302741,-0.343407,38.410980,222.160400,358.590400
406.429,14,-0.451375,1.296248,-0.459859,-0.130551,0.881148,-0.295204,-0.345529,37.622370,222.181300,358.114000
406.540,14,-0.434505,1.313560,-0.440916,-0.131292,0.883168,-0.287823,-0.346317,36.821870,222.047500,357.669600
406.651,14,-0.418606,1.329693,-0.423558,-0.131478,0.885541,-0.280440,-0.346242,35.995990,221.820500,357.261200
406.762,14,-0.403514,1.343105,-0.408550,-0.130075,0.886430,-0.274224,-0.349462,35.244990,222.163900,357.266900
406.874,14,-0.387662,1.356894,-0.393859,-0.131225,0.887611,-0.272580,-0.347315,35.102540,221.773300,356.944300
406.985,14,-0.372928,1.370965,-0.379368,-0.129185,0.889409,-0.266463,-0.348224,34.330050,221.814600,356.930500
407.096,14,-0.360320,1.381280,-0.367349,-0.126633,0.889245,-0.263816,-0.351580,33.934030,222.307600,357.256700
407.207,14,-0.345001,1.394852,-0.355424,-0.124339,0.890261,-0.260596,-0.352228,33.476060,222.390600,357.401900
407.319,14,-0.336352,1.404073,-0.349769,-0.125219,0.891244,-0.258570,-0.350921,33.283540,222.128100,357.139000
407.429,14,-0.329461,1.415243,-0.343799,-0.128582,0.889909,-0.261678,-0.350788,33.776170,222.079200,356.878300
407.541,14,-0.325977,1.428496,-0.337440,-0.135138,0.887588,-0.262585,-0.353517,34.172180,222.278000,356.241300
407.651,14,-0.324298,1.438772,-0.332912,-0.133059,0.888430,-0.259162,-0.354715,33.703220,222.432100,356.377000
407.763,14,-0.322929,1.441524,-0.331040,-0.132591,0.888769,-0.258901,-0.354232,33.651660,222.372100,356.400400
407.874,14,-0.323215,1.440193,-0.331677,-0.132020,0.888710,-0.260304,-0.353564,33.781250,222.329400,356.510700
407.986,14,-0.323191,1.439001,-0.332848,-0.133598,0.887951,-0.264158,-0.352015,34.275750,222.152800,356.441900
408.096,14,-0.322750,1.440573,-0.333294,-0.133562,0.887671,-0.266155,-0.351230,34.495270,222.091600,356.511100
408.207,14,-0.322562,1.442638,-0.332544,-0.134464,0.886839,-0.267291,-0.352125,34.665480,222.218200,356.497000
408.319,14,-0.323175,1.444371,-0.331866,-0.135025,0.886053,-0.267269,-0.353900,34.694490,222.453000,356.506200
408.430,14,-0.323937,1.445156,-0.331813,-0.137968,0.884754,-0.266701,-0.356435,34.769890,222.704600,356.229900
408.541,14,-0.323899,1.444700,-0.332639,-0.138220,0.884111,-0.267143,-0.357601,34.835520,222.874900,356.273800
408.652,14,-0.322825,1.446590,-0.333283,-0.138142,0.884129,-0.266276,-0.358232,34.737530,222.945900,356.267700
408.763,14,-0.321835,1.448658,-0.332819,-0.137562,0.883736,-0.265298,-0.360145,34.610280,223.214400,356.374500
408.874,14,-0.320658,1.449751,-0.332901,-0.138263,0.883745,-0.264957,-0.360105,34.603020,223.177000,356.269600
408.986,14,-0.318668,1.450704,-0.332932,-0.138814,0.883569,-0.265962,-0.359584,34.737840,223.109900,356.230000
409.097,14,-0.317017,1.452226,-0.332598,-0.137862,0.883272,-0.266473,-0.360301,34.755820,223.257200,356.404900
409.207,14,-0.315489,1.455790,-0.331767,-0.136477,0.883824,-0.263406,-0.361728,34.356750,223.427900,356.480400
409.319,14,-0.315764,1.462024,-0.333621,-0.129463,0.887424,-0.254454,-0.361898,33.046700,223.446600,356.881300
409.430,14,-0.319738,1.475957,-0.338348,-0.100550,0.898945,-0.229773,-0.359154,29.034310,223.289300,358.969200
409.541,14,-0.323648,1.482944,-0.339890,-0.096259,0.903593,-0.217685,-0.356183,27.514250,222.728500,358.779800
409.652,14,-0.327878,1.484290,-0.340105,-0.091289,0.904639,-0.211274,-0.358690,26.598960,223.050800,359.128300
409.764,14,-0.331122,1.481727,-0.341791,-0.092876,0.906349,-0.211202,-0.353978,26.653760,222.380500,358.792400
409.876,14,-0.333046,1.478366,-0.343133,-0.096345,0.905389,-0.215695,-0.352796,27.293980,222.229300,358.564200
409.986,14,-0.333747,1.474537,-0.345624,-0.100901,0.903223,-0.223168,-0.352426,28.311230,222.220200,358.374500
410.097,14,-0.333338,1.471554,-0.348313,-0.101858,0.901285,-0.232782,-0.350890,29.412090,222.194600,358.668400
410.208,14,-0.328092,1.472896,-0.347354,-0.107774,0.896776,-0.248546,-0.349861,31.412230,222.258600,358.698400
410.320,14,-0.316611,1.484290,-0.338187,-0.109134,0.895588,-0.252651,-0.349541,31.926870,222.276500,358.727100
410.430,14,-0.295430,1.508149,-0.318160,-0.117828,0.893116,-0.255374,-0.351064,32.607890,222.297100,357.879900
410.542,14,-0.273507,1.534323,-0.296104,-0.125269,0.891166,-0.262981,-0.347809,33.769930,221.795600,357.218700
410.652,14,-0.251473,1.563352,-0.274016,-0.127445,0.892919,-0.251951,-0.350678,32.637860,221.868500,356.535400
410.763,14,-0.226340,1.580821,-0.251174,-0.143910,0.880146,-0.286994,-0.349669,37.288960,222.054500,356.207900
410.874,14,-0.209898,1.594462,-0.236726,-0.145512,0.879257,-0.282137,-0.355152,36.834060,222.665700,356.025100
410.985,14,-0.194841,1.604244,-0.228375,-0.146002,0.873006,-0.280527,-0.371279,36.742360,224.971200,356.665200
411.096,14,-0.179431,1.611248,-0.228220,-0.138564,0.870089,-0.273568,-0.385883,35.661550,227.153700,357.884200
411.207,14,-0.160380,1.615007,-0.232656,-0.126284,0.870337,-0.274776,-0.388669,35.201980,227.990000,359.563500
411.319,14,-0.152738,1.617074,-0.239985,-0.115905,0.876898,-0.270609,-0.379982,34.241090,226.907400,0.164879
411.429,14,-0.152971,1.614554,-0.246620,-0.112107,0.881483,-0.277989,-0.364886,34.882670,225.088500,0.365170
411.541,14,-0.164295,1.613385,-0.250476,-0.111909,0.883095,-0.278528,-0.360613,34.934880,224.496400,0.225623
411.651,14,-0.182189,1.609251,-0.257808,-0.112899,0.884396,-0.280347,-0.355673,35.182700,223.810500,359.980900
411.763,14,-0.206707,1.601404,-0.270642,-0.110025,0.884931,-0.283803,-0.352488,35.440470,223.557200,0.375903
411.874,14,-0.228290,1.593828,-0.281238,-0.110592,0.885356,-0.292365,-0.344147,36.428180,222.610000,0.384997
411.985,14,-0.252058,1.589383,-0.289656,-0.114154,0.885684,-0.299729,-0.335702,37.414270,221.492900,359.930000
412.097,14,-0.264839,1.585488,-0.291764,-0.119244,0.883245,-0.304647,-0.335931,38.190000,221.496900,359.565400
412.208,14,-0.277905,1.583280,-0.297179,-0.119513,0.884152,-0.309937,-0.328530,38.798890,220.568700,359.434800
412.319,14,-0.287081,1.580309,-0.302381,-0.122402,0.884886,-0.313817,-0.321734,39.356720,219.571900,358.911200
412.429,14,-0.297515,1.574983,-0.309266,-0.122504,0.883675,-0.322401,-0.316495,40.341250,219.067500,359.065500
412.540,14,-0.306140,1.569559,-0.315643,-0.125319,0.884004,-0.327481,-0.309174,41.031920,218.011800,358.551600
412.651,14,-0.314348,1.563760,-0.320655,-0.128125,0.883227,-0.333651,-0.303597,41.849390,217.241200,358.174000
412.763,14,-0.322943,1.558828,-0.324852,-0.131578,0.881529,-0.336992,-0.303365,42.374100,217.152800,357.865400
412.873,14,-0.331060,1.553701,-0.329490,-0.135362,0.879768,-0.339538,-0.303974,42.821920,217.148600,357.518800
412.984,14,-0.339805,1.545528,-0.336330,-0.137299,0.878332,-0.343595,-0.302695,43.369510,216.990100,357.384000
413.096,14,-0.350797,1.534446,-0.347017,-0.135705,0.877929,-0.345201,-0.302758,43.495240,217.131900,357.688800
413.207,14,-0.372208,1.500917,-0.371388,-0.132910,0.877247,-0.352605,-0.297392,44.242490,216.690900,358.122900
413.318,14,-0.393969,1.463662,-0.395601,-0.133849,0.875711,-0.361254,-0.291050,45.285550,215.949100,358.033800
413.429,14,-0.422955,1.414190,-0.426217,-0.132893,0.876045,-0.365422,-0.285221,45.730140,215.223800,357.997700
413.540,14,-0.445214,1.377148,-0.448659,-0.131594,0.876649,-0.366878,-0.282082,45.847320,214.847400,358.046600
413.651,14,-0.462260,1.349905,-0.466478,-0.132448,0.876918,-0.366241,-0.281672,45.802510,214.712700,357.864900
413.763,14,-0.474572,1.334549,-0.480327,-0.133739,0.877935,-0.366917,-0.276976,45.917940,213.917400,357.398800
413.874,14,-0.481865,1.329234,-0.487938,-0.134964,0.877792,-0.367773,-0.275698,46.060660,213.673500,357.178800
413.985,14,-0.487538,1.328064,-0.493495,-0.134381,0.878257,-0.367779,-0.274491,46.036440,213.514500,357.181300
414.096,14,-0.491148,1.327752,-0.496353,-0.132725,0.879771,-0.365285,-0.273778,45.676640,213.413200,357.250100
414.208,14,-0.494417,1.327948,-0.497924,-0.133496,0.881345,-0.363001,-0.271366,45.423330,212.917600,356.871800
414.319,14,-0.495057,1.331719,-0.496330,-0.135009,0.882335,-0.361864,-0.268911,45.331030,212.413300,356.442000
414.429,14,-0.490950,1.348125,-0.490298,-0.131693,0.884202,-0.357701,-0.269990,44.722210,212.640900,356.794200
414.541,14,-0.476437,1.373880,-0.478419,-0.124877,0.887478,-0.345584,-0.278137,43.067740,213.891600,357.692700
414.652,14,-0.451606,1.411803,-0.463347,-0.117023,0.891602,-0.330243,-0.286866,40.997770,215.125100,358.541800
414.763,14,-0.413782,1.455664,-0.438356,-0.110399,0.895534,-0.309734,-0.299827,38.386010,216.716100,359.122900
414.874,14,-0.369726,1.497434,-0.408436,-0.107831,0.898414,-0.282023,-0.318886,35.135950,218.775900,359.027100
414.986,14,-0.298445,1.546350,-0.363718,-0.115904,0.889127,-0.261201,-0.357483,33.185340,223.411300,358.674700
415.096,14,-0.238435,1.576381,-0.328980,-0.127492,0.881728,-0.251480,-0.378232,32.678010,225.745000,357.644800
415.208,14,-0.172262,1.605088,-0.291947,-0.142170,0.869916,-0.239339,-0.407125,32.152320,229.135400,356.446900
415.319,14,-0.132424,1.619904,-0.271868,-0.144583,0.864217,-0.231774,-0.422500,31.518870,231.080100,356.364600
415.429,14,-0.095438,1.629879,-0.255883,-0.140338,0.861149,-0.224947,-0.433735,30.608170,232.617100,356.898300
415.541,14,-0.073417,1.633045,-0.248093,-0.139480,0.859747,-0.223268,-0.437643,30.397260,233.153600,357.048600
415.652,14,-0.059326,1.635180,-0.244088,-0.137482,0.863016,-0.215834,-0.435567,29.491890,232.706000,356.754500
415.763,14,-0.051068,1.636137,-0.241339,-0.136013,0.863727,-0.212275,-0.436366,29.038500,232.762900,356.741400
415.874,15,-0.047418,1.636648,-0.239632,-0.132455,0.865273,-0.205984,-0.437411,28.186290,232.834200,356.811900
415.986,15,-0.046020,1.637971,-0.238511,-0.128109,0.866575,-0.195404,-0.440968,26.849540,233.177300,356.806800
416.097,15,-0.045171,1.638399,-0.238332,-0.117452,0.868230,-0.188528,-0.443665,25.568500,233.605400,357.670700
416.208,15,-0.043378,1.639205,-0.238031,-0.106517,0.870577,-0.182002,-0.444552,24.305190,233.781200,358.513400
416.320,15,-0.041275,1.640369,-0.237773,-0.098197,0.872260,-0.180908,-0.443614,23.748350,233.771800,359.323900
416.431,15,-0.036612,1.644096,-0.235889,-0.088538,0.874831,-0.184329,-0.439152,23.595440,233.403200,0.436697
416.542,15,-0.035141,1.647852,-0.234826,-0.079358,0.877392,-0.183345,-0.436199,23.014460,233.131200,1.288270
416.653,15,-0.035760,1.649503,-0.235103,-0.072081,0.879074,-0.186808,-0.432592,23.004240,232.845600,2.172474
416.764,15,-0.036848,1.649498,-0.236594,-0.065384,0.879368,-0.194510,-0.429655,23.470480,232.757000,3.259249
416.875,15,-0.036696,1.647340,-0.238813,-0.068399,0.880035,-0.204444,-0.423159,24.690840,232.087600,3.321225
416.986,15,-0.037340,1.643621,-0.245005,-0.072310,0.884191,-0.211008,-0.410431,25.626290,230.456000,2.882220
417.098,15,-0.038376,1.638045,-0.250857,-0.069221,0.889350,-0.214934,-0.397577,25.934640,228.874800,3.045711
417.208,15,-0.044787,1.626718,-0.255997,-0.075148,0.888405,-0.221213,-0.395165,26.900630,228.594300,2.654860
417.320,15,-0.051043,1.622708,-0.259232,-0.083987,0.886863,-0.227520,-0.393263,28.009380,228.313500,1.945994
417.430,15,-0.059085,1.615775,-0.262577,-0.097429,0.874710,-0.256270,-0.399644,31.748870,229.769300,2.317692
417.541,15,-0.062940,1.613440,-0.262667,-0.109996,0.872485,-0.271183,-0.391319,34.006890,228.742600,1.403128
417.652,15,-0.067912,1.610768,-0.264204,-0.116745,0.872993,-0.274550,-0.385846,34.711980,227.863900,0.559845
417.763,15,-0.075159,1.605794,-0.265902,-0.120036,0.864970,-0.293768,-0.388740,36.979310,228.898400,1.488010
417.875,15,-0.082745,1.611597,-0.265622,-0.124134,0.865077,-0.289688,-0.390275,36.733670,228.833800,0.811130
417.985,15,-0.085625,1.610399,-0.262471,-0.131137,0.863283,-0.299986,-0.384129,38.220660,228.076900,0.295387
418.096,15,-0.089170,1.612728,-0.264382,-0.129631,0.869394,-0.281718,-0.384687,36.127430,227.536300,359.386100
418.208,15,-0.091728,1.607330,-0.269064,-0.127038,0.863994,-0.287007,-0.393705,36.582130,229.148200,0.461822
418.319,15,-0.092860,1.611704,-0.273247,-0.121746,0.871525,-0.272823,-0.388832,34.765650,228.087200,-0.003094
418.430,15,-0.092570,1.618143,-0.270451,-0.100156,0.878440,-0.241603,-0.399925,30.303240,229.267000,1.147095
418.541,15,-0.089822,1.625073,-0.264087,-0.090181,0.883974,-0.218491,-0.403385,27.324930,229.321400,1.085941
418.652,15,-0.088241,1.630167,-0.259031,-0.078716,0.885299,-0.212361,-0.406143,26.100440,229.777900,2.113801
418.764,15,-0.087136,1.633056,-0.255672,-0.077135,0.883836,-0.212641,-0.409472,26.043260,230.273100,2.410683
418.875,15,-0.085402,1.632986,-0.254764,-0.077896,0.883729,-0.219999,-0.405655,26.874440,229.939400,2.622265
418.986,15,-0.082047,1.631959,-0.254799,-0.079131,0.884215,-0.230379,-0.398533,28.065530,229.233500,2.838017
419.097,15,-0.080006,1.627388,-0.256495,-0.103184,0.883941,-0.245277,-0.384500,30.861810,227.130800,0.413938
419.208,15,-0.083457,1.618203,-0.261461,-0.102317,0.885142,-0.244696,-0.382334,30.758490,226.833200,0.398778
419.319,15,-0.086892,1.610450,-0.264176,-0.103452,0.883866,-0.244506,-0.385092,30.790360,227.184400,0.362777
419.430,15,-0.090499,1.605719,-0.263232,-0.117268,0.877911,-0.259188,-0.385153,33.053350,227.248900,359.572900
419.541,15,-0.093444,1.601029,-0.265236,-0.129005,0.870220,-0.283951,-0.381374,36.341610,227.145400,359.435100
419.652,15,-0.099404,1.603369,-0.269969,-0.126773,0.866698,-0.286643,-0.388070,36.531150,228.305700,0.194449
419.763,15,-0.102612,1.608049,-0.273601,-0.129217,0.871679,-0.282806,-0.378813,36.223030,226.721600,359.218000
419.874,15,-0.105579,1.611067,-0.275685,-0.127646,0.873830,-0.282454,-0.374629,36.105430,226.146900,359.187900
419.985,15,-0.113678,1.615843,-0.278640,-0.118452,0.882514,-0.270652,-0.365903,34.360130,224.803000,359.236100
420.096,15,-0.123040,1.616333,-0.281120,-0.117998,0.887624,-0.276195,-0.349166,34.939850,222.581400,358.839800
420.208,15,-0.136544,1.622020,-0.290311,-0.103150,0.912769,-0.264195,-0.293963,32.884180,215.038800,357.749500
420.319,15,-0.143076,1.626821,-0.298940,-0.081719,0.942606,-0.251844,-0.203448,30.532740,203.421900,356.566700
420.430,15,-0.142121,1.640670,-0.303711,-0.047419,0.972551,-0.226310,-0.026057,26.274230,181.867500,354.853100
420.542,15,-0.137879,1.655717,-0.294778,-0.018092,0.973442,-0.189229,0.127573,21.333230,164.098100,354.856800
420.653,15,-0.124345,1.668749,-0.270867,0.007118,0.941251,-0.149334,0.302813,16.584730,143.660300,355.389300
420.764,15,-0.107308,1.672474,-0.230117,0.031111,0.864488,-0.135229,0.483120,15.299700,120.988300,355.428800
420.875,15,-0.097543,1.675480,-0.185326,0.045614,0.770769,-0.124544,0.623157,14.408750,101.453700,354.970900
420.985,15,-0.099253,1.670724,-0.144948,0.077120,0.696526,-0.141039,0.699294,17.718080,88.928820,354.589200
421.097,15,-0.104072,1.664128,-0.134272,0.095971,0.699555,-0.158417,0.690157,20.739110,89.826940,354.822700
421.207,15,-0.112267,1.655960,-0.137003,0.118795,0.734504,-0.180044,0.643409,24.667630,96.775770,356.392900
421.318,15,-0.118696,1.654962,-0.140335,0.123831,0.747153,-0.177555,0.628412,24.894910,99.335630,357.591800
421.429,15,-0.130335,1.654894,-0.144658,0.121610,0.752988,-0.182109,0.620529,25.161870,100.410900,357.285400
421.540,15,-0.140904,1.655428,-0.148747,0.118749,0.757445,-0.179135,0.616512,24.695150,101.147100,357.414400
421.651,15,-0.152673,1.655992,-0.153672,0.113263,0.765439,-0.175381,0.608700,23.977170,102.480000,357.483600
421.762,15,-0.155915,1.655083,-0.155958,0.113545,0.767079,-0.171999,0.607547,23.693400,102.782800,357.822100
421.874,15,-0.151466,1.647910,-0.159028,0.122370,0.765328,-0.177551,0.606444,24.846630,102.823500,358.229100
421.985,15,-0.139645,1.641768,-0.163837,0.124068,0.765533,-0.186195,0.603239,25.770180,103.018900,357.792700
422.096,15,-0.124639,1.636891,-0.169095,0.125853,0.768777,-0.189030,0.597839,26.175530,103.776400,357.923800
422.207,15,-0.098958,1.627180,-0.176220,0.132890,0.769064,-0.195774,0.593762,27.318420,104.219400,358.188600
422.318,15,-0.075234,1.617219,-0.182818,0.138447,0.769754,-0.204811,0.588526,28.572350,104.735400,358.177300
422.428,15,-0.041388,1.605098,-0.192637,0.146493,0.773382,-0.210859,0.579620,29.733730,105.987100,358.822400
422.540,15,-0.013892,1.596561,-0.200632,0.148837,0.775435,-0.217284,0.573878,30.517960,106.655000,358.765400
422.650,15,0.021836,1.587783,-0.209788,0.149814,0.776099,-0.224609,0.569892,31.291530,106.979300,358.426500
422.762,15,0.054372,1.581574,-0.217165,0.148739,0.777720,-0.226434,0.567235,31.395700,107.307600,358.286200
422.873,15,0.088865,1.576730,-0.223875,0.147624,0.779362,-0.226892,0.565087,31.365960,107.615000,358.233500
422.985,15,0.123795,1.570993,-0.230989,0.147601,0.783911,-0.228251,0.558210,31.509670,108.648000,358.426400
423.096,15,0.154540,1.566326,-0.238188,0.147483,0.788528,-0.230089,0.550938,31.693190,109.716300,358.589800
423.208,15,0.191730,1.559162,-0.248191,0.145070,0.794970,-0.233357,0.540853,31.866830,111.122200,358.531000
423.319,15,0.216569,1.551721,-0.256207,0.144944,0.799416,-0.239882,0.531396,32.518820,112.313700,358.423100
423.430,15,0.238793,1.542975,-0.264790,0.145143,0.807215,-0.244087,0.517455,32.974860,114.307500,358.751000
423.541,15,0.245964,1.538602,-0.269120,0.144844,0.815670,-0.247733,0.502326,33.343310,116.488000,359.136100
423.652,15,0.237988,1.538134,-0.267205,0.147015,0.820399,-0.250965,0.492289,33.816220,117.944200,359.595000
423.763,15,0.215151,1.542800,-0.257746,0.147963,0.825583,-0.249227,0.484155,33.696140,119.284000,0.205384
423.874,15,0.177279,1.553006,-0.242700,0.145185,0.827229,-0.241898,0.485900,32.772240,119.244300,0.349364
423.985,15,0.123284,1.563504,-0.224789,0.142811,0.826499,-0.234770,0.491312,31.897690,118.644900,0.362735
424.096,15,0.067318,1.573737,-0.206821,0.141854,0.822344,-0.227922,0.501676,31.144000,117.315100,0.309239
424.207,15,-0.004366,1.586186,-0.184550,0.139157,0.817426,-0.222744,0.512675,30.453460,115.793500,359.940900
424.318,15,-0.054742,1.595062,-0.167010,0.138735,0.814456,-0.215952,0.520365,29.745740,114.871800,0.081838
424.429,15,-0.108105,1.607239,-0.146803,0.137162,0.809538,-0.211070,0.530363,29.158640,113.508000,359.881100
424.539,15,-0.140411,1.616776,-0.134013,0.135192,0.805214,-0.207454,0.538810,28.670700,112.325600,359.618600
424.650,15,-0.170029,1.626053,-0.122271,0.130206,0.800993,-0.202940,0.547971,27.891950,111.024300,359.103900
424.762,15,-0.181987,1.630151,-0.115984,0.122011,0.799091,-0.199061,0.554023,26.957480,110.137500,358.355900
424.873,15,-0.178292,1.632914,-0.111860,0.114095,0.804429,-0.197239,0.548610,26.264570,110.923300,357.900600
424.984,15,-0.158576,1.631314,-0.108205,0.111167,0.811860,-0.195595,0.538766,25.936600,112.417900,358.072000
425.095,15,-0.127906,1.627348,-0.103494,0.108601,0.820638,-0.197732,0.525034,26.012750,114.345800,358.126000
425.206,15,-0.070291,1.619896,-0.096904,0.105994,0.841283,-0.206373,0.488282,26.791530,119.383500,358.511100
425.317,15,-0.014462,1.612023,-0.091840,0.099684,0.862458,-0.224335,0.442610,28.372420,125.228000,358.265000
425.428,15,0.064763,1.610972,-0.086894,0.082181,0.890703,-0.258084,0.365085,31.316120,134.633200,357.178900
425.539,15,0.122663,1.612819,-0.083454,0.067861,0.909177,-0.275022,0.305213,32.786520,141.993400,356.966800
425.650,15,0.185626,1.612001,-0.078256,0.058271,0.921374,-0.290169,0.251947,34.337800,148.580000,357.304300
425.761,15,0.230555,1.610269,-0.078462,0.054101,0.928142,-0.294197,0.221528,34.756010,152.498500,357.913000
425.872,15,0.265499,1.604872,-0.087574,0.054546,0.932300,-0.296212,0.200251,35.041040,155.380900,358.815300
425.984,15,0.290067,1.596509,-0.105919,0.053248,0.935800,-0.297378,0.181684,35.164220,157.839100,359.411400
426.095,15,0.304772,1.590349,-0.124756,0.045113,0.937586,-0.303808,0.163087,35.761070,159.934700,358.976100
426.207,15,0.321117,1.584974,-0.155007,0.036008,0.940715,-0.303033,0.148085,35.506860,161.612200,358.451100
426.318,15,0.335346,1.579449,-0.185076,0.029345,0.941545,-0.304724,0.140623,35.596620,162.322000,357.854400
426.429,15,0.357800,1.572866,-0.235784,0.018703,0.942029,-0.308162,0.131408,35.839080,163.071100,356.764600
426.541,15,0.381711,1.571388,-0.290628,0.008316,0.944311,-0.305312,0.122447,35.355990,163.899400,355.847100
426.652,15,0.406569,1.569761,-0.346095,0.004982,0.945790,-0.301979,0.119440,34.918300,164.224700,355.613600
426.764,15,0.428218,1.567345,-0.392125,-0.000574,0.948260,-0.298503,0.108164,34.471280,165.567400,355.431600
426.875,15,0.443847,1.567384,-0.425464,-0.007211,0.949865,-0.299124,0.090715,34.537560,167.617100,355.267000
426.986,15,0.463811,1.567342,-0.464363,-0.011395,0.954076,-0.291153,0.069563,33.640350,170.362800,355.711900
427.093,15,0.480878,1.563538,-0.491257,-0.014304,0.954600,-0.293290,0.050151,33.953090,172.787800,356.078600
427.197,15,0.499567,1.563333,-0.514829,-0.024348,0.957707,-0.286623,0.007216,33.274490,178.095900,356.518400
427.302,15,0.519719,1.570947,-0.532270,-0.039311,0.957223,-0.273977,-0.084352,32.082900,189.507200,358.036000
427.411,15,0.538065,1.589585,-0.539720,-0.060681,0.939996,-0.263371,-0.208235,31.359580,204.899000,359.705200
427.516,15,0.555897,1.606129,-0.529867,-0.082312,0.904269,-0.249674,-0.336430,30.459500,221.161300,1.271750
427.634,15,0.581852,1.616647,-0.504783,-0.102185,0.863702,-0.235819,-0.433551,29.732990,233.800300,1.845449
427.734,15,0.598866,1.625968,-0.479970,-0.132692,0.815445,-0.220828,-0.518341,29.848280,245.105000,0.827204
427.843,15,0.618301,1.632249,-0.449971,-0.125589,0.759981,-0.205238,-0.603767,27.620100,257.836800,3.684640
427.947,15,0.633749,1.640752,-0.419848,-0.136037,0.720846,-0.188550,-0.652935,26.710120,265.103400,3.215010
428.064,15,0.642975,1.648874,-0.387512,-0.132066,0.702241,-0.167930,-0.679129,24.534070,268.666700,2.684461
428.185,15,0.645406,1.649896,-0.357190,-0.143604,0.697510,-0.162887,-0.682880,25.046790,269.096500,1.399971
428.303,15,0.644101,1.649391,-0.324987,-0.146004,0.696616,-0.162482,-0.683381,25.209380,269.165200,1.181536
428.415,15,0.638055,1.647879,-0.297832,-0.140390,0.713750,-0.176445,-0.663113,25.980460,266.281700,2.141967
428.522,15,0.632788,1.633989,-0.290964,-0.135775,0.786433,-0.232688,-0.555828,31.125950,251.344700,3.020917
428.634,15,0.636040,1.612960,-0.282798,-0.135637,0.873893,-0.288222,-0.367208,37.111230,224.971600,358.175600
428.755,15,0.651051,1.593007,-0.266375,-0.111670,0.909706,-0.354989,-0.184250,43.394740,200.623700,354.284800
428.860,15,0.664906,1.582619,-0.249470,-0.094751,0.915993,-0.378517,-0.093294,45.325940,188.109900,351.579500
428.971,15,0.680498,1.576115,-0.230816,-0.072389,0.917537,-0.390545,-0.018990,46.007320,178.210200,350.218000
429.078,15,0.693674,1.575038,-0.215080,-0.066621,0.918679,-0.388285,0.028734,45.201570,171.468600,348.147600
429.190,15,0.703153,1.579496,-0.199894,-0.052949,0.923051,-0.376952,0.055511,43.631120,168.653800,348.879700
429.291,15,0.711086,1.586636,-0.190563,-0.042288,0.929896,-0.359575,0.064898,41.547910,168.351500,350.360600
429.405,15,0.727706,1.596377,-0.184595,-0.023333,0.938569,-0.333384,0.086016,38.447190,166.936700,352.579300
429.520,15,0.736525,1.600896,-0.190207,-0.025833,0.939311,-0.330698,0.087557,38.077870,166.663900,352.228700
429.632,15,0.741221,1.600688,-0.213999,-0.020614,0.942096,-0.324047,0.083806,37.380900,167.553100,353.267600
429.735,15,0.741264,1.598616,-0.248941,-0.024358,0.941517,-0.326940,0.077872,37.722980,168.140000,352.971600
429.851,15,0.740245,1.593531,-0.294965,-0.028247,0.940323,-0.330968,0.073864,38.189230,168.432200,352.542300
429.967,15,0.739064,1.588233,-0.343936,-0.033037,0.936842,-0.340968,0.070542,39.361120,168.457700,351.820100
430.074,15,0.736130,1.584751,-0.387747,-0.042122,0.934502,-0.348006,0.061834,40.181840,169.068300,350.829300
430.180,15,0.733093,1.581067,-0.417264,-0.045052,0.931205,-0.357663,0.053898,41.395870,169.818200,350.604600
430.291,15,0.731014,1.571291,-0.443520,-0.048876,0.918466,-0.389233,0.050285,45.241380,169.325900,349.449300
430.403,15,0.727092,1.566706,-0.456586,-0.051124,0.910412,-0.408273,0.043007,47.645940,169.735200,349.029800
430.518,15,0.709448,1.574942,-0.460610,-0.063423,0.916603,-0.394646,-0.008464,46.430590,177.127200,350.851300
430.635,15,0.665805,1.598411,-0.446661,-0.064154,0.921724,-0.339158,-0.176867,40.384430,201.771800,0.128414
430.740,15,0.622304,1.621962,-0.407921,-0.069297,0.882576,-0.282337,-0.369518,33.338250,227.213900,5.931692
430.852,15,0.596635,1.634960,-0.366409,-0.085384,0.827314,-0.254128,-0.493640,30.317140,243.626100,7.295253
430.957,15,0.577134,1.647355,-0.319170,-0.106970,0.765344,-0.216463,-0.596615,27.321150,257.361800,6.109219
431.074,15,0.566016,1.657518,-0.271617,-0.114841,0.717386,-0.184343,-0.661957,24.615680,266.489800,5.003086
431.179,15,0.560910,1.663969,-0.241327,-0.117923,0.703972,-0.163901,-0.680922,23.038920,268.819200,3.562340
431.290,15,0.557774,1.667136,-0.212138,-0.119797,0.704135,-0.153313,-0.682889,22.304140,268.741800,2.520377
431.402,15,0.553869,1.665779,-0.189513,-0.131018,0.717001,-0.156724,-0.666470,23.539550,266.090200,1.313982
431.516,15,0.550736,1.663645,-0.172263,-0.136129,0.738136,-0.166105,-0.639557,24.793030,261.974100,0.726031
431.634,15,0.550872,1.659925,-0.154407,-0.138575,0.752890,-0.176474,-0.618717,25.925870,258.968400,0.618717
431.749,15,0.553300,1.657547,-0.139571,-0.142614,0.781462,-0.182562,-0.579353,26.780840,252.930800,359.271000
431.867,15,0.558683,1.655566,-0.127243,-0.135392,0.804651,-0.193189,-0.544871,27.286550,248.092700,359.525400
431.971,15,0.565629,1.654172,-0.117348,-0.130616,0.825761,-0.198335,-0.511587,27.464390,243.357500,359.174500
432.076,15,0.574481,1.653184,-0.105671,-0.126484,0.845325,-0.201121,-0.478516,27.456420,238.689100,358.620600
432.189,15,0.586573,1.653285,-0.089082,-0.119579,0.864394,-0.203736,-0.443864,27.282000,233.955900,358.332400
432.302,15,0.596981,1.652267,-0.074617,-0.116000,0.874022,-0.206048,-0.424469,27.300470,231.370800,358.203900
432.413,15,0.603375,1.652575,-0.063044,-0.108452,0.880565,-0.201878,-0.414836,26.456200,230.096700,358.495500
432.525,15,0.604647,1.650648,-0.058536,-0.104555,0.884694,-0.203136,-0.406352,26.384780,229.041400,358.726600
432.636,15,0.601953,1.647056,-0.063226,-0.106268,0.884449,-0.212862,-0.401432,27.506560,228.554500,358.896800
432.746,15,0.594524,1.643278,-0.084368,-0.105409,0.883632,-0.220319,-0.399430,28.266110,228.480600,359.331200
432.858,15,0.583349,1.638573,-0.111539,-0.105417,0.882154,-0.223759,-0.400778,28.638220,228.755800,359.567100
432.969,15,0.558248,1.626630,-0.155825,-0.109792,0.873777,-0.230061,-0.414164,29.537080,230.698700,359.914300
433.080,15,0.531396,1.617743,-0.190340,-0.113677,0.861070,-0.241518,-0.432789,30.952280,233.615600,0.887659
433.190,15,0.492897,1.610053,-0.230213,-0.123121,0.844240,-0.240967,-0.462639,31.385170,237.729300,1.011788
433.301,15,0.459790,1.602109,-0.262194,-0.129266,0.828846,-0.242630,-0.487273,31.882670,241.329300,1.496129
433.408,15,0.432935,1.593323,-0.287154,-0.135785,0.818582,-0.244088,-0.501904,32.405870,243.476200,1.541679
433.519,15,0.409532,1.587522,-0.306778,-0.144488,0.803706,-0.248615,-0.520932,33.378260,246.450500,1.837176
433.630,15,0.384363,1.582610,-0.320479,-0.142421,0.790981,-0.250022,-0.539958,33.320890,249.556100,3.066339
433.742,15,0.362435,1.579753,-0.321083,-0.150682,0.783169,-0.254041,-0.547179,34.250640,250.779300,2.911975
433.853,15,0.333017,1.579843,-0.315476,-0.152454,0.780002,-0.247401,-0.554209,33.705840,251.548900,2.507364
433.965,15,0.292526,1.573984,-0.307490,-0.157555,0.779812,-0.244365,-0.554396,33.766800,251.348500,1.738694
434.076,15,0.244991,1.566437,-0.299700,-0.164117,0.782320,-0.244805,-0.548737,34.273660,250.347400,0.823930
434.188,15,0.155635,1.563345,-0.295352,-0.168103,0.792293,-0.249312,-0.530902,34.998020,247.614200,359.884400
434.299,15,0.074581,1.557648,-0.300162,-0.164219,0.805021,-0.254212,-0.510244,35.231120,244.624300,359.650700
434.410,15,-0.023687,1.536890,-0.318867,-0.161595,0.815481,-0.266328,-0.487799,36.300710,241.686600,359.735000
434.522,15,-0.089589,1.512995,-0.343857,-0.162972,0.824974,-0.281076,-0.462444,37.914960,238.323300,359.351400
434.633,15,-0.138360,1.494737,-0.368507,-0.158865,0.838593,-0.286333,-0.435359,38.211090,234.439800,358.750700
434.744,15,-0.178835,1.479899,-0.385379,-0.159376,0.847118,-0.283186,-0.420472,37.865460,232.001600,357.685800
434.855,15,-0.206764,1.458068,-0.394404,-0.159980,0.849963,-0.287763,-0.411293,38.372660,230.747600,357.423400
434.967,15,-0.226127,1.415412,-0.400588,-0.159690,0.850872,-0.309964,-0.392987,40.767510,228.790100,357.871600
435.078,15,-0.230146,1.373433,-0.399169,-0.162514,0.851614,-0.315060,-0.386109,41.461400,227.807700,357.437600
435.189,15,-0.221637,1.303906,-0.392745,-0.161396,0.856580,-0.308406,-0.380930,40.640400,226.788100,356.862200
435.300,15,-0.200194,1.230005,-0.386375,-0.155141,0.859709,-0.306388,-0.378098,40.100230,226.520500,357.372700
435.411,15,-0.168804,1.149791,-0.378853,-0.148661,0.865978,-0.302589,-0.369353,39.337520,225.298600,357.484200
435.523,15,-0.135018,1.073631,-0.373017,-0.142833,0.871906,-0.287140,-0.370040,37.331530,225.102500,357.364100
435.634,15,-0.103888,1.012324,-0.373714,-0.134090,0.877546,-0.279564,-0.365757,36.068200,224.540400,357.813800
435.745,15,-0.063685,0.947429,-0.379612,-0.121436,0.885146,-0.271896,-0.357550,34.623030,223.546100,358.569500
435.856,15,-0.035534,0.918290,-0.381309,-0.119741,0.890999,-0.269201,-0.345417,34.224500,221.795200,358.100700
435.968,15,-0.001610,0.929194,-0.380099,-0.116703,0.897944,-0.268162,-0.328888,33.941950,219.532400,357.706800
436.079,15,0.035771,0.960644,-0.383476,-0.104097,0.911661,-0.247570,-0.311042,31.074840,217.011400,357.604900
436.190,15,0.102359,0.990086,-0.391601,-0.091683,0.925297,-0.240165,-0.278820,29.707590,212.912700,357.641500
436.301,15,0.168878,1.014509,-0.397076,-0.082049,0.935077,-0.237171,-0.250299,28.987510,209.382900,357.725400
436.412,15,0.236467,1.044184,-0.400978,-0.079947,0.943073,-0.231816,-0.224684,28.239940,206.038100,356.966400
436.523,15,0.303085,1.067631,-0.405832,-0.076872,0.950266,-0.229804,-0.195641,27.828560,202.364400,356.357800
436.635,15,0.362279,1.076823,-0.410767,-0.067938,0.956557,-0.231034,-0.164339,27.666500,198.635200,356.502000
436.746,15,0.435802,1.080684,-0.412515,-0.059972,0.961674,-0.236787,-0.124577,28.058080,193.847100,356.338900
436.858,15,0.490804,1.088761,-0.409071,-0.061184,0.965049,-0.241238,-0.082108,28.402390,188.430200,354.881600
436.966,15,0.554389,1.107860,-0.399113,-0.059481,0.968650,-0.238460,-0.036281,27.793340,182.716100,353.644400
437.078,15,0.610195,1.125124,-0.385220,-0.053325,0.970616,-0.234615,0.004211,27.064440,177.863600,353.196500
437.182,15,0.650294,1.141149,-0.370634,-0.052688,0.969563,-0.235179,0.043154,26.839620,173.018000,352.111100
437.293,15,0.674263,1.165817,-0.357930,-0.045507,0.969473,-0.234101,0.056992,26.661730,171.518300,352.611800
437.400,15,0.686511,1.178307,-0.347209,-0.039505,0.965764,-0.244479,0.077260,27.782310,169.017600,352.591300
437.506,15,0.692057,1.189125,-0.340837,-0.037820,0.965878,-0.239653,0.090646,27.135430,167.459300,352.477500
437.610,15,0.700192,1.195151,-0.334424,-0.030509,0.963377,-0.240473,0.114664,27.150930,164.646200,352.643700
437.713,15,0.720248,1.212792,-0.321439,-0.031976,0.951917,-0.246056,0.179689,27.190990,156.278400,350.336900
437.815,15,0.745091,1.229339,-0.306437,-0.034966,0.938216,-0.250560,0.236111,26.977870,148.881800,348.089100
437.917,15,0.771276,1.237753,-0.291393,-0.036818,0.926074,-0.255815,0.274938,26.972440,143.664400,346.446600
438.032,15,0.807353,1.254165,-0.264900,-0.025077,0.918137,-0.271764,0.287297,28.987850,141.779200,346.634500
438.133,15,0.808266,1.295376,-0.256921,-0.012205,0.948480,-0.231061,0.216443,25.660050,152.499000,352.145800
438.250,15,0.789800,1.368237,-0.250459,0.007348,0.982158,-0.155337,0.105746,17.859510,167.535400,358.891100
438.366,15,0.761674,1.455632,-0.244635,0.007556,0.994661,-0.097010,0.034382,11.157370,176.088200,0.488301
438.479,15,0.736762,1.523653,-0.248402,-0.002718,0.996813,-0.077127,0.020217,8.838652,177.637900,359.504900
438.588,15,0.694012,1.604537,-0.254326,-0.004099,0.997954,-0.060835,-0.019229,6.983237,182.187100,359.662800
438.695,15,0.657203,1.650323,-0.263650,-0.007545,0.997336,-0.054501,-0.047897,6.282759,185.467900,359.433400
438.804,15,0.611435,1.676926,-0.280538,-0.012238,0.996868,-0.054257,-0.056224,6.289421,186.398200,358.945200
438.915,15,0.567343,1.677266,-0.302978,-0.023525,0.995700,-0.071200,-0.054390,8.299493,186.089100,357.735300
439.026,15,0.511460,1.677669,-0.342236,-0.028522,0.995659,-0.072600,-0.050784,8.480114,185.627300,357.135800
439.137,15,0.477365,1.664706,-0.378957,-0.018960,0.994075,-0.100994,-0.035435,11.661810,183.900500,358.213200
439.246,15,0.450170,1.631627,-0.422394,-0.022468,0.975954,-0.214723,-0.030039,24.864230,183.094900,358.044800
439.357,15,0.440370,1.596599,-0.447178,-0.013852,0.932818,-0.359965,-0.009182,42.207550,180.553700,358.512200
439.460,15,0.433297,1.575147,-0.492645,-0.020778,0.916190,-0.400206,-0.000621,47.168340,178.694200,356.831600
439.585,15,0.438730,1.568024,-0.532247,-0.014522,0.905560,-0.423969,0.001015,50.159320,178.734300,357.570200
439.703,15,0.449824,1.581803,-0.561972,-0.016790,0.922727,-0.385053,-0.005151,45.297660,179.721100,357.798800
439.819,15,0.465241,1.587230,-0.588747,-0.004703,0.932996,-0.359815,0.005401,42.172260,178.959200,359.021100
439.936,15,0.480012,1.592373,-0.607315,0.000440,0.931314,-0.363704,0.019351,42.645630,177.216200,358.967300
440.053,15,0.501469,1.602378,-0.631476,0.021162,0.938992,-0.337827,0.060983,39.569550,172.529200,359.891300
440.170,15,0.532244,1.607487,-0.649749,0.051560,0.931337,-0.320576,0.164878,37.888800,159.680400,359.297800
440.282,15,0.570281,1.613806,-0.652112,0.084173,0.891170,-0.292637,0.336294,35.323550,137.603500,356.711700
440.389,15,0.597745,1.621179,-0.632944,0.109684,0.801422,-0.252307,0.531068,31.393130,111.194800,353.800800
440.494,15,0.596823,1.629656,-0.598766,0.137001,0.668406,-0.210027,0.700252,28.205550,85.513940,352.764100
440.597,15,0.578263,1.634158,-0.563917,0.165270,0.525636,-0.186343,0.813431,27.695240,63.665590,351.595900
440.705,15,0.515878,1.630999,-0.512476,0.241420,0.309687,-0.146814,0.907886,31.957880,35.395790,352.070100
440.808,15,0.456235,1.628213,-0.489042,0.269548,0.207071,-0.122203,0.932487,33.594300,22.614480,351.976000
440.920,15,0.408786,1.626235,-0.476141,0.299327,0.145218,-0.092742,0.938464,36.068330,15.575860,353.811700
441.024,15,0.357792,1.620766,-0.464271,0.330139,0.082027,-0.071891,0.937610,39.114840,7.878363,354.033500
441.142,15,0.301386,1.611579,-0.459658,0.345188,0.043030,-0.052783,0.936060,40.600070,3.331084,354.777600
441.248,15,0.253767,1.608469,-0.462069,0.352542,0.029785,-0.041819,0.934387,41.400040,1.999823,355.630600
441.366,15,0.194309,1.603203,-0.468770,0.356620,0.018514,-0.035532,0.933390,41.839510,0.708985,355.910900
441.476,15,0.156239,1.603316,-0.470770,0.356747,0.023004,-0.037531,0.933163,41.876960,1.243229,355.869400
441.594,15,0.124631,1.606407,-0.465840,0.347961,0.050251,-0.043042,0.935171,40.929620,4.861906,356.544800
441.698,15,0.117161,1.612211,-0.460778,0.334823,0.117921,-0.052204,0.933415,39.595970,13.905440,358.625000
441.819,15,0.123447,1.620639,-0.458285,0.317154,0.207824,-0.066296,0.922945,37.805780,25.614500,0.685200
441.922,15,0.140566,1.633160,-0.460574,0.282208,0.304739,-0.073110,0.906724,33.802200,37.980030,2.718955
442.024,15,0.157051,1.643954,-0.465901,0.249537,0.380447,-0.077400,0.887131,30.108320,47.361040,3.482160
442.126,15,0.167785,1.650421,-0.467243,0.234525,0.407401,-0.090908,0.877928,29.069150,50.322130,2.063383
442.242,15,0.176035,1.650202,-0.466497,0.233549,0.414635,-0.104987,0.873218,29.665900,50.980350,0.680693
442.357,15,0.184740,1.649005,-0.460811,0.232432,0.414628,-0.111030,0.872772,29.854060,50.803310,359.929900
442.476,15,0.194432,1.644916,-0.450224,0.233788,0.415414,-0.114561,0.871579,30.179430,50.869490,359.638100
442.592,15,0.197008,1.640649,-0.441028,0.239769,0.423291,-0.126237,0.864523,31.429020,51.886140,358.973600
442.710,15,0.193497,1.636222,-0.425700,0.230475,0.457381,-0.132940,0.848535,30.846520,56.379430,359.013700
442.826,15,0.175123,1.625376,-0.404962,0.221215,0.501217,-0.142184,0.824396,30.481970,62.367930,359.157100
442.931,15,0.142976,1.615384,-0.380608,0.211549,0.546206,-0.150397,0.796421,30.083380,68.736080,359.439800
443.041,15,0.088107,1.607405,-0.349234,0.196654,0.606366,-0.169384,0.751636,30.068910,77.501070,358.931300
443.144,15,0.032195,1.609407,-0.321883,0.185391,0.653618,-0.188635,0.709105,30.631410,84.877520,358.323500
443.258,15,-0.032862,1.617780,-0.295616,0.184281,0.688711,-0.208335,0.669563,32.258600,91.122370,358.295500
443.369,15,-0.094059,1.626615,-0.274217,0.169588,0.712988,-0.208484,0.647628,31.128120,94.974280,358.111300
443.481,15,-0.132408,1.631755,-0.261950,0.164043,0.725998,-0.205361,0.635487,30.442750,97.194060,358.483300
443.592,15,-0.155199,1.633420,-0.255009,0.161992,0.731199,-0.205449,0.629998,30.301970,98.109020,358.541900
443.703,15,-0.162171,1.632667,-0.251348,0.163899,0.733957,-0.208767,0.625189,30.756320,98.775850,358.636600
443.814,15,-0.151221,1.628504,-0.249753,0.163876,0.737029,-0.213382,0.620001,31.181070,99.427350,358.457400
443.924,15,-0.121434,1.614037,-0.252583,0.168224,0.736876,-0.214489,0.618634,31.617200,99.638000,358.825100
444.025,15,-0.065442,1.586329,-0.265051,0.158681,0.740594,-0.205010,0.619928,30.026490,99.796820,358.732800
444.134,15,-0.006672,1.554103,-0.281039,0.149562,0.747453,-0.195660,0.616979,28.492630,100.629100,358.835900
444.244,15,0.076675,1.514759,-0.302656,0.145036,0.747371,-0.184220,0.621663,27.109190,100.302500,359.211200
444.355,15,0.141887,1.491560,-0.317634,0.140930,0.739041,-0.179931,0.633705,26.395740,98.479780,358.737200
444.465,15,0.222803,1.467241,-0.334603,0.133668,0.732925,-0.170546,0.644879,24.985810,96.976280,358.481000
444.576,15,0.279834,1.443755,-0.347261,0.131172,0.729798,-0.165493,0.650232,24.339150,96.277220,358.505800
444.688,15,0.338195,1.409978,-0.374189,0.131629,0.737464,-0.174064,0.639158,25.150370,97.768600,358.204300
444.799,15,0.367817,1.387737,-0.409563,0.132760,0.763162,-0.172723,0.608379,25.161320,102.771200,359.523500
444.910,15,0.395791,1.367289,-0.454297,0.123689,0.779129,-0.175082,0.589071,24.742880,105.629600,359.146300
445.032,15,0.411628,1.356403,-0.477748,0.115852,0.776655,-0.177463,0.593206,24.399900,104.838900,358.075000
445.140,15,0.413335,1.356941,-0.489996,0.117183,0.777570,-0.178120,0.591545,24.559680,105.084300,358.204600
445.250,15,0.397832,1.377217,-0.494497,0.112482,0.779129,-0.177545,0.590579,24.174600,105.212600,357.837000
445.355,15,0.370092,1.408729,-0.488347,0.101674,0.783278,-0.167909,0.589868,22.518870,105.555500,357.592100
445.470,15,0.299746,1.471815,-0.463150,0.088278,0.787302,-0.155788,0.589994,20.455020,105.810300,357.257800
445.577,15,0.239488,1.513434,-0.439318,0.080353,0.790738,-0.152806,0.587305,19.635920,106.243100,356.810100
445.679,15,0.161554,1.556241,-0.407531,0.082688,0.789428,-0.164305,0.585636,20.870980,106.160600,356.202000
445.782,15,0.069998,1.595567,-0.372860,0.079893,0.785470,-0.179489,0.586888,22.070240,105.438100,354.726700
445.894,15,-0.002635,1.619799,-0.347585,0.079752,0.787382,-0.184401,0.582809,22.541210,105.876200,354.448500
446.005,15,-0.079943,1.642894,-0.321957,0.068743,0.789052,-0.177965,0.583952,21.169760,105.848000,353.883400
446.116,15,-0.125442,1.654739,-0.306968,0.063930,0.789958,-0.176441,0.583737,20.695320,105.897400,353.556200
446.217,15,-0.162472,1.661432,-0.295324,0.066676,0.790088,-0.181061,0.581835,21.327430,106.039000,353.507200
446.327,15,-0.191019,1.664067,-0.287229,0.066944,0.790644,-0.178394,0.581873,21.100100,106.130500,353.738900
446.438,15,-0.204859,1.663167,-0.281882,0.071330,0.786225,-0.180871,0.586556,21.597770,105.372200,353.824700
446.549,15,-0.215117,1.662138,-0.277099,0.074589,0.781701,-0.178901,0.592768,21.599920,104.528200,354.105800
446.661,15,-0.220609,1.661350,-0.273941,0.081967,0.779483,-0.177825,0.595035,22.010040,104.276200,354.811600
446.761,15,-0.222791,1.661107,-0.271339,0.083191,0.775789,-0.178913,0.599351,22.167700,103.585800,354.709700
446.869,15,-0.223083,1.661264,-0.267950,0.086562,0.772059,-0.178937,0.603667,22.383790,102.944800,354.888800
446.980,15,-0.221444,1.661947,-0.264409,0.087603,0.767485,-0.172982,0.611041,21.874760,102.029800,355.244800
447.091,15,-0.219590,1.660572,-0.262233,0.093856,0.765564,-0.177652,0.611182,22.751420,101.876800,355.431800
447.196,15,-0.217294,1.660003,-0.260882,0.097046,0.766135,-0.177905,0.609893,23.015030,102.089100,355.744000
447.309,15,-0.214446,1.659747,-0.259810,0.095829,0.766882,-0.178883,0.608859,23.020300,102.205500,355.585000
447.421,15,-0.211380,1.659183,-0.258340,0.098469,0.763708,-0.178710,0.612468,23.177650,101.666400,355.726400
447.532,15,-0.208329,1.658587,-0.256548,0.101920,0.759614,-0.178004,0.617182,23.342990,100.975300,355.947800
447.644,15,-0.203585,1.658323,-0.254525,0.102342,0.755743,-0.175545,0.622546,23.126240,100.224500,356.016800
447.755,15,-0.200124,1.657048,-0.251747,0.107769,0.747491,-0.179163,0.630510,23.812460,98.847680,355.937300
447.866,15,-0.198696,1.656693,-0.250676,0.106730,0.744218,-0.179023,0.634586,23.698490,98.193740,355.719200
447.977,15,-0.199740,1.654963,-0.250244,0.114694,0.739013,-0.183270,0.638058,24.660450,97.497890,355.939400
448.088,15,-0.202507,1.653033,-0.245901,0.127472,0.721630,-0.188735,0.653744,26.044030,94.724240,355.992300
448.200,15,-0.205956,1.652979,-0.242488,0.130106,0.711817,-0.187202,0.664337,26.064040,93.013360,355.946000
448.311,15,-0.210760,1.652375,-0.240341,0.137137,0.703464,-0.186359,0.672014,26.519960,91.750720,356.313700
448.422,15,-0.216544,1.653478,-0.239177,0.136742,0.700713,-0.180424,0.676573,25.968890,91.236050,356.651900
448.534,15,-0.222259,1.655280,-0.239104,0.135226,0.699516,-0.176144,0.679239,25.475970,90.965740,356.818500
448.645,15,-0.229995,1.656918,-0.239333,0.131688,0.698527,-0.169760,0.682568,24.641320,90.665920,356.987300
448.757,15,-0.234277,1.658074,-0.240173,0.129617,0.696643,-0.166682,0.685642,24.203410,90.265340,356.985000
448.867,15,-0.237832,1.657771,-0.242322,0.129769,0.695539,-0.167329,0.686576,24.265150,90.077220,356.903200
448.979,15,-0.239224,1.657554,-0.245023,0.130629,0.695043,-0.168593,0.686606,24.440000,90.018750,356.856200
449.090,15,-0.240516,1.657383,-0.248463,0.129150,0.695979,-0.170615,0.685437,24.490230,90.134250,356.590500
449.201,15,-0.241314,1.658016,-0.251638,0.126413,0.698785,-0.169686,0.683320,24.199150,90.537840,356.528700
449.312,16,-0.242558,1.658229,-0.254756,0.124204,0.704858,-0.166374,0.678284,23.767770,91.534120,356.830200
449.424,16,-0.243882,1.658219,-0.257700,0.124151,0.710494,-0.165194,0.672678,23.688580,92.530430,357.131500
449.535,16,-0.245442,1.657892,-0.259068,0.123216,0.712048,-0.165647,0.671094,23.657990,92.777760,357.067600
449.646,16,-0.247423,1.657323,-0.259580,0.123302,0.712779,-0.166878,0.669996,23.773240,92.913380,357.003300
449.757,16,-0.248319,1.656832,-0.257508,0.124929,0.710639,-0.167347,0.671848,23.935800,92.585500,357.033300
449.868,16,-0.247238,1.656101,-0.251540,0.130179,0.701095,-0.165894,0.681175,24.202510,91.065480,357.268300
449.980,16,-0.244914,1.655419,-0.242667,0.137039,0.679006,-0.162710,0.702636,24.427350,87.460410,357.321400
450.091,16,-0.240136,1.653754,-0.229299,0.147727,0.645227,-0.154172,0.733546,24.562230,82.181950,357.759900
450.202,16,-0.234345,1.653034,-0.214898,0.159219,0.596732,-0.144388,0.773119,24.740720,74.865500,357.902800
450.313,16,-0.223462,1.653711,-0.199319,0.165231,0.536993,-0.130117,0.816950,24.186920,66.161900,357.792100
450.424,16,-0.207510,1.657009,-0.180015,0.162812,0.450756,-0.110232,0.870724,22.513640,54.181260,357.196300
450.536,16,-0.193458,1.659884,-0.162978,0.158626,0.337970,-0.093744,0.922944,20.865230,39.480100,355.960800
450.646,16,-0.176363,1.667077,-0.149189,0.155045,0.187693,-0.074340,0.967061,19.134160,21.090880,354.802600
450.758,16,-0.166145,1.673052,-0.144474,0.153173,0.072668,-0.049755,0.984267,17.984360,7.722396,355.436100
450.868,16,-0.158340,1.677998,-0.146308,0.155800,-0.060775,-0.028649,0.985501,17.673940,352.236100,355.460800
450.980,16,-0.156731,1.679824,-0.155427,0.154232,-0.160424,-0.014838,0.974811,17.213490,340.596200,355.291200
451.092,16,-0.154858,1.680270,-0.167690,0.158478,-0.217723,-0.003633,0.963052,17.677690,333.810000,355.424500
451.203,16,-0.152264,1.680934,-0.178777,0.161050,-0.245818,0.006846,0.955819,18.133650,330.517700,356.012100
451.313,16,-0.148094,1.681075,-0.186781,0.161750,-0.257637,0.016830,0.952458,18.469030,329.223800,356.900400
451.425,16,-0.143456,1.679906,-0.190144,0.162866,-0.266839,0.022322,0.949618,18.737490,328.164900,357.305200
451.536,16,-0.141239,1.677921,-0.189418,0.165874,-0.278778,0.023643,0.945627,19.080250,326.661200,357.102700
451.647,16,-0.142705,1.675870,-0.181065,0.161567,-0.286482,0.024552,0.944045,18.609710,325.779800,357.204900
451.758,16,-0.148348,1.672180,-0.169642,0.159987,-0.287214,0.029591,0.943947,18.604690,325.796200,357.820900
451.869,16,-0.166132,1.667087,-0.145569,0.164172,-0.280584,0.034083,0.945071,19.234480,326.643600,358.318400
451.980,16,-0.189315,1.660513,-0.113885,0.168087,-0.272614,0.040601,0.946457,19.895790,327.705200,359.098600
452.091,16,-0.218983,1.652677,-0.073856,0.173540,-0.267045,0.046871,0.946770,20.709980,328.452900,359.759000
452.203,16,-0.254788,1.648998,-0.024530,0.178519,-0.262278,0.050025,0.947016,21.368290,329.052400,0.067966
452.314,16,-0.291349,1.644009,0.025354,0.186687,-0.262046,0.055624,0.945191,22.461460,329.098800,0.453235
452.425,16,-0.323583,1.636813,0.070958,0.196568,-0.264324,0.057329,0.942448,23.629280,328.720300,0.259183
452.537,16,-0.347334,1.629852,0.106788,0.203802,-0.267507,0.058790,0.939920,24.492110,328.246900,0.093084
452.648,16,-0.372409,1.622952,0.145783,0.215205,-0.269015,0.058574,0.936956,25.771950,327.873000,359.616700
452.759,16,-0.388234,1.618414,0.170302,0.217838,-0.268645,0.060391,0.936339,26.128560,327.924100,359.747900
452.870,16,-0.405483,1.612369,0.194545,0.224295,-0.271217,0.062647,0.933921,26.931800,327.541100,359.701100
452.981,16,-0.417627,1.608681,0.211819,0.228026,-0.273622,0.064561,0.932184,27.416480,327.213500,359.714700
453.092,16,-0.427104,1.604907,0.227317,0.232159,-0.275276,0.064725,0.930664,27.888930,326.927100,359.524100
453.204,16,-0.435512,1.601265,0.240826,0.237023,-0.274159,0.066207,0.929663,28.490060,327.024700,359.552600
453.315,16,-0.442171,1.598130,0.251525,0.240528,-0.274648,0.065948,0.928637,28.878270,326.886000,359.369400
453.426,16,-0.449220,1.594438,0.263300,0.243363,-0.273367,0.066275,0.928253,29.211780,327.009700,359.342600
453.538,16,-0.451571,1.591016,0.269009,0.252169,-0.269535,0.066959,0.926973,30.238670,327.363000,359.217500
453.648,16,-0.447160,1.590569,0.267163,0.266656,-0.262653,0.072553,0.924470,32.082760,328.163800,359.599000
453.760,16,-0.438136,1.595376,0.259579,0.273539,-0.257400,0.076454,0.923621,33.000810,328.863500,0.028064
453.870,16,-0.421024,1.604002,0.245479,0.273982,-0.258983,0.080613,0.922693,33.185940,328.782800,0.468915
453.982,16,-0.400841,1.612340,0.232005,0.270332,-0.272835,0.081977,0.919653,32.816900,327.017400,0.222856
454.092,16,-0.375142,1.621441,0.221996,0.260409,-0.298825,0.082003,0.914421,31.685440,323.697900,359.618700
454.203,16,-0.340651,1.628540,0.215676,0.248163,-0.338136,0.083567,0.903934,30.342010,318.679700,358.888100
454.315,16,-0.303761,1.635294,0.215800,0.235671,-0.382336,0.091173,0.888801,29.251610,313.137200,358.808500
454.426,16,-0.253797,1.646197,0.224062,0.214308,-0.438192,0.101564,0.867032,27.427910,306.192300,359.244900
454.537,16,-0.217991,1.650544,0.230055,0.207364,-0.468897,0.105145,0.852103,26.871830,302.119200,359.018700
454.648,16,-0.181400,1.656430,0.234019,0.199804,-0.505086,0.115469,0.831645,26.677970,297.307800,359.373000
454.759,16,-0.160473,1.659437,0.234983,0.196349,-0.528192,0.118086,0.817629,26.476080,294.059100,359.083400
454.870,16,-0.142636,1.661407,0.233570,0.190255,-0.549473,0.120245,0.804627,25.996130,291.113100,359.007000
454.981,16,-0.131068,1.662047,0.229912,0.186721,-0.562668,0.119779,0.796363,25.606450,289.234600,358.770600
455.092,16,-0.121964,1.663014,0.223514,0.181792,-0.569976,0.116193,0.792829,24.879670,288.253900,358.547800
455.204,16,-0.112276,1.662702,0.212779,0.179034,-0.571441,0.115536,0.792498,24.570510,288.117200,358.645900
455.315,16,-0.102885,1.664832,0.200858,0.176242,-0.566554,0.113348,0.796937,24.163570,288.924900,358.804300
455.426,16,-0.090406,1.666278,0.183376,0.169144,-0.548413,0.103545,0.812350,22.853630,291.736600,358.924800
455.537,16,-0.079253,1.666510,0.165380,0.172761,-0.529202,0.101217,0.824533,23.080380,294.411000,359.007400
455.648,16,-0.058177,1.669856,0.137364,0.171382,-0.511373,0.093531,0.836886,22.489480,296.915600,358.838400
455.759,16,-0.035887,1.670825,0.114287,0.165828,-0.506813,0.093511,0.840772,21.939770,297.707500,359.330200
455.870,16,-0.004613,1.672418,0.087355,0.161592,-0.503689,0.089543,0.843900,21.280740,298.203000,359.283400
455.981,16,0.020869,1.673323,0.068430,0.157370,-0.501572,0.084524,0.846473,20.561190,298.538900,359.096100
456.092,16,0.043333,1.672558,0.053099,0.159116,-0.498654,0.080274,0.848282,20.487820,298.853900,358.623800
456.204,16,0.062814,1.673590,0.040658,0.156614,-0.498707,0.077059,0.849014,20.047250,298.867000,358.453100
456.315,16,0.075121,1.675279,0.032773,0.152011,-0.501653,0.071053,0.848640,19.225860,298.495100,358.062900
456.426,16,0.086000,1.675306,0.027162,0.152154,-0.501780,0.067185,0.848853,19.010310,298.430900,357.658100
456.537,16,0.091710,1.674984,0.025404,0.148544,-0.501308,0.066357,0.849837,18.602870,298.570400,357.814200
456.648,16,0.094868,1.674966,0.027541,0.148265,-0.499827,0.064948,0.850866,18.495680,298.766400,357.722400
456.760,16,0.093377,1.673887,0.032983,0.148794,-0.498138,0.065140,0.851749,18.564190,298.989900,357.746600
456.870,16,0.086056,1.672436,0.045405,0.152118,-0.500616,0.065106,0.849709,18.886710,298.570300,357.476300
456.981,16,0.071939,1.671163,0.062914,0.152887,-0.504642,0.061851,0.847429,18.756510,297.957800,357.004800
457.092,16,0.050223,1.669008,0.088030,0.153284,-0.509337,0.062161,0.844521,18.797470,297.298200,356.902400
457.204,16,0.021239,1.667234,0.121645,0.154080,-0.514951,0.062661,0.840927,18.885270,296.499400,356.770700
457.315,16,-0.009312,1.667497,0.158035,0.155959,-0.521069,0.065534,0.836582,19.222640,295.622300,356.789500
457.427,16,-0.049600,1.666799,0.208971,0.155433,-0.533441,0.070647,0.828426,19.445000,293.935200,357.034900
457.538,16,-0.081411,1.665127,0.247641,0.154888,-0.547388,0.076213,0.818882,19.700610,292.004800,357.275700
457.649,16,-0.125793,1.662118,0.292723,0.161722,-0.565093,0.086062,0.804431,20.943910,289.323100,357.280400
457.760,16,-0.160744,1.657413,0.322879,0.165066,-0.579477,0.092141,0.792761,21.623310,287.136800,357.212400
457.871,16,-0.204024,1.647056,0.355001,0.169909,-0.595638,0.100118,0.778668,22.573810,284.595900,357.114000
457.982,16,-0.240378,1.636078,0.378440,0.177508,-0.606385,0.105721,0.767861,23.629370,282.710400,356.688700
458.093,16,-0.273683,1.623201,0.395247,0.180556,-0.616924,0.110840,0.757971,24.234440,280.975400,356.557800
458.205,16,-0.304022,1.609974,0.406792,0.180903,-0.628793,0.113593,0.747657,24.416040,279.085700,356.370500
458.316,16,-0.330182,1.596576,0.414627,0.180534,-0.637218,0.114641,0.740418,24.421300,277.745900,356.201900
458.427,16,-0.362496,1.578092,0.420848,0.179726,-0.643769,0.115821,0.734742,24.407740,276.717500,356.146000
458.539,16,-0.385503,1.564911,0.423529,0.180536,-0.648854,0.117315,0.729817,24.567010,275.855800,356.025000
458.650,16,-0.410907,1.549989,0.425285,0.181735,-0.654219,0.118815,0.724467,24.757820,274.923600,355.855200
458.761,16,-0.430385,1.537851,0.426093,0.183136,-0.656475,0.120897,0.721724,25.029100,274.494500,355.826800
458.872,16,-0.446221,1.527956,0.426831,0.185164,-0.659045,0.122871,0.718524,25.343470,273.981200,355.717200
458.984,16,-0.457044,1.519097,0.427228,0.189159,-0.661885,0.124225,0.714630,25.772740,273.326600,355.359600
459.095,16,-0.463071,1.513238,0.428012,0.194763,-0.662366,0.126982,0.712190,26.463890,272.988900,355.056900
459.206,16,-0.467287,1.509611,0.429165,0.196379,-0.662206,0.127381,0.711823,26.633380,272.939200,354.946400
459.317,16,-0.468271,1.508891,0.431690,0.196739,-0.661887,0.124286,0.712568,26.417370,272.969800,354.662200
459.428,16,-0.465184,1.512437,0.444301,0.189428,-0.654295,0.113330,0.723306,24.981810,274.557800,354.686600
459.539,16,-0.460254,1.518663,0.463441,0.182570,-0.634803,0.094526,0.744821,23.077470,277.959300,354.324400
459.650,16,-0.447218,1.523964,0.483579,0.189467,-0.608044,0.091596,0.765503,23.669780,281.894400,354.349600
459.762,16,-0.432710,1.535386,0.490689,0.184637,-0.594035,0.088586,0.777936,23.111210,284.228500,354.914200
459.873,16,-0.414630,1.552111,0.489149,0.177483,-0.579528,0.081053,0.791251,22.012690,286.627900,355.208200
459.984,16,-0.393457,1.567881,0.482442,0.168713,-0.567609,0.079431,0.801902,21.146540,288.679800,356.056900
460.095,16,-0.380054,1.573689,0.481541,0.159622,-0.557558,0.081106,0.810600,20.439770,290.443900,357.155100
460.206,16,-0.375498,1.575999,0.495516,0.157261,-0.551861,0.075207,0.815514,19.846710,291.284400,356.897500
460.317,16,-0.383090,1.573118,0.514347,0.159070,-0.548530,0.070232,0.817850,19.708770,291.669700,356.368400
460.429,16,-0.408728,1.565040,0.543592,0.159418,-0.558109,0.071902,0.811129,19.808320,290.286500,356.264200
460.539,16,-0.438376,1.561124,0.569956,0.161116,-0.574190,0.070703,0.799593,19.806770,287.869400,355.613800
460.650,16,-0.480682,1.553967,0.600364,0.161965,-0.590822,0.073026,0.786997,19.951350,285.385800,355.335400
460.762,16,-0.515912,1.545016,0.619478,0.161126,-0.605169,0.077567,0.775753,20.112900,283.274800,355.439000
460.873,16,-0.546057,1.536448,0.634781,0.163862,-0.616895,0.081826,0.765437,20.597960,281.409900,355.287300
460.984,16,-0.569055,1.529420,0.647866,0.167780,-0.625361,0.081884,0.757673,20.895120,279.957500,354.732800
461.095,16,-0.583886,1.525482,0.656666,0.174591,-0.629613,0.081800,0.752605,21.456860,279.038600,354.034700
461.206,16,-0.596897,1.521951,0.662216,0.179381,-0.635183,0.083485,0.746589,21.956600,277.978300,353.610100
461.317,16,-0.603516,1.520567,0.663952,0.183149,-0.638633,0.084845,0.742567,22.356620,277.280900,353.298600
461.428,16,-0.609944,1.519382,0.665477,0.184758,-0.639986,0.086865,0.740768,22.638150,277.005400,353.293200
461.540,16,-0.613108,1.517287,0.667021,0.186383,-0.642284,0.087257,0.738321,22.787170,276.568600,353.111600
461.650,16,-0.615534,1.515038,0.669427,0.189262,-0.640946,0.090107,0.738410,23.266800,276.671900,353.151800
461.762,16,-0.616552,1.514637,0.671398,0.190291,-0.641230,0.090494,0.737851,23.382540,276.583000,353.085700
461.873,16,-0.616604,1.514542,0.672662,0.190691,-0.641273,0.091182,0.737626,23.469580,276.561200,353.109000
461.984,16,-0.617293,1.514311,0.673720,0.191864,-0.641756,0.092137,0.736782,23.639680,276.435200,353.072700
462.095,16,-0.617534,1.513851,0.674657,0.192992,-0.641586,0.092259,0.736620,23.747560,276.413300,352.989100
462.206,16,-0.618318,1.512844,0.675565,0.193941,-0.641441,0.093525,0.736338,23.928300,276.399500,353.020400
462.317,16,-0.618902,1.512358,0.675990,0.194659,-0.641713,0.093733,0.735885,24.003510,276.324000,352.965500
462.428,16,-0.619907,1.511816,0.676887,0.194990,-0.641124,0.094432,0.736221,24.091620,276.407500,353.017300
462.540,16,-0.620420,1.511245,0.677881,0.195910,-0.641621,0.093952,0.735605,24.128660,276.283300,352.876300
462.650,16,-0.620712,1.511287,0.679137,0.195565,-0.642230,0.093135,0.735270,24.029970,276.197000,352.814900
462.762,16,-0.614967,1.514903,0.677263,0.197110,-0.644519,0.095035,0.732606,24.287230,275.760400,352.762400
462.873,16,-0.595823,1.526990,0.669601,0.189449,-0.648403,0.090532,0.731770,23.245240,275.456100,352.924300
462.984,16,-0.563568,1.547695,0.655923,0.175641,-0.651751,0.086916,0.732678,21.757080,275.482900,353.720600
463.095,16,-0.525267,1.567345,0.641963,0.164696,-0.654464,0.081867,0.733383,20.409520,275.455500,354.151900
463.206,16,-0.464771,1.589405,0.620548,0.157259,-0.653664,0.071516,0.736803,18.979690,275.825700,353.917300
463.318,16,-0.413658,1.606314,0.602179,0.154319,-0.654622,0.069381,0.736778,18.556180,275.770200,353.956900
463.428,16,-0.346019,1.626727,0.580488,0.153309,-0.664205,0.060486,0.729157,17.693360,274.253200,353.039600
463.539,16,-0.294290,1.639704,0.564936,0.151138,-0.668847,0.057826,0.725574,17.258100,273.578200,352.886300
463.649,16,-0.228826,1.653018,0.546826,0.155990,-0.676205,0.068904,0.716705,18.468540,272.225200,353.206800
463.760,16,-0.176228,1.664087,0.534894,0.152618,-0.683753,0.067046,0.710419,17.970750,271.107100,353.150400
463.871,16,-0.134757,1.669854,0.525881,0.156552,-0.688503,0.071680,0.704497,18.619660,270.175900,353.055700
463.982,16,-0.106915,1.673428,0.518249,0.156107,-0.695208,0.069294,0.698223,18.321140,269.072500,352.720400
464.093,16,-0.088292,1.674052,0.513409,0.156998,-0.698984,0.073598,0.693799,18.707520,268.399500,352.882800
464.204,16,-0.075607,1.674585,0.511671,0.157809,-0.700995,0.072834,0.691663,18.687950,268.028100,352.692200
464.316,16,-0.068102,1.675181,0.511254,0.157774,-0.703658,0.073696,0.688870,18.728590,267.576000,352.689800
464.427,16,-0.061338,1.675716,0.511938,0.155303,-0.704513,0.072605,0.688674,18.433770,267.528200,352.804800
464.538,16,-0.057050,1.675952,0.512992,0.154679,-0.705693,0.071641,0.687706,18.292000,267.352600,352.752800
464.648,16,-0.054039,1.676500,0.514509,0.152441,-0.704643,0.071243,0.689322,18.093240,267.617200,352.953200
464.760,16,-0.052944,1.676847,0.516150,0.151373,-0.702115,0.070172,0.692241,17.945380,268.087000,353.032200
464.870,16,-0.056513,1.676709,0.518107,0.150769,-0.699542,0.071707,0.694815,18.049380,268.542800,353.278000
464.982,16,-0.068563,1.675811,0.520753,0.146662,-0.701074,0.070575,0.694266,17.613860,268.435100,353.515100
465.093,16,-0.091378,1.671838,0.524923,0.146480,-0.707065,0.077711,0.687433,18.136560,267.419000,353.941500
465.205,16,-0.130952,1.666559,0.531959,0.147507,-0.715879,0.081311,0.677604,18.440530,265.860300,353.888200
465.316,16,-0.181479,1.660782,0.538727,0.150963,-0.722156,0.086764,0.669458,19.113530,264.619700,353.810900
465.426,16,-0.254920,1.650344,0.547427,0.152021,-0.732373,0.095059,0.656874,19.813140,262.735700,354.033800
465.538,16,-0.310069,1.643031,0.553757,0.150376,-0.745883,0.099380,0.641225,19.944000,260.329400,354.084800
465.649,16,-0.373476,1.630502,0.560118,0.154273,-0.759785,0.107593,0.622375,20.825760,257.509600,353.827200
465.761,16,-0.420198,1.621387,0.562969,0.158921,-0.769631,0.111284,0.608299,21.385310,255.370600,353.263100
465.872,16,-0.455479,1.614163,0.564297,0.158522,-0.778369,0.117227,0.596046,21.805940,253.610600,353.380200
465.983,16,-0.478203,1.609859,0.565657,0.162464,-0.786986,0.125334,0.581850,22.726490,251.577700,353.159200
466.094,16,-0.486792,1.609972,0.567776,0.164164,-0.794049,0.129349,0.570794,23.130530,249.973500,352.938900
466.205,16,-0.481689,1.609797,0.570861,0.166169,-0.797035,0.133156,0.565148,23.583240,249.179500,352.830600
466.316,16,-0.462591,1.616379,0.572648,0.160578,-0.796899,0.137744,0.565856,23.657200,249.440500,353.729600
466.428,16,-0.421337,1.627341,0.570779,0.152578,-0.796727,0.133824,0.569242,22.764890,249.951600,354.350800
466.538,16,-0.376761,1.635092,0.564065,0.142809,-0.799156,0.135021,0.568089,22.213680,249.904200,355.362800
466.649,16,-0.306303,1.645740,0.552582,0.131555,-0.803034,0.131042,0.566267,21.066570,249.661200,356.136400
466.760,16,-0.247296,1.653292,0.542513,0.124026,-0.805960,0.128072,0.564485,20.271190,249.409300,356.618600
466.871,16,-0.171844,1.662465,0.533191,0.119222,-0.802678,0.122196,0.571457,19.416250,250.358900,356.855500
466.982,16,-0.111784,1.669661,0.529240,0.111510,-0.791264,0.109475,0.591171,17.763600,253.086000,357.169300
467.092,16,-0.062875,1.674811,0.528528,0.112240,-0.773561,0.102769,0.615178,17.282960,256.556500,357.166300
467.204,16,-0.026983,1.679205,0.526693,0.112352,-0.766289,0.099110,0.624785,16.994890,257.950300,357.102400
467.315,16,-0.004051,1.680594,0.524083,0.117283,-0.767987,0.098604,0.621867,17.296850,257.471300,356.547000
467.426,16,0.016966,1.681361,0.521294,0.115040,-0.772192,0.097242,0.617276,16.989860,256.760400,356.546100
467.537,16,0.028194,1.682471,0.518666,0.115543,-0.774166,0.093433,0.615295,16.669540,256.393600,356.174100
467.648,16,0.037823,1.681993,0.515262,0.115467,-0.774559,0.094235,0.614692,16.734350,256.316000,356.226700
467.759,16,0.042837,1.681599,0.512078,0.115042,-0.775855,0.097858,0.612567,17.025020,256.058700,356.485100
467.870,16,0.047395,1.680919,0.508874,0.115969,-0.775080,0.100582,0.612932,17.342320,256.156400,356.608400
467.981,16,0.050130,1.680840,0.507566,0.115494,-0.776642,0.101330,0.610919,17.368020,255.868200,356.661100
468.092,16,0.052576,1.682057,0.508201,0.112571,-0.777233,0.097297,0.611368,16.791420,255.881700,356.645500
468.204,16,0.053835,1.684106,0.510778,0.106273,-0.772503,0.089309,0.619653,15.645690,257.030900,356.814400
468.315,16,0.053718,1.685214,0.512786,0.103447,-0.769856,0.085593,0.623935,15.122090,257.632900,356.884300
468.426,16,0.051767,1.685042,0.514689,0.104952,-0.770961,0.085556,0.622322,15.221320,257.381700,356.712100
468.537,17,0.050047,1.684426,0.516081,0.107913,-0.771409,0.086145,0.621178,15.484180,257.204400,356.462200
468.648,17,0.048665,1.683889,0.518285,0.109042,-0.766962,0.087613,0.626262,15.721950,257.993500,356.574000
468.760,17,0.047489,1.683858,0.520031,0.108384,-0.762097,0.086686,0.632414,15.617460,258.920500,356.693000
468.871,17,0.046990,1.683937,0.521372,0.108959,-0.758272,0.087224,0.636824,15.726990,259.604000,356.775100
468.982,17,0.047239,1.682959,0.520704,0.110139,-0.757650,0.090600,0.636889,16.115760,259.666500,356.927800
469.093,17,0.046606,1.682683,0.517889,0.109477,-0.759493,0.092163,0.634580,16.196800,259.340600,357.055900
469.204,17,0.045715,1.681632,0.513986,0.109930,-0.762340,0.097474,0.630280,16.689780,258.773200,357.323100
469.316,17,0.045151,1.680582,0.511200,0.110654,-0.764335,0.101184,0.627144,17.065770,258.358400,357.467500
469.427,17,0.044311,1.678779,0.507363,0.113302,-0.768578,0.108384,0.620245,17.887760,257.430800,357.608400
469.538,17,0.042753,1.677027,0.501076,0.112713,-0.781959,0.118286,0.601536,18.698700,254.801500,357.944900
469.648,17,0.038313,1.674342,0.488243,0.105388,-0.812889,0.132173,0.557346,19.412020,248.622400,358.541500
469.760,17,0.033777,1.672404,0.473356,0.097148,-0.852716,0.144999,0.492354,20.056590,239.756900,358.603200
469.870,17,0.028457,1.671937,0.450834,0.079887,-0.913501,0.154193,0.367911,19.907000,223.526500,358.019400
469.982,17,0.021982,1.672286,0.434264,0.060408,-0.953420,0.159799,0.248609,19.557140,208.854900,357.826700
470.092,17,0.011481,1.674619,0.423012,0.043315,-0.976452,0.166732,0.129868,19.685830,194.715600,357.487000
470.203,17,0.000737,1.677524,0.417960,0.025375,-0.985503,0.167037,0.015485,19.269760,181.338200,357.277300
470.315,17,-0.007215,1.679302,0.419031,0.011119,-0.982217,0.170388,-0.078062,19.449700,170.407000,357.055100
470.425,17,-0.015976,1.674646,0.426596,-0.008123,-0.965825,0.192698,-0.173158,22.026680,159.056900,356.843500
470.536,17,-0.023119,1.664988,0.434071,-0.023981,-0.947556,0.228629,-0.222017,26.354600,152.786200,356.412300
470.647,17,-0.027763,1.658399,0.444113,-0.043067,-0.927472,0.241620,-0.282066,28.195810,145.246400,356.329700
470.757,17,-0.029655,1.656021,0.450862,-0.054069,-0.912551,0.240854,-0.326063,28.349130,139.714300,356.196000
470.868,17,-0.033489,1.656424,0.458060,-0.065065,-0.901539,0.241581,-0.353034,28.785350,136.336000,356.516300
470.980,17,-0.037978,1.657890,0.462352,-0.070521,-0.898554,0.230364,-0.366824,27.757220,134.909100,357.262100
471.091,17,-0.047071,1.658799,0.462698,-0.069218,-0.900618,0.224216,-0.365820,27.033280,135.178200,357.467000
471.202,17,-0.057163,1.661966,0.459732,-0.063817,-0.909481,0.213717,-0.350851,25.691390,137.318300,357.845000
471.313,17,-0.062747,1.663275,0.458469,-0.060797,-0.909777,0.211054,-0.352230,25.268030,137.130400,357.588200
471.424,17,-0.065435,1.663481,0.456154,-0.059737,-0.909664,0.209758,-0.353474,25.077880,136.972600,357.493800
471.535,17,-0.070131,1.664927,0.451853,-0.056135,-0.918676,0.205765,-0.332482,24.543910,139.746400,357.877700
471.646,17,-0.077775,1.667405,0.444212,-0.049844,-0.935202,0.197010,-0.290000,23.415590,145.271200,358.686400
471.757,17,-0.083478,1.670012,0.437272,-0.044622,-0.947145,0.184339,-0.258736,21.856420,149.312600,359.329400
471.869,17,-0.090557,1.676672,0.427870,-0.035231,-0.960839,0.151086,-0.229610,17.849490,153.104500,359.899000
471.980,17,-0.094252,1.688809,0.416387,-0.019653,-0.971915,0.097966,-0.213067,11.467040,155.249200,359.792700
472.092,17,-0.095084,1.703867,0.403095,0.001456,-0.979470,0.027230,-0.199737,3.024327,156.927400,359.212200
472.204,17,-0.089459,1.709282,0.386208,0.004486,-0.980878,-0.000701,-0.194573,359.821200,157.561000,359.511400
472.316,17,-0.077981,1.708337,0.364678,0.001217,-0.981473,-0.005876,-0.191507,359.312400,157.918200,359.992100
472.428,17,-0.054712,1.706257,0.327372,-0.005018,-0.982124,-0.013551,-0.187679,358.582700,158.352400,0.856511
472.539,17,-0.029721,1.707787,0.291259,-0.012187,-0.981458,-0.013694,-0.190799,358.726200,157.978900,1.670741
472.650,17,0.005425,1.708475,0.241769,-0.025042,-0.979336,-0.022274,-0.199444,358.072300,156.922100,3.323057
472.762,17,0.032775,1.708756,0.198115,-0.025922,-0.978313,-0.022560,-0.204261,358.077300,156.355600,3.438086
472.873,17,0.052448,1.705284,0.162601,-0.022324,-0.978127,-0.018965,-0.205938,358.400900,156.179600,2.952175
472.984,17,0.066690,1.705580,0.132604,-0.016591,-0.977010,-0.014076,-0.212083,358.827200,155.482700,2.200618
473.095,17,0.077542,1.703371,0.106553,-0.012586,-0.973325,-0.007970,-0.228949,359.441200,153.518800,1.613137
473.206,17,0.092747,1.699088,0.071706,-0.007999,-0.962452,0.003804,-0.271307,0.668273,148.519000,0.764000
473.317,17,0.107347,1.694359,0.043238,-0.008618,-0.945403,0.012499,-0.325550,1.675841,142.004500,0.467569
473.428,17,0.134953,1.682184,0.009670,-0.036892,-0.893252,0.043355,-0.445938,6.335867,127.027500,1.570585
473.539,17,0.158235,1.671425,-0.009465,-0.074505,-0.817990,0.071785,-0.565852,11.639670,110.894700,2.378657
473.649,17,0.179732,1.663083,-0.024725,-0.114684,-0.701962,0.101488,-0.695556,17.578920,90.709530,1.191702
473.759,17,0.187993,1.657259,-0.028263,-0.137790,-0.625058,0.112153,-0.760091,20.467150,78.883510,0.107691
473.870,17,0.186515,1.647808,-0.023276,-0.169534,-0.539891,0.123105,-0.815243,24.163930,66.791300,358.890800
473.981,17,0.178880,1.643759,-0.015529,-0.191971,-0.493171,0.132212,-0.838123,26.884710,60.451510,357.926600
474.091,17,0.167886,1.639141,-0.003017,-0.213441,-0.467814,0.137988,-0.846494,29.370670,57.269880,357.769900
474.202,17,0.159675,1.631972,0.014918,-0.227912,-0.456144,0.142574,-0.848329,31.114980,55.900340,357.725500
474.313,17,0.158954,1.616368,0.040270,-0.238899,-0.458380,0.149454,-0.842899,32.666550,56.418800,357.757800
474.425,17,0.160651,1.593210,0.072697,-0.242493,-0.466713,0.149729,-0.837232,33.079770,57.779880,358.333500
474.536,17,0.159780,1.570987,0.104381,-0.241093,-0.480209,0.149712,-0.829976,32.955620,59.763190,358.841600
474.647,17,0.159391,1.540453,0.145001,-0.224904,-0.501536,0.148718,-0.822048,31.261080,62.420520,358.732200
474.758,17,0.165408,1.499529,0.170341,-0.211393,-0.526231,0.150309,-0.809816,30.037920,65.660650,358.612500
474.869,17,0.176099,1.447964,0.186190,-0.181962,-0.565410,0.126981,-0.794404,25.638680,70.940180,0.255334
474.981,17,0.183443,1.411651,0.192306,-0.163086,-0.595755,0.109748,-0.778739,22.629340,75.124300,1.451976
475.092,17,0.190951,1.382171,0.200564,-0.144808,-0.600944,0.107350,-0.778700,20.765640,75.393620,0.420069
475.204,17,0.195532,1.365554,0.208615,-0.139691,-0.605874,0.103516,-0.776330,20.018770,76.031280,0.521084
475.315,17,0.196765,1.363625,0.217775,-0.138442,-0.610393,0.105532,-0.772734,20.046910,76.675090,0.360580
475.426,17,0.196121,1.379160,0.230327,-0.138461,-0.614426,0.109619,-0.768956,20.343450,77.269660,0.095572
475.537,17,0.196143,1.400414,0.239562,-0.134108,-0.616017,0.109823,-0.768425,19.962710,77.397480,359.783200
475.649,17,0.209071,1.421910,0.248901,-0.129184,-0.625656,0.108371,-0.761657,19.414120,78.766430,359.791400
475.760,17,0.230907,1.422960,0.257077,-0.129558,-0.629343,0.112881,-0.757892,19.783310,79.326310,359.511000
475.870,17,0.276631,1.406921,0.269138,-0.131816,-0.632094,0.118747,-0.754308,20.424810,79.786870,359.235500
475.982,17,0.333317,1.383500,0.280680,-0.133097,-0.632304,0.118975,-0.753871,20.556640,79.853130,359.322700
476.093,17,0.389725,1.364406,0.290759,-0.138104,-0.634725,0.127800,-0.749479,21.669270,80.330030,358.998000
476.205,17,0.435845,1.351498,0.301325,-0.142970,-0.634161,0.133054,-0.748128,22.499470,80.354520,358.899100
476.316,17,0.466651,1.345299,0.309225,-0.148528,-0.633059,0.135513,-0.747538,23.180910,80.333770,359.093200
476.427,17,0.484477,1.342562,0.314970,-0.156130,-0.633148,0.141172,-0.744861,24.290020,80.560100,359.207900
476.538,17,0.475344,1.342767,0.315856,-0.154628,-0.635457,0.143582,-0.742744,24.341770,80.870000,358.945300
476.649,17,0.433469,1.346152,0.318323,-0.151328,-0.640068,0.140979,-0.739958,23.855100,81.522580,359.065500
476.760,17,0.371776,1.353376,0.318040,-0.147474,-0.642690,0.144354,-0.737810,23.776240,81.807690,358.531600
476.871,17,0.300659,1.365460,0.315729,-0.140369,-0.644187,0.146282,-0.737510,23.297980,81.822620,357.821000
476.982,17,0.230274,1.374390,0.311743,-0.130122,-0.648853,0.143040,-0.735933,22.156970,82.298480,357.420900
477.093,17,0.168300,1.375345,0.307373,-0.126161,-0.653315,0.141362,-0.732993,21.694570,82.919980,357.385300
477.204,17,0.119136,1.375752,0.303392,-0.124142,-0.653950,0.140873,-0.732866,21.481820,82.970690,357.282600
477.315,17,0.087659,1.378815,0.298426,-0.123938,-0.653290,0.142823,-0.733112,21.612690,82.850810,357.072800
477.425,17,0.059709,1.387898,0.287165,-0.122898,-0.662390,0.142431,-0.725155,21.526360,84.307440,357.304000
477.536,17,0.044806,1.395782,0.277496,-0.120437,-0.670036,0.140558,-0.718881,21.193420,85.503710,357.498400
477.647,17,0.031847,1.402169,0.263036,-0.121355,-0.675016,0.144736,-0.713217,21.623290,86.345530,357.372000
477.759,17,0.023229,1.406496,0.250549,-0.124037,-0.680014,0.146113,-0.707705,21.979910,87.256210,357.644200
477.869,17,0.010054,1.411570,0.233718,-0.126123,-0.683623,0.143404,-0.704406,21.947200,87.929850,358.172000
477.981,17,-0.002986,1.412521,0.219869,-0.130080,-0.680124,0.140383,-0.707674,22.028350,87.463790,358.655600
478.091,17,-0.017343,1.409328,0.205330,-0.139001,-0.673626,0.143920,-0.711473,23.059530,86.647010,358.908900
478.203,17,-0.034890,1.402684,0.190329,-0.139914,-0.668324,0.137996,-0.717443,22.656900,85.803240,359.317500
478.314,17,-0.053649,1.391985,0.176564,-0.149063,-0.660108,0.144726,-0.721867,23.971160,84.720630,359.238100
478.425,17,-0.070982,1.394447,0.164470,-0.148015,-0.653566,0.144225,-0.728108,23.832430,83.605000,358.963500
478.536,17,-0.084581,1.400342,0.155857,-0.144664,-0.649436,0.139464,-0.733387,23.162180,82.838880,358.961600
478.647,17,-0.098274,1.407818,0.147461,-0.137604,-0.644689,0.136498,-0.739466,22.303000,81.867310,358.485900
478.758,17,-0.106665,1.411419,0.143226,-0.133737,-0.641541,0.133262,-0.743493,21.706380,81.265980,358.361600
478.869,17,-0.115849,1.413555,0.140240,-0.133024,-0.637575,0.132105,-0.747229,21.546300,80.619190,358.287300
478.980,17,-0.122722,1.415154,0.138566,-0.131679,-0.634160,0.129633,-0.750797,21.231950,80.053590,358.300400
479.091,17,-0.128559,1.416700,0.136870,-0.129177,-0.632414,0.129256,-0.752767,20.975460,79.713810,358.084400
479.202,17,-0.134005,1.419883,0.135470,-0.128701,-0.631916,0.126015,-0.753816,20.688980,79.639880,358.326100
479.313,17,-0.141193,1.431926,0.133600,-0.126929,-0.633027,0.122835,-0.753709,20.294790,79.785050,358.505300
479.425,17,-0.154099,1.461794,0.131934,-0.112706,-0.635488,0.107922,-0.756178,17.915690,79.897440,358.797400
479.536,17,-0.166625,1.491395,0.130725,-0.094661,-0.637373,0.089993,-0.759405,14.980470,79.888990,359.050200
479.648,17,-0.174488,1.518986,0.129911,-0.076470,-0.636716,0.077676,-0.763356,12.454400,79.527180,358.755300
479.759,17,-0.169223,1.528519,0.131049,-0.075256,-0.638332,0.078744,-0.762016,12.428570,79.752140,358.595900
479.869,17,-0.158678,1.533374,0.133795,-0.077845,-0.639197,0.080423,-0.760854,12.783670,79.917050,358.656600
479.981,17,-0.154662,1.539266,0.135486,-0.086012,-0.639555,0.088399,-0.758787,14.099220,80.076370,358.574200
480.092,17,-0.161155,1.554415,0.135443,-0.094272,-0.636196,0.099915,-0.759200,15.680560,79.664570,358.109700
480.203,17,-0.175475,1.570845,0.132846,-0.107592,-0.629866,0.117767,-0.760147,18.175380,78.871200,357.375600
480.314,17,-0.193378,1.586130,0.128976,-0.121137,-0.623489,0.133973,-0.760683,20.570190,78.092580,356.769100
480.425,17,-0.213327,1.598546,0.125452,-0.136187,-0.616852,0.148130,-0.760923,22.954720,77.334670,356.425000
480.536,17,-0.231231,1.609572,0.123341,-0.144264,-0.610495,0.156136,-0.762959,24.253520,76.491780,356.094100
480.647,17,-0.254435,1.625227,0.121084,-0.145814,-0.607542,0.154551,-0.765340,24.266840,76.083100,356.264600
480.758,17,-0.270336,1.637817,0.120768,-0.134810,-0.608131,0.141339,-0.769432,22.294010,75.989320,356.682900
480.868,17,-0.289343,1.649820,0.118104,-0.124405,-0.610909,0.125575,-0.771715,20.208700,76.276900,357.446100
480.980,17,-0.302539,1.656773,0.116502,-0.115375,-0.611166,0.113921,-0.774718,18.542880,76.188800,357.854900
481.092,17,-0.311797,1.659336,0.115701,-0.112417,-0.607397,0.111013,-0.778529,18.052990,75.574080,357.812500
481.202,17,-0.316319,1.659591,0.115812,-0.115385,-0.608975,0.109249,-0.777111,18.203520,75.884440,358.234600
481.313,17,-0.311449,1.658506,0.120145,-0.113379,-0.610322,0.106557,-0.776722,17.830140,76.061920,358.366700
481.424,17,-0.291986,1.656165,0.131236,-0.118241,-0.612894,0.107330,-0.773861,18.334720,76.551700,358.721500
481.536,17,-0.265399,1.651902,0.145272,-0.122865,-0.619049,0.105432,-0.768484,18.625060,77.607670,359.399800
481.647,17,-0.223803,1.650054,0.164721,-0.127883,-0.627952,0.110913,-0.759619,19.486230,79.076460,359.520300
481.758,17,-0.189918,1.647273,0.178043,-0.130681,-0.636085,0.114870,-0.751747,20.036110,80.402400,359.606100
481.868,17,-0.148790,1.641530,0.191952,-0.136866,-0.641555,0.122808,-0.744710,21.187840,81.404830,359.551500
481.979,17,-0.121598,1.637949,0.199524,-0.139598,-0.647407,0.126671,-0.738465,21.727460,82.406720,359.609600
482.091,17,-0.089665,1.632476,0.206849,-0.140036,-0.654115,0.129900,-0.731881,22.019260,83.493740,359.570900
482.202,17,-0.064975,1.627829,0.211433,-0.140163,-0.657203,0.132185,-0.728674,22.210570,83.993550,359.479600
482.313,17,-0.043423,1.623286,0.213695,-0.140361,-0.661637,0.133226,-0.724421,22.312350,84.723890,359.548700
482.424,17,-0.025452,1.619000,0.214576,-0.142925,-0.663475,0.135310,-0.721848,22.699000,85.103310,359.646400
482.536,17,-0.012262,1.615962,0.214685,-0.143461,-0.663216,0.138608,-0.721354,23.005930,85.068440,359.397500
482.647,17,-0.000103,1.612892,0.214245,-0.146614,-0.663727,0.142310,-0.719527,23.571660,85.247250,359.364300
482.758,17,0.005349,1.611532,0.213487,-0.147961,-0.664228,0.142343,-0.718782,23.690700,85.376300,359.495300
482.869,17,0.005512,1.611631,0.211048,-0.149596,-0.662004,0.142402,-0.720482,23.834910,85.061570,359.553400
482.980,17,-0.004135,1.613258,0.206488,-0.149640,-0.657647,0.142018,-0.724527,23.805340,84.341030,359.438200
483.091,17,-0.031765,1.620101,0.194155,-0.145111,-0.652653,0.138083,-0.730699,23.098020,83.384250,359.228900
483.202,17,-0.064864,1.628926,0.179019,-0.134341,-0.653106,0.132437,-0.733393,21.718120,83.149670,358.841700
483.313,17,-0.102673,1.635537,0.162716,-0.128190,-0.649350,0.126696,-0.738823,20.729700,82.391980,358.729800
483.425,17,-0.142631,1.642081,0.145882,-0.124123,-0.642875,0.122041,-0.745930,20.004110,81.270700,358.629400
483.536,17,-0.179040,1.648688,0.131425,-0.118521,-0.639944,0.118332,-0.749948,19.221510,80.684400,358.434800
483.647,17,-0.222899,1.656112,0.115246,-0.111578,-0.637275,0.110081,-0.754528,17.979740,80.141080,358.559700
483.758,17,-0.252513,1.660870,0.104978,-0.107424,-0.633425,0.105816,-0.758970,17.284470,79.471930,358.527800
483.869,17,-0.285568,1.667534,0.094124,-0.100256,-0.624706,0.098838,-0.768064,16.110780,78.022220,358.415400
483.980,17,-0.307197,1.670596,0.087282,-0.099017,-0.616874,0.095507,-0.774946,15.741490,76.828200,358.460200
484.091,17,-0.326757,1.672180,0.080483,-0.098455,-0.610957,0.095786,-0.779656,15.697840,75.927700,358.270400
484.203,17,-0.336947,1.672743,0.077654,-0.097361,-0.609059,0.094976,-0.781375,15.536010,75.628720,358.226000
484.313,17,-0.341432,1.672364,0.077694,-0.099325,-0.605274,0.096418,-0.783889,15.809340,75.090730,358.158200
484.425,17,-0.340443,1.671886,0.079127,-0.099183,-0.601091,0.097826,-0.786945,15.885020,74.458520,357.930600
484.536,17,-0.336611,1.670127,0.081111,-0.102087,-0.597889,0.100956,-0.788616,16.363800,74.015960,357.780600
484.647,17,-0.326636,1.668087,0.085413,-0.106329,-0.591231,0.103434,-0.792743,16.911220,73.090640,357.708000
484.758,17,-0.312915,1.665074,0.091181,-0.111155,-0.588061,0.107080,-0.793954,17.604420,72.686830,357.636800
484.869,17,-0.279964,1.656781,0.103230,-0.122459,-0.594760,0.114296,-0.786258,19.179310,73.861680,357.933100
484.980,17,-0.245883,1.650215,0.118019,-0.129654,-0.604691,0.114795,-0.777407,19.902390,75.521870,358.678600
485.091,17,-0.190431,1.641717,0.142943,-0.138477,-0.611700,0.118732,-0.769773,21.004980,76.792620,359.178800
485.202,17,-0.133478,1.629338,0.164228,-0.151167,-0.617129,0.126970,-0.761695,22.767980,77.943520,359.574600
485.313,17,-0.079616,1.617766,0.179103,-0.160945,-0.624001,0.134113,-0.752817,24.185830,79.295510,359.933100
485.424,17,-0.033914,1.605242,0.188895,-0.168532,-0.628486,0.141516,-0.746040,25.426010,80.233370,0.043544
485.535,17,-0.000789,1.595701,0.194984,-0.172728,-0.631623,0.146937,-0.741369,26.214190,80.864800,0.021017
485.646,17,0.033612,1.585139,0.201003,-0.176430,-0.634975,0.151914,-0.736615,26.926310,81.527710,0.016260
485.758,17,0.055564,1.577137,0.204362,-0.180194,-0.634094,0.154785,-0.735865,27.483470,81.514280,0.046446
485.868,17,0.078819,1.567310,0.206735,-0.184918,-0.633273,0.162230,-0.733793,28.480170,81.525070,359.747100
485.980,17,0.092652,1.560792,0.207260,-0.187980,-0.632607,0.166220,-0.732696,29.062800,81.516910,359.623600
486.091,17,0.105787,1.554430,0.206880,-0.191315,-0.630530,0.171013,-0.732519,29.731860,81.279170,359.387600
486.202,17,0.112938,1.550124,0.205310,-0.193208,-0.630321,0.173950,-0.731510,30.129490,81.306240,359.276200
486.313,17,0.117992,1.547065,0.203260,-0.193719,-0.629642,0.175943,-0.731484,30.329120,81.199990,359.107100
486.424,17,0.126210,1.542475,0.202849,-0.189926,-0.629264,0.175813,-0.732834,29.975750,80.973120,358.766000
486.535,17,0.140085,1.531319,0.205437,-0.186425,-0.628169,0.177582,-0.734244,29.792900,80.629470,358.245900
486.646,17,0.163796,1.512185,0.212013,-0.188006,-0.624968,0.177235,-0.736652,29.902350,80.160610,358.273000
486.758,17,0.180748,1.499174,0.217360,-0.188209,-0.623819,0.177287,-0.737561,29.922040,79.976350,358.234400
486.869,17,0.197459,1.484746,0.223365,-0.187167,-0.624140,0.176442,-0.737758,29.763240,79.993620,358.237100
486.980,17,0.209838,1.474154,0.227010,-0.186650,-0.625484,0.175802,-0.736903,29.670250,80.201930,358.311300
487.091,17,0.217578,1.466900,0.229506,-0.186841,-0.628051,0.176835,-0.734419,29.772750,80.632320,358.346200
487.203,17,0.221178,1.463916,0.230785,-0.187042,-0.628607,0.176485,-0.733976,29.765290,80.736530,358.421000
487.314,17,0.221549,1.464653,0.230122,-0.184534,-0.632885,0.174413,-0.731426,29.387490,81.365750,358.581900
487.425,17,0.214580,1.473099,0.228085,-0.179851,-0.639331,0.166761,-0.728766,28.383350,82.303960,359.147400
487.536,17,0.195165,1.487883,0.224168,-0.174365,-0.643231,0.158681,-0.728472,27.269560,82.780630,359.556800
487.647,17,0.148904,1.519497,0.213596,-0.155048,-0.645398,0.137339,-0.735228,23.907900,82.530490,359.886200
487.758,17,0.097291,1.549823,0.198947,-0.132358,-0.646966,0.119866,-0.741315,20.569080,82.152520,359.605000
487.869,17,0.013608,1.590384,0.174127,-0.106058,-0.642136,0.096135,-0.753108,16.451850,80.830820,359.486600
487.980,17,-0.067595,1.622116,0.151051,-0.085830,-0.644858,0.079908,-0.755252,13.456400,80.913990,359.410600
488.091,17,-0.143710,1.642819,0.131265,-0.078560,-0.644538,0.063798,-0.757845,11.613780,80.788720,0.267393
488.202,17,-0.211333,1.657025,0.115429,-0.067326,-0.643937,0.053636,-0.760220,9.871659,80.557770,0.299888
488.313,17,-0.268737,1.667964,0.103873,-0.059568,-0.640978,0.044003,-0.763978,8.477806,80.032510,0.528838
488.425,17,-0.316588,1.676608,0.095035,-0.054981,-0.637365,0.038642,-0.767626,7.681572,79.447900,0.622074
488.536,17,-0.350599,1.682385,0.089400,-0.047235,-0.630845,0.034680,-0.773693,6.710076,78.405450,0.342227
488.647,17,-0.387739,1.688250,0.083365,-0.038034,-0.628725,0.028385,-0.776178,5.436087,78.027040,0.216592
488.758,17,-0.411466,1.692436,0.080827,-0.029938,-0.628960,0.023271,-0.776513,4.345342,78.016890,0.087355
488.869,17,-0.436140,1.696182,0.079009,-0.025925,-0.628478,0.017610,-0.777196,3.579464,77.930640,0.299333
488.980,17,-0.453090,1.699300,0.077971,-0.016803,-0.630266,0.013748,-0.776076,2.488044,78.161230,359.990900
489.091,17,-0.464146,1.700833,0.078224,-0.014218,-0.633828,0.013571,-0.773224,2.246012,78.681020,359.830100
489.203,17,-0.468913,1.702168,0.079342,-0.012147,-0.636801,0.011668,-0.770845,1.924741,79.118350,359.855700
489.313,17,-0.468924,1.702990,0.080356,-0.011599,-0.638025,0.009993,-0.769864,1.754101,79.300020,359.966400
489.425,17,-0.465163,1.701809,0.080273,-0.014008,-0.637988,0.015098,-0.769771,2.340097,79.297780,359.692000
489.536,17,-0.460821,1.701300,0.081337,-0.017164,-0.636089,0.020283,-0.771158,2.996539,79.020740,359.458000
489.647,17,-0.454084,1.699705,0.082930,-0.022835,-0.631422,0.024983,-0.774700,3.837679,78.344760,359.433100
489.758,17,-0.448361,1.698669,0.083992,-0.027063,-0.628822,0.029596,-0.776515,4.545546,77.973890,359.314400
489.869,17,-0.439738,1.696478,0.084154,-0.035160,-0.626613,0.036244,-0.777693,5.745478,77.683530,359.291100
489.980,17,-0.430138,1.694987,0.084900,-0.039159,-0.624201,0.042345,-0.779132,6.539301,77.343540,359.013900
490.091,17,-0.420065,1.693498,0.086568,-0.043639,-0.620077,0.048797,-0.781805,7.397368,76.755430,358.718300
490.202,17,-0.410356,1.692175,0.088131,-0.047595,-0.617506,0.051740,-0.783418,7.959524,76.402080,358.710400
490.313,17,-0.398601,1.690413,0.089838,-0.052805,-0.618248,0.056870,-0.782143,8.796288,76.543980,358.627600
490.424,17,-0.382373,1.687238,0.093978,-0.058897,-0.619337,0.058050,-0.780758,9.431793,76.761640,358.972400
490.536,17,-0.364178,1.685519,0.101190,-0.066669,-0.621534,0.062756,-0.778018,10.471670,77.161620,359.139100
490.647,17,-0.330282,1.685712,0.116210,-0.069879,-0.626848,0.058593,-0.773786,10.463060,78.005840,359.821100
490.758,17,-0.294955,1.687172,0.132228,-0.070980,-0.629997,0.059733,-0.771037,10.644750,78.488490,359.843800
490.869,17,-0.242660,1.687565,0.156085,-0.078023,-0.637655,0.065263,-0.763577,11.676370,79.728850,359.990400
490.980,17,-0.201965,1.687048,0.173734,-0.088515,-0.642949,0.074781,-0.757093,13.308220,80.682160,0.034699
491.091,17,-0.155303,1.689723,0.191731,-0.096351,-0.653726,0.087127,-0.745498,14.926140,82.464380,359.766900
491.202,17,-0.124832,1.693781,0.201205,-0.097779,-0.663885,0.094191,-0.735408,15.597570,84.076980,359.481900
491.313,17,-0.099926,1.696430,0.204239,-0.100849,-0.671506,0.101071,-0.727114,16.403320,85.347000,359.310800
491.425,17,-0.076684,1.695255,0.204482,-0.104204,-0.676674,0.107442,-0.720910,17.196460,86.248250,359.167000
491.536,17,-0.058155,1.694860,0.204525,-0.110280,-0.676920,0.114642,-0.718662,18.283230,86.423270,359.066100
491.647,17,-0.035231,1.697787,0.205433,-0.117143,-0.674277,0.122732,-0.718724,19.505470,86.152170,358.878600
491.758,17,-0.018545,1.700455,0.206198,-0.122702,-0.671499,0.126067,-0.719820,20.240120,85.839690,358.980000
491.869,17,0.002175,1.700420,0.207928,-0.132689,-0.668584,0.137323,-0.718702,21.984210,85.622370,358.766600
491.980,17,0.019936,1.701002,0.210498,-0.141613,-0.668635,0.145617,-0.715310,23.410960,85.891570,358.816800
492.091,17,0.042627,1.700407,0.216336,-0.154954,-0.667882,0.156790,-0.710873,25.451030,86.199750,358.988900
492.202,17,0.063070,1.698040,0.221717,-0.166323,-0.668273,0.165285,-0.705995,27.113620,86.683340,359.286600
492.313,17,0.082928,1.691443,0.227363,-0.175998,-0.671484,0.174412,-0.698366,28.688790,87.630440,359.526600
492.424,17,0.102011,1.678074,0.232729,-0.184558,-0.670255,0.182569,-0.695245,30.090110,87.788140,359.572300
492.535,17,0.120721,1.663716,0.236131,-0.190419,-0.670710,0.189994,-0.691225,31.205290,88.138850,359.516000
492.646,17,0.136629,1.642449,0.238073,-0.197172,-0.667926,0.199574,-0.689324,32.577010,87.960120,359.201100
492.757,17,0.140436,1.626046,0.235042,-0.193935,-0.664655,0.199928,-0.693290,32.321780,87.202390,358.683400
492.868,17,0.137426,1.606749,0.226422,-0.182151,-0.668706,0.189479,-0.695522,30.450420,87.386660,358.673100
492.980,17,0.124698,1.592628,0.219656,-0.176373,-0.667520,0.185283,-0.699271,29.605510,86.926440,358.440600
493.091,17,0.103930,1.579696,0.213860,-0.163097,-0.667958,0.169879,-0.705955,27.208040,86.489040,358.584400
493.202,17,0.086481,1.563918,0.210559,-0.150880,-0.666478,0.150800,-0.714354,24.618440,85.831420,359.096600
493.313,17,0.073080,1.543369,0.207371,-0.143147,-0.664251,0.138645,-0.720457,22.982640,85.229690,359.402200
493.424,17,0.061526,1.525063,0.204874,-0.130392,-0.663362,0.131154,-0.725085,21.290470,84.710370,358.942200
493.535,17,0.050274,1.510656,0.203832,-0.121977,-0.663367,0.122713,-0.728016,19.901900,84.499370,358.973600
493.647,17,0.036744,1.494672,0.202876,-0.111597,-0.662855,0.111422,-0.731953,18.124330,84.182040,359.085700
493.758,17,0.027944,1.483560,0.201360,-0.104710,-0.664373,0.106163,-0.732376,17.123780,84.277600,359.018500
493.869,17,0.018918,1.469090,0.198192,-0.099193,-0.665422,0.101227,-0.732890,16.266910,84.335620,359.023100
493.980,17,0.013272,1.463451,0.194933,-0.092399,-0.664500,0.099346,-0.734869,15.535440,84.054170,358.619400
494.090,17,0.006713,1.455552,0.192073,-0.091601,-0.665646,0.098895,-0.733993,15.433880,84.221600,358.619100
494.202,17,0.000043,1.446474,0.189934,-0.086119,-0.663937,0.093407,-0.736917,14.534210,83.859550,358.620100
494.313,17,-0.005089,1.434861,0.187441,-0.078283,-0.663469,0.085247,-0.739198,13.229430,83.668010,358.696100
494.425,17,-0.009720,1.422931,0.185387,-0.066574,-0.663801,0.073838,-0.741272,11.345600,83.565860,358.767900
494.536,17,-0.013580,1.412506,0.183841,-0.060075,-0.663177,0.066589,-0.743070,10.230040,83.396270,358.877400
494.647,17,-0.019480,1.400410,0.181971,-0.053996,-0.663705,0.061412,-0.743511,9.312067,83.415290,358.859300
494.758,17,-0.025090,1.392115,0.181112,-0.049305,-0.663766,0.056383,-0.744181,8.524559,83.382420,358.930200
494.869,17,-0.033778,1.392216,0.180668,-0.048076,-0.663837,0.057047,-0.744147,8.470016,83.380500,358.779200
494.980,17,-0.038989,1.413557,0.181351,-0.043901,-0.662424,0.055851,-0.745753,8.017406,83.124930,358.545200
495.091,17,-0.037404,1.442281,0.180970,-0.040309,-0.666089,0.053828,-0.742835,7.561779,83.663830,358.481400
495.203,17,-0.031116,1.466385,0.181854,-0.045687,-0.668258,0.056594,-0.740365,8.238190,84.044400,358.683500
495.313,17,-0.026915,1.483148,0.183772,-0.046121,-0.667445,0.056594,-0.741072,8.273833,83.921960,358.708000
495.425,17,-0.026707,1.489785,0.185060,-0.046723,-0.663812,0.059973,-0.744025,8.577521,83.359800,358.423000
495.536,17,-0.030293,1.492899,0.184318,-0.045054,-0.662593,0.062036,-0.745045,8.588920,83.152990,358.102800
495.647,17,-0.038534,1.496905,0.181936,-0.042221,-0.663377,0.063609,-0.744381,8.467581,83.247620,357.758700
495.758,17,-0.052082,1.506921,0.179212,-0.043409,-0.663223,0.066775,-0.744173,8.811318,83.229400,357.575400
495.869,17,-0.086720,1.537410,0.173048,-0.046284,-0.662590,0.064815,-0.744736,8.906939,83.159740,357.957800
495.980,17,-0.128299,1.569758,0.165435,-0.052829,-0.661811,0.067820,-0.744725,9.697962,83.099370,358.192600
496.091,17,-0.192322,1.608349,0.154547,-0.067407,-0.658494,0.082865,-0.744967,12.096800,82.733050,357.966900
496.202,17,-0.246254,1.634907,0.146266,-0.083084,-0.653036,0.091893,-0.747126,14.132570,82.100120,358.298300
496.312,17,-0.290488,1.650405,0.138368,-0.090821,-0.648300,0.097637,-0.749617,15.233810,81.481900,358.300100
496.423,17,-0.321413,1.658511,0.131612,-0.096654,-0.646585,0.104252,-0.749478,16.242050,81.303090,358.133100
496.535,17,-0.338988,1.661339,0.128028,-0.098106,-0.645870,0.105665,-0.749708,16.474790,81.215140,358.105100
496.645,17,-0.352409,1.661400,0.125755,-0.099709,-0.637728,0.107618,-0.756161,16.741510,79.973610,357.870800
496.757,17,-0.358270,1.661679,0.124431,-0.098737,-0.633670,0.112172,-0.759033,16.980710,79.308840,357.294100
496.868,17,-0.362286,1.661525,0.123336,-0.098540,-0.632055,0.112408,-0.760369,16.974700,79.055130,357.220600
496.979,17,-0.363696,1.660571,0.122475,-0.098949,-0.630595,0.113931,-0.761301,17.118450,78.831190,357.080400
497.090,17,-0.364297,1.660069,0.121384,-0.098122,-0.628370,0.115918,-0.762946,17.181630,78.464690,356.785900
497.201,17,-0.364092,1.660085,0.120468,-0.097874,-0.625849,0.116397,-0.764974,17.183700,78.071280,356.665300
497.312,17,-0.362861,1.660591,0.119457,-0.098846,-0.625033,0.117538,-0.765342,17.351420,77.958560,356.615600
497.423,17,-0.361563,1.662107,0.117926,-0.100340,-0.625535,0.119870,-0.764375,17.659540,78.051540,356.527300
497.534,17,-0.362229,1.666939,0.117955,-0.100992,-0.626754,0.120655,-0.763166,17.781580,78.247120,356.534200
497.645,17,-0.365223,1.673939,0.117732,-0.100681,-0.630053,0.116618,-0.761115,17.470290,78.768270,356.956100
497.757,17,-0.366934,1.676691,0.116419,-0.098587,-0.635616,0.110693,-0.757642,16.864090,79.612740,357.460400
497.868,17,-0.367846,1.677731,0.114124,-0.098932,-0.642119,0.110456,-0.752127,16.898070,80.629260,357.657900
497.979,17,-0.368492,1.677564,0.112886,-0.101757,-0.645292,0.111502,-0.748873,17.236080,81.177490,357.859400
498.090,17,-0.369038,1.677681,0.113421,-0.102742,-0.645184,0.111698,-0.748803,17.337480,81.179990,357.916500
498.201,17,-0.369219,1.676644,0.114625,-0.104907,-0.644373,0.111878,-0.749174,17.539860,81.097630,358.050600
498.312,17,-0.369474,1.675975,0.117120,-0.106785,-0.641408,0.112663,-0.751332,17.757400,80.670710,358.055800
498.423,17,-0.369099,1.675238,0.119531,-0.108647,-0.638215,0.112784,-0.753762,17.923650,80.211840,358.112200
498.535,17,-0.368149,1.673923,0.121409,-0.110997,-0.637565,0.114609,-0.753695,18.267720,80.154040,358.115700
498.646,17,-0.366503,1.673174,0.123250,-0.112558,-0.636182,0.115139,-0.754550,18.442980,79.970790,358.155000
498.756,17,-0.365100,1.672775,0.124456,-0.114222,-0.634108,0.115498,-0.755990,18.613150,79.683320,358.199700
498.868,18,-0.363087,1.672407,0.124036,-0.115085,-0.632541,0.115581,-0.757158,18.692850,79.458710,358.219400
498.979,18,-0.361425,1.672201,0.122412,-0.114864,-0.631977,0.117147,-0.757422,18.788140,79.358570,358.046200
499.089,18,-0.359194,1.671234,0.118672,-0.116590,-0.633429,0.120797,-0.755370,19.218340,79.606700,357.888600
499.201,18,-0.357303,1.670639,0.115191,-0.116837,-0.634022,0.123784,-0.754349,19.465260,79.690930,357.653700
499.312,18,-0.354149,1.670080,0.113608,-0.117049,-0.631153,0.124966,-0.756525,19.563180,79.241650,357.486300
499.423,18,-0.349726,1.669283,0.114374,-0.118882,-0.624158,0.124673,-0.762070,19.683540,78.197400,357.466700
499.534,18,-0.347834,1.668372,0.117454,-0.122988,-0.613823,0.123543,-0.769957,19.941330,76.704080,357.606500
499.645,18,-0.350170,1.668538,0.122795,-0.126428,-0.594124,0.118131,-0.785543,19.815820,73.825780,357.845700
499.756,18,-0.354358,1.670275,0.127511,-0.125888,-0.574884,0.109827,-0.800998,19.144190,71.015560,358.107400
499.868,18,-0.360419,1.671819,0.130329,-0.124855,-0.555828,0.101595,-0.815564,18.457030,68.286660,358.373800
499.979,18,-0.363627,1.672784,0.131350,-0.124120,-0.548939,0.097644,-0.820808,18.116990,67.316640,358.551500
500.090,18,-0.367171,1.673556,0.130738,-0.123239,-0.547566,0.094408,-0.822235,17.821470,67.131670,358.778900
500.201,18,-0.370974,1.673769,0.128579,-0.125226,-0.547759,0.092769,-0.821993,17.908610,67.211880,359.077300
500.312,18,-0.374516,1.673073,0.125170,-0.126502,-0.547442,0.092885,-0.821995,18.039140,67.190800,359.144500
500.423,18,-0.376262,1.672780,0.123129,-0.126006,-0.546710,0.094277,-0.822401,18.079640,67.064030,358.957900
500.534,18,-0.376455,1.672424,0.123127,-0.127446,-0.541165,0.092992,-0.825984,18.130690,66.312860,359.054600
500.645,18,-0.374087,1.671709,0.125621,-0.129196,-0.530767,0.092094,-0.832535,18.232940,64.880760,359.022900
500.756,18,-0.370360,1.671096,0.129128,-0.131663,-0.525545,0.090797,-0.835598,18.389270,64.204750,359.193900
500.868,18,-0.362428,1.668774,0.134711,-0.134750,-0.517401,0.089119,-0.840355,18.584050,63.138390,359.374800
500.978,18,-0.352848,1.666273,0.140240,-0.137031,-0.511390,0.089852,-0.843581,18.850080,62.334570,359.307300
501.089,18,-0.333205,1.661264,0.148892,-0.144901,-0.514160,0.096373,-0.839855,20.028880,62.811340,359.214900
501.201,18,-0.307631,1.656510,0.161779,-0.149195,-0.522724,0.098142,-0.833588,20.569120,64.096870,359.532200
501.312,18,-0.274731,1.651441,0.181833,-0.156171,-0.526775,0.100901,-0.829421,21.430090,64.807060,359.824900
501.423,18,-0.240476,1.646587,0.207385,-0.165662,-0.522055,0.101448,-0.830496,22.400960,64.362240,0.276768
501.533,18,-0.204340,1.643638,0.235694,-0.172980,-0.517497,0.104586,-0.831467,23.322080,63.861330,0.319085
501.645,18,-0.168905,1.640880,0.264959,-0.178700,-0.514778,0.102910,-0.832154,23.788590,63.650250,0.795683
501.757,18,-0.138984,1.637962,0.289830,-0.182775,-0.512045,0.106356,-0.832521,24.408930,63.324860,0.634955
501.867,18,-0.102995,1.632622,0.319071,-0.189774,-0.510564,0.111035,-0.831253,25.396530,63.248600,0.582701
501.979,18,-0.077236,1.628349,0.340889,-0.194094,-0.513785,0.112640,-0.828049,25.924330,63.826520,0.821999
502.089,18,-0.046642,1.622111,0.366702,-0.200695,-0.516263,0.113902,-0.824755,26.657410,64.383580,1.240075
502.201,18,-0.022106,1.617013,0.386760,-0.202906,-0.518052,0.115823,-0.822822,26.995200,64.692350,1.262217
502.312,18,-0.000040,1.612577,0.403338,-0.202638,-0.522394,0.118121,-0.819811,27.107510,65.291560,1.161203
502.423,18,0.019252,1.609316,0.418273,-0.204755,-0.527875,0.123167,-0.815018,27.631960,66.106090,0.996253
502.535,18,0.032004,1.608295,0.429443,-0.206290,-0.533468,0.128522,-0.810147,28.123590,66.921420,0.770216
502.646,18,0.041793,1.611666,0.437119,-0.201658,-0.544315,0.129410,-0.803933,27.717860,68.384030,0.741499
502.757,18,0.045571,1.617048,0.439412,-0.201341,-0.553849,0.129623,-0.797440,27.690680,69.822400,1.054317
502.868,18,0.052786,1.624048,0.441217,-0.193493,-0.562392,0.123907,-0.794307,26.535610,70.913330,1.332089
502.979,18,0.064521,1.626098,0.441190,-0.186950,-0.564055,0.124257,-0.794640,25.931220,70.933010,0.855087
503.090,18,0.090820,1.624942,0.439063,-0.178426,-0.563839,0.127925,-0.796169,25.364350,70.575900,359.842000
503.202,18,0.128199,1.621847,0.431123,-0.167227,-0.564718,0.134936,-0.796819,24.765200,70.289050,358.348700
503.313,18,0.186779,1.617435,0.415741,-0.152510,-0.570774,0.152499,-0.792277,24.566230,70.611840,355.740800
503.424,18,0.260915,1.611370,0.402057,-0.145740,-0.575742,0.155010,-0.789464,24.117250,71.171690,355.164800
503.536,18,0.324148,1.605080,0.397440,-0.146198,-0.573427,0.157433,-0.790584,24.312660,70.805660,354.884200
503.647,18,0.395278,1.597703,0.402632,-0.148751,-0.565558,0.160860,-0.795074,24.739090,69.636700,354.469200
503.759,18,0.434456,1.592566,0.416985,-0.153276,-0.551360,0.162374,-0.803831,25.180360,67.589110,354.163900
503.869,18,0.463051,1.587359,0.442710,-0.160780,-0.534872,0.161394,-0.813643,25.739820,65.319600,354.224900
503.981,18,0.472080,1.587368,0.471016,-0.163845,-0.529803,0.159283,-0.816758,25.875650,64.670690,354.478000
504.092,18,0.467304,1.588818,0.505005,-0.164994,-0.535316,0.152070,-0.814303,25.564100,65.616380,355.485000
504.203,18,0.450217,1.592772,0.543945,-0.163447,-0.557078,0.143088,-0.801545,24.925730,68.938360,357.011600
504.314,18,0.424985,1.599081,0.579425,-0.151903,-0.596728,0.130594,-0.777037,23.074410,74.769660,358.650700
504.425,18,0.377272,1.615033,0.623728,-0.118587,-0.677923,0.108859,-0.717291,18.525050,86.813000,0.279125
504.537,18,0.333427,1.632540,0.656662,-0.091642,-0.742040,0.101051,-0.656328,15.679850,97.042560,0.199871
504.647,18,0.271865,1.657883,0.694869,-0.061007,-0.805222,0.085951,-0.583532,12.099960,108.126700,359.879200
504.758,18,0.225640,1.678978,0.715102,-0.034343,-0.852528,0.071189,-0.516671,9.025279,117.495700,359.129400
504.869,18,0.171295,1.696970,0.728575,-0.013143,-0.903228,0.059267,-0.424846,6.790046,129.527600,358.464100
504.980,18,0.131074,1.700844,0.731576,0.004814,-0.936689,0.065216,-0.344001,6.826484,139.482600,356.888900
505.090,18,0.086529,1.697460,0.732434,0.012124,-0.960752,0.086736,-0.263221,9.223247,149.033500,355.994000
505.201,18,0.051481,1.689425,0.731057,0.015084,-0.968959,0.128087,-0.210913,13.996300,154.835400,355.077400
505.311,18,0.020133,1.682262,0.731461,0.010216,-0.970407,0.159121,-0.181347,17.765320,158.099300,355.329700
505.422,18,-0.008214,1.678042,0.736395,0.004512,-0.967881,0.176214,-0.179262,19.845830,158.246800,355.615400
505.532,18,-0.036532,1.674314,0.745593,-0.003342,-0.962942,0.188047,-0.193313,21.312130,156.529400,355.921100
505.643,18,-0.065834,1.670864,0.758942,-0.014241,-0.958078,0.196606,-0.207916,22.497900,154.839400,356.620300
505.755,18,-0.088352,1.668169,0.770580,-0.018714,-0.953244,0.204042,-0.222132,23.410600,153.053500,356.565800
505.866,18,-0.110344,1.660524,0.783617,-0.027591,-0.946090,0.216889,-0.238981,25.060870,150.923500,356.743600
505.977,18,-0.120959,1.654741,0.789453,-0.028478,-0.941487,0.231542,-0.243269,26.733580,150.123800,356.210300
506.089,18,-0.120404,1.637716,0.773417,-0.026127,-0.945783,0.241835,-0.215240,27.949550,153.474700,356.450800
506.198,18,-0.113160,1.613939,0.753814,-0.026861,-0.954094,0.226735,-0.193843,26.299730,156.483700,357.657200
506.308,18,-0.106680,1.555277,0.728251,-0.022350,-0.969413,0.178680,-0.166771,20.725010,160.295400,359.003600
506.422,18,-0.107664,1.492290,0.711450,-0.016697,-0.977802,0.145565,-0.149785,16.838130,162.484600,359.344300
506.534,18,-0.108069,1.435068,0.697902,-0.008453,-0.984106,0.117452,-0.132924,13.498390,164.513400,359.140400
506.644,18,-0.104751,1.385406,0.687073,-0.009278,-0.986017,0.101569,-0.131788,11.697440,164.723500,359.504100
506.755,18,-0.100655,1.352085,0.678500,-0.004016,-0.987267,0.090430,-0.130803,10.346970,164.822700,359.084000
506.867,18,-0.100424,1.320666,0.667391,-0.004673,-0.990615,0.076979,-0.112850,8.833732,166.965500,359.529400
506.978,18,-0.108352,1.303441,0.656561,-0.001801,-0.993192,0.071866,-0.091658,8.226359,169.414700,359.444400
507.089,18,-0.124345,1.295628,0.646143,0.004671,-0.995195,0.070061,-0.068244,7.979105,172.078300,358.908800
507.200,18,-0.139563,1.310915,0.647015,0.006490,-0.996266,0.070902,-0.048832,8.084896,174.306500,358.850800
507.312,18,-0.147032,1.364357,0.660275,0.018463,-0.995670,0.083356,-0.036780,9.475801,175.562300,357.507300
507.423,18,-0.142424,1.441923,0.692203,0.021586,-0.994842,0.095364,-0.027021,10.869790,176.621100,357.192500
507.533,18,-0.131846,1.524669,0.744758,0.026762,-0.992484,0.114433,-0.034136,13.021570,175.650900,356.414300
507.644,18,-0.124792,1.591295,0.804860,0.031594,-0.989813,0.135198,-0.031504,15.405670,175.781900,355.772800
507.755,18,-0.119649,1.631771,0.854528,0.034885,-0.987852,0.148152,-0.031356,16.888890,175.667500,355.311500
507.866,18,-0.114121,1.662883,0.909240,0.039349,-0.984660,0.167228,-0.030512,19.082200,175.554700,354.675600
507.977,18,-0.112268,1.672930,0.943709,0.041471,-0.983221,0.175181,-0.029475,20.001160,175.575600,354.388900
508.088,18,-0.111595,1.677608,0.975679,0.049500,-0.981672,0.181935,-0.027731,20.760060,175.555800,353.412300
508.199,18,-0.111364,1.677269,0.992408,0.052859,-0.980740,0.186649,-0.022767,21.327680,176.036300,353.083200
508.310,18,-0.110493,1.678604,1.004631,0.054096,-0.981323,0.183388,-0.021178,20.954960,176.229700,352.991900
508.422,18,-0.110587,1.677665,1.010046,0.054024,-0.980502,0.187676,-0.021789,21.449370,176.118400,352.957200
508.533,18,-0.111250,1.676643,1.012855,0.052775,-0.979978,0.190466,-0.024076,21.762760,175.844900,353.035700
508.645,18,-0.113178,1.676093,1.014466,0.051486,-0.979960,0.191056,-0.022919,21.844830,176.009600,353.214600
508.756,18,-0.114667,1.675898,1.015382,0.049963,-0.979901,0.191971,-0.021116,21.969610,176.255500,353.435200
508.868,18,-0.115224,1.675615,1.015938,0.047658,-0.979978,0.192112,-0.021585,21.991780,176.251700,353.703100
508.979,18,-0.114884,1.675718,1.015522,0.046122,-0.980261,0.191196,-0.020138,21.899900,176.470700,353.929400
509.089,18,-0.113507,1.675027,1.014694,0.044153,-0.980009,0.192802,-0.021466,22.086070,176.343300,354.126900
509.200,18,-0.112362,1.673899,1.012283,0.039645,-0.979828,0.194301,-0.024742,22.259440,176.041300,354.586900
509.310,18,-0.110286,1.673032,1.006622,0.036435,-0.979723,0.193896,-0.034913,22.171820,174.886400,354.737800
509.421,18,-0.108775,1.668615,0.992420,0.032953,-0.978906,0.197912,-0.038570,22.639510,174.494000,355.040900
509.532,18,-0.111946,1.659060,0.964536,0.031551,-0.979559,0.197490,-0.021607,22.677430,176.595500,355.627400
509.643,18,-0.116120,1.639489,0.928032,0.032265,-0.982600,0.181196,-0.024969,20.761330,176.274200,355.555800
509.754,18,-0.124664,1.616549,0.893614,0.031038,-0.984201,0.172644,-0.024052,19.775720,176.462600,355.770600
509.865,18,-0.139561,1.586747,0.851330,0.023718,-0.986201,0.163366,-0.012518,18.761520,178.036600,356.920200
509.976,18,-0.146142,1.565534,0.823035,0.027090,-0.987155,0.154566,-0.030013,17.670010,175.929900,356.223300
510.088,18,-0.155145,1.540471,0.788657,0.020907,-0.989050,0.142901,-0.030376,16.343940,176.052400,357.011000
510.199,18,-0.159692,1.522095,0.760730,0.019403,-0.989304,0.140655,-0.033439,16.081470,175.725300,357.148700
510.310,18,-0.163030,1.498507,0.722346,0.018061,-0.988807,0.141939,-0.042272,16.210900,174.698400,357.151600
510.422,18,-0.165581,1.480373,0.689241,0.017695,-0.988614,0.143380,-0.042079,16.379900,174.720800,357.188800
510.533,18,-0.167906,1.461030,0.656127,0.015325,-0.988133,0.145527,-0.046689,16.628730,174.206000,357.375500
510.645,18,-0.170980,1.441228,0.627499,0.015584,-0.987907,0.146767,-0.047508,16.768320,174.098800,357.322000
510.756,18,-0.174040,1.425235,0.606570,0.013679,-0.987150,0.151131,-0.050073,17.278000,173.808000,357.470600
510.867,18,-0.179571,1.411521,0.582158,0.014064,-0.986695,0.153263,-0.052401,17.516100,173.514200,357.366500
510.978,18,-0.184199,1.404744,0.566417,0.016151,-0.985869,0.156708,-0.056955,17.887370,172.916100,357.006700
511.089,18,-0.189899,1.399921,0.551137,0.017379,-0.985556,0.157720,-0.059170,17.988540,172.623500,356.810400
511.201,18,-0.193144,1.397283,0.543600,0.015315,-0.985502,0.157934,-0.060063,18.025960,172.554600,357.036800
511.311,18,-0.194587,1.398381,0.544303,0.015883,-0.984609,0.162795,-0.061574,18.579660,172.335300,356.896100
511.423,18,-0.195713,1.405169,0.554851,0.015269,-0.984447,0.165596,-0.056642,18.923890,172.920900,357.041500
511.534,18,-0.193542,1.419306,0.576892,0.018361,-0.985710,0.159329,-0.051506,18.192610,173.509400,356.825500
511.645,18,-0.188258,1.451024,0.615340,0.023747,-0.987217,0.150022,-0.048285,17.092490,173.846300,356.318500
511.756,18,-0.182621,1.494443,0.662261,0.028276,-0.989329,0.135056,-0.046775,15.342250,174.036700,355.921800
511.867,18,-0.173018,1.558008,0.735042,0.034095,-0.992467,0.108288,-0.046058,12.228020,174.197500,355.442800
511.978,18,-0.165307,1.600846,0.795353,0.034744,-0.992340,0.109772,-0.044771,12.400980,174.330600,355.373100
512.088,18,-0.155990,1.642839,0.868517,0.038830,-0.989937,0.127496,-0.047566,14.402470,173.831500,354.727400
512.200,18,-0.149734,1.664983,0.917181,0.048833,-0.987468,0.141171,-0.050916,15.892380,173.172100,353.383600
512.310,18,-0.142085,1.674578,0.968748,0.057575,-0.979728,0.185383,-0.049505,20.949790,172.719500,351.925800
512.421,18,-0.134379,1.677891,1.001923,0.051742,-0.979688,0.187892,-0.047244,21.300650,173.094900,352.653500
512.532,18,-0.126832,1.679224,1.028656,0.057580,-0.978244,0.193104,-0.049342,21.846640,172.647900,351.842000
512.644,18,-0.120293,1.679410,1.047512,0.053860,-0.978714,0.192379,-0.047006,21.808360,173.025700,352.355100
512.755,18,-0.116621,1.677578,1.059883,0.057088,-0.977508,0.199075,-0.039866,22.621510,173.739000,352.061700
512.866,18,-0.113873,1.674311,1.069498,0.057716,-0.975911,0.209475,-0.019685,23.990570,176.071000,352.395800
512.978,18,-0.112115,1.672924,1.073256,0.058152,-0.975525,0.211691,-0.012547,24.302830,176.911700,352.512000
513.087,18,-0.110437,1.672522,1.075156,0.058015,-0.975456,0.212132,-0.010955,24.366990,177.106300,352.567800
513.198,18,-0.109823,1.671831,1.075074,0.056724,-0.974780,0.215476,-0.012545,24.750000,176.913200,352.661800
513.298,18,-0.110571,1.671241,1.074238,0.055316,-0.974853,0.215630,-0.010301,24.788800,177.225900,352.894900
513.408,18,-0.112108,1.670864,1.074347,0.053547,-0.974996,0.215303,-0.012642,24.739000,176.988800,353.052400
513.518,18,-0.115151,1.671167,1.074838,0.052214,-0.975594,0.212852,-0.013592,24.449750,176.930300,353.207600
513.631,18,-0.117967,1.671138,1.075440,0.052975,-0.975580,0.212658,-0.014600,24.417550,176.788100,353.088500
513.741,19,-0.121522,1.671236,1.075545,0.053109,-0.975882,0.211465,-0.010800,24.304340,177.261700,353.180200
513.849,19,-0.123857,1.670915,1.075771,0.052864,-0.975654,0.212591,-0.010463,24.438960,177.299600,353.212200
513.950,19,-0.125867,1.672038,1.076200,0.051991,-0.976631,0.208265,-0.010721,23.933800,177.328800,353.339100
514.060,19,-0.127878,1.673332,1.077334,0.053395,-0.977534,0.203758,-0.007649,23.424700,177.707000,353.271600
514.170,19,-0.127194,1.673952,1.078316,0.054853,-0.977643,0.202792,-0.008949,23.299350,177.519700,353.065800
514.284,19,-0.123361,1.674399,1.076744,0.052009,-0.978063,0.201211,-0.014233,23.086070,176.961000,353.291400
514.397,19,-0.119652,1.679997,1.073913,0.049311,-0.983009,0.175769,-0.019154,20.101010,176.642900,353.661400
514.509,19,-0.116263,1.690597,1.069939,0.047561,-0.990022,0.129546,-0.028507,14.702170,175.923100,353.973000
514.622,19,-0.114739,1.695907,1.062426,0.045066,-0.992089,0.110581,-0.038742,12.469530,174.897600,354.240400
514.731,19,-0.114261,1.699980,1.047671,0.045520,-0.993380,0.093444,-0.048912,10.439550,173.830900,354.188500
514.840,19,-0.114493,1.700060,1.026113,0.044335,-0.993482,0.087615,-0.057894,9.727009,172.842800,354.279800
514.947,19,-0.117615,1.699767,0.984096,0.048893,-0.993648,0.076250,-0.066771,8.337351,171.856900,353.771500
515.058,19,-0.121251,1.698958,0.940331,0.049025,-0.993280,0.073059,-0.075188,7.918535,170.907100,353.718100
515.169,19,-0.126802,1.703124,0.874263,0.050456,-0.992328,0.064972,-0.092296,6.870888,168.982800,353.515000
515.280,19,-0.132154,1.708145,0.822315,0.050687,-0.991543,0.060518,-0.103009,6.290555,167.778800,353.473200
515.391,19,-0.139466,1.715086,0.765114,0.043040,-0.991271,0.051923,-0.113286,5.347058,166.699200,354.403800
515.502,19,-0.144340,1.717035,0.725907,0.044569,-0.990283,0.044526,-0.123977,4.423965,165.507100,354.283300
515.613,19,-0.146694,1.719766,0.694170,0.042176,-0.989303,0.039065,-0.134073,3.783442,164.385800,354.598800
515.725,19,-0.145452,1.720835,0.665217,0.038459,-0.989465,0.028232,-0.136689,2.599588,164.160100,355.186500
515.836,19,-0.140790,1.730022,0.642321,0.059056,-0.988029,-0.014672,-0.141759,357.378600,163.818400,353.531600
515.947,19,-0.128531,1.727157,0.606566,0.049799,-0.988820,-0.036000,-0.135865,355.139700,164.569800,354.892600
516.058,19,-0.113463,1.720248,0.569625,0.040532,-0.989785,-0.026341,-0.134125,356.387000,164.698500,355.795600
516.169,19,-0.091570,1.716883,0.516803,0.033151,-0.992547,-0.018795,-0.115749,357.421700,166.776100,356.473000
516.277,19,-0.075094,1.720538,0.478249,0.030007,-0.994894,-0.023605,-0.093432,356.986200,169.353500,356.825800
516.389,19,-0.051515,1.722854,0.419503,0.032298,-0.997266,-0.028529,-0.060024,356.515500,173.217800,356.496600
516.501,19,-0.031353,1.724416,0.372674,0.031596,-0.998094,-0.037156,-0.037809,355.609200,175.794100,356.535000
516.612,19,-0.011588,1.723363,0.332952,0.031975,-0.998166,-0.043408,-0.027550,354.927300,176.994700,356.463600
516.724,19,0.004427,1.721559,0.300836,0.032194,-0.998355,-0.043716,-0.018423,354.924200,178.045600,356.392700
516.836,19,0.016526,1.719434,0.277515,0.032337,-0.998402,-0.045100,-0.010692,354.793400,178.939400,356.338100
516.947,19,0.030168,1.715751,0.254508,0.031052,-0.998562,-0.043682,-0.000982,354.991700,180.043200,356.435900
517.059,19,0.038633,1.713894,0.242497,0.031924,-0.998485,-0.044207,0.007350,354.962300,181.006700,356.293200
517.169,19,0.047116,1.713243,0.234711,0.028985,-0.998378,-0.044419,0.020697,354.980500,182.525900,356.563400
517.281,19,0.052359,1.716105,0.233919,0.023975,-0.997627,-0.055626,0.032742,353.718200,183.922400,357.031400
517.392,19,0.055002,1.718052,0.233416,0.021881,-0.996729,-0.067644,0.038421,352.347500,184.603900,357.176700
517.504,19,0.054261,1.720436,0.230749,0.024213,-0.995890,-0.079012,0.037058,351.049600,184.507800,356.861500
517.615,19,0.051308,1.721160,0.224988,0.027251,-0.995546,-0.083974,0.033079,350.479700,184.095800,356.522900
517.726,19,0.045105,1.721020,0.210812,0.031792,-0.995295,-0.088441,0.023549,349.947300,183.056400,356.072100
517.838,19,0.038310,1.719364,0.193375,0.037285,-0.995128,-0.089682,0.016960,349.791700,182.355100,355.498200
517.949,19,0.027929,1.719704,0.162310,0.042585,-0.995042,-0.089498,0.008287,349.781500,181.404100,354.973300
518.061,19,0.016876,1.720016,0.129649,0.048070,-0.995005,-0.087488,0.000109,349.974200,180.502000,354.424200
518.171,19,0.004526,1.720875,0.093692,0.055498,-0.994314,-0.090024,-0.012439,349.606700,179.141100,353.688800
518.283,19,-0.012055,1.720426,0.053676,0.070847,-0.992860,-0.091685,-0.028341,349.276100,177.474900,352.074000
518.393,19,-0.035692,1.716233,0.012441,0.096300,-0.990502,-0.090082,-0.038946,349.283200,176.510500,349.221300
518.505,19,-0.061267,1.710353,-0.028342,0.112802,-0.989130,-0.085297,-0.040280,349.756800,176.478700,347.303600
518.616,19,-0.077823,1.705275,-0.060297,0.123863,-0.988514,-0.076558,-0.040455,350.713000,176.455300,346.003800
518.728,19,-0.088395,1.700104,-0.092403,0.132683,-0.987591,-0.070922,-0.045041,351.255000,175.930400,345.007600
518.839,19,-0.089910,1.698028,-0.110428,0.132906,-0.987724,-0.065516,-0.049443,351.803600,175.349100,345.006300
518.950,19,-0.087333,1.697570,-0.125230,0.129836,-0.987805,-0.063427,-0.057981,351.931200,174.315100,345.425300
519.061,19,-0.085274,1.698667,-0.134212,0.126658,-0.988022,-0.062732,-0.061932,351.972400,173.826300,345.823400
519.172,19,-0.086423,1.698679,-0.143217,0.128230,-0.987561,-0.064094,-0.064588,351.769400,173.552800,345.668000
519.283,19,-0.089061,1.696746,-0.154069,0.131929,-0.986870,-0.063964,-0.067758,351.713200,173.218000,345.263100
519.394,19,-0.091191,1.694458,-0.163879,0.134526,-0.986447,-0.060809,-0.071608,351.996400,172.753200,344.976100
519.505,19,-0.092270,1.692722,-0.174532,0.134904,-0.986046,-0.061255,-0.075904,351.878100,172.269600,344.968800
519.616,19,-0.091789,1.691785,-0.181486,0.134545,-0.985638,-0.062267,-0.080862,351.691400,171.711500,345.056800
519.727,19,-0.090169,1.690611,-0.187879,0.135172,-0.985037,-0.062759,-0.086560,351.544500,171.068600,345.034300
519.838,19,-0.088987,1.690743,-0.190872,0.135251,-0.984658,-0.064332,-0.089538,351.320300,170.748500,345.061400
519.949,19,-0.087961,1.690211,-0.193153,0.135102,-0.984307,-0.062359,-0.094860,351.466200,170.107800,345.109100
520.061,19,-0.088279,1.689898,-0.194443,0.135518,-0.984067,-0.062058,-0.096931,351.465200,169.868900,345.075900
520.172,19,-0.088841,1.689636,-0.195184,0.136848,-0.983865,-0.062364,-0.096919,351.417000,169.885900,344.923800
520.283,19,-0.088127,1.688925,-0.195519,0.137088,-0.983948,-0.060594,-0.096863,351.616400,169.869900,344.881100
520.395,19,-0.084339,1.688727,-0.194165,0.136377,-0.983903,-0.059874,-0.098748,351.676900,169.637200,344.973200
520.506,19,-0.072647,1.687568,-0.188196,0.128904,-0.984360,-0.056907,-0.105738,351.993000,168.731800,345.870100
520.617,19,-0.062672,1.689603,-0.173051,0.125498,-0.983739,-0.053226,-0.116939,352.295000,167.367900,346.313900
520.728,19,-0.053206,1.696344,-0.136383,0.121845,-0.983093,-0.050434,-0.127037,352.523400,166.141600,346.779400
520.839,19,-0.045460,1.705577,-0.094071,0.125185,-0.981420,-0.050123,-0.136495,352.382600,165.069800,346.461400
520.950,19,-0.038866,1.712414,-0.024277,0.118244,-0.981105,-0.038229,-0.148287,353.680000,163.521600,347.171600
521.061,19,-0.040885,1.713233,0.045282,0.115564,-0.981900,-0.019620,-0.148772,355.818500,163.238400,347.191300
521.171,19,-0.051088,1.714288,0.112552,0.097846,-0.983404,-0.001401,-0.152777,358.128800,162.520300,348.923600
521.282,19,-0.067489,1.711959,0.172234,0.091304,-0.981864,0.004567,-0.166089,358.776000,160.909500,349.580500
521.393,19,-0.085568,1.711380,0.222973,0.089148,-0.980925,0.010227,-0.172436,359.388000,160.114800,349.721500
521.504,19,-0.101993,1.712715,0.265528,0.084070,-0.980650,0.011155,-0.176445,359.553700,159.638100,350.280300
521.616,19,-0.116129,1.714460,0.296742,0.081076,-0.980155,0.012200,-0.180485,359.693500,159.158200,350.599200
521.727,19,-0.133720,1.717000,0.328361,0.082476,-0.980208,0.007826,-0.179802,359.179700,159.279300,350.530800
521.838,19,-0.145412,1.721486,0.346044,0.083113,-0.981390,-0.008005,-0.172925,357.452000,160.219500,350.762800
521.949,19,-0.158680,1.725716,0.360434,0.083823,-0.981793,-0.025471,-0.168548,355.510800,160.871200,350.996900
522.061,19,-0.170476,1.725133,0.366491,0.086591,-0.980377,-0.032946,-0.174002,354.564100,160.306700,350.849200
522.172,19,-0.181495,1.724772,0.367312,0.091686,-0.978551,-0.037874,-0.180546,353.844300,159.609800,350.402600
522.283,19,-0.189444,1.727230,0.364571,0.099356,-0.976388,-0.042646,-0.187019,353.082500,158.939800,349.666600
522.394,19,-0.194334,1.727227,0.360940,0.098805,-0.976268,-0.042257,-0.188024,353.127300,158.815700,349.728600
522.506,19,-0.198484,1.725752,0.357471,0.096559,-0.975835,-0.034749,-0.192914,353.968600,158.170100,349.862100
522.617,19,-0.202086,1.724451,0.356759,0.095905,-0.975492,-0.030455,-0.195678,354.436500,157.808600,349.862000
522.728,19,-0.206761,1.724547,0.357654,0.096860,-0.974855,-0.031386,-0.198217,354.284300,157.524600,349.788100
522.839,19,-0.210801,1.724621,0.358949,0.097780,-0.974462,-0.031734,-0.199641,354.209700,157.366100,349.699700
522.950,19,-0.216198,1.724128,0.362016,0.100125,-0.973905,-0.028889,-0.201615,354.454100,157.123700,349.383300
523.061,19,-0.219822,1.724417,0.364960,0.100931,-0.973632,-0.029682,-0.202418,354.338000,157.040900,349.314000
523.172,19,-0.222561,1.724047,0.367652,0.101675,-0.972982,-0.028436,-0.205327,354.428500,156.693700,349.218600
523.283,19,-0.225263,1.723685,0.369341,0.101952,-0.972551,-0.027988,-0.207286,354.450500,156.462100,349.188300
523.395,19,-0.226389,1.723502,0.368466,0.100408,-0.971994,-0.028344,-0.210579,354.411300,156.071300,349.389600
523.506,19,-0.227845,1.722928,0.360580,0.099140,-0.972392,-0.031682,-0.208857,354.086500,156.294300,349.599200
523.617,19,-0.230230,1.723652,0.348058,0.101733,-0.970570,-0.032954,-0.215772,353.807400,155.508500,349.377700
523.728,19,-0.237578,1.723703,0.323234,0.111924,-0.965414,-0.036786,-0.232586,352.929500,153.626100,348.432600
523.839,19,-0.244618,1.722825,0.295956,0.116491,-0.960615,-0.039971,-0.249101,352.251300,151.732300,348.125300
523.950,19,-0.251698,1.723157,0.252876,0.097912,-0.956648,-0.050085,-0.269686,351.451900,149.211800,350.670000
524.062,19,-0.253312,1.727199,0.210208,0.096001,-0.945893,-0.058902,-0.304304,350.220500,145.062000,351.493900
524.173,19,-0.254376,1.731231,0.165804,0.092592,-0.930282,-0.068828,-0.348233,348.898700,139.663600,352.720600
524.284,19,-0.254515,1.733266,0.122740,0.094810,-0.911350,-0.078427,-0.392813,347.441600,134.086200,353.458600
524.396,19,-0.253581,1.733848,0.088449,0.094997,-0.896623,-0.078320,-0.425335,347.217000,129.927700,353.894200
524.508,19,-0.249591,1.735419,0.052415,0.095485,-0.877558,-0.078554,-0.463253,346.918400,124.982800,354.414300
524.619,19,-0.246036,1.736223,0.029769,0.101727,-0.861333,-0.079117,-0.491423,346.333300,121.277800,354.242200
524.730,19,-0.242438,1.737308,0.001510,0.115321,-0.850628,-0.083156,-0.506181,345.035800,119.364400,353.342200
524.842,19,-0.234505,1.738282,-0.022653,0.126803,-0.851075,-0.089861,-0.501515,343.731200,120.057600,352.475600
524.952,19,-0.217680,1.737527,-0.044540,0.132133,-0.848735,-0.094671,-0.503216,342.921400,119.838900,352.243400
525.064,19,-0.194081,1.736006,-0.063083,0.135780,-0.842944,-0.096656,-0.511535,342.430400,118.710900,352.161200
525.175,19,-0.173272,1.735408,-0.077493,0.139956,-0.840162,-0.100049,-0.514325,341.815400,118.335000,351.997900
525.286,19,-0.148557,1.733105,-0.094616,0.144913,-0.839518,-0.100170,-0.513981,341.509100,118.435000,351.489900
525.397,19,-0.131553,1.731215,-0.105814,0.147087,-0.839440,-0.100222,-0.513480,341.378600,118.528100,351.258700
525.508,19,-0.113880,1.728673,-0.117399,0.150211,-0.837377,-0.099073,-0.516160,341.277300,118.198800,350.930500
525.620,19,-0.103455,1.726437,-0.124680,0.151698,-0.836011,-0.095052,-0.518689,341.560800,117.896400,350.594100
525.730,19,-0.093302,1.723934,-0.132992,0.151310,-0.835793,-0.091619,-0.519771,341.914200,117.769000,350.451500
525.842,19,-0.087357,1.721694,-0.139371,0.153043,-0.834279,-0.088061,-0.522304,342.133200,117.459900,350.116200
525.952,19,-0.083464,1.719760,-0.144803,0.155718,-0.833217,-0.083954,-0.523882,342.358600,117.294500,349.630600
526.063,19,-0.080636,1.718295,-0.148825,0.158369,-0.833474,-0.083082,-0.522817,342.296600,117.475400,349.285000
526.174,19,-0.078268,1.717218,-0.151849,0.158749,-0.833184,-0.081497,-0.523414,342.423000,117.405300,349.164000
526.285,19,-0.075747,1.715865,-0.155488,0.158957,-0.832046,-0.079150,-0.525517,342.615500,117.126900,349.046700
526.397,19,-0.074382,1.714855,-0.157924,0.159295,-0.832117,-0.077899,-0.525489,342.719000,117.140800,348.936500
526.508,19,-0.073404,1.714141,-0.160606,0.158523,-0.832310,-0.074644,-0.525889,343.083100,117.093700,348.827900
526.618,19,-0.073537,1.713143,-0.161823,0.156717,-0.832439,-0.073541,-0.526381,343.296300,117.013200,348.955200
526.730,19,-0.074802,1.712672,-0.163811,0.156818,-0.832966,-0.072162,-0.525708,343.435200,117.113900,348.848600
526.841,19,-0.076621,1.712137,-0.165135,0.156423,-0.833205,-0.070057,-0.525732,343.667200,117.115700,348.763100
526.952,19,-0.078990,1.712216,-0.165155,0.156236,-0.832450,-0.068893,-0.527135,343.774700,116.923400,348.740000
527.063,19,-0.082855,1.712544,-0.163182,0.156436,-0.830295,-0.067138,-0.530689,343.887500,116.437000,348.683700
527.174,19,-0.089103,1.712495,-0.157340,0.152474,-0.831264,-0.059552,-0.531230,344.870400,116.351900,348.635400
527.285,19,-0.107130,1.717694,-0.138108,0.140819,-0.832985,-0.051940,-0.532548,346.319000,116.095500,349.367200
527.396,19,-0.129226,1.722323,-0.114482,0.136673,-0.837052,-0.055806,-0.526831,346.265000,116.845300,349.920800
527.507,19,-0.160960,1.728269,-0.076050,0.135855,-0.843171,-0.059048,-0.516836,346.113200,118.203300,350.030600
527.618,19,-0.187749,1.730388,-0.041063,0.132937,-0.846272,-0.058402,-0.512583,346.400600,118.762900,350.218400
527.729,19,-0.225433,1.732518,0.006003,0.127951,-0.851103,-0.053646,-0.506335,347.238800,119.583400,350.350900
527.839,19,-0.256630,1.731515,0.042989,0.121212,-0.854466,-0.046790,-0.502997,348.351900,119.993700,350.593400
527.950,19,-0.297074,1.732361,0.088000,0.116595,-0.859346,-0.041719,-0.496174,349.198600,120.879500,350.685200
528.061,19,-0.329400,1.731585,0.124402,0.113080,-0.863315,-0.039442,-0.490250,349.689800,121.646000,350.842800
528.172,19,-0.358951,1.730068,0.156060,0.108155,-0.866277,-0.031186,-0.486718,350.833000,122.076400,350.847700
528.284,19,-0.386929,1.729086,0.182067,0.104843,-0.870229,-0.029405,-0.480464,351.261500,122.880000,351.023500
528.396,19,-0.409078,1.728491,0.199652,0.105099,-0.872931,-0.026969,-0.475624,351.543500,123.512000,350.818100
528.507,19,-0.432236,1.727217,0.217158,0.104050,-0.873569,-0.023812,-0.474852,351.927900,123.599300,350.748500
528.618,19,-0.445499,1.725984,0.227350,0.103925,-0.874269,-0.022535,-0.473652,352.076500,123.751800,350.681900
528.729,19,-0.455640,1.725615,0.236113,0.101402,-0.871120,-0.021806,-0.479992,352.222000,122.906000,350.956800
528.840,19,-0.460176,1.725204,0.239791,0.100889,-0.866578,-0.021643,-0.488258,352.181800,121.814500,351.073700
528.950,19,-0.462572,1.725415,0.240320,0.100104,-0.865885,-0.021768,-0.489642,352.199300,121.628300,351.172500
529.063,19,-0.461500,1.725445,0.236957,0.098922,-0.866732,-0.021329,-0.488400,352.322400,121.785600,351.256800
529.173,19,-0.457805,1.724761,0.230313,0.100299,-0.869511,-0.022460,-0.483100,352.185500,122.493800,351.132300
529.284,19,-0.450315,1.724809,0.216330,0.102433,-0.871814,-0.025234,-0.478342,351.836700,123.137100,351.022600
529.395,19,-0.440506,1.725115,0.198548,0.106254,-0.872732,-0.029981,-0.475553,351.176500,123.534500,350.861200
529.506,19,-0.422186,1.726511,0.167507,0.113782,-0.872670,-0.039636,-0.473212,349.812800,123.903200,350.580900
529.617,19,-0.403073,1.727969,0.137263,0.122823,-0.873534,-0.053592,-0.467953,347.960900,124.667000,350.321400
529.729,19,-0.371331,1.729875,0.093214,0.127445,-0.871401,-0.057724,-0.470199,347.264500,124.406700,350.092300
529.840,19,-0.338207,1.731542,0.054712,0.127013,-0.860894,-0.059080,-0.489121,346.939900,121.884200,350.493100
529.951,19,-0.304738,1.733304,0.018945,0.126786,-0.847799,-0.063097,-0.511059,346.315400,118.907600,351.090100
530.063,19,-0.272037,1.734148,-0.011454,0.123539,-0.835533,-0.065713,-0.531323,346.049200,116.086400,351.907900
530.174,19,-0.244346,1.733530,-0.033902,0.121749,-0.825747,-0.068090,-0.546519,345.787100,113.940200,352.493300
530.285,19,-0.209957,1.732283,-0.060133,0.125959,-0.817699,-0.078254,-0.556218,344.448900,112.520700,352.908200
530.396,19,-0.184173,1.730657,-0.077274,0.129169,-0.810759,-0.086029,-0.564433,343.422500,111.292000,353.269100
530.508,19,-0.153762,1.727031,-0.096295,0.126944,-0.800969,-0.087419,-0.578526,343.326300,109.218500,353.875200
530.619,19,-0.134071,1.724662,-0.109194,0.126580,-0.795619,-0.089912,-0.585562,343.063500,108.154400,354.233300
530.730,19,-0.113089,1.721581,-0.123551,0.127134,-0.790368,-0.088864,-0.592671,343.072100,107.124400,354.263000
530.841,19,-0.096441,1.717940,-0.135505,0.125830,-0.790023,-0.086963,-0.593690,343.332700,106.990600,354.275300
530.952,19,-0.081153,1.713901,-0.147960,0.125109,-0.790489,-0.082092,-0.593915,343.835700,107.014800,354.006800
531.063,19,-0.067605,1.710423,-0.159635,0.126310,-0.790297,-0.078024,-0.594466,344.127500,106.988900,353.620400
531.174,19,-0.057921,1.707695,-0.168162,0.125891,-0.790247,-0.073808,-0.595158,344.543700,106.930400,353.379900
531.286,19,-0.048595,1.705578,-0.176540,0.123736,-0.790436,-0.069887,-0.595832,345.052500,106.858700,353.323500
531.396,19,-0.043864,1.704508,-0.181006,0.122921,-0.789977,-0.068294,-0.596794,345.249000,106.728300,353.307800
531.507,19,-0.040951,1.704451,-0.184782,0.122192,-0.788600,-0.067687,-0.598830,345.339000,106.430500,353.372500
531.618,19,-0.039509,1.705078,-0.187510,0.123626,-0.789110,-0.069116,-0.597700,345.116100,106.591000,353.316000
531.729,19,-0.036247,1.704090,-0.191788,0.123492,-0.788329,-0.067329,-0.598960,345.280400,106.421700,353.227900
531.840,19,-0.033349,1.702256,-0.195575,0.122947,-0.787843,-0.062680,-0.600215,345.738100,106.276000,352.978000
531.951,19,-0.031117,1.700055,-0.199739,0.122447,-0.787888,-0.056976,-0.600827,346.295100,106.229100,352.638400
532.062,19,-0.031062,1.699456,-0.201297,0.120427,-0.786909,-0.056495,-0.602561,346.464800,105.967900,352.824000
532.173,19,-0.034223,1.700327,-0.201139,0.118820,-0.784906,-0.057497,-0.605391,346.459900,105.535500,353.093400
532.284,19,-0.040087,1.701682,-0.200315,0.119047,-0.784596,-0.058734,-0.605629,346.328100,105.491500,353.163400
532.396,19,-0.046417,1.703203,-0.199604,0.120916,-0.784542,-0.060885,-0.605117,346.003100,105.558200,353.131400
532.506,19,-0.054221,1.704559,-0.199259,0.122986,-0.783747,-0.061264,-0.605691,345.817300,105.480200,352.975500
532.618,19,-0.060710,1.704897,-0.198809,0.124074,-0.783725,-0.059969,-0.605627,345.860400,105.506000,352.781800
532.728,19,-0.069538,1.705257,-0.197668,0.125209,-0.784949,-0.060239,-0.603779,345.772900,105.782500,352.661000
532.840,19,-0.074500,1.705692,-0.197547,0.126482,-0.784922,-0.061210,-0.603451,345.596900,105.829300,352.603800
532.951,19,-0.077273,1.704130,-0.199587,0.126497,-0.784494,-0.056718,-0.604443,346.000700,105.718500,352.305900
533.062,19,-0.077287,1.703062,-0.202228,0.126658,-0.785715,-0.054388,-0.603035,346.218200,105.943500,352.102900
533.173,19,-0.076306,1.702993,-0.204474,0.126710,-0.785504,-0.053896,-0.603344,346.256800,105.901700,352.069200
533.284,19,-0.074923,1.702986,-0.206349,0.126553,-0.785539,-0.053850,-0.603335,346.272100,105.902600,352.080500
533.396,19,-0.074521,1.702865,-0.207674,0.126130,-0.785532,-0.053304,-0.603481,346.350700,105.882600,352.084500
533.506,20,-0.076947,1.703424,-0.207186,0.124144,-0.786625,-0.051066,-0.602662,346.704500,106.008000,352.100200
533.618,20,-0.083442,1.704019,-0.204233,0.120789,-0.789442,-0.047307,-0.599962,347.312700,106.410300,352.108400
533.728,20,-0.101222,1.706799,-0.193794,0.111774,-0.791936,-0.040178,-0.598941,348.607500,106.554400,352.443900
533.839,20,-0.122153,1.710412,-0.179348,0.102421,-0.796405,-0.032759,-0.595126,349.974500,107.097100,352.757400
533.950,20,-0.153542,1.715225,-0.151348,0.088340,-0.802181,-0.021534,-0.590117,352.021100,107.791500,353.255000
534.061,20,-0.183992,1.718996,-0.118520,0.080818,-0.806548,-0.016137,-0.585396,353.070300,108.446200,353.552300
534.171,20,-0.215455,1.721703,-0.078962,0.075878,-0.810501,-0.014429,-0.580623,353.598100,109.109800,353.862800
534.283,20,-0.247279,1.723864,-0.036023,0.071928,-0.816059,-0.011993,-0.573351,354.142500,110.123600,354.019700
534.394,20,-0.280224,1.725425,0.008579,0.070832,-0.822274,-0.013428,-0.564507,354.142600,111.358600,354.153800
534.505,20,-0.312804,1.727160,0.052859,0.076031,-0.828301,-0.018223,-0.554801,353.422200,112.722600,353.890200
534.617,20,-0.339921,1.729413,0.090722,0.078861,-0.832309,-0.027846,-0.547966,352.369800,113.670100,354.165500
534.728,20,-0.375045,1.730212,0.131412,0.084199,-0.844977,-0.036205,-0.526891,351.378100,116.564400,353.953800
534.840,20,-0.402561,1.730346,0.159332,0.088389,-0.855252,-0.040229,-0.509032,350.862900,118.991900,353.589500
534.951,20,-0.424976,1.729521,0.179810,0.089796,-0.857438,-0.039789,-0.505128,350.854000,119.524200,353.381500
535.062,20,-0.443376,1.726636,0.193370,0.084501,-0.858440,-0.031423,-0.504929,351.993600,119.533000,353.427400
535.173,20,-0.456906,1.723770,0.201919,0.081525,-0.858123,-0.022878,-0.506414,353.001900,119.320300,353.245100
535.284,20,-0.465464,1.719797,0.207489,0.072780,-0.857469,-0.006830,-0.509318,355.075200,118.873700,353.206400
535.395,20,-0.468085,1.714937,0.211449,0.057788,-0.855087,0.010862,-0.515140,357.652400,117.996700,353.678300
535.506,20,-0.462653,1.706545,0.218171,0.023204,-0.837872,0.037585,-0.544077,2.162472,113.917600,355.420700
535.616,20,-0.451181,1.695641,0.229352,-0.018675,-0.796971,0.068087,-0.599877,7.523430,105.865300,356.998000
535.726,20,-0.432686,1.675837,0.246580,-0.091324,-0.723075,0.110437,-0.675741,16.447180,93.727710,358.973300
535.836,20,-0.418055,1.660609,0.259876,-0.148465,-0.659160,0.132647,-0.725170,22.966720,84.582170,0.207910
535.947,20,-0.398744,1.653587,0.274055,-0.178680,-0.576431,0.129879,-0.786723,25.523100,72.483940,0.103837
536.057,20,-0.383251,1.648677,0.280496,-0.204351,-0.518854,0.125058,-0.820605,27.720360,64.717640,0.440784
536.168,20,-0.358786,1.643773,0.280533,-0.225681,-0.461398,0.116659,-0.850042,29.427960,57.157210,0.653110
536.279,20,-0.337936,1.643151,0.274414,-0.235510,-0.425470,0.110601,-0.866763,30.157360,52.445100,0.574832
536.390,20,-0.310577,1.646432,0.262659,-0.235693,-0.386677,0.103968,-0.885506,29.855760,47.146570,359.877500
536.501,20,-0.288338,1.646698,0.248076,-0.242405,-0.360217,0.101943,-0.895037,30.488520,43.703400,359.478200
536.612,20,-0.265739,1.645220,0.236196,-0.245591,-0.334539,0.097344,-0.904595,30.627370,40.375930,359.214700
536.724,20,-0.240247,1.642248,0.231457,-0.249041,-0.315363,0.093968,-0.910876,30.861130,37.933690,359.058100
536.835,20,-0.214188,1.632969,0.237134,-0.245754,-0.306803,0.091309,-0.914953,30.380120,36.781040,358.918000
536.946,20,-0.180204,1.606297,0.259068,-0.248517,-0.300988,0.092539,-0.916015,30.730190,36.014210,358.671200
537.057,20,-0.156734,1.579330,0.283214,-0.254684,-0.298284,0.092730,-0.915185,31.431960,35.768200,358.805000
537.169,20,-0.132344,1.541858,0.317606,-0.259960,-0.293160,0.090638,-0.915567,31.949040,35.247640,359.085000
537.280,20,-0.113938,1.506470,0.348255,-0.260280,-0.290044,0.088673,-0.916660,31.911860,34.892720,359.218300
537.392,20,-0.097839,1.472302,0.376208,-0.266348,-0.290685,0.089993,-0.914583,32.650610,35.069360,359.335400
537.503,20,-0.083575,1.443976,0.402233,-0.264810,-0.294051,0.087851,-0.914162,32.399830,35.565680,359.668600
537.614,20,-0.073349,1.423697,0.421564,-0.262718,-0.295166,0.089071,-0.914288,32.207050,35.631780,359.473000
537.726,20,-0.062088,1.408046,0.439986,-0.260610,-0.300681,0.090899,-0.912913,32.038740,36.280710,359.375100
537.837,20,-0.056263,1.402701,0.448205,-0.261244,-0.305214,0.094209,-0.910890,32.237990,36.811140,359.176500
537.948,20,-0.051979,1.400908,0.452559,-0.258675,-0.309223,0.095289,-0.910158,31.992090,37.269000,359.089400
538.059,20,-0.050744,1.401708,0.452147,-0.254384,-0.310159,0.095023,-0.911077,31.498150,37.309490,358.968600
538.170,20,-0.053888,1.407080,0.443909,-0.248822,-0.311263,0.095196,-0.912217,30.878630,37.334640,358.746200
538.281,20,-0.060757,1.416919,0.430511,-0.246258,-0.312578,0.095977,-0.912382,30.621390,37.436270,358.589300
538.392,20,-0.069437,1.430085,0.414380,-0.236066,-0.314397,0.090250,-0.915032,29.259320,37.637740,358.901500
538.504,20,-0.078929,1.440921,0.397153,-0.227963,-0.312903,0.087804,-0.917832,28.256000,37.346910,358.795400
538.615,20,-0.088036,1.451994,0.381663,-0.221098,-0.311938,0.085906,-0.920016,27.414400,37.142250,358.700500
538.726,20,-0.100064,1.469660,0.361928,-0.208630,-0.310067,0.081444,-0.923958,25.851260,36.793320,358.655000
538.837,20,-0.111346,1.488790,0.344365,-0.198690,-0.312463,0.075292,-0.925862,24.517530,37.088650,359.039400
538.948,20,-0.133089,1.521568,0.316762,-0.187017,-0.312248,0.068372,-0.928898,22.963000,37.030650,359.363300
539.059,20,-0.154731,1.551475,0.291940,-0.178851,-0.315532,0.067195,-0.929482,22.017080,37.356840,359.255400
539.170,20,-0.185954,1.588009,0.258660,-0.186170,-0.320437,0.072046,-0.925997,23.014100,37.996950,359.121100
539.282,20,-0.213422,1.617192,0.232855,-0.180422,-0.327066,0.072856,-0.924753,22.417300,38.749840,358.963200
539.392,20,-0.241765,1.638024,0.212262,-0.184590,-0.332419,0.073046,-0.922002,22.889090,39.501800,359.255200
539.504,20,-0.270449,1.651039,0.198521,-0.179276,-0.344988,0.080630,-0.917792,22.625710,40.899550,358.491000
539.614,20,-0.296824,1.656237,0.189741,-0.180452,-0.352520,0.081258,-0.914639,22.792000,41.886900,358.668700
539.726,20,-0.326647,1.659047,0.181042,-0.184992,-0.358028,0.098314,-0.909906,24.019540,42.336830,357.085200
539.836,20,-0.345444,1.659647,0.176971,-0.183619,-0.363326,0.101150,-0.907771,24.008310,42.956290,356.848900
539.947,20,-0.365837,1.659779,0.173294,-0.186076,-0.365544,0.106091,-0.905814,24.498010,43.185050,356.461800
540.059,20,-0.378406,1.659639,0.172119,-0.186281,-0.369638,0.107828,-0.903903,24.612220,43.695430,356.391600
540.169,20,-0.390495,1.659313,0.172217,-0.187064,-0.369875,0.107527,-0.903680,24.685330,43.745590,356.469000
540.281,20,-0.397356,1.656927,0.172938,-0.191774,-0.371421,0.108795,-0.901905,25.260930,44.001280,356.590300
540.392,20,-0.398871,1.653711,0.174406,-0.196136,-0.375428,0.108424,-0.899349,25.734390,44.621300,356.961300
540.503,20,-0.393496,1.650429,0.173803,-0.199752,-0.384244,0.110127,-0.894611,26.233560,45.839630,357.218100
540.614,20,-0.377376,1.649267,0.171288,-0.202431,-0.389670,0.113096,-0.891285,26.678690,46.562970,357.187800
540.725,20,-0.345039,1.643090,0.170782,-0.206884,-0.394877,0.120581,-0.886979,27.531310,47.196250,356.734100
540.836,20,-0.300539,1.632875,0.174125,-0.215468,-0.393914,0.129230,-0.884141,28.869720,47.038350,356.152400
540.947,20,-0.218549,1.614909,0.185639,-0.227192,-0.392263,0.143723,-0.879692,30.828650,46.689690,355.014500
541.058,20,-0.135624,1.597240,0.206461,-0.239375,-0.391937,0.138925,-0.877374,31.934010,47.056640,356.207200
541.169,20,-0.022389,1.564451,0.250451,-0.249877,-0.359694,0.127883,-0.889847,32.459380,43.072850,356.750100
541.280,20,0.065808,1.523497,0.293952,-0.259142,-0.344863,0.134174,-0.892139,33.705540,41.001380,355.817900
541.392,20,0.134782,1.474952,0.337055,-0.262272,-0.334425,0.135695,-0.894964,34.070150,39.546730,355.328400
541.503,20,0.185053,1.424938,0.376617,-0.271244,-0.318960,0.138513,-0.897500,35.116600,37.450110,354.697100
541.615,20,0.215312,1.390084,0.404774,-0.279188,-0.311970,0.142433,-0.896907,36.134380,36.472130,354.222400
541.726,20,0.241106,1.365581,0.430922,-0.285853,-0.306534,0.143058,-0.896582,36.890380,35.803360,354.167100
541.837,20,0.253970,1.356466,0.442619,-0.290712,-0.303342,0.146808,-0.895499,37.570040,35.292140,353.730200
541.948,20,0.267170,1.351230,0.449519,-0.291886,-0.300576,0.153107,-0.894994,37.916580,34.659410,352.820800
542.059,20,0.275069,1.349804,0.450781,-0.288670,-0.301394,0.157214,-0.895050,37.699120,34.552790,352.197100
542.170,20,0.280578,1.348486,0.450030,-0.290014,-0.303967,0.156876,-0.893804,37.864890,34.961560,352.421100
542.282,20,0.279605,1.349914,0.447695,-0.286017,-0.303054,0.159630,-0.894914,37.493690,34.649310,351.859300
542.393,20,0.269011,1.358899,0.441051,-0.282134,-0.304827,0.158291,-0.895782,37.010610,34.893570,351.967300
542.504,20,0.245124,1.382725,0.428165,-0.270253,-0.305180,0.151896,-0.900420,35.407950,34.998870,352.343800
542.615,20,0.210913,1.415675,0.409880,-0.250763,-0.307887,0.144794,-0.906288,32.934970,35.338650,352.604200
542.727,20,0.146489,1.467922,0.380012,-0.225275,-0.310766,0.127074,-0.914619,29.410350,35.933200,353.909100
542.837,20,0.082677,1.508115,0.352889,-0.205024,-0.312469,0.120833,-0.919635,26.911130,36.082160,353.941400
542.948,20,-0.004951,1.545955,0.317306,-0.186777,-0.317697,0.123689,-0.921349,25.009310,36.512780,353.076300
543.059,20,-0.077135,1.569702,0.290538,-0.184800,-0.306843,0.125299,-0.925201,24.761890,35.048700,352.505200
543.170,20,-0.160252,1.596880,0.256575,-0.181961,-0.318590,0.118308,-0.922710,24.278860,36.708590,353.550900
543.281,20,-0.219508,1.615434,0.234826,-0.178503,-0.329172,0.110027,-0.920694,23.648710,38.230050,354.670300
543.392,20,-0.263897,1.625778,0.222669,-0.181736,-0.336701,0.104805,-0.917944,23.842410,39.358570,355.609000
543.503,20,-0.293726,1.629043,0.222702,-0.183582,-0.339312,0.094625,-0.917721,23.651280,39.938630,356.927600
543.614,20,-0.308139,1.624671,0.236494,-0.185387,-0.342130,0.085142,-0.917240,23.474930,40.530060,358.167000
543.725,20,-0.315372,1.610224,0.277322,-0.177947,-0.330210,0.082851,-0.923273,22.538500,38.920740,357.799200
543.837,20,-0.317247,1.587302,0.326136,-0.172530,-0.293988,0.087754,-0.936004,21.998040,34.118280,356.114300
543.947,20,-0.310841,1.544387,0.400403,-0.203977,-0.252844,0.089952,-0.941473,25.440030,29.115770,355.794300
544.059,20,-0.297591,1.507792,0.461799,-0.224184,-0.231812,0.103715,-0.940876,28.030630,26.199590,354.067800
544.169,20,-0.278257,1.461307,0.536500,-0.249508,-0.214043,0.118241,-0.936990,31.210940,23.578310,352.288100
544.281,20,-0.259738,1.421865,0.592939,-0.262245,-0.210003,0.132375,-0.932525,33.004090,22.596570,350.615800
544.392,20,-0.243138,1.386467,0.638980,-0.273158,-0.210917,0.137811,-0.928389,34.425030,22.550710,350.181800
544.504,20,-0.227878,1.355319,0.673741,-0.282973,-0.210011,0.137649,-0.925675,35.570050,22.471380,350.376300
544.615,20,-0.215141,1.333200,0.695809,-0.289130,-0.210470,0.140238,-0.923277,36.364950,22.453090,350.186400
544.726,20,-0.200402,1.313146,0.717913,-0.293797,-0.213355,0.137889,-0.921493,36.891590,22.975940,350.735200
544.838,20,-0.191024,1.304336,0.729354,-0.301110,-0.218753,0.138078,-0.917831,37.817360,23.769510,351.135900
544.948,20,-0.182096,1.300814,0.739042,-0.302062,-0.221136,0.140447,-0.916587,38.013570,24.006390,350.954300
545.059,20,-0.175906,1.301373,0.742436,-0.298105,-0.228008,0.138373,-0.916515,37.555940,25.032780,351.461700
545.170,20,-0.166552,1.313919,0.738091,-0.290122,-0.238917,0.135628,-0.916708,36.635470,26.602650,352.118700
545.281,20,-0.149755,1.343693,0.723669,-0.263036,-0.263919,0.128946,-0.918984,33.470920,30.012470,353.242200
545.393,20,-0.123770,1.382304,0.699450,-0.231464,-0.304444,0.123412,-0.915701,29.937010,35.273340,354.365600
545.504,20,-0.094237,1.420825,0.669443,-0.202455,-0.346144,0.116459,-0.908644,26.650220,40.621220,355.412700
545.615,20,-0.069768,1.449533,0.638247,-0.184393,-0.390264,0.116312,-0.894519,24.876960,46.246770,355.944400
545.725,20,-0.047972,1.484412,0.591517,-0.166562,-0.437633,0.118939,-0.875550,23.314020,52.309940,356.098400
545.837,20,-0.039237,1.507595,0.549792,-0.154253,-0.477070,0.125447,-0.856080,22.569290,57.421290,355.801400
545.948,20,-0.044014,1.534849,0.494577,-0.139115,-0.509624,0.135586,-0.838181,21.802140,61.581940,354.716400
546.059,20,-0.062669,1.555333,0.450566,-0.126537,-0.519852,0.143035,-0.832637,21.065330,62.735420,353.438500
546.170,20,-0.106796,1.581062,0.391270,-0.120003,-0.519616,0.145924,-0.833250,20.587270,62.573320,352.729500
546.281,20,-0.160242,1.603737,0.339200,-0.120698,-0.501594,0.146583,-0.844008,20.535620,60.039220,352.245600
546.392,20,-0.218125,1.623124,0.289624,-0.121943,-0.483274,0.145613,-0.854619,20.436630,57.523910,351.962400
546.503,20,-0.271792,1.637306,0.245426,-0.141703,-0.468069,0.122358,-0.863632,21.057300,56.013810,355.163000
546.614,20,-0.312395,1.646748,0.214123,-0.155955,-0.449617,0.114127,-0.872065,22.001660,53.842020,356.363200
546.725,20,-0.350616,1.653961,0.183588,-0.163037,-0.424497,0.105207,-0.884394,22.191190,50.701910,357.048900
546.836,20,-0.369170,1.656432,0.166190,-0.170912,-0.402823,0.098189,-0.893802,22.620610,48.050910,357.651300
546.946,20,-0.383386,1.657340,0.149727,-0.177171,-0.378322,0.095924,-0.903483,23.123960,44.940950,357.552300
547.058,20,-0.391557,1.658679,0.139112,-0.185262,-0.370196,0.098675,-0.904929,24.101590,43.942500,357.399100
547.168,20,-0.398894,1.659860,0.130618,-0.181419,-0.370686,0.093850,-0.906019,23.472980,44.040900,357.778200
547.280,20,-0.403465,1.659124,0.126332,-0.185120,-0.372171,0.095129,-0.904528,23.935010,44.273830,357.849200
547.391,20,-0.407850,1.658539,0.124306,-0.185832,-0.373830,0.096980,-0.903500,24.098470,44.468800,357.720800
547.502,20,-0.410928,1.657802,0.123854,-0.186605,-0.375238,0.099490,-0.902484,24.297860,44.618190,357.514000
547.613,20,-0.413849,1.656713,0.124509,-0.191030,-0.375436,0.101389,-0.901263,24.864110,44.682320,357.516400
547.724,20,-0.416875,1.656261,0.125787,-0.191476,-0.374554,0.102660,-0.901392,24.966810,44.545590,357.367600
547.835,20,-0.419425,1.656222,0.127769,-0.191614,-0.373663,0.102672,-0.901731,24.979780,44.428770,357.346300
547.947,20,-0.422218,1.655733,0.130499,-0.192642,-0.373144,0.103292,-0.901656,25.117750,44.364270,357.309500
548.057,20,-0.423882,1.655692,0.132419,-0.192726,-0.373908,0.103234,-0.901328,25.126540,44.469060,357.342900
548.168,20,-0.425200,1.654717,0.135212,-0.195731,-0.372690,0.104348,-0.901057,25.499850,44.335610,357.323300
548.280,20,-0.425793,1.653874,0.136685,-0.197672,-0.371422,0.105403,-0.901034,25.754480,44.177390,357.256900
548.390,20,-0.425689,1.653264,0.137588,-0.198436,-0.371308,0.106102,-0.900831,25.868550,44.160410,357.209900
548.502,20,-0.425610,1.652524,0.137714,-0.200014,-0.370697,0.107737,-0.900539,26.111340,44.070480,357.079300
548.612,21,-0.425528,1.652477,0.137151,-0.199989,-0.371228,0.107767,-0.900323,26.111630,44.140720,357.091200
548.724,21,-0.425561,1.652250,0.136278,-0.200157,-0.370958,0.107846,-0.900387,26.132620,44.105680,357.081800
548.835,21,-0.425718,1.652141,0.134373,-0.199750,-0.371614,0.108979,-0.900070,26.140490,44.161200,356.953000
548.947,21,-0.426683,1.652266,0.131151,-0.198945,-0.374039,0.109324,-0.899202,26.076160,44.465170,356.950600
549.058,21,-0.428562,1.652522,0.129434,-0.198758,-0.373539,0.109653,-0.899411,26.068790,44.387170,356.888400
549.169,21,-0.432055,1.652742,0.130198,-0.199761,-0.365140,0.107106,-0.902938,26.037610,43.334530,356.967200
549.280,21,-0.435275,1.652073,0.131865,-0.202399,-0.353544,0.104684,-0.907239,26.184950,41.885080,357.008400
549.391,21,-0.437558,1.651290,0.133819,-0.206474,-0.344483,0.103219,-0.909970,26.544030,40.780490,357.078200
549.503,21,-0.437716,1.651101,0.135281,-0.206968,-0.342421,0.101436,-0.910836,26.519090,40.556790,357.242900
549.613,21,-0.436346,1.650969,0.135883,-0.207248,-0.343413,0.101789,-0.910360,26.567540,40.685210,357.245300
549.724,21,-0.433690,1.651327,0.135907,-0.205882,-0.347517,0.101779,-0.909112,26.428470,41.208960,357.314200
549.836,21,-0.431188,1.651154,0.135728,-0.206009,-0.350617,0.103924,-0.907650,26.541240,41.574210,357.168500
549.947,21,-0.428136,1.650789,0.136128,-0.207321,-0.353380,0.104029,-0.906266,26.698740,41.964570,357.303500
550.058,21,-0.426012,1.651053,0.137817,-0.202927,-0.347047,0.099651,-0.910192,26.012810,41.145150,357.413700
550.168,21,-0.422982,1.655024,0.146458,-0.189599,-0.301764,0.087688,-0.930216,23.932380,35.298710,356.945200
550.280,21,-0.417499,1.657098,0.159184,-0.179654,-0.221479,0.074601,-0.955566,22.110150,25.336930,356.101200
550.391,21,-0.409088,1.659074,0.176140,-0.167024,-0.089555,0.059538,-0.980071,19.758360,9.519876,354.708900
550.503,21,-0.390309,1.659864,0.193536,-0.158705,0.052384,0.038490,-0.985184,17.979320,353.029500,354.421200
550.615,21,-0.364459,1.660282,0.210120,-0.152881,0.170166,0.016457,-0.973345,16.978410,339.413700,354.957300
550.726,21,-0.325323,1.658332,0.229124,-0.172784,0.284100,-0.013558,-0.943000,19.485880,325.709000,355.582900
550.837,21,-0.297320,1.654169,0.239042,-0.203299,0.342543,-0.041006,-0.916326,23.619980,318.166700,355.986600
550.948,21,-0.269730,1.639763,0.243737,-0.250430,0.389809,-0.077914,-0.882759,30.190890,311.317000,356.173600
551.058,21,-0.253894,1.629068,0.239877,-0.281151,0.420255,-0.108283,-0.855929,34.911020,306.578300,356.438100
551.168,21,-0.239367,1.622719,0.232609,-0.280059,0.453728,-0.123109,-0.836984,35.487520,301.992900,356.616100
551.280,21,-0.229664,1.617905,0.224752,-0.282806,0.470893,-0.135516,-0.824570,36.442400,299.535200,356.946100
551.390,21,-0.217089,1.618957,0.212716,-0.285603,0.472446,-0.144006,-0.821272,37.242240,299.371200,357.600600
551.502,21,-0.206266,1.621490,0.200254,-0.281276,0.469520,-0.147947,-0.823739,37.036580,300.144600,358.536300
551.612,21,-0.194627,1.624326,0.184121,-0.276372,0.465251,-0.148271,-0.827754,36.548360,301.046800,359.165400
551.723,21,-0.185515,1.628905,0.166258,-0.263167,0.461726,-0.139588,-0.835505,34.656560,301.934800,359.319500
551.835,21,-0.179614,1.627286,0.147683,-0.263597,0.456204,-0.140295,-0.838279,34.746180,302.773100,359.630700
551.946,21,-0.173860,1.626938,0.120942,-0.270867,0.451451,-0.140740,-0.838460,35.541800,303.208300,359.397400
552.057,21,-0.166051,1.627565,0.099189,-0.270958,0.447118,-0.143069,-0.840357,35.685740,303.927100,359.870000
552.168,21,-0.152502,1.627791,0.071507,-0.269368,0.445624,-0.139671,-0.842231,35.325570,304.126000,359.662700
552.279,21,-0.139075,1.629205,0.052030,-0.264977,0.443853,-0.138522,-0.844745,34.795050,304.536500,359.916900
552.390,21,-0.122125,1.630667,0.031428,-0.258863,0.439074,-0.136361,-0.849476,34.024040,305.425300,0.300775
552.501,21,-0.108134,1.631230,0.018195,-0.258322,0.432292,-0.131297,-0.853906,33.688770,306.316700,0.061272
552.612,21,-0.096170,1.630425,0.009204,-0.256505,0.422530,-0.128202,-0.859789,33.327170,307.733500,0.253069
552.723,21,-0.085525,1.629647,0.006378,-0.258633,0.405060,-0.124882,-0.868009,33.378060,310.116900,0.499037
552.835,21,-0.077747,1.628341,0.009869,-0.259237,0.385703,-0.116953,-0.877697,33.043900,312.661900,0.363699
552.946,21,-0.066601,1.623403,0.021063,-0.272994,0.371112,-0.119406,-0.879484,34.667570,314.404900,0.516060
553.057,21,-0.058967,1.622767,0.037472,-0.272782,0.374211,-0.112833,-0.879105,34.336710,313.760000,359.599500
553.169,21,-0.048194,1.620162,0.069382,-0.277371,0.384154,-0.108989,-0.873849,34.645520,312.046700,358.424000
553.280,21,-0.039113,1.619262,0.101577,-0.276041,0.402446,-0.106077,-0.866364,34.310950,309.345800,357.336700
553.391,21,-0.026783,1.620631,0.152007,-0.266050,0.442320,-0.111220,-0.849235,33.385400,304.018400,356.810700
553.502,21,-0.014911,1.625064,0.200703,-0.250195,0.498613,-0.124116,-0.820599,32.302610,296.532800,356.893700
553.612,21,-0.000313,1.628803,0.244748,-0.241236,0.554578,-0.140002,-0.783995,32.244860,288.509200,356.743400
553.723,21,0.015542,1.634240,0.280987,-0.240372,0.588384,-0.146047,-0.758087,32.432750,283.152400,355.826200
553.835,21,0.028551,1.634740,0.304646,-0.237315,0.611302,-0.155895,-0.738708,32.766060,279.582700,355.920500
553.946,21,0.045738,1.634977,0.326551,-0.234523,0.636170,-0.160893,-0.717217,32.759850,275.498100,355.389100
554.057,21,0.057826,1.636824,0.337936,-0.224338,0.652222,-0.162826,-0.705526,31.934560,273.280100,355.750800
554.168,21,0.069466,1.639512,0.345769,-0.211813,0.673703,-0.165994,-0.688263,31.012710,270.168500,356.193100
554.280,21,0.074657,1.640440,0.349726,-0.207839,0.686903,-0.166604,-0.676174,30.660630,267.997100,355.985400
554.391,21,0.076189,1.640957,0.354190,-0.207606,0.692932,-0.163956,-0.670719,30.378630,266.909600,355.494000
554.502,21,0.070597,1.639105,0.360358,-0.210919,0.685441,-0.162051,-0.677808,30.535840,268.095000,355.374000
554.613,21,0.048908,1.630839,0.370176,-0.214002,0.681026,-0.164842,-0.680613,31.052870,268.716700,355.508100
554.724,21,0.006178,1.613490,0.384058,-0.218988,0.677399,-0.166080,-0.682343,31.591210,269.081700,355.283600
554.836,21,-0.044669,1.580683,0.397988,-0.199830,0.674901,-0.154424,-0.693347,29.048160,270.599900,356.354000
554.947,21,-0.110598,1.511771,0.410642,-0.184947,0.665279,-0.145985,-0.708440,27.147860,272.988900,357.472600
555.058,21,-0.153825,1.453426,0.416492,-0.185319,0.658598,-0.149192,-0.713896,27.458860,274.123800,357.992400
555.169,21,-0.199404,1.392214,0.417210,-0.186588,0.656191,-0.145001,-0.716640,27.240730,274.463800,357.611800
555.280,21,-0.228974,1.354498,0.413478,-0.189857,0.658400,-0.140726,-0.714605,27.171350,273.927100,356.850600
555.392,21,-0.252472,1.330378,0.408999,-0.190325,0.657846,-0.143276,-0.714484,27.417780,274.007000,357.050800
555.503,21,-0.273299,1.313735,0.405933,-0.190853,0.656043,-0.143594,-0.715936,27.495800,274.290700,357.104600
555.614,21,-0.291728,1.309673,0.403806,-0.196571,0.653481,-0.146430,-0.716157,28.224640,274.468300,356.930600
555.726,21,-0.315556,1.311509,0.401487,-0.195339,0.650371,-0.146500,-0.719304,28.136550,275.056400,357.183600
555.837,21,-0.335352,1.305291,0.400482,-0.194824,0.649531,-0.145683,-0.720368,28.030460,275.220000,357.195000
555.948,21,-0.359754,1.298762,0.398404,-0.197536,0.645599,-0.148741,-0.722536,28.522750,275.771900,357.383100
556.059,21,-0.375955,1.304058,0.393850,-0.195797,0.642604,-0.151929,-0.725011,28.631280,276.374300,357.953800
556.170,21,-0.393994,1.325117,0.385983,-0.185523,0.648815,-0.144709,-0.723658,27.147840,275.755900,357.984200
556.282,21,-0.405774,1.347287,0.382711,-0.176643,0.653346,-0.137434,-0.723221,25.790860,275.344900,357.961500
556.393,21,-0.417241,1.369232,0.386335,-0.170306,0.654809,-0.127831,-0.725176,24.482350,275.323800,357.629900
556.504,21,-0.428156,1.385885,0.396730,-0.170464,0.656341,-0.124275,-0.724372,24.210620,275.052200,357.252200
556.615,21,-0.445025,1.393186,0.413287,-0.169081,0.662934,-0.120085,-0.719382,23.733630,274.000200,356.780900
556.726,21,-0.486313,1.389082,0.448180,-0.187684,0.670591,-0.117785,-0.707962,25.069520,271.908500,354.619000
556.837,21,-0.531702,1.378815,0.485875,-0.199899,0.670567,-0.121015,-0.704085,26.345870,271.327500,353.742200
556.948,21,-0.597802,1.365367,0.529328,-0.210551,0.680059,-0.125708,-0.690931,27.511750,269.119800,352.702100
557.060,21,-0.649418,1.350475,0.556627,-0.216258,0.688043,-0.131265,-0.680146,28.346680,267.372700,352.227000
557.171,21,-0.691142,1.338716,0.574981,-0.218430,0.693242,-0.133726,-0.673662,28.666180,266.302000,351.962900
557.282,21,-0.724089,1.328916,0.584426,-0.222531,0.698434,-0.140381,-0.665555,29.492350,265.079500,351.810800
557.393,21,-0.747205,1.323874,0.585125,-0.226738,0.708397,-0.144587,-0.652578,30.051550,262.934200,351.192500
557.504,21,-0.757821,1.326812,0.578262,-0.231552,0.722562,-0.145245,-0.634974,30.262040,259.903000,349.987700
557.615,21,-0.755609,1.334017,0.566674,-0.228215,0.735224,-0.142443,-0.622152,29.565900,257.701200,349.511400
557.726,21,-0.736807,1.346641,0.543423,-0.220169,0.752772,-0.147361,-0.602614,29.157570,254.710500,349.851700
557.838,21,-0.712769,1.360915,0.519058,-0.209221,0.767234,-0.147303,-0.588117,28.172260,252.516400,350.349300
557.948,21,-0.671754,1.376328,0.477208,-0.191595,0.791392,-0.150532,-0.560652,26.942490,248.548500,351.324800
558.060,21,-0.637038,1.385119,0.439875,-0.177103,0.808872,-0.152908,-0.539426,26.003960,245.600300,352.227900
558.170,21,-0.590215,1.396004,0.392088,-0.165055,0.831853,-0.159160,-0.505416,25.571520,240.918300,352.757600
558.282,21,-0.548937,1.405975,0.352840,-0.153702,0.849364,-0.160584,-0.478717,24.831330,237.315700,353.206900
558.392,21,-0.508892,1.413448,0.315711,-0.142418,0.865715,-0.163181,-0.451250,24.271940,233.714900,353.745400
558.504,21,-0.469777,1.417272,0.280952,-0.133685,0.878168,-0.168508,-0.427264,24.217070,230.662800,354.286000
558.615,21,-0.437394,1.419572,0.251197,-0.125475,0.888502,-0.172729,-0.406183,24.134020,228.024000,354.803800
558.726,21,-0.399631,1.421040,0.215757,-0.116348,0.901656,-0.177372,-0.376854,24.051030,224.346500,355.218200
558.837,21,-0.375201,1.419777,0.191836,-0.108844,0.908643,-0.179891,-0.360777,23.919310,222.407100,355.734000
558.948,21,-0.347831,1.414346,0.166037,-0.100217,0.915257,-0.190163,-0.340734,24.606920,220.098000,356.604000
559.059,21,-0.330225,1.411314,0.149914,-0.094055,0.918549,-0.193644,-0.331549,24.715310,219.080300,357.199500
559.169,21,-0.310891,1.408760,0.132679,-0.088760,0.921726,-0.198292,-0.321284,24.997400,217.926200,357.710400
559.281,21,-0.295990,1.407917,0.121193,-0.086980,0.925040,-0.199295,-0.311476,25.017530,216.702400,357.674500
559.392,21,-0.283453,1.410927,0.115196,-0.084957,0.926348,-0.198651,-0.308543,24.864020,216.358400,357.800900
559.503,21,-0.272316,1.424247,0.116257,-0.081655,0.925618,-0.196028,-0.313270,24.459730,217.009400,358.215700
559.614,21,-0.259511,1.452665,0.126134,-0.077673,0.920987,-0.186633,-0.333045,23.297820,219.520500,358.829800
559.725,21,-0.232285,1.509156,0.154748,-0.081769,0.904043,-0.176993,-0.380386,22.471670,225.476300,359.181900
559.836,21,-0.206081,1.556406,0.186900,-0.090537,0.879337,-0.164135,-0.437755,21.587810,232.748100,359.043500
559.947,21,-0.169299,1.606985,0.231760,-0.108723,0.845265,-0.148590,-0.501625,21.116950,240.976600,357.866600
560.058,21,-0.141691,1.633660,0.265122,-0.123391,0.821100,-0.144922,-0.538115,21.764240,245.924600,357.119900
560.168,21,-0.109885,1.653639,0.304227,-0.144539,0.797753,-0.144823,-0.567208,23.268030,249.973400,355.859900
560.280,21,-0.088764,1.660790,0.331125,-0.156714,0.784761,-0.144263,-0.582048,24.132860,252.078600,355.095000
560.390,21,-0.066997,1.662219,0.356778,-0.170883,0.775316,-0.149075,-0.589459,25.633830,253.196900,354.320100
560.502,21,-0.054527,1.659181,0.371379,-0.184659,0.767426,-0.150013,-0.595361,26.751740,254.003500,353.260100
560.613,21,-0.044946,1.655778,0.380799,-0.192978,0.766682,-0.155562,-0.592249,27.847220,253.570500,352.746300
560.724,21,-0.037506,1.652497,0.388780,-0.199495,0.767318,-0.161098,-0.587769,28.799180,252.935600,352.342100
560.835,21,-0.033524,1.651844,0.395278,-0.201897,0.766689,-0.163792,-0.587024,29.221790,252.863600,352.276800
560.946,21,-0.030642,1.651619,0.401048,-0.204031,0.767953,-0.162609,-0.584960,29.238830,252.474700,351.887800
561.057,21,-0.029689,1.650474,0.404308,-0.205213,0.766626,-0.164127,-0.585862,29.478740,252.646200,351.921800
561.168,21,-0.030426,1.649551,0.407131,-0.203518,0.764741,-0.166750,-0.588172,29.633390,253.112700,352.389200
561.280,21,-0.031827,1.649670,0.408840,-0.203721,0.763320,-0.167278,-0.589796,29.714660,253.386500,352.478300
561.390,21,-0.033597,1.649063,0.410974,-0.206151,0.760682,-0.167497,-0.592292,29.935610,253.765600,352.359700
561.501,21,-0.035376,1.648544,0.412558,-0.207342,0.757293,-0.167660,-0.596160,30.076370,254.382400,352.421100
561.612,21,-0.037043,1.647556,0.413923,-0.208678,0.752412,-0.169864,-0.601229,30.433720,255.262500,352.685800
561.724,21,-0.037820,1.646304,0.414945,-0.211458,0.748658,-0.170689,-0.604701,30.751310,255.828300,352.633500
561.835,21,-0.038693,1.645552,0.415409,-0.212248,0.744935,-0.170752,-0.608988,30.857930,256.530500,352.755700
561.946,21,-0.039162,1.645163,0.415280,-0.213247,0.742689,-0.170603,-0.611420,30.942480,256.918800,352.757200
562.057,21,-0.041329,1.644589,0.414053,-0.211088,0.741301,-0.171332,-0.613645,30.869470,257.336500,353.129100
562.167,21,-0.050554,1.642881,0.408560,-0.206948,0.739762,-0.171735,-0.616792,30.622110,257.916100,353.706500
562.279,21,-0.064965,1.640953,0.401657,-0.205042,0.737160,-0.176330,-0.619242,30.924490,258.509100,354.386300
562.390,21,-0.093648,1.636570,0.389484,-0.210120,0.727095,-0.181486,-0.627890,31.855520,260.127300,354.754900
562.501,21,-0.130898,1.630494,0.374842,-0.218883,0.712080,-0.188795,-0.639835,33.296470,262.442100,355.187100
562.612,21,-0.177462,1.622804,0.357724,-0.230163,0.699937,-0.193642,-0.647778,34.698820,264.011700,355.023200
562.724,21,-0.227422,1.616028,0.342340,-0.246595,0.690334,-0.200649,-0.649900,36.694890,264.651500,354.298100
562.835,21,-0.266185,1.609430,0.331373,-0.266499,0.676136,-0.211139,-0.653635,39.338760,265.820800,353.737700
562.946,21,-0.302240,1.601722,0.320899,-0.280597,0.664427,-0.217487,-0.657649,41.153350,266.924700,353.379300
563.057,21,-0.322682,1.598722,0.315675,-0.293125,0.646198,-0.217141,-0.670340,42.346950,269.458300,353.183800
563.167,21,-0.343619,1.595098,0.307643,-0.300648,0.616851,-0.215475,-0.694749,43.124200,274.574500,354.377500
563.278,21,-0.360244,1.589891,0.299321,-0.306405,0.588094,-0.208613,-0.718847,43.305280,279.533100,355.233600
563.389,21,-0.381613,1.581298,0.285505,-0.320265,0.540799,-0.201542,-0.751231,44.360700,287.075700,356.504700
563.500,21,-0.398615,1.573383,0.273138,-0.332826,0.496440,-0.191746,-0.778465,45.118540,293.870100,357.407200
563.611,21,-0.412819,1.566880,0.253705,-0.361977,0.430655,-0.171967,-0.808663,47.184980,302.685200,357.162100
563.723,21,-0.413905,1.568848,0.231399,-0.369567,0.388693,-0.158742,-0.828939,47.400330,308.859300,357.957800
563.832,21,-0.403543,1.574220,0.204756,-0.371156,0.354985,-0.142150,-0.846181,46.807010,313.651100,358.079300
563.932,21,-0.386950,1.581608,0.176142,-0.364461,0.328363,-0.128867,-0.861823,45.465840,317.695600,358.592300
564.043,21,-0.371787,1.588019,0.151697,-0.355242,0.311860,-0.119966,-0.873015,44.034210,320.294100,359.035000
564.153,21,-0.354263,1.593854,0.126413,-0.344340,0.301010,-0.109174,-0.882555,42.339610,321.896300,358.868600
564.267,21,-0.337954,1.600105,0.106118,-0.334938,0.293610,-0.102843,-0.889400,41.009200,323.071400,358.956300
564.376,21,-0.327101,1.603516,0.092542,-0.322996,0.287031,-0.098252,-0.896456,39.457530,324.245000,359.312700
564.487,21,-0.319775,1.603156,0.079205,-0.324492,0.282452,-0.099733,-0.897206,39.688340,324.933900,359.676500
564.598,21,-0.318811,1.602261,0.072515,-0.322224,0.281736,-0.098878,-0.898343,39.394050,325.071500,359.709900
564.709,21,-0.320888,1.600746,0.062784,-0.327294,0.279053,-0.102624,-0.896926,40.120070,325.474900,0.107015
564.820,21,-0.325600,1.602289,0.053571,-0.325048,0.275602,-0.106172,-0.898396,39.983420,326.206600,0.867483
564.931,21,-0.331078,1.602893,0.045416,-0.322683,0.276865,-0.107968,-0.898646,39.772410,326.167300,1.145863
565.043,21,-0.339670,1.600297,0.044425,-0.320844,0.273039,-0.112521,-0.899916,39.710560,326.978800,2.034688
565.153,21,-0.353489,1.592116,0.056378,-0.323172,0.272134,-0.116331,-0.898872,40.112870,327.222200,2.491217
565.265,21,-0.366882,1.576223,0.078275,-0.329683,0.271094,-0.118524,-0.896532,40.950390,327.308400,2.562676
565.376,21,-0.375951,1.561349,0.100167,-0.339480,0.268468,-0.117262,-0.893828,42.054350,327.375300,2.110590
565.487,21,-0.384577,1.543082,0.125254,-0.356015,0.259691,-0.118305,-0.889841,44.030370,328.287600,2.043462
565.596,21,-0.390582,1.531437,0.140755,-0.361413,0.254685,-0.117506,-0.889218,44.636210,328.857800,2.004006
565.697,21,-0.392972,1.525769,0.147806,-0.366618,0.253785,-0.118748,-0.887177,45.298670,328.909600,2.005521
565.806,21,-0.393763,1.521229,0.153438,-0.371281,0.250178,-0.117371,-0.886446,45.804660,329.254000,1.834222
565.915,21,-0.393386,1.520190,0.154374,-0.374621,0.250854,-0.119518,-0.884560,46.278900,329.166700,1.947776
566.016,21,-0.393020,1.522292,0.153297,-0.372762,0.255718,-0.117967,-0.884161,46.012800,328.367300,1.481816
566.125,21,-0.389950,1.526722,0.150462,-0.370694,0.259646,-0.115569,-0.884202,45.688430,327.680500,0.973990
566.235,21,-0.385995,1.530724,0.147700,-0.367212,0.262616,-0.113705,-0.885019,45.210630,327.229300,0.682481
566.336,21,-0.381030,1.534439,0.144196,-0.365662,0.266122,-0.112298,-0.884793,44.978470,326.657700,0.332005
566.446,21,-0.374679,1.538480,0.140853,-0.361572,0.269743,-0.110521,-0.885601,44.430410,326.142500,0.055539
566.555,21,-0.370787,1.540102,0.139754,-0.359882,0.270291,-0.109841,-0.886207,44.205780,326.081300,0.010949
566.666,21,-0.368215,1.541687,0.139015,-0.359319,0.271284,-0.108529,-0.886294,44.091710,325.879300,359.794400
566.776,21,-0.366903,1.542550,0.138470,-0.357077,0.270808,-0.110349,-0.887120,43.892500,326.125100,0.189716
566.878,21,-0.366322,1.542276,0.138113,-0.357686,0.272862,-0.110985,-0.886166,43.987770,325.819900,0.119852
566.988,21,-0.365344,1.542268,0.138305,-0.357580,0.274356,-0.110540,-0.885803,43.959120,325.569700,359.970200
567.098,21,-0.364135,1.542570,0.138438,-0.356478,0.274291,-0.109837,-0.886354,43.803420,325.582500,359.932600
567.200,21,-0.360140,1.546580,0.136100,-0.355202,0.277974,-0.107921,-0.885954,43.581340,324.963200,359.505800
567.302,21,-0.346360,1.559558,0.128410,-0.350282,0.293929,-0.098456,-0.883863,42.616020,322.242600,357.517700
567.402,21,-0.325295,1.575787,0.119389,-0.337298,0.307643,-0.088103,-0.885338,40.651360,320.233500,356.105200
567.516,21,-0.298843,1.592004,0.110515,-0.322158,0.321001,-0.081575,-0.886858,38.593360,318.606900,355.440200
567.627,21,-0.261351,1.608438,0.103161,-0.307943,0.346656,-0.078433,-0.882524,36.720500,315.325600,354.626700
567.738,21,-0.232821,1.618249,0.102401,-0.297730,0.369987,-0.080136,-0.876382,35.531330,312.417900,354.368800
567.847,21,-0.197626,1.626529,0.103460,-0.282182,0.393960,-0.085328,-0.870568,33.955470,309.744700,354.897600
567.958,21,-0.172431,1.628588,0.103711,-0.282007,0.407116,-0.090108,-0.864066,34.105150,307.972300,354.879500
568.068,21,-0.146663,1.629868,0.104337,-0.276017,0.422962,-0.090015,-0.858379,33.367020,305.910000,354.575200
568.179,21,-0.132282,1.630164,0.103058,-0.279681,0.428202,-0.087590,-0.854839,33.585240,304.917600,353.814000
568.290,21,-0.122064,1.633476,0.101542,-0.277010,0.426205,-0.089136,-0.856545,33.402980,305.369100,354.264600
568.402,21,-0.122101,1.634840,0.099764,-0.272834,0.423475,-0.087657,-0.859387,32.900530,305.911200,354.504100
568.513,21,-0.127920,1.635574,0.094539,-0.272013,0.421078,-0.089357,-0.860650,32.920020,306.338200,354.855700
568.624,21,-0.136719,1.638526,0.087485,-0.270849,0.421375,-0.088377,-0.860972,32.742700,306.318600,354.810500
568.735,21,-0.145208,1.639666,0.080872,-0.267553,0.418362,-0.086196,-0.863689,32.295640,306.835600,354.911400
568.846,21,-0.155743,1.640795,0.071971,-0.266224,0.417584,-0.089146,-0.864177,32.315490,307.075800,355.366800
568.957,21,-0.162352,1.641204,0.065626,-0.263572,0.415705,-0.089650,-0.865842,32.070250,307.463800,355.676000
569.068,21,-0.169150,1.641227,0.058247,-0.263415,0.416721,-0.093169,-0.865029,32.233760,307.412400,356.044300
569.174,21,-0.174369,1.641215,0.054061,-0.262434,0.415413,-0.093463,-0.865925,32.150600,307.646100,356.195700
569.286,21,-0.181847,1.640065,0.051761,-0.265026,0.410595,-0.094628,-0.867305,32.508500,308.272200,356.363000
569.397,21,-0.191285,1.638326,0.052141,-0.265550,0.405600,-0.094864,-0.869467,32.597000,308.978400,356.566800
569.508,21,-0.207351,1.631878,0.060095,-0.268169,0.396487,-0.096092,-0.872726,32.975120,310.225700,356.930100
569.620,21,-0.225501,1.621986,0.075346,-0.273210,0.387854,-0.098819,-0.874734,33.685090,311.360900,357.310100
569.732,21,-0.243900,1.608604,0.096164,-0.275508,0.383154,-0.103467,-0.875547,34.175380,312.092300,357.925800
569.843,21,-0.260262,1.593672,0.115133,-0.280893,0.384726,-0.108039,-0.872590,34.983390,311.806500,358.070500
569.954,21,-0.271429,1.583071,0.126997,-0.287001,0.384499,-0.110620,-0.870376,35.779300,311.690200,358.012200
570.066,21,-0.281437,1.573655,0.136762,-0.292246,0.381206,-0.112062,-0.869895,36.433110,312.019100,358.016500
570.177,21,-0.285821,1.569151,0.140937,-0.296078,0.378324,-0.113087,-0.869724,36.911430,312.329100,358.042100
570.288,21,-0.287398,1.566899,0.143186,-0.299562,0.378499,-0.111619,-0.868644,37.223190,312.114700,357.635400
570.399,21,-0.286884,1.565999,0.143314,-0.301674,0.376842,-0.112260,-0.868551,37.491800,312.297100,357.662600
570.510,21,-0.284428,1.565992,0.142620,-0.301665,0.376990,-0.110232,-0.868750,37.391350,312.206600,357.408700
570.622,21,-0.278293,1.569620,0.140083,-0.300813,0.376966,-0.108265,-0.869303,37.201450,312.178800,357.225000
570.732,21,-0.264412,1.581216,0.133858,-0.291874,0.380319,-0.100427,-0.871826,35.825310,311.791000,356.683900
570.844,21,-0.242012,1.599243,0.122954,-0.276497,0.386504,-0.089945,-0.875257,33.610170,311.177700,356.124900
570.956,21,-0.216830,1.617143,0.109894,-0.258531,0.395235,-0.082234,-0.877604,31.250410,310.384100,355.973900
571.066,21,-0.180335,1.636788,0.090111,-0.238082,0.409555,-0.075377,-0.877439,28.655860,308.909700,355.900100
571.178,21,-0.152148,1.647295,0.076248,-0.227421,0.421340,-0.073263,-0.874863,27.365290,307.570600,355.902800
571.289,21,-0.119322,1.654967,0.061907,-0.216052,0.435303,-0.077399,-0.870542,26.330470,306.068200,356.588200
571.400,21,-0.096537,1.656171,0.052133,-0.213783,0.454067,-0.086195,-0.860634,26.503610,303.677500,357.067800
571.511,21,-0.079156,1.656279,0.047094,-0.207388,0.472329,-0.089727,-0.851965,25.984990,301.359000,357.256700
571.623,21,-0.066470,1.654845,0.046984,-0.202917,0.476822,-0.092881,-0.850199,25.697170,300.913400,357.737400
571.733,21,-0.058104,1.653585,0.048695,-0.203555,0.479836,-0.094722,-0.848145,25.861070,300.495200,357.792000
571.845,21,-0.054241,1.652397,0.051666,-0.204541,0.486190,-0.097966,-0.843910,26.135040,299.609100,357.858800
571.956,21,-0.052502,1.653018,0.055110,-0.201131,0.491124,-0.097333,-0.841944,25.739950,298.998800,357.858300
572.067,21,-0.052330,1.651686,0.059565,-0.198287,0.496247,-0.097308,-0.839615,25.438860,298.351900,357.880600
572.178,21,-0.051341,1.650278,0.062097,-0.201680,0.495783,-0.099145,-0.838865,25.891790,298.339800,357.857100
572.289,21,-0.051185,1.652033,0.064935,-0.196283,0.493457,-0.096246,-0.841849,25.180300,298.798000,357.994800
572.401,21,-0.053642,1.652843,0.067492,-0.196951,0.492987,-0.092659,-0.842371,25.034940,298.789600,357.591100
572.511,21,-0.057470,1.651446,0.069127,-0.202310,0.493039,-0.094930,-0.840816,25.710220,298.648200,357.464700
572.623,21,-0.061141,1.651504,0.070198,-0.202185,0.493649,-0.094174,-0.840573,25.650460,298.552700,357.374300
572.734,22,-0.064426,1.651283,0.070645,-0.202713,0.493908,-0.094084,-0.840304,25.697370,298.497000,357.320500
572.846,22,-0.068104,1.651147,0.070763,-0.203792,0.495773,-0.094857,-0.838856,25.846370,298.205500,357.266100
572.958,22,-0.070182,1.651031,0.071674,-0.205050,0.498306,-0.094577,-0.837079,25.947130,297.794100,357.066500
573.068,22,-0.071131,1.650630,0.074593,-0.207226,0.496429,-0.093760,-0.837750,26.122820,297.979400,356.893900
573.179,22,-0.071373,1.650462,0.076616,-0.208681,0.493974,-0.092478,-0.838982,26.201080,298.264400,356.742100
573.290,22,-0.073648,1.648720,0.077461,-0.211703,0.501573,-0.096514,-0.833242,26.719120,297.122400,356.692800
573.402,22,-0.076845,1.646984,0.079674,-0.215608,0.509342,-0.100627,-0.827018,27.331030,295.909100,356.567100
573.512,22,-0.082062,1.644346,0.083102,-0.219404,0.515986,-0.106331,-0.821166,28.038510,294.872800,356.636200
573.624,22,-0.089358,1.638694,0.087466,-0.233391,0.524303,-0.118412,-0.810317,30.159490,293.247400,356.496900
573.735,22,-0.095396,1.633543,0.095551,-0.251517,0.519103,-0.125442,-0.807177,32.430250,293.350600,356.017700
573.845,22,-0.101993,1.633009,0.113527,-0.261402,0.481776,-0.116031,-0.828310,33.014140,298.422800,355.920400
573.957,22,-0.102927,1.637050,0.136706,-0.257236,0.405564,-0.090416,-0.872452,31.479320,309.172500,356.579500
574.068,22,-0.094252,1.642609,0.174926,-0.238427,0.238720,-0.057972,-0.939577,28.406230,331.408000,359.681100
574.180,22,-0.085633,1.644776,0.200246,-0.223379,0.094171,-0.027717,-0.969776,26.006640,349.079300,0.745096
574.291,22,-0.082043,1.646403,0.222896,-0.207870,-0.077305,0.007458,-0.975068,23.986940,9.300404,1.103427
574.402,22,-0.086974,1.651192,0.234147,-0.196230,-0.234816,0.049329,-0.950748,23.346920,27.725380,359.897500
574.513,22,-0.094293,1.658291,0.235717,-0.175936,-0.397413,0.086588,-0.896444,22.597540,47.626510,359.043900
574.625,22,-0.103288,1.657039,0.225062,-0.170819,-0.529961,0.118964,-0.822076,24.013060,65.422670,359.088000
574.736,22,-0.107254,1.654321,0.205510,-0.164364,-0.632436,0.142372,-0.743464,25.117730,80.719510,359.759800
574.847,22,-0.108982,1.654470,0.174057,-0.143719,-0.728562,0.167849,-0.648359,25.527220,96.548710,359.477100
574.958,22,-0.107273,1.656411,0.145366,-0.117947,-0.793588,0.174083,-0.570967,24.266830,108.375300,359.271600
575.068,22,-0.103987,1.658632,0.109542,-0.096736,-0.851787,0.173412,-0.484799,22.905600,120.664700,359.792100
575.180,22,-0.109057,1.660107,0.083317,-0.079162,-0.889415,0.172106,-0.415996,21.839650,129.839000,359.853500
575.290,22,-0.121066,1.657181,0.062847,-0.068136,-0.917664,0.191882,-0.341221,23.494700,139.129400,359.631600
575.402,22,-0.130388,1.656578,0.056163,-0.056194,-0.933912,0.203187,-0.288732,24.328500,145.472800,359.222000
575.513,22,-0.139603,1.653263,0.062879,-0.048587,-0.943050,0.218057,-0.246468,25.799770,150.475500,358.991400
575.624,22,-0.148949,1.649757,0.084137,-0.045507,-0.948298,0.233437,-0.210162,27.507380,154.821400,359.237100
575.736,22,-0.156608,1.646893,0.110358,-0.040902,-0.951832,0.241334,-0.184665,28.328400,157.855800,359.266500
575.846,22,-0.163569,1.642931,0.143760,-0.041641,-0.953461,0.250605,-0.162405,29.433240,160.632500,359.869000
575.957,22,-0.167241,1.640130,0.164101,-0.040571,-0.954533,0.251422,-0.154944,29.508530,161.551800,359.969700
576.068,22,-0.164322,1.634829,0.179634,-0.041079,-0.953744,0.261204,-0.143030,30.663470,163.008600,0.242293
576.178,22,-0.151263,1.626965,0.183092,-0.043445,-0.953604,0.266318,-0.133518,31.300440,164.279800,0.787375
576.289,22,-0.129748,1.616160,0.178171,-0.051186,-0.951476,0.277386,-0.123005,32.713950,165.850600,1.986409
576.401,22,-0.114378,1.601885,0.158929,-0.048300,-0.950289,0.284620,-0.116658,33.518940,166.528400,1.745343
576.512,22,-0.104731,1.578134,0.127769,-0.045201,-0.951060,0.287129,-0.104873,33.754490,167.953400,1.775015
576.623,22,-0.100390,1.549352,0.090815,-0.047815,-0.951148,0.287807,-0.100983,33.859070,168.569000,2.265778
576.734,22,-0.098666,1.518945,0.053833,-0.048037,-0.950314,0.289415,-0.104091,34.060700,168.156300,2.147918
576.845,22,-0.095007,1.471760,-0.003270,-0.044999,-0.950353,0.286858,-0.111877,33.731450,167.017800,1.470681
576.956,22,-0.090800,1.425720,-0.053883,-0.047108,-0.949917,0.283382,-0.123015,33.364850,165.649100,1.356900
577.068,22,-0.087368,1.365122,-0.114920,-0.044776,-0.948802,0.285873,-0.126676,33.629350,165.051400,0.862974
577.179,22,-0.083161,1.323479,-0.156740,-0.046830,-0.949057,0.283117,-0.130166,33.338220,164.692700,1.041458
577.290,22,-0.077273,1.281525,-0.199215,-0.041118,-0.948935,0.280878,-0.137620,32.982750,163.511100,0.049788
577.402,22,-0.072608,1.257110,-0.225984,-0.042472,-0.946531,0.287595,-0.139873,33.801420,163.186900,-0.003477
577.513,22,-0.072084,1.245991,-0.242873,-0.041748,-0.944800,0.295098,-0.136116,34.679270,163.572300,359.899200
577.624,22,-0.075711,1.245442,-0.250449,-0.040585,-0.944829,0.297965,-0.129880,35.001260,164.330300,359.950600
577.735,22,-0.078519,1.246024,-0.253264,-0.038000,-0.945138,0.298347,-0.127512,35.005050,164.538900,359.702300
577.846,22,-0.077684,1.239421,-0.254863,-0.035387,-0.942844,0.301083,-0.138354,35.277750,162.933700,358.836000
577.957,22,-0.073685,1.234875,-0.254638,-0.033523,-0.938836,0.309027,-0.148211,36.170370,161.393500,357.965700
578.068,22,-0.066395,1.235312,-0.252780,-0.038684,-0.936941,0.310009,-0.156651,36.373090,160.440400,358.246600
578.180,22,-0.059724,1.235805,-0.250598,-0.041955,-0.935950,0.309071,-0.163439,36.317870,159.664700,358.400400
578.291,22,-0.050739,1.234228,-0.248288,-0.046191,-0.933417,0.310774,-0.173261,36.596070,158.462400,358.468400
578.402,22,-0.042520,1.232508,-0.248056,-0.049733,-0.931493,0.312785,-0.178925,36.906430,157.792700,358.618600
578.513,22,-0.035715,1.230765,-0.249232,-0.055883,-0.930259,0.315301,-0.179114,37.347060,157.984400,359.353000
578.624,22,-0.034126,1.229649,-0.251147,-0.057244,-0.931702,0.316144,-0.169435,37.481200,159.374900,359.966600
578.735,22,-0.039584,1.229776,-0.249602,-0.055246,-0.933595,0.318087,-0.155465,37.669560,161.196400,0.307858
578.846,22,-0.048760,1.232233,-0.243597,-0.048032,-0.936176,0.317234,-0.143631,37.428540,162.525800,359.913800
578.958,22,-0.056223,1.232042,-0.237935,-0.047338,-0.937160,0.317999,-0.135524,37.507360,163.605000,0.183043
579.069,22,-0.063876,1.232323,-0.230240,-0.042135,-0.936742,0.322440,-0.129503,37.951900,164.143400,359.667600
579.180,22,-0.067144,1.234938,-0.224272,-0.039801,-0.937419,0.321346,-0.128057,37.782410,164.251800,359.443200
579.291,22,-0.074780,1.242648,-0.214208,-0.038400,-0.938927,0.320491,-0.119281,37.661480,165.412500,359.685400
579.402,22,-0.099304,1.259056,-0.207361,-0.013699,-0.945811,0.309245,-0.098088,35.991230,167.358500,357.538200
579.513,22,-0.137196,1.272668,-0.205434,-0.000720,-0.953225,0.296210,-0.060177,34.388070,172.038700,357.619400
579.625,22,-0.171139,1.277250,-0.214453,0.021848,-0.955836,0.288893,-0.049419,33.374440,172.631900,355.169600
579.736,22,-0.203638,1.263934,-0.238034,0.032509,-0.955512,0.290801,-0.037083,33.594890,173.812900,354.233500
579.847,22,-0.246089,1.224061,-0.289040,0.035555,-0.951230,0.305810,-0.019432,35.479370,175.865200,354.395500
579.958,22,-0.274171,1.195944,-0.333462,0.031295,-0.949304,0.312735,-0.006212,36.396740,177.766600,355.489400
580.070,22,-0.300295,1.166035,-0.381639,0.024234,-0.945553,0.324537,-0.004346,37.844720,178.262100,356.467800
580.181,22,-0.314671,1.144589,-0.418966,0.027027,-0.945137,0.325329,-0.012077,37.901710,177.064200,355.715900
580.292,22,-0.323514,1.127066,-0.448482,0.025003,-0.942585,0.332485,-0.019050,38.743690,176.137500,355.602500
580.404,22,-0.325846,1.117647,-0.468127,0.021644,-0.941550,0.335288,-0.024447,39.073940,175.526600,355.778200
580.515,22,-0.321798,1.113757,-0.476742,0.019772,-0.940744,0.336720,-0.035067,39.208730,174.126400,355.498300
580.626,22,-0.314004,1.111882,-0.478816,0.015970,-0.939470,0.339420,-0.043990,39.519750,173.038500,355.548800
580.737,22,-0.305746,1.114569,-0.473333,0.015106,-0.939574,0.338086,-0.051686,39.327410,172.023700,355.303600
580.848,22,-0.290235,1.130688,-0.452858,0.012246,-0.941382,0.331903,-0.059074,38.568430,171.219500,355.432000
580.959,22,-0.272467,1.155155,-0.423360,0.010180,-0.947075,0.313137,-0.069935,36.278080,170.082600,355.512000
581.070,22,-0.243596,1.183892,-0.364363,0.010385,-0.955768,0.278898,-0.092819,32.086310,167.511000,355.150500
581.181,22,-0.216774,1.190659,-0.298102,0.007748,-0.959704,0.259576,-0.107369,29.773240,165.991900,355.333800
581.291,22,-0.184421,1.191994,-0.232248,-0.003567,-0.958783,0.258006,-0.118977,29.708840,164.897100,356.399000
581.403,22,-0.145881,1.208027,-0.168516,-0.015637,-0.955599,0.261521,-0.134883,30.267460,163.201500,357.301300
581.513,22,-0.109837,1.242507,-0.106169,-0.020950,-0.951882,0.270462,-0.142589,31.390620,162.258500,357.499300
581.625,22,-0.078961,1.285309,-0.049856,-0.028450,-0.951314,0.269741,-0.146395,31.436080,162.033400,358.331200
581.736,22,-0.056359,1.315794,-0.010762,-0.041427,-0.954111,0.260706,-0.141381,30.610440,163.239600,0.355178
581.847,22,-0.034513,1.333131,0.017622,-0.051876,-0.954910,0.255530,-0.141988,30.181990,163.559000,1.757345
581.958,22,-0.020574,1.330853,0.016761,-0.057589,-0.957398,0.247537,-0.137107,29.325700,164.429800,2.787028
582.069,22,-0.000113,1.306300,-0.008377,-0.074033,-0.956697,0.240187,-0.146835,28.771180,163.742800,4.653764
582.180,22,0.018565,1.274837,-0.047795,-0.076533,-0.956035,0.232002,-0.162220,27.932710,161.887600,4.613708
582.291,22,0.043634,1.236056,-0.100742,-0.086728,-0.953953,0.231733,-0.169565,28.134100,161.259800,5.654108
582.403,22,0.074592,1.182812,-0.159876,-0.097114,-0.947520,0.240551,-0.186840,29.481570,159.325100,6.208623
582.513,22,0.100864,1.128837,-0.215589,-0.104207,-0.942740,0.245499,-0.200279,30.306470,157.781900,6.527420
582.625,22,0.120480,1.087276,-0.261252,-0.110697,-0.939042,0.252703,-0.205150,31.333420,157.320500,7.008036
582.737,22,0.135045,1.063216,-0.290618,-0.113239,-0.934631,0.263333,-0.210469,32.677230,156.637600,6.879759
582.848,22,0.151239,1.045522,-0.319779,-0.119847,-0.926532,0.279445,-0.221551,34.815440,155.261600,6.873992
582.959,22,0.156948,1.049429,-0.339471,-0.112205,-0.926752,0.287528,-0.214172,35.520570,155.892200,5.981208
583.070,22,0.155099,1.079993,-0.354642,-0.104206,-0.932140,0.285027,-0.197525,34.927260,157.871300,5.716797
583.181,22,0.141753,1.125078,-0.353140,-0.090665,-0.942366,0.266252,-0.181208,32.321670,159.695100,5.049892
583.292,22,0.117616,1.193808,-0.339648,-0.067632,-0.954613,0.237238,-0.166908,28.393080,160.988200,3.253806
583.404,22,0.088677,1.278456,-0.324276,-0.042674,-0.966493,0.205421,-0.147896,24.185880,162.892200,1.364739
583.515,22,0.062427,1.344283,-0.315514,-0.029053,-0.971858,0.191116,-0.134624,22.290190,164.288100,0.310390
583.626,22,0.032644,1.398067,-0.316528,-0.013740,-0.973133,0.199664,-0.113836,23.062010,166.418100,358.834400
583.737,22,0.016846,1.420574,-0.326896,-0.003529,-0.968279,0.224304,-0.110053,25.795160,166.411200,357.292100
583.848,22,0.001017,1.446890,-0.343353,0.008960,-0.964739,0.242143,-0.102788,27.734050,166.763500,355.654400
583.959,22,-0.006550,1.461421,-0.349823,0.011388,-0.964359,0.244104,-0.101467,27.936730,166.831900,355.357800
584.070,22,-0.010169,1.467119,-0.354729,0.012678,-0.961474,0.256246,-0.098714,29.356730,166.982800,355.065600
584.181,22,-0.011543,1.470583,-0.356650,0.014048,-0.956416,0.277862,-0.088682,31.938650,167.930700,354.851400
584.292,22,-0.014076,1.476747,-0.341869,0.012735,-0.954573,0.287583,-0.076971,33.166690,169.379700,355.300400
584.403,22,-0.021924,1.487582,-0.306424,0.015572,-0.950366,0.305329,-0.057767,35.348610,171.588900,355.438000
584.514,22,-0.031693,1.502675,-0.261206,0.020117,-0.947996,0.315668,-0.035409,36.660920,174.288300,355.675000
584.625,22,-0.044333,1.523156,-0.194025,0.021199,-0.943441,0.330628,-0.012463,38.559520,177.248700,356.463000
584.736,22,-0.053509,1.538836,-0.146713,0.028740,-0.945421,0.324582,-0.000388,37.858240,178.592600,356.034900
584.847,22,-0.064065,1.550447,-0.097705,0.031271,-0.940964,0.337009,0.005806,39.389630,179.247500,355.923900
584.958,22,-0.070981,1.558867,-0.072697,0.036820,-0.938771,0.342376,0.011472,40.066090,179.725000,355.407600
585.068,22,-0.076353,1.568404,-0.052701,0.035287,-0.939037,0.341560,0.017350,39.993460,180.634200,355.926800
585.179,22,-0.077643,1.571027,-0.044207,0.034213,-0.940127,0.338743,0.015604,39.642210,180.458400,355.996900
585.290,22,-0.076948,1.568777,-0.037509,0.033997,-0.939913,0.339649,0.006849,39.713280,179.238800,355.582100
585.402,22,-0.075855,1.566742,-0.034358,0.031193,-0.939045,0.342366,-0.002639,40.003080,178.031300,355.478200
585.513,22,-0.075628,1.566402,-0.033825,0.031211,-0.938503,0.343734,-0.009276,40.136520,177.085800,355.125700
585.624,22,-0.076327,1.566543,-0.034098,0.029955,-0.938545,0.343675,-0.011165,40.123630,176.885400,355.206200
585.735,22,-0.076148,1.566673,-0.035155,0.029536,-0.938396,0.344057,-0.012904,40.162680,176.658600,355.172600
585.846,22,-0.075830,1.566215,-0.037081,0.028815,-0.938493,0.343699,-0.016479,40.103310,176.196500,355.094100
585.958,22,-0.074682,1.565519,-0.039384,0.028338,-0.938116,0.344579,-0.020012,40.193880,175.714900,354.971000
586.068,22,-0.072264,1.563811,-0.042696,0.026293,-0.938105,0.344566,-0.023302,40.184630,175.357200,355.090000
586.179,22,-0.068900,1.561790,-0.047139,0.023482,-0.938870,0.342495,-0.025878,39.933720,175.161500,355.375800
586.291,22,-0.062096,1.551864,-0.058622,0.017549,-0.939486,0.340402,-0.034416,39.672430,174.287500,355.797600
586.402,22,-0.053004,1.529280,-0.081583,0.009617,-0.938615,0.341747,-0.046025,39.840490,173.045200,356.302900
586.513,22,-0.043143,1.495346,-0.117547,0.003893,-0.934025,0.352676,-0.056592,41.176060,171.714800,356.405500
586.624,22,-0.033672,1.455764,-0.159977,-0.002640,-0.929682,0.362267,-0.066685,42.371750,170.488800,356.631700
586.735,22,-0.027337,1.420263,-0.195812,-0.008048,-0.924328,0.374073,-0.074987,43.847320,169.404800,356.723100
586.846,22,-0.022479,1.381147,-0.237495,-0.010705,-0.921495,0.380036,-0.079408,44.595940,168.808000,356.729300
586.958,22,-0.018372,1.355016,-0.265252,-0.017108,-0.920813,0.380672,-0.083063,44.740490,168.637100,357.439400
587.068,22,-0.012844,1.328552,-0.290489,-0.020372,-0.917884,0.386386,-0.088209,45.472030,167.967600,357.485400
587.179,22,-0.008610,1.316088,-0.304455,-0.021469,-0.916697,0.388521,-0.090875,45.742690,167.594300,357.433300
587.290,22,-0.004426,1.302037,-0.318419,-0.028194,-0.917357,0.386089,-0.092723,45.527850,167.774700,358.374700
587.401,22,-0.002593,1.288636,-0.330308,-0.030337,-0.916589,0.386972,-0.095904,45.660180,167.411100,358.474000
587.512,22,-0.002362,1.278948,-0.341470,-0.031984,-0.917600,0.384416,-0.095976,45.366900,167.543300,358.769000
587.624,22,-0.002106,1.272347,-0.349997,-0.034322,-0.919528,0.380012,-0.094239,44.856350,168.013100,359.312600
587.735,22,-0.002188,1.268127,-0.356882,-0.035206,-0.920343,0.377639,-0.095485,44.574720,167.912400,359.411600
587.846,22,-0.001544,1.264268,-0.361732,-0.032745,-0.919692,0.378773,-0.098114,44.679010,167.354500,358.864100
587.957,22,-0.001491,1.262493,-0.363527,-0.035050,-0.918774,0.380587,-0.098892,44.932960,167.349500,359.120400
588.068,22,-0.001911,1.263189,-0.364119,-0.035101,-0.919619,0.378587,-0.098691,44.687610,167.412500,359.180600
588.179,22,-0.003103,1.265341,-0.364139,-0.033591,-0.920347,0.376921,-0.098811,44.461940,167.328800,358.983900
588.290,22,-0.004516,1.268183,-0.364508,-0.032018,-0.921731,0.373655,-0.098838,44.039040,167.280700,358.817200
588.401,22,-0.005693,1.267601,-0.365153,-0.032305,-0.921819,0.373749,-0.097563,44.056020,167.485600,358.934100
588.512,22,-0.006090,1.265462,-0.366252,-0.031112,-0.921249,0.374967,-0.098647,44.188010,167.235900,358.669200
588.624,22,-0.006479,1.263567,-0.367615,-0.031176,-0.921030,0.375608,-0.098237,44.268170,167.291000,358.690200
588.735,22,-0.006941,1.262132,-0.368601,-0.030916,-0.920370,0.377741,-0.096304,44.529600,167.531500,358.726100
588.846,22,-0.007618,1.261039,-0.369633,-0.030337,-0.920236,0.378420,-0.095098,44.607060,167.667100,358.701100
588.957,22,-0.008087,1.260496,-0.370220,-0.028068,-0.919787,0.379524,-0.095732,44.711520,167.418500,358.304100
589.068,22,-0.009067,1.260016,-0.371420,-0.027985,-0.920000,0.379547,-0.093604,44.716920,167.732100,358.422500
589.179,22,-0.009491,1.259381,-0.372505,-0.027346,-0.919808,0.380188,-0.093077,44.788370,167.762700,358.347400
589.290,22,-0.009753,1.258536,-0.373264,-0.027084,-0.920129,0.379521,-0.092697,44.703490,167.814200,358.345700
589.402,22,-0.010046,1.259510,-0.372933,-0.025874,-0.920313,0.379163,-0.092686,44.643510,167.748700,358.174700
589.512,22,-0.010961,1.265210,-0.369049,-0.023773,-0.921529,0.376408,-0.092387,44.277590,167.711800,357.940100
589.624,22,-0.012757,1.279165,-0.359552,-0.021489,-0.925219,0.367641,-0.091367,43.174570,167.867900,357.845500
589.735,22,-0.015552,1.298241,-0.346264,-0.018182,-0.929333,0.357445,-0.090786,41.887650,167.924200,357.605100
589.846,22,-0.020579,1.327360,-0.324843,-0.014802,-0.936468,0.339071,-0.088542,39.618940,168.331300,357.595200
589.957,22,-0.024164,1.344887,-0.306140,-0.012453,-0.938748,0.333327,-0.086554,38.900850,168.571500,357.472300
590.068,22,-0.026548,1.362272,-0.283424,-0.007362,-0.940495,0.327802,-0.089231,38.163300,168.034000,356.744400
590.180,22,-0.027594,1.373234,-0.266943,-0.005239,-0.942152,0.322932,-0.089653,37.549140,167.947500,356.526800
590.291,22,-0.028398,1.384239,-0.247883,-0.005011,-0.943175,0.319992,-0.089449,37.193860,168.007100,356.560400
590.402,22,-0.028748,1.390274,-0.233422,-0.005293,-0.943848,0.317902,-0.089785,36.945270,168.003200,356.621900
590.513,22,-0.029649,1.391777,-0.223644,-0.004083,-0.943642,0.317992,-0.091673,36.933610,167.690200,356.370900
590.624,22,-0.031398,1.390695,-0.218295,-0.002183,-0.942191,0.322208,-0.091938,37.413620,167.505300,356.019700
590.735,22,-0.033214,1.389211,-0.215875,0.000170,-0.941298,0.325463,-0.089623,37.783840,167.665100,355.743600
590.846,22,-0.034975,1.389005,-0.213299,-0.002225,-0.940604,0.328582,-0.085400,38.207490,168.311400,356.210300
590.957,22,-0.035985,1.387843,-0.214114,-0.004845,-0.940047,0.330578,-0.083709,38.486400,168.640300,356.613600
591.068,22,-0.040014,1.373705,-0.222720,-0.008900,-0.935838,0.345383,-0.069566,40.367150,170.629200,357.638400
591.180,22,-0.045474,1.344846,-0.231980,-0.022202,-0.919237,0.389549,-0.052557,45.931570,173.450800,359.989300
591.290,22,-0.047546,1.315429,-0.253316,-0.019415,-0.914986,0.399538,-0.052843,47.154940,173.143100,359.435700
591.401,22,-0.046877,1.293798,-0.274250,-0.018573,-0.913365,0.401950,-0.062097,47.439270,171.625900,358.645200
591.512,22,-0.044400,1.274672,-0.296771,-0.018875,-0.914853,0.397200,-0.070143,46.836710,170.462500,358.225300
591.623,22,-0.041341,1.257182,-0.319402,-0.020437,-0.916657,0.392637,-0.071830,46.282970,170.367600,358.429700
591.734,22,-0.037967,1.244221,-0.339789,-0.022512,-0.919828,0.384899,-0.072543,45.344680,170.489900,358.823600
591.845,22,-0.033352,1.227266,-0.363667,-0.023161,-0.919981,0.383385,-0.078195,45.156580,169.697500,358.590800
591.957,22,-0.030301,1.216447,-0.378191,-0.022743,-0.918774,0.385614,-0.081484,45.421580,169.144200,358.281300
592.068,22,-0.028355,1.207378,-0.389887,-0.024643,-0.917741,0.387761,-0.082372,45.707790,169.097300,358.469600
592.179,22,-0.028029,1.202926,-0.395455,-0.026775,-0.916961,0.389311,-0.083078,45.923820,169.102200,358.716300
592.291,22,-0.028061,1.203188,-0.398526,-0.024446,-0.917460,0.387716,-0.085704,45.693890,168.579800,358.227900
592.402,22,-0.029231,1.212341,-0.393791,-0.022540,-0.918203,0.386127,-0.085450,45.474410,168.524000,357.989900
592.513,22,-0.030151,1.234044,-0.380540,-0.019665,-0.922762,0.374730,-0.087755,44.029230,168.184900,357.650400
592.624,22,-0.031289,1.266462,-0.357595,-0.016346,-0.928998,0.358605,-0.089995,42.007510,167.921400,357.363900
592.735,22,-0.032339,1.301784,-0.330192,-0.013062,-0.935038,0.341985,-0.092626,39.938010,167.627800,357.090000
592.846,22,-0.033568,1.348305,-0.287345,-0.010786,-0.939620,0.328081,-0.096748,38.216180,167.150000,356.847100
592.958,22,-0.034302,1.381325,-0.251044,-0.006591,-0.940947,0.323892,-0.098336,37.649270,166.800900,356.285300
593.068,22,-0.034747,1.420222,-0.203788,-0.004202,-0.942994,0.316892,-0.101604,36.763160,166.356900,355.957900
593.179,22,-0.034536,1.447839,-0.168827,-0.003140,-0.946445,0.305654,-0.103956,35.395920,166.170200,355.947700
593.290,22,-0.035485,1.480746,-0.126617,-0.005279,-0.949996,0.293272,-0.107105,33.941390,166.021200,356.351500
593.402,22,-0.036998,1.511195,-0.092370,-0.004196,-0.952667,0.284821,-0.106233,32.927010,166.213800,356.412600
593.513,22,-0.039510,1.539240,-0.063382,-0.001786,-0.955983,0.275037,-0.102217,31.750830,166.781000,356.439300
593.624,22,-0.040955,1.563466,-0.042750,0.000436,-0.960232,0.258715,-0.104981,29.786000,166.552100,356.356200
593.735,22,-0.042633,1.580564,-0.030859,0.000059,-0.963676,0.245864,-0.104302,28.284800,166.802100,356.653700
593.846,22,-0.044592,1.594465,-0.025903,0.001373,-0.965483,0.240852,-0.099150,27.697560,167.468300,356.736100
593.958,22,-0.044757,1.599634,-0.032155,0.003163,-0.967347,0.234339,-0.096516,26.921060,167.813900,356.698100
594.069,22,-0.043172,1.598604,-0.050021,0.001590,-0.965040,0.243190,-0.097742,27.973610,167.614800,356.715000
594.180,22,-0.041432,1.596423,-0.068347,-0.000127,-0.963747,0.248370,-0.097486,28.604160,167.645800,356.854200
594.291,22,-0.038444,1.589978,-0.097690,-0.000160,-0.960908,0.259073,-0.097655,29.862560,167.507400,356.675400
594.402,22,-0.036652,1.584845,-0.123496,-0.000085,-0.958498,0.267180,-0.099483,30.810520,167.173800,356.462200
594.513,22,-0.035771,1.580792,-0.145753,-0.000891,-0.956981,0.273483,-0.096918,31.574640,167.457800,356.547500
594.624,22,-0.034087,1.578112,-0.165299,0.000580,-0.956225,0.276579,-0.095589,31.926570,167.539200,356.353100
594.735,22,-0.032166,1.574309,-0.179280,-0.000571,-0.954519,0.282352,-0.095761,32.624420,167.486200,356.393000
594.847,22,-0.029382,1.569789,-0.193723,-0.000633,-0.952117,0.289323,-0.098818,33.440000,166.993500,356.153700
594.958,22,-0.028061,1.567185,-0.202097,-0.001079,-0.951032,0.292754,-0.099162,33.852070,166.917700,356.133000
595.069,22,-0.027693,1.564187,-0.210484,-0.001564,-0.949579,0.297789,-0.098076,34.461670,167.010200,356.144300
595.180,22,-0.028021,1.562652,-0.215167,-0.001215,-0.949094,0.299490,-0.097592,34.661460,167.036300,356.085700
595.291,22,-0.028996,1.560629,-0.219149,-0.000646,-0.948232,0.302414,-0.096965,35.004610,167.054500,355.980100
595.402,22,-0.029617,1.559536,-0.221308,0.000110,-0.947542,0.304559,-0.096998,35.249890,166.987000,355.836500
595.513,22,-0.030324,1.559145,-0.220822,0.001128,-0.947129,0.305389,-0.098406,35.328450,166.742700,355.624800
595.624,22,-0.031464,1.560103,-0.217512,0.002121,-0.946979,0.305507,-0.099461,35.323720,166.557500,355.445400
595.735,22,-0.032658,1.561974,-0.212428,0.004450,-0.946584,0.305966,-0.101707,35.333890,166.151100,355.031000
595.846,22,-0.036142,1.566657,-0.201630,0.002814,-0.946298,0.306573,-0.102589,35.425330,166.090600,355.197200
595.957,22,-0.039520,1.571302,-0.192604,0.001830,-0.946424,0.306733,-0.100959,35.466680,166.348500,355.394300
596.068,22,-0.042452,1.575072,-0.183126,0.001816,-0.944170,0.312613,-0.103988,36.152830,165.841900,355.137300
596.179,22,-0.043850,1.576695,-0.177649,0.002088,-0.942511,0.316171,-0.108185,36.550960,165.196700,354.833000
596.290,22,-0.045165,1.577230,-0.173003,0.000356,-0.941171,0.319066,-0.111332,36.906610,164.789600,354.854500
596.402,22,-0.046158,1.577880,-0.170328,-0.000621,-0.940577,0.320350,-0.112650,37.068400,164.628100,354.894500
596.512,22,-0.046955,1.578767,-0.168938,-0.000087,-0.940767,0.318692,-0.115731,36.844820,164.214800,354.722900
596.624,22,-0.048041,1.579215,-0.167935,-0.000445,-0.940257,0.319489,-0.117657,36.934940,163.951600,354.663300
596.735,22,-0.048631,1.580760,-0.168296,0.000180,-0.940371,0.317832,-0.121182,36.706540,163.475400,354.462000
596.846,22,-0.048860,1.582483,-0.171411,-0.000117,-0.940669,0.316292,-0.122888,36.518420,163.286700,354.464900
596.957,22,-0.048259,1.583064,-0.176560,-0.000489,-0.940841,0.314769,-0.125458,36.328690,162.983600,354.439700
597.068,22,-0.046109,1.580567,-0.188303,-0.004562,-0.941847,0.311990,-0.124762,36.074120,163.307000,355.084600
597.179,22,-0.041451,1.572782,-0.202664,-0.008362,-0.940795,0.313829,-0.127851,36.344290,163.013600,355.406100
597.290,22,-0.032938,1.556634,-0.226939,-0.014666,-0.938312,0.319471,-0.131505,37.112720,162.679400,355.937000
597.402,22,-0.025282,1.540051,-0.249352,-0.020931,-0.934384,0.329182,-0.134638,38.374600,162.340300,356.378100
597.512,22,-0.020005,1.526112,-0.269345,-0.025238,-0.931239,0.337373,-0.135414,39.433730,162.272500,356.707100
597.623,22,-0.016988,1.515442,-0.286258,-0.025442,-0.928555,0.344364,-0.136203,40.274630,162.027100,356.501400
597.735,22,-0.015364,1.507543,-0.298767,-0.025009,-0.926873,0.348672,-0.136783,40.782660,161.830100,356.287800
597.846,22,-0.013558,1.497925,-0.313821,-0.024581,-0.925729,0.351461,-0.137466,41.107440,161.648200,356.110000
597.957,22,-0.012448,1.490766,-0.323492,-0.024920,-0.924395,0.355057,-0.137140,41.549080,161.630700,356.068400
598.068,22,-0.010536,1.483901,-0.335107,-0.025413,-0.924509,0.354134,-0.138660,41.440890,161.458000,356.082200
598.179,22,-0.010065,1.479219,-0.342136,-0.025544,-0.924032,0.355039,-0.139495,41.549110,161.323000,356.027600
598.290,22,-0.009985,1.474638,-0.349550,-0.026850,-0.922655,0.358788,-0.138772,42.030600,161.408800,356.137700
598.401,22,-0.011079,1.472316,-0.354546,-0.027247,-0.921722,0.361160,-0.138744,42.325320,161.378000,356.123000
598.512,22,-0.012513,1.472113,-0.358638,-0.027114,-0.921909,0.361026,-0.137875,42.310090,161.501000,356.157300
598.624,22,-0.013801,1.471444,-0.362239,-0.027186,-0.921505,0.362265,-0.137308,42.463710,161.558500,356.161900
598.735,22,-0.014677,1.471819,-0.364691,-0.026281,-0.921179,0.362730,-0.138440,42.497290,161.332900,355.954700
598.846,22,-0.017587,1.472673,-0.363635,-0.024534,-0.921031,0.362813,-0.139525,42.467300,161.078000,355.642300
598.957,22,-0.021937,1.473105,-0.355426,-0.020833,-0.921051,0.364168,-0.136427,42.572190,161.297400,355.249500
599.068,22,-0.028276,1.478676,-0.336217,-0.019577,-0.924602,0.360021,-0.122934,42.110710,163.295500,355.956100
599.179,22,-0.032044,1.482190,-0.314061,-0.019128,-0.927175,0.357248,-0.111154,41.813980,165.035800,356.619500
599.290,22,-0.034243,1.486294,-0.276848,-0.016701,-0.929985,0.354409,-0.096142,41.483250,167.120700,357.162600
599.401,22,-0.034679,1.486601,-0.241510,-0.015176,-0.931659,0.352335,-0.087418,41.236220,168.323600,357.460300
599.512,22,-0.036110,1.479471,-0.212402,-0.018694,-0.936246,0.341548,-0.080245,39.981910,169.663400,358.518500
599.623,22,-0.036644,1.465241,-0.191798,-0.025842,-0.939713,0.331809,-0.078577,38.878590,170.347500,359.736800
599.734,22,-0.036258,1.454814,-0.179490,-0.021593,-0.941709,0.327156,-0.075415,38.274400,170.622900,359.366800
599.846,22,-0.033110,1.445329,-0.170215,-0.020173,-0.942495,0.324126,-0.078981,37.891020,170.091300,359.043500
599.956,22,-0.031515,1.440670,-0.165859,-0.016993,-0.942162,0.324630,-0.081601,37.914170,169.577000,358.477600
600.068,22,-0.030464,1.434978,-0.163534,-0.014608,-0.944111,0.319803,-0.078530,37.311900,169.939500,358.368500
600.179,22,-0.029393,1.431108,-0.163304,-0.014418,-0.944586,0.318499,-0.078153,37.153540,169.995700,358.379100
600.290,22,-0.029515,1.429625,-0.161780,-0.015848,-0.943917,0.321575,-0.073210,37.546170,170.708400,358.759400
600.401,22,-0.029946,1.431579,-0.160544,-0.019039,-0.944858,0.318966,-0.071707,37.263810,171.083000,359.296900
600.512,22,-0.031182,1.431376,-0.160678,-0.018326,-0.945191,0.317923,-0.072137,37.130970,171.000300,359.193300
600.623,22,-0.032669,1.429183,-0.161795,-0.017992,-0.944517,0.319806,-0.072716,37.354270,170.890200,359.097400
600.734,22,-0.033512,1.426952,-0.163258,-0.016555,-0.943691,0.321845,-0.074755,37.583770,170.526300,358.780000
600.846,22,-0.033525,1.423975,-0.166153,-0.016492,-0.943187,0.323198,-0.075291,37.745590,170.437000,358.727700
600.957,22,-0.033130,1.422134,-0.168108,-0.016943,-0.941605,0.327577,-0.076062,38.277790,170.309300,358.691600
601.068,22,-0.033280,1.421175,-0.170919,-0.016736,-0.941402,0.328245,-0.075746,38.356790,170.336600,358.668800
601.179,22,-0.033278,1.420237,-0.172534,-0.016525,-0.940733,0.330056,-0.076234,38.572770,170.240800,358.590400
601.289,22,-0.033443,1.419329,-0.174086,-0.015921,-0.940151,0.331645,-0.076645,38.758100,170.138300,358.464000
601.401,22,-0.033394,1.419036,-0.174762,-0.016072,-0.940068,0.331896,-0.076543,38.790220,170.157300,358.486300
601.512,22,-0.032915,1.420314,-0.174682,-0.016010,-0.940149,0.331292,-0.078166,38.713730,169.935000,358.407300
601.623,22,-0.033290,1.425273,-0.171370,-0.013952,-0.941054,0.328522,-0.079356,38.354620,169.701800,358.108700
601.734,22,-0.034267,1.429548,-0.167888,-0.014405,-0.941744,0.326237,-0.080498,38.081550,169.590800,358.151500
601.845,22,-0.035017,1.434430,-0.163501,-0.012989,-0.943576,0.321383,-0.078790,37.484430,169.813200,358.112800
601.956,22,-0.033641,1.436278,-0.160339,-0.013048,-0.943432,0.321130,-0.081500,37.448990,169.446800,357.998600
602.068,22,-0.031461,1.437907,-0.157000,-0.012397,-0.943097,0.320921,-0.086163,37.405750,168.780000,357.697000
602.178,22,-0.030870,1.439560,-0.154325,-0.013552,-0.942949,0.321530,-0.085337,37.494540,168.938800,357.882300
602.289,22,-0.030465,1.440945,-0.151648,-0.012428,-0.943197,0.320528,-0.086523,37.358000,168.736800,357.691100
602.401,22,-0.031616,1.441290,-0.149393,-0.012465,-0.942119,0.324047,-0.085151,37.785340,168.884100,357.701200
602.512,22,-0.033097,1.442214,-0.146998,-0.011191,-0.940532,0.329298,-0.082686,38.409810,169.100400,357.556600
602.623,22,-0.034508,1.443802,-0.144248,-0.010801,-0.938956,0.333839,-0.082441,38.954360,169.058300,357.438000
602.734,22,-0.035437,1.445245,-0.142100,-0.010380,-0.937479,0.337811,-0.083121,39.427970,168.890400,357.276900
602.845,22,-0.035980,1.447349,-0.139019,-0.008789,-0.935576,0.343018,-0.083418,40.038750,168.697000,356.946600
602.956,22,-0.035371,1.448691,-0.137616,-0.008750,-0.935508,0.343378,-0.082703,40.084160,168.790700,356.971200
603.067,22,-0.034749,1.449568,-0.136239,-0.009179,-0.935712,0.343098,-0.081500,40.059190,168.986200,357.098100
603.179,22,-0.033989,1.449287,-0.136160,-0.009473,-0.935714,0.343418,-0.080080,40.105700,169.197100,357.206700
603.289,22,-0.032988,1.447528,-0.137309,-0.008225,-0.935205,0.344921,-0.079713,40.274830,169.164900,357.024400
603.401,22,-0.032301,1.445535,-0.138466,-0.007633,-0.934302,0.347785,-0.077898,40.621650,169.351800,356.985100
603.511,22,-0.032070,1.443287,-0.139368,-0.008539,-0.933822,0.349342,-0.076575,40.825230,169.565400,357.155300
603.623,22,-0.032642,1.438674,-0.141771,-0.007913,-0.933352,0.350934,-0.075082,41.016610,169.723800,357.118800
603.734,22,-0.032689,1.428797,-0.147404,-0.007580,-0.933149,0.351425,-0.075338,41.071900,169.662900,357.049500
603.845,22,-0.031760,1.401113,-0.160843,-0.010903,-0.931796,0.354363,-0.077876,41.459160,169.435500,357.332900
603.956,22,-0.031440,1.375497,-0.175293,-0.012593,-0.931303,0.355821,-0.076865,41.658570,169.651600,357.603200
604.067,22,-0.032193,1.350867,-0.191818,-0.013930,-0.928759,0.361857,-0.079198,42.404680,169.305300,357.559600
604.178,22,-0.033250,1.339318,-0.203409,-0.012412,-0.928931,0.361298,-0.079976,42.316670,169.116500,357.307900
604.289,22,-0.034670,1.329531,-0.215976,-0.013233,-0.928435,0.362462,-0.080336,42.467440,169.092700,357.384200
604.400,22,-0.035623,1.323879,-0.224419,-0.013707,-0.927120,0.365572,-0.081352,42.850510,168.925500,357.336900
604.511,22,-0.036674,1.320298,-0.231284,-0.013275,-0.926481,0.367001,-0.082268,43.017540,168.745500,357.194400
604.623,22,-0.037620,1.317498,-0.235970,-0.014402,-0.925802,0.368917,-0.081144,43.269070,168.945200,357.386400
604.733,22,-0.037883,1.315196,-0.239362,-0.013890,-0.925360,0.369860,-0.081968,43.376170,168.780400,357.245700
604.845,22,-0.037894,1.314576,-0.241846,-0.012508,-0.925594,0.369209,-0.082486,43.278030,168.635400,357.027500
604.956,22,-0.038006,1.312420,-0.246282,-0.012863,-0.925972,0.368424,-0.081695,43.188610,168.784000,357.140300
605.067,22,-0.036922,1.297477,-0.258665,-0.013895,-0.926434,0.366160,-0.086340,42.909690,168.198200,357.066600
605.178,22,-0.036564,1.282018,-0.272136,-0.011441,-0.925161,0.368921,-0.088561,43.208070,167.687700,356.525400
605.289,22,-0.035607,1.265322,-0.290655,-0.013711,-0.924486,0.371167,-0.085864,43.521920,168.175800,356.965300
605.401,22,-0.033044,1.254703,-0.303988,-0.015381,-0.924062,0.371681,-0.087900,43.599750,167.963500,357.078100
605.511,22,-0.030629,1.247897,-0.312468,-0.015371,-0.922249,0.375452,-0.090865,44.052250,167.459100,356.819200
605.622,22,-0.028212,1.250153,-0.313721,-0.015589,-0.921600,0.376387,-0.093508,44.160580,167.062200,356.671100
605.733,22,-0.026461,1.266196,-0.305767,-0.014164,-0.923585,0.370730,-0.096693,43.435720,166.614300,356.405100
605.845,22,-0.026576,1.298865,-0.286908,-0.012120,-0.929661,0.355688,-0.095232,41.578620,166.986500,356.535000
605.956,22,-0.027670,1.337223,-0.261409,-0.008778,-0.935312,0.341371,-0.092633,39.806950,167.422200,356.505400
606.067,22,-0.028452,1.393007,-0.217562,-0.007344,-0.943233,0.319633,-0.089957,37.178370,168.047700,356.859400
606.180,23,-0.029424,1.446507,-0.171086,-0.002827,-0.950713,0.297849,-0.086152,34.529130,168.650400,356.803000
606.290,23,-0.030822,1.497588,-0.119972,0.004757,-0.956453,0.281374,-0.077489,32.513910,169.691000,356.416500
606.402,23,-0.032633,1.539118,-0.067728,0.011486,-0.955871,0.283620,-0.075751,32.715530,169.638100,355.574200
606.513,23,-0.036212,1.570178,-0.021273,0.018375,-0.955394,0.285054,-0.075033,32.814380,169.452000,354.682500
606.624,23,-0.040861,1.591040,0.016060,0.018552,-0.954684,0.287226,-0.075732,33.066390,169.323500,354.595900
606.735,23,-0.044164,1.602456,0.040926,0.016451,-0.953721,0.290241,-0.076844,33.441860,169.216400,354.775300
606.846,23,-0.047080,1.609375,0.062169,0.017176,-0.951204,0.297024,-0.081813,34.211520,168.431100,354.359700
606.957,23,-0.048441,1.609321,0.071957,0.017667,-0.945784,0.312487,-0.086793,36.016830,167.489100,353.778200
607.068,23,-0.050913,1.610257,0.073082,0.019303,-0.945238,0.314868,-0.083732,36.300350,167.790000,353.643900
607.179,23,-0.055317,1.611942,0.066664,0.021126,-0.944904,0.318815,-0.071187,36.833460,169.344000,353.881100
607.289,23,-0.066026,1.615090,0.045510,0.026654,-0.948628,0.313246,-0.035656,36.328020,173.990400,354.807900
607.401,23,-0.083453,1.619507,0.016384,0.034146,-0.953763,0.298176,0.016201,34.742120,180.735000,356.129100
607.512,23,-0.110626,1.627815,-0.015116,0.042101,-0.957215,0.273661,0.084127,32.072260,189.373500,357.662900
607.623,23,-0.141515,1.633952,-0.043395,0.052304,-0.953083,0.259893,0.146128,30.709470,196.998900,358.417400
607.735,23,-0.167390,1.637904,-0.060727,0.063367,-0.946732,0.250971,0.191567,29.965690,202.456400,358.424000
607.846,23,-0.196854,1.644522,-0.073157,0.079970,-0.939184,0.232174,0.240069,28.327180,208.040500,357.477700
607.957,23,-0.210015,1.650754,-0.076728,0.087527,-0.937396,0.218394,0.256771,27.025890,209.833800,356.657300
608.068,23,-0.202949,1.659924,-0.084058,0.081572,-0.955869,0.187329,0.211113,23.114290,203.928100,355.207000
608.180,23,-0.175935,1.670425,-0.088446,0.073979,-0.978293,0.150599,0.121611,18.219170,193.123000,353.464200
608.291,23,-0.119443,1.681692,-0.080610,0.051169,-0.989736,0.129898,-0.030514,14.714740,175.630200,353.516400
608.402,23,-0.053407,1.684424,-0.062414,0.009582,-0.968994,0.136905,-0.205464,15.152150,155.465100,355.553800
608.513,23,0.001173,1.675957,-0.030765,-0.028082,-0.921340,0.148498,-0.358179,17.082690,137.019700,356.723500
608.624,23,0.058569,1.647805,0.024494,-0.100426,-0.818557,0.214189,-0.523453,27.115660,113.873900,356.146000
608.733,23,0.094259,1.617832,0.073928,-0.162064,-0.722350,0.279953,-0.611206,37.053250,96.916660,352.216500
608.844,23,0.115575,1.594455,0.112159,-0.225901,-0.655561,0.311886,-0.649566,44.619580,86.906080,351.191500
608.955,23,0.125761,1.591770,0.134086,-0.236263,-0.635996,0.308306,-0.666811,45.011410,83.553220,350.996300
609.066,23,0.124278,1.612500,0.142160,-0.204288,-0.666454,0.256246,-0.669659,37.963440,87.949360,354.840700
609.177,23,0.109139,1.632899,0.135457,-0.167225,-0.704050,0.204510,-0.659185,30.559640,93.148960,357.727100
609.288,23,0.072264,1.651789,0.119847,-0.128738,-0.728486,0.169909,-0.651050,24.530820,95.964270,357.878900
609.400,23,0.036826,1.660131,0.104598,-0.114780,-0.732064,0.156460,-0.653015,22.270700,96.090490,357.752600
609.511,23,-0.007063,1.670609,0.081251,-0.108891,-0.728921,0.139177,-0.661398,20.300220,95.283560,358.450700
609.622,23,-0.042672,1.675946,0.061850,-0.103591,-0.725118,0.129294,-0.668399,19.025360,94.431880,358.629600
609.733,23,-0.074025,1.677813,0.047556,-0.100870,-0.718256,0.122185,-0.677499,18.191790,93.145760,358.753900
609.845,23,-0.099892,1.678306,0.037570,-0.100666,-0.709920,0.120171,-0.686614,17.990600,91.701530,358.669100
609.956,23,-0.118387,1.678272,0.031890,-0.101198,-0.702392,0.115211,-0.695076,17.609400,90.432300,358.917900
610.067,23,-0.134113,1.678404,0.026632,-0.100444,-0.693446,0.110976,-0.704790,17.187190,88.915110,358.972900
610.178,23,-0.137704,1.679476,0.023883,-0.093405,-0.692900,0.110114,-0.706427,16.532780,88.665350,358.437900
610.289,23,-0.132581,1.679343,0.015162,-0.083360,-0.706866,0.115811,-0.692805,16.214290,90.788730,357.456100
610.401,23,-0.127081,1.677964,-0.001594,-0.074481,-0.737564,0.128074,-0.658824,16.682360,95.937910,356.475600
610.512,23,-0.123996,1.677455,-0.025707,-0.064195,-0.769509,0.134180,-0.621072,16.633320,101.591900,355.937900
610.623,23,-0.126844,1.676255,-0.054635,-0.060109,-0.809964,0.135764,-0.567375,16.746440,109.478300,356.606300
610.734,23,-0.129706,1.674765,-0.076133,-0.057851,-0.834418,0.139059,-0.530154,17.061980,114.681700,356.947900
610.845,23,-0.127867,1.674421,-0.095007,-0.052513,-0.847519,0.140759,-0.509059,16.981080,117.532100,356.745400
610.957,23,-0.120296,1.674167,-0.104779,-0.055047,-0.850539,0.140030,-0.503930,17.078460,118.280300,357.152300
611.068,23,-0.105666,1.674757,-0.114251,-0.057952,-0.849291,0.141876,-0.505191,17.430070,118.094700,357.301800
611.179,23,-0.096017,1.675235,-0.120246,-0.060286,-0.851736,0.144295,-0.500091,17.824300,118.768900,357.494000
611.289,23,-0.085070,1.676494,-0.126739,-0.060412,-0.862184,0.144979,-0.481634,17.950220,121.285100,357.862500
611.401,23,-0.071278,1.677365,-0.131428,-0.058506,-0.868120,0.145190,-0.471026,17.890610,122.699400,357.880500
611.512,23,-0.050536,1.675168,-0.136586,-0.060158,-0.871352,0.148335,-0.463813,18.319100,123.629100,358.022300
611.623,23,-0.024496,1.670165,-0.142583,-0.063871,-0.874624,0.153544,-0.455387,19.072140,124.704700,358.295100
611.735,23,-0.001480,1.665179,-0.146809,-0.072889,-0.878291,0.163583,-0.443320,20.608050,126.245800,358.959100
611.846,23,0.024793,1.662443,-0.150133,-0.077470,-0.885314,0.168287,-0.426495,21.349440,128.481700,359.607700
611.957,23,0.044555,1.658341,-0.151912,-0.081323,-0.887217,0.170545,-0.420889,21.782020,129.250200,0.045701
612.068,23,0.064423,1.651917,-0.154179,-0.085252,-0.886073,0.171715,-0.422043,22.102510,129.136600,0.379510
612.179,23,0.074957,1.647418,-0.158854,-0.088728,-0.885245,0.174410,-0.421959,22.561170,129.152200,0.614469
612.290,23,0.086425,1.645562,-0.170904,-0.088451,-0.881247,0.175626,-0.429810,22.679330,128.061600,0.305658
612.402,23,0.099690,1.643476,-0.188403,-0.083133,-0.872142,0.176206,-0.448787,22.455840,125.379200,359.184800
612.512,23,0.118340,1.640739,-0.216522,-0.082593,-0.860423,0.176789,-0.470740,22.456810,122.334300,358.492500
612.624,23,0.142489,1.640316,-0.252691,-0.084542,-0.849118,0.170943,-0.492575,21.937050,119.466500,358.466000
612.735,23,0.166654,1.636612,-0.283940,-0.083191,-0.838889,0.175210,-0.508572,22.245820,117.077300,357.607500
612.847,23,0.199870,1.629918,-0.320793,-0.083190,-0.829610,0.177406,-0.522833,22.416940,114.977000,357.056200
612.958,23,0.223055,1.625196,-0.342699,-0.086356,-0.820792,0.181758,-0.534610,22.998380,113.178500,356.725600
613.069,23,0.249138,1.619513,-0.365110,-0.089025,-0.809671,0.182293,-0.550706,23.156730,110.832500,356.469500
613.180,23,0.267411,1.613740,-0.382953,-0.092799,-0.803060,0.185621,-0.558594,23.690950,109.590200,356.348000
613.291,23,0.281304,1.608294,-0.398389,-0.095205,-0.798906,0.193115,-0.561598,24.550530,108.899700,355.915700
613.402,23,0.291615,1.605190,-0.411580,-0.094820,-0.798143,0.197369,-0.561268,24.929120,108.787100,355.560600
613.513,23,0.295608,1.603772,-0.423855,-0.093562,-0.802845,0.199845,-0.553848,25.120790,109.795300,355.493800
613.625,23,0.290555,1.606034,-0.442637,-0.085721,-0.827325,0.201145,-0.517422,24.931360,115.027500,355.806200
613.736,23,0.282966,1.608528,-0.457904,-0.080685,-0.844971,0.198906,-0.489847,24.531090,118.994500,356.312200
613.847,23,0.276982,1.609448,-0.470267,-0.074281,-0.851095,0.200956,-0.479308,24.410610,120.324300,355.831000
613.958,23,0.274994,1.609737,-0.474429,-0.072631,-0.849277,0.202682,-0.482051,24.474640,119.856200,355.460300
614.069,23,0.272955,1.611411,-0.471234,-0.075387,-0.841334,0.201677,-0.495783,24.463050,117.980500,355.392200
614.180,23,0.265487,1.616891,-0.456216,-0.078072,-0.827057,0.196915,-0.520679,24.017870,114.599800,355.232400
614.291,23,0.251207,1.627380,-0.428454,-0.079886,-0.800029,0.187516,-0.564278,22.966510,108.546200,354.778000
614.402,23,0.229290,1.638522,-0.390572,-0.077409,-0.757418,0.178390,-0.623300,21.514130,99.862310,353.512200
614.513,23,0.200276,1.647368,-0.346984,-0.082506,-0.705128,0.168925,-0.683705,20.551390,90.491040,352.967900
614.624,23,0.162479,1.653690,-0.302163,-0.087625,-0.649136,0.159334,-0.738618,19.651720,81.334630,352.580400
614.734,23,0.121986,1.659116,-0.267978,-0.090054,-0.616430,0.152539,-0.767226,19.040960,76.304470,352.521100
614.845,23,0.067225,1.667069,-0.234769,-0.092410,-0.591822,0.139453,-0.788518,18.107230,72.714710,353.321300
614.957,23,0.026568,1.670203,-0.219326,-0.088800,-0.590717,0.131988,-0.791042,17.242950,72.553760,353.754200
615.068,23,-0.019973,1.672876,-0.209175,-0.090548,-0.598176,0.127266,-0.785996,17.133240,73.714900,354.491500
615.179,23,-0.051889,1.672756,-0.207230,-0.091514,-0.599828,0.127509,-0.784585,17.251550,73.973370,354.574500
615.289,23,-0.087418,1.673876,-0.209913,-0.088799,-0.598255,0.130859,-0.785545,17.222590,73.679450,354.030200
615.401,23,-0.111213,1.674160,-0.213151,-0.086449,-0.595770,0.131318,-0.787617,17.016570,73.275690,353.765300
615.511,23,-0.129218,1.675045,-0.216243,-0.085863,-0.593332,0.132190,-0.789374,17.003010,72.901110,353.587500
615.623,23,-0.141749,1.676468,-0.216491,-0.080401,-0.593834,0.131906,-0.789619,16.477150,72.910630,353.243300
615.733,23,-0.150708,1.677677,-0.214655,-0.078625,-0.593807,0.128179,-0.790431,16.052820,72.909550,353.471900
615.845,23,-0.157061,1.678618,-0.212129,-0.076361,-0.594456,0.123793,-0.790865,15.543000,73.006050,353.742000
615.956,23,-0.161020,1.678668,-0.210708,-0.076968,-0.595585,0.122427,-0.790168,15.513550,73.187180,353.935900
616.067,23,-0.163626,1.679039,-0.211253,-0.074326,-0.600835,0.119632,-0.786868,15.113270,73.947990,354.116900
616.178,23,-0.162094,1.678368,-0.211490,-0.076050,-0.601939,0.120129,-0.785783,15.315790,74.128300,354.213800
616.289,23,-0.155661,1.677205,-0.214568,-0.075785,-0.605547,0.118358,-0.783301,15.192820,74.669910,354.431900
616.401,23,-0.143541,1.675593,-0.219541,-0.077077,-0.607166,0.118643,-0.781878,15.343210,74.924720,354.529700
616.511,23,-0.122752,1.674279,-0.223248,-0.077351,-0.597341,0.117483,-0.789556,15.218520,73.478580,354.462700
616.623,23,-0.089117,1.672438,-0.224859,-0.078686,-0.575802,0.118467,-0.805125,15.255920,70.343790,354.041700
616.734,23,-0.051044,1.672372,-0.226166,-0.082472,-0.560273,0.116593,-0.815903,15.380390,68.166920,354.175700
616.845,23,0.003684,1.671669,-0.225562,-0.086760,-0.536578,0.111818,-0.831898,15.328240,64.899670,354.470200
616.957,23,0.045622,1.671007,-0.222795,-0.090548,-0.513744,0.107538,-0.846347,15.293540,61.805390,354.706500
617.068,23,0.092963,1.668368,-0.218439,-0.095757,-0.483233,0.108228,-0.863484,15.662280,57.691380,354.376000
617.179,23,0.123899,1.667307,-0.215814,-0.098404,-0.465097,0.111116,-0.872729,15.969110,55.249790,353.885000
617.290,23,0.158406,1.665062,-0.211673,-0.098526,-0.446692,0.111132,-0.882275,15.851040,52.806840,353.549300
617.401,23,0.186277,1.660478,-0.208553,-0.099728,-0.435970,0.115493,-0.886931,16.117480,51.353370,352.950000
617.512,23,0.211090,1.655675,-0.209009,-0.105020,-0.435729,0.124795,-0.885176,17.138110,51.243030,352.216900
617.623,23,0.229840,1.651174,-0.209401,-0.110452,-0.435123,0.130769,-0.883950,18.003150,51.121700,351.835200
617.734,23,0.241161,1.649352,-0.208428,-0.110442,-0.431580,0.131922,-0.885516,18.027040,50.638170,351.636800
617.845,23,0.250828,1.650110,-0.205972,-0.107509,-0.425297,0.125810,-0.889796,17.357620,49.873460,352.023700
617.956,23,0.255793,1.651877,-0.203536,-0.103777,-0.421274,0.120799,-0.892842,16.683870,49.389060,352.304500
618.067,23,0.259006,1.654794,-0.200435,-0.096517,-0.418389,0.113514,-0.895963,15.541560,49.063030,352.686400
618.178,23,0.261410,1.656741,-0.197941,-0.091485,-0.415327,0.107970,-0.898597,14.720390,48.705590,352.989200
618.289,23,0.265372,1.660056,-0.194939,-0.079315,-0.415306,0.099359,-0.900754,13.027340,48.743420,353.332700
618.401,23,0.269365,1.661939,-0.192370,-0.070919,-0.418260,0.092022,-0.900867,11.815240,49.162700,353.755100
618.512,23,0.272942,1.661849,-0.190146,-0.068994,-0.417020,0.091723,-0.901621,11.590350,49.001000,353.678900
618.623,23,0.276319,1.659912,-0.188756,-0.073248,-0.416407,0.094943,-0.901236,12.186670,48.906260,353.530800
618.735,23,0.278763,1.659348,-0.188061,-0.072839,-0.417321,0.096140,-0.900719,12.207760,49.011500,353.396600
618.846,23,0.280976,1.658197,-0.186962,-0.073535,-0.417169,0.097493,-0.900588,12.344580,48.981690,353.283800
618.957,23,0.282566,1.657588,-0.186082,-0.073807,-0.416257,0.098330,-0.900896,12.406480,48.857810,353.194900
619.068,23,0.285188,1.657007,-0.186017,-0.073963,-0.417876,0.099733,-0.899979,12.502530,49.053090,353.075600
619.179,23,0.287231,1.655967,-0.186150,-0.074967,-0.418811,0.101373,-0.899278,12.694070,49.160790,352.962100
619.290,23,0.288764,1.656164,-0.186671,-0.074896,-0.418793,0.101994,-0.899222,12.716330,49.152450,352.892400
619.401,23,0.289374,1.655913,-0.187619,-0.075570,-0.418916,0.101758,-0.899135,12.776670,49.172330,352.951300
619.512,23,0.290054,1.655887,-0.188859,-0.076176,-0.418857,0.102254,-0.899055,12.863690,49.161860,352.926600
619.623,23,0.291928,1.655903,-0.193066,-0.072730,-0.420188,0.104194,-0.898497,12.606730,49.305570,352.574800
619.734,23,0.297385,1.655973,-0.200591,-0.064739,-0.429400,0.109841,-0.894069,12.127880,50.426430,351.719000
619.845,23,0.309126,1.653163,-0.212632,-0.054797,-0.443056,0.118559,-0.886929,11.669110,52.114270,350.493300
619.957,23,0.319483,1.650147,-0.221237,-0.049160,-0.452239,0.124081,-0.881855,11.474530,53.267460,349.750500
620.068,23,0.330639,1.647643,-0.230445,-0.043218,-0.465167,0.127161,-0.874976,11.182250,54.941740,349.289500
620.179,23,0.338980,1.647560,-0.237023,-0.032488,-0.471261,0.128201,-0.872022,10.223760,55.760850,348.692200
620.290,23,0.350905,1.649777,-0.245561,-0.009726,-0.475903,0.127145,-0.870205,7.928925,56.487330,347.638900
620.402,23,0.361406,1.657739,-0.253907,0.026268,-0.482679,0.111849,-0.868229,3.575338,57.744140,347.290600
620.513,23,0.367846,1.665695,-0.262360,0.053244,-0.487429,0.102254,-0.865519,0.430602,58.723300,346.766700
620.625,23,0.372499,1.668519,-0.267195,0.059890,-0.488755,0.102764,-0.864275,359.824100,58.998100,346.339000
620.736,23,0.375032,1.667946,-0.268880,0.056424,-0.490451,0.104979,-0.863281,0.318268,59.165730,346.314000
620.847,23,0.375499,1.666425,-0.268664,0.048974,-0.493481,0.105916,-0.861893,1.152542,59.452110,346.646500
620.958,23,0.371313,1.665756,-0.267907,0.045647,-0.491948,0.105935,-0.862949,1.458139,59.204720,346.831300
621.069,23,0.359277,1.664736,-0.265654,0.029178,-0.484480,0.110516,-0.867303,3.237411,58.014750,347.271900
621.180,23,0.335623,1.667798,-0.262745,0.007077,-0.466592,0.112789,-0.877223,5.326839,55.463380,348.148600
621.290,23,0.303413,1.674171,-0.261728,-0.010828,-0.454481,0.117054,-0.882965,7.210776,53.748150,348.554400
621.401,23,0.265448,1.680415,-0.260919,-0.025727,-0.454306,0.116010,-0.882885,8.675388,53.653320,349.422200
621.512,23,0.222917,1.684666,-0.261145,-0.036962,-0.463108,0.117019,-0.877765,9.978151,54.756040,349.989800
621.623,23,0.176139,1.687434,-0.261048,-0.050959,-0.474141,0.121161,-0.870583,11.748920,56.161460,350.437800
621.734,23,0.138259,1.690272,-0.260338,-0.057584,-0.483353,0.119370,-0.865335,12.418770,57.403900,351.109900
621.845,23,0.095007,1.691931,-0.261186,-0.063938,-0.492425,0.121347,-0.859480,13.262620,58.617470,351.395500
621.956,23,0.065780,1.690932,-0.261961,-0.068513,-0.500493,0.124360,-0.854018,13.975410,59.697810,351.476300
622.067,23,0.032817,1.686730,-0.263545,-0.078721,-0.505303,0.126745,-0.849946,15.183260,60.383330,351.905200
622.178,23,0.011868,1.685614,-0.264589,-0.086648,-0.506252,0.132601,-0.847713,16.329750,60.510750,351.787400
622.289,23,-0.009622,1.685881,-0.263613,-0.089762,-0.505806,0.133671,-0.847488,16.700360,60.461960,351.851300
622.400,23,-0.021007,1.686470,-0.262245,-0.088735,-0.510552,0.129818,-0.845346,16.414260,61.145030,352.279000
622.511,23,-0.025087,1.686715,-0.261762,-0.088351,-0.515273,0.127275,-0.842905,16.266520,61.817510,352.607800
622.622,23,-0.022519,1.686540,-0.262821,-0.086873,-0.517767,0.126341,-0.841670,16.085280,62.158700,352.662500
622.733,23,-0.013547,1.686290,-0.265148,-0.083837,-0.519214,0.125823,-0.841164,15.765440,62.338970,352.560100
622.845,23,0.002677,1.685700,-0.268255,-0.081118,-0.518638,0.126003,-0.841759,15.501550,62.237050,352.367500
622.956,23,0.023832,1.686002,-0.270180,-0.076586,-0.515077,0.124809,-0.844543,14.947470,61.726010,352.152500
623.067,23,0.063276,1.685014,-0.271594,-0.075445,-0.500388,0.123360,-0.853641,14.611330,59.725460,351.974100
623.178,23,0.103834,1.685310,-0.271675,-0.076746,-0.481561,0.119414,-0.864841,14.344790,57.228240,352.131500
623.289,23,0.166318,1.688181,-0.272471,-0.074411,-0.452780,0.113495,-0.881233,13.528190,53.456990,352.158500
623.400,23,0.224033,1.689349,-0.273199,-0.073690,-0.422132,0.110161,-0.896794,13.013080,49.501590,352.013600
623.511,23,0.276988,1.690039,-0.272225,-0.074443,-0.391635,0.111270,-0.910329,12.867010,45.594550,351.489400
623.623,23,0.321653,1.688956,-0.269672,-0.073537,-0.368069,0.111968,-0.920098,12.576750,42.617340,351.045900
623.734,23,0.353821,1.687918,-0.266764,-0.076380,-0.344186,0.114945,-0.928704,12.767370,39.605340,350.502700
623.845,23,0.375005,1.687716,-0.264552,-0.075490,-0.325952,0.113530,-0.935504,12.430390,37.368970,350.379500
623.956,23,0.387099,1.686869,-0.262420,-0.076873,-0.307831,0.108031,-0.942157,12.202280,35.202320,350.802000
624.067,23,0.396655,1.686526,-0.259569,-0.078703,-0.287553,0.101428,-0.949121,11.989320,32.799220,351.340800
624.178,23,0.399662,1.686247,-0.256948,-0.080802,-0.274117,0.094620,-0.953613,11.886910,31.240660,352.001500
624.289,23,0.401320,1.686238,-0.254661,-0.083157,-0.262354,0.089091,-0.957245,11.885140,29.876790,352.547100
624.401,23,0.399976,1.686591,-0.255838,-0.083922,-0.263972,0.085685,-0.957044,11.880540,30.107850,352.973800
624.511,23,0.395211,1.688462,-0.260264,-0.080393,-0.271092,0.082106,-0.955670,11.430260,31.008420,353.359600
624.623,23,0.387287,1.690263,-0.266500,-0.074317,-0.278233,0.080979,-0.954204,10.771280,31.887470,353.383900
624.734,23,0.379955,1.691656,-0.272327,-0.066010,-0.284884,0.080753,-0.952871,9.893004,32.703240,353.221100
624.845,23,0.370407,1.693291,-0.278755,-0.063580,-0.291326,0.078629,-0.951265,9.600417,33.503550,353.445500
624.956,23,0.363156,1.694125,-0.283368,-0.060354,-0.293428,0.077914,-0.950888,9.236153,33.768230,353.440300
625.067,23,0.354379,1.693627,-0.290677,-0.061660,-0.298493,0.077132,-0.949290,9.387601,34.385960,353.620200
625.178,23,0.348043,1.693458,-0.297139,-0.061101,-0.299476,0.075682,-0.949133,9.283217,34.517530,353.771800
625.289,23,0.341414,1.693268,-0.306202,-0.058705,-0.303437,0.074061,-0.948153,8.990374,35.013030,353.908300
625.400,23,0.337192,1.693616,-0.312345,-0.058328,-0.306380,0.073243,-0.947293,8.939257,35.376860,354.013600
625.511,23,0.334559,1.693812,-0.317078,-0.058015,-0.306890,0.073208,-0.947150,8.906983,35.439300,354.011500
625.623,23,0.333089,1.693728,-0.320527,-0.059306,-0.305358,0.074706,-0.947448,9.091000,35.240450,353.875900
625.734,23,0.331938,1.693559,-0.322207,-0.059973,-0.303322,0.074560,-0.948072,9.145906,34.993920,353.895300
625.845,23,0.329135,1.692566,-0.323346,-0.063689,-0.297914,0.073945,-0.949591,9.498106,34.340370,354.035600
625.956,23,0.326194,1.692820,-0.323470,-0.064072,-0.293781,0.072407,-0.950970,9.462699,33.852420,354.177500
626.068,23,0.321565,1.692517,-0.322023,-0.068303,-0.287754,0.071047,-0.952620,9.847273,33.133160,354.405400
626.178,23,0.317918,1.692282,-0.319749,-0.070910,-0.281575,0.068258,-0.954478,10.009060,32.411190,354.734900
626.289,23,0.313414,1.691861,-0.316713,-0.074317,-0.276003,0.065860,-0.956013,10.279590,31.761590,355.050000
626.401,23,0.309310,1.690986,-0.314651,-0.077371,-0.274292,0.065785,-0.956269,10.606580,31.557610,355.134300
626.511,23,0.304772,1.691303,-0.312350,-0.078134,-0.273245,0.064326,-0.956606,10.640220,31.445880,355.309300
626.622,23,0.299700,1.690939,-0.309190,-0.078439,-0.271855,0.062662,-0.957087,10.615460,31.294470,355.489400
626.734,23,0.295588,1.690698,-0.305936,-0.080296,-0.271986,0.062620,-0.956899,10.820540,31.312760,355.552700
626.845,23,0.288074,1.690301,-0.301923,-0.082422,-0.272737,0.062516,-0.956511,11.056410,31.407330,355.638600
626.958,24,0.281060,1.690455,-0.298472,-0.083401,-0.271924,0.062275,-0.956673,11.153810,31.313060,355.686300
627.067,24,0.268992,1.690540,-0.293809,-0.086283,-0.272823,0.061802,-0.956192,11.462630,31.431540,355.839200
627.178,24,0.257844,1.690842,-0.289977,-0.088380,-0.273517,0.060559,-0.955882,11.659200,31.532820,356.052200
627.289,24,0.239983,1.690952,-0.284471,-0.093925,-0.273462,0.057679,-0.955547,12.183630,31.572000,356.547800
627.400,24,0.221817,1.691651,-0.278952,-0.101719,-0.269798,0.054547,-0.955974,12.939110,31.191030,357.094400
627.511,24,0.201226,1.693032,-0.273286,-0.102997,-0.265254,0.050748,-0.957318,12.951400,30.690120,357.499200
627.622,24,0.181069,1.694303,-0.267250,-0.104337,-0.262764,0.047559,-0.958023,12.997420,30.432340,357.865300
627.733,24,0.161909,1.694109,-0.260208,-0.109559,-0.261884,0.044583,-0.957824,13.487200,30.388330,358.348700
627.844,24,0.148183,1.691470,-0.253894,-0.119234,-0.273154,0.054756,-0.952981,14.902130,31.683660,357.673800
627.955,24,0.136952,1.689234,-0.249561,-0.129359,-0.283150,0.056987,-0.948602,16.122560,32.945310,357.920400
628.067,24,0.112893,1.685606,-0.243623,-0.149619,-0.237100,0.050959,-0.958541,18.119280,27.529910,358.387500
628.177,24,0.085898,1.685574,-0.237446,-0.151915,-0.159024,0.041637,-0.974628,18.020940,18.220010,358.020600
628.288,24,0.041861,1.687855,-0.234733,-0.143461,-0.018009,0.030403,-0.989025,16.551010,1.608107,356.712500
628.399,24,0.014500,1.689492,-0.238212,-0.139877,0.048194,0.018936,-0.988814,15.950020,353.993800,356.963600
628.510,24,-0.010318,1.691709,-0.244370,-0.129526,0.081820,0.012072,-0.988121,14.714330,350.188200,357.330200
628.622,24,-0.030738,1.688738,-0.248765,-0.137790,0.104512,0.008706,-0.984894,15.640310,347.509700,357.265000
628.732,24,-0.042922,1.683568,-0.249480,-0.157221,0.087452,0.016319,-0.983548,17.843280,349.274100,356.410300
628.844,24,-0.042661,1.675203,-0.246502,-0.185581,0.023520,0.033737,-0.981768,21.272700,356.388200,355.385200
628.955,24,-0.021911,1.671296,-0.246000,-0.185862,-0.120988,0.054215,-0.973590,22.025900,13.438030,356.252300
629.066,24,0.022607,1.667390,-0.264964,-0.173197,-0.374350,0.079635,-0.907482,21.960600,44.655620,359.081800
629.177,24,0.050918,1.664893,-0.291691,-0.159620,-0.529407,0.097291,-0.827517,21.542320,65.312050,0.492050
629.288,24,0.071275,1.664578,-0.325428,-0.141411,-0.647125,0.117035,-0.739957,21.146170,82.454840,0.603265
629.400,24,0.078248,1.668836,-0.341562,-0.119984,-0.680171,0.122559,-0.712707,19.739790,87.202160,359.301300
629.511,24,0.081176,1.674509,-0.340797,-0.097945,-0.643494,0.120917,-0.749468,17.603730,80.784710,356.680500
629.622,24,0.080971,1.677469,-0.333779,-0.093144,-0.596650,0.118921,-0.788156,16.782110,73.578220,355.428500
629.734,24,0.080988,1.682792,-0.327269,-0.089239,-0.563726,0.115990,-0.812893,16.013090,68.742140,354.749400
629.845,24,0.078961,1.687175,-0.322601,-0.080136,-0.540770,0.114202,-0.829521,14.860340,65.404230,353.894900
629.956,24,0.075414,1.689759,-0.317117,-0.078984,-0.525956,0.110745,-0.839564,14.425320,63.358930,353.902600
630.068,24,0.070470,1.693537,-0.310861,-0.072245,-0.511445,0.102061,-0.850170,13.134500,61.383860,354.127400
630.178,24,0.063836,1.695393,-0.302629,-0.071546,-0.484499,0.092971,-0.866890,12.364680,57.816040,354.603700
630.289,24,0.044329,1.697947,-0.283257,-0.073096,-0.377519,0.078309,-0.919785,11.162420,44.122440,354.803200
630.400,24,0.019816,1.699543,-0.270349,-0.071287,-0.259264,0.068652,-0.960722,9.937427,29.723260,354.468500
630.510,24,-0.006344,1.700355,-0.267779,-0.077580,-0.171054,0.049429,-0.980958,9.736341,19.433780,355.901900
630.622,24,-0.024477,1.701721,-0.269916,-0.075699,-0.130007,0.042136,-0.987721,9.235667,14.698460,356.308300
630.732,24,-0.039363,1.702137,-0.272465,-0.073541,-0.099507,0.036458,-0.991646,8.807148,11.202660,356.654300
630.846,24,-0.051886,1.701639,-0.274084,-0.074636,-0.074321,0.032998,-0.993890,8.816159,8.309185,356.838500
630.954,24,-0.059386,1.700788,-0.275349,-0.077656,-0.062834,0.029612,-0.994558,9.101764,7.002934,357.147200
631.066,24,-0.065726,1.700499,-0.276614,-0.078656,-0.054824,0.027468,-0.995014,9.180147,6.092857,357.327100
631.177,24,-0.068773,1.700036,-0.276838,-0.080459,-0.052000,0.026507,-0.995048,9.373935,5.771511,357.421700
631.288,24,-0.071352,1.699816,-0.275156,-0.080410,-0.051956,0.026608,-0.995051,9.368777,5.765630,357.409400
631.400,24,-0.072353,1.699139,-0.272787,-0.083931,-0.054725,0.025360,-0.994645,9.772673,6.093255,357.600300
631.510,24,-0.072246,1.699126,-0.269645,-0.083976,-0.055515,0.026670,-0.994563,9.787776,6.171933,357.456800
631.621,24,-0.071204,1.698656,-0.266883,-0.086801,-0.057780,0.028083,-0.994152,10.127030,6.416234,357.333000
631.733,24,-0.069974,1.698011,-0.264372,-0.087648,-0.058437,0.029788,-0.993990,10.237210,6.473543,357.147400
631.844,24,-0.069295,1.697343,-0.261712,-0.090749,-0.058885,0.030143,-0.993674,10.597030,6.516498,357.130000
631.954,24,-0.069472,1.696667,-0.258245,-0.092159,-0.059123,0.031174,-0.993499,10.766470,6.530560,357.021600
632.066,24,-0.069307,1.696249,-0.250942,-0.087328,-0.058232,0.027366,-0.994100,10.184160,6.475294,357.423900
632.177,24,-0.067790,1.697286,-0.241884,-0.079666,-0.058901,0.022778,-0.994819,9.275952,6.607519,357.913300
632.288,24,-0.064722,1.697971,-0.224448,-0.070824,-0.055217,0.019002,-0.995778,8.230088,6.222715,358.261700
632.400,24,-0.060479,1.697289,-0.204193,-0.066968,-0.045857,0.017431,-0.996548,7.762750,5.157127,358.346000
632.510,24,-0.052390,1.695704,-0.168449,-0.064892,-0.027443,0.017552,-0.997361,7.493000,3.033214,358.182200
632.622,24,-0.043959,1.692562,-0.128552,-0.063330,-0.008686,0.015839,-0.997829,7.276655,0.885359,358.237500
632.733,24,-0.035912,1.691104,-0.083009,-0.065018,0.011198,0.018508,-0.997650,7.430111,358.569800,357.781500
632.845,24,-0.029351,1.691133,-0.037591,-0.062990,0.028480,0.018836,-0.997430,7.156718,356.580200,357.622400
632.956,24,-0.025510,1.691197,-0.000988,-0.060858,0.040873,0.020352,-0.997102,6.874813,355.147200,357.369700
633.067,24,-0.021822,1.690053,0.040586,-0.060122,0.053736,0.023175,-0.996474,6.737994,353.647600,356.961100
633.178,24,-0.019368,1.689083,0.069107,-0.058071,0.061108,0.025434,-0.996116,6.464222,352.790800,356.667100
633.289,24,-0.017283,1.685767,0.103622,-0.057156,0.066663,0.025413,-0.995813,6.341006,352.154200,356.641000
633.401,24,-0.015343,1.680907,0.132955,-0.061513,0.070838,0.027002,-0.995223,6.812027,351.642600,356.393400
633.512,24,-0.010372,1.675657,0.160403,-0.067517,0.069811,0.031559,-0.994772,7.465106,351.698700,355.823400
633.623,24,0.003557,1.669443,0.185641,-0.074355,0.058377,0.040170,-0.994711,8.235032,352.912700,354.864000
633.735,24,0.026964,1.662174,0.207826,-0.073030,0.037228,0.060109,-0.994821,8.095721,355.199700,352.744700
633.846,24,0.064690,1.647760,0.239919,-0.074059,-0.001518,0.082756,-0.993813,8.479389,359.464600,350.440000
633.958,24,0.090126,1.633595,0.263954,-0.076672,-0.026483,0.086173,-0.992973,9.022922,2.285152,350.260700
634.068,24,0.113016,1.618437,0.288532,-0.082837,-0.044707,0.092013,-0.991299,9.930799,4.272929,349.765400
634.179,24,0.125318,1.610754,0.301123,-0.088333,-0.055395,0.095189,-0.989984,10.686960,5.422666,349.523100
634.290,24,0.133554,1.605458,0.309533,-0.095365,-0.061733,0.096540,-0.988825,11.567300,6.074498,349.463500
634.401,24,0.134462,1.602173,0.307554,-0.104604,-0.062572,0.096172,-0.987873,12.633050,6.089107,349.553900
634.512,24,0.128942,1.600380,0.295379,-0.116943,-0.059524,0.089818,-0.987276,13.981140,5.708789,350.304100
634.623,24,0.118444,1.602811,0.271473,-0.127658,-0.053030,0.084491,-0.986789,15.123750,4.937435,350.868200
634.734,24,0.104984,1.608109,0.237724,-0.132629,-0.048072,0.079127,-0.986832,15.626970,4.400334,351.435500
634.845,24,0.081165,1.617219,0.175859,-0.134640,-0.042287,0.077488,-0.986955,15.802450,3.730462,351.539400
634.957,24,0.057955,1.623158,0.115299,-0.141664,-0.039238,0.076110,-0.986204,16.582270,3.339444,351.660700
635.067,24,0.026792,1.630252,0.028795,-0.150778,-0.034850,0.072598,-0.985282,17.588500,2.812930,352.007100
635.177,24,0.006412,1.634925,-0.040943,-0.151603,-0.030375,0.073895,-0.985207,17.650490,2.252032,351.770900
635.288,24,-0.014133,1.640711,-0.122937,-0.152560,-0.023027,0.069648,-0.985568,17.693460,1.451844,352.141500
635.399,24,-0.024761,1.647629,-0.174788,-0.149231,-0.024193,0.064846,-0.986377,17.309570,1.703045,352.736600
635.509,24,-0.032296,1.655674,-0.225235,-0.152750,-0.027396,0.062831,-0.985885,17.735930,2.095296,353.033800
635.621,24,-0.035856,1.661560,-0.256580,-0.157432,-0.035810,0.061140,-0.984985,18.331520,3.097556,353.396100
635.732,24,-0.038166,1.663111,-0.275485,-0.167717,-0.044831,0.060406,-0.982961,19.580700,4.131039,353.680000
635.843,24,-0.036832,1.658399,-0.279576,-0.182837,-0.057277,0.061177,-0.979565,21.420520,5.538176,353.901000
635.954,24,-0.031808,1.646728,-0.275265,-0.195241,-0.062629,0.056724,-0.977108,22.870470,6.245790,354.619600
636.065,24,-0.023907,1.638697,-0.275147,-0.221025,-0.065131,0.057957,-0.971364,25.908810,6.441479,354.654200
636.175,24,-0.015055,1.638153,-0.274652,-0.222520,-0.064586,0.056073,-0.971169,26.068890,6.423327,354.879600
636.286,24,-0.003457,1.635671,-0.270729,-0.230767,-0.064848,0.057136,-0.969163,27.046380,6.403111,354.793700
636.398,24,0.005976,1.629449,-0.255167,-0.231657,-0.062877,0.054609,-0.969226,27.124380,6.229885,355.054600
636.508,24,0.017764,1.607692,-0.216789,-0.225440,-0.057703,0.050478,-0.971236,26.342540,5.720680,355.389500
636.619,24,0.025849,1.584338,-0.181372,-0.214482,-0.049936,0.049599,-0.974189,25.014400,4.812029,355.238900
636.730,24,0.034616,1.541959,-0.135441,-0.194779,-0.037147,0.039953,-0.979329,22.611100,3.552141,356.038000
636.842,24,0.039005,1.496307,-0.104035,-0.176295,-0.018407,0.035739,-0.983516,20.370810,1.442886,356.097100
636.953,24,0.041992,1.451439,-0.085401,-0.157561,-0.004476,0.028333,-0.987093,18.138110,-0.005503,356.710800
637.065,24,0.045714,1.416211,-0.078042,-0.142448,0.011150,0.030949,-0.989256,16.328480,358.156200,356.151600
637.176,24,0.049551,1.396721,-0.078118,-0.127840,0.017365,0.029085,-0.991216,14.621030,357.520500,356.320400
637.287,24,0.053252,1.378433,-0.078233,-0.113799,0.031945,0.027131,-0.992619,12.954900,355.905000,356.403500
637.399,24,0.056207,1.367381,-0.075894,-0.107634,0.038665,0.026587,-0.993083,12.223290,355.156600,356.414000
637.510,24,0.060159,1.355571,-0.072682,-0.107583,0.042684,0.025646,-0.992948,12.207830,354.699900,356.473800
637.621,24,0.062986,1.348920,-0.069966,-0.109930,0.044723,0.025084,-0.992616,12.473760,354.457800,356.498700
637.732,24,0.065455,1.347614,-0.068582,-0.111467,0.044636,0.025282,-0.992443,12.649860,354.457900,356.466700
637.844,24,0.066387,1.349115,-0.067422,-0.111356,0.044176,0.026256,-0.992451,12.633350,354.499600,356.359800
637.955,24,0.066164,1.349371,-0.066676,-0.111763,0.042264,0.025481,-0.992509,12.691220,354.730900,356.472300
638.066,24,0.065597,1.349240,-0.064848,-0.112501,0.040949,0.023593,-0.992527,12.790560,354.905500,356.705200
638.177,24,0.066225,1.349494,-0.062146,-0.114165,0.039591,0.025953,-0.992333,12.974870,355.025400,356.437700
638.288,24,0.067669,1.350222,-0.058067,-0.116507,0.036434,0.027607,-0.992137,13.248230,355.360800,356.273100
638.400,24,0.067421,1.354660,-0.054893,-0.115603,0.034805,0.028527,-0.992276,13.146060,355.543500,356.192800
638.510,24,0.059875,1.369887,-0.052569,-0.115769,0.042755,0.026715,-0.991996,13.144020,354.637400,356.296500
638.622,24,0.044068,1.402802,-0.056983,-0.093245,0.058643,0.026439,-0.993563,10.497270,352.904100,356.298700
638.732,24,0.020833,1.447189,-0.064672,-0.056234,0.072658,0.020376,-0.995562,6.258157,351.498000,357.189300
638.844,24,-0.004969,1.488636,-0.069787,-0.027385,0.075435,0.013702,-0.996681,3.010588,351.296100,358.195500
638.955,24,-0.029060,1.517974,-0.069323,-0.009903,0.066525,0.007167,-0.997710,1.077668,352.362200,359.104900
639.067,24,-0.066533,1.546597,-0.057836,0.005166,0.049668,-0.001726,-0.998751,359.418600,354.304900,0.226953
639.178,24,-0.103480,1.563742,-0.039916,0.008580,0.039411,-0.006704,-0.999164,359.047900,355.475600,0.806470
639.289,24,-0.152882,1.581245,-0.012083,0.001554,0.029240,-0.005539,-0.999556,359.840600,356.647900,0.639687
639.400,24,-0.192175,1.594122,0.010841,-0.002545,0.016976,-0.009453,-0.999808,0.309983,358.057400,1.078196
639.511,24,-0.219641,1.603776,0.029058,-0.006456,0.005633,-0.012319,-0.999888,0.747644,359.363700,1.407598
639.623,24,-0.230622,1.614356,0.041330,-0.005274,-0.023670,-0.013406,-0.999616,0.567729,2.720638,1.550204
639.733,24,-0.225687,1.628775,0.049420,0.005481,-0.076222,-0.010022,-0.997026,359.286300,8.736663,1.097303
639.845,24,-0.208647,1.647591,0.052382,0.034201,-0.127332,-0.003792,-0.991263,356.056700,14.641920,359.931600
639.957,24,-0.186380,1.664351,0.048472,0.069192,-0.163132,0.004286,-0.984166,352.253200,18.944560,358.206500
640.068,24,-0.151507,1.688281,0.043174,0.109559,-0.190795,0.009947,-0.975446,347.881100,22.515520,356.410500
640.179,24,-0.120244,1.701337,0.048522,0.131549,-0.198847,0.012139,-0.971086,345.483200,23.717670,355.503600
640.291,24,-0.071720,1.709534,0.075329,0.141554,-0.192135,0.018250,-0.970934,344.462600,23.117320,354.649800
640.402,24,-0.028015,1.719716,0.116151,0.149076,-0.173479,0.022876,-0.973220,343.606600,21.044070,354.241900
640.514,24,0.000226,1.738391,0.154123,0.156066,-0.148024,0.023478,-0.976310,342.675300,18.086150,354.466900
640.625,24,0.024488,1.763882,0.200635,0.165883,-0.096909,0.023089,-0.981101,341.275300,12.056130,355.308800
640.737,24,0.038208,1.781717,0.235473,0.164019,-0.063096,0.028062,-0.984037,341.381800,8.091233,355.404600
640.848,24,0.049380,1.803467,0.278384,0.163858,-0.038308,0.032414,-0.985207,341.313800,5.215167,355.372600
640.959,24,0.053795,1.815408,0.309718,0.160478,-0.024516,0.031605,-0.986229,341.640100,3.533862,355.757700
641.070,24,0.058381,1.814331,0.348545,0.153822,-0.004625,0.032788,-0.987544,342.331500,1.155890,356.017200
641.181,24,0.064646,1.807628,0.382090,0.136910,-0.001733,0.033359,-0.990020,344.277900,0.747950,356.037000
641.292,24,0.072862,1.798544,0.411480,0.122113,-0.011857,0.032152,-0.991924,346.025400,1.852835,356.059900
641.403,24,0.078366,1.777191,0.436013,0.071041,-0.028037,0.032614,-0.996546,351.965900,3.503723,356.005000
641.513,24,0.075711,1.739872,0.460863,-0.078120,-0.036727,0.037075,-0.995577,9.106597,3.910355,356.046100
641.622,24,0.068177,1.701263,0.484427,-0.199864,-0.036459,0.039978,-0.978329,23.202400,3.452974,356.029100
641.732,24,0.055255,1.674048,0.501374,-0.241903,-0.046894,0.035469,-0.968518,28.157740,4.793499,357.008100
641.843,24,0.038314,1.663718,0.509655,-0.226322,-0.061518,0.031838,-0.971587,26.340140,6.736748,357.824400
641.955,24,0.024835,1.667618,0.521134,-0.210743,-0.066731,0.025545,-0.974927,24.476890,7.535107,358.634800
642.066,24,0.009787,1.665919,0.529700,-0.212534,-0.064321,0.022978,-0.974764,24.664050,7.309888,358.899500
642.177,24,-0.001298,1.664412,0.534313,-0.227663,-0.057287,0.017902,-0.971889,26.396240,6.615982,359.442600
642.288,24,-0.017004,1.663946,0.540892,-0.227962,-0.022788,0.005581,-0.973387,26.362230,2.675083,359.969600
642.400,24,-0.030744,1.664022,0.547329,-0.220652,0.030069,0.000407,-0.974889,25.480170,356.264900,359.107400
642.511,24,-0.052049,1.665822,0.559666,-0.195933,0.141778,-0.008285,-0.970279,22.492860,342.886400,357.551000
642.622,24,-0.075693,1.672163,0.575006,-0.162054,0.286449,-0.008337,-0.944254,18.108450,325.506800,355.347400
642.733,24,-0.095865,1.682849,0.595114,-0.121515,0.446562,-0.009324,-0.886414,12.929560,305.909300,354.583800
642.845,24,-0.107766,1.693693,0.614957,-0.090266,0.611052,-0.014916,-0.786286,9.217247,283.888600,354.951800
642.957,24,-0.107547,1.702457,0.624799,-0.074514,0.738856,-0.026392,-0.669211,7.974403,264.034800,355.669100
643.067,24,-0.092013,1.707005,0.630120,-0.060040,0.849784,-0.054168,-0.520891,8.894204,242.808200,357.353900
643.178,24,-0.072163,1.706969,0.632064,-0.055571,0.899402,-0.072134,-0.427534,10.210820,230.649400,357.770800
643.288,24,-0.042084,1.705550,0.632214,-0.042473,0.938645,-0.094477,-0.328961,11.847350,218.520700,358.971100
643.398,24,-0.018397,1.704645,0.632510,-0.033424,0.960207,-0.104425,-0.256866,12.574560,209.885000,359.381200
643.509,24,0.007245,1.704160,0.634292,-0.021033,0.976695,-0.105961,-0.185464,12.402910,201.492300,359.895500
643.620,24,0.020387,1.698612,0.639014,-0.015926,0.982064,-0.102084,-0.157721,11.860540,198.253400,0.053927
643.731,24,0.024075,1.687977,0.645524,-0.014116,0.983308,-0.109686,-0.144486,12.696620,196.744000,0.231079
643.842,24,0.015013,1.661753,0.642155,-0.024901,0.980939,-0.108186,-0.159484,12.720220,198.375100,359.157400
643.953,24,-0.003449,1.628783,0.621346,-0.028359,0.978845,-0.113865,-0.167613,13.439520,199.313200,358.978000
644.064,24,-0.032902,1.579432,0.586687,-0.029467,0.978147,-0.120108,-0.167134,14.170940,199.264200,358.966000
644.176,24,-0.060601,1.519921,0.551966,-0.028867,0.977274,-0.128458,-0.166137,15.109730,199.188000,359.184600
644.287,24,-0.090638,1.436214,0.509704,-0.029656,0.976259,-0.128507,-0.171830,15.135540,199.856300,359.184400
644.399,24,-0.108306,1.373094,0.480185,-0.035298,0.975917,-0.133557,-0.168827,15.819070,199.432300,358.582600
644.509,24,-0.125355,1.301428,0.444004,-0.034780,0.976469,-0.135596,-0.164049,16.034830,198.876700,358.602800
644.621,24,-0.137350,1.246298,0.411777,-0.042674,0.977620,-0.135215,-0.155418,16.119520,197.716300,357.529600
644.732,24,-0.146010,1.208771,0.378173,-0.050412,0.978358,-0.129902,-0.152971,15.640680,197.291300,356.493300
644.843,24,-0.149477,1.193476,0.339221,-0.051415,0.979311,-0.129172,-0.147044,15.552350,196.568500,356.267500
644.955,24,-0.149816,1.194770,0.300892,-0.048654,0.980305,-0.128036,-0.142271,15.359390,196.042400,356.494500
645.066,24,-0.148699,1.207025,0.241058,-0.044564,0.980743,-0.130588,-0.138217,15.573010,195.626100,356.946500
645.177,24,-0.146816,1.228357,0.188916,-0.043830,0.981238,-0.135734,-0.129722,16.125770,194.632400,356.968800
645.288,24,-0.144554,1.274586,0.128529,-0.034167,0.983178,-0.126406,-0.127337,14.907610,194.487700,357.924800
645.400,24,-0.142330,1.317403,0.092295,-0.025045,0.984359,-0.114100,-0.131874,13.369850,195.128200,358.868400
645.510,24,-0.151002,1.375332,0.067900,-0.017739,0.973895,-0.100757,-0.202636,11.738340,203.545100,0.367595
645.622,24,-0.176654,1.428202,0.089140,0.044835,0.889922,-0.096624,-0.443500,7.597092,233.619100,9.611726
645.734,24,-0.176004,1.486761,0.136045,0.121187,0.758573,-0.039833,-0.638979,354.580900,259.569200,13.639740
645.846,24,-0.153216,1.534029,0.179878,0.162704,0.686940,0.035866,-0.707358,343.772300,270.195800,10.367820
645.958,24,-0.133623,1.567843,0.215488,0.176323,0.671516,0.084636,-0.714712,338.548700,272.213900,7.148844
646.070,24,-0.125198,1.602069,0.259635,0.158626,0.707607,0.098195,-0.681533,339.195200,266.827100,5.564490
646.181,24,-0.130418,1.628713,0.301061,0.118294,0.782923,0.074709,-0.606182,344.906300,254.752100,5.626172
646.291,24,-0.136066,1.651804,0.350312,0.060590,0.869816,0.033380,-0.488503,353.265700,238.391200,4.203416
646.401,24,-0.137449,1.669653,0.408624,0.030374,0.941060,-0.004181,-0.336847,359.278400,219.367400,3.439215
646.511,24,-0.138589,1.681569,0.476164,0.019202,0.983240,-0.043262,-0.176067,4.491498,200.424000,3.047162
646.621,24,-0.146206,1.690233,0.540022,0.002445,0.995576,-0.066439,-0.066391,7.583200,187.682800,0.791379
646.731,24,-0.157098,1.700899,0.591035,-0.006616,0.996296,-0.085703,-0.002311,9.834411,180.201800,359.256400
646.842,24,-0.170247,1.705143,0.628610,-0.013215,0.994094,-0.101925,0.034847,11.637830,175.785700,358.047100
646.952,24,-0.187927,1.699853,0.652952,-0.022988,0.989992,-0.132267,0.043515,15.063270,174.518600,356.614400
647.063,24,-0.204751,1.693521,0.663957,-0.033877,0.988386,-0.145735,0.026606,16.635460,176.261900,355.527200
647.174,24,-0.214983,1.690339,0.669600,-0.043630,0.985287,-0.165143,-0.005815,19.022210,179.821100,354.899100
647.285,24,-0.224421,1.682231,0.671471,-0.070950,0.980498,-0.176520,-0.049299,20.680140,184.390900,352.524000
647.398,24,-0.233475,1.667466,0.674697,-0.089326,0.970375,-0.209961,-0.079429,24.940200,187.390800,351.117700
647.507,24,-0.246344,1.647359,0.680270,-0.108229,0.955111,-0.249628,-0.117202,30.146600,191.327300,350.130000
647.618,24,-0.248196,1.636867,0.690289,-0.114520,0.947309,-0.268775,-0.131342,32.636580,192.849900,349.990400
647.730,24,-0.238525,1.632773,0.710014,-0.114585,0.943171,-0.283947,-0.129121,34.417020,192.496000,350.030400
647.842,24,-0.217383,1.635642,0.734511,-0.107596,0.940992,-0.298315,-0.118179,35.934130,191.268200,350.618600
647.949,24,-0.198862,1.645621,0.752423,-0.108739,0.951666,-0.266864,-0.106265,32.075750,189.799600,349.786400
648.064,24,-0.187168,1.657657,0.766460,-0.101673,0.965518,-0.214496,-0.106907,25.845050,190.423400,350.375200
648.176,24,-0.185514,1.667215,0.772813,-0.096964,0.974964,-0.167408,-0.109623,20.346240,191.148700,350.647400
648.286,24,-0.193414,1.668755,0.769213,-0.099035,0.981003,-0.127923,-0.107058,15.794600,191.067100,350.010600
648.399,24,-0.212286,1.661770,0.753201,-0.110645,0.980916,-0.121900,-0.103447,15.191110,190.506200,348.533600
648.508,24,-0.245349,1.653141,0.717093,-0.119421,0.979794,-0.115957,-0.110893,14.697330,191.304400,347.564200
648.618,24,-0.271220,1.647159,0.675459,-0.135167,0.979733,-0.117127,-0.090189,14.707700,188.625400,345.405000
648.728,24,-0.309998,1.645445,0.605843,-0.138898,0.982545,-0.102372,-0.069524,12.737400,186.367900,344.618800
648.839,24,-0.340255,1.646256,0.546406,-0.139604,0.984563,-0.087067,-0.059714,10.843010,185.449600,344.377000
648.950,24,-0.374538,1.650737,0.466547,-0.135338,0.987475,-0.070865,-0.039437,8.663407,183.404300,344.649900
649.061,24,-0.398840,1.654256,0.396421,-0.139245,0.988655,-0.052462,-0.020492,6.283052,181.493600,344.048100
649.172,24,-0.416206,1.657670,0.338056,-0.140568,0.989491,-0.033776,0.002591,3.790785,179.160200,343.801400
649.283,24,-0.431108,1.667509,0.292910,-0.142156,0.989714,0.007085,0.014447,358.961100,178.476500,343.666500
649.394,24,-0.438805,1.671202,0.264927,-0.140275,0.989597,0.022049,0.023104,357.127100,177.731000,343.921100
649.505,24,-0.439723,1.675691,0.239802,-0.136233,0.989655,0.026112,0.036640,356.464500,176.242600,344.440200
649.617,24,-0.427035,1.687974,0.232536,-0.123403,0.990179,0.036076,0.054917,355.124100,174.248500,346.037100
649.728,24,-0.393239,1.712460,0.233105,-0.104300,0.987250,0.063495,0.102116,351.565900,169.021400,348.750500
649.839,24,-0.360656,1.729880,0.233802,-0.091512,0.984194,0.080462,0.128502,349.519500,165.980200,350.667800
649.950,24,-0.311025,1.746314,0.236481,-0.076394,0.980604,0.097878,0.151660,347.576800,163.186600,352.933800
650.061,24,-0.257679,1.754840,0.241662,-0.061510,0.978123,0.108146,0.166721,346.581000,161.238800,355.030000
650.172,24,-0.196240,1.762196,0.249828,-0.049481,0.977184,0.119867,0.168211,345.468500,160.891600,356.661100
650.283,24,-0.123395,1.770463,0.250615,-0.042260,0.978239,0.132497,0.153969,344.202300,162.456800,357.505500
650.395,24,-0.052898,1.773037,0.235831,-0.041307,0.980060,0.124309,0.149409,345.167000,163.002300,357.401800
650.507,24,0.018880,1.762223,0.211205,-0.037204,0.984284,0.081396,0.152236,350.121400,162.659500,357.180800
650.617,24,0.060818,1.748628,0.193394,-0.040832,0.987882,0.049414,0.141350,353.732400,163.925100,356.152200
650.728,24,0.078865,1.740875,0.185664,-0.044113,0.991925,0.036920,0.113034,355.226500,167.187900,355.443500
650.840,24,0.071050,1.741574,0.180931,-0.040808,0.994325,0.042230,0.088710,354.766100,169.997500,355.758100
650.950,24,0.042602,1.734809,0.181386,-0.044012,0.994895,0.056763,0.070894,353.154800,172.123200,355.405800
651.062,24,0.022751,1.733164,0.174901,-0.049130,0.995265,0.068074,0.048996,351.933800,174.735900,354.719400
651.173,24,0.024053,1.737226,0.157518,-0.040206,0.995815,0.069551,0.043572,351.835000,175.295400,355.711800
651.285,24,0.040340,1.735404,0.135418,-0.040936,0.995509,0.067590,0.052136,352.019100,174.305100,355.688100
651.396,24,0.063365,1.729776,0.112956,-0.034717,0.995860,0.067560,0.049941,352.066300,174.508800,356.387800
651.507,24,0.103157,1.723731,0.081183,-0.029659,0.996981,0.063667,0.033118,352.593200,176.400400,356.825100
651.617,24,0.140904,1.720206,0.055189,-0.025003,0.997362,0.067999,0.004520,352.191300,179.675200,357.150100
651.728,24,0.189856,1.720292,0.020234,-0.025771,0.995551,0.066549,-0.061530,352.568900,187.296800,356.559800
651.839,24,0.218268,1.724550,-0.000148,-0.032234,0.986931,0.053757,-0.148457,354.460200,197.330900,355.413800
651.951,24,0.240626,1.724085,-0.001154,-0.042758,0.954212,0.040936,-0.293216,356.959100,214.324200,353.929300
652.062,24,0.252444,1.724409,0.020965,-0.048079,0.900184,0.036660,-0.431292,358.594500,231.283000,353.210700
652.173,24,0.267772,1.725114,0.049225,-0.038860,0.852323,0.043971,-0.519713,358.019300,242.857700,353.568600
652.283,24,0.279727,1.718948,0.078193,-0.043687,0.815742,0.029174,-0.576026,0.156606,250.446500,353.979400
652.393,24,0.288895,1.710043,0.112483,-0.066508,0.775252,0.011536,-0.628035,3.764292,257.799400,353.231100
652.505,24,0.304015,1.707493,0.145019,-0.074505,0.746655,-0.010771,-0.660938,6.578864,262.708000,354.395300
652.617,24,0.325827,1.706109,0.170895,-0.078798,0.732474,-0.020958,-0.675895,7.887072,265.051000,354.955100
652.728,24,0.358481,1.706372,0.199116,-0.075760,0.724586,-0.022793,-0.684628,7.860720,266.438800,355.450200
652.839,24,0.382953,1.707072,0.216207,-0.072397,0.727220,-0.024326,-0.682143,7.709484,266.054900,355.827100
652.950,24,0.416518,1.707561,0.232668,-0.075609,0.730726,-0.028775,-0.677861,8.311620,265.400200,355.857000
653.062,24,0.443753,1.707236,0.243363,-0.075063,0.736049,-0.033860,-0.671901,8.668401,264.496900,356.230000
653.172,24,0.464539,1.706765,0.250955,-0.081758,0.739532,-0.034579,-0.667242,9.221402,263.766100,355.655100
653.284,24,0.477352,1.706668,0.254205,-0.081489,0.742567,-0.036086,-0.663816,9.310169,263.244000,355.751100
653.395,24,0.482872,1.707052,0.254569,-0.082859,0.746497,-0.032025,-0.659432,9.038224,262.538500,355.267900
653.506,24,0.484603,1.707893,0.253087,-0.082662,0.750995,-0.028639,-0.654487,8.697503,261.761100,354.969900
653.617,24,0.484187,1.709251,0.252403,-0.080158,0.750869,-0.024740,-0.655102,8.173755,261.842200,354.901700
653.728,24,0.485689,1.712067,0.252692,-0.072680,0.749770,-0.017106,-0.657472,6.962645,262.190600,355.001100
653.840,24,0.489843,1.715933,0.253894,-0.061328,0.751094,-0.005751,-0.657315,5.121148,262.163200,355.129500
653.951,24,0.496567,1.720655,0.257123,-0.047236,0.753095,0.007570,-0.656170,2.899781,262.013200,355.343300
654.062,24,0.504355,1.723662,0.260005,-0.036318,0.752676,0.016235,-0.657188,1.334917,262.199900,355.639600
654.173,24,0.512434,1.725484,0.262577,-0.029454,0.752239,0.023178,-0.657824,0.222272,262.330300,355.709800
654.285,24,0.518386,1.724976,0.264810,-0.029347,0.754632,0.020464,-0.655172,0.433762,261.913700,355.922300
654.396,24,0.519199,1.724917,0.266150,-0.028006,0.753456,0.022514,-0.656516,0.163067,262.128000,355.884600
654.507,24,0.506494,1.721421,0.264540,-0.029387,0.745755,0.015818,-0.665385,0.888962,263.451700,356.279500
654.618,24,0.488376,1.720793,0.259731,-0.027561,0.734594,0.013717,-0.677809,0.986043,265.366200,356.612100
654.729,24,0.451055,1.719464,0.248182,-0.020567,0.718764,0.013079,-0.694827,0.560363,268.046400,357.263500
654.841,24,0.412450,1.721832,0.235279,-0.012264,0.704630,0.019468,-0.709202,359.424800,270.383500,357.426600
654.952,24,0.375357,1.725493,0.224461,-0.002317,0.686458,0.025190,-0.726730,358.211200,273.300300,357.718300
655.063,24,0.340456,1.728623,0.215611,0.004834,0.668369,0.034774,-0.743001,356.923600,276.123500,357.404900
655.175,24,0.311345,1.729039,0.208982,0.007954,0.651989,0.035088,-0.757374,356.686300,278.623700,357.544200
655.286,24,0.277584,1.728778,0.201599,0.007787,0.632157,0.036074,-0.773961,356.694300,281.593600,357.359300
655.398,24,0.255144,1.728473,0.196455,0.007445,0.612725,0.034465,-0.789509,356.905000,284.441300,357.400000
655.508,24,0.233006,1.728056,0.189908,0.004251,0.587890,0.034252,-0.808204,357.297800,288.003700,357.109800
655.619,24,0.221952,1.728042,0.184339,-0.000623,0.572428,0.032878,-0.819296,357.901400,290.174700,356.868800
655.730,24,0.216665,1.726114,0.176468,-0.003419,0.558591,0.028803,-0.828936,358.480900,292.089900,357.042900
655.842,24,0.226272,1.725864,0.171116,-0.004452,0.551548,0.026078,-0.833724,358.777000,293.056500,357.225500
655.953,24,0.251499,1.727349,0.166619,-0.003942,0.552779,0.026677,-0.832891,358.686300,292.888600,357.202300
656.064,24,0.287527,1.724163,0.164423,-0.005201,0.565075,0.021237,-0.824750,359.116300,291.184300,357.655200
656.175,24,0.321992,1.724761,0.165246,-0.002309,0.584022,0.013449,-0.811623,359.314600,288.532900,358.594400
656.286,24,0.363735,1.726380,0.165818,-0.004528,0.606950,0.011621,-0.794642,359.604000,285.259300,358.626700
656.397,24,0.392659,1.726097,0.163548,-0.004839,0.617187,0.011647,-0.786716,359.612500,283.775600,358.607700
656.508,24,0.423647,1.727740,0.155157,-0.002814,0.617470,0.013409,-0.786475,359.304800,283.736800,358.592200
656.619,24,0.444141,1.729833,0.144588,0.002226,0.605298,0.014001,-0.795873,358.825800,285.502200,358.877200
656.731,24,0.462083,1.729675,0.125900,0.005350,0.590349,0.013869,-0.807012,358.566800,287.638700,359.079000
656.842,24,0.470297,1.728848,0.105275,0.005062,0.579602,0.020953,-0.814615,358.135500,289.162400,358.379200
656.953,24,0.472946,1.729238,0.085076,0.003072,0.561990,0.025504,-0.826745,358.066200,291.624800,357.779800
657.064,24,0.469450,1.730587,0.068266,-0.002102,0.541009,0.030397,-0.840465,358.317700,294.506000,356.939400
657.176,24,0.463287,1.730428,0.055771,-0.009566,0.520718,0.029186,-0.853176,359.193700,297.230300,356.573400
657.287,24,0.454604,1.727988,0.041122,-0.022798,0.504798,0.023728,-0.862610,0.880953,299.299700,356.332800
657.398,24,0.448117,1.725601,0.030135,-0.034990,0.498057,0.018478,-0.866241,2.419384,300.124300,356.162600
657.508,24,0.439746,1.723273,0.017307,-0.043563,0.489637,0.012660,-0.870746,3.638851,301.182100,356.282500
657.619,24,0.433714,1.721380,0.008687,-0.047997,0.486324,0.006312,-0.872436,4.451184,301.597600,356.682300
657.731,24,0.424549,1.719643,0.002509,-0.049357,0.477239,0.006147,-0.877365,4.631130,302.777700,356.670000
657.842,24,0.411806,1.717673,0.002994,-0.044093,0.461461,0.006259,-0.886042,4.149581,304.870100,357.023700
657.953,24,0.396375,1.715232,0.008235,-0.033392,0.442882,0.009511,-0.895907,2.946734,307.321200,357.324400
658.064,24,0.379711,1.716080,0.019448,-0.011217,0.419146,0.011603,-0.907776,0.609560,310.422500,358.253900
658.175,24,0.362953,1.716359,0.035406,0.003586,0.406125,0.013970,-0.913704,358.974300,312.083000,358.703900
658.287,24,0.337932,1.713937,0.065427,0.011920,0.410095,0.018221,-0.911783,357.897900,311.590900,358.655400
658.398,24,0.316277,1.714878,0.093688,0.016079,0.420299,0.021611,-0.906986,357.287000,310.308700,358.526600
658.509,24,0.289326,1.717139,0.129210,0.018072,0.431155,0.022729,-0.901810,357.008100,308.933200,358.541900
658.621,24,0.265280,1.719493,0.159465,0.023744,0.438826,0.028178,-0.897816,356.137300,307.961600,358.290900
658.732,24,0.241177,1.720227,0.188857,0.029267,0.444343,0.035463,-0.894676,355.188200,307.267600,357.846400
658.843,24,0.218885,1.719356,0.215589,0.032532,0.452266,0.040157,-0.890384,354.591600,306.258300,357.577300
658.955,24,0.202174,1.718532,0.235208,0.033618,0.461181,0.043334,-0.885610,354.288700,305.115000,357.365000
659.065,24,0.186412,1.717196,0.253149,0.031954,0.468750,0.043698,-0.881671,354.415600,304.136600,357.287600
659.177,24,0.178307,1.715455,0.262462,0.030723,0.468880,0.043882,-0.881636,354.530000,304.122900,357.203600
659.288,24,0.171632,1.713205,0.268332,0.029035,0.459416,0.044808,-0.886615,354.683500,305.357600,356.961600
659.399,24,0.168628,1.712879,0.265498,0.029440,0.448913,0.042303,-0.892088,354.807300,306.703500,357.177300
659.510,24,0.170358,1.714131,0.250078,0.034281,0.426865,0.038147,-0.902860,354.579200,309.499100,357.719400
659.622,24,0.177298,1.716633,0.222687,0.039313,0.397518,0.035920,-0.916048,354.227200,313.183600,358.009800
659.733,24,0.188209,1.719295,0.180778,0.043482,0.364552,0.025908,-0.929806,354.275200,317.229800,359.051200
659.844,24,0.200071,1.723908,0.130469,0.047907,0.308552,0.005413,-0.949985,354.585400,323.960300,1.109680
659.955,24,0.208154,1.725912,0.084733,0.043646,0.277305,0.001853,-0.959788,355.134900,327.719100,1.187556
660.066,24,0.219101,1.725017,0.031273,0.037891,0.249204,-0.003364,-0.967704,355.890700,331.065500,1.458957
660.177,24,0.228699,1.724890,-0.003644,0.035938,0.233945,0.001621,-0.971584,355.952100,332.895500,0.784926
660.288,24,0.240756,1.725548,-0.036027,0.037191,0.213333,0.007394,-0.976244,355.654600,335.343400,0.082284
660.399,24,0.248875,1.725874,-0.051950,0.039487,0.203675,0.013634,-0.978147,355.250400,336.500500,359.391400
660.510,24,0.258860,1.726280,-0.063668,0.040721,0.198234,0.019161,-0.979121,354.989500,337.162900,358.770400
660.621,24,0.265953,1.724522,-0.065960,0.039227,0.196073,0.022609,-0.979544,355.082900,337.433000,358.337200
660.732,24,0.271623,1.725064,-0.063131,0.038156,0.195511,0.024031,-0.979664,355.172500,337.505600,358.150200
660.843,24,0.275800,1.725385,-0.057894,0.037641,0.190860,0.024995,-0.980577,355.218200,338.054400,358.007300
660.955,24,0.277186,1.725481,-0.052894,0.035454,0.190529,0.023277,-0.980765,355.502600,338.085200,358.151900
661.065,24,0.277836,1.726003,-0.047308,0.035654,0.190941,0.022211,-0.980702,355.502600,338.032500,358.278500
661.177,24,0.278280,1.726009,-0.043701,0.034323,0.191782,0.018772,-0.980658,355.726400,337.919900,358.640900
661.288,24,0.278696,1.725818,-0.040785,0.031689,0.194347,0.019244,-0.980232,356.008700,337.622100,358.540400
661.399,24,0.278936,1.725318,-0.039667,0.027248,0.195251,0.017242,-0.980223,356.551500,337.509400,358.670400
661.510,24,0.279411,1.725165,-0.039276,0.026255,0.195252,0.015931,-0.980272,356.692400,337.505100,358.795800
661.621,24,0.280553,1.724636,-0.039047,0.023635,0.193470,0.014860,-0.980709,357.013100,337.710400,358.852300
661.732,24,0.281857,1.721804,-0.039480,0.010711,0.194124,0.013176,-0.980830,358.502800,337.625900,358.756800
661.843,24,0.282131,1.715920,-0.040798,-0.019837,0.199034,0.008952,-0.979751,2.023400,337.007800,358.541500
661.954,24,0.280408,1.706681,-0.041971,-0.065209,0.209193,0.003973,-0.975690,7.214499,335.669800,357.976200
662.064,24,0.279401,1.701900,-0.042614,-0.084107,0.212453,0.002491,-0.973542,9.363901,335.185900,357.642500
662.175,24,0.279170,1.699357,-0.044150,-0.094235,0.211645,-0.000296,-0.972793,10.571840,335.239500,357.708000
662.286,24,0.278740,1.697583,-0.046186,-0.098688,0.210167,-0.001207,-0.972671,11.098080,335.392800,357.714500
662.397,24,0.278105,1.696545,-0.048316,-0.101924,0.211063,-0.001956,-0.972142,11.478220,335.270500,357.706200
662.508,24,0.277164,1.695807,-0.050752,-0.104587,0.211265,-0.003110,-0.971812,11.805620,335.239300,357.766600
662.619,24,0.276112,1.695482,-0.052069,-0.105447,0.212245,-0.002748,-0.971507,11.891000,335.112000,357.691100
662.730,24,0.275207,1.694692,-0.051906,-0.108031,0.213174,-0.003092,-0.971018,12.187860,334.985000,357.651500
662.841,24,0.274253,1.693983,-0.051594,-0.110910,0.214724,-0.003574,-0.970350,12.519840,334.782700,357.610900
662.952,24,0.273449,1.693741,-0.051258,-0.111465,0.216272,-0.003674,-0.969943,12.580930,334.594300,357.587200
663.063,24,0.273038,1.693450,-0.051955,-0.111989,0.217791,-0.003941,-0.969541,12.642830,334.411500,357.583600
