timestamp,level,px,py,pz,rx,ry,rz,rw,ex,ey,ez
83.549,1,-0.202582,1.605786,-0.027611,0.130907,0.074619,-0.038956,0.987815,15.333460,8.180163,356.586300
83.662,1,-0.202291,1.603900,-0.025139,0.136534,0.076686,-0.038790,0.986901,15.988250,8.420387,356.682900
83.773,1,-0.203502,1.601810,-0.023017,0.144491,0.073395,-0.037529,0.986067,16.885740,8.043921,356.836700
83.885,1,-0.206455,1.599603,-0.020586,0.154588,0.061711,-0.035852,0.985398,18.004220,6.674383,356.891200
83.996,1,-0.208526,1.597140,-0.019275,0.162834,0.052928,-0.032984,0.984681,18.915290,5.671812,357.108600
84.106,1,-0.211404,1.593869,-0.016764,0.174817,0.038106,-0.029782,0.983412,20.249230,3.944307,357.235400
84.218,1,-0.212917,1.592058,-0.014496,0.181540,0.031245,-0.029633,0.982440,21.011580,3.109260,357.121500
84.328,1,-0.214906,1.589027,-0.010021,0.191160,0.025938,-0.029079,0.980785,22.115910,2.459912,357.084300
84.440,1,-0.217252,1.580844,-0.004512,0.218527,0.018820,-0.028744,0.975226,25.296880,1.530356,356.966900
84.551,1,-0.216804,1.563757,0.006350,0.273695,0.019058,-0.035041,0.960989,31.828030,1.176647,356.158900
84.662,1,-0.210190,1.545525,0.019130,0.319366,0.041513,-0.045897,0.945609,37.430630,3.551752,355.646000
84.773,1,-0.199917,1.531195,0.032983,0.351028,0.065422,-0.060509,0.932115,41.476600,6.089597,354.879200
84.882,1,-0.179045,1.517425,0.054132,0.383498,0.098413,-0.075006,0.915215,45.785100,10.126360,354.914800
84.992,1,-0.155565,1.516981,0.077341,0.379578,0.126029,-0.091279,0.911979,45.671170,13.285180,354.183700
85.103,1,-0.125306,1.528575,0.104779,0.334383,0.166430,-0.100455,0.922170,40.553170,18.395350,354.413100
85.213,1,-0.084042,1.553203,0.128121,0.244913,0.255651,-0.087036,0.931174,30.040700,30.049140,357.559100
85.326,1,-0.045881,1.573198,0.140202,0.182776,0.354946,-0.074370,0.913825,22.758290,42.376940,359.616500
85.438,1,-0.017907,1.584549,0.145609,0.143126,0.432728,-0.071975,0.887176,18.436100,51.964810,359.768100
85.550,1,0.011132,1.594444,0.147321,0.113816,0.518483,-0.070872,0.844511,15.410290,63.081740,359.900100
85.662,1,0.031623,1.601768,0.147477,0.093374,0.593115,-0.073002,0.796346,13.610070,73.318400,359.675400
85.772,1,0.048078,1.602705,0.151431,0.078267,0.662859,-0.080526,0.740275,12.863760,83.581520,359.091200
85.885,1,0.060116,1.601185,0.161770,0.068664,0.721149,-0.086906,0.683869,12.665480,92.910620,358.835400
85.995,1,0.065669,1.598071,0.174006,0.057857,0.775402,-0.094315,0.621699,12.603470,102.377700,358.382500
86.106,1,0.063910,1.592413,0.199443,0.039844,0.845502,-0.106110,0.521804,12.768550,116.353000,357.451800
86.217,1,0.054306,1.589827,0.229475,0.025532,0.899337,-0.110145,0.422385,12.690460,129.376700,357.231400
86.328,1,0.032245,1.592003,0.279994,0.020589,0.947378,-0.123955,0.294425,14.299390,145.219600,357.990400
86.439,1,0.013456,1.594250,0.320626,0.014963,0.966064,-0.134527,0.219996,15.456540,154.098000,358.199600
86.550,1,-0.010178,1.593312,0.364638,0.003908,0.978117,-0.151855,0.142169,17.347980,163.134500,357.866600
86.661,1,-0.024076,1.592418,0.392827,0.006200,0.980136,-0.167392,0.106181,19.235410,167.393600,358.580200
86.772,1,-0.032800,1.592920,0.409035,-0.001112,0.981111,-0.170547,0.091288,19.538930,169.019400,357.973900
86.883,1,-0.036639,1.590945,0.411930,-0.004820,0.981654,-0.175288,0.074883,20.085500,170.889600,357.820700
86.994,1,-0.036103,1.587745,0.408395,-0.002420,0.980201,-0.183608,0.074078,21.074880,170.991300,358.038100
87.103,1,-0.034986,1.587291,0.400083,-0.007386,0.979869,-0.184559,0.075764,21.135110,170.670700,357.392000
87.212,1,-0.032213,1.586505,0.385503,-0.008120,0.978680,-0.188764,0.080550,21.602870,170.045100,357.145400
87.319,1,-0.028695,1.586963,0.368252,-0.009416,0.977208,-0.191618,0.090871,21.887830,168.738500,356.711500
87.429,1,-0.024835,1.587480,0.340721,-0.009044,0.975582,-0.193712,0.103121,22.092260,167.236400,356.436100
87.530,1,-0.020979,1.587871,0.316142,-0.009024,0.973523,-0.197172,0.115302,22.446630,165.714600,356.089000
87.643,1,-0.016532,1.587007,0.287958,-0.008963,0.969934,-0.204556,0.131548,23.231930,163.638800,355.555800
87.755,1,-0.014332,1.584541,0.264690,-0.007533,0.966388,-0.214220,0.141941,24.324250,162.265500,355.255300
87.866,1,-0.014879,1.580711,0.237865,-0.005001,0.963788,-0.224118,0.144428,25.503080,161.884500,355.273000
87.978,1,-0.017265,1.578467,0.218869,-0.003053,0.962463,-0.227903,0.147365,25.963390,161.515000,355.339800
88.089,1,-0.022966,1.576522,0.196989,-0.005554,0.961283,-0.233902,0.145583,26.620280,161.579600,354.944300
88.200,1,-0.027902,1.574821,0.179535,-0.007250,0.961423,-0.237328,0.138883,27.021890,162.323600,354.856500
88.311,1,-0.030754,1.573808,0.165797,-0.007320,0.960736,-0.240916,0.137450,27.445270,162.447800,354.809000
88.422,1,-0.031487,1.572710,0.155898,-0.005923,0.961158,-0.241613,0.133278,27.572940,163.006700,355.095200
88.533,1,-0.029601,1.573271,0.149396,-0.009739,0.962558,-0.243871,0.117957,27.851600,164.799000,355.050600
88.645,1,-0.023593,1.571149,0.147950,-0.008058,0.965882,-0.240135,0.096661,27.537280,167.587600,355.991200
88.757,1,-0.015286,1.568382,0.151065,-0.007559,0.966126,-0.246763,0.075177,28.403040,170.248100,356.629900
88.867,1,-0.005787,1.566232,0.153149,-0.006077,0.969213,-0.241984,0.045085,27.938300,174.131100,357.820400
88.978,1,-0.000839,1.559412,0.150371,-0.006229,0.969114,-0.244317,0.032987,28.237730,175.639700,358.166200
89.089,1,0.001972,1.541397,0.133854,-0.009453,0.970157,-0.241241,0.022568,27.882260,176.864400,358.105000
89.201,1,0.000038,1.513761,0.105444,-0.010878,0.972471,-0.232391,0.013256,26.852710,178.019200,358.245300
89.311,1,-0.005977,1.475735,0.067885,-0.015821,0.973906,-0.226340,-0.005233,26.169830,180.193600,358.183700
89.423,1,-0.015345,1.429319,0.026374,-0.018039,0.974320,-0.222097,-0.032373,25.718800,183.504500,358.678900
89.534,1,-0.025531,1.384269,-0.007818,-0.016795,0.974942,-0.214579,-0.056231,24.853080,186.482000,359.456000
89.646,1,-0.040528,1.325835,-0.045181,-0.009231,0.974805,-0.203857,-0.090064,23.522260,190.801000,1.170068
89.757,1,-0.053047,1.285926,-0.069819,-0.003592,0.972839,-0.198611,-0.118847,22.785830,194.434000,2.500322
89.868,1,-0.075843,1.245322,-0.092050,0.003922,0.966183,-0.195480,-0.168113,22.112120,200.628100,4.538191
89.980,1,-0.097761,1.225713,-0.099099,0.005765,0.956154,-0.194934,-0.218490,21.731260,206.885200,5.944614
90.091,1,-0.122406,1.213324,-0.105712,0.001503,0.947343,-0.190828,-0.257146,21.148470,211.534300,6.216251
90.202,1,-0.134737,1.204117,-0.111008,-0.010605,0.944544,-0.197739,-0.261960,22.278050,212.022500,5.181244
90.314,1,-0.139152,1.198771,-0.115106,-0.011911,0.944382,-0.196321,-0.263551,22.153090,212.168600,5.016284
90.425,1,-0.141411,1.193721,-0.118491,-0.012869,0.943327,-0.200367,-0.264237,22.632860,212.312100,5.072687
90.536,1,-0.140906,1.191313,-0.120498,-0.014033,0.942220,-0.204658,-0.264840,23.147460,212.447300,5.113807
90.647,1,-0.132900,1.193413,-0.123267,-0.015378,0.945163,-0.203737,-0.254799,23.139130,211.129600,4.662978
90.759,1,-0.117880,1.198189,-0.126490,-0.018190,0.952071,-0.199299,-0.231321,22.824480,208.035600,3.580920
90.869,1,-0.085245,1.209177,-0.131366,-0.020240,0.965689,-0.189276,-0.176663,21.883100,201.065800,1.715842
90.981,1,-0.046404,1.219436,-0.133910,-0.017580,0.976693,-0.179757,-0.115970,20.806500,193.625700,0.450666
91.092,1,-0.004209,1.226688,-0.132451,-0.007688,0.982327,-0.175166,-0.065509,20.190860,187.715900,0.478992
91.203,1,0.038760,1.233051,-0.126776,0.002800,0.984993,-0.171366,-0.020359,19.723120,182.500400,0.760435
91.314,1,0.075199,1.238112,-0.118396,0.008973,0.985302,-0.169869,0.015650,19.574090,178.309700,0.751988
91.425,1,0.115834,1.243218,-0.102426,0.015896,0.984194,-0.169273,0.049558,19.558540,174.386800,0.882411
91.536,1,0.139656,1.247677,-0.086259,0.021218,0.981910,-0.174927,0.069304,20.271280,172.115700,1.064169
91.647,1,0.156099,1.262101,-0.062509,0.019940,0.979232,-0.183152,0.084632,21.227430,170.213500,0.494872
91.758,1,0.160640,1.277518,-0.044762,0.018749,0.978757,-0.182119,0.092284,21.097770,169.262700,0.189711
91.869,1,0.157998,1.288969,-0.026670,0.017959,0.977884,-0.179789,0.105339,20.818530,167.672500,359.831200
91.980,1,0.145937,1.281870,-0.012928,0.018603,0.975260,-0.188860,0.113379,21.875620,166.659700,359.596200
92.091,1,0.128461,1.277556,0.004896,0.021384,0.971701,-0.205482,0.114530,23.843050,166.482800,359.654800
92.202,1,0.116337,1.278033,0.024358,0.022242,0.971743,-0.199521,0.124145,23.159300,165.358600,359.606600
92.313,1,0.109455,1.265438,0.037188,0.028203,0.971412,-0.199466,0.125603,23.241780,165.325200,0.292219
92.425,1,0.106921,1.235591,0.047041,0.024592,0.971983,-0.199086,0.122509,23.143960,165.620100,359.939300
92.536,1,0.107694,1.198729,0.057098,0.029780,0.976349,-0.180212,0.115671,21.025790,166.674600,1.010462
92.647,1,0.113083,1.148334,0.075408,0.022765,0.975321,-0.181281,0.123965,21.054630,165.506800,359.966900
92.758,1,0.112876,1.111102,0.085545,0.028893,0.976398,-0.177206,0.120047,20.669970,166.136400,0.849728
92.869,1,0.111740,1.063011,0.094082,0.037599,0.976692,-0.176837,0.115705,20.740190,166.852500,1.993024
92.980,1,0.106212,1.017744,0.099175,0.037685,0.975209,-0.185432,0.114729,21.735200,166.947100,1.909510
93.091,1,0.094658,0.982831,0.099132,0.033048,0.976992,-0.178108,0.112571,20.821670,167.130200,1.500500
93.203,1,0.083448,0.952960,0.095742,0.034504,0.976105,-0.181019,0.115153,21.182110,166.838600,1.577533
93.314,1,0.067007,0.923454,0.092950,0.034678,0.979424,-0.170002,0.103081,19.886480,168.335100,2.003852
93.425,1,0.050043,0.899972,0.090510,0.030301,0.981378,-0.166466,0.090933,19.404970,169.715700,1.774057
93.536,1,0.038945,0.886392,0.089893,0.023974,0.984214,-0.154814,0.082344,17.980160,170.641800,1.306980
93.648,1,0.029861,0.872751,0.091557,0.016905,0.986627,-0.143743,0.074963,16.629190,171.413300,0.706051
93.759,1,0.029984,0.872166,0.094732,0.011923,0.987133,-0.140336,0.075714,16.192510,171.247400,0.136569
93.870,1,0.043349,0.904451,0.103955,0.006023,0.987307,-0.130349,0.090544,14.979860,169.429100,359.305400
93.981,1,0.072289,0.954622,0.119509,0.009204,0.986446,-0.113091,0.118537,13.020360,166.237600,359.491100
94.092,1,0.111001,0.998427,0.142562,0.016832,0.981465,-0.104817,0.159552,12.187910,161.530400,359.976100
94.203,1,0.146748,1.032227,0.172251,0.020873,0.974714,-0.106319,0.195434,12.440100,157.319100,359.949200
94.315,1,0.171894,1.061558,0.203235,0.024488,0.970511,-0.110088,0.213050,12.950970,155.241400,0.036655
94.426,1,0.200856,1.107595,0.246102,0.027533,0.965725,-0.111607,0.232724,13.201600,152.910300,0.072504
94.537,1,0.220273,1.149495,0.278640,0.027311,0.961037,-0.114684,0.250018,13.537810,150.801100,359.714100
94.648,1,0.231159,1.209402,0.316945,0.015269,0.958579,-0.121255,0.257275,13.905530,149.714200,358.044700
94.760,1,0.230156,1.256481,0.341732,0.009111,0.959257,-0.118963,0.256109,13.467810,149.800500,357.439000
94.870,1,0.225386,1.311267,0.366388,0.003756,0.960750,-0.121623,0.249305,13.625260,150.529800,356.848800
94.982,1,0.221002,1.354710,0.381382,0.008844,0.960692,-0.131831,0.244158,14.928720,151.112200,357.189200
95.092,1,0.214744,1.393648,0.382885,0.013036,0.959615,-0.140574,0.243329,16.029820,151.178400,357.412300
95.203,1,0.207913,1.424996,0.368760,0.013010,0.957678,-0.155719,0.241735,17.730870,151.194000,356.968900
95.315,1,0.199364,1.446037,0.353549,0.010305,0.956551,-0.166989,0.238786,18.928540,151.360300,356.361100
95.425,1,0.186534,1.465364,0.345329,0.013448,0.956533,-0.182680,0.226918,20.829110,152.664000,356.492600
95.537,1,0.180049,1.480064,0.340309,0.014012,0.954623,-0.199060,0.221073,22.721370,153.157000,356.191800
95.647,1,0.180126,1.495994,0.334162,0.010716,0.956582,-0.195830,0.215607,22.288890,153.815400,356.037300
95.759,1,0.187473,1.499358,0.331256,0.012105,0.955979,-0.202011,0.212484,23.040440,154.140700,356.092800
95.869,1,0.206131,1.502288,0.326890,0.007571,0.959015,-0.203424,0.197108,23.151110,155.932100,355.904300
95.980,1,0.234837,1.512433,0.322522,0.007540,0.962199,-0.205164,0.178952,23.422950,158.165300,356.318500
96.092,1,0.269693,1.527150,0.318560,0.002241,0.966010,-0.200186,0.163538,22.798800,160.015700,356.196900
96.203,1,0.302061,1.540350,0.316070,-0.002964,0.970828,-0.192650,0.142723,21.913980,162.546400,356.245800
96.314,1,0.327195,1.549456,0.314925,-0.003119,0.974036,-0.188945,0.124679,21.549280,164.787300,356.721600
96.425,1,0.353152,1.558012,0.314205,-0.002201,0.977211,-0.186047,0.102177,21.294630,167.572300,357.396600
96.536,1,0.368219,1.562949,0.313286,-0.005638,0.979660,-0.183096,0.081916,20.966360,169.974200,357.480800
96.647,1,0.383305,1.567258,0.312599,-0.012122,0.981986,-0.179049,0.059144,20.500410,172.608700,357.247100
96.759,1,0.392376,1.569930,0.313017,-0.014531,0.983514,-0.175527,0.040982,20.125360,174.762300,357.377000
96.870,1,0.400204,1.574529,0.312706,-0.015949,0.985521,-0.167930,0.017160,19.296050,177.620900,357.741200
96.981,1,0.403333,1.576362,0.311380,-0.019584,0.986328,-0.163510,-0.006119,18.831710,180.343000,357.782000
97.092,1,0.403807,1.577439,0.306323,-0.019771,0.986167,-0.162498,-0.026045,18.755480,182.720500,358.152300
97.203,1,0.399460,1.576085,0.296468,-0.020067,0.984854,-0.166491,-0.044045,19.250980,184.865500,358.491100
97.314,1,0.392733,1.574239,0.283050,-0.024794,0.983529,-0.169524,-0.057606,19.652840,186.395900,358.220800
97.425,1,0.382433,1.571113,0.259841,-0.031075,0.981352,-0.176010,-0.070729,20.478250,187.845800,357.792000
97.536,1,0.373096,1.571268,0.237376,-0.036372,0.980288,-0.177621,-0.078505,20.729080,188.670600,357.339000
97.647,1,0.361029,1.573390,0.204291,-0.039047,0.979147,-0.180672,-0.084282,21.124240,189.312200,357.172700
97.759,1,0.351284,1.573805,0.177060,-0.043548,0.977488,-0.187261,-0.086919,21.941610,189.532700,356.750200
97.869,1,0.335990,1.571203,0.143579,-0.048835,0.972692,-0.203768,-0.099823,23.963670,190.995500,356.592000
97.980,1,0.320586,1.567998,0.118807,-0.054360,0.968248,-0.216472,-0.112609,25.558960,192.452700,356.408300
98.091,1,0.305312,1.564173,0.101930,-0.060951,0.963200,-0.230084,-0.124872,27.287500,193.834300,356.131800
98.202,1,0.293842,1.560889,0.088849,-0.067806,0.959362,-0.235128,-0.140503,28.047300,195.624400,355.839600
98.313,1,0.285742,1.556186,0.078374,-0.074885,0.952749,-0.246308,-0.161227,29.569990,198.108100,355.828400
98.424,1,0.281590,1.553968,0.068267,-0.080491,0.948119,-0.250588,-0.178319,30.257010,200.167100,355.800000
98.535,1,0.281498,1.551399,0.057071,-0.082962,0.943554,-0.256492,-0.192445,31.061580,201.979300,356.128500
98.646,1,0.285421,1.547178,0.040143,-0.087663,0.938016,-0.261459,-0.209953,31.824270,204.180600,356.310800
98.758,1,0.289407,1.545362,0.027170,-0.097129,0.931508,-0.263940,-0.230640,32.447610,206.642300,355.977100
98.868,1,0.294918,1.542815,0.010506,-0.105923,0.921650,-0.271662,-0.256010,33.710040,209.874700,356.129500
98.980,1,0.299246,1.540293,-0.001471,-0.115004,0.914204,-0.277548,-0.271979,34.752150,211.840200,355.861200
99.091,1,0.303966,1.534427,-0.016517,-0.125239,0.904544,-0.284696,-0.291658,36.021800,214.347100,355.710100
99.202,1,0.306498,1.528827,-0.029306,-0.131741,0.897755,-0.290809,-0.303498,37.021670,215.912900,355.688700
99.315,1,0.307117,1.523720,-0.039698,-0.136173,0.892447,-0.295574,-0.312462,37.782440,217.142900,355.766500
99.421,1,0.307238,1.517482,-0.051183,-0.141358,0.886296,-0.302226,-0.321180,38.794300,218.376900,355.847800
99.522,1,0.306759,1.513257,-0.058902,-0.145005,0.882439,-0.305485,-0.327038,39.344920,219.182100,355.839500
99.631,1,0.306285,1.508834,-0.067094,-0.148349,0.877923,-0.308963,-0.334344,39.917950,220.233700,355.971600
99.732,1,0.306168,1.504864,-0.075153,-0.150916,0.873823,-0.312100,-0.340957,40.417520,221.218300,356.164900
99.842,1,0.305773,1.502080,-0.081857,-0.152482,0.871483,-0.313129,-0.345279,40.622350,221.841100,356.257900
99.952,1,0.305735,1.498954,-0.088432,-0.153849,0.869375,-0.314698,-0.348543,40.876300,222.332400,356.350200
100.063,1,0.305150,1.495871,-0.094106,-0.156562,0.866262,-0.316371,-0.353536,41.210040,223.039500,356.376100
100.173,1,0.303716,1.494653,-0.099052,-0.157669,0.863430,-0.314422,-0.361619,41.071050,224.171000,356.587900
100.273,1,0.302007,1.496806,-0.100830,-0.155282,0.860379,-0.307209,-0.375843,40.192300,226.198500,357.277800
100.384,1,0.301205,1.502548,-0.098873,-0.150434,0.855055,-0.299235,-0.395866,39.111270,229.151800,358.497500
100.493,1,0.302691,1.507778,-0.094997,-0.147400,0.851163,-0.289830,-0.412060,37.941820,231.363100,359.123200
100.607,1,0.305642,1.512061,-0.090032,-0.145393,0.849958,-0.284891,-0.418653,37.302860,232.236300,359.379400
100.716,1,0.309163,1.515656,-0.085065,-0.146372,0.850775,-0.278608,-0.420874,36.674870,232.298400,358.961200
100.829,1,0.313117,1.518862,-0.078841,-0.146910,0.850139,-0.272900,-0.425685,36.091790,232.793300,358.762800
100.941,1,0.316268,1.521183,-0.076593,-0.147124,0.851169,-0.269023,-0.426020,35.684660,232.694800,358.501800
101.053,1,0.320619,1.522213,-0.077402,-0.148122,0.854867,-0.267016,-0.419481,35.506450,231.615200,357.942000
101.167,1,0.324329,1.521358,-0.085412,-0.145022,0.864182,-0.264404,-0.402800,35.016830,229.149700,357.365300
101.280,1,0.325729,1.514914,-0.098457,-0.146505,0.871683,-0.265137,-0.385237,35.107280,226.551900,356.416700
101.391,1,0.327363,1.503177,-0.120138,-0.147060,0.874978,-0.274887,-0.370438,36.156480,224.647400,356.187100
101.503,1,0.327786,1.493928,-0.140941,-0.141183,0.875199,-0.280761,-0.367788,36.533620,224.631300,357.103400
101.614,1,0.324909,1.485751,-0.157824,-0.137025,0.874736,-0.280709,-0.370492,36.343580,225.169000,357.743100
101.725,1,0.316099,1.472861,-0.176923,-0.135731,0.870603,-0.282731,-0.379066,36.526550,226.539800,358.432100
101.836,1,0.306370,1.462341,-0.189442,-0.135171,0.866027,-0.286172,-0.387080,36.892120,227.864900,359.098700
101.946,1,0.293636,1.449443,-0.203213,-0.135323,0.863981,-0.287821,-0.390363,37.084670,228.408900,359.344800
102.057,1,0.284654,1.440478,-0.211462,-0.136832,0.863465,-0.287967,-0.390872,37.176070,228.440100,359.195900
102.168,1,0.274734,1.429283,-0.219072,-0.136062,0.863162,-0.287459,-0.392181,37.082840,228.642900,359.323800
102.279,1,0.267991,1.419951,-0.223113,-0.135088,0.863609,-0.286942,-0.391913,36.977130,228.616100,359.396500
102.390,1,0.261671,1.409441,-0.226041,-0.137202,0.863510,-0.289971,-0.389158,37.414090,228.244200,359.187600
102.506,1,0.258766,1.406357,-0.226653,-0.138511,0.862900,-0.291500,-0.388905,37.647760,228.218000,359.109100
102.617,1,0.258009,1.407637,-0.226049,-0.135624,0.864223,-0.288263,-0.389397,37.147530,228.270700,359.286800
102.730,1,0.257550,1.407471,-0.224921,-0.135866,0.864446,-0.285660,-0.390732,36.873490,228.367700,359.164600
102.830,1,0.256263,1.406966,-0.225926,-0.134276,0.865648,-0.285115,-0.389014,36.733210,228.144700,359.239000
102.930,1,0.254226,1.405630,-0.226936,-0.134180,0.866582,-0.284358,-0.387520,36.643520,227.899000,359.131100
103.043,1,0.251954,1.407988,-0.225101,-0.132587,0.868768,-0.283851,-0.383526,36.505690,227.341700,359.098600
103.144,1,0.249792,1.424320,-0.217472,-0.127165,0.876279,-0.271709,-0.377014,34.894750,226.164100,358.743300
103.255,1,0.246824,1.447003,-0.205428,-0.119093,0.886161,-0.258823,-0.365441,33.076590,224.376400,358.502200
103.367,1,0.237948,1.474876,-0.185550,-0.105707,0.902613,-0.240833,-0.340759,30.450780,220.882600,358.225600
103.478,1,0.222953,1.492280,-0.165999,-0.095089,0.915169,-0.233339,-0.314607,29.138390,217.478500,358.213800
103.588,1,0.192392,1.508793,-0.138567,-0.072289,0.929250,-0.235193,-0.275597,28.486520,212.960700,359.692800
103.699,1,0.159243,1.517034,-0.117614,-0.056433,0.938741,-0.245556,-0.235124,29.180550,208.285600,0.624806
103.810,1,0.112083,1.523035,-0.090985,-0.043939,0.948773,-0.255812,-0.180167,30.082520,201.660900,0.582821
103.922,1,0.073745,1.527423,-0.070071,-0.042107,0.950263,-0.268303,-0.152449,31.517300,198.262200,0.119605
104.033,1,0.042702,1.530404,-0.059088,-0.033949,0.950650,-0.283453,-0.121516,33.173730,194.657100,0.297205
104.144,1,0.016091,1.532967,-0.058144,-0.031678,0.952723,-0.288054,-0.091321,33.687140,190.788900,359.466400
104.255,1,-0.004786,1.530688,-0.066278,-0.032580,0.951469,-0.296305,-0.076470,34.668940,188.827200,358.837800
104.366,1,-0.026033,1.527818,-0.085756,-0.023202,0.950618,-0.304236,-0.056820,35.525190,186.626100,359.328500
104.477,1,-0.038331,1.528339,-0.109757,-0.012793,0.953235,-0.299172,-0.040926,34.848590,184.919000,0.006868
104.588,1,-0.050102,1.527205,-0.148641,0.003564,0.953334,-0.301622,-0.012893,35.099690,181.872400,1.020574
104.700,1,-0.058917,1.529017,-0.177880,0.014725,0.951935,-0.305827,0.008608,35.627080,179.479600,1.605184
104.811,1,-0.068630,1.529001,-0.201529,0.018075,0.951905,-0.303777,0.035646,35.423960,175.997400,0.896892
104.917,1,-0.073112,1.532717,-0.212337,0.023428,0.949926,-0.307299,0.051566,35.890500,174.079100,0.906454
105.028,1,-0.077274,1.537345,-0.233178,0.028467,0.949914,-0.301289,0.077965,35.228360,170.774000,0.498196
105.140,1,-0.079993,1.534760,-0.247606,0.034891,0.945419,-0.306774,0.104188,35.967820,167.469500,0.145053
105.251,1,-0.087595,1.531669,-0.263310,0.044811,0.936866,-0.312916,0.149523,36.850000,161.634900,359.311700
105.363,1,-0.099283,1.531204,-0.278482,0.052983,0.928580,-0.307766,0.200531,36.357350,155.042700,358.218600
105.473,1,-0.117635,1.530523,-0.300584,0.063723,0.915650,-0.303608,0.255630,36.056030,147.913600,357.268500
105.585,1,-0.139561,1.532476,-0.331004,0.081218,0.899034,-0.300363,0.308098,36.165440,141.261600,357.227700
105.696,1,-0.158918,1.534274,-0.359561,0.090657,0.886421,-0.291766,0.347723,35.471830,136.212200,357.030700
105.807,1,-0.179924,1.535309,-0.390734,0.101707,0.870288,-0.285220,0.388465,35.132210,130.902400,356.876200
105.919,1,-0.191165,1.537346,-0.409498,0.109029,0.857257,-0.279550,0.418420,34.787310,126.938700,356.718800
106.030,1,-0.199720,1.538365,-0.429670,0.112791,0.841527,-0.271804,0.453028,34.031960,122.213800,356.095100
106.141,1,-0.201367,1.536205,-0.443428,0.115989,0.828358,-0.270456,0.476680,33.962290,118.775700,355.457900
106.252,1,-0.198772,1.535391,-0.450893,0.123046,0.816396,-0.270420,0.495208,34.291710,116.085700,355.354000
106.364,1,-0.194999,1.533186,-0.453245,0.131739,0.805173,-0.271117,0.510722,34.830870,113.805400,355.473200
106.476,1,-0.191252,1.534577,-0.454771,0.135592,0.799452,-0.267591,0.520468,34.680110,112.524200,355.693800
106.587,1,-0.186611,1.533814,-0.453015,0.140400,0.791946,-0.263721,0.532504,34.557470,110.899000,355.927600
106.698,1,-0.184218,1.532707,-0.447038,0.147083,0.782081,-0.260763,0.546551,34.656310,108.909000,356.167600
106.809,1,-0.182942,1.530855,-0.431175,0.154675,0.760611,-0.255770,0.576306,34.566590,104.408500,355.855900
106.920,1,-0.182904,1.529898,-0.411568,0.159893,0.739336,-0.250163,0.604347,34.275290,100.061500,355.422900
107.031,1,-0.181962,1.532238,-0.390261,0.166546,0.722852,-0.244716,0.624389,34.177990,96.977860,355.506200
107.143,1,-0.178338,1.534880,-0.365754,0.167123,0.709585,-0.236150,0.642490,33.359180,94.317610,355.449100
107.254,1,-0.174442,1.535914,-0.341353,0.169441,0.693834,-0.233094,0.659964,33.168680,91.384850,355.028500
107.366,1,-0.169331,1.539362,-0.307289,0.172475,0.673765,-0.230731,0.680483,33.069060,87.771420,354.412000
107.478,1,-0.165478,1.542429,-0.281731,0.173287,0.661488,-0.229302,0.692694,32.917470,85.572090,353.953900
107.588,1,-0.164013,1.543351,-0.251114,0.180908,0.647657,-0.228296,0.704055,33.398160,83.422920,354.009200
107.699,1,-0.166305,1.543023,-0.231305,0.187705,0.643720,-0.231717,0.704769,34.256460,82.996190,354.100400
107.810,1,-0.172602,1.543638,-0.211187,0.194364,0.646684,-0.235130,0.699097,35.160460,83.817540,354.569300
107.921,1,-0.179918,1.543830,-0.195821,0.194426,0.647005,-0.236179,0.698429,35.254060,83.872310,354.496300
108.032,1,-0.187074,1.544412,-0.182300,0.194619,0.646729,-0.236553,0.698504,35.299850,83.829090,354.463900
108.144,1,-0.193535,1.543845,-0.169410,0.195810,0.643785,-0.235780,0.701147,35.321720,83.356190,354.478000
108.255,1,-0.199535,1.543902,-0.159214,0.196182,0.641308,-0.235945,0.703255,35.349180,82.924080,354.354800
108.366,1,-0.206867,1.545389,-0.147023,0.195957,0.639067,-0.231432,0.706848,34.947350,82.542430,354.629800
108.478,1,-0.212191,1.546761,-0.138796,0.195279,0.637296,-0.227957,0.709757,34.593700,82.219770,354.794500
108.591,1,-0.217631,1.550569,-0.131197,0.191381,0.638179,-0.219314,0.712743,33.554760,82.262240,355.294900
108.699,1,-0.220722,1.563214,-0.128040,0.161590,0.649166,-0.187322,0.719293,28.402780,83.147970,356.109600
108.810,1,-0.227923,1.596400,-0.129160,0.078301,0.672976,-0.103486,0.728192,14.674230,85.140720,357.314500
108.922,1,-0.240868,1.628567,-0.133676,-0.002356,0.688180,-0.023191,0.725166,1.633279,86.971760,357.885800
109.035,1,-0.252413,1.647171,-0.136559,-0.051140,0.689845,0.022397,0.721802,353.988600,87.521980,357.797200
109.147,1,-0.259829,1.659389,-0.138371,-0.082320,0.685887,0.053525,0.721054,348.922400,87.338740,357.913100
109.259,1,-0.261344,1.663087,-0.138442,-0.089817,0.684543,0.063890,0.720592,347.472200,87.259820,358.186600
109.370,1,-0.259694,1.664499,-0.138380,-0.090413,0.687137,0.068470,0.717621,347.064100,87.686920,358.472500
109.482,1,-0.256784,1.664410,-0.138965,-0.088784,0.693052,0.067674,0.712192,347.275300,88.614030,358.433300
109.592,1,-0.254338,1.665248,-0.140399,-0.092961,0.696787,0.072764,0.707497,346.529700,89.311060,358.433400
109.704,1,-0.255293,1.670828,-0.146912,-0.099716,0.696937,0.082617,0.705344,345.177500,89.486100,358.669600
109.816,1,-0.260418,1.679385,-0.156852,-0.115571,0.694703,0.096731,0.703331,342.724400,89.516200,358.529400
109.927,1,-0.267275,1.694918,-0.170436,-0.131735,0.688964,0.111316,0.703977,340.192500,89.028720,358.489900
110.039,1,-0.270280,1.711337,-0.179781,-0.137976,0.685110,0.114816,0.705977,339.381800,88.581280,358.350400
110.150,1,-0.270777,1.740108,-0.188951,-0.146718,0.684842,0.118600,0.703846,338.347400,88.833000,357.903300
110.262,1,-0.268390,1.754429,-0.193824,-0.149641,0.684830,0.124754,0.702177,337.603100,88.932130,358.155500
110.372,1,-0.264334,1.752984,-0.197517,-0.147886,0.684149,0.125302,0.703114,337.702800,88.752810,358.380500
110.484,1,-0.260726,1.749496,-0.201916,-0.148109,0.686447,0.125303,0.700823,337.689600,89.150960,358.283800
110.595,1,-0.258483,1.743234,-0.204532,-0.148673,0.691013,0.124715,0.696307,337.703200,89.950780,358.031000
110.705,1,-0.256491,1.742282,-0.205840,-0.143637,0.691486,0.123353,0.697137,338.231200,89.849910,358.355100
110.817,1,-0.257788,1.742572,-0.208120,-0.146100,0.690007,0.127774,0.697294,337.661300,89.684750,358.548600
110.928,1,-0.260522,1.740759,-0.211983,-0.146026,0.692749,0.121915,0.695638,338.156300,90.151120,357.981100
111.039,1,-0.265182,1.735689,-0.213962,-0.146353,0.695185,0.125000,0.692585,337.881700,90.581470,358.123300
111.150,1,-0.269309,1.722895,-0.215375,-0.140135,0.694795,0.120261,0.695097,338.781300,90.292290,358.306900
111.261,1,-0.270157,1.707741,-0.216745,-0.130910,0.698103,0.106944,0.695757,340.641400,90.544740,357.937000
111.372,1,-0.264935,1.692581,-0.219195,-0.113444,0.706158,0.088329,0.693303,343.617400,91.377110,357.745500
111.482,1,-0.258117,1.675465,-0.222468,-0.100088,0.710924,0.075861,0.691965,345.736700,91.824680,357.793000
111.592,1,-0.253698,1.668740,-0.224832,-0.094822,0.709719,0.063032,0.695222,347.213700,91.491650,357.240400
111.703,1,-0.251795,1.666394,-0.225580,-0.095426,0.704652,0.065615,0.700039,346.933900,90.663570,357.492400
111.814,1,-0.247772,1.661342,-0.226009,-0.089170,0.703371,0.059389,0.702703,347.944200,90.314240,357.540100
111.925,1,-0.246861,1.659322,-0.223634,-0.085126,0.703760,0.054767,0.703190,348.649800,90.295070,357.498500
112.036,1,-0.249025,1.659971,-0.220214,-0.074502,0.706156,0.047554,0.702518,350.105300,90.489370,357.765800
112.147,1,-0.250877,1.658739,-0.217695,-0.067940,0.709165,0.040384,0.700598,351.229700,90.873270,357.693400
112.258,1,-0.249163,1.651633,-0.215752,-0.051567,0.711870,0.016506,0.700221,354.507400,91.084300,357.103400
112.369,1,-0.253366,1.641096,-0.208459,-0.050141,0.725485,0.003893,0.686398,355.728500,93.316220,356.124100
112.481,1,-0.255714,1.620855,-0.196038,-0.019339,0.752393,-0.031871,0.657659,1.290477,97.641310,355.926300
112.591,1,-0.253096,1.595072,-0.181059,-0.003180,0.772111,-0.044488,0.633921,3.707735,101.112400,356.477400
112.702,1,-0.248570,1.561669,-0.170283,0.005609,0.783140,-0.054918,0.619391,5.334180,103.159600,356.588600
112.813,1,-0.244212,1.526809,-0.169506,0.009255,0.779615,-0.064513,0.622859,6.437511,102.541000,356.195500
112.924,1,-0.239099,1.501673,-0.172217,0.012067,0.776568,-0.070284,0.625985,7.138548,102.006200,355.997900
113.035,1,-0.235098,1.486692,-0.172770,0.017377,0.765893,-0.069021,0.639017,7.350195,100.091900,356.439400
113.146,1,-0.237770,1.466988,-0.169697,0.023854,0.748944,-0.068430,0.658659,7.696386,97.128170,356.852400
113.257,1,-0.242772,1.446381,-0.168998,0.029186,0.739874,-0.066734,0.668791,7.919871,95.592870,357.333700
113.368,1,-0.245718,1.421354,-0.175140,0.027534,0.729219,-0.065924,0.680541,7.678921,93.762770,357.132800
113.480,1,-0.246503,1.396268,-0.180386,0.022670,0.726279,-0.063772,0.684060,7.102703,93.234570,356.862200
113.590,1,-0.242994,1.361445,-0.181223,0.017938,0.724429,-0.060716,0.686436,6.464962,92.898110,356.690300
113.702,1,-0.238304,1.339067,-0.173379,0.023157,0.719681,-0.062933,0.691059,7.041575,92.133960,356.901300
113.813,1,-0.237086,1.320756,-0.159761,0.022411,0.710010,-0.062781,0.701029,6.925145,90.532960,356.754700
113.924,1,-0.243746,1.293525,-0.147122,0.018463,0.713695,-0.056091,0.697963,6.075355,91.118010,357.005600
114.035,1,-0.246488,1.275014,-0.136912,0.021243,0.718751,-0.044630,0.693508,5.371917,91.963330,358.194600
114.146,1,-0.248497,1.260804,-0.126122,0.017823,0.714488,-0.044543,0.698001,5.079140,91.243770,357.887700
114.258,1,-0.247253,1.251015,-0.119977,0.010241,0.714694,-0.046347,0.697825,4.619588,91.252330,357.122000
114.368,1,-0.243046,1.236265,-0.110377,0.017902,0.715669,-0.048006,0.696558,5.373771,91.439220,357.625200
114.480,1,-0.241958,1.224520,-0.102973,0.016140,0.713024,-0.047108,0.699369,5.149413,90.996820,357.532700
114.590,1,-0.242639,1.204913,-0.096240,0.014188,0.711985,-0.048499,0.700374,5.102395,90.819670,357.253300
114.701,1,-0.245350,1.181926,-0.092000,0.016294,0.711193,-0.048234,0.701151,5.247448,90.697500,357.440900
114.813,1,-0.248015,1.155957,-0.088792,0.013321,0.710421,-0.047860,0.702021,4.974013,90.560820,357.222700
114.924,1,-0.248997,1.131988,-0.085936,0.015447,0.709665,-0.050867,0.702531,5.388060,90.444600,357.147500
115.035,1,-0.249439,1.116305,-0.083946,0.016350,0.709249,-0.050177,0.702980,5.403163,90.379940,357.273700
115.146,1,-0.250506,1.099681,-0.083391,0.014633,0.707627,-0.048900,0.704741,5.153899,90.109250,357.225300
115.257,1,-0.251401,1.088721,-0.084802,0.013594,0.706928,-0.049421,0.705426,5.109136,89.992110,357.093400
115.368,1,-0.251378,1.075293,-0.087708,0.013394,0.707504,-0.048289,0.704931,5.003326,90.085230,357.173200
115.480,1,-0.250756,1.064380,-0.089800,0.015490,0.707719,-0.051391,0.704452,5.426208,90.127360,357.093400
115.590,1,-0.251254,1.058121,-0.090855,0.018974,0.707424,-0.058865,0.704078,6.315518,90.093220,356.767500
115.702,1,-0.254523,1.069286,-0.088277,0.015381,0.706569,-0.054301,0.705390,5.649051,89.939640,356.839100
115.812,1,-0.260492,1.095461,-0.081131,0.014620,0.703413,-0.049931,0.708875,5.219495,89.425100,357.109300
115.924,1,-0.267920,1.137892,-0.069932,0.005403,0.696367,-0.039467,0.716579,3.595390,88.272480,357.183700
116.035,1,-0.272606,1.174728,-0.058029,0.001243,0.691781,-0.032539,0.721373,2.683138,87.540040,357.405100
116.147,1,-0.274404,1.217912,-0.042498,0.007105,0.686425,-0.031282,0.726493,3.053581,86.696590,357.951300
116.258,1,-0.274757,1.249241,-0.035827,0.011960,0.684218,-0.038309,0.728173,4.004819,86.355800,357.735000
116.369,1,-0.274853,1.293110,-0.035689,0.010511,0.688033,-0.042702,0.724346,4.243066,86.953510,357.275800
116.480,1,-0.273800,1.326101,-0.040113,0.009249,0.688281,-0.046134,0.723917,4.410201,86.989270,356.891700
116.591,1,-0.273411,1.337550,-0.047318,0.006165,0.693510,-0.044247,0.719061,4.027652,87.816180,356.834600
116.702,1,-0.269074,1.335003,-0.056065,0.009700,0.702394,-0.039649,0.710617,3.984365,89.247730,357.545300
116.813,1,-0.257840,1.327558,-0.063105,0.018512,0.703282,-0.051431,0.708807,5.657674,89.418270,357.300400
116.924,1,-0.244172,1.323822,-0.068941,0.022838,0.697992,-0.057792,0.713404,6.503426,88.582950,357.082200
117.036,1,-0.234020,1.320602,-0.072417,0.028620,0.696413,-0.064746,0.714142,7.530683,88.359510,356.957800
117.146,1,-0.223517,1.316582,-0.071977,0.030341,0.693590,-0.064637,0.716822,7.652323,87.916990,357.074800
117.257,1,-0.215898,1.314076,-0.070721,0.034372,0.692917,-0.070107,0.716777,8.420148,87.835110,356.936300
117.368,1,-0.204888,1.310615,-0.068272,0.037287,0.694159,-0.068730,0.715562,8.556342,88.058240,357.299300
117.480,1,-0.188063,1.307911,-0.066431,0.038610,0.699282,-0.065879,0.710755,8.454356,88.897810,357.702700
117.591,1,-0.165368,1.303153,-0.064021,0.042018,0.702769,-0.064325,0.707258,8.617986,89.495720,358.149300
117.702,1,-0.142961,1.300102,-0.062480,0.043775,0.701919,-0.072175,0.707237,9.395103,89.373580,357.639400
117.814,1,-0.126015,1.299191,-0.062647,0.042056,0.703824,-0.074423,0.705213,9.443639,89.667340,357.340700
117.925,1,-0.106446,1.297254,-0.060906,0.042300,0.703443,-0.075634,0.705449,9.560533,89.607350,357.256500
118.036,1,-0.092187,1.295577,-0.059017,0.044876,0.703425,-0.077435,0.705112,9.917154,89.630170,357.319600
118.147,1,-0.077256,1.293341,-0.056312,0.047693,0.702767,-0.078100,0.705510,10.199050,89.552400,357.486200
118.259,1,-0.067586,1.291713,-0.055309,0.049380,0.703223,-0.079030,0.704836,10.414060,89.645930,357.555100
118.370,1,-0.056755,1.289463,-0.054588,0.049201,0.702881,-0.082154,0.704832,10.652160,89.587460,357.279600
118.481,1,-0.048895,1.287690,-0.054270,0.049453,0.703853,-0.084111,0.703612,10.835810,89.749720,357.155100
118.592,1,-0.042079,1.286513,-0.053508,0.050443,0.704829,-0.084006,0.702578,10.911960,89.921550,357.260300
118.703,1,-0.036050,1.285834,-0.052151,0.049843,0.705329,-0.084577,0.702049,10.911620,89.996940,357.172100
118.814,1,-0.029869,1.285620,-0.049889,0.050770,0.705642,-0.087429,0.701318,11.221340,90.059430,357.020800
118.926,1,-0.019092,1.286860,-0.043486,0.051429,0.704653,-0.084339,0.702643,11.018830,89.904300,357.311500
119.037,1,-0.006521,1.286175,-0.035689,0.052540,0.702136,-0.084573,0.705048,11.119190,89.504220,357.343600
119.148,1,0.016692,1.283027,-0.023457,0.055222,0.698966,-0.085167,0.707915,11.375690,89.018380,357.463600
119.259,1,0.040648,1.278610,-0.010783,0.059075,0.695016,-0.091174,0.710739,12.163860,88.421650,357.215700
119.370,1,0.071074,1.275231,0.012762,0.059875,0.679892,-0.100559,0.723913,12.910350,85.980550,356.224900
119.481,1,0.094144,1.274769,0.038227,0.059076,0.666144,-0.101680,0.736494,12.855040,83.786300,355.819700
119.592,1,0.113421,1.273946,0.060439,0.062791,0.657445,-0.098677,0.744369,12.898820,82.475490,356.215400
119.704,1,0.130660,1.272401,0.075269,0.068468,0.655097,-0.098804,0.745921,13.391020,82.182500,356.600100
119.815,1,0.141564,1.271591,0.080107,0.071683,0.656372,-0.099671,0.744382,13.742680,82.423460,356.796400
119.926,1,0.149566,1.272845,0.072237,0.071882,0.670997,-0.100876,0.731040,13.914440,84.727810,356.986800
120.037,1,0.151402,1.275151,0.052766,0.070502,0.691483,-0.104196,0.711354,14.146560,88.004700,357.000600
120.148,1,0.147065,1.280683,0.015852,0.060585,0.728220,-0.115628,0.672796,14.473290,94.024180,356.011400
120.259,1,0.139725,1.285406,-0.015698,0.057004,0.759191,-0.121191,0.636940,14.870250,99.483200,355.975800
120.370,1,0.124689,1.292364,-0.052860,0.052458,0.793772,-0.127003,0.592490,15.294750,105.986200,356.004100
120.481,1,0.108062,1.298875,-0.080656,0.048748,0.819667,-0.127182,0.556413,15.232870,111.170700,356.338600
120.592,1,0.090036,1.301878,-0.103338,0.045999,0.839046,-0.131003,0.526046,15.558980,115.334900,356.391200
120.703,1,0.071334,1.301913,-0.122430,0.043359,0.856351,-0.132432,0.497237,15.660450,119.246700,356.580100
120.814,1,0.056646,1.300012,-0.136118,0.042272,0.868549,-0.134309,0.475181,15.871510,122.183700,356.769100
120.925,1,0.040662,1.294406,-0.151815,0.042657,0.878769,-0.142195,0.453571,16.774680,124.922600,356.765600
121.036,1,0.028915,1.289965,-0.164170,0.044343,0.885657,-0.145556,0.438702,17.261370,126.849700,357.048800
121.147,1,0.014084,1.285568,-0.179266,0.047037,0.893056,-0.149035,0.421932,17.811510,129.028500,357.486500
121.259,1,0.002802,1.284445,-0.190565,0.043665,0.896800,-0.152976,0.412846,18.085280,130.100900,357.106000
121.369,1,-0.011135,1.283205,-0.204535,0.040504,0.901182,-0.155305,0.402630,18.211910,131.348100,356.858400
121.481,1,-0.022255,1.281231,-0.217110,0.037259,0.905076,-0.158729,0.392752,18.456910,132.521500,356.540600
121.592,1,-0.031818,1.279298,-0.227625,0.034053,0.906947,-0.164869,0.386143,18.987030,133.210100,356.024600
121.702,1,-0.039368,1.280192,-0.232456,0.029724,0.905512,-0.170365,0.387480,19.364130,132.855100,355.245600
121.813,1,-0.044696,1.283796,-0.229319,0.030737,0.901921,-0.168047,0.396678,19.118010,131.722200,355.272100
121.925,1,-0.049061,1.288683,-0.219355,0.031997,0.892918,-0.165982,0.417281,18.851690,129.085000,355.066800
122.036,1,-0.056801,1.291757,-0.208720,0.034207,0.883588,-0.164767,0.436983,18.727510,126.535000,354.938700
122.147,1,-0.073796,1.295250,-0.194654,0.034928,0.870592,-0.163777,0.462631,18.510800,123.132500,354.510100
122.258,1,-0.091854,1.298689,-0.183217,0.036751,0.862946,-0.163695,0.476632,18.514990,121.259200,354.395000
122.368,1,-0.117043,1.306355,-0.167367,0.036169,0.849293,-0.154751,0.503434,17.414060,117.813700,354.323600
122.480,1,-0.133386,1.309820,-0.161219,0.033932,0.844665,-0.148723,0.513099,16.622350,116.611700,354.292300
122.590,1,-0.147169,1.310918,-0.160002,0.036556,0.839719,-0.151159,0.520276,16.971820,115.577400,354.245800
122.701,1,-0.153994,1.311056,-0.164800,0.037259,0.839847,-0.147840,0.520972,16.687260,115.571700,354.521200
122.812,1,-0.157093,1.307365,-0.171569,0.034478,0.838412,-0.153728,0.521770,17.082850,115.283100,353.837800
122.924,1,-0.157922,1.304883,-0.178806,0.033892,0.838179,-0.158029,0.520898,17.470860,115.282800,353.509800
123.035,1,-0.157272,1.302390,-0.184275,0.035149,0.838829,-0.158178,0.519722,17.572030,115.454400,353.649500
123.146,1,-0.153848,1.297236,-0.190089,0.037313,0.838033,-0.161770,0.519748,18.054650,115.371300,353.621900
123.257,1,-0.151072,1.294476,-0.194718,0.037441,0.836566,-0.166280,0.520679,18.493550,115.113000,353.308000
123.368,1,-0.149138,1.291031,-0.201732,0.036547,0.837309,-0.169342,0.518557,18.752830,115.311500,353.059400
123.479,1,-0.148332,1.285671,-0.205810,0.037583,0.838495,-0.170733,0.516105,18.972230,115.624100,353.124700
123.590,1,-0.146301,1.274842,-0.208960,0.041144,0.839813,-0.169724,0.514019,19.109240,115.982600,353.597000
123.702,1,-0.142691,1.262988,-0.212144,0.043147,0.840810,-0.167550,0.512937,19.027370,116.217700,353.968900
123.812,1,-0.137016,1.250401,-0.217255,0.044706,0.840206,-0.174231,0.511565,19.786740,116.230600,353.707300
123.924,1,-0.131434,1.238247,-0.223684,0.046512,0.840666,-0.179840,0.508699,20.468480,116.482200,353.579300
124.036,1,-0.126768,1.224800,-0.229351,0.050062,0.842184,-0.181251,0.505340,20.847930,116.951300,353.927300
124.146,1,-0.119135,1.200313,-0.237263,0.057412,0.843402,-0.188155,0.499974,22.011350,117.580500,354.348300
124.257,1,-0.112486,1.176000,-0.243871,0.062433,0.842541,-0.199392,0.496458,23.452110,117.777800,354.195900
124.368,1,-0.104218,1.141006,-0.252240,0.068579,0.841864,-0.212071,0.491517,25.118080,118.129000,354.104300
124.480,1,-0.097660,1.116110,-0.258067,0.072701,0.841923,-0.220375,0.487149,26.225850,118.514600,354.094700
124.590,1,-0.089835,1.087770,-0.264758,0.076782,0.839909,-0.232105,0.484546,27.665120,118.505700,353.780600
124.702,1,-0.083733,1.066522,-0.270849,0.079415,0.840393,-0.239031,0.479893,28.553710,118.947200,353.729400
124.812,1,-0.077710,1.047944,-0.275329,0.081734,0.840256,-0.244961,0.476743,29.313750,119.202300,353.665100
124.924,1,-0.070434,1.030106,-0.278845,0.083450,0.841143,-0.249523,0.472496,29.909310,119.662000,353.680700
125.035,1,-0.057738,1.021160,-0.280502,0.083047,0.841272,-0.256120,0.468793,30.583740,119.910000,353.302400
125.146,1,-0.032458,1.017650,-0.285315,0.088483,0.845922,-0.251449,0.461909,30.474440,121.228200,354.500800
125.257,1,-0.006700,1.021359,-0.291935,0.095862,0.850520,-0.253057,0.450987,31.126220,122.913700,355.632800
125.368,1,0.025719,1.041553,-0.299977,0.092468,0.853844,-0.258154,0.442443,31.511580,123.876100,355.254500
125.480,1,0.046263,1.058805,-0.307521,0.083369,0.858489,-0.253412,0.437982,30.539420,124.506000,354.748000
125.591,1,0.064189,1.071501,-0.326377,0.086421,0.863553,-0.257869,0.424631,31.249220,126.321600,355.320900
125.702,1,0.076081,1.081092,-0.346756,0.084355,0.870231,-0.259747,0.410016,31.416410,128.292800,355.552100
125.813,1,0.093536,1.085692,-0.373321,0.072754,0.873715,-0.259496,0.404958,30.822160,128.734900,354.451100
125.925,1,0.109357,1.079314,-0.404232,0.072883,0.874565,-0.265369,0.399253,31.490870,129.322100,354.318600
126.036,1,0.122938,1.073971,-0.434199,0.071669,0.875994,-0.273158,0.391003,32.317770,130.158300,354.019700
126.147,1,0.135160,1.072940,-0.469037,0.075735,0.877535,-0.280183,0.381698,33.336650,131.318700,354.438300
126.258,1,0.143221,1.075277,-0.492024,0.070934,0.878470,-0.281310,0.379635,33.237020,131.432500,353.894300
126.369,1,0.152533,1.079613,-0.518648,0.068355,0.878197,-0.282910,0.379553,33.284050,131.306300,353.495500
126.480,1,0.159643,1.084965,-0.538890,0.070454,0.878102,-0.280568,0.381124,33.122990,131.236400,353.822000
126.591,1,0.165803,1.090788,-0.556325,0.067185,0.877705,-0.275924,0.385988,32.426980,130.640800,353.533000
126.702,1,0.171686,1.095828,-0.571534,0.062345,0.875749,-0.275117,0.391776,32.053920,129.722600,352.790100
126.813,1,0.177034,1.103128,-0.584272,0.060475,0.874607,-0.271525,0.397088,31.532550,129.068700,352.594800
126.925,1,0.182239,1.112299,-0.593033,0.057440,0.873088,-0.267571,0.403515,30.902720,128.246200,352.254700
127.036,1,0.186618,1.119123,-0.598483,0.053408,0.869899,-0.265025,0.412535,30.341630,126.980800,351.622100
127.147,1,0.192531,1.129644,-0.605203,0.048939,0.866551,-0.266499,0.419134,30.191660,125.882000,350.773900
127.258,1,0.198569,1.143161,-0.608731,0.044978,0.863000,-0.262763,0.429144,29.480870,124.541100,350.218500
127.369,1,0.205264,1.166059,-0.611278,0.041198,0.859926,-0.251892,0.442020,28.010790,123.116000,350.097500
127.480,1,0.209893,1.183555,-0.613797,0.038816,0.857794,-0.242969,0.451274,26.863540,122.144200,350.144100
127.591,1,0.214254,1.194567,-0.616783,0.038191,0.855879,-0.237553,0.457800,26.206100,121.438900,350.237800
127.703,1,0.218949,1.199592,-0.619137,0.036210,0.852495,-0.237143,0.464439,25.973920,120.488500,349.842700
127.814,1,0.224116,1.202341,-0.619755,0.035547,0.847571,-0.240391,0.471775,26.170080,119.304900,349.304600
127.925,1,0.229045,1.207532,-0.617201,0.035653,0.845970,-0.235753,0.476953,25.651140,118.770800,349.481400
128.036,1,0.233983,1.216366,-0.610641,0.037434,0.841605,-0.235018,0.484837,25.587130,117.710400,349.466600
128.147,1,0.241100,1.245095,-0.592762,0.030964,0.834570,-0.217682,0.505122,23.242430,115.455800,349.450400
128.259,1,0.246468,1.277012,-0.569536,0.024356,0.823536,-0.200426,0.530117,20.851020,112.499300,349.370200
128.369,1,0.251058,1.320554,-0.526105,0.018064,0.801730,-0.177930,0.570301,17.812740,107.494000,349.470400
128.481,1,0.251777,1.356380,-0.475852,0.012026,0.776124,-0.159931,0.609843,15.243400,102.269100,349.465300
128.592,1,0.247354,1.388502,-0.417928,0.012151,0.750750,-0.145711,0.644201,13.558660,97.539110,349.959200
128.703,1,0.237586,1.415364,-0.352707,0.015409,0.727858,-0.129696,0.673175,12.095730,93.519670,351.046100
128.814,1,0.225588,1.430838,-0.295550,0.020180,0.719377,-0.122095,0.683507,11.727190,92.096660,351.905200
128.925,1,0.207283,1.442307,-0.231510,0.030314,0.735927,-0.138551,0.662040,14.126610,95.029280,351.769000
129.036,1,0.187014,1.448581,-0.192926,0.048044,0.771132,-0.183924,0.607634,20.001590,101.908700,350.850500
129.147,1,0.154062,1.465650,-0.144610,0.057859,0.812728,-0.225268,0.534209,25.339540,111.262400,350.662900
129.257,1,0.124508,1.478137,-0.109328,0.060615,0.832065,-0.251162,0.490828,28.520210,116.497100,350.456100
129.368,1,0.083607,1.491333,-0.076159,0.065559,0.853399,-0.281022,0.434096,32.450160,123.452600,350.994700
129.479,1,0.052407,1.502412,-0.059316,0.066750,0.867347,-0.292988,0.396751,34.139550,128.345800,351.894700
129.589,1,0.013148,1.516961,-0.044996,0.065344,0.874564,-0.313606,0.364032,36.591880,132.097900,351.835100
129.700,1,-0.020358,1.526960,-0.038130,0.054034,0.887475,-0.314350,0.332645,36.434540,136.239200,351.909600
129.810,1,-0.048155,1.530367,-0.025726,0.053343,0.899059,-0.310815,0.303714,36.248190,140.501900,353.386600
129.922,1,-0.064847,1.532256,-0.006031,0.049877,0.904946,-0.315808,0.280803,36.840560,143.439600,353.752900
130.033,1,-0.071255,1.527302,0.019161,0.053665,0.905738,-0.339984,0.247326,39.972340,147.520100,354.687000
130.145,1,-0.069374,1.521265,0.055415,0.047268,0.910819,-0.351705,0.210900,41.346880,152.130400,355.244000
130.257,1,-0.061417,1.524913,0.092995,0.034256,0.917811,-0.346728,0.190342,40.504060,154.642100,354.784900
130.366,1,-0.052649,1.526798,0.144515,0.024070,0.923727,-0.340379,0.174041,39.584350,156.675300,354.489200
130.480,1,-0.048424,1.529571,0.177662,0.015351,0.927899,-0.334463,0.164018,38.735860,157.848700,354.022800
130.588,1,-0.047618,1.536943,0.215874,0.013044,0.933390,-0.325213,0.151162,37.665010,159.771900,354.638300
130.701,1,-0.047576,1.545757,0.240418,0.002687,0.942287,-0.307329,0.132807,35.443330,162.230700,354.607300
130.812,1,-0.044132,1.550833,0.256028,-0.002574,0.948036,-0.296209,0.116110,34.127420,164.467000,354.894400
130.923,1,-0.037140,1.551722,0.264423,-0.005922,0.949938,-0.293190,0.107811,33.762210,165.489600,354.860800
131.032,1,-0.029060,1.552149,0.267296,-0.004100,0.950763,-0.290907,0.106798,33.524320,165.731700,355.188000
131.143,1,-0.023336,1.552498,0.265460,-0.002504,0.951281,-0.289877,0.105017,33.434540,166.044900,355.488100
131.254,1,-0.021005,1.552658,0.258603,-0.002269,0.952260,-0.287909,0.101507,33.220870,166.546800,355.696800
131.365,1,-0.020936,1.552275,0.244213,-0.002225,0.952363,-0.287520,0.101642,33.174800,166.536300,355.705000
131.477,1,-0.023549,1.554129,0.233613,-0.001995,0.952994,-0.282464,0.109599,32.543250,165.573300,355.528700
131.587,1,-0.029019,1.559243,0.220677,-0.002946,0.953562,-0.274622,0.123668,31.534350,163.822600,355.050100
131.698,1,-0.031598,1.563519,0.218303,-0.003009,0.956650,-0.259649,0.131889,29.735250,162.997800,355.094900
131.809,1,-0.031564,1.570061,0.237420,-0.005948,0.962816,-0.239572,0.124719,27.377080,164.117700,355.400300
131.920,1,-0.025166,1.585143,0.268987,-0.004644,0.974139,-0.195729,0.112791,22.351440,166.139200,356.702400
132.032,1,-0.010929,1.594209,0.308797,-0.009909,0.982176,-0.161378,0.095862,18.367080,168.358600,356.955500
132.144,1,0.010744,1.600526,0.352095,-0.014430,0.987264,-0.139979,0.074211,15.917340,170.991900,357.063300
132.256,1,0.032473,1.607486,0.390428,-0.020657,0.991082,-0.119156,0.055967,13.525230,173.156200,356.799500
132.367,1,0.061710,1.612834,0.437273,-0.024390,0.994211,-0.099536,0.032286,11.323280,175.961600,356.788900
132.479,1,0.081264,1.615469,0.469267,-0.027324,0.994887,-0.096225,0.013903,10.994010,178.078100,356.668600
132.589,1,0.099018,1.618000,0.506419,-0.024114,0.995202,-0.094185,-0.010987,10.835910,181.010800,357.319800
132.701,1,0.107480,1.621170,0.535519,-0.029489,0.995292,-0.088996,-0.024565,10.288360,182.542600,356.834700
132.811,1,0.111121,1.622711,0.558769,-0.030119,0.995612,-0.082026,-0.033482,9.517475,183.588500,356.833300
132.923,1,0.113297,1.624050,0.578292,-0.034889,0.995537,-0.079412,-0.037192,9.248113,183.980200,356.307800
133.033,1,0.116421,1.624776,0.594133,-0.035059,0.995677,-0.073915,-0.043984,8.642916,184.781300,356.328300
133.145,1,0.118949,1.624099,0.606998,-0.033271,0.995706,-0.071295,-0.048781,8.350213,185.358600,356.563800
133.256,1,0.120265,1.624797,0.616837,-0.032190,0.995976,-0.066843,-0.050272,7.838663,185.551400,356.678300
133.367,1,0.120734,1.625324,0.628634,-0.030598,0.996249,-0.062996,-0.050820,7.390419,185.636700,356.845900
133.478,1,0.120395,1.625988,0.636620,-0.031762,0.996705,-0.056711,-0.048524,6.668880,185.380000,356.663200
133.589,1,0.119535,1.626483,0.645261,-0.032622,0.997208,-0.051929,-0.042604,6.104765,184.706300,356.503800
133.701,1,0.118034,1.626542,0.650215,-0.033470,0.997548,-0.046991,-0.039614,5.532136,184.372600,356.368000
133.811,1,0.116682,1.626780,0.652408,-0.036025,0.997548,-0.043352,-0.041492,5.133729,184.587300,356.069200
133.923,1,0.116670,1.627183,0.652301,-0.037257,0.997517,-0.043387,-0.041098,5.141758,184.535600,355.925800
134.034,1,0.117561,1.627922,0.652802,-0.037223,0.997784,-0.038532,-0.039469,4.578919,184.366600,355.901700
134.145,1,0.117745,1.628654,0.652060,-0.036591,0.997890,-0.035517,-0.040198,4.233710,184.464300,355.965100
134.256,1,0.118270,1.628044,0.649047,-0.037374,0.997786,-0.038030,-0.039760,4.523197,184.401300,355.883700
134.368,1,0.119279,1.627810,0.643510,-0.036795,0.997722,-0.040467,-0.039481,4.798725,184.362800,355.958700
134.479,1,0.120279,1.626247,0.636333,-0.036735,0.997410,-0.046396,-0.040881,5.483328,184.502300,355.997100
134.589,1,0.121013,1.623473,0.620491,-0.033636,0.996623,-0.057600,-0.047888,6.778507,185.291400,356.447700
134.701,1,0.119882,1.621887,0.599805,-0.032316,0.995730,-0.069262,-0.051780,8.121900,185.718500,356.688600
134.811,1,0.117965,1.620056,0.570977,-0.032853,0.994941,-0.079053,-0.052567,9.251021,185.780500,356.685600
134.923,1,0.115037,1.616260,0.533888,-0.035108,0.993746,-0.092530,-0.051719,10.808880,185.626000,356.486000
135.033,1,0.110673,1.609631,0.489354,-0.038560,0.992217,-0.108507,-0.047384,12.649080,185.036600,356.107500
135.145,1,0.103833,1.602981,0.439513,-0.045002,0.989944,-0.126471,-0.044616,14.738810,184.563900,355.384900
135.256,1,0.095708,1.599000,0.389474,-0.047948,0.988087,-0.139125,-0.045060,16.215760,184.521900,355.088200
135.367,1,0.084067,1.591040,0.323351,-0.051169,0.984388,-0.162988,-0.042397,18.979290,184.050200,354.726100
135.478,1,0.076432,1.581325,0.276034,-0.052439,0.979583,-0.190896,-0.035021,22.189460,183.008100,354.461600
135.589,1,0.069234,1.565924,0.224695,-0.053380,0.971879,-0.228629,-0.018160,26.509050,180.697200,353.876600
135.700,1,0.063284,1.555080,0.192932,-0.052958,0.966506,-0.250857,-0.011554,29.086700,179.722300,353.655300
135.810,1,0.056660,1.542241,0.159277,-0.052393,0.960788,-0.272206,-0.006737,31.585530,178.952200,353.461000
135.922,1,0.052245,1.531754,0.135194,-0.052986,0.956757,-0.286000,-0.003581,33.205490,178.393600,353.181300
136.033,1,0.048996,1.522637,0.115775,-0.053110,0.953901,-0.295377,-0.002003,34.314460,178.088200,353.036200
136.144,1,0.047353,1.514137,0.100396,-0.052874,0.950675,-0.305649,-0.000082,35.531790,177.734800,352.907500
136.255,1,0.046527,1.509200,0.090143,-0.053110,0.948484,-0.312330,0.002908,36.311160,177.247800,352.687500
136.366,1,0.046993,1.504310,0.080768,-0.050211,0.947067,-0.317072,0.002896,36.890400,177.324900,353.037900
136.477,1,0.047812,1.501105,0.075707,-0.049272,0.945477,-0.321885,0.006021,37.450520,176.887500,352.978400
136.588,1,0.048512,1.498053,0.071498,-0.048819,0.944202,-0.325643,0.007468,37.894950,176.665700,352.935500
136.699,1,0.048700,1.496794,0.069793,-0.049240,0.943753,-0.326851,0.008684,38.030210,176.464200,352.807800
136.810,1,0.047618,1.496171,0.068380,-0.049973,0.943814,-0.326599,0.007135,38.008980,176.645000,352.782500
136.921,1,0.046726,1.495252,0.067439,-0.050626,0.943380,-0.327760,0.006676,38.150420,176.662400,352.702000
137.032,1,0.046014,1.495041,0.066574,-0.051247,0.943216,-0.328111,0.007848,38.181480,176.467400,352.557200
137.143,1,0.044900,1.495234,0.065942,-0.051801,0.943103,-0.328350,0.007684,38.209550,176.460400,352.485900
137.255,1,0.043503,1.496607,0.065341,-0.052599,0.943745,-0.326402,0.006392,37.981540,176.625100,352.458200
137.365,1,0.041453,1.498558,0.065207,-0.053540,0.944529,-0.323994,0.005074,37.698070,176.792000,352.416000
137.478,1,0.039867,1.501274,0.066032,-0.054694,0.945408,-0.321220,0.005510,37.355980,176.714400,352.267000
137.588,1,0.037337,1.506672,0.068651,-0.055997,0.947458,-0.314881,0.006158,36.582720,176.649200,352.127300
137.699,1,0.035031,1.511313,0.070699,-0.058226,0.949338,-0.308724,0.007522,35.823600,176.448100,351.832100
137.810,1,0.031369,1.515425,0.072171,-0.061078,0.950839,-0.303517,0.007178,35.191810,176.441300,351.520200
137.921,1,0.028425,1.515362,0.069063,-0.060753,0.951153,-0.302649,0.004667,35.111070,176.800900,351.678300
138.032,1,0.026859,1.507903,0.055174,-0.059999,0.950358,-0.305282,0.004755,35.428310,176.786900,351.748500
138.143,1,0.027429,1.493114,0.032899,-0.058509,0.948213,-0.312138,0.006229,36.243450,176.563900,351.813400
138.255,1,0.028727,1.478170,0.011923,-0.053861,0.945570,-0.320772,0.010094,37.267540,176.134900,352.176000
138.366,1,0.031298,1.459961,-0.011101,-0.052245,0.941225,-0.333357,0.015480,38.749070,175.294900,351.990400
138.477,1,0.034741,1.447476,-0.025549,-0.051203,0.938817,-0.340054,0.019068,39.534610,174.745800,351.867000
138.588,1,0.040504,1.433513,-0.042369,-0.049359,0.936894,-0.345343,0.023060,40.152370,174.195400,351.845500
138.699,1,0.043879,1.423050,-0.054965,-0.045891,0.936650,-0.346536,0.022216,40.325360,174.473500,352.359500
138.810,1,0.045449,1.406215,-0.072561,-0.042136,0.937938,-0.343550,0.021710,39.987990,174.782300,352.956000
138.922,1,0.045238,1.383934,-0.089811,-0.038066,0.937764,-0.344514,0.021466,40.128980,175.011300,353.527900
139.033,1,0.044403,1.363352,-0.107468,-0.035970,0.938182,-0.343430,0.024040,39.991140,174.771800,353.705100
139.145,1,0.044406,1.348022,-0.121962,-0.038430,0.938835,-0.341059,0.028133,39.660250,174.107200,353.185300
139.255,1,0.044461,1.341025,-0.130210,-0.038405,0.938365,-0.342198,0.029935,39.785470,173.839600,353.081600
139.367,1,0.044541,1.337266,-0.134440,-0.036122,0.936907,-0.346525,0.028641,40.334950,174.073800,353.405900
139.478,1,0.044485,1.333940,-0.136616,-0.034376,0.937269,-0.345812,0.027561,40.266460,174.326100,353.717400
139.588,1,0.044292,1.331230,-0.139138,-0.033322,0.937335,-0.345752,0.027353,40.266790,174.410600,353.877400
139.700,1,0.044212,1.328392,-0.140857,-0.033465,0.937742,-0.344551,0.028357,40.113350,174.278400,353.821900
139.811,1,0.043937,1.323304,-0.143509,-0.032270,0.937601,-0.345056,0.028286,40.182470,174.342800,353.986900
139.922,1,0.043871,1.319872,-0.146042,-0.032253,0.937788,-0.344469,0.029230,40.105080,174.218900,353.948700
140.033,1,0.043848,1.315829,-0.149062,-0.031905,0.938609,-0.342180,0.030131,39.823470,174.141200,353.982500
140.144,1,0.043707,1.311318,-0.153051,-0.032430,0.939034,-0.340912,0.030699,39.662520,174.052400,353.897400
140.256,1,0.043640,1.306967,-0.156804,-0.032382,0.939428,-0.339843,0.030543,39.534190,174.091200,353.926500
140.366,1,0.043502,1.304796,-0.159883,-0.032459,0.938732,-0.341722,0.030906,39.759300,174.011000,353.872000
140.478,1,0.043138,1.310944,-0.156482,-0.032457,0.939435,-0.339804,0.030674,39.528130,174.069800,353.910000
140.588,1,0.043149,1.330498,-0.141955,-0.034134,0.942555,-0.330955,0.029887,38.451120,174.215200,353.833000
140.700,1,0.045872,1.352775,-0.121961,-0.034950,0.946842,-0.318315,0.030731,36.915750,174.225400,353.843200
140.811,1,0.050346,1.378863,-0.093274,-0.031233,0.951043,-0.306276,0.027138,35.511670,175.013700,354.640500
140.922,1,0.055816,1.411577,-0.052769,-0.027994,0.955542,-0.292840,0.020000,33.953650,176.224700,355.490800
141.033,1,0.061847,1.447433,-0.001506,-0.029214,0.960367,-0.277081,0.008260,32.121520,177.830900,355.890700
141.144,1,0.071243,1.479402,0.057987,-0.031521,0.960268,-0.277119,-0.009839,32.197380,180.096500,356.267700
141.255,1,0.083592,1.502990,0.110587,-0.031710,0.959782,-0.277851,-0.024732,32.338530,182.024900,356.802600
141.366,1,0.100788,1.527107,0.172311,-0.030735,0.963088,-0.264607,-0.038744,30.801180,183.896000,357.417800
141.477,1,0.112282,1.539938,0.211525,-0.032961,0.965832,-0.252647,-0.047463,29.416710,184.941100,357.388600
141.588,1,0.125676,1.550268,0.249401,-0.035962,0.967588,-0.245210,-0.048509,28.555690,184.979300,357.010800
141.699,1,0.134212,1.554695,0.269384,-0.038080,0.969399,-0.237302,-0.050028,27.638410,185.111100,356.759000
141.810,1,0.141906,1.557708,0.283935,-0.041267,0.970191,-0.233519,-0.049957,27.209150,185.009700,356.341900
141.921,1,0.146650,1.559626,0.288423,-0.043628,0.971522,-0.226845,-0.052757,26.447260,185.300700,356.104000
142.032,1,0.151280,1.559989,0.289547,-0.043219,0.971533,-0.226964,-0.052372,26.457450,185.264500,356.144100
142.144,1,0.154028,1.560949,0.289784,-0.042477,0.971936,-0.225810,-0.050461,26.310340,185.050000,356.176200
142.255,1,0.154099,1.561061,0.289172,-0.042004,0.972041,-0.225117,-0.051916,26.232000,185.246000,356.274400
142.366,1,0.152549,1.560313,0.286768,-0.042028,0.971584,-0.226756,-0.053290,26.429990,185.414100,356.318500
142.477,1,0.151421,1.560831,0.283994,-0.041630,0.972483,-0.223395,-0.051376,26.025560,185.192500,356.298400
142.587,1,0.150824,1.560906,0.278153,-0.040188,0.973160,-0.221284,-0.048773,25.760470,184.913700,356.394700
142.699,1,0.151230,1.560367,0.269540,-0.037220,0.973553,-0.220747,-0.045599,25.671630,184.604500,356.670900
142.810,1,0.153207,1.559253,0.249966,-0.032990,0.974937,-0.216803,-0.037494,25.164150,183.725100,356.955700
142.921,1,0.157909,1.554196,0.219123,-0.027867,0.977623,-0.206281,-0.030426,23.892770,183.008900,357.371200
143.032,1,0.163796,1.543468,0.177441,-0.020676,0.978772,-0.202395,-0.024781,23.404570,182.506800,358.099000
143.144,1,0.164783,1.528051,0.130703,-0.015913,0.978543,-0.204500,-0.019490,23.630950,181.978900,358.550700
143.255,1,0.160636,1.513396,0.092788,-0.015825,0.978122,-0.206681,-0.017603,23.883380,181.748200,358.516000
143.367,1,0.153232,1.497083,0.055967,-0.018789,0.976332,-0.214513,-0.020173,24.811240,181.978000,358.230200
143.478,1,0.147666,1.490417,0.037381,-0.020809,0.976198,-0.214562,-0.023821,24.828310,182.373000,358.080100
143.588,1,0.141267,1.488140,0.024203,-0.021114,0.976991,-0.210270,-0.028810,24.335550,182.982900,358.167200
143.700,1,0.136735,1.490231,0.022033,-0.022529,0.977063,-0.209446,-0.031189,24.248090,183.238600,358.054200
143.811,1,0.134725,1.498077,0.031013,-0.023695,0.978055,-0.204092,-0.034553,23.632140,183.624600,357.982900
143.922,1,0.136405,1.513242,0.053986,-0.023651,0.980200,-0.192989,-0.037460,22.340370,183.986800,358.023100
144.033,1,0.142647,1.531733,0.090809,-0.027521,0.982256,-0.180836,-0.041412,20.948800,184.384800,357.601300
144.144,1,0.154587,1.548952,0.137960,-0.029450,0.982465,-0.178666,-0.044434,20.712810,184.708900,357.427100
144.255,1,0.170469,1.559646,0.181942,-0.029739,0.981134,-0.187668,-0.035673,21.738800,183.631700,357.225300
144.366,1,0.191094,1.570842,0.235657,-0.029352,0.980673,-0.191992,-0.023608,22.206630,182.168500,356.996900
144.478,1,0.205899,1.576921,0.273562,-0.027025,0.980586,-0.193455,-0.017196,22.354010,181.441600,357.127500
144.588,1,0.220145,1.586215,0.315586,-0.025586,0.983925,-0.175355,-0.022078,20.255170,182.105800,357.397000
144.699,2,0.228129,1.592259,0.343145,-0.026053,0.986433,-0.158973,-0.031589,18.377640,183.264300,357.502400
144.810,2,0.236150,1.597186,0.371918,-0.028244,0.988279,-0.144625,-0.039893,16.745060,184.232900,357.349300
144.922,2,0.240598,1.599244,0.391970,-0.028670,0.988889,-0.137145,-0.049683,15.907910,185.393700,357.432800
145.033,2,0.242871,1.601312,0.408347,-0.028743,0.989284,-0.130318,-0.059228,15.144150,186.525300,357.539900
145.144,2,0.243937,1.603779,0.421382,-0.029768,0.989616,-0.123339,-0.067541,14.367350,187.493600,357.499900
145.255,2,0.245522,1.605548,0.429220,-0.032186,0.990173,-0.117407,-0.068826,13.705830,187.614900,357.192900
145.367,2,0.248440,1.606951,0.434767,-0.030783,0.990983,-0.113508,-0.064196,13.233570,187.095600,357.265700
145.478,2,0.250019,1.612477,0.436074,-0.029551,0.993762,-0.088775,-0.060692,10.371480,186.736100,357.205400
145.589,2,0.240970,1.627145,0.438536,-0.026326,0.993606,-0.019246,-0.108088,2.518182,192.356100,357.237200
145.701,2,0.214349,1.630449,0.442262,-0.028428,0.968978,0.006292,-0.245425,0.100892,208.423300,356.664600
145.812,2,0.185435,1.626146,0.440208,-0.039056,0.928886,-0.002192,-0.368296,1.881950,223.189000,355.929600
145.924,2,0.160547,1.623429,0.426754,-0.049300,0.902535,-0.004175,-0.427765,2.849606,230.596000,355.093900
146.035,2,0.140398,1.628590,0.407066,-0.039433,0.886857,0.029188,-0.459433,359.109800,234.815600,354.446500
146.146,2,0.113053,1.637278,0.378791,-0.020951,0.869224,0.062142,-0.490051,354.980400,239.072800,354.393200
146.258,2,0.090653,1.642793,0.356796,-0.020509,0.850616,0.079296,-0.519369,353.477300,243.201400,353.222000
146.369,2,0.062122,1.644466,0.329940,-0.013579,0.824093,0.078871,-0.560772,353.410000,248.837600,353.593800
146.481,2,0.035587,1.642370,0.316199,-0.024861,0.769447,0.059802,-0.635418,356.535200,259.299600,353.427100
146.591,2,0.013320,1.637872,0.308638,-0.033551,0.678664,0.043044,-0.732418,359.468400,274.392100,353.765600
146.702,2,-0.001363,1.626934,0.299021,-0.047348,0.577502,0.023543,-0.814675,2.863418,289.202600,354.654400
146.813,2,-0.004539,1.615255,0.285442,-0.079243,0.466057,0.015622,-0.881060,7.185081,303.876200,354.134500
146.924,2,0.003644,1.605523,0.262042,-0.101934,0.346258,0.018004,-0.932411,10.231180,318.709900,353.924000
147.034,2,0.019168,1.600729,0.232380,-0.135622,0.250021,0.017744,-0.958531,14.544010,329.990400,353.961000
147.145,2,0.046091,1.596371,0.193927,-0.155984,0.124337,0.013121,-0.979815,17.602260,344.934800,356.119900
147.256,2,0.072343,1.592494,0.170742,-0.163830,0.030986,0.012248,-0.985926,18.801370,356.055900,357.923200
147.367,2,0.103966,1.589620,0.148927,-0.171430,-0.078101,0.023530,-0.981814,19.895210,8.888757,358.816200
147.478,2,0.120870,1.585544,0.137145,-0.178199,-0.124763,0.025655,-0.975716,20.741020,14.510800,359.657000
147.588,2,0.128989,1.570868,0.129711,-0.222473,-0.126273,0.024698,-0.966411,25.864080,15.011960,0.537960
147.699,2,0.119541,1.542291,0.133112,-0.307509,-0.076574,0.008449,-0.948422,35.774050,9.940243,2.194559
147.809,2,0.096118,1.497160,0.136335,-0.423240,0.014215,-0.018219,-0.905723,50.102630,359.077500,1.873555
147.920,2,0.077441,1.465877,0.136865,-0.488805,0.065108,-0.044285,-0.868833,58.775780,352.257000,1.470370
148.028,2,0.063544,1.456897,0.138129,-0.499580,0.087582,-0.046157,-0.860592,60.221810,347.838500,359.069600
148.140,2,0.052315,1.478753,0.140845,-0.437602,0.085837,-0.037014,-0.894297,52.096470,348.628000,359.167800
148.250,2,0.050365,1.552276,0.144258,-0.199006,0.046237,0.000720,-0.978907,22.926450,354.341500,358.767300
148.363,2,0.061553,1.630263,0.104664,0.048115,-0.016511,0.010414,-0.998651,354.505100,1.956245,358.711200
148.477,2,0.064915,1.663829,0.062519,0.177100,-0.061765,-0.011032,-0.982191,339.558300,7.198847,359.987400
148.577,2,0.061951,1.678042,0.032471,0.245248,-0.086849,-0.019827,-0.965359,331.513700,10.353090,359.718500
148.688,2,0.055760,1.684250,0.013130,0.275601,-0.094404,-0.023642,-0.956333,327.886700,11.408080,359.538900
148.800,2,0.052006,1.684255,0.009229,0.275007,-0.093922,-0.021071,-0.956612,327.987200,11.434850,359.233400
148.910,2,0.039585,1.676758,0.017625,0.233676,-0.034189,-0.015134,-0.971596,332.927900,3.822567,0.864209
149.022,2,0.017629,1.661364,0.032117,0.148959,0.099972,-0.008699,-0.983738,343.062100,347.976000,2.810029
149.132,2,-0.007527,1.645046,0.044696,0.066732,0.246393,-0.017508,-0.966712,353.085200,331.169200,3.854496
149.242,2,-0.033731,1.630539,0.055860,0.005936,0.388031,-0.022335,-0.921357,0.366406,314.331400,2.622978
149.352,2,-0.060617,1.620108,0.071957,-0.026880,0.508581,-0.031419,-0.860021,4.484683,298.863500,1.534674
149.462,2,-0.090974,1.615100,0.091722,-0.040107,0.629583,-0.053717,-0.774036,7.453823,281.874800,1.887382
149.573,2,-0.119068,1.616821,0.104893,-0.040528,0.756574,-0.065225,-0.649384,8.704146,261.383600,1.355739
149.685,2,-0.133905,1.614185,0.103581,-0.041277,0.869813,-0.074952,-0.485905,9.816982,238.383400,0.059967
149.795,2,-0.127118,1.608734,0.095315,-0.042452,0.941894,-0.086848,-0.321701,11.006260,217.579400,358.593600
149.906,2,-0.097869,1.601375,0.085875,-0.039995,0.982414,-0.109772,-0.145650,13.140160,196.550200,357.256800
150.018,2,-0.063523,1.603356,0.083614,-0.018471,0.990846,-0.116304,-0.066005,13.468820,187.474400,358.747900
150.129,2,-0.008355,1.608370,0.078539,0.014332,0.992843,-0.116063,0.024221,13.365350,177.362700,1.344970
150.240,2,0.045198,1.606133,0.071534,0.038350,0.986431,-0.116912,0.108692,13.826780,167.783900,2.966073
150.351,2,0.089728,1.594333,0.068812,0.052393,0.972288,-0.126903,0.189225,15.462070,158.408800,3.203279
150.462,2,0.119173,1.590973,0.073467,0.054535,0.951852,-0.137756,0.268379,16.948940,148.774600,1.789854
150.574,2,0.131446,1.593591,0.080396,0.063294,0.926041,-0.146319,0.342100,18.318620,139.615800,1.032927
150.684,2,0.125327,1.589960,0.084668,0.080777,0.886321,-0.158150,0.427667,20.452760,128.571000,0.484178
150.796,2,0.104529,1.574329,0.079022,0.106565,0.848939,-0.198473,0.478075,26.032140,121.098200,359.436600
150.906,2,0.065727,1.558340,0.063977,0.137913,0.792449,-0.250093,0.538943,33.026380,110.526900,356.513100
151.016,2,0.035135,1.557056,0.052169,0.134628,0.762552,-0.243365,0.584092,31.899240,103.571500,354.662600
151.126,2,-0.002181,1.568371,0.052348,0.104859,0.724290,-0.199152,0.651726,25.161170,94.510700,353.166900
151.238,2,-0.028900,1.586787,0.060932,0.084887,0.695767,-0.155270,0.696128,19.526820,88.941800,354.028400
151.350,2,-0.059989,1.598681,0.076230,0.084538,0.657946,-0.114193,0.739541,15.980130,82.834160,356.561600
151.462,2,-0.078263,1.601488,0.090142,0.093877,0.633431,-0.111008,0.760019,16.458930,79.187750,357.023000
151.572,2,-0.085747,1.603783,0.102338,0.103769,0.620242,-0.098160,0.771296,16.370000,77.414420,358.644400
151.684,2,-0.084473,1.604501,0.112252,0.108298,0.609845,-0.091429,0.779744,16.284360,75.968990,359.373700
151.795,2,-0.078965,1.603565,0.121029,0.112260,0.603675,-0.089089,0.784243,16.477540,75.138630,359.749200
151.906,2,-0.068818,1.602691,0.136075,0.124138,0.606197,-0.084544,0.781004,17.241800,75.803310,1.106690
152.017,2,-0.056507,1.604607,0.152740,0.127669,0.610711,-0.077983,0.777594,17.085550,76.603320,2.078052
152.128,2,-0.032218,1.606911,0.180052,0.125321,0.615719,-0.075727,0.774242,16.697040,77.312680,2.217572
152.240,2,-0.007190,1.609902,0.203702,0.124509,0.620125,-0.080368,0.770379,16.948580,77.938510,1.832862
152.351,2,0.028395,1.609654,0.231431,0.119783,0.627278,-0.085099,0.764809,16.856990,78.893940,1.203786
152.463,2,0.058773,1.605521,0.252397,0.120340,0.638961,-0.098004,0.753421,17.852980,80.658930,0.367702
152.573,2,0.087698,1.601148,0.271942,0.116106,0.655650,-0.099644,0.739401,17.599450,83.174330,0.294287
152.685,2,0.117351,1.592581,0.291000,0.113895,0.667186,-0.098361,0.729531,17.303370,84.965710,0.507929
152.796,2,0.147218,1.581003,0.305693,0.110939,0.672396,-0.090347,0.726233,16.417440,85.746080,1.073023
152.907,2,0.193867,1.557816,0.318840,0.114415,0.672991,-0.089897,0.725197,16.675280,85.930400,1.412543
153.018,2,0.234984,1.531965,0.323556,0.116630,0.673324,-0.092906,0.724155,17.099250,86.036610,1.349064
153.129,2,0.287486,1.494309,0.323707,0.115603,0.676955,-0.093250,0.720883,17.033160,86.598100,1.322752
153.241,2,0.331514,1.460263,0.320493,0.120109,0.675336,-0.099487,0.720831,17.910460,86.445730,1.132118
153.352,2,0.371272,1.427980,0.318807,0.121548,0.667576,-0.104829,0.727035,18.463510,85.214080,0.595388
153.463,2,0.406111,1.404459,0.324317,0.126804,0.654343,-0.104598,0.738116,18.909740,83.230530,0.698686
153.574,2,0.431739,1.388760,0.332088,0.131423,0.641538,-0.104204,0.748531,19.296110,81.327610,0.766526
153.686,2,0.459057,1.375186,0.340216,0.134947,0.626249,-0.106362,0.760453,19.783060,79.021290,0.441668
153.797,2,0.478448,1.370013,0.341677,0.140906,0.618616,-0.110361,0.765036,20.618160,77.979600,0.335023
153.908,2,0.502259,1.370276,0.338596,0.140147,0.610200,-0.111946,0.771676,20.665640,76.650780,359.893700
154.020,2,0.517433,1.373905,0.335083,0.138766,0.609662,-0.113276,0.772156,20.635290,76.522450,359.649000
154.131,2,0.533468,1.380966,0.337974,0.136777,0.607982,-0.107824,0.774612,20.060250,76.247910,359.955600
154.242,2,0.552689,1.384651,0.347518,0.134361,0.605607,-0.104767,0.777310,19.619760,75.843390,359.991900
154.353,2,0.575904,1.384856,0.358259,0.133630,0.604222,-0.102618,0.778799,19.399330,75.628430,0.100053
154.464,2,0.604824,1.383032,0.368448,0.129976,0.611094,-0.099261,0.774479,18.822790,76.600880,0.309004
154.576,2,0.635281,1.381795,0.378696,0.125270,0.622458,-0.098049,0.766316,18.303780,78.227300,0.342674
154.687,2,0.682430,1.379911,0.395575,0.119056,0.638675,-0.095260,0.754218,17.533800,80.593820,0.503671
154.799,2,0.722291,1.374488,0.410051,0.122156,0.648122,-0.105839,0.744187,18.602890,82.114200,0.049345
154.910,2,0.769054,1.367016,0.428957,0.124015,0.661677,-0.115685,0.730357,19.526480,84.299930,359.704200
155.021,2,0.802677,1.366219,0.447319,0.120981,0.669616,-0.111220,0.724299,18.917220,85.516090,0.054998
155.132,2,0.828301,1.369449,0.465911,0.113925,0.673370,-0.104222,0.723002,17.763910,85.954320,0.163739
155.243,2,0.847759,1.375220,0.481195,0.109697,0.674830,-0.097390,0.723247,16.865100,86.096850,0.429828
155.355,2,0.863870,1.378224,0.490948,0.107555,0.679286,-0.090646,0.720268,16.146030,86.776920,0.927096
155.466,2,0.883035,1.374205,0.498282,0.109082,0.684725,-0.086525,0.715379,15.935830,87.704960,1.524771
155.577,2,0.892222,1.365826,0.499120,0.118275,0.685391,-0.094963,0.712202,17.376310,88.048510,1.612991
155.688,2,0.885815,1.359990,0.498062,0.129185,0.686910,-0.107678,0.707016,19.305290,88.607680,1.531105
155.798,2,0.861163,1.368836,0.500466,0.129471,0.686274,-0.107890,0.707549,19.347610,88.510220,1.520106
155.909,2,0.804829,1.393336,0.510999,0.124204,0.675642,-0.102881,0.719373,18.524980,86.604220,1.197453
156.020,2,0.746713,1.414765,0.522574,0.118318,0.663177,-0.108358,0.731065,18.464450,84.409960,359.909300
156.131,2,0.672183,1.436538,0.537046,0.109882,0.648849,-0.122942,0.742837,18.831750,81.870410,357.574300
156.242,2,0.615839,1.451193,0.548793,0.116413,0.641390,-0.147113,0.743925,21.218110,80.732130,355.721300
156.353,2,0.572151,1.468612,0.558511,0.120649,0.645323,-0.167514,0.735487,23.183240,81.365750,354.338000
156.464,2,0.538110,1.481596,0.568965,0.132098,0.657797,-0.172083,0.721277,24.642170,83.702170,355.301600
156.574,2,0.514694,1.486460,0.581944,0.136682,0.677817,-0.179965,0.699639,25.799440,87.213750,355.762200
156.685,2,0.486441,1.488755,0.604990,0.133402,0.714225,-0.185561,0.661554,26.204050,93.567290,356.488200
156.796,2,0.457953,1.493126,0.627661,0.134721,0.736333,-0.188794,0.635627,26.698500,97.762790,357.330700
156.907,2,0.405034,1.509517,0.657312,0.113473,0.761708,-0.199537,0.605896,26.198610,101.973700,355.594000
157.018,2,0.359459,1.526592,0.676222,0.091983,0.789939,-0.202934,0.571273,25.195340,107.024700,354.511900
157.129,2,0.307391,1.543337,0.694668,0.088927,0.816326,-0.211061,0.530243,26.033370,112.827200,354.979000
157.240,2,0.274559,1.552703,0.704957,0.083814,0.831906,-0.216008,0.504230,26.354220,116.383000,354.981600
157.351,2,0.242685,1.559419,0.714580,0.082685,0.848749,-0.220461,0.473483,26.906210,120.636200,355.600200
157.462,2,0.221699,1.563239,0.719812,0.078997,0.863794,-0.221356,0.445670,26.925080,124.480700,356.088000
157.572,2,0.203765,1.569350,0.719962,0.075552,0.875947,-0.217009,0.424165,26.376570,127.548200,356.689400
157.684,2,0.186655,1.572103,0.710559,0.063212,0.886014,-0.210519,0.408246,25.128950,129.677200,356.208100
157.795,2,0.170267,1.570726,0.691283,0.054784,0.896630,-0.212175,0.384754,25.001460,132.638000,355.885400
157.906,2,0.143884,1.569847,0.657368,0.042048,0.912112,-0.217950,0.344647,25.250260,137.556300,355.337100
158.017,2,0.116347,1.572518,0.624283,0.022155,0.930789,-0.214637,0.295081,24.370650,143.657500,354.618600
158.128,2,0.071543,1.574437,0.574812,0.008067,0.957970,-0.209609,0.195686,23.875810,156.026800,355.824600
158.239,2,0.031949,1.576798,0.534156,0.003195,0.972737,-0.207833,0.102854,23.890480,167.443800,357.709700
158.350,2,-0.013877,1.578818,0.480758,-0.005231,0.978510,-0.204778,0.023596,23.609960,176.977100,358.755500
158.462,2,-0.047885,1.578271,0.432825,-0.013423,0.978279,-0.206761,-0.006350,23.872970,180.430700,358.518800
158.573,2,-0.077531,1.575578,0.385002,-0.021253,0.978153,-0.206143,-0.016412,23.827050,181.462400,357.819200
158.685,2,-0.103517,1.572705,0.340509,-0.021468,0.976943,-0.211757,-0.016766,24.485860,181.490100,357.805700
158.796,2,-0.122412,1.574702,0.305789,-0.022973,0.977056,-0.210990,-0.017778,24.400720,181.576000,357.646900
158.907,2,-0.137586,1.577133,0.264793,-0.024455,0.977680,-0.207799,-0.019042,24.032430,181.698400,357.495800
159.019,2,-0.140156,1.577549,0.235047,-0.025646,0.978058,-0.206325,-0.013249,23.845710,180.960600,357.198700
159.129,2,-0.132996,1.575669,0.195363,-0.023419,0.978903,-0.202810,-0.008296,23.418900,180.421000,357.346300
159.241,2,-0.116595,1.571416,0.157464,-0.018477,0.979572,-0.200198,-0.004225,23.102210,180.054800,357.850000
159.352,2,-0.092875,1.569745,0.113224,-0.011118,0.980690,-0.195253,-0.000486,22.518170,179.789900,358.659100
159.463,2,-0.066150,1.572992,0.063615,-0.005148,0.980434,-0.196741,0.003860,22.689900,179.404100,359.278800
159.575,2,-0.044470,1.575758,0.024846,-0.001501,0.980045,-0.198626,0.007509,22.911160,179.047300,359.631400
159.686,2,-0.022842,1.575667,-0.011686,0.002264,0.980377,-0.196498,0.015621,22.665800,178.153100,359.894400
159.797,2,-0.012468,1.578588,-0.033944,-0.000157,0.980181,-0.197068,0.020234,22.725550,177.531400,359.485500
159.908,2,-0.004735,1.582904,-0.060418,-0.003943,0.981927,-0.188034,0.021155,21.660400,177.346300,359.032000
160.020,2,-0.000767,1.584970,-0.082633,-0.007851,0.982720,-0.183911,0.019411,21.171540,177.477700,358.613100
160.131,2,0.002373,1.586620,-0.116212,-0.011198,0.984359,-0.174256,0.023379,20.031550,176.953600,358.158300
160.243,2,0.002242,1.586981,-0.153570,-0.016940,0.985305,-0.166775,0.032769,19.119360,175.737500,357.311900
160.353,2,-0.001617,1.586263,-0.201811,-0.022757,0.986649,-0.155830,0.041514,17.794780,174.635900,356.517000
160.464,2,-0.009966,1.581444,-0.265183,-0.028532,0.986999,-0.150603,0.048352,17.129360,173.749800,355.746200
160.576,2,-0.019400,1.580211,-0.331301,-0.028942,0.987339,-0.147187,0.051574,16.717960,173.383000,355.668600
160.687,2,-0.033697,1.585233,-0.418250,-0.026149,0.987847,-0.142165,0.057122,16.134140,172.806400,355.946500
160.798,2,-0.043516,1.590713,-0.477489,-0.023906,0.988142,-0.137901,0.063152,15.635240,172.157700,356.149900
160.909,2,-0.049001,1.594260,-0.539087,-0.027220,0.988040,-0.137159,0.064985,15.515510,171.893100,355.737600
161.021,2,-0.043032,1.600911,-0.587457,-0.022143,0.988137,-0.136263,0.067291,15.444940,171.707400,356.306200
161.132,2,-0.026208,1.604296,-0.634928,-0.017656,0.988045,-0.130750,0.079752,14.806600,170.340900,356.694500
161.243,2,-0.000325,1.601052,-0.683594,-0.013044,0.987337,-0.129878,0.090151,14.721110,169.189300,357.085700
161.354,2,0.028005,1.595626,-0.724789,-0.005817,0.987077,-0.129718,0.093904,14.773070,168.855800,357.875500
161.465,2,0.070067,1.597700,-0.775983,-0.000366,0.987152,-0.126549,0.097549,14.464190,168.522000,358.496200
161.576,2,0.099586,1.599535,-0.814396,0.003650,0.986927,-0.131165,0.093579,15.045310,169.031100,358.970900
161.688,2,0.127925,1.594647,-0.854722,0.004623,0.986980,-0.136166,0.085484,15.639110,169.984000,359.157800
161.799,2,0.144472,1.595050,-0.881478,0.003561,0.986765,-0.141525,0.079075,16.252250,170.705900,359.083600
161.909,2,0.161759,1.598331,-0.914361,0.001121,0.987446,-0.136058,0.080230,15.597560,170.549900,358.832900
162.021,2,0.175651,1.597149,-0.946938,0.000250,0.986247,-0.136088,0.093789,15.573870,168.931700,358.510800
162.131,2,0.190760,1.594475,-0.985818,0.003866,0.983046,-0.133740,0.125377,15.302500,165.256600,358.459300
162.243,2,0.210217,1.591956,-1.031373,0.010347,0.972410,-0.128186,0.194630,14.674440,157.136200,358.236200
162.353,2,0.231432,1.593675,-1.083383,0.013612,0.948541,-0.116138,0.294273,13.199030,145.238600,357.496300
162.464,2,0.257481,1.600216,-1.135207,0.015884,0.899485,-0.103255,0.424279,11.491980,129.146700,356.545800
162.576,2,0.279299,1.606637,-1.165309,0.016691,0.833704,-0.107668,0.541357,11.396470,113.486800,354.806000
162.687,2,0.298935,1.617178,-1.184543,0.019223,0.742491,-0.097102,0.662502,9.768386,96.018200,354.169400
162.798,2,0.307648,1.621169,-1.193026,0.022733,0.684429,-0.096101,0.722361,9.461924,86.391600,353.730400
162.908,2,0.315736,1.624684,-1.207608,0.024750,0.658821,-0.093208,0.746093,9.192160,82.392620,353.808200
163.019,2,0.324631,1.624537,-1.220742,0.026954,0.659221,-0.090412,0.746008,9.173168,82.468010,354.223600
163.130,2,0.336778,1.621907,-1.235539,0.028528,0.667428,-0.094887,0.738054,9.716325,83.741340,354.061200
163.241,2,0.348041,1.620054,-1.245601,0.032007,0.679679,-0.097497,0.726296,10.313070,85.685010,354.276700
163.352,2,0.359696,1.617271,-1.250663,0.033916,0.692761,-0.102237,0.713078,10.953960,87.789720,354.223500
163.464,2,0.370975,1.614845,-1.243441,0.035131,0.701628,-0.105960,0.703745,11.427930,89.241870,354.153800
163.575,2,0.379712,1.614759,-1.222751,0.037058,0.707870,-0.103475,0.697739,11.432130,90.286850,354.618200
163.687,2,0.392011,1.615048,-1.174577,0.038616,0.713773,-0.094570,0.692888,10.866230,91.279310,355.565900
163.798,2,0.402823,1.617318,-1.120596,0.049616,0.704307,-0.083692,0.703197,10.816750,89.826170,357.209800
163.908,2,0.415878,1.618053,-1.043913,0.060018,0.684434,-0.072687,0.722956,10.735760,86.738520,358.662000
164.020,2,0.425400,1.615788,-0.985993,0.057749,0.684668,-0.073000,0.722888,10.570980,86.746490,358.457400
164.131,2,0.434799,1.609182,-0.938970,0.064403,0.686423,-0.073834,0.720572,11.196620,87.116360,358.949200
164.242,2,0.446005,1.605743,-0.899892,0.073196,0.679881,-0.081757,0.725066,12.551290,86.193010,358.882900
164.353,2,0.463564,1.602866,-0.870385,0.077474,0.675376,-0.084765,0.728478,13.142470,85.539730,358.890800
164.464,2,0.489122,1.599677,-0.850867,0.073341,0.674464,-0.088131,0.729351,13.053820,85.322480,358.257300
164.575,2,0.516078,1.597852,-0.839844,0.061193,0.674170,-0.088500,0.730697,12.049440,85.101970,357.255700
164.686,2,0.555816,1.599095,-0.827625,0.049977,0.673160,-0.094531,0.731726,11.560770,84.804550,355.840900
164.797,2,0.587297,1.601630,-0.813488,0.040604,0.670233,-0.095376,0.734876,10.808370,84.257770,354.991700
164.908,2,0.615854,1.600395,-0.782736,0.048789,0.661900,-0.103949,0.740745,12.115730,83.008110,354.753000
165.020,2,0.631213,1.604662,-0.751668,0.051932,0.659371,-0.095666,0.743896,11.737130,82.661190,355.674400
165.131,2,0.644145,1.601115,-0.703113,0.051470,0.666594,-0.087872,0.738432,11.137490,83.797640,356.426400
165.242,2,0.646637,1.592375,-0.646659,0.054332,0.676741,-0.087242,0.729013,11.378970,85.428240,356.862000
165.353,2,0.642093,1.591102,-0.578218,0.053223,0.684488,-0.088727,0.721645,11.436490,86.649270,356.771700
165.464,2,0.634690,1.598127,-0.505968,0.050966,0.687737,-0.085563,0.719096,11.010470,87.148040,356.907600
165.576,2,0.628163,1.599958,-0.445185,0.059060,0.674049,-0.080313,0.731928,11.228700,85.067360,357.782800
165.686,2,0.618396,1.596156,-0.370627,0.069696,0.620932,-0.082918,0.776344,12.191980,77.042470,357.526000
165.797,2,0.613037,1.593977,-0.319656,0.082604,0.567110,-0.085280,0.815040,13.378140,69.347660,357.329800
165.907,2,0.614561,1.595386,-0.270218,0.091335,0.515112,-0.080491,0.848433,13.763070,62.224070,357.493000
166.018,2,0.621828,1.592876,-0.241857,0.101700,0.470488,-0.081419,0.872736,14.721950,56.302390,357.249100
166.129,2,0.639561,1.587482,-0.217723,0.122012,0.405384,-0.084002,0.902065,16.752050,47.933850,356.849500
166.240,2,0.664242,1.583921,-0.202824,0.132424,0.371301,-0.092438,0.914361,18.108080,43.521750,355.733800
166.351,2,0.688178,1.572403,-0.182593,0.148716,0.349156,-0.095249,0.920272,19.891040,40.789420,355.641700
166.463,2,0.705927,1.559619,-0.151169,0.169446,0.315783,-0.095763,0.928654,22.036260,36.706730,355.616700
166.574,2,0.713884,1.551679,-0.118722,0.181591,0.274387,-0.088466,0.940165,22.954390,31.696150,355.846600
166.685,2,0.717011,1.536815,-0.075783,0.189232,0.230267,-0.083391,0.950902,23.471090,26.296510,355.532700
166.796,2,0.714568,1.521407,-0.038784,0.204800,0.207126,-0.080773,0.953222,25.081080,23.544070,355.621200
166.907,2,0.708173,1.505464,0.015165,0.221483,0.178848,-0.072373,0.955887,26.699650,20.294190,356.204500
167.018,2,0.701801,1.498048,0.061284,0.227969,0.158844,-0.068686,0.958166,27.302290,17.897540,356.179900
167.129,2,0.692611,1.494503,0.124971,0.229413,0.135211,-0.060481,0.961993,27.241540,15.152210,356.496800
167.240,2,0.684706,1.494689,0.183728,0.229822,0.120788,-0.058760,0.963919,27.210130,13.383440,356.276200
167.351,2,0.676529,1.496819,0.243051,0.225506,0.110140,-0.053727,0.966504,26.598740,12.181070,356.526100
167.463,2,0.666580,1.498759,0.298322,0.221105,0.103869,-0.050350,0.968395,26.020610,11.483560,356.709100
167.574,2,0.657019,1.504990,0.341598,0.206918,0.103606,-0.045720,0.971782,24.307350,11.548200,357.107800
167.686,2,0.644266,1.523867,0.381658,0.163508,0.110144,-0.033807,0.979791,19.138600,12.518950,358.166400
167.798,2,0.634528,1.557111,0.394072,0.069776,0.120116,-0.019121,0.990120,8.208025,13.746390,358.778400
167.909,2,0.624140,1.603196,0.387107,-0.062562,0.130120,-0.004387,0.989513,352.953700,15.071400,358.558700
168.022,2,0.619365,1.628342,0.374704,-0.141995,0.139908,0.004206,0.979921,343.771800,16.518920,358.120600
168.133,2,0.620824,1.643861,0.368988,-0.193901,0.150375,0.008067,0.969394,337.767900,18.154490,357.357600
168.245,2,0.628826,1.654084,0.369234,-0.237224,0.159497,0.009344,0.958227,332.767000,19.803120,356.275100
168.357,2,0.640078,1.664275,0.370534,-0.292873,0.164958,0.016563,0.941669,326.148400,21.247890,355.481300
168.468,2,0.664215,1.679855,0.384089,-0.341297,0.167062,0.021163,0.924748,320.334900,22.495980,354.416700
168.578,2,0.688244,1.692890,0.405812,-0.353686,0.167431,0.022616,0.919979,318.826500,22.831150,354.142100
168.689,2,0.717704,1.705650,0.437602,-0.364871,0.155658,0.024985,0.917614,317.359300,21.318590,354.716600
168.801,2,0.741366,1.711157,0.468030,-0.373274,0.149028,0.022163,0.915405,316.370000,20.737800,354.396100
168.911,2,0.761460,1.715338,0.499679,-0.370983,0.151653,0.026055,0.915802,316.575600,20.844600,354.881300
169.023,2,0.778388,1.714078,0.531040,-0.367811,0.162485,0.029326,0.915125,316.943700,22.177330,354.829200
169.134,2,0.790833,1.709439,0.564104,-0.365814,0.186489,0.036076,0.911098,317.153100,25.308470,354.466100
169.245,2,0.801702,1.701338,0.603905,-0.349638,0.227448,0.040463,0.907956,319.207800,30.542260,353.510100
169.358,2,0.814516,1.693300,0.644026,-0.323460,0.290505,0.040902,0.899615,322.717700,38.584230,351.737600
169.467,2,0.831849,1.683069,0.696090,-0.274985,0.415216,0.041464,0.866175,329.282600,54.111900,349.509600
169.578,2,0.843122,1.678833,0.727622,-0.240310,0.540600,0.034380,0.805494,334.893200,70.651760,346.951900
169.688,2,0.854384,1.667993,0.746720,-0.183968,0.704681,-0.013865,0.685119,346.553400,93.586400,343.374300
169.799,2,0.852835,1.647398,0.746951,-0.135937,0.811646,-0.060118,0.564924,356.789800,110.796600,343.199400
169.908,2,0.835328,1.623284,0.736082,-0.086406,0.909699,-0.100610,0.393522,6.606143,132.416500,346.233200
170.018,2,0.815827,1.607558,0.723012,-0.067426,0.948522,-0.130129,0.280761,12.063720,145.765000,348.140100
170.128,2,0.793350,1.585672,0.698327,-0.047080,0.965206,-0.168627,0.194233,17.892450,155.751800,350.541200
170.239,2,0.777457,1.562359,0.666042,-0.036182,0.968226,-0.199255,0.146722,22.038520,161.211700,352.029300
170.349,2,0.761006,1.516474,0.615423,-0.013770,0.970378,-0.216297,0.106739,24.635280,166.440800,355.400000
170.461,2,0.750035,1.456698,0.579557,0.004045,0.971611,-0.217712,0.092509,25.075360,168.666000,357.948700
170.572,2,0.738224,1.389790,0.556669,0.014754,0.971382,-0.223786,0.078229,25.917230,170.698300,359.595500
170.684,2,0.724757,1.317021,0.531186,0.026434,0.974220,-0.218816,0.048132,25.397370,174.778300,1.931064
170.794,2,0.709562,1.243857,0.504855,0.027195,0.972430,-0.230919,0.017800,26.748430,178.584500,2.867308
170.906,2,0.679907,1.156862,0.473026,0.021876,0.967446,-0.251981,-0.008655,29.155260,181.822400,3.064715
171.017,2,0.651926,1.098684,0.454598,0.008950,0.964361,-0.262330,-0.033331,30.355600,184.585200,2.307876
171.128,2,0.611242,1.044678,0.438680,-0.000124,0.960481,-0.265702,-0.082936,30.692100,190.672400,2.921903
171.239,2,0.583467,1.025475,0.434830,-0.011005,0.955952,-0.271934,-0.109940,31.488750,193.855500,2.604632
171.350,2,0.559133,1.026955,0.437417,-0.026317,0.953413,-0.272789,-0.126084,31.789360,195.423800,1.254279
171.461,2,0.549709,1.038053,0.446532,-0.037227,0.954649,-0.264504,-0.131520,30.984630,195.660500,359.899600
171.572,2,0.543341,1.053052,0.457840,-0.042675,0.955376,-0.258859,-0.135746,30.411140,195.970200,359.251600
171.683,2,0.520678,1.073986,0.473891,-0.055692,0.955827,-0.239555,-0.160953,28.416260,198.632700,358.087700
171.794,2,0.485207,1.089283,0.493558,-0.071292,0.949948,-0.229614,-0.199485,27.689910,203.019600,357.162200
171.905,2,0.435389,1.105623,0.524031,-0.089701,0.937887,-0.219105,-0.253603,27.160740,209.372100,356.318600
172.016,2,0.402266,1.118450,0.551302,-0.098601,0.928576,-0.212906,-0.287568,26.879040,213.481900,356.100000
172.128,2,0.372911,1.142541,0.588044,-0.107246,0.919990,-0.201818,-0.318413,26.080820,217.163900,355.606400
172.239,2,0.363315,1.169847,0.615661,-0.111820,0.921111,-0.194615,-0.318082,25.446000,216.922200,354.777700
172.349,2,0.367439,1.222142,0.653166,-0.115067,0.930087,-0.181697,-0.297797,23.986550,214.093700,353.348500
172.461,2,0.382850,1.287301,0.694887,-0.115000,0.939502,-0.159548,-0.280456,21.364300,211.766400,352.187300
172.571,2,0.407608,1.357410,0.745392,-0.108998,0.951854,-0.143722,-0.247865,19.125480,207.792400,351.708300
172.683,2,0.439511,1.422722,0.800175,-0.107437,0.963119,-0.148546,-0.196958,19.175150,201.584900,350.958300
172.794,2,0.470896,1.478116,0.851598,-0.105727,0.971031,-0.155905,-0.147018,19.503510,195.540800,350.258900
172.906,2,0.499833,1.521673,0.899773,-0.103113,0.975738,-0.154939,-0.115313,19.034620,191.785300,349.917800
173.015,2,0.515262,1.540237,0.922931,-0.104696,0.976105,-0.163268,-0.097984,19.831200,189.613600,349.440300
173.115,2,0.527019,1.556005,0.939562,-0.100378,0.976384,-0.170565,-0.086636,20.515890,188.283800,349.762200
173.223,2,0.538437,1.568388,0.944325,-0.096140,0.977141,-0.180059,-0.059433,21.303800,185.020200,349.706400
173.336,2,0.543545,1.576500,0.936894,-0.097890,0.978747,-0.177029,-0.033658,20.678470,181.912800,348.926100
173.448,2,0.552840,1.576596,0.928692,-0.099042,0.977725,-0.182708,-0.029360,21.290230,181.305100,348.676800
173.558,2,0.565358,1.581364,0.920697,-0.092565,0.977763,-0.184870,-0.035127,21.593660,182.124400,349.589000
173.668,2,0.590101,1.582400,0.906716,-0.091932,0.978117,-0.181936,-0.041660,21.319540,182.956300,349.817800
173.778,2,0.619371,1.578180,0.891758,-0.088195,0.978195,-0.180100,-0.054040,21.215600,184.550100,350.548700
173.890,2,0.670586,1.570636,0.868826,-0.088029,0.975815,-0.182890,-0.081163,21.791090,187.811400,351.196300
174.001,2,0.724381,1.570660,0.843976,-0.098955,0.971022,-0.182375,-0.118591,22.188180,192.107500,350.745000
174.112,2,0.777270,1.574092,0.818815,-0.103591,0.963968,-0.185692,-0.159854,23.024220,197.041400,351.228300
174.234,2,0.824009,1.574154,0.797825,-0.115068,0.953830,-0.190364,-0.201814,24.179310,201.962200,351.002300
174.345,2,0.852326,1.572203,0.785831,-0.118060,0.946026,-0.194812,-0.230533,25.025880,205.506200,351.524200
174.457,2,0.868705,1.571509,0.778063,-0.125473,0.938482,-0.196098,-0.255056,25.599230,208.442300,351.360200
174.569,2,0.876131,1.570864,0.777248,-0.132246,0.924879,-0.196506,-0.297481,26.242430,213.748900,351.814100
174.683,2,0.881915,1.570965,0.781242,-0.135078,0.911188,-0.193229,-0.337867,26.321760,218.954500,352.590300
174.805,2,0.889271,1.571674,0.789003,-0.133817,0.900822,-0.190032,-0.366743,26.137210,222.792900,353.495000
174.918,2,0.893459,1.572183,0.795812,-0.132444,0.895489,-0.186343,-0.381883,25.778410,224.806600,353.951700
175.026,2,0.895555,1.571903,0.802122,-0.131394,0.888113,-0.185622,-0.399419,25.764190,227.189600,354.577600
175.132,2,0.894702,1.570936,0.805296,-0.132145,0.884825,-0.185847,-0.406306,25.865830,228.114900,354.718400
175.240,2,0.892059,1.569008,0.807652,-0.133169,0.881057,-0.189395,-0.412473,26.333360,228.998900,354.980400
175.346,2,0.884127,1.568071,0.806250,-0.133335,0.879767,-0.184870,-0.417199,25.883280,229.563800,354.876000
175.451,2,0.869081,1.561945,0.799871,-0.128702,0.877008,-0.187781,-0.423121,25.994380,230.526100,355.735500
175.557,2,0.845092,1.552696,0.789219,-0.130793,0.874938,-0.194871,-0.423559,26.858990,230.683900,355.899500
175.663,2,0.801745,1.530639,0.765331,-0.135741,0.879634,-0.203515,-0.407923,27.955140,228.581400,355.274600
175.768,2,0.762077,1.507856,0.742112,-0.142971,0.881944,-0.217394,-0.393032,29.725270,226.613100,354.628200
175.874,2,0.714684,1.482722,0.713682,-0.147522,0.882530,-0.235181,-0.379562,31.809440,224.967400,354.472600
175.980,2,0.681742,1.465347,0.692642,-0.152276,0.882196,-0.247341,-0.370628,33.317730,223.821300,354.139000
176.088,2,0.640463,1.439932,0.663274,-0.154146,0.881601,-0.266209,-0.357982,35.432490,222.371800,354.281100
176.196,2,0.616554,1.419667,0.644463,-0.156560,0.882176,-0.278209,-0.346200,36.816940,220.857400,354.006200
176.304,2,0.591847,1.393519,0.626622,-0.163638,0.880442,-0.290006,-0.337553,38.399350,219.593300,353.231700
176.409,2,0.573597,1.375836,0.616024,-0.165053,0.878366,-0.293902,-0.338898,38.915950,219.827300,353.302200
176.514,2,0.552806,1.360028,0.608329,-0.168647,0.874251,-0.295791,-0.346051,39.339320,220.794500,353.305400
176.618,2,0.536187,1.352540,0.605157,-0.168542,0.872973,-0.293074,-0.351596,39.065440,221.559300,353.478900
176.722,2,0.507611,1.347512,0.603922,-0.165917,0.870740,-0.281149,-0.367747,37.708680,223.755300,354.039200
176.825,2,0.483291,1.347257,0.604354,-0.163272,0.869936,-0.266148,-0.381731,35.995070,225.518700,354.262800
176.928,2,0.455811,1.344682,0.602694,-0.158745,0.869319,-0.254329,-0.392940,34.537160,226.997300,354.697400
177.041,2,0.428827,1.335841,0.595725,-0.156160,0.869659,-0.249429,-0.396348,33.891700,227.445300,354.893000
177.154,2,0.400327,1.322260,0.585764,-0.158218,0.868969,-0.248632,-0.397545,33.911000,227.537000,354.656300
177.266,2,0.372649,1.305584,0.575478,-0.160552,0.868532,-0.247080,-0.398531,33.859820,227.571300,354.336400
177.376,2,0.352379,1.290117,0.566757,-0.159654,0.868158,-0.246421,-0.400111,33.753710,227.810700,354.477200
177.486,2,0.335381,1.272741,0.555927,-0.158954,0.868879,-0.249589,-0.396847,34.047940,227.437900,354.589500
177.596,2,0.332242,1.266701,0.550779,-0.159597,0.871521,-0.252070,-0.389153,34.304070,226.364100,354.303300
177.707,2,0.342822,1.276971,0.553310,-0.161372,0.876764,-0.255361,-0.374213,34.649720,224.225000,353.589300
177.818,2,0.361809,1.297242,0.564510,-0.159008,0.882296,-0.248322,-0.366886,33.701340,223.099100,353.209200
177.930,2,0.401537,1.326580,0.590193,-0.156510,0.885869,-0.249184,-0.358676,33.625440,222.028900,353.203500
178.041,2,0.454571,1.351971,0.622067,-0.155033,0.890331,-0.252617,-0.345631,33.848110,220.295800,352.984600
178.152,2,0.523646,1.380846,0.665222,-0.154878,0.898308,-0.246591,-0.329011,33.020750,217.870800,352.048200
178.253,2,0.588196,1.408105,0.707365,-0.154928,0.904323,-0.243634,-0.314388,32.551900,215.805200,351.333000
178.358,2,0.642048,1.430901,0.746796,-0.149367,0.910982,-0.234218,-0.304868,31.185460,214.575700,351.305000
178.466,2,0.713871,1.455712,0.806441,-0.145382,0.916621,-0.234468,-0.289299,30.927650,212.601100,351.225400
178.576,2,0.757399,1.473194,0.850728,-0.136884,0.922092,-0.226699,-0.282165,29.690960,211.841100,351.759900
178.688,2,0.796945,1.495465,0.903000,-0.128793,0.925174,-0.216850,-0.283621,28.314150,212.185900,352.474000
178.799,2,0.818482,1.515273,0.937850,-0.122587,0.928711,-0.201782,-0.285925,26.416630,212.531500,352.796100
178.911,2,0.838543,1.537572,0.973397,-0.113672,0.934467,-0.185739,-0.281695,24.278700,212.088300,353.208200
179.021,2,0.848394,1.553597,0.994885,-0.103366,0.939138,-0.173516,-0.277898,22.542050,211.756300,353.927100
179.138,2,0.852915,1.567481,1.007000,-0.099358,0.943029,-0.167083,-0.270016,21.640630,210.808000,353.999800
179.248,2,0.854631,1.576645,1.011722,-0.091964,0.947542,-0.157359,-0.262573,20.273530,209.974000,354.393600
179.364,2,0.858129,1.585061,1.012442,-0.083538,0.953230,-0.150380,-0.248514,19.160430,208.357300,354.866500
179.470,2,0.860090,1.589289,1.012003,-0.076663,0.958887,-0.138367,-0.235614,17.546620,206.849800,355.077300
179.584,2,0.860191,1.593116,1.011986,-0.075661,0.960017,-0.139954,-0.230338,17.672220,206.227400,355.135500
179.699,2,0.860391,1.594292,1.011285,-0.073558,0.960688,-0.144743,-0.225204,18.133720,205.652300,355.404600
179.818,2,0.859870,1.595448,1.008292,-0.070158,0.963149,-0.147565,-0.213650,18.314490,204.311800,355.644900
179.934,2,0.857400,1.594952,1.005088,-0.071797,0.964090,-0.155169,-0.203220,19.170190,203.032900,355.423200
180.047,2,0.850855,1.591406,1.000309,-0.076586,0.963622,-0.167243,-0.193899,20.610740,201.831300,354.928400
180.162,2,0.838967,1.593602,0.993806,-0.076834,0.970093,-0.161684,-0.163932,19.809150,198.158900,354.139600
180.276,2,0.824171,1.596932,0.989144,-0.074347,0.977378,-0.149008,-0.130390,18.099120,194.172300,353.568600
180.385,2,0.809145,1.599232,0.983872,-0.069015,0.982917,-0.135332,-0.103904,16.282960,191.147400,353.566900
180.499,2,0.799609,1.595182,0.980182,-0.067096,0.984677,-0.146032,-0.067712,17.257940,186.841000,353.243100
180.610,2,0.794169,1.598997,0.974714,-0.058910,0.987778,-0.136696,-0.046250,15.991820,184.490500,353.805100
180.715,2,0.797485,1.596884,0.967039,-0.051972,0.988400,-0.140656,-0.024099,16.293240,181.971400,354.262300
180.821,2,0.812635,1.594893,0.965454,-0.049913,0.988433,-0.143121,-0.005021,16.465100,179.739400,354.180600
180.926,2,0.842638,1.595158,0.970140,-0.043961,0.989264,-0.139275,0.005247,15.967840,178.651500,354.722000
181.028,2,0.878621,1.597341,0.977480,-0.033481,0.990035,-0.136644,0.006253,15.672920,178.718600,355.949900
181.131,2,0.924441,1.599863,0.989410,-0.028190,0.990607,-0.133529,0.008540,15.311540,178.547600,356.544600
181.242,2,0.969866,1.602763,1.003513,-0.030126,0.991123,-0.129231,0.008216,14.813490,178.573100,356.332500
181.345,2,1.012872,1.606539,1.019015,-0.028778,0.991994,-0.122835,0.005690,14.085860,178.915500,356.542600
181.447,2,1.046411,1.610069,1.035481,-0.025580,0.993470,-0.111134,0.003531,12.746340,179.253800,356.966800
181.562,2,1.076365,1.614891,1.054163,-0.022231,0.995338,-0.093226,-0.010799,10.723090,181.012000,357.536000
181.678,2,1.099669,1.619509,1.070853,-0.014829,0.996748,-0.075751,-0.023141,8.725231,182.544700,358.489500
181.798,2,1.115068,1.631461,1.091030,-0.010437,0.997970,-0.019368,-0.059770,2.286944,186.833700,358.938100
181.916,2,1.124124,1.637044,1.105081,-0.014153,0.996269,0.008863,-0.084673,359.125400,189.728700,358.297800
182.035,2,1.129869,1.637493,1.112765,-0.016641,0.994398,0.014027,-0.103433,358.598700,191.901800,357.936400
182.152,2,1.130999,1.636588,1.113211,-0.020854,0.993233,0.013626,-0.113433,358.720100,193.059100,357.447800
182.272,2,1.122506,1.636315,1.109486,-0.028149,0.990155,0.016267,-0.136148,358.593400,195.700700,356.549200
182.372,2,1.105129,1.631206,1.105214,-0.040054,0.981847,-0.006184,-0.185295,1.546384,201.315300,355.618900
182.475,2,1.081584,1.628869,1.099187,-0.046444,0.973308,-0.008586,-0.224589,2.153450,205.893500,355.031200
182.584,2,1.054200,1.626407,1.093339,-0.055641,0.968892,-0.018289,-0.240452,3.565984,207.697900,354.305800
182.693,2,1.022032,1.622351,1.089743,-0.060293,0.959007,-0.041174,-0.273816,6.430068,211.568000,354.624500
182.803,2,1.001934,1.625591,1.085494,-0.062110,0.959584,-0.038851,-0.271720,6.218213,211.312700,354.337600
182.914,2,0.983270,1.621554,1.084147,-0.073558,0.956830,-0.046873,-0.277251,7.497739,211.882800,353.352400
183.026,2,0.969347,1.613857,1.084888,-0.079351,0.949544,-0.079175,-0.292920,11.352610,213.680800,353.892600
183.138,2,0.957146,1.608099,1.084951,-0.087398,0.947099,-0.096999,-0.293183,13.590580,213.635000,353.580700
183.253,2,0.937621,1.598342,1.078153,-0.090792,0.944065,-0.129473,-0.289369,17.277890,213.200200,354.200000
183.356,2,0.909640,1.591117,1.065778,-0.091240,0.945017,-0.156283,-0.272385,20.187020,211.206700,354.662500
183.475,2,0.872650,1.586750,1.053060,-0.091959,0.947662,-0.165153,-0.257304,21.121130,209.355900,354.506400
183.593,2,0.828625,1.585787,1.040153,-0.091511,0.949476,-0.172880,-0.245424,21.913600,207.920100,354.500300
183.698,2,0.796765,1.585641,1.032345,-0.091141,0.951187,-0.171273,-0.240006,21.689300,207.243400,354.369200
183.814,2,0.766240,1.585967,1.023766,-0.086466,0.953881,-0.166855,-0.234083,21.026460,206.584600,354.661700
183.934,2,0.741407,1.587239,1.011484,-0.081966,0.958328,-0.167161,-0.216670,20.849210,204.522800,354.802200
184.038,2,0.727418,1.589746,0.999269,-0.078192,0.963549,-0.162074,-0.197968,20.077510,202.284200,354.714900
184.157,2,0.712520,1.589328,0.979302,-0.073349,0.968454,-0.162003,-0.174562,19.839910,199.522700,354.784300
184.272,2,0.699192,1.584421,0.958392,-0.068390,0.969392,-0.171816,-0.161499,20.805940,198.048000,355.269100
184.375,2,0.690290,1.582791,0.940851,-0.060586,0.971580,-0.171214,-0.151814,20.554120,197.031500,355.973800
184.484,2,0.674881,1.590003,0.906858,-0.045364,0.976891,-0.151707,-0.143566,18.024770,196.289900,357.283300
184.587,2,0.661934,1.601668,0.879162,-0.034084,0.980928,-0.127635,-0.142574,15.077260,196.300300,358.191500
184.701,2,0.646702,1.603864,0.856825,-0.035064,0.981923,-0.114004,-0.146972,13.544090,196.778000,357.916200
184.801,2,0.631888,1.603437,0.844509,-0.035717,0.981392,-0.116416,-0.148461,13.833720,196.950000,357.902500
184.901,2,0.611992,1.609329,0.835779,-0.035426,0.984117,-0.109309,-0.135320,12.987170,195.389800,357.638900
185.012,2,0.590329,1.613480,0.829097,-0.032628,0.988879,-0.099524,-0.105590,11.754890,191.927300,357.452700
185.124,2,0.568896,1.621880,0.826091,-0.025758,0.993702,-0.089397,-0.062466,10.421310,186.981300,357.667800
185.235,2,0.551212,1.631967,0.826405,-0.017227,0.997978,-0.054898,-0.027014,6.344409,183.000700,358.188400
185.336,2,0.539928,1.635531,0.830621,-0.017799,0.999226,-0.034527,-0.006215,3.969246,180.642800,357.981400
185.443,2,0.542259,1.637990,0.844721,-0.022109,0.999490,-0.018161,0.014165,2.044574,178.330400,357.435800
185.554,2,0.560903,1.637554,0.863549,-0.022244,0.999637,-0.004463,0.014519,0.474250,178.325200,357.443600
185.665,2,0.597117,1.634071,0.885551,-0.014081,0.999896,0.002757,-0.001259,359.686100,180.148700,358.386000
185.776,2,0.644326,1.627517,0.906559,-0.012378,0.999611,0.016338,-0.018938,358.155000,182.194100,358.545800
185.887,2,0.724385,1.617894,0.933266,-0.015531,0.998167,0.033216,-0.048153,356.283800,185.587500,358.035700
185.999,2,0.793088,1.620594,0.952568,-0.021970,0.996677,0.037152,-0.069080,355.927400,188.029700,357.188400
186.110,2,0.871572,1.628222,0.974757,-0.028312,0.994116,0.043568,-0.095044,355.340100,191.073600,356.285400
186.221,2,0.927192,1.634161,0.991112,-0.028883,0.991904,0.051183,-0.112576,354.546700,193.139000,356.035600
186.324,2,0.968933,1.638799,1.006573,-0.027517,0.991158,0.048641,-0.120342,354.848000,194.017100,356.185700
186.434,2,0.998239,1.642347,1.019407,-0.023968,0.989490,0.055906,-0.131183,354.010300,195.291400,356.420000
186.554,2,1.021988,1.644246,1.031817,-0.022199,0.988953,0.058789,-0.134249,353.666300,195.651700,356.556800
186.665,2,1.036429,1.645131,1.038878,-0.019086,0.988920,0.061407,-0.133798,353.318800,195.593000,356.872900
186.776,2,1.045161,1.645319,1.044780,-0.017927,0.988521,0.062704,-0.136285,353.160900,195.880700,356.967000
186.891,2,1.046097,1.642205,1.046997,-0.021535,0.987914,0.054869,-0.143358,354.132000,196.685500,356.641200
187.007,2,1.035935,1.639585,1.045655,-0.029714,0.984379,0.039888,-0.168890,356.072600,199.612800,355.863000
187.125,2,1.005653,1.639050,1.048259,-0.030845,0.958119,0.036587,-0.282343,356.979600,212.959700,355.418500
187.230,2,0.978186,1.639990,1.053691,-0.024726,0.915977,0.043473,-0.398101,356.562900,227.119200,355.408300
187.335,2,0.957959,1.638969,1.057913,-0.015106,0.873829,0.039822,-0.484365,356.849300,238.102000,356.268800
187.436,2,0.942479,1.636886,1.056780,-0.015401,0.851862,0.037089,-0.522225,357.300200,243.107800,356.270300
187.543,2,0.928954,1.635893,1.049026,-0.016055,0.853623,0.035101,-0.519460,357.521400,242.723300,356.334200
187.646,2,0.905116,1.635647,1.036052,-0.015253,0.859819,0.035686,-0.509121,357.372900,241.344100,356.409100
187.764,2,0.870824,1.634772,1.021598,-0.015518,0.862114,0.037267,-0.505105,357.215500,240.821200,356.303000
187.882,2,0.825689,1.635285,1.004260,-0.015305,0.865736,0.037449,-0.498863,357.158600,239.994700,356.333800
188.001,2,0.780041,1.636217,0.988289,-0.021215,0.867936,0.033337,-0.495103,357.887600,239.478000,355.992700
188.116,2,0.743371,1.637770,0.975852,-0.025487,0.871543,0.025366,-0.488999,358.894800,238.629500,356.029300
188.218,2,0.719650,1.637529,0.968202,-0.028088,0.874709,0.022120,-0.483327,359.338400,237.869700,355.955900
188.332,2,0.691298,1.635325,0.958415,-0.036466,0.882335,0.010615,-0.469087,0.886927,235.961000,355.737900
188.437,2,0.678467,1.633181,0.953495,-0.041555,0.889123,0.003827,-0.455763,1.780649,234.210200,355.559700
188.545,2,0.664151,1.631013,0.948543,-0.047157,0.895332,0.000024,-0.442897,2.391551,232.539500,355.150500
188.651,2,0.656807,1.629623,0.943689,-0.051924,0.900851,-0.001288,-0.431010,2.698449,231.012100,354.690000
188.763,2,0.652557,1.628792,0.937659,-0.053652,0.906100,-0.005173,-0.419616,3.118540,229.552400,354.662400
188.874,2,0.652432,1.627858,0.930789,-0.054580,0.915291,-0.011995,-0.398898,3.755611,226.926100,354.805400
188.985,2,0.654291,1.625543,0.924109,-0.052266,0.924315,-0.026056,-0.377136,5.025082,224.198000,355.568700
189.095,2,0.661330,1.619427,0.915337,-0.054094,0.941048,-0.058668,-0.328727,8.394252,218.241600,356.335000
189.207,2,0.675670,1.611876,0.904578,-0.065211,0.961453,-0.100152,-0.247637,12.995890,208.378600,355.538700
189.318,2,0.685941,1.607707,0.899305,-0.068003,0.969859,-0.123544,-0.198713,15.466030,202.488300,355.071200
189.432,2,0.692853,1.606538,0.896953,-0.058239,0.973476,-0.126741,-0.181353,15.538340,200.558200,355.987400
189.546,2,0.694182,1.606267,0.897050,-0.055757,0.973474,-0.129289,-0.180345,15.773160,200.480000,356.310700
189.658,3,0.694915,1.606486,0.897294,-0.055139,0.973808,-0.127225,-0.180200,15.524910,200.468300,356.338200
189.769,3,0.695586,1.606408,0.897678,-0.053774,0.974211,-0.127958,-0.177902,15.571960,200.215300,356.473800
189.881,3,0.696025,1.607726,0.897501,-0.053132,0.975874,-0.123353,-0.172135,15.013480,199.527900,356.365100
189.991,3,0.696339,1.606176,0.896598,-0.054110,0.976490,-0.129128,-0.163908,15.659610,198.538100,356.227900
190.102,3,0.693827,1.604607,0.896167,-0.056473,0.975222,-0.133407,-0.167200,16.205680,198.899900,356.086700
190.214,3,0.690583,1.603161,0.895610,-0.058075,0.973283,-0.137730,-0.174292,16.758900,199.731500,356.105400
190.325,3,0.687251,1.602350,0.894821,-0.060405,0.972658,-0.137764,-0.176944,16.820330,200.011500,355.881100
190.436,3,0.683847,1.601868,0.893944,-0.062015,0.971644,-0.138667,-0.181202,16.974370,200.498500,355.787200
190.547,3,0.680489,1.600640,0.893199,-0.063587,0.970295,-0.142223,-0.185088,17.429700,200.947200,355.747400
190.659,3,0.679078,1.600064,0.892432,-0.064127,0.970565,-0.142615,-0.183175,17.477220,200.707600,355.657000
190.770,3,0.675265,1.602049,0.892020,-0.064064,0.970472,-0.136349,-0.188384,16.785160,201.325500,355.628600
190.882,3,0.671989,1.602189,0.891482,-0.064787,0.969465,-0.135632,-0.193764,16.743490,201.960900,355.624600
190.992,3,0.668572,1.601409,0.890200,-0.066229,0.969086,-0.137854,-0.193603,17.027360,201.921800,355.502100
191.106,3,0.663922,1.599736,0.888382,-0.070935,0.967729,-0.143609,-0.194541,17.791180,201.964900,355.095000
191.220,3,0.656456,1.599289,0.888215,-0.072481,0.965537,-0.143671,-0.204559,17.884130,203.153200,355.106100
191.325,3,0.645571,1.599860,0.888939,-0.075145,0.960442,-0.141390,-0.227844,17.808550,205.936100,355.185100
191.427,3,0.633866,1.601663,0.889949,-0.074699,0.951562,-0.130179,-0.268336,16.728390,210.859500,355.670400
191.528,3,0.622974,1.606086,0.890753,-0.067307,0.936464,-0.110779,-0.325934,14.557720,217.973200,356.810800
191.634,3,0.613775,1.607111,0.888218,-0.062912,0.911307,-0.099886,-0.394442,13.396250,226.560700,357.887100
191.747,3,0.608365,1.609392,0.878196,-0.057083,0.884986,-0.085071,-0.454208,11.679030,234.195000,358.610000
191.858,3,0.607296,1.612754,0.862245,-0.044347,0.862667,-0.063956,-0.499748,8.897699,240.111200,359.269900
191.969,3,0.610414,1.615997,0.829749,-0.033833,0.832300,-0.040661,-0.551796,6.028415,247.052200,359.340600
192.081,3,0.615723,1.621956,0.790292,-0.028712,0.808195,-0.030866,-0.587404,4.796825,251.995600,359.416500
192.192,3,0.620185,1.627721,0.747454,-0.019088,0.787920,-0.025112,-0.614970,3.614875,255.945400,0.046304
192.304,3,0.624954,1.630173,0.706143,-0.018329,0.771871,-0.025164,-0.635017,3.561837,258.894700,0.210372
192.415,3,0.627732,1.631156,0.673605,-0.016259,0.759831,-0.024234,-0.649466,3.321944,261.055700,0.388604
192.526,3,0.629774,1.628385,0.637568,-0.016137,0.749788,-0.026750,-0.660941,3.522802,262.812300,0.640753
192.638,3,0.629147,1.625729,0.614806,-0.019500,0.748601,-0.031980,-0.661962,4.226314,262.998300,0.755164
192.748,3,0.620732,1.625375,0.591056,-0.021020,0.749922,-0.032407,-0.660397,4.379872,262.760400,0.647985
192.860,3,0.606788,1.624195,0.577856,-0.023625,0.748273,-0.031107,-0.662240,4.464677,263.032300,0.335939
192.971,3,0.579741,1.623293,0.564353,-0.032246,0.744062,-0.028802,-0.666710,4.925426,263.699500,359.449000
193.082,3,0.547755,1.620746,0.553377,-0.039599,0.743636,-0.027706,-0.666836,5.394832,263.707100,358.737000
193.193,3,0.510513,1.618797,0.544371,-0.046374,0.745021,-0.027359,-0.664864,5.879182,263.395300,358.115000
193.305,3,0.469670,1.621646,0.537944,-0.050836,0.746694,-0.024881,-0.662756,6.000660,263.054000,357.525500
193.415,3,0.435638,1.624236,0.533839,-0.054958,0.750078,-0.021600,-0.658708,6.016044,262.414700,356.888000
193.527,3,0.395355,1.629458,0.529229,-0.052370,0.753514,-0.021577,-0.654987,5.803701,261.849200,357.081300
193.638,3,0.367956,1.628141,0.526225,-0.050412,0.758733,-0.024689,-0.648979,5.906050,260.951500,357.438600
193.749,3,0.340187,1.626534,0.524843,-0.055434,0.761231,-0.029789,-0.645420,6.713724,260.431300,357.348500
193.860,3,0.319443,1.627141,0.522644,-0.052974,0.758346,-0.029011,-0.649049,6.474805,260.979500,357.537800
193.971,3,0.299859,1.626583,0.518170,-0.054431,0.755291,-0.031026,-0.652388,6.770273,261.495500,357.590900
194.083,3,0.280084,1.624465,0.510628,-0.055331,0.750464,-0.035080,-0.657656,7.205602,262.324000,357.868000
194.194,3,0.262547,1.622688,0.500879,-0.057750,0.746201,-0.036206,-0.662222,7.499638,263.030500,357.789900
194.305,3,0.237976,1.620935,0.483827,-0.056735,0.738467,-0.033583,-0.671059,7.223830,264.382800,357.763100
194.416,3,0.215361,1.620079,0.467382,-0.058473,0.731593,-0.033063,-0.678424,7.337655,265.530200,357.648400
194.528,3,0.182944,1.621306,0.445532,-0.056150,0.715175,-0.029688,-0.696053,6.928514,268.311200,357.749300
194.639,3,0.157396,1.623358,0.428363,-0.056362,0.701047,-0.031134,-0.710202,7.106252,270.618600,357.990100
194.750,3,0.127313,1.626336,0.407754,-0.055772,0.676726,-0.026714,-0.733634,6.775960,274.497300,357.905800
194.862,3,0.104282,1.627858,0.390493,-0.055594,0.653901,-0.026001,-0.754087,6.767949,278.025800,358.067200
194.973,3,0.084710,1.627141,0.373337,-0.054840,0.639537,-0.026284,-0.766351,6.757787,280.206800,358.277000
195.084,3,0.068534,1.624170,0.359626,-0.051932,0.630048,-0.027054,-0.774345,6.575711,281.654700,358.642100
195.195,3,0.054573,1.623647,0.351339,-0.054420,0.624427,-0.029830,-0.778614,7.007392,282.466600,358.758200
195.307,3,0.033414,1.624450,0.344414,-0.055032,0.621935,-0.028797,-0.780602,6.992308,282.825800,358.643600
195.418,3,0.012697,1.624112,0.340802,-0.058033,0.624349,-0.029499,-0.778428,7.306931,282.438400,358.466700
195.529,3,-0.020481,1.623459,0.338853,-0.060093,0.625321,-0.031766,-0.777401,7.652295,282.275800,358.510300
195.640,3,-0.053122,1.620894,0.339936,-0.063521,0.626605,-0.033525,-0.776021,8.082623,282.048300,358.404200
195.752,3,-0.088915,1.621734,0.344566,-0.063636,0.626632,-0.030404,-0.776118,7.867437,282.036100,358.116500
195.863,3,-0.125517,1.622877,0.352033,-0.066418,0.624082,-0.028408,-0.778012,7.978789,282.374100,357.760600
195.975,3,-0.157190,1.625505,0.359652,-0.064084,0.621103,-0.025892,-0.780675,7.597943,282.838300,357.734800
196.086,3,-0.196165,1.627317,0.370527,-0.065344,0.619732,-0.028046,-0.781586,7.868899,283.029200,357.850700
196.197,3,-0.222880,1.627562,0.379127,-0.063681,0.617788,-0.030827,-0.783156,7.922526,283.342300,358.241300
196.308,3,-0.249972,1.625110,0.389236,-0.062554,0.617331,-0.035060,-0.783428,8.123093,283.433000,358.709300
196.420,3,-0.265533,1.624624,0.396342,-0.065922,0.614365,-0.035510,-0.785461,8.464142,283.828900,358.539100
196.531,3,-0.282109,1.625812,0.404377,-0.062633,0.607948,-0.031069,-0.790893,7.865527,284.794600,358.437500
196.642,3,-0.297806,1.625002,0.409765,-0.064725,0.602300,-0.030726,-0.795049,8.043867,285.589100,358.315200
196.753,3,-0.314436,1.622995,0.413286,-0.066590,0.596749,-0.031515,-0.799039,8.281059,286.370700,358.314200
196.864,3,-0.333770,1.621910,0.415793,-0.067994,0.592135,-0.030663,-0.802380,8.362002,287.014700,358.186100
196.976,3,-0.354754,1.620920,0.417878,-0.066901,0.587459,-0.026760,-0.806040,8.006770,287.685600,357.947700
197.087,3,-0.387404,1.619506,0.420384,-0.067947,0.580122,-0.025354,-0.811295,8.028539,288.713000,357.818300
197.198,3,-0.415968,1.619088,0.422050,-0.070728,0.574696,-0.027571,-0.814839,8.450400,289.454600,357.893200
197.309,3,-0.454440,1.619959,0.424302,-0.072984,0.567941,-0.025287,-0.819437,8.530446,290.370100,357.597300
197.420,3,-0.487934,1.621263,0.426226,-0.072576,0.560850,-0.025065,-0.824349,8.497816,291.368200,357.677200
197.531,3,-0.519900,1.621411,0.427932,-0.075336,0.554596,-0.023935,-0.828357,8.705617,292.200500,357.454100
197.643,3,-0.548319,1.621161,0.429750,-0.078450,0.547036,-0.024177,-0.833075,9.042105,293.209400,357.356500
197.753,3,-0.574093,1.621397,0.431074,-0.079110,0.539885,-0.021002,-0.837750,8.929943,294.173100,357.085400
197.864,3,-0.598253,1.620840,0.431093,-0.080673,0.532014,-0.019977,-0.842647,9.045183,295.227100,356.971800
197.975,3,-0.616737,1.620164,0.430270,-0.079799,0.522640,-0.020777,-0.848556,9.041293,296.519800,357.205300
198.087,3,-0.634179,1.618050,0.430090,-0.075635,0.509295,-0.023667,-0.856935,8.843477,298.388500,357.884300
198.198,3,-0.643270,1.618942,0.432663,-0.075934,0.498732,-0.026869,-0.863005,9.082882,299.817200,358.295900
198.309,3,-0.652537,1.622852,0.439296,-0.072445,0.488744,-0.020413,-0.869175,8.388646,301.151100,357.953400
198.420,3,-0.661917,1.624108,0.448853,-0.071365,0.481231,-0.017151,-0.873516,8.116407,302.139100,357.758300
198.531,3,-0.673828,1.623161,0.460547,-0.074660,0.481061,-0.015293,-0.873369,8.344538,302.116400,357.386300
198.643,3,-0.686312,1.626093,0.472476,-0.078709,0.485574,-0.012494,-0.870555,8.579034,301.458800,356.829700
198.754,3,-0.695571,1.627432,0.483327,-0.083348,0.485001,-0.010128,-0.870474,8.912660,301.463600,356.331300
198.865,3,-0.704358,1.630197,0.493650,-0.081090,0.484156,-0.006966,-0.871188,8.513084,301.587800,356.151300
198.976,3,-0.712312,1.630340,0.502797,-0.082592,0.483255,-0.007720,-0.871541,8.709597,301.691400,356.150000
199.087,3,-0.721751,1.629146,0.514757,-0.084711,0.482958,-0.010981,-0.871467,9.105412,301.720600,356.360100
199.198,3,-0.726229,1.627968,0.523596,-0.084654,0.483135,-0.012130,-0.871359,9.163354,301.704300,356.477300
199.309,3,-0.728095,1.626336,0.532959,-0.087154,0.477031,-0.008261,-0.874515,9.225297,302.454700,356.008900
199.419,3,-0.726802,1.625117,0.536705,-0.087442,0.463419,-0.007197,-0.881785,9.258003,304.230300,356.028900
199.530,3,-0.726933,1.627638,0.537288,-0.080133,0.436236,-0.003520,-0.896250,8.436257,307.820400,356.313400
199.642,3,-0.731114,1.629908,0.534068,-0.073824,0.412707,-0.001341,-0.907867,7.767358,310.878100,356.615100
199.752,3,-0.737514,1.634119,0.528312,-0.075240,0.396250,0.001511,-0.915053,7.845354,312.923700,356.389000
199.864,3,-0.743570,1.636186,0.520467,-0.071000,0.393909,0.003391,-0.916397,7.322713,313.249600,356.407400
199.975,3,-0.746982,1.636091,0.513429,-0.074496,0.398894,0.001704,-0.913965,7.747889,312.597800,356.380900
200.086,3,-0.747155,1.638647,0.507824,-0.069073,0.402018,0.002562,-0.913019,7.127054,312.253900,356.520800
200.197,3,-0.745501,1.639463,0.507345,-0.067653,0.398236,0.003363,-0.914779,6.955322,312.738800,356.532500
200.307,3,-0.741989,1.639038,0.510384,-0.068498,0.392202,0.006278,-0.917304,6.934970,313.472400,356.231300
200.419,3,-0.738062,1.638303,0.512698,-0.072205,0.379018,0.006217,-0.922547,7.383612,315.083500,356.172200
200.530,3,-0.732165,1.635203,0.511376,-0.075717,0.352874,0.008472,-0.932564,7.772643,318.275300,355.992800
200.643,3,-0.725404,1.633458,0.498850,-0.079334,0.316183,0.011288,-0.945308,8.212950,322.714700,355.856800
200.752,3,-0.720487,1.636872,0.476350,-0.072642,0.266729,0.018234,-0.960857,7.462142,328.692800,355.732000
200.863,3,-0.722416,1.638626,0.449986,-0.069653,0.224338,0.022233,-0.971765,7.203652,333.730300,355.695700
200.975,3,-0.727372,1.638960,0.426253,-0.068882,0.200104,0.023215,-0.977075,7.198914,336.586500,355.784300
201.085,3,-0.733871,1.637200,0.399229,-0.072789,0.177498,0.020610,-0.981209,7.789084,339.231200,356.163900
201.196,3,-0.737923,1.636568,0.382218,-0.073486,0.167011,0.023457,-0.982933,7.852744,340.433000,355.909800
201.307,3,-0.740908,1.635995,0.365693,-0.073564,0.155199,0.026614,-0.984781,7.852752,341.788800,355.643300
201.418,3,-0.740240,1.634700,0.356257,-0.074264,0.131822,0.029921,-0.988035,7.981970,344.482900,355.441600
201.529,3,-0.730088,1.632672,0.345594,-0.068605,0.055083,0.027989,-0.995729,7.674209,353.421600,356.338100
201.641,3,-0.710699,1.632702,0.333645,-0.054628,-0.059737,0.025736,-0.996386,6.426963,6.716999,357.418300
201.751,3,-0.687907,1.633582,0.317019,-0.037243,-0.181275,0.022463,-0.982470,4.664648,20.836350,358.238600
201.862,3,-0.667300,1.634376,0.299512,-0.021793,-0.274633,0.023494,-0.961015,3.140891,31.844910,358.095400
201.974,3,-0.652936,1.635206,0.286127,-0.014302,-0.330796,0.026472,-0.943223,2.550108,38.600630,357.677900
202.085,3,-0.640398,1.638455,0.273458,-0.001408,-0.368304,0.028653,-0.929263,1.359393,43.205290,357.006100
202.197,3,-0.632718,1.640414,0.266712,0.005916,-0.389438,0.027952,-0.920610,0.623259,45.841310,356.785300
202.308,3,-0.623011,1.641620,0.263575,0.010257,-0.404809,0.027082,-0.913943,0.182083,47.774320,356.686000
202.419,3,-0.614360,1.641891,0.266586,0.014091,-0.412128,0.028461,-0.910572,359.873700,48.707320,356.362300
202.530,3,-0.601599,1.639792,0.275880,0.000871,-0.411380,0.028004,-0.911033,1.229241,48.571600,357.033400
202.641,3,-0.590392,1.640074,0.283372,-0.009985,-0.404284,0.032022,-0.914019,2.530118,47.657040,357.104600
202.752,3,-0.581389,1.643883,0.289148,-0.006571,-0.399506,0.031560,-0.916164,2.135125,47.064350,356.984000
202.863,3,-0.573544,1.646505,0.293267,-0.004126,-0.394970,0.029996,-0.918195,1.791998,46.504350,357.027800
202.974,3,-0.566511,1.648357,0.296110,0.002937,-0.397543,0.029431,-0.917107,1.032067,46.841920,356.771000
203.085,3,-0.555016,1.649694,0.302084,0.007094,-0.404257,0.022949,-0.914330,0.319802,47.696110,357.265800
203.197,3,-0.544153,1.650708,0.308574,0.008977,-0.404325,0.020319,-0.914346,0.000794,47.710090,357.454300
203.307,3,-0.527176,1.651271,0.318066,0.010885,-0.406737,0.016940,-0.913324,359.650300,48.017320,357.719100
203.419,3,-0.512030,1.651328,0.326285,0.011063,-0.408027,0.017156,-0.912742,359.645100,48.179710,357.687700
203.530,3,-0.492451,1.650974,0.336831,0.011618,-0.407894,0.016692,-0.912803,359.564900,48.164470,357.710300
203.642,3,-0.475254,1.650594,0.346587,0.012987,-0.405680,0.015601,-0.913790,359.365300,47.890310,357.761900
203.752,3,-0.457966,1.650161,0.356789,0.015812,-0.402979,0.015772,-0.914937,359.070500,47.561010,357.615200
203.864,3,-0.440008,1.649215,0.368039,0.017718,-0.402348,0.015246,-0.915188,358.844700,47.488210,357.583000
203.975,3,-0.425426,1.647459,0.377751,0.018050,-0.399161,0.012943,-0.916612,358.696000,47.088630,357.813800
204.086,3,-0.408284,1.646013,0.388750,0.014816,-0.394615,0.010077,-0.918672,358.895900,46.508500,358.268600
204.197,3,-0.398015,1.644587,0.396858,0.016822,-0.392547,0.005977,-0.919559,358.496100,46.252120,358.612900
204.308,3,-0.388044,1.644592,0.410896,0.015959,-0.395018,0.005135,-0.918520,358.552600,46.557130,358.736700
204.419,3,-0.383095,1.643028,0.427072,0.015664,-0.398944,0.002181,-0.916839,358.453900,47.043330,359.054400
204.531,3,-0.376755,1.640813,0.455173,0.018405,-0.410366,-0.001576,-0.911734,358.002600,48.476690,359.298700
204.642,3,-0.369238,1.642855,0.483818,0.018831,-0.427304,-0.001782,-0.903910,357.961900,50.615990,359.262000
204.753,3,-0.360144,1.643973,0.513141,0.021819,-0.443454,-0.002687,-0.896028,357.622400,52.679920,359.166400
204.865,3,-0.350140,1.644512,0.541999,0.021679,-0.458394,0.001038,-0.888484,357.846900,54.604390,358.754500
204.975,3,-0.341065,1.644154,0.566403,0.021126,-0.472093,0.001568,-0.881294,357.950900,56.377520,358.697800
205.087,3,-0.328716,1.642541,0.595446,0.019886,-0.485337,0.001002,-0.874101,358.063500,58.102090,358.792900
205.198,3,-0.318043,1.640465,0.615443,0.017972,-0.495063,0.002201,-0.868668,358.335700,59.376510,358.760700
205.309,3,-0.304429,1.637368,0.638091,0.015142,-0.506969,0.002578,-0.861828,358.654300,60.945550,358.865400
205.420,3,-0.293281,1.634299,0.655753,0.010054,-0.514661,0.005217,-0.857319,359.319900,61.960530,358.894400
205.531,3,-0.283086,1.632267,0.671309,0.009429,-0.518816,0.005744,-0.854815,359.417800,62.515620,358.876600
205.642,3,-0.272114,1.632157,0.686367,0.006337,-0.517886,0.004041,-0.855417,359.618600,62.385600,359.227800
205.754,3,-0.261711,1.630800,0.700122,0.005159,-0.512055,0.004353,-0.858927,359.747700,61.604720,359.268900
205.864,3,-0.259706,1.634264,0.712780,-0.000015,-0.506662,0.005943,-0.862125,0.346493,60.882850,359.413800
205.975,3,-0.269538,1.639212,0.720735,0.001639,-0.508245,0.000832,-0.861211,359.886800,61.094230,359.822400
206.086,3,-0.297943,1.642631,0.727588,0.007016,-0.512640,-0.013976,-0.858461,358.488600,61.675390,0.963083
206.198,3,-0.327196,1.643977,0.730092,0.010353,-0.510325,-0.021885,-0.859641,357.699700,61.359710,1.551827
206.308,3,-0.366462,1.645163,0.725193,0.015353,-0.504589,-0.024048,-0.862888,357.090100,60.597540,1.492243
206.419,3,-0.397085,1.647258,0.713409,0.020012,-0.503111,-0.026118,-0.863595,356.511700,60.404530,1.433717
206.530,3,-0.436986,1.650052,0.690482,0.025058,-0.511797,-0.028226,-0.858277,355.876600,61.568720,1.310021
206.642,3,-0.471997,1.650521,0.665043,0.030267,-0.523900,-0.028284,-0.850772,355.346100,63.210600,0.943470
206.752,3,-0.507940,1.648050,0.636499,0.031586,-0.532492,-0.030436,-0.845298,355.077200,64.373340,1.024576
206.863,3,-0.544314,1.646204,0.606030,0.031017,-0.534344,-0.031063,-0.844127,355.091700,64.621150,1.109631
206.974,3,-0.575055,1.648541,0.581416,0.034575,-0.537504,-0.029909,-0.842021,354.814700,65.069820,0.759456
207.085,3,-0.616052,1.654985,0.556906,0.042220,-0.546873,-0.036398,-0.835358,353.664600,66.375370,0.843549
207.196,3,-0.650051,1.665855,0.542829,0.075287,-0.550875,-0.062752,-0.828813,348.817500,67.099880,1.230767
207.308,3,-0.688400,1.679665,0.534307,0.116759,-0.561649,-0.092824,-0.813819,342.883800,69.042350,1.194827
207.419,3,-0.707555,1.686115,0.538108,0.134222,-0.566307,-0.110658,-0.805628,340.025800,69.927550,1.602148
207.531,3,-0.720961,1.695205,0.550862,0.155835,-0.569648,-0.122453,-0.797635,337.163100,70.843120,1.106906
207.643,3,-0.730595,1.702457,0.560999,0.175964,-0.572708,-0.139860,-0.788341,334.046800,71.716220,1.208451
207.754,3,-0.742584,1.711814,0.566587,0.217103,-0.569364,-0.158717,-0.776853,328.798500,72.487880,359.958400
207.865,3,-0.750360,1.715455,0.571701,0.240617,-0.564122,-0.171651,-0.770977,325.619600,72.531730,359.528100
207.976,3,-0.746845,1.714145,0.577625,0.234918,-0.566099,-0.166484,-0.772418,326.536700,72.656140,359.396800
208.087,3,-0.731707,1.706181,0.582645,0.193617,-0.587472,-0.129189,-0.775049,333.133500,74.740710,358.250500
208.197,3,-0.718918,1.696306,0.581405,0.151042,-0.616850,-0.083249,-0.767953,340.446200,78.158900,356.442100
208.307,3,-0.710371,1.684805,0.575805,0.101871,-0.655670,-0.037836,-0.747187,348.354900,82.995410,355.488200
208.417,3,-0.708215,1.678168,0.571873,0.080007,-0.672647,-0.015384,-0.735465,352.045900,85.233800,355.076200
208.528,3,-0.710445,1.673890,0.570484,0.066071,-0.678198,-0.002145,-0.731900,354.282400,85.887210,355.014100
208.640,3,-0.713411,1.672680,0.570862,0.061931,-0.675578,-0.002474,-0.734679,354.586500,85.418590,355.388300
208.751,3,-0.718321,1.670771,0.570691,0.054167,-0.669446,0.000801,-0.740883,355.458000,84.368800,355.759500
208.863,3,-0.722515,1.670342,0.569872,0.056048,-0.668850,0.003094,-0.741276,355.471600,84.300660,355.422300
208.974,3,-0.725299,1.670307,0.570602,0.055310,-0.666320,0.000893,-0.743612,355.350000,83.899790,355.682500
209.085,3,-0.727513,1.670010,0.570306,0.051085,-0.662871,0.001786,-0.746987,355.759000,83.321110,355.952300
209.196,3,-0.728407,1.669621,0.568675,0.050720,-0.664835,0.004164,-0.745255,355.982500,83.620270,355.766100
209.307,3,-0.729337,1.669211,0.567943,0.050172,-0.665428,0.006141,-0.744749,356.183700,83.706630,355.636200
209.418,3,-0.729393,1.669866,0.567996,0.051073,-0.663855,0.003580,-0.746107,355.902300,83.473310,355.794200
209.529,3,-0.728324,1.670788,0.567814,0.054753,-0.664218,0.001419,-0.745530,355.425500,83.570000,355.693500
209.641,3,-0.726518,1.671828,0.567997,0.057579,-0.668851,-0.003665,-0.741154,354.821900,84.315510,355.877800
209.751,3,-0.725373,1.671098,0.570536,0.054043,-0.672267,-0.003331,-0.738326,355.165300,84.802200,356.101700
209.863,3,-0.724609,1.671195,0.574523,0.053072,-0.673659,-0.006944,-0.737101,354.974700,85.005070,356.473800
209.974,3,-0.722918,1.671465,0.577087,0.056056,-0.675533,-0.011891,-0.735099,354.348400,85.329770,356.644100
210.085,3,-0.715995,1.669210,0.576075,0.059792,-0.686003,-0.014717,-0.724988,353.864000,87.022360,356.500200
210.196,3,-0.707249,1.667093,0.570611,0.064232,-0.693015,-0.017954,-0.717832,353.275300,88.199130,356.348400
210.307,3,-0.693320,1.664644,0.554203,0.061901,-0.687564,-0.016603,-0.723290,353.547700,87.297690,356.474500
210.419,3,-0.677123,1.662554,0.534178,0.069460,-0.672003,-0.011166,-0.737199,353.256900,84.964040,355.559300
210.529,3,-0.649110,1.658267,0.502945,0.067112,-0.638782,-0.005718,-0.766434,353.674300,79.864420,355.558200
210.641,3,-0.619764,1.658545,0.467098,0.069612,-0.601111,-0.007380,-0.796094,353.124700,74.360790,355.844700
210.752,3,-0.586801,1.660860,0.428105,0.072145,-0.562160,-0.010708,-0.823806,352.478000,68.860180,356.329300
210.863,3,-0.552803,1.665190,0.393876,0.073287,-0.522837,-0.004462,-0.849265,352.579800,63.494850,356.006700
210.975,3,-0.524308,1.668085,0.372215,0.076708,-0.490917,-0.005893,-0.867803,352.014600,59.256850,356.231500
211.086,3,-0.490785,1.667427,0.358140,0.077645,-0.450056,-0.005225,-0.889603,351.787300,53.922300,356.490100
211.197,3,-0.466996,1.665652,0.356432,0.075528,-0.423072,-0.008383,-0.902904,351.750600,50.416270,357.175400
211.308,3,-0.441857,1.663391,0.363594,0.077160,-0.395551,-0.007955,-0.915163,351.516800,46.949660,357.306400
211.420,3,-0.427297,1.664973,0.373588,0.088116,-0.380782,-0.017816,-0.920284,349.877600,45.133150,358.002500
211.531,3,-0.414289,1.667254,0.391326,0.108308,-0.366130,-0.030729,-0.923728,347.138400,43.392250,358.675300
211.642,3,-0.401588,1.670072,0.415088,0.121035,-0.359717,-0.043031,-0.924177,345.245800,42.592720,359.553200
211.753,3,-0.386358,1.671217,0.449959,0.130118,-0.363521,-0.056969,-0.920693,343.679100,43.003380,0.614961
211.865,3,-0.369402,1.672116,0.490574,0.141570,-0.371083,-0.076356,-0.914563,341.601800,43.831240,2.089442
211.976,3,-0.350833,1.675803,0.528352,0.150597,-0.375169,-0.087556,-0.910441,340.128300,44.294800,2.829901
212.088,3,-0.321265,1.681975,0.571047,0.164064,-0.382190,-0.095854,-0.904337,338.283900,45.251910,2.959255
212.198,3,-0.297698,1.692990,0.596988,0.171182,-0.394664,-0.095671,-0.897655,337.490200,47.014050,2.273009
212.310,3,-0.271001,1.709024,0.619440,0.188885,-0.392958,-0.094845,-0.894936,335.630400,47.122150,1.340726
212.421,3,-0.245649,1.732735,0.631926,0.194568,-0.384249,-0.094651,-0.897517,335.039400,46.068830,1.287850
212.532,3,-0.218384,1.763759,0.640538,0.204393,-0.379235,-0.097442,-0.897168,333.854200,45.534020,1.264995
212.644,3,-0.192790,1.784088,0.646994,0.212020,-0.378336,-0.094749,-0.896065,333.149600,45.637210,0.601922
212.755,3,-0.174899,1.792681,0.651754,0.215713,-0.374271,-0.092339,-0.897141,332.859800,45.224530,0.271245
212.866,3,-0.157601,1.793942,0.657821,0.210796,-0.374790,-0.088035,-0.898525,333.589500,45.280760,0.012433
212.978,3,-0.151339,1.792830,0.659820,0.206697,-0.373512,-0.085919,-0.900213,334.130300,45.064480,0.017975
213.088,3,-0.150305,1.786258,0.656617,0.198976,-0.370852,-0.082530,-0.903364,335.120700,44.617250,0.096493
213.198,3,-0.149682,1.769182,0.651745,0.180291,-0.370186,-0.068563,-0.908712,337.763700,44.437390,359.450700
213.309,3,-0.147583,1.731730,0.646282,0.139413,-0.390451,-0.041568,-0.909057,343.385600,46.778990,358.008900
213.420,3,-0.152174,1.693750,0.643569,0.105465,-0.418466,-0.023225,-0.901789,347.898000,50.074550,357.281300
213.530,3,-0.167319,1.622364,0.637427,0.071484,-0.446775,-0.003691,-0.891778,352.484500,53.438750,356.687200
213.641,3,-0.174557,1.548375,0.631937,0.076027,-0.464781,-0.000012,-0.882156,352.290800,55.842310,355.911600
213.751,3,-0.170767,1.484913,0.623561,0.058095,-0.473916,0.029943,-0.878142,355.776200,56.938450,353.803100
213.862,3,-0.152605,1.436106,0.617137,0.051235,-0.473894,0.029416,-0.878598,356.436700,56.862090,354.235300
213.973,3,-0.134719,1.374442,0.610247,0.046754,-0.470671,0.027430,-0.880642,356.759600,56.395960,354.694200
214.084,3,-0.134207,1.314266,0.598139,0.038024,-0.463495,0.033275,-0.884658,357.912300,55.401010,354.595600
214.195,3,-0.140972,1.274589,0.587317,0.032797,-0.465912,0.023389,-0.883914,357.926400,55.662250,355.873600
214.306,3,-0.152036,1.229281,0.578673,0.035655,-0.474439,0.013158,-0.879468,357.120900,56.772560,356.729600
214.417,3,-0.161637,1.183655,0.571990,0.039261,-0.472202,0.017631,-0.880439,356.991500,56.514350,356.088300
214.528,3,-0.173791,1.123899,0.562518,0.045367,-0.475309,0.013060,-0.878552,356.141100,56.956010,356.202900
214.640,3,-0.185924,1.069184,0.550987,0.055468,-0.475263,0.012425,-0.878006,355.090000,57.037230,355.709300
214.752,3,-0.201043,1.014719,0.541908,0.061257,-0.479456,0.010329,-0.875365,354.414000,57.637020,355.573000
214.863,3,-0.216749,0.965744,0.538496,0.066788,-0.478285,0.006211,-0.875639,353.625700,57.528210,355.685600
214.975,3,-0.229104,0.929664,0.539007,0.069513,-0.481342,0.003758,-0.873764,353.231500,57.950300,355.756100
215.086,3,-0.242526,0.897197,0.543436,0.075618,-0.482961,-0.008755,-0.872327,351.929900,58.177950,356.655200
215.197,3,-0.247522,0.889764,0.547603,0.082013,-0.483709,-0.007461,-0.871346,351.364900,58.362380,356.152600
215.307,3,-0.261742,0.915214,0.541360,0.164241,-0.466282,-0.040733,-0.868301,341.143000,57.302380,355.003100
215.419,3,-0.285357,0.942042,0.524821,0.258246,-0.440132,-0.077652,-0.856483,329.288100,56.126710,353.702400
215.531,3,-0.314882,0.960712,0.505041,0.336422,-0.423036,-0.114059,-0.833578,318.900400,56.518310,352.797200
215.643,3,-0.330142,0.966555,0.499162,0.360321,-0.414355,-0.130101,-0.825562,315.351900,56.084630,353.236500
215.754,3,-0.334324,0.968652,0.499103,0.364458,-0.405499,-0.132274,-0.827795,314.710800,54.805370,353.750700
215.865,3,-0.331013,0.997540,0.496566,0.360917,-0.397912,-0.114899,-0.835586,316.005200,54.004370,352.394700
215.976,3,-0.323745,1.051443,0.489864,0.366180,-0.393749,-0.104035,-0.836691,315.997900,54.103630,350.858800
216.087,3,-0.313821,1.124215,0.485916,0.366413,-0.380722,-0.096540,-0.843489,316.240000,52.308570,350.746300
216.199,3,-0.304023,1.175655,0.484699,0.358811,-0.381081,-0.083808,-0.847944,317.749100,52.358010,349.779300
216.309,3,-0.294522,1.233234,0.484289,0.350305,-0.384798,-0.079005,-0.850279,318.965300,52.572980,349.671600
216.420,3,-0.281511,1.273604,0.482229,0.344469,-0.388070,-0.072428,-0.851761,319.982200,52.944930,349.164300
216.531,3,-0.265459,1.308788,0.484095,0.333337,-0.395396,-0.059556,-0.853816,321.952600,53.800430,348.136100
216.643,3,-0.255315,1.338237,0.486945,0.319957,-0.397752,-0.051876,-0.858330,323.805700,53.605180,348.168000
216.753,3,-0.254475,1.351997,0.481180,0.320488,-0.398310,-0.049688,-0.858003,323.875500,53.780720,347.847400
216.864,3,-0.257977,1.336034,0.472657,0.324341,-0.397649,-0.053346,-0.856640,323.265100,53.796680,348.005200
216.975,3,-0.262350,1.311201,0.469351,0.321571,-0.393602,-0.055059,-0.859440,323.409900,52.988510,348.614700
217.086,3,-0.278250,1.286994,0.469592,0.317552,-0.377112,-0.058636,-0.868049,323.449800,50.230480,350.129600
217.198,3,-0.299948,1.281547,0.468626,0.319933,-0.366897,-0.063544,-0.871201,322.837300,48.691580,351.045200
217.308,3,-0.333326,1.297744,0.463951,0.315303,-0.370224,-0.055930,-0.872004,323.750400,49.191930,350.296700
217.419,3,-0.361670,1.334117,0.456847,0.295166,-0.386282,-0.037915,-0.873055,326.996900,51.039370,348.874000
217.530,3,-0.406637,1.405728,0.441059,0.244097,-0.415301,0.001976,-0.876321,334.775100,53.674470,346.823800
217.641,3,-0.459051,1.476578,0.415942,0.188766,-0.446988,0.033005,-0.873773,342.520000,56.306170,346.267300
217.751,3,-0.513524,1.534228,0.384219,0.153083,-0.475008,0.054693,-0.864836,347.712000,59.093930,345.779200
217.862,3,-0.568253,1.578098,0.356034,0.117197,-0.481577,0.067060,-0.865940,352.045700,59.093530,346.629700
217.972,3,-0.619778,1.608148,0.335436,0.082091,-0.475547,0.071534,-0.872926,355.682500,57.605020,348.255800
218.083,3,-0.665981,1.623678,0.317583,0.058439,-0.465171,0.072978,-0.880270,357.994800,55.892640,349.457700
218.195,3,-0.695069,1.635796,0.302576,0.045558,-0.465587,0.071504,-0.880932,359.215900,55.780880,350.304100
218.307,3,-0.720592,1.643167,0.291057,0.037358,-0.466981,0.072264,-0.880518,0.097584,55.870300,350.668300
218.418,3,-0.729892,1.644898,0.289789,0.033077,-0.471352,0.074108,-0.878204,0.674057,56.392160,350.714400
218.529,3,-0.732348,1.645000,0.298691,0.025173,-0.478282,0.079649,-0.874225,1.843842,57.213810,350.594200
218.640,3,-0.727148,1.647417,0.312217,0.022505,-0.484520,0.077617,-0.871039,2.063603,58.007290,350.959900
218.751,3,-0.714489,1.646798,0.332190,0.012068,-0.493689,0.074563,-0.866352,3.021540,59.138550,351.876500
218.862,3,-0.702686,1.646262,0.348196,0.007177,-0.499755,0.077917,-0.862625,3.755394,59.903180,351.841900
218.973,3,-0.692128,1.645430,0.361817,0.004658,-0.510479,0.078035,-0.856330,4.111272,61.313630,352.023900
219.084,3,-0.682706,1.644251,0.372933,0.001095,-0.524543,0.076896,-0.847904,4.520350,63.185080,352.417100
219.195,3,-0.676440,1.643346,0.380295,-0.003839,-0.537933,0.075365,-0.839603,5.021502,64.985410,352.940800
219.306,3,-0.671143,1.642469,0.387049,-0.006861,-0.551765,0.073453,-0.830730,5.304947,66.877460,353.398600
219.417,3,-0.669465,1.642742,0.391664,-0.007797,-0.556480,0.070128,-0.827859,5.218818,67.534810,353.806800
219.528,3,-0.670597,1.643992,0.395476,-0.006238,-0.558063,0.064072,-0.827297,4.694051,67.770260,354.296300
219.639,3,-0.672170,1.644643,0.397541,-0.004869,-0.559847,0.060632,-0.826361,4.355033,68.026600,354.546900
219.750,3,-0.673278,1.645407,0.400420,-0.005415,-0.558757,0.057842,-0.827294,4.220766,67.880240,354.842300
219.862,3,-0.673753,1.645754,0.402679,-0.006282,-0.559486,0.055857,-0.826932,4.180108,67.983810,355.090700
219.973,3,-0.672625,1.645859,0.404995,-0.006541,-0.562718,0.053501,-0.824890,4.071606,68.436070,355.347800
220.084,3,-0.670204,1.645736,0.408987,-0.008442,-0.563188,0.053098,-0.824578,4.228255,68.500520,355.510900
220.195,3,-0.669084,1.645325,0.413747,-0.009498,-0.563321,0.052893,-0.824489,4.315791,68.518780,355.599100
220.306,3,-0.669553,1.644675,0.419809,-0.013460,-0.565403,0.050040,-0.823185,4.516402,68.813910,356.136900
220.417,3,-0.671573,1.645044,0.423298,-0.015838,-0.571639,0.043083,-0.819220,4.313026,69.699830,356.983100
220.528,3,-0.672851,1.644599,0.426369,-0.017495,-0.580789,0.035922,-0.813073,4.024095,71.000630,357.811600
220.640,3,-0.672899,1.643262,0.428458,-0.020841,-0.587820,0.035984,-0.807923,4.357503,72.003430,358.066400
220.750,3,-0.672711,1.642206,0.431933,-0.021447,-0.593087,0.034751,-0.804102,4.342136,72.756870,358.250200
220.862,3,-0.672260,1.641358,0.434999,-0.022266,-0.594951,0.034736,-0.802703,4.420636,73.025580,358.317700
220.972,3,-0.670187,1.640201,0.437649,-0.024565,-0.596952,0.035942,-0.801095,4.718970,73.317820,358.375200
221.084,3,-0.667607,1.639794,0.439443,-0.023379,-0.600111,0.035834,-0.798771,4.609188,73.767040,358.322100
221.195,3,-0.664695,1.639116,0.440913,-0.023202,-0.602487,0.035654,-0.796994,4.585482,74.108350,358.340100
221.306,4,-0.660040,1.638217,0.442956,-0.025348,-0.604336,0.037660,-0.795436,4.924560,74.379410,358.316300
221.417,4,-0.657622,1.638155,0.444186,-0.027284,-0.603452,0.038985,-0.795978,5.191567,74.257440,358.323600
221.528,4,-0.654699,1.637756,0.445014,-0.028399,-0.603376,0.040329,-0.795930,5.386516,74.248840,358.277400
221.640,4,-0.652717,1.636989,0.445244,-0.032232,-0.604608,0.042947,-0.794711,5.921335,74.439690,358.312800
221.750,4,-0.651458,1.635010,0.447145,-0.038907,-0.606147,0.049806,-0.792838,7.011805,74.685300,358.163400
221.861,4,-0.651727,1.633734,0.450261,-0.042605,-0.605566,0.052362,-0.792927,7.526397,74.619110,358.182800
221.972,4,-0.651905,1.632352,0.453154,-0.045734,-0.608396,0.056236,-0.790317,8.089328,75.042950,358.076000
222.084,4,-0.651007,1.631484,0.454744,-0.044932,-0.618981,0.056904,-0.782052,8.089687,76.585430,358.067900
222.195,4,-0.647481,1.632771,0.450983,-0.037691,-0.653688,0.051636,-0.754060,7.143239,81.740360,358.348500
222.306,4,-0.641214,1.633353,0.437798,-0.024626,-0.731313,0.044411,-0.680150,5.650229,94.082600,358.595500
222.416,4,-0.636738,1.631539,0.426832,-0.022891,-0.778469,0.045713,-0.625597,5.728420,102.365400,358.758700
222.527,4,-0.630978,1.630831,0.412378,-0.016318,-0.819539,0.049939,-0.570611,5.766544,110.216500,358.258000
222.638,4,-0.624131,1.630906,0.398410,-0.006797,-0.846765,0.053653,-0.529211,5.627331,115.862800,357.392400
222.749,4,-0.610010,1.633669,0.378558,0.006463,-0.879456,0.042205,-0.474061,3.905303,123.246600,357.047800
222.860,4,-0.591534,1.639121,0.360208,0.019352,-0.902208,0.008776,-0.430777,359.952100,128.954900,357.565400
222.972,4,-0.567929,1.641545,0.339612,0.032418,-0.915343,-0.016925,-0.401011,356.733200,132.758600,357.372300
223.084,4,-0.537124,1.644866,0.315761,0.047858,-0.921283,-0.026588,-0.385019,355.075500,134.805900,356.103200
223.195,4,-0.505399,1.643655,0.292852,0.046279,-0.922693,-0.012624,-0.382541,356.634600,135.090900,355.648400
223.306,4,-0.461246,1.632683,0.263400,0.022241,-0.918551,0.057529,-0.390460,5.066888,133.722200,355.059500
223.416,4,-0.431564,1.621773,0.243281,-0.003564,-0.911994,0.104442,-0.396668,11.147130,132.551300,355.536400
223.527,4,-0.400398,1.618669,0.221343,-0.015428,-0.912076,0.122028,-0.391137,13.571970,133.103900,356.029100
223.638,4,-0.379890,1.622007,0.208066,-0.011885,-0.919049,0.109024,-0.378579,12.086920,134.847100,356.440900
223.749,4,-0.353357,1.632528,0.193487,0.005772,-0.934102,0.058825,-0.352080,6.075186,138.535600,356.990600
223.861,4,-0.327224,1.642499,0.184159,0.024350,-0.946412,-0.007949,-0.321945,358.239300,142.462100,357.650700
223.973,4,-0.295222,1.647286,0.178120,0.033024,-0.952526,-0.053838,-0.297835,352.978900,145.382500,358.219200
224.085,4,-0.257558,1.653116,0.172230,0.040615,-0.956675,-0.080294,-0.276906,349.856000,147.886000,358.064600
224.196,4,-0.221359,1.660211,0.164009,0.042031,-0.961487,-0.097387,-0.253557,347.960400,150.647600,358.158000
224.308,4,-0.178827,1.665953,0.150105,0.044050,-0.966206,-0.111650,-0.228123,346.358200,153.672400,357.984300
224.419,4,-0.151813,1.667093,0.140453,0.048688,-0.969415,-0.118282,-0.209462,345.538700,155.951800,357.345500
224.530,4,-0.122247,1.666324,0.129900,0.052268,-0.972894,-0.124511,-0.187731,344.817300,158.591900,356.735700
224.642,4,-0.100448,1.664872,0.122075,0.051063,-0.975468,-0.128773,-0.171090,344.413000,160.556500,356.693400
224.752,4,-0.084977,1.665531,0.116030,0.045755,-0.977945,-0.131352,-0.155813,344.266200,162.294300,357.108200
224.864,4,-0.073398,1.665949,0.110353,0.047257,-0.978590,-0.137576,-0.145608,343.559300,163.526400,356.866500
224.975,4,-0.065651,1.666720,0.102856,0.045809,-0.979242,-0.141556,-0.137657,343.151200,164.446300,356.960800
225.086,4,-0.058557,1.666987,0.088145,0.047575,-0.978748,-0.145257,-0.136707,342.701600,164.585300,356.793000
225.197,4,-0.055717,1.666974,0.071328,0.050236,-0.977532,-0.148690,-0.140706,342.251800,164.148200,356.606700
225.308,4,-0.053140,1.667146,0.040349,0.053484,-0.975809,-0.153204,-0.146507,341.659300,163.503100,356.406800
225.419,4,-0.051490,1.668655,0.009057,0.056647,-0.974321,-0.156421,-0.151731,341.216100,162.927400,356.189500
225.530,4,-0.050749,1.671069,-0.036721,0.057770,-0.971004,-0.168344,-0.159610,339.795900,161.967300,356.429100
225.642,4,-0.051241,1.676259,-0.078501,0.061086,-0.965961,-0.186397,-0.168655,337.622400,160.868600,356.581400
225.752,4,-0.051139,1.683511,-0.117073,0.064774,-0.960304,-0.204653,-0.178150,335.409000,159.688200,356.754000
225.864,4,-0.050720,1.689443,-0.148093,0.064551,-0.954028,-0.219572,-0.193524,333.644500,157.638300,357.557800
225.975,4,-0.051258,1.690560,-0.167541,0.066523,-0.948894,-0.227918,-0.207915,332.599900,155.777500,357.968500
226.087,4,-0.052905,1.690395,-0.179942,0.065981,-0.945968,-0.232226,-0.216476,332.100400,154.611800,358.425100
226.198,4,-0.053626,1.691967,-0.180177,0.067389,-0.944079,-0.239416,-0.216459,331.234300,154.568300,358.457700
226.308,4,-0.051545,1.693820,-0.171524,0.068557,-0.942208,-0.245253,-0.217706,330.527300,154.367100,358.525400
226.419,4,-0.048931,1.694750,-0.158378,0.066825,-0.941789,-0.245413,-0.219864,330.551600,154.029300,358.818500
226.530,4,-0.046904,1.694585,-0.136915,0.068804,-0.941747,-0.244834,-0.220079,330.565600,154.070200,358.564000
226.641,4,-0.045758,1.693301,-0.115413,0.071424,-0.942990,-0.240910,-0.218246,330.953000,154.439600,358.063000
226.752,4,-0.044282,1.693849,-0.093711,0.080492,-0.942761,-0.236731,-0.220637,331.191700,154.451000,356.905200
226.863,4,-0.041591,1.694678,-0.075139,0.083223,-0.943635,-0.240069,-0.212117,330.765800,155.608900,356.371900
226.974,4,-0.037729,1.694739,-0.062749,0.080961,-0.945383,-0.240156,-0.204991,330.838700,156.464500,356.414100
227.086,4,-0.032028,1.693836,-0.051928,0.076124,-0.946654,-0.236025,-0.205777,331.432300,156.253500,356.933100
227.197,4,-0.029535,1.693417,-0.046858,0.073972,-0.948757,-0.233457,-0.199714,331.801000,156.995400,356.935500
227.307,4,-0.027304,1.693100,-0.042449,0.072535,-0.951165,-0.232818,-0.189262,331.942700,158.302100,356.761200
227.419,4,-0.025736,1.693031,-0.041067,0.071966,-0.952599,-0.232583,-0.182431,332.006300,159.163100,356.607700
227.530,4,-0.024425,1.693251,-0.041217,0.070127,-0.953876,-0.233625,-0.174991,331.950000,160.053400,356.620800
227.641,4,-0.025237,1.693495,-0.041910,0.070952,-0.953652,-0.236653,-0.171782,331.592000,160.469000,356.478800
227.752,4,-0.026664,1.694130,-0.043691,0.072312,-0.952973,-0.241846,-0.167705,330.974500,161.001200,356.281700
227.863,4,-0.026924,1.695500,-0.045738,0.072410,-0.951250,-0.250410,-0.164846,329.981600,161.317700,356.344800
227.975,4,-0.026070,1.697660,-0.045217,0.071875,-0.947722,-0.263230,-0.165429,328.485300,161.129800,356.695300
228.086,4,-0.024592,1.698687,-0.045281,0.071040,-0.945688,-0.270063,-0.166412,327.694400,160.913600,356.983400
228.197,4,-0.024836,1.698705,-0.046394,0.068768,-0.945973,-0.270344,-0.165286,327.709700,160.977700,357.237900
228.308,4,-0.027145,1.698857,-0.046377,0.068006,-0.946819,-0.271397,-0.158909,327.619400,161.783300,357.113800
228.419,4,-0.028373,1.698830,-0.045746,0.067813,-0.946991,-0.272987,-0.155201,327.446800,162.253200,357.028100
228.530,4,-0.029565,1.698699,-0.044544,0.066174,-0.947552,-0.272924,-0.152574,327.492400,162.540500,357.136900
228.642,4,-0.029966,1.698423,-0.043336,0.064178,-0.948147,-0.271566,-0.152153,327.690100,162.533900,357.351000
228.752,4,-0.031095,1.698061,-0.042225,0.064723,-0.948398,-0.270423,-0.152391,327.814400,162.531700,357.267500
228.863,4,-0.031831,1.697836,-0.041158,0.064248,-0.949036,-0.269151,-0.150868,327.977400,162.724900,357.246200
228.975,4,-0.031704,1.697482,-0.039937,0.063863,-0.949396,-0.267212,-0.152208,328.209100,162.550300,357.308100
229.086,4,-0.030662,1.697442,-0.037810,0.063730,-0.949039,-0.267173,-0.154540,328.209700,162.239700,357.411600
229.197,4,-0.029877,1.697494,-0.036338,0.062940,-0.948802,-0.267493,-0.155761,328.183400,162.048400,357.564700
229.307,4,-0.029473,1.697308,-0.034891,0.061773,-0.949258,-0.266951,-0.154370,328.272300,162.194200,357.651200
229.419,4,-0.028906,1.697479,-0.033540,0.061192,-0.948753,-0.268731,-0.154615,328.072800,162.125800,357.770900
229.530,4,-0.028819,1.697699,-0.031592,0.061211,-0.948285,-0.270509,-0.154383,327.863500,162.141400,357.795900
229.641,4,-0.028650,1.697572,-0.029658,0.061099,-0.948066,-0.271915,-0.153300,327.702300,162.267600,357.797700
229.752,4,-0.027629,1.697871,-0.027421,0.061398,-0.947037,-0.274720,-0.154533,327.362900,162.090300,357.864000
229.863,4,-0.026361,1.697961,-0.025695,0.060000,-0.946366,-0.276210,-0.156525,327.209100,161.760600,358.152900
229.974,4,-0.025499,1.698165,-0.024634,0.060196,-0.945968,-0.276465,-0.158395,327.171700,161.517500,358.206000
230.086,4,-0.023970,1.697866,-0.022925,0.060037,-0.946048,-0.275706,-0.159298,327.262600,161.399600,358.245300
230.196,4,-0.022810,1.697883,-0.021382,0.060048,-0.945442,-0.277048,-0.160559,327.101800,161.218800,358.322500
230.307,4,-0.022198,1.697792,-0.020443,0.058120,-0.945711,-0.278282,-0.157517,326.998600,161.537900,358.478900
230.419,4,-0.022258,1.697114,-0.020689,0.057159,-0.946894,-0.275628,-0.155414,327.333600,161.808600,358.463400
230.530,4,-0.020282,1.696598,-0.021536,0.055966,-0.947075,-0.273031,-0.159281,327.656700,161.280700,358.709300
230.641,4,-0.010407,1.695440,-0.023556,0.052264,-0.941492,-0.263169,-0.203967,328.877900,155.385800,0.598588
230.752,4,0.009172,1.692681,-0.026506,0.049759,-0.919608,-0.240408,-0.306676,331.791500,142.199600,3.639372
230.863,4,0.032206,1.688681,-0.028469,0.050143,-0.874640,-0.217354,-0.430405,334.952100,126.196500,6.298265
230.975,4,0.049628,1.685711,-0.029163,0.043958,-0.824816,-0.207046,-0.524288,337.192000,113.292600,9.024364
231.085,4,0.066138,1.682411,-0.031707,0.029601,-0.765979,-0.204855,-0.608634,339.521200,100.778800,12.578620
231.196,4,0.075789,1.679441,-0.036193,0.020131,-0.735196,-0.202584,-0.646562,341.100500,94.962200,14.217680
231.307,4,0.085057,1.676339,-0.043634,0.014662,-0.712350,-0.198184,-0.673102,342.416800,90.920500,14.948930
231.418,4,0.090461,1.674725,-0.050461,0.012898,-0.706196,-0.192502,-0.681223,343.174300,89.865770,14.771880
231.529,4,0.095098,1.673653,-0.057699,0.012507,-0.705162,-0.182437,-0.685059,344.071900,89.691400,13.980860
231.640,4,0.096124,1.673748,-0.062052,0.017048,-0.717215,-0.174201,-0.674512,344.164500,91.749720,12.641650
231.751,4,0.096016,1.674917,-0.060355,0.022456,-0.766094,-0.161600,-0.621676,344.006900,100.477400,9.975296
231.863,4,0.092827,1.676352,-0.048919,0.030283,-0.846922,-0.166403,-0.504099,341.796600,117.347000,7.042615
231.974,4,0.085588,1.677443,-0.027455,0.043427,-0.915837,-0.179903,-0.356360,338.870600,136.919100,2.991294
232.085,4,0.076392,1.677686,0.017159,0.054199,-0.963614,-0.187646,-0.182482,337.578600,158.995500,357.770000
232.203,4,0.075993,1.677191,0.060421,0.059468,-0.974661,-0.188569,-0.104603,337.664900,168.685300,355.257700
232.307,4,0.075936,1.675070,0.098829,0.058939,-0.977589,-0.188672,-0.072448,337.825600,172.591300,354.553400
232.418,4,0.075173,1.676452,0.125960,0.063534,-0.977924,-0.191490,-0.054403,337.577200,174.906400,353.576000
232.529,4,0.076164,1.679583,0.151380,0.062272,-0.977233,-0.197948,-0.044223,336.896700,176.148800,353.495200
232.640,4,0.078098,1.679052,0.165772,0.062463,-0.976918,-0.199818,-0.042462,336.689300,176.379000,353.430200
232.751,4,0.080429,1.678845,0.174149,0.058188,-0.978280,-0.195511,-0.036859,337.243400,176.931400,353.809800
232.862,4,0.083434,1.677443,0.180526,0.053711,-0.981008,-0.183103,-0.034812,338.716100,177.008200,354.294600
232.973,4,0.087138,1.675972,0.188147,0.046382,-0.983164,-0.174435,-0.028454,339.779400,177.571000,355.031200
233.084,4,0.091019,1.673109,0.198525,0.039295,-0.984056,-0.172818,-0.014950,340.043900,179.034300,355.596500
233.196,4,0.093756,1.672575,0.207237,0.028755,-0.983734,-0.176996,-0.010674,339.583200,179.338400,356.770500
233.307,4,0.093373,1.670899,0.217861,0.020127,-0.985077,-0.170478,-0.012480,340.344200,178.921600,357.845800
233.417,4,0.091454,1.671236,0.226088,0.021500,-0.984692,-0.172516,-0.012543,340.105500,178.946800,357.683100
233.528,4,0.088931,1.671664,0.234267,0.023657,-0.983617,-0.178308,-0.012052,339.430500,179.065300,357.414100
233.640,4,0.087916,1.671246,0.239655,0.024769,-0.983717,-0.177713,-0.010319,339.503600,179.296700,357.242500
233.751,4,0.088091,1.671516,0.244582,0.024538,-0.983334,-0.179819,-0.010814,339.257000,179.237600,357.280600
233.862,4,0.089254,1.671804,0.248818,0.025109,-0.982810,-0.182451,-0.012848,338.944300,179.012000,357.256600
233.973,4,0.090388,1.672125,0.252179,0.025020,-0.982531,-0.183848,-0.014360,338.777500,178.831000,357.301600
234.084,4,0.091965,1.672018,0.254218,0.024276,-0.982507,-0.183970,-0.015650,338.760700,178.658500,357.420700
234.195,4,0.093512,1.671739,0.255119,0.022920,-0.982897,-0.181887,-0.017462,339.000900,178.404900,357.624000
234.307,4,0.094778,1.671901,0.255615,0.022309,-0.982518,-0.183910,-0.018401,338.764000,178.281500,357.720800
234.418,4,0.095708,1.672212,0.254941,0.021732,-0.982372,-0.184761,-0.018350,338.665900,178.276100,357.790200
234.529,4,0.097028,1.672051,0.253708,0.019990,-0.982554,-0.183945,-0.018796,338.763300,178.181300,358.010000
234.641,4,0.097458,1.671806,0.252553,0.019205,-0.982815,-0.182709,-0.018012,338.910200,178.256500,358.085700
234.751,4,0.097951,1.671356,0.251835,0.018140,-0.983183,-0.180837,-0.017903,339.130500,178.243400,358.209500
234.862,4,0.098223,1.671021,0.251840,0.017963,-0.983180,-0.180818,-0.018421,339.132000,178.177000,358.242300
234.973,4,0.098043,1.670791,0.252029,0.018426,-0.983235,-0.180429,-0.018815,339.175800,178.139200,358.194800
235.084,4,0.097846,1.670728,0.251503,0.018773,-0.983187,-0.180522,-0.020066,339.162000,177.996200,358.180800
235.196,4,0.098246,1.671324,0.250970,0.018761,-0.982763,-0.182645,-0.021600,338.911800,177.813200,358.219800
235.306,4,0.099313,1.671785,0.247978,0.019535,-0.981972,-0.185914,-0.028016,338.517300,177.058100,358.278800
235.418,4,0.100258,1.672396,0.244561,0.021277,-0.981192,-0.188859,-0.033797,338.157800,176.399900,358.210400
235.529,4,0.100158,1.673678,0.235839,0.022415,-0.979263,-0.198542,-0.033506,337.023600,176.467800,358.095500
235.640,4,0.096902,1.674628,0.222644,0.021824,-0.977673,-0.207245,-0.027002,336.020200,177.255300,358.025500
235.751,4,0.089305,1.674336,0.203016,0.023169,-0.977978,-0.206848,-0.015369,336.090200,178.716500,357.557500
235.863,4,0.078987,1.674024,0.176007,0.028660,-0.977082,-0.210757,-0.008406,335.648400,179.726700,356.698700
235.974,4,0.068066,1.673821,0.146084,0.034184,-0.975427,-0.217530,-0.007427,334.857200,180.024300,355.980400
236.085,4,0.051665,1.674666,0.100055,0.038765,-0.971104,-0.235099,-0.013545,332.763700,179.479400,355.554300
236.196,4,0.037423,1.678317,0.060432,0.043553,-0.965093,-0.257208,-0.023301,330.099900,178.508100,355.230500
236.307,4,0.019270,1.683859,0.006431,0.044026,-0.958055,-0.280485,-0.038999,327.256900,176.590100,355.739900
236.418,4,0.007201,1.692454,-0.032272,0.046312,-0.953500,-0.292002,-0.058554,325.787000,174.127000,356.247600
236.529,4,-0.004201,1.703008,-0.072265,0.044708,-0.946537,-0.308461,-0.083192,323.745100,170.729500,357.632400
236.640,4,-0.011147,1.707743,-0.098265,0.040794,-0.940603,-0.321416,-0.101459,322.198500,167.973100,359.164600
236.751,4,-0.016752,1.708750,-0.118144,0.038831,-0.936490,-0.331878,-0.106472,320.959500,167.081400,359.848200
236.863,4,-0.019116,1.709245,-0.134287,0.038808,-0.933362,-0.339490,-0.109895,320.039200,166.510700,0.162412
236.974,4,-0.018778,1.709830,-0.145740,0.038505,-0.932141,-0.340585,-0.116759,319.913900,165.509000,0.580336
237.085,4,-0.016855,1.710711,-0.155025,0.038434,-0.930768,-0.340845,-0.126563,319.892500,164.110400,1.103532
237.196,4,-0.015897,1.711138,-0.158908,0.039290,-0.929938,-0.341733,-0.129961,319.774800,163.655800,1.182003
237.307,4,-0.015162,1.711179,-0.160068,0.039244,-0.930196,-0.341626,-0.128406,319.786700,163.876400,1.104861
237.418,4,-0.014344,1.711312,-0.157089,0.039835,-0.929903,-0.342445,-0.128159,319.677200,163.928100,1.028829
237.529,4,-0.013213,1.711259,-0.148826,0.038713,-0.931036,-0.340902,-0.124334,319.878400,164.439900,0.950508
237.641,4,-0.011002,1.710156,-0.134811,0.037558,-0.933043,-0.337232,-0.119563,320.335900,165.112200,0.785576
237.751,4,-0.005764,1.708869,-0.112453,0.036671,-0.935370,-0.331617,-0.117344,321.025500,165.458400,0.679820
237.863,4,0.003095,1.705954,-0.081384,0.035857,-0.937277,-0.325497,-0.119492,321.776500,165.202000,0.771204
237.973,4,0.015587,1.702829,-0.042073,0.037591,-0.939846,-0.318301,-0.118159,322.613300,165.557300,0.328869
238.085,4,0.030061,1.697773,0.002006,0.036769,-0.943665,-0.310866,-0.107268,323.516200,167.093300,359.807400
238.196,4,0.043540,1.689951,0.041591,0.040017,-0.948454,-0.300021,-0.093926,324.786300,169.124000,358.628900
238.307,4,0.062778,1.685302,0.092614,0.036670,-0.957938,-0.276069,-0.069251,327.724400,172.358400,357.829600
238.418,4,0.077677,1.677108,0.128440,0.032894,-0.962466,-0.262914,-0.058758,329.339000,173.605100,357.839900
238.529,4,0.091857,1.677868,0.165562,0.029588,-0.969226,-0.238373,-0.053891,332.272700,174.141000,357.950100
238.640,4,0.099410,1.678566,0.190524,0.030954,-0.974509,-0.218087,-0.042564,334.678900,175.593000,357.351800
238.751,4,0.106143,1.677569,0.210420,0.026578,-0.978451,-0.202449,-0.030694,336.559100,176.919600,357.527300
238.862,4,0.113102,1.675076,0.226355,0.022178,-0.981016,-0.191277,-0.022990,337.894600,177.734600,357.852400
238.973,4,0.119004,1.673078,0.238382,0.022138,-0.984243,-0.174691,-0.016081,339.843400,178.539900,357.682500
239.084,4,0.124784,1.669667,0.247877,0.015133,-0.986623,-0.161874,-0.011952,341.350400,178.870000,358.428100
239.195,4,0.127719,1.667001,0.254376,0.010760,-0.988592,-0.149911,-0.009841,342.745700,179.026200,358.900600
239.305,4,0.128454,1.665433,0.261540,0.012272,-0.989626,-0.143138,-0.000836,343.541100,180.111100,358.563000
239.416,4,0.128755,1.665748,0.267032,0.011579,-0.989636,-0.142934,0.007488,343.576700,181.083100,358.503100
239.527,4,0.128610,1.666731,0.273638,0.011926,-0.989015,-0.146926,0.010990,343.120300,181.511700,358.393900
239.639,4,0.128161,1.666629,0.277766,0.012165,-0.988684,-0.148971,0.012766,342.886800,181.730900,358.329700
239.749,4,0.126795,1.666559,0.280814,0.011139,-0.988233,-0.152052,0.012310,342.527300,181.665200,358.452500
239.861,4,0.125102,1.666700,0.283010,0.010713,-0.988226,-0.152284,0.010187,342.496500,181.405800,358.541400
239.972,4,0.122621,1.666919,0.284864,0.012001,-0.987541,-0.156545,0.010595,342.004900,181.487200,358.372000
240.083,4,0.120479,1.667355,0.286310,0.011301,-0.986869,-0.160630,0.012613,341.533100,181.723300,358.407700
240.194,4,0.119164,1.667494,0.287319,0.009608,-0.986174,-0.164786,0.014630,341.050500,181.940200,358.559800
240.306,4,0.119317,1.668633,0.288385,0.007469,-0.985026,-0.171866,0.011432,340.219800,181.527800,358.864700
240.417,4,0.120285,1.669328,0.288109,0.005619,-0.984111,-0.177303,0.007571,339.580700,181.032900,359.159600
240.530,4,0.121466,1.668929,0.286826,0.003732,-0.984406,-0.175734,0.007027,339.761200,180.925000,359.400500
240.640,4,0.122749,1.669580,0.285567,0.002783,-0.984066,-0.177478,0.010385,339.559000,181.310300,359.439700
240.750,4,0.125562,1.670320,0.284016,0.001692,-0.983402,-0.180769,0.015519,339.176800,181.908900,359.452000
240.862,4,0.127987,1.671715,0.281345,0.002811,-0.982257,-0.186086,0.023143,338.565500,182.864100,359.129900
240.973,4,0.127871,1.673760,0.275783,0.007533,-0.980745,-0.193022,0.028725,337.779200,183.669700,358.399000
241.084,4,0.123629,1.675401,0.266125,0.014562,-0.979178,-0.200202,0.030311,336.971900,184.061900,357.468200
241.195,4,0.114876,1.676863,0.253999,0.022481,-0.977450,-0.207823,0.029937,336.113500,184.256700,356.464100
241.307,4,0.096100,1.677145,0.233214,0.035299,-0.975383,-0.215821,0.028348,335.227500,184.455500,354.875800
241.418,4,0.075793,1.675830,0.212406,0.042808,-0.973774,-0.222487,0.020747,334.435400,183.778900,354.108100
241.528,4,0.040208,1.674639,0.177292,0.054797,-0.970683,-0.233949,-0.006350,332.943100,180.856500,353.331800
241.640,4,-0.000732,1.672953,0.140209,0.066201,-0.964287,-0.253109,-0.041285,330.422100,176.960900,352.947800
241.751,4,-0.045565,1.670505,0.097256,0.070356,-0.955619,-0.270279,-0.093769,328.010700,170.417900,354.331100
241.863,4,-0.089928,1.672887,0.050621,0.073175,-0.940182,-0.285446,-0.170947,325.822300,160.242000,357.228400
241.973,4,-0.128880,1.678777,0.005621,0.094562,-0.918152,-0.292194,-0.250356,324.274300,150.117400,358.070100
242.085,4,-0.156549,1.686604,-0.035610,0.110028,-0.893588,-0.301427,-0.313905,322.570900,141.469600,359.466100
242.196,4,-0.168940,1.693314,-0.065061,0.126522,-0.870486,-0.306786,-0.363495,321.238000,134.600000,0.202828
242.307,4,-0.170269,1.702668,-0.094412,0.139343,-0.845940,-0.316896,-0.405644,319.519000,128.169900,1.607918
242.418,4,-0.162680,1.708227,-0.113952,0.143071,-0.832525,-0.319283,-0.429525,319.116300,124.399700,2.733809
242.529,4,-0.147454,1.711324,-0.135057,0.144236,-0.822031,-0.309244,-0.455884,320.213700,120.765600,3.344208
242.640,4,-0.135191,1.712810,-0.147902,0.146962,-0.814334,-0.303299,-0.472518,320.738800,118.502100,3.500639
242.751,4,-0.121036,1.713742,-0.159730,0.147652,-0.807404,-0.297568,-0.487597,321.354200,116.411100,3.799706
242.862,4,-0.111383,1.714550,-0.165656,0.145449,-0.805200,-0.296318,-0.492640,321.647500,115.612800,4.221320
242.973,4,-0.105477,1.714124,-0.168071,0.143923,-0.806115,-0.295284,-0.492212,321.848200,115.704000,4.277061
243.084,4,-0.102727,1.714026,-0.168440,0.143519,-0.808020,-0.294314,-0.489781,321.960200,116.140400,4.104165
243.195,4,-0.103001,1.713847,-0.167442,0.143577,-0.808686,-0.296328,-0.487445,321.739000,116.403900,4.138791
243.307,4,-0.105187,1.713700,-0.166555,0.145184,-0.808670,-0.297499,-0.486280,321.511500,116.565300,3.994387
243.418,4,-0.106932,1.713783,-0.166852,0.145053,-0.809600,-0.296871,-0.485155,321.578700,116.778600,3.892688
243.529,4,-0.108572,1.713713,-0.167922,0.144319,-0.811404,-0.294985,-0.483508,321.810600,117.129600,3.724360
243.640,4,-0.109175,1.713212,-0.169232,0.144039,-0.812421,-0.291888,-0.483763,322.147300,117.251300,3.512011
243.751,4,-0.109146,1.712925,-0.170557,0.143667,-0.812894,-0.288093,-0.485352,322.566800,117.192500,3.326810
243.862,4,-0.108784,1.712995,-0.171351,0.143108,-0.812728,-0.287216,-0.486313,322.695700,117.072500,3.368479
243.973,4,-0.107734,1.713171,-0.172340,0.140941,-0.813617,-0.285160,-0.486670,323.043800,117.071700,3.459085
244.084,4,-0.106561,1.712664,-0.172279,0.137434,-0.814834,-0.277324,-0.490151,324.078700,116.844000,3.390193
244.196,4,-0.106563,1.710033,-0.170012,0.132891,-0.817779,-0.263139,-0.494303,325.822600,116.786900,2.964817
244.307,4,-0.107578,1.706587,-0.159853,0.129188,-0.826547,-0.246828,-0.489087,327.696800,118.224900,1.890301
244.418,4,-0.106198,1.704693,-0.141890,0.123451,-0.835824,-0.237300,-0.479423,328.999100,119.930900,1.415103
244.528,4,-0.101246,1.699396,-0.105635,0.114378,-0.854601,-0.219068,-0.456711,331.386000,123.681900,0.300717
244.640,4,-0.095502,1.693162,-0.068798,0.108336,-0.871799,-0.198615,-0.434491,333.867600,127.259500,358.959500
244.750,4,-0.087014,1.687257,-0.017060,0.105269,-0.892994,-0.172492,-0.402151,336.875100,132.140600,356.928700
244.861,4,-0.079822,1.683388,0.028470,0.102458,-0.914327,-0.158189,-0.358448,338.732400,138.041300,355.448200
244.972,4,-0.073970,1.679494,0.070757,0.093879,-0.934638,-0.151222,-0.307847,340.094100,144.421300,354.973600
245.083,4,-0.068638,1.674643,0.107327,0.087369,-0.949603,-0.142130,-0.265366,341.560400,149.663200,354.525800
245.194,4,-0.064880,1.672097,0.135192,0.081973,-0.958405,-0.130392,-0.240289,343.182100,152.688000,354.336600
245.305,4,-0.061905,1.671952,0.166424,0.074060,-0.965324,-0.123069,-0.217988,344.342200,155.282400,354.677000
245.416,4,-0.061224,1.669415,0.186554,0.071443,-0.967489,-0.119973,-0.210873,344.794900,156.104300,354.789100
245.527,4,-0.061201,1.666240,0.206010,0.073541,-0.969264,-0.118055,-0.202932,345.007100,157.090400,354.377000
245.638,4,-0.060976,1.666148,0.216674,0.072746,-0.969759,-0.120090,-0.199636,344.813500,157.473900,354.461600
245.749,4,-0.059991,1.665253,0.225866,0.072993,-0.969962,-0.118954,-0.199238,344.939000,157.525500,354.401800
245.860,5,-0.058087,1.665147,0.230306,0.074102,-0.971055,-0.116354,-0.194993,345.234000,158.049900,354.151200
245.971,5,-0.055745,1.665120,0.231726,0.072494,-0.972804,-0.115435,-0.187273,345.419300,158.949500,354.199500
246.083,5,-0.052774,1.663041,0.230905,0.068184,-0.974745,-0.109154,-0.182506,346.250200,159.453600,354.501100
246.193,5,-0.050696,1.662160,0.230232,0.064021,-0.975566,-0.103236,-0.183069,347.004900,159.328300,354.870600
246.305,5,-0.051495,1.661872,0.230167,0.059876,-0.976462,-0.103730,-0.179377,347.052500,159.714200,355.308000
246.416,5,-0.054177,1.661877,0.231174,0.058650,-0.977962,-0.104549,-0.170938,347.024200,160.699700,355.351600
246.527,5,-0.057286,1.661981,0.232042,0.059399,-0.978819,-0.107296,-0.163931,346.731100,161.541200,355.220100
246.638,5,-0.059305,1.661582,0.231622,0.060178,-0.979626,-0.106721,-0.159127,346.806200,162.119600,355.054100
246.749,5,-0.060999,1.661377,0.230976,0.061505,-0.980235,-0.105769,-0.155464,346.910100,162.569000,354.834600
246.860,5,-0.062342,1.660603,0.228508,0.064722,-0.981741,-0.102431,-0.146641,347.284900,163.645900,354.290900
246.971,5,-0.064406,1.655542,0.221534,0.064625,-0.987208,-0.080147,-0.121742,349.980800,166.492500,353.698800
247.082,5,-0.063021,1.642011,0.209528,0.058700,-0.992803,-0.015700,-0.103202,357.519000,168.272000,353.487500
247.192,5,-0.055696,1.623371,0.194141,0.044378,-0.991720,0.066628,-0.100415,7.079118,168.073500,354.135200
247.303,5,-0.047236,1.601870,0.175676,0.036543,-0.981999,0.156306,-0.099559,17.440120,167.471300,353.808500
247.414,5,-0.042841,1.589402,0.154731,0.036804,-0.975776,0.199012,-0.083076,22.474130,168.971100,353.482200
247.525,5,-0.042050,1.585104,0.122840,0.034536,-0.976376,0.209075,-0.042243,23.913310,173.913400,354.658300
247.637,5,-0.047022,1.588778,0.095809,0.034897,-0.981846,0.185780,0.015697,21.463610,181.099400,356.137200
247.747,5,-0.065574,1.602437,0.064236,0.032956,-0.981623,0.121809,0.143156,14.393350,196.371800,358.235500
247.860,5,-0.077149,1.611458,0.041218,0.023007,-0.970997,0.087012,0.221507,10.321390,205.668900,359.642900
247.971,5,-0.084593,1.616809,0.006221,0.035359,-0.962246,0.067946,0.261182,8.582426,210.230200,358.113300
248.082,5,-0.093427,1.619347,-0.026213,0.042814,-0.953717,0.058593,0.291819,7.859836,213.837500,357.253500
248.193,5,-0.107888,1.619737,-0.052914,0.050375,-0.935035,0.046709,0.347837,7.030235,220.591800,356.435200
248.305,5,-0.120121,1.626357,-0.072589,0.051908,-0.897899,0.032561,0.435916,5.953856,231.597200,356.262800
248.417,5,-0.122833,1.629496,-0.087813,0.046081,-0.857427,0.013229,0.512368,4.008609,241.590300,356.237200
248.528,5,-0.111704,1.628125,-0.104181,0.036958,-0.781924,-0.005286,0.622255,2.162175,256.955800,356.306400
248.639,5,-0.090794,1.629106,-0.119956,0.029130,-0.721406,-0.015421,0.691728,1.034283,267.560900,356.366600
248.749,5,-0.054254,1.637318,-0.139834,0.020502,-0.647361,-0.019474,0.761659,0.344816,279.265500,356.777700
248.861,5,-0.019687,1.638546,-0.153119,0.012171,-0.588705,-0.022550,0.807942,359.605600,287.852300,357.089800
248.971,5,0.008970,1.634101,-0.158732,0.015249,-0.526982,-0.011076,0.849667,0.815845,296.369600,358.000200
249.083,5,0.033599,1.623513,-0.155357,0.043438,-0.465133,0.008063,0.884138,4.836480,304.440000,358.496100
249.193,5,0.058651,1.616158,-0.146053,0.069842,-0.397225,0.007739,0.915027,7.698655,312.906600,357.610100
249.304,5,0.081825,1.611598,-0.136214,0.090031,-0.332195,0.006747,0.938880,9.993703,320.790400,357.256100
249.415,5,0.097544,1.611070,-0.131447,0.094621,-0.302259,-0.001695,0.948517,10.280960,324.332700,356.479800
249.526,5,0.109507,1.606343,-0.129229,0.113211,-0.286365,-0.000562,0.951409,12.421260,326.076200,356.130300
249.636,5,0.105882,1.596181,-0.132602,0.149148,-0.314108,0.029356,0.937139,17.336730,322.586000,357.678000
249.747,5,0.083963,1.573451,-0.149726,0.211446,-0.421283,0.095147,0.876789,26.804930,308.499900,359.274000
249.858,5,0.064215,1.555316,-0.169908,0.248537,-0.512836,0.144469,0.808924,33.385700,294.816700,358.545900
249.968,5,0.044522,1.541380,-0.193267,0.270661,-0.583843,0.181164,0.743673,37.887240,282.568500,356.615400
250.079,5,0.034189,1.533782,-0.204000,0.286838,-0.601056,0.206479,0.716814,41.256360,278.638300,356.278400
250.190,5,0.022898,1.539865,-0.204317,0.267518,-0.590485,0.194879,0.736060,38.606300,281.779000,357.869900
250.302,5,0.017523,1.550634,-0.194903,0.233119,-0.547569,0.177552,0.783773,34.046730,290.608800,1.592206
250.413,5,0.015442,1.563822,-0.176897,0.192707,-0.467822,0.145456,0.850205,27.631000,303.424300,4.339005
250.525,5,0.012798,1.576661,-0.156383,0.162761,-0.400763,0.116397,0.894064,22.602280,312.676500,4.826506
250.636,5,0.008692,1.591136,-0.133024,0.130777,-0.339526,0.075025,0.928435,17.084480,320.280500,3.028901
250.747,5,0.003160,1.604749,-0.102119,0.098065,-0.246737,0.039226,0.963310,12.022260,331.434600,1.592477
250.859,5,-0.004921,1.610219,-0.082179,0.090640,-0.192982,0.025916,0.976663,10.780840,337.731500,0.912193
250.970,5,-0.016614,1.611449,-0.065065,0.081728,-0.136497,0.011450,0.987197,9.467521,344.257000,0.017196
251.081,5,-0.027121,1.614312,-0.058522,0.080004,-0.090727,0.008734,0.992619,9.230819,349.568400,0.163758
251.192,5,-0.036361,1.618551,-0.060443,0.073457,-0.025786,-0.001315,0.996964,8.418423,357.009400,359.628700
251.304,5,-0.049760,1.617418,-0.075578,0.068228,0.046707,-0.012884,0.996493,7.884770,5.290122,358.883300
251.415,5,-0.067721,1.617690,-0.100322,0.068887,0.104878,-0.015453,0.991976,8.042623,12.004590,359.062000
251.526,5,-0.095171,1.621997,-0.144195,0.064984,0.177362,-0.019769,0.981799,7.736330,20.418380,359.088300
251.637,5,-0.113194,1.625753,-0.182161,0.041416,0.249741,-0.022744,0.967159,5.248271,28.895980,358.658900
251.747,5,-0.127048,1.638442,-0.236426,-0.031134,0.379265,-0.011891,0.924688,357.216700,44.666000,357.382900
251.860,5,-0.141304,1.648591,-0.273934,-0.079011,0.451717,-0.000309,0.888656,351.943600,54.183320,355.834000
251.970,5,-0.161601,1.646721,-0.292275,-0.071372,0.442330,-0.010157,0.893951,353.187500,52.932410,355.303400
252.082,5,-0.175098,1.638096,-0.292985,-0.023692,0.415289,-0.020118,0.909158,358.489000,49.142920,356.773800
252.192,5,-0.185754,1.632361,-0.290810,0.008670,0.384725,-0.030200,0.922497,2.248455,45.221660,357.186500
252.303,5,-0.195903,1.628086,-0.285208,0.029402,0.342600,-0.028700,0.938583,4.292975,40.033340,358.061700
252.414,5,-0.205376,1.622994,-0.277812,0.051422,0.291876,-0.026307,0.954711,6.519638,33.932710,358.834300
252.525,5,-0.220396,1.615889,-0.266213,0.080991,0.214826,-0.019542,0.973092,9.556529,24.882920,359.812100
252.636,5,-0.231185,1.612878,-0.259838,0.095058,0.175056,-0.016230,0.979825,11.067290,20.267530,0.086164
252.747,5,-0.242550,1.611669,-0.253141,0.100320,0.153534,-0.010561,0.982981,11.564350,17.814350,0.587349
252.858,5,-0.249962,1.612494,-0.246871,0.099249,0.144685,-0.005568,0.984472,11.363180,16.824760,1.037829
252.968,5,-0.261659,1.612307,-0.236744,0.099180,0.121030,-0.001804,0.987680,11.323810,14.090810,1.194713
253.080,5,-0.272328,1.611989,-0.227825,0.098786,0.094642,0.002601,0.990594,11.257700,11.052420,1.393555
253.190,5,-0.285037,1.609252,-0.212506,0.106768,0.066281,0.004557,0.992062,12.194880,7.789946,1.359796
253.302,5,-0.295832,1.606117,-0.192810,0.116515,0.044449,0.001408,0.992193,13.361020,5.220883,0.774585
253.413,5,-0.306451,1.599622,-0.166097,0.137013,0.019578,0.001661,0.990375,15.742980,2.336258,0.515216
253.525,5,-0.312610,1.590562,-0.128559,0.158800,-0.003547,0.001660,0.987303,18.275020,359.609300,0.129812
253.636,5,-0.313884,1.584675,-0.084745,0.167597,-0.018300,0.000759,0.985686,19.294470,357.824900,359.718400
253.747,5,-0.312133,1.578753,-0.011656,0.164251,-0.033408,-0.001184,0.985852,18.891370,355.984200,359.194100
253.859,5,-0.307553,1.583574,0.055017,0.150687,-0.053728,-0.000308,0.987120,17.305020,353.615500,358.991700
253.970,5,-0.299198,1.597198,0.140508,0.137195,-0.081038,0.000062,0.987224,15.717490,350.432900,358.683700
254.082,5,-0.293189,1.607835,0.204576,0.119918,-0.106428,-0.000538,0.987063,13.687040,347.503800,358.431900
254.192,5,-0.288761,1.617589,0.256944,0.112165,-0.122656,-0.000730,0.986090,12.769610,345.628900,358.298700
254.305,5,-0.287929,1.621369,0.304919,0.101542,-0.128118,0.000512,0.986547,11.565200,345.053200,358.537200
254.417,5,-0.293506,1.619829,0.345648,0.099953,-0.128683,0.002099,0.986634,11.406770,345.012200,358.738300
254.527,5,-0.312041,1.615084,0.397415,0.099051,-0.132940,0.004569,0.986152,11.336630,344.544300,358.987600
254.638,5,-0.335495,1.610786,0.435577,0.093293,-0.150077,0.011601,0.984195,10.784680,342.631400,359.698600
254.750,5,-0.373086,1.616224,0.485439,0.080286,-0.178490,0.019470,0.980468,9.461538,339.410800,0.552969
254.861,5,-0.405967,1.620076,0.529924,0.070106,-0.213235,0.028838,0.974056,8.561626,335.417800,1.523007
254.972,5,-0.429695,1.618023,0.568630,0.068633,-0.247627,0.022904,0.966150,8.277196,331.291800,0.594496
255.083,5,-0.448254,1.621793,0.604681,0.068757,-0.288288,0.017758,0.954907,8.137642,326.378100,359.668400
255.194,5,-0.466825,1.621518,0.636269,0.067689,-0.344298,0.017778,0.936248,7.989323,319.564900,359.229200
255.305,5,-0.495169,1.618847,0.677655,0.065455,-0.440439,0.022674,0.895106,7.883039,307.532800,359.012800
255.417,5,-0.520871,1.616311,0.710228,0.055331,-0.543759,0.027411,0.836967,7.032389,293.927500,359.175000
255.528,5,-0.551210,1.618312,0.749189,0.043127,-0.701928,0.038386,0.709904,6.610585,270.627200,359.651400
255.639,5,-0.566848,1.625859,0.772331,0.023006,-0.817121,0.043744,0.574344,5.619101,250.241500,0.728386
255.749,5,-0.570846,1.634367,0.790163,0.024570,-0.914405,0.054072,0.400420,6.809188,227.291800,359.905900
255.859,5,-0.565597,1.636496,0.798483,0.017106,-0.953328,0.056863,0.296041,6.808187,214.506400,0.060662
255.970,5,-0.547224,1.635915,0.804671,0.014273,-0.979994,0.059523,0.189382,7.011652,201.855700,359.686600
256.080,5,-0.517594,1.636017,0.804443,0.008827,-0.992668,0.053713,0.107925,6.231370,192.391300,359.658100
256.190,5,-0.479121,1.636974,0.802133,0.002095,-0.998193,0.046387,0.038139,5.322784,184.374400,359.962900
256.302,5,-0.432815,1.639038,0.800381,-0.004945,-0.998610,0.034003,-0.039972,3.916748,175.429700,0.411108
256.413,5,-0.387850,1.637844,0.798596,-0.007764,-0.995182,0.036660,-0.090603,4.265276,169.614900,0.506224
256.524,5,-0.346939,1.637380,0.798641,-0.010396,-0.991670,0.037426,-0.122808,4.403604,165.906100,0.656645
256.635,5,-0.317809,1.636284,0.796984,-0.013914,-0.990444,0.031835,-0.133465,3.828764,164.687600,1.094770
256.747,5,-0.290534,1.633471,0.791962,-0.015498,-0.990373,0.029595,-0.134336,3.599684,164.591900,1.305962
256.857,5,-0.278182,1.633529,0.786584,-0.016657,-0.990564,0.031397,-0.132363,3.819375,164.825300,1.417814
256.968,5,-0.273942,1.632595,0.778605,-0.016438,-0.990188,0.030695,-0.135335,3.740449,164.479900,1.392217
257.080,5,-0.278818,1.632967,0.771888,-0.012053,-0.988943,0.032907,-0.144096,3.931221,163.448200,0.824497
257.190,5,-0.296789,1.632809,0.762876,-0.010529,-0.987159,0.035660,-0.155354,4.225079,162.133400,0.557774
257.302,5,-0.323589,1.632854,0.754672,-0.007569,-0.985824,0.043087,-0.161977,5.014358,161.341000,0.055518
257.412,5,-0.356545,1.633454,0.746262,-0.001965,-0.986451,0.050894,-0.155952,5.797963,161.997500,359.309100
257.525,5,-0.400103,1.633454,0.736050,0.004858,-0.994175,0.053149,-0.093635,6.013887,169.179700,358.870000
257.635,5,-0.444525,1.631398,0.725872,0.006090,-0.998640,0.051594,0.004507,5.917883,180.482300,359.326200
257.747,5,-0.498360,1.626517,0.715473,0.007884,-0.985792,0.057648,0.157570,6.669569,198.171600,0.151278
257.859,5,-0.528179,1.623938,0.706893,0.015139,-0.965444,0.057370,0.253768,6.803175,209.453900,359.993400
257.970,5,-0.545125,1.620476,0.687701,0.026934,-0.946482,0.060571,0.315877,7.566344,216.863000,359.264800
258.082,5,-0.542012,1.615346,0.661583,0.032002,-0.939061,0.063506,0.336315,8.094020,219.337700,358.993600
258.193,5,-0.522115,1.609789,0.630000,0.032137,-0.936374,0.072972,0.341827,9.127268,220.061900,359.402500
258.304,5,-0.486365,1.608276,0.595627,0.032314,-0.936652,0.077072,0.340144,9.576432,219.877400,359.529200
258.416,5,-0.447799,1.613792,0.561949,0.027573,-0.939037,0.077273,0.333884,9.412273,219.145800,359.989300
258.527,5,-0.395252,1.615125,0.516170,0.018939,-0.944620,0.081830,0.317234,9.590937,217.206100,0.937779
258.638,5,-0.352380,1.613338,0.481559,0.012301,-0.953360,0.091845,0.287259,10.497310,213.693300,1.708245
258.748,5,-0.298453,1.611310,0.441912,0.009062,-0.971220,0.097325,0.217203,11.126990,205.352700,1.441073
258.859,5,-0.260138,1.608787,0.417983,0.008815,-0.981825,0.103013,0.159156,11.834610,198.509200,0.906258
258.969,5,-0.219131,1.607265,0.395632,0.001797,-0.990163,0.104997,0.092466,12.020440,190.768000,0.929052
259.080,5,-0.192218,1.606554,0.379043,-0.006178,-0.993164,0.102082,0.056277,11.658210,186.628200,1.390263
259.191,5,-0.173345,1.603920,0.361025,-0.011898,-0.993980,0.103070,0.035215,11.774490,184.244700,1.809516
259.302,5,-0.164834,1.599502,0.341523,-0.013142,-0.993014,0.113991,0.027520,13.042040,183.392600,1.904365
259.413,5,-0.167587,1.594170,0.318523,-0.011185,-0.991184,0.127304,0.034966,14.571100,184.276000,1.839959
259.525,5,-0.181448,1.579592,0.286897,-0.001878,-0.984015,0.170496,0.051413,19.593680,186.204700,1.291089
259.636,5,-0.200700,1.565311,0.248984,0.002315,-0.979763,0.189722,0.063755,21.842730,187.680300,1.213397
259.747,5,-0.227069,1.529344,0.197019,0.002170,-0.981388,0.181170,0.063643,20.846900,187.632900,1.152719
259.859,5,-0.248315,1.491115,0.152194,0.005213,-0.983875,0.167313,0.062995,19.261940,187.438500,0.656842
259.969,5,-0.274232,1.437236,0.086026,0.002805,-0.985186,0.160078,0.061449,18.406610,187.276600,0.854284
260.081,5,-0.293236,1.392116,0.027837,0.003342,-0.986610,0.154073,0.053393,17.720640,186.287800,0.592946
260.192,5,-0.303998,1.348231,-0.021105,0.002378,-0.987081,0.153251,0.046698,17.623730,185.506800,0.578224
260.303,5,-0.305744,1.310552,-0.054697,-0.002232,-0.987295,0.156054,0.029863,17.939240,183.595600,0.826800
260.415,5,-0.303574,1.280104,-0.070009,-0.005759,-0.986085,0.165357,0.016160,19.021660,182.047400,1.012288
260.526,5,-0.295345,1.244015,-0.067467,-0.012239,-0.981274,0.191983,-0.009681,22.148720,179.115400,1.255973
260.637,5,-0.282200,1.231751,-0.049976,-0.013117,-0.979079,0.202090,-0.019824,23.343580,177.907900,1.102931
260.747,5,-0.251142,1.229461,-0.003863,-0.022926,-0.976336,0.212075,-0.035598,24.566220,176.230900,1.869431
260.859,5,-0.219422,1.233651,0.049968,-0.027859,-0.972673,0.222950,-0.058523,25.911050,173.525500,1.790205
260.969,5,-0.179290,1.238113,0.131095,-0.028302,-0.963395,0.251172,-0.089336,29.275750,169.569900,0.634243
261.080,5,-0.145303,1.239585,0.203659,-0.029531,-0.958483,0.260618,-0.111880,30.411220,166.653700,359.886600
261.190,5,-0.113446,1.239809,0.274992,-0.033411,-0.955253,0.261017,-0.135075,30.510790,163.782000,359.555600
261.302,5,-0.086644,1.239152,0.342742,-0.037822,-0.952916,0.260118,-0.151191,30.476090,161.850000,359.563100
261.412,5,-0.062114,1.237897,0.404368,-0.036512,-0.949444,0.259721,-0.172535,30.383160,159.035000,358.652300
261.523,5,-0.036078,1.245390,0.460649,-0.036066,-0.946413,0.252531,-0.198067,29.490790,155.808800,357.908400
261.635,5,-0.010720,1.268856,0.508201,-0.038879,-0.947148,0.223718,-0.226606,26.193760,152.677500,358.228200
261.745,5,0.017328,1.317852,0.565791,-0.040915,-0.947411,0.164552,-0.271405,19.512060,147.905900,359.283100
261.857,5,0.033387,1.364161,0.606268,-0.036505,-0.947158,0.114958,-0.297228,13.855090,145.161000,0.048090
261.968,5,0.045320,1.428959,0.649923,-0.022941,-0.944559,0.059768,-0.322039,7.335775,142.365200,0.279803
262.080,5,0.047226,1.485932,0.672935,-0.011527,-0.944710,0.022915,-0.326903,2.913784,141.835100,0.389942
262.191,5,0.043693,1.536053,0.677712,0.000338,-0.945095,0.003845,-0.326772,0.403746,141.853100,359.819400
262.303,5,0.034239,1.573249,0.661748,0.008164,-0.951549,-0.003081,-0.307375,359.376500,144.200700,359.218200
262.414,5,0.026220,1.591670,0.634185,0.012687,-0.958343,-0.003490,-0.285318,359.201900,146.850300,358.720600
262.525,5,0.024012,1.601062,0.584781,0.012289,-0.968196,-0.012198,-0.249593,358.295000,151.103800,358.984900
262.637,5,0.032323,1.603193,0.539019,0.009403,-0.970987,-0.017656,-0.238295,357.778100,152.433400,359.435400
262.748,5,0.055521,1.610319,0.475886,0.007526,-0.968482,-0.020326,-0.248140,357.529500,151.263700,359.742500
262.859,5,0.074538,1.609582,0.428191,0.021689,-0.965694,-0.012661,-0.258467,357.956100,150.068300,357.973200
262.970,5,0.098576,1.607490,0.372861,0.020594,-0.967009,0.005902,-0.253842,0.054956,150.582000,357.545500
263.082,5,0.121382,1.608942,0.328695,0.010003,-0.970890,0.004381,-0.239277,0.213146,152.308300,358.766900
263.193,5,0.146748,1.603395,0.285991,0.007403,-0.976938,0.011887,-0.213063,1.150116,155.382500,358.880700
263.304,5,0.172656,1.600184,0.246007,0.005033,-0.987295,0.006391,-0.158689,0.631498,161.734000,359.314400
263.415,5,0.196369,1.603026,0.214094,-0.000130,-0.995673,0.004386,-0.092828,0.501772,169.347100,359.968200
263.527,5,0.223455,1.614375,0.174281,0.009878,-0.999815,-0.002514,0.016296,359.730400,181.870200,358.863600
263.637,5,0.237573,1.618373,0.146702,0.018383,-0.994300,0.013180,0.104188,1.721450,191.934700,358.061600
263.748,5,0.250266,1.615051,0.116730,0.033582,-0.979900,0.033955,0.193688,4.562890,202.241400,356.971800
263.859,5,0.259275,1.606758,0.095472,0.037833,-0.968211,0.061585,0.239467,7.895875,207.609500,357.467600
263.970,5,0.268521,1.599639,0.070771,0.038236,-0.961991,0.068188,0.261653,8.696552,210.264700,357.803700
264.081,5,0.269966,1.597825,0.053861,0.042068,-0.957322,0.066397,0.278131,8.657457,212.209000,357.471600
264.192,5,0.266243,1.597989,0.039509,0.048663,-0.952573,0.065821,0.293096,8.854379,213.961900,356.859800
264.303,5,0.262977,1.601657,0.028023,0.053322,-0.950546,0.055306,0.300933,7.887813,214.862700,356.058800
264.414,5,0.259516,1.607658,0.018209,0.051065,-0.949092,0.044319,0.307656,6.635098,215.687800,355.978500
264.526,5,0.249863,1.615404,0.001440,0.045324,-0.947771,0.023618,0.314830,4.204043,216.600900,355.915200
264.637,5,0.234865,1.617990,-0.016897,0.044657,-0.946000,0.010531,0.320902,2.784894,217.367400,355.536500
264.748,5,0.198855,1.620563,-0.046543,0.046776,-0.939706,-0.003788,0.338748,1.407926,219.582900,354.807400
264.860,5,0.150588,1.626657,-0.067228,0.051671,-0.925284,-0.019476,0.375235,0.156735,224.139800,353.671000
264.971,5,0.097148,1.634204,-0.068198,0.059234,-0.891086,-0.038365,0.448314,359.125500,233.476300,351.953300
265.083,5,0.055210,1.635433,-0.057388,0.061901,-0.833895,-0.049139,0.546236,359.179000,246.517800,350.970800
265.193,5,0.026238,1.634550,-0.041850,0.070284,-0.753467,-0.033530,0.652858,2.363768,261.637900,351.383400
265.304,5,0.011540,1.624635,-0.026296,0.098341,-0.653396,-0.006985,0.750569,7.960736,277.356300,351.931900
265.414,5,0.011389,1.616254,-0.019913,0.127798,-0.572056,0.036109,0.809393,14.370440,288.841100,354.802000
265.525,5,0.021900,1.614541,-0.023650,0.145109,-0.499663,0.040727,0.853008,16.753640,298.612900,355.476000
265.636,5,0.034425,1.613603,-0.028904,0.158560,-0.431922,0.040986,0.886917,18.461320,307.436900,356.114900
265.747,5,0.051796,1.602487,-0.033711,0.193355,-0.340501,0.042742,0.919155,22.616030,318.686100,356.702300
265.858,5,0.066867,1.598514,-0.034900,0.202063,-0.280033,0.038621,0.937689,23.614130,326.211500,357.451600
265.968,5,0.091231,1.593321,-0.036118,0.218904,-0.202845,0.025894,0.954078,25.353830,335.432200,357.501300
266.079,5,0.105854,1.591763,-0.039202,0.226120,-0.163850,0.013862,0.960120,26.023920,339.930800,356.971200
266.190,5,0.116340,1.586312,-0.047577,0.245684,-0.144778,0.009967,0.958425,28.282970,341.966200,356.612600
266.301,5,0.113186,1.580574,-0.058033,0.262729,-0.161633,0.016511,0.951092,30.337720,339.745800,356.444400
266.412,5,0.102615,1.580282,-0.066287,0.254730,-0.194480,0.020836,0.947025,29.378400,335.761500,356.077100
266.523,5,0.088215,1.598036,-0.072619,0.189873,-0.255060,0.010479,0.948042,21.429710,328.985400,355.255800
266.635,5,0.073085,1.617722,-0.074527,0.113727,-0.307345,-0.008568,0.944739,12.099910,323.422500,354.948400
266.746,5,0.051429,1.636917,-0.064991,0.028722,-0.338102,-0.026481,0.940298,2.069300,320.374300,356.028100
266.859,5,0.029484,1.642753,-0.046243,-0.006982,-0.351351,-0.035867,0.935531,357.806900,318.899700,356.431100
266.970,5,-0.006581,1.646007,-0.004488,-0.025022,-0.367464,-0.046562,0.928534,355.371900,316.976300,356.083500
267.082,5,-0.045963,1.648903,0.045001,-0.033161,-0.381411,-0.052908,0.922294,354.172800,315.277500,355.832500
267.193,5,-0.088623,1.652569,0.096737,-0.034938,-0.395617,-0.054449,0.916134,353.852000,313.510900,355.840200
267.305,5,-0.129068,1.656222,0.141658,-0.039000,-0.414266,-0.051252,0.907875,353.495700,311.144500,356.494700
267.416,5,-0.159981,1.657055,0.174433,-0.040891,-0.429572,-0.052987,0.900549,353.155700,309.205000,356.517900
267.527,5,-0.190570,1.660216,0.202242,-0.055989,-0.446291,-0.059744,0.891134,351.192600,307.047900,356.722000
267.639,5,-0.203003,1.671932,0.209000,-0.084972,-0.462084,-0.075508,0.879521,347.334900,304.921000,356.810000
267.750,5,-0.209800,1.696770,0.207959,-0.110266,-0.475139,-0.092165,0.868096,343.798000,303.082700,356.702700
267.861,5,-0.216675,1.716610,0.201373,-0.115177,-0.478448,-0.099095,0.864871,342.899400,302.649300,356.329100
267.972,5,-0.228100,1.719237,0.190600,-0.109312,-0.482532,-0.097526,0.863541,343.566100,302.152000,356.237400
268.083,5,-0.240194,1.706592,0.176437,-0.095117,-0.487451,-0.082216,0.864052,345.846300,301.503600,357.082800
268.194,5,-0.247147,1.699569,0.162111,-0.082735,-0.489711,-0.072566,0.864911,347.632000,301.246000,357.389200
268.305,5,-0.250074,1.693766,0.149468,-0.072298,-0.493967,-0.057490,0.864560,349.524900,300.666400,358.369400
268.416,5,-0.248609,1.675256,0.137482,-0.049886,-0.518768,-0.033451,0.852803,353.119900,297.393200,359.694400
268.526,5,-0.246465,1.646567,0.128340,-0.005792,-0.597374,0.004943,0.801927,359.806100,286.632000,0.850748
268.637,5,-0.245766,1.632164,0.132945,0.011248,-0.691402,0.021924,0.722050,2.668652,272.505800,0.923941
268.747,5,-0.245064,1.617734,0.165102,0.001849,-0.796108,0.032557,0.604276,3.099601,254.456200,2.089204
268.859,5,-0.246689,1.608911,0.209009,-0.014781,-0.859296,0.046616,0.509136,3.730474,241.430200,4.187767
268.969,5,-0.255685,1.615509,0.273247,-0.019996,-0.901162,0.061763,0.428595,5.403909,231.113900,5.127817
269.079,5,-0.257182,1.616384,0.320256,-0.011736,-0.917145,0.076046,0.391055,7.487602,226.491900,4.686257
269.190,5,-0.246990,1.621726,0.373674,-0.003270,-0.929884,0.085607,0.357739,9.025194,222.393500,3.909174
269.302,5,-0.233063,1.621072,0.414845,0.003998,-0.936671,0.099758,0.335678,10.927390,219.764900,3.473227
269.413,5,-0.216841,1.617299,0.451690,0.007209,-0.943393,0.109207,0.313100,12.155380,217.062800,3.212540
269.524,5,-0.197420,1.615520,0.482181,0.014154,-0.952031,0.118063,0.281953,13.460830,213.269900,2.335155
269.635,5,-0.176966,1.613427,0.504418,0.016511,-0.960532,0.124041,0.248436,14.270210,209.224300,1.768734
269.746,5,-0.148969,1.610294,0.535493,0.011836,-0.970985,0.134820,0.197161,15.455180,203.199500,1.794153
269.857,5,-0.129602,1.610085,0.564853,0.011341,-0.977528,0.130060,0.165514,14.953130,199.382800,1.238455
269.967,5,-0.108088,1.613719,0.606048,0.004862,-0.982834,0.125283,0.135346,14.334450,195.862900,1.440439
270.079,5,-0.095381,1.614199,0.636465,-0.000178,-0.986704,0.120180,0.109419,13.716900,192.844800,1.571993
270.189,5,-0.086032,1.615266,0.670564,0.001769,-0.989436,0.116610,0.086108,13.359520,190.062000,0.976529
270.300,5,-0.082488,1.617077,0.691490,0.001533,-0.991034,0.112918,0.071409,12.945850,188.329900,0.769432
270.412,5,-0.083793,1.618427,0.699784,0.003920,-0.992085,0.108783,0.062603,12.493840,187.259000,0.342839
270.523,5,-0.087532,1.618576,0.701433,0.003375,-0.992646,0.108848,0.052861,12.500670,186.127500,0.282088
270.634,5,-0.092790,1.618985,0.699662,0.004415,-0.992975,0.107101,0.050103,12.306440,185.789500,0.115175
270.745,5,-0.096857,1.619470,0.696649,0.005588,-0.993157,0.105987,0.048723,12.184950,185.612300,359.954800
270.856,5,-0.098461,1.619635,0.695749,0.005745,-0.993370,0.105798,0.044613,12.163710,185.130600,359.884300
270.967,5,-0.099096,1.620393,0.697609,0.004753,-0.993883,0.102079,0.041892,11.730380,184.821800,359.947600
271.078,5,-0.099071,1.620538,0.699865,0.004062,-0.993983,0.101469,0.041063,11.656920,184.732800,0.015132
271.191,5,-0.098500,1.621322,0.701985,0.004360,-0.994349,0.098521,0.039294,11.319010,184.520600,359.945700
271.300,5,-0.099142,1.624102,0.699280,0.005584,-0.995755,0.082530,0.040367,9.486222,184.621400,359.741000
271.411,5,-0.105574,1.625631,0.687865,0.004429,-0.996554,0.068907,0.045952,7.917461,185.270200,359.855700
271.523,5,-0.119023,1.626181,0.667306,0.006730,-0.997035,0.059883,0.047846,6.895240,185.468100,359.556200
271.634,5,-0.136687,1.623919,0.639628,0.011283,-0.997061,0.057456,0.049414,6.643403,185.618100,359.029600
271.745,5,-0.168306,1.620569,0.590881,0.014597,-0.995768,0.066438,0.061794,7.707566,187.020800,358.793900
271.857,5,-0.196549,1.618948,0.550368,0.014538,-0.993807,0.074439,0.081209,8.645282,189.269400,359.026000
271.968,5,-0.230116,1.619078,0.501863,0.009598,-0.990894,0.096267,0.093653,11.103270,190.792700,359.942200
272.079,5,-0.248644,1.619432,0.470933,0.007403,-0.990689,0.105335,0.085942,12.121250,189.937300,0.201439
272.190,5,-0.261330,1.618754,0.439385,0.004300,-0.991475,0.112839,0.065013,12.962520,187.544400,0.361369
272.301,5,-0.266725,1.615024,0.414611,0.002276,-0.991432,0.122992,0.043940,14.127240,185.121400,0.371911
272.412,5,-0.266965,1.609789,0.390691,0.001683,-0.990513,0.134747,0.026912,15.487470,183.144300,0.232965
272.523,5,-0.263951,1.602091,0.365307,-0.002499,-0.988709,0.149105,0.014692,17.143670,181.786900,0.558966
272.634,5,-0.260510,1.595698,0.342458,-0.004940,-0.987016,0.160203,0.010521,18.429780,181.350000,0.792533
272.745,5,-0.253887,1.590787,0.312374,-0.003673,-0.985529,0.169398,0.004895,19.503070,180.662100,0.540918
272.857,5,-0.247922,1.587638,0.289656,-0.004091,-0.984478,0.175455,0.001211,20.209420,180.233200,0.517710
272.968,5,-0.241389,1.585581,0.261368,-0.005143,-0.983390,0.181432,0.000461,20.905780,180.170000,0.630615
273.079,5,-0.237244,1.583162,0.240303,-0.004072,-0.982032,0.188657,-0.002348,21.749810,179.810300,0.438716
273.190,5,-0.234899,1.580034,0.215336,-0.002773,-0.980811,0.194870,-0.005349,22.475620,179.416400,0.207962
273.302,5,-0.236314,1.575837,0.194039,-0.000225,-0.979594,0.200981,-0.001205,23.188670,179.858400,-0.002706
273.413,5,-0.238681,1.570008,0.172544,0.001539,-0.978404,0.206678,0.002607,23.855900,180.279700,359.878800
273.524,5,-0.241463,1.564159,0.150362,0.004163,-0.977281,0.211792,0.006996,24.457490,180.749700,359.674300
273.635,5,-0.244001,1.557745,0.129174,0.004997,-0.976223,0.216453,0.010580,25.006270,181.169300,359.672800
273.746,5,-0.247790,1.547403,0.097401,0.008538,-0.974528,0.223493,0.016531,25.841460,181.808500,359.411000
273.858,5,-0.250105,1.536909,0.068295,0.010119,-0.973314,0.228029,0.023692,26.382830,182.655500,359.431200
273.968,5,-0.251988,1.519278,0.025647,0.012587,-0.972619,0.229423,0.034924,26.561740,183.984900,359.458100
274.080,5,-0.252650,1.505396,-0.005375,0.015817,-0.972064,0.229845,0.044866,26.632520,185.131700,359.350900
274.190,5,-0.253672,1.492371,-0.034343,0.019081,-0.971800,0.228495,0.055054,26.500410,186.305100,359.236400
274.302,5,-0.255082,1.487802,-0.046818,0.020173,-0.971700,0.227174,0.061513,26.357580,187.076000,359.280200
274.413,5,-0.253097,1.490261,-0.040379,0.020899,-0.971466,0.228243,0.061018,26.488000,186.996000,359.183600
274.524,5,-0.242044,1.504335,-0.014804,0.015963,-0.975006,0.217551,0.042190,25.187020,184.774800,359.191400
274.636,5,-0.222706,1.521060,0.019621,0.012019,-0.978972,0.203641,0.000984,23.499440,179.814500,358.554700
274.746,5,-0.187440,1.539047,0.074129,0.011142,-0.978804,0.187501,-0.081622,21.422050,169.855600,356.772000
274.857,5,-0.159527,1.546260,0.121952,0.006789,-0.971908,0.180778,-0.150563,20.447850,161.641200,355.860700
274.968,5,-0.132422,1.550780,0.185398,-0.005984,-0.958880,0.177722,-0.221198,20.088730,153.293600,355.900000
275.079,5,-0.121108,1.552475,0.232722,-0.015323,-0.951187,0.176712,-0.252549,20.115430,149.609900,356.329900
275.189,5,-0.116132,1.557192,0.285127,-0.021398,-0.947423,0.172144,-0.268883,19.736420,147.760300,356.831400
275.301,5,-0.115888,1.565528,0.321398,-0.023758,-0.948799,0.163328,-0.269331,18.827990,147.874500,357.402500
275.412,5,-0.117292,1.574023,0.350075,-0.021983,-0.954112,0.151671,-0.257260,17.501610,149.486200,357.831300
275.522,5,-0.117094,1.580727,0.372627,-0.019253,-0.962080,0.142347,-0.231879,16.429030,152.648300,358.269300
275.634,5,-0.111894,1.585250,0.393495,-0.014402,-0.969832,0.136657,-0.201356,15.715930,156.319200,358.386900
275.745,5,-0.100804,1.592018,0.414608,-0.005241,-0.977327,0.138624,-0.159965,15.821350,161.126700,357.968500
275.856,5,-0.090164,1.593901,0.434297,-0.000896,-0.981903,0.138696,-0.128956,15.819210,164.754500,357.974100
275.967,5,-0.080277,1.588258,0.462237,0.005434,-0.982863,0.154851,-0.099863,17.656470,168.008100,357.497300
276.078,5,-0.076403,1.587004,0.485618,0.013503,-0.984674,0.155632,-0.077554,17.721970,170.517200,356.947000
276.189,5,-0.074293,1.586061,0.516516,0.016775,-0.986299,0.157097,-0.047464,17.956620,174.032600,357.107500
276.300,5,-0.077543,1.587127,0.544643,0.024444,-0.986880,0.157707,-0.024476,18.063990,176.621900,356.625100
276.411,5,-0.085268,1.590389,0.571649,0.037051,-0.988073,0.149456,0.001349,17.184370,179.495700,355.628800
276.522,5,-0.094294,1.595184,0.596481,0.042039,-0.989732,0.134466,0.024122,15.557100,182.168000,355.431900
276.633,5,-0.101280,1.598169,0.618234,0.046631,-0.990459,0.124079,0.037688,14.436360,183.735000,355.082300
276.744,5,-0.105870,1.595643,0.635725,0.053273,-0.988655,0.131984,0.047993,15.431580,184.810300,354.483400
276.855,5,-0.106845,1.588960,0.643950,0.057447,-0.986985,0.137414,0.060652,16.153970,186.212100,354.220200
276.966,5,-0.102391,1.575002,0.652557,0.060081,-0.980544,0.178609,0.054981,20.908360,185.304500,353.966700
277.077,5,-0.102641,1.567539,0.649648,0.061386,-0.976892,0.194626,0.063524,22.833630,186.242700,354.070600
277.188,5,-0.105678,1.570239,0.646283,0.067943,-0.975698,0.193409,0.077394,22.826030,187.778500,353.605800
277.299,5,-0.108892,1.578677,0.647645,0.063699,-0.979345,0.170001,0.089023,20.140370,189.361200,354.223300
277.410,5,-0.116164,1.578422,0.644671,0.067995,-0.978598,0.155741,0.116053,18.699010,192.558500,354.126500
277.521,5,-0.119742,1.574260,0.628849,0.068067,-0.976162,0.168849,0.118171,20.226640,192.789800,354.313000
277.632,5,-0.124960,1.584462,0.614751,0.065686,-0.980697,0.142919,0.116159,17.192320,192.640700,354.254700
277.743,5,-0.137281,1.586575,0.597907,0.067762,-0.978435,0.147021,0.128287,17.763350,194.045100,354.282200
277.855,5,-0.150116,1.580669,0.579653,0.081260,-0.975189,0.156856,0.133417,19.123830,194.384700,352.909000
277.965,5,-0.161642,1.582558,0.547563,0.080136,-0.975854,0.159249,0.126204,19.331520,193.531600,352.926100
278.076,5,-0.171993,1.592770,0.530810,0.067541,-0.983182,0.127884,0.111525,15.457970,192.099300,353.788500
278.187,5,-0.197813,1.612039,0.513608,0.060406,-0.986963,0.057412,0.137692,7.467337,195.493100,354.012500
278.300,5,-0.223907,1.627424,0.494937,0.059499,-0.986074,0.014293,0.154642,2.670411,197.674200,353.509200
278.412,5,-0.253223,1.643032,0.471563,0.063025,-0.984874,-0.017956,0.160402,359.131900,198.557200,352.535100
278.524,5,-0.287331,1.659010,0.443232,0.068817,-0.982431,-0.040093,0.168777,356.815700,199.734500,351.432200
278.635,5,-0.316517,1.673164,0.417762,0.072204,-0.981239,-0.056217,0.169696,355.076900,200.023500,350.713300
278.747,5,-0.350836,1.691485,0.389716,0.086150,-0.978643,-0.071558,0.172381,353.664000,200.602300,348.785800
278.859,5,-0.371920,1.699229,0.371728,0.089105,-0.977395,-0.076754,0.175693,353.181300,201.079600,348.311900
278.970,5,-0.390917,1.699478,0.350868,0.093482,-0.977684,-0.074342,0.172827,353.508700,200.738800,347.887400
279.081,5,-0.403525,1.695689,0.333543,0.095972,-0.977955,-0.068147,0.172482,354.250300,200.622700,347.743500
279.192,5,-0.413376,1.698108,0.317894,0.100938,-0.977572,-0.062586,0.173919,354.994300,200.733500,347.293500
279.304,5,-0.420953,1.701154,0.304451,0.104820,-0.977218,-0.058588,0.174999,355.536800,200.817000,346.935100
279.414,5,-0.426611,1.700745,0.293594,0.108346,-0.977655,-0.052819,0.172226,356.218200,200.423700,346.670700
279.526,5,-0.439436,1.694298,0.281134,0.119013,-0.977385,-0.047224,0.168299,357.004800,199.919000,345.588800
279.637,5,-0.455765,1.685669,0.270705,0.131237,-0.975315,-0.042042,0.172541,357.895500,200.354800,344.295000
279.747,5,-0.478476,1.674050,0.256308,0.151113,-0.972123,-0.033042,0.176208,359.370500,200.646400,342.214000
279.859,5,-0.488320,1.664930,0.247024,0.160045,-0.971557,-0.022595,0.173066,0.658490,200.092800,341.408000
279.969,5,-0.489015,1.659862,0.241617,0.158472,-0.972465,-0.017808,0.169945,1.101749,199.647700,341.679800
280.080,5,-0.476235,1.656961,0.241941,0.148092,-0.977707,-0.007926,0.148645,1.634781,197.045400,343.018900
280.191,5,-0.449705,1.650648,0.249604,0.128641,-0.986055,0.009372,0.105162,2.610093,191.840800,345.405000
280.302,5,-0.410924,1.643198,0.269075,0.108836,-0.993260,0.030209,0.026007,3.765380,182.589800,347.578700
280.412,5,-0.370378,1.637429,0.298502,0.094355,-0.992708,0.047963,-0.057689,4.838032,172.875300,348.839600
280.523,5,-0.339981,1.632800,0.337843,0.078754,-0.989888,0.060637,-0.101206,5.975755,167.815400,350.264100
280.634,5,-0.319789,1.630811,0.377024,0.074548,-0.987119,0.071308,-0.122288,7.039090,165.287300,350.452500
280.745,5,-0.300800,1.631750,0.431757,0.066047,-0.987929,0.062630,-0.125343,6.153436,165.083200,351.544200
280.857,5,-0.290079,1.632901,0.477085,0.057649,-0.988933,0.060531,-0.122574,6.061185,165.474200,352.554300
280.967,5,-0.282086,1.637002,0.531242,0.054701,-0.991416,0.044646,-0.110039,4.386713,167.071900,353.186600
281.078,5,-0.279370,1.637168,0.568539,0.049014,-0.992390,0.045013,-0.103601,4.541773,167.836700,353.860800
281.189,5,-0.280701,1.638985,0.613287,0.047573,-0.991876,0.039366,-0.111215,3.871048,167.004100,354.067000
281.300,5,-0.286787,1.639612,0.649687,0.045668,-0.990633,0.034710,-0.123919,3.293575,165.575900,354.304200
281.411,5,-0.296217,1.640263,0.679246,0.048749,-0.989884,0.028889,-0.130071,2.551149,164.895200,354.022900
281.522,5,-0.304934,1.641192,0.700084,0.053854,-0.989259,0.019775,-0.134445,1.412146,164.442100,353.575000
281.633,5,-0.310735,1.640958,0.713150,0.055969,-0.987718,0.020101,-0.144486,1.348523,163.276500,353.315400
281.745,5,-0.313527,1.641736,0.720960,0.058925,-0.986263,0.014751,-0.153607,0.629907,162.256900,353.063400
281.857,5,-0.314176,1.642650,0.724537,0.061828,-0.984900,0.009478,-0.161432,359.925900,161.387800,352.828000
281.967,5,-0.313601,1.643090,0.725910,0.060223,-0.984332,0.009040,-0.165478,359.877700,160.921700,353.018300
282.079,5,-0.312917,1.642472,0.724346,0.058351,-0.984694,0.011928,-0.163803,0.250649,161.095800,353.175700
282.189,5,-0.311635,1.640800,0.721565,0.059842,-0.984747,0.018382,-0.162343,0.961035,161.217400,352.886000
282.301,5,-0.309856,1.640244,0.719003,0.059112,-0.984791,0.021163,-0.162003,1.291023,161.236600,352.916600
282.412,5,-0.306119,1.639881,0.718514,0.058661,-0.984175,0.021842,-0.165778,1.349077,160.794200,352.949600
282.523,5,-0.303178,1.640320,0.718786,0.058233,-0.983737,0.018154,-0.168939,0.919140,160.455400,353.066300
282.634,5,-0.300701,1.640159,0.719922,0.058229,-0.983193,0.018291,-0.172066,0.912665,160.091300,353.061100
282.745,5,-0.300147,1.640128,0.720712,0.059558,-0.982784,0.018251,-0.173943,0.868300,159.872600,352.910000
282.856,5,-0.300419,1.639371,0.721749,0.060928,-0.982900,0.020423,-0.172562,1.095608,160.015000,352.712800
282.967,5,-0.301412,1.638796,0.721030,0.062991,-0.983435,0.021718,-0.168571,1.230837,160.465700,352.458300
283.079,5,-0.302393,1.637643,0.719166,0.063500,-0.984371,0.025908,-0.162206,1.742353,161.168800,352.329100
283.189,5,-0.307715,1.637471,0.713267,0.069634,-0.987824,0.024858,-0.136880,1.721881,164.096800,351.695000
283.300,5,-0.316824,1.635665,0.701828,0.077111,-0.992432,0.025005,-0.092240,2.029092,169.218900,350.922700
283.411,5,-0.329590,1.631884,0.681862,0.086313,-0.994818,0.030252,-0.044411,3.010747,174.622800,349.941200
283.523,5,-0.341789,1.627428,0.651995,0.099314,-0.994336,0.035423,-0.013303,3.887806,178.076400,348.527100
283.633,5,-0.350903,1.625002,0.612270,0.107479,-0.993473,0.038119,0.002709,4.377256,179.838400,347.644800
283.745,5,-0.355933,1.625746,0.568254,0.112170,-0.992815,0.039380,0.013593,4.660056,181.043800,347.150400
283.856,5,-0.355638,1.626442,0.529768,0.110891,-0.992670,0.043594,0.020215,5.223001,181.753000,347.331800
283.967,5,-0.347875,1.626965,0.483091,0.103852,-0.993047,0.050630,0.022583,6.041366,181.978700,348.164000
284.078,5,-0.337456,1.626889,0.449378,0.095988,-0.993734,0.053342,0.020811,6.315971,181.794300,349.064500
284.189,5,-0.321801,1.625443,0.408848,0.087806,-0.994417,0.056603,0.014878,6.614432,181.133500,349.973400
284.300,5,-0.308995,1.623528,0.375099,0.082404,-0.994823,0.058331,0.011567,6.774631,180.773200,350.575500
284.411,5,-0.300257,1.622596,0.343680,0.080287,-0.994864,0.060680,0.010887,7.035524,180.688100,350.814500
284.523,5,-0.295290,1.621865,0.314838,0.086572,-0.994076,0.064123,0.014367,7.468090,181.009100,350.111400
284.633,5,-0.293713,1.620586,0.288596,0.100966,-0.991975,0.073506,0.019727,8.616207,181.408000,348.482600
284.745,5,-0.292968,1.616698,0.265051,0.118762,-0.989267,0.082190,0.022161,9.664546,181.413900,346.428300
284.856,5,-0.290559,1.611378,0.247203,0.121993,-0.988338,0.089294,0.018223,10.425220,180.829300,346.002500
284.968,5,-0.286193,1.604300,0.227512,0.119604,-0.988070,0.096646,0.008527,11.129390,179.634000,346.160400
285.079,5,-0.284023,1.599736,0.215075,0.117062,-0.987785,0.102778,0.003678,11.765460,179.017000,346.381600
285.189,5,-0.283393,1.594276,0.202979,0.112885,-0.988051,0.104929,0.001095,11.981650,178.739100,346.832100
285.301,5,-0.283998,1.589906,0.194350,0.111031,-0.987963,0.107701,-0.001456,12.268030,178.428800,347.006700
285.412,5,-0.285623,1.587542,0.187375,0.110278,-0.988164,0.106586,-0.003296,12.117770,178.240400,347.077600
285.523,5,-0.288227,1.581364,0.176112,0.105098,-0.989462,0.099405,-0.006183,11.269010,178.064100,347.682900
285.634,5,-0.290278,1.571263,0.156767,0.104114,-0.989314,0.101842,-0.006786,11.542480,177.974200,347.780100
285.746,5,-0.291433,1.553778,0.124398,0.101261,-0.989596,0.101706,-0.010143,11.492630,177.621200,348.075600
285.857,5,-0.291250,1.539396,0.097366,0.101205,-0.990004,0.097182,-0.014303,10.925180,177.198500,348.058200
285.968,5,-0.289384,1.522166,0.068339,0.103156,-0.989937,0.094020,-0.023318,10.447660,176.177200,347.752300
286.079,5,-0.287706,1.512810,0.055493,0.102577,-0.989638,0.095811,-0.030250,10.569680,175.359500,347.735300
286.190,5,-0.287906,1.513310,0.056233,0.102241,-0.989884,0.089799,-0.040159,9.762789,174.300800,347.719100
286.302,5,-0.291177,1.527487,0.073682,0.104323,-0.990675,0.075255,-0.044910,8.032552,173.931300,347.550700
286.412,5,-0.297399,1.551240,0.107525,0.106271,-0.991652,0.053350,-0.049877,5.463344,173.640700,347.462700
286.524,5,-0.303784,1.576367,0.157152,0.105819,-0.992053,0.037525,-0.056789,3.579579,173.058600,347.605800
286.635,5,-0.305860,1.596972,0.211709,0.099114,-0.992546,0.025398,-0.066218,2.137089,172.150100,348.448200
286.746,5,-0.302958,1.618118,0.295237,0.089030,-0.992482,0.008939,-0.083507,0.164694,170.366100,349.734300
286.857,5,-0.298422,1.629337,0.366013,0.084667,-0.991785,-0.001273,-0.095876,358.925000,169.047600,350.344200
286.968,5,-0.292880,1.639826,0.454354,0.074714,-0.990957,-0.013063,-0.110688,357.568300,167.430800,351.644400
287.079,5,-0.290879,1.642419,0.515523,0.068104,-0.989446,-0.014383,-0.127088,357.376400,165.534600,352.458100
287.190,5,-0.290830,1.643394,0.582484,0.066740,-0.987079,-0.016005,-0.144791,357.081100,163.496600,352.687300
287.301,5,-0.292478,1.645849,0.634194,0.066983,-0.985093,-0.023324,-0.156719,356.161300,162.161900,352.822800
287.412,5,-0.296035,1.647629,0.677079,0.064925,-0.983028,-0.029357,-0.169053,355.430400,160.755300,353.217800
287.523,5,-0.302238,1.646792,0.710426,0.067470,-0.982104,-0.028268,-0.173550,355.472200,160.237100,352.929000
287.634,5,-0.306387,1.646544,0.730779,0.070356,-0.982246,-0.027025,-0.171794,355.568700,160.446600,352.570000
287.745,5,-0.308545,1.645250,0.748506,0.069222,-0.982053,-0.021725,-0.174091,356.171400,160.142400,352.606500
287.857,5,-0.307662,1.643289,0.756156,0.068888,-0.981010,-0.011749,-0.180931,357.250000,159.281400,352.469200
287.968,5,-0.304973,1.641197,0.760279,0.065315,-0.980263,0.000452,-0.186596,358.654100,158.531700,352.631200
288.079,5,-0.303312,1.639194,0.761908,0.063005,-0.979619,0.012009,-0.190351,359.973800,158.009400,352.645200
288.189,5,-0.302314,1.638078,0.761525,0.061624,-0.979402,0.016899,-0.191544,0.543981,157.833600,352.692800
288.300,5,-0.302146,1.636498,0.759255,0.059574,-0.979380,0.022937,-0.191678,1.265787,157.773000,352.789500
288.411,5,-0.300542,1.634630,0.755946,0.056677,-0.976809,0.031860,-0.204001,2.241899,156.268000,352.887400
288.522,5,-0.297281,1.631767,0.753385,0.049887,-0.971456,0.046544,-0.227198,3.885481,153.442400,353.203200
288.633,5,-0.293678,1.630033,0.751923,0.043664,-0.965571,0.056452,-0.250158,5.000878,150.667000,353.512100
288.744,5,-0.292684,1.629033,0.751447,0.041203,-0.962704,0.061033,-0.260342,5.512355,149.426300,353.590800
288.855,5,-0.293148,1.627663,0.751907,0.037244,-0.961664,0.065684,-0.263630,6.124859,149.010700,353.864800
288.967,5,-0.294775,1.626177,0.754641,0.035107,-0.960488,0.069568,-0.267192,6.596580,148.559900,353.954800
289.078,5,-0.297009,1.625744,0.756467,0.033935,-0.960816,0.069230,-0.266248,6.601518,148.682800,354.102000
289.188,6,-0.301212,1.626108,0.759547,0.031809,-0.962815,0.064011,-0.260535,6.124409,149.424800,354.540100
289.300,6,-0.305465,1.627302,0.761618,0.030872,-0.965358,0.057974,-0.252529,5.528398,150.433300,354.876700
289.410,6,-0.311172,1.628810,0.763697,0.031025,-0.968883,0.049170,-0.240593,4.608720,151.914700,355.178600
289.522,6,-0.318629,1.631337,0.764012,0.031481,-0.976043,0.032310,-0.212851,2.847017,155.288200,355.681500
289.633,6,-0.325628,1.632365,0.763200,0.033955,-0.981814,0.025772,-0.184998,2.180243,158.575000,355.626100
289.744,6,-0.329457,1.632481,0.761860,0.039313,-0.984753,0.024011,-0.167747,1.954186,160.581800,355.093400
289.855,6,-0.330694,1.632193,0.760348,0.041222,-0.986091,0.026287,-0.158855,2.220585,161.597300,354.852700
289.966,6,-0.334681,1.632020,0.755655,0.044239,-0.990536,0.025949,-0.127308,2.300612,165.243700,354.587600
290.077,6,-0.341054,1.631484,0.748843,0.044465,-0.995764,0.023978,-0.076823,2.345248,171.068300,354.703200
290.188,6,-0.347507,1.630038,0.736196,0.048729,-0.998366,0.025939,-0.014765,2.886324,178.163400,354.365000
290.300,6,-0.349224,1.629163,0.721735,0.051505,-0.998192,0.028613,0.011862,3.344759,181.190100,354.127300
290.411,6,-0.350016,1.627690,0.694604,0.050993,-0.997720,0.030542,0.031972,3.681176,183.486200,354.260400
290.522,6,-0.351736,1.628408,0.660926,0.054845,-0.997068,0.029923,0.044174,3.699086,184.875100,353.860600
290.633,6,-0.354472,1.630101,0.618579,0.054563,-0.996618,0.024709,0.056265,3.175329,186.293500,353.907100
290.744,6,-0.358486,1.630055,0.570429,0.050956,-0.996265,0.029790,0.063025,3.771704,187.054200,354.376600
290.855,6,-0.364811,1.630417,0.528803,0.042740,-0.996678,0.037439,0.058355,4.566549,186.516100,355.349100
290.967,6,-0.378589,1.628387,0.481509,0.036749,-0.997392,0.038287,0.048921,4.586802,185.455800,355.998500
291.078,6,-0.391744,1.626354,0.449670,0.037069,-0.996921,0.046814,0.050818,5.572677,185.642300,356.015900
291.189,6,-0.407889,1.627887,0.413718,0.036127,-0.996316,0.047370,0.061681,5.672802,186.896300,356.188800
291.300,6,-0.420075,1.624769,0.380061,0.036504,-0.994970,0.052243,0.077282,6.292420,188.678000,356.275600
291.411,6,-0.429748,1.619488,0.345648,0.032214,-0.992307,0.067863,0.098409,8.107043,191.119700,357.071700
291.522,6,-0.435955,1.614031,0.309660,0.025847,-0.989368,0.076885,0.120711,9.112627,193.761600,358.109000
291.633,6,-0.438940,1.609173,0.272529,0.022386,-0.986521,0.082214,0.139697,9.698681,196.015000,358.767800
291.745,6,-0.440404,1.607920,0.232025,0.020467,-0.983219,0.078827,0.163240,9.304981,198.784600,359.157500
291.856,6,-0.440019,1.612327,0.193697,0.012073,-0.978933,0.077944,0.188331,9.041577,201.805700,0.331977
291.967,6,-0.434861,1.618979,0.144207,0.002073,-0.976077,0.073608,0.204577,8.310802,203.784300,1.509792
292.078,6,-0.429024,1.619234,0.107189,-0.003054,-0.976461,0.075157,0.202153,8.368596,203.547100,2.105674
292.189,6,-0.423063,1.613948,0.065127,-0.007561,-0.977371,0.082479,0.194645,9.107114,202.743200,2.721842
292.301,6,-0.420205,1.610160,0.035525,-0.003864,-0.977067,0.086793,0.194401,9.677555,202.709000,2.400986
292.412,6,-0.417924,1.609776,0.010295,-0.004476,-0.975874,0.089320,0.199179,9.935992,203.295900,2.578692
292.523,6,-0.415301,1.608323,-0.012166,-0.006121,-0.975804,0.090599,0.198902,10.042520,203.287500,2.793346
292.635,6,-0.414059,1.608130,-0.029299,-0.007652,-0.975910,0.090982,0.198150,10.052370,203.215900,2.968501
292.746,6,-0.415141,1.608734,-0.047527,-0.006100,-0.977390,0.089366,0.191535,9.924685,202.408200,2.685781
292.857,6,-0.419475,1.610276,-0.058750,-0.001789,-0.979570,0.082317,0.183474,9.242482,201.375500,1.957315
292.968,6,-0.432088,1.614056,-0.072854,0.002809,-0.982248,0.067166,0.175128,7.638964,200.287900,1.041043
293.080,6,-0.447760,1.616084,-0.086124,0.008339,-0.984617,0.055784,0.165371,6.465726,199.074800,0.116983
293.190,6,-0.477580,1.616440,-0.110859,0.016402,-0.988219,0.045037,0.145347,5.381172,196.681900,358.887800
293.302,6,-0.512073,1.616870,-0.142256,0.029384,-0.990935,0.039337,0.125050,4.893808,194.265700,357.215800
293.413,6,-0.551551,1.617931,-0.181239,0.031844,-0.993443,0.040003,0.102256,4.933168,191.617000,356.830300
293.524,6,-0.591545,1.620992,-0.222662,0.039225,-0.995374,0.044097,0.075815,5.378486,188.518100,355.887400
293.635,6,-0.621445,1.624037,-0.257749,0.044921,-0.996459,0.053929,0.046302,6.409667,185.047500,355.120500
293.746,6,-0.645010,1.625704,-0.296835,0.042308,-0.997165,0.061112,-0.011703,6.943280,178.354100,355.041200
293.857,6,-0.649413,1.623173,-0.318666,0.034281,-0.994091,0.070620,-0.074978,7.773917,171.063500,355.441500
293.968,6,-0.641863,1.621166,-0.332026,0.015517,-0.981716,0.082271,-0.170951,8.987986,159.976300,356.599000
294.079,6,-0.630187,1.624003,-0.332360,0.003776,-0.964311,0.081220,-0.251980,8.901714,150.493700,357.202800
294.190,6,-0.615813,1.624518,-0.317145,-0.009331,-0.933152,0.085047,-0.349154,9.511178,138.768800,357.560700
294.301,6,-0.610300,1.621299,-0.288541,-0.020638,-0.906547,0.088857,-0.412129,10.260130,130.918300,357.913700
294.412,6,-0.610605,1.621016,-0.249181,-0.032448,-0.886343,0.083754,-0.454235,10.250250,125.634400,358.918900
294.523,6,-0.614422,1.617395,-0.200835,-0.041865,-0.862846,0.084605,-0.496574,10.811670,120.093500,359.312900
294.633,6,-0.625158,1.611433,-0.144791,-0.056139,-0.835092,0.096808,-0.538607,12.836040,114.289000,359.381800
294.744,6,-0.645195,1.603613,-0.086902,-0.074775,-0.804706,0.120610,-0.576464,16.279370,108.607300,358.883200
294.855,6,-0.669555,1.597697,-0.039562,-0.089323,-0.777243,0.136024,-0.607793,18.664610,103.686800,358.397300
294.966,6,-0.706693,1.593428,0.015658,-0.106630,-0.746774,0.150263,-0.639046,21.143710,98.513830,357.985000
295.075,6,-0.734514,1.591419,0.050885,-0.117279,-0.725695,0.157240,-0.659460,22.513300,95.016320,357.694000
295.186,6,-0.765994,1.594008,0.086070,-0.117101,-0.708102,0.157582,-0.678268,22.458850,91.875290,357.027400
295.298,6,-0.786585,1.596425,0.103875,-0.111749,-0.710221,0.150721,-0.678515,21.452880,92.081340,357.179400
295.408,6,-0.808545,1.595871,0.116585,-0.115168,-0.723785,0.147278,-0.664215,21.480640,94.576950,358.218100
295.508,6,-0.823826,1.596859,0.121633,-0.114323,-0.736077,0.144534,-0.651330,21.204610,96.761080,358.772100
295.617,6,-0.837095,1.598287,0.123384,-0.104977,-0.752126,0.139251,-0.635528,20.053620,99.400250,358.836000
295.730,6,-0.850138,1.596680,0.125416,-0.106684,-0.758022,0.138071,-0.628456,20.085010,100.550000,359.279700
295.843,6,-0.854409,1.599430,0.128706,-0.105106,-0.732946,0.129283,-0.659568,19.157390,95.864200,359.001100
295.950,6,-0.852813,1.601365,0.128128,-0.106751,-0.694307,0.113188,-0.702659,17.890210,89.212290,359.348000
296.063,6,-0.850029,1.599835,0.122359,-0.123293,-0.631019,0.103469,-0.758887,18.524620,79.473250,359.912900
296.174,6,-0.848941,1.597488,0.116557,-0.140921,-0.548894,0.097619,-0.818124,19.739680,67.663490,359.693900
296.284,6,-0.853164,1.594274,0.107725,-0.175513,-0.428047,0.098580,-0.881053,23.182750,51.524390,358.538100
296.394,6,-0.862894,1.587751,0.098982,-0.205092,-0.335737,0.096497,-0.914279,26.092300,39.755100,357.528000
296.506,6,-0.874482,1.578544,0.090826,-0.231647,-0.264988,0.097446,-0.930927,28.877340,30.788550,356.158700
296.616,6,-0.882738,1.572056,0.084028,-0.240760,-0.228862,0.102327,-0.937649,29.889900,25.989070,354.593300
296.728,6,-0.889532,1.567156,0.075763,-0.247252,-0.206641,0.101705,-0.941181,30.494110,23.144090,354.054100
296.839,6,-0.892098,1.565053,0.071608,-0.251369,-0.196944,0.100770,-0.942270,30.891000,21.929530,353.919900
296.950,6,-0.892732,1.564490,0.068364,-0.254265,-0.191427,0.104078,-0.942270,31.266460,21.108130,353.362900
297.061,6,-0.890085,1.569382,0.068735,-0.243919,-0.200954,0.104828,-0.942938,30.141180,22.277440,353.382400
297.172,6,-0.881102,1.578905,0.070573,-0.213975,-0.250883,0.098880,-0.938880,26.834110,28.719840,354.965400
297.284,6,-0.863226,1.595787,0.066914,-0.154544,-0.382271,0.067856,-0.908504,19.431950,45.586320,359.687700
297.395,6,-0.853207,1.612106,0.060090,-0.101820,-0.527945,0.038684,-0.842265,12.260990,64.427000,2.483657
297.506,6,-0.854314,1.625408,0.064008,-0.043125,-0.670205,0.022010,-0.740595,5.358027,84.355220,1.450645
297.617,6,-0.863288,1.629702,0.083707,-0.016277,-0.731244,0.024137,-0.681494,3.295449,94.018710,359.478100
297.728,6,-0.876149,1.634878,0.125844,0.000924,-0.775233,0.028308,-0.631041,2.448731,101.663100,357.868500
297.840,6,-0.886115,1.637234,0.159029,0.009211,-0.802554,0.024688,-0.595998,1.641563,106.766500,357.465000
297.950,6,-0.898217,1.639421,0.197447,0.010452,-0.830768,0.022423,-0.556068,1.468780,112.376800,357.574700
298.062,6,-0.910625,1.641379,0.228341,0.014942,-0.845458,0.020456,-0.533441,1.068465,115.475200,357.300500
298.173,6,-0.922273,1.643811,0.260988,0.017732,-0.844576,0.008793,-0.535070,359.763900,115.293000,357.744100
298.285,6,-0.928788,1.640394,0.298360,0.005058,-0.822142,0.009381,-0.569182,0.553876,110.603800,358.911500
298.396,6,-0.930903,1.635186,0.332335,-0.009316,-0.793855,0.020831,-0.607679,2.544531,105.120000,359.396300
298.507,6,-0.927994,1.627415,0.375716,-0.031788,-0.758451,0.040736,-0.649678,5.917542,98.820200,359.728600
298.617,6,-0.920096,1.621152,0.406186,-0.053843,-0.735540,0.059435,-0.672718,9.199658,95.104980,359.955900
298.728,6,-0.901435,1.612194,0.439468,-0.072268,-0.716418,0.072173,-0.690155,11.722060,92.162900,0.229735
298.840,6,-0.877690,1.606681,0.461409,-0.076473,-0.705501,0.082424,-0.699733,12.904240,90.420820,359.562300
298.951,6,-0.832464,1.597184,0.486605,-0.078190,-0.695418,0.098305,-0.707542,14.322040,88.784170,358.204400
299.062,6,-0.780040,1.588884,0.509010,-0.074924,-0.691468,0.111373,-0.709828,15.093130,88.069910,356.764300
299.174,6,-0.717407,1.591439,0.530558,-0.066106,-0.693516,0.123612,-0.706673,15.360050,88.256870,355.061200
299.285,6,-0.658544,1.593816,0.550839,-0.071136,-0.696927,0.139095,-0.699918,17.065010,88.893290,354.263300
299.396,6,-0.617111,1.593304,0.570056,-0.084430,-0.697299,0.151821,-0.695411,19.217540,89.193530,354.322900
299.507,6,-0.570447,1.597603,0.591204,-0.093714,-0.711602,0.151888,-0.679538,20.092190,91.849980,355.538700
299.619,6,-0.534864,1.596372,0.605335,-0.096521,-0.728158,0.154305,-0.660803,20.626770,94.845830,356.117800
299.729,6,-0.485069,1.592814,0.628226,-0.097553,-0.747401,0.150379,-0.639735,20.463030,98.362030,357.150100
299.840,6,-0.437519,1.588205,0.653533,-0.097622,-0.763528,0.141777,-0.622410,19.756540,101.337200,358.330900
299.951,6,-0.385150,1.588965,0.682211,-0.085829,-0.788310,0.125337,-0.596231,17.455020,105.666200,359.150600
300.062,6,-0.326463,1.596272,0.711089,-0.081128,-0.820595,0.122927,-0.552206,16.938450,112.100800,359.843300
300.174,6,-0.270245,1.599236,0.735673,-0.084788,-0.843820,0.118804,-0.516396,16.742250,117.248500,1.220120
300.286,6,-0.222698,1.592126,0.749006,-0.083075,-0.859055,0.139135,-0.485557,18.646300,121.123400,0.460538
300.396,6,-0.187897,1.588832,0.750948,-0.087146,-0.868042,0.158811,-0.462264,20.871790,123.976700,0.273990
300.507,6,-0.150125,1.584670,0.743218,-0.078377,-0.879631,0.175980,-0.434900,22.195410,127.199000,359.060500
300.618,6,-0.123690,1.581878,0.730731,-0.072921,-0.888535,0.185702,-0.413163,22.970770,129.822000,358.514800
300.729,6,-0.094496,1.578686,0.706034,-0.058821,-0.899209,0.189185,-0.390094,22.713600,132.573800,357.401800
300.840,6,-0.071897,1.583333,0.674868,-0.038836,-0.914219,0.180526,-0.360703,20.983320,136.263100,356.363300
300.951,6,-0.050862,1.588203,0.643841,-0.022754,-0.926900,0.176276,-0.330554,19.987950,139.945100,355.461900
301.063,6,-0.030066,1.589958,0.619404,-0.018348,-0.933189,0.172160,-0.314932,19.443260,141.929600,355.487300
301.173,6,-0.010310,1.589526,0.599556,-0.017229,-0.935955,0.169393,-0.308216,19.129810,142.807300,355.619100
301.285,6,0.011601,1.593085,0.581504,-0.011565,-0.938914,0.171923,-0.297907,19.252540,143.960300,355.095200
301.396,6,0.037475,1.593219,0.566065,-0.009074,-0.942431,0.168272,-0.288837,18.808850,145.117000,355.145700
301.507,6,0.078945,1.587703,0.546657,-0.010329,-0.947377,0.171569,-0.270063,19.308850,147.422100,355.557700
301.619,6,0.113815,1.585777,0.530099,-0.005218,-0.959448,0.163662,-0.229449,18.448100,152.461700,356.065400
301.729,6,0.159311,1.589843,0.509735,0.004331,-0.979645,0.145123,-0.138622,16.447530,163.471100,357.088100
301.841,6,0.186433,1.607696,0.495929,0.024939,-0.995366,0.089913,0.023243,10.378670,182.434700,357.350600
301.951,6,0.208598,1.624083,0.494725,0.014665,-0.983257,0.043864,0.176259,5.245774,200.290600,359.230400
302.063,6,0.237252,1.632776,0.498432,0.015098,-0.966547,0.012546,0.255738,1.832342,209.619600,358.694600
302.174,6,0.263389,1.635437,0.499431,0.009545,-0.956464,-0.000579,0.291695,0.255539,213.918200,358.934400
302.285,6,0.292464,1.633706,0.495132,0.003707,-0.945337,-0.004223,0.326046,359.681100,218.060200,359.440600
302.397,6,0.310733,1.632393,0.490158,-0.003847,-0.939134,-0.000609,0.343529,359.783000,220.183600,0.390068
302.508,6,0.329821,1.634171,0.486207,-0.002329,-0.933359,-0.008342,0.358839,359.011900,222.060300,359.906000
302.619,6,0.344173,1.633607,0.482566,-0.000388,-0.929751,-0.005914,0.368142,359.353500,223.204100,359.791800
302.730,6,0.364187,1.629826,0.471432,-0.004063,-0.931261,0.000360,0.364329,359.868800,222.732400,0.448596
302.841,6,0.380560,1.624852,0.452441,-0.006123,-0.939057,0.017314,0.343270,1.622460,220.178500,1.340633
302.952,6,0.389816,1.622024,0.428990,-0.009884,-0.939110,0.021455,0.342803,1.920962,220.139100,1.907871
303.064,6,0.390425,1.617875,0.401495,-0.014192,-0.931380,0.031983,0.362363,2.825386,222.588300,2.847375
303.174,6,0.385984,1.613537,0.372031,-0.009657,-0.925270,0.032983,0.377749,3.080540,224.482400,2.455936
303.286,6,0.374415,1.607810,0.325849,-0.003236,-0.922664,0.035959,0.383912,3.662059,225.245200,1.928352
303.397,6,0.362199,1.608390,0.283019,0.014159,-0.925816,0.040519,0.375530,4.913963,224.167400,0.242419
303.508,6,0.344838,1.613528,0.225985,0.033225,-0.931062,0.053402,0.359398,7.083899,222.130100,358.644000
303.619,6,0.330552,1.613564,0.186508,0.040178,-0.933746,0.058295,0.350866,7.877689,221.052700,358.025800
303.729,6,0.314101,1.609523,0.148909,0.046287,-0.933944,0.073060,0.346799,9.704823,220.566000,357.919500
303.841,6,0.302887,1.609562,0.125136,0.050113,-0.929324,0.078331,0.357367,10.451750,221.869900,357.834700
303.952,6,0.295824,1.608745,0.103861,0.057228,-0.922553,0.084055,0.372231,11.402150,223.695000,357.485000
304.063,6,0.292173,1.605967,0.082415,0.058438,-0.912561,0.089483,0.394727,12.090230,226.558100,357.889300
304.174,6,0.290008,1.603380,0.064266,0.053064,-0.898583,0.089753,0.426237,11.919440,230.638800,358.896000
304.285,6,0.290080,1.600734,0.035864,0.050196,-0.879701,0.090347,0.464160,11.862010,235.608300,359.739800
304.396,6,0.292560,1.599276,0.006181,0.049144,-0.868297,0.089259,0.485467,11.696130,238.427200,0.077309
304.508,6,0.298301,1.598895,-0.041055,0.051766,-0.853768,0.090815,0.510052,11.997970,241.735400,0.248825
304.619,6,0.304643,1.602292,-0.082645,0.053295,-0.843013,0.089566,0.527700,11.961720,244.119200,0.273627
304.729,6,0.314196,1.607390,-0.136688,0.053222,-0.830787,0.093575,0.546081,12.333900,246.721600,0.807396
304.841,6,0.323706,1.611161,-0.178883,0.053703,-0.814027,0.092657,0.570869,12.249300,250.198700,1.076404
304.952,6,0.332529,1.613983,-0.214877,0.048926,-0.792874,0.085441,0.601380,11.205870,254.503600,1.470954
305.063,6,0.338354,1.611803,-0.242930,0.045031,-0.770474,0.083465,0.630377,10.683750,258.773300,2.090112
305.174,6,0.338461,1.609484,-0.259748,0.048038,-0.751064,0.083171,0.653206,10.818120,262.229100,2.129412
305.285,6,0.331996,1.610475,-0.270669,0.053892,-0.724684,0.079376,0.682370,10.870720,266.722800,1.763256
305.396,6,0.320785,1.610880,-0.273548,0.057504,-0.708390,0.074391,0.699531,10.710520,269.402500,1.318334
305.507,6,0.298456,1.606508,-0.276140,0.070116,-0.708494,0.088940,0.696570,12.926920,269.191100,1.443439
305.619,6,0.278408,1.604093,-0.277961,0.090113,-0.725391,0.097547,0.675406,15.262730,265.921000,0.061348
305.729,6,0.249820,1.607251,-0.277231,0.103216,-0.740376,0.093039,0.657673,15.874610,262.976100,358.185400
305.840,6,0.224163,1.603736,-0.275796,0.107616,-0.746619,0.098793,0.649014,16.691020,261.714100,358.058000
305.951,6,0.201260,1.601554,-0.273930,0.111514,-0.749334,0.106175,0.644042,17.623460,261.074200,358.174500
306.063,6,0.181067,1.600165,-0.273621,0.114857,-0.744149,0.111869,0.648487,18.388630,261.888200,358.438900
306.174,6,0.163410,1.600904,-0.277115,0.114167,-0.737528,0.107787,0.656811,17.996830,263.118000,358.384600
306.285,6,0.139560,1.597698,-0.285765,0.117186,-0.724625,0.109891,0.670157,18.440860,265.306300,358.638300
306.396,6,0.120339,1.596246,-0.295776,0.117231,-0.707493,0.105107,0.688958,18.074810,268.277300,358.731100
306.507,6,0.095058,1.598712,-0.313726,0.100297,-0.670163,0.091167,0.729734,15.579410,274.862200,359.918100
306.618,6,0.076245,1.602400,-0.332087,0.086761,-0.631077,0.074544,0.767240,13.133420,281.156500,0.287144
306.729,6,0.049440,1.612691,-0.363861,0.078424,-0.574852,0.051705,0.812848,10.774130,289.430000,359.643800
306.841,6,0.022255,1.621119,-0.395897,0.065695,-0.529729,0.047691,0.844273,9.291368,295.840100,0.634455
306.951,6,-0.001226,1.624870,-0.426109,0.061854,-0.487917,0.046452,0.869456,8.794328,301.490900,1.183762
307.063,6,-0.019388,1.627164,-0.449727,0.055431,-0.443299,0.043230,0.893613,7.897150,307.342600,1.626557
307.174,6,-0.030779,1.627412,-0.462590,0.045775,-0.395626,0.035804,0.916571,6.444620,313.401900,1.696293
307.285,6,-0.039796,1.627780,-0.469859,0.037413,-0.333559,0.031847,0.941448,5.260885,321.073700,2.014621
307.396,6,-0.044118,1.628830,-0.471388,0.035803,-0.303339,0.028299,0.951789,4.894527,324.724500,1.849014
307.507,6,-0.047763,1.630361,-0.471107,0.035455,-0.277908,0.023811,0.959658,4.662323,327.759900,1.494448
307.618,6,-0.050306,1.629768,-0.470815,0.040525,-0.265738,0.022714,0.962925,5.170300,329.202000,1.277626
307.729,6,-0.052304,1.627008,-0.471568,0.051987,-0.260777,0.022392,0.963738,6.423868,329.769800,0.925184
307.841,6,-0.052496,1.624806,-0.472840,0.056545,-0.259243,0.025149,0.963828,7.009735,329.958400,1.106218
307.951,6,-0.051847,1.624029,-0.474707,0.059434,-0.260761,0.024849,0.963252,7.322827,329.767500,0.974877
308.062,6,-0.051468,1.623044,-0.476929,0.060367,-0.262792,0.026463,0.962598,7.476970,329.533000,1.110689
308.174,6,-0.051222,1.622730,-0.478406,0.060418,-0.266184,0.027260,0.961641,7.510767,329.132500,1.171152
308.285,6,-0.051845,1.622736,-0.479802,0.061273,-0.270824,0.026571,0.960310,7.589471,328.569700,1.031509
308.395,6,-0.052414,1.622733,-0.479703,0.062739,-0.273645,0.026716,0.959410,7.758933,328.227700,0.978868
308.507,6,-0.052604,1.623127,-0.478958,0.064671,-0.271621,0.025288,0.959896,7.925927,328.454100,0.776094
308.617,6,-0.053503,1.622813,-0.479137,0.065840,-0.272483,0.024945,0.959581,8.045075,328.343900,0.693997
308.729,6,-0.056789,1.622549,-0.479749,0.066015,-0.277500,0.026214,0.958096,8.108380,327.749800,0.786704
308.840,6,-0.062861,1.621578,-0.481663,0.068936,-0.286240,0.028480,0.955251,8.511382,326.702900,0.865901
308.951,6,-0.071026,1.620195,-0.485894,0.073338,-0.299608,0.031766,0.950709,9.118698,325.092600,0.954904
309.062,6,-0.079319,1.619385,-0.492784,0.074248,-0.306404,0.032650,0.948440,9.256137,324.270000,0.953988
309.173,6,-0.089572,1.617973,-0.501922,0.076291,-0.320656,0.034482,0.943489,9.559592,322.536600,0.937809
309.285,6,-0.099265,1.617276,-0.510140,0.076708,-0.326842,0.038705,0.941166,9.769864,321.811400,1.320650
309.395,6,-0.105769,1.614576,-0.518727,0.083534,-0.338299,0.041780,0.936392,10.644210,320.390600,1.266678
309.507,6,-0.113471,1.614228,-0.527697,0.085093,-0.355152,0.042969,0.929935,10.881820,318.303500,1.136310
309.618,6,-0.124220,1.611081,-0.530528,0.091079,-0.373144,0.048880,0.921997,11.795970,316.066400,1.297381
309.728,6,-0.145498,1.603270,-0.526060,0.106974,-0.400018,0.064600,0.907948,14.237110,312.680200,1.875536
309.840,6,-0.168928,1.596320,-0.516314,0.116584,-0.421761,0.075734,0.895986,15.830870,309.894700,2.226203
309.950,6,-0.208887,1.586298,-0.499683,0.133170,-0.461140,0.088414,0.872811,18.300850,304.608000,1.902395
310.063,6,-0.244567,1.575198,-0.483503,0.150490,-0.499508,0.097744,0.847520,20.654660,299.143000,0.939187
310.172,6,-0.280484,1.567664,-0.463371,0.170023,-0.537780,0.110422,0.818347,23.393340,293.350200,359.866200
310.284,6,-0.322071,1.565431,-0.439381,0.187162,-0.567435,0.121902,0.792545,25.786050,288.517900,358.779500
310.395,6,-0.357754,1.562720,-0.420717,0.200031,-0.586208,0.135206,0.773348,27.898360,285.265800,358.353300
310.507,6,-0.397464,1.561041,-0.403624,0.209137,-0.606776,0.146590,0.752726,29.520900,281.680400,357.819100
310.618,6,-0.422998,1.559556,-0.393614,0.216011,-0.618520,0.151378,0.740174,30.466300,279.451800,357.132300
310.729,6,-0.452544,1.559429,-0.381704,0.218099,-0.623199,0.150079,0.735889,30.534060,278.553800,356.608400
310.841,6,-0.476998,1.556429,-0.372179,0.220771,-0.618661,0.152402,0.738439,30.972260,279.196800,356.785100
310.951,6,-0.501796,1.553789,-0.363245,0.221221,-0.609031,0.152074,0.746335,31.027190,280.780500,357.159500
311.063,6,-0.528976,1.552924,-0.354605,0.223802,-0.592488,0.147976,0.759588,31.020340,283.340700,357.298100
311.174,6,-0.556900,1.551752,-0.348738,0.224614,-0.573798,0.144052,0.774308,30.874160,286.280000,357.683900
311.285,6,-0.602482,1.551771,-0.343615,0.221139,-0.537117,0.135120,0.802712,30.011360,292.058900,358.634900
311.397,6,-0.643842,1.556007,-0.341426,0.220593,-0.495297,0.123539,0.831118,29.278450,298.189200,359.135100
311.508,6,-0.698783,1.563773,-0.339108,0.222132,-0.437699,0.115174,0.863604,28.979110,306.321500,0.293204
311.619,6,-0.736781,1.566081,-0.336006,0.222877,-0.402592,0.109418,0.881064,28.740200,311.108600,0.872554
311.730,6,-0.775884,1.563669,-0.329704,0.233531,-0.363169,0.104332,0.895928,29.619280,316.171100,1.142005
311.841,6,-0.801155,1.560715,-0.321392,0.236149,-0.337560,0.104418,0.905198,29.868980,319.619700,1.956731
311.952,6,-0.815290,1.557673,-0.311986,0.243712,-0.313677,0.103321,0.911886,30.616850,322.682800,2.366788
312.063,6,-0.820850,1.557000,-0.302199,0.247002,-0.284585,0.097687,0.921118,30.706180,326.383100,2.624908
312.174,6,-0.821256,1.557771,-0.295616,0.246109,-0.257802,0.091969,0.929790,30.336650,329.800700,2.930844
312.285,6,-0.818118,1.561174,-0.289277,0.239098,-0.228998,0.084850,0.939783,29.226420,333.467200,3.282771
312.396,6,-0.807967,1.567587,-0.283764,0.229011,-0.187194,0.069459,0.952726,27.540470,338.506700,3.013352
312.507,6,-0.780317,1.580364,-0.280315,0.201977,-0.093544,0.050174,0.973621,23.746190,349.813200,3.752990
312.618,6,-0.749157,1.588874,-0.286261,0.181343,-0.027228,0.035762,0.982392,20.992550,357.512100,3.708618
312.729,6,-0.697804,1.597093,-0.305429,0.167237,0.021742,0.010027,0.985626,19.222050,2.805212,1.640810
312.840,6,-0.639110,1.602446,-0.329360,0.154837,0.048024,-0.015273,0.986654,17.878980,5.428590,359.080900
312.951,6,-0.570419,1.603634,-0.354068,0.150783,0.076194,-0.039169,0.984848,17.635800,8.342192,356.741200
313.062,6,-0.496459,1.600660,-0.379831,0.150358,0.105636,-0.055985,0.981376,17.875090,11.546550,355.291900
313.172,6,-0.422206,1.597146,-0.406515,0.153449,0.123879,-0.069936,0.977863,18.507630,13.465150,354.022200
313.284,6,-0.350778,1.590279,-0.430632,0.162456,0.135718,-0.084043,0.973717,19.827270,14.591730,352.697600
313.394,6,-0.294680,1.582929,-0.449679,0.181797,0.147908,-0.094320,0.967562,22.315130,15.802400,352.000500
313.505,6,-0.235777,1.581921,-0.469969,0.194796,0.162942,-0.105493,0.961445,24.138850,17.355830,351.215200
313.616,6,-0.200064,1.579224,-0.481992,0.198425,0.171754,-0.115533,0.958009,24.826520,18.184300,350.281700
313.727,6,-0.166306,1.576509,-0.492193,0.207373,0.187061,-0.130119,0.951354,26.311480,19.685320,349.068100
313.839,6,-0.145234,1.577813,-0.491990,0.199816,0.209610,-0.134229,0.947692,25.785250,22.435860,349.075300
313.949,6,-0.121137,1.575774,-0.479176,0.195268,0.238310,-0.134003,0.941872,25.575710,26.082260,349.824200
314.061,6,-0.099277,1.572931,-0.455987,0.192793,0.257066,-0.128971,0.938144,25.343450,28.598480,350.904600
314.171,6,-0.076026,1.568985,-0.423114,0.192924,0.270677,-0.124347,0.934908,25.343730,30.459250,351.853600
314.283,6,-0.050475,1.563954,-0.379392,0.191783,0.280184,-0.116572,0.933342,25.044420,31.866360,353.017700
314.395,6,-0.025594,1.562992,-0.331831,0.191308,0.289734,-0.109823,0.931340,24.833560,33.255100,354.073300
314.506,6,0.007320,1.571180,-0.267847,0.187592,0.305003,-0.101610,0.928147,24.217990,35.381030,355.334100
314.617,6,0.029870,1.574230,-0.228904,0.184917,0.313248,-0.097836,0.926342,23.821310,36.501330,355.899800
314.728,6,0.056505,1.577342,-0.192480,0.187134,0.319365,-0.096691,0.923925,24.051360,37.345250,356.286700
314.840,6,0.076157,1.580706,-0.169334,0.182122,0.317844,-0.096033,0.925519,23.463310,37.102310,356.125300
314.951,6,0.103097,1.581078,-0.137735,0.186297,0.297653,-0.095953,0.931391,23.838060,34.547440,355.746900
315.062,6,0.130379,1.578433,-0.107616,0.191846,0.266284,-0.093870,0.939934,24.244910,30.630580,355.326400
315.173,6,0.161767,1.574479,-0.076727,0.201792,0.217255,-0.088094,0.950957,24.965270,24.618190,354.945800
315.284,6,0.198870,1.574909,-0.043521,0.209170,0.150170,-0.074934,0.963370,25.183640,16.564120,354.829300
315.395,6,0.231897,1.578039,-0.011558,0.213629,0.082250,-0.059919,0.971600,25.149400,8.527575,354.847600
315.506,6,0.257710,1.579704,0.025867,0.222556,-0.024839,-0.049160,0.973363,25.519140,355.536100,353.206100
315.618,6,0.264386,1.580763,0.045181,0.227800,-0.102665,-0.044915,0.967238,25.559700,345.946400,351.479700
315.728,6,0.263723,1.585262,0.060011,0.226747,-0.175065,-0.035333,0.957439,24.949650,337.206900,350.666300
315.840,6,0.263770,1.585581,0.069674,0.223641,-0.200249,-0.031222,0.953368,24.451330,334.228600,350.573100
315.950,6,0.268836,1.581894,0.083051,0.232801,-0.196169,-0.030654,0.952041,25.546590,334.544200,350.449000
316.062,6,0.279042,1.581885,0.098557,0.229193,-0.180793,-0.034956,0.955805,25.181540,336.446500,350.478600
316.173,6,0.293831,1.578057,0.117085,0.231158,-0.173442,-0.046067,0.956223,25.220090,337.033700,349.279500
316.284,6,0.311874,1.573235,0.136965,0.237186,-0.167160,-0.060685,0.955049,25.642840,337.287500,347.494300
316.395,6,0.327788,1.569274,0.153577,0.241325,-0.157418,-0.075081,0.954644,25.920320,338.008800,345.885400
316.507,6,0.344356,1.563447,0.169986,0.248088,-0.145538,-0.086267,0.953850,26.626090,338.994300,344.640600
316.618,6,0.352891,1.559869,0.177963,0.253581,-0.141368,-0.090648,0.952625,27.226310,339.231000,344.046500
316.729,6,0.356723,1.559054,0.182626,0.252339,-0.142695,-0.092399,0.952589,27.025080,339.051400,343.831900
316.840,6,0.351899,1.558268,0.181590,0.253018,-0.155483,-0.086969,0.950917,27.010470,337.585500,344.099800
316.951,6,0.340139,1.560167,0.170769,0.257122,-0.169899,-0.073879,0.948454,27.557160,336.022500,345.130100
317.062,6,0.322517,1.565271,0.153085,0.244073,-0.192198,-0.059119,0.948680,26.127460,334.003500,346.736200
317.173,6,0.300720,1.568677,0.129262,0.243863,-0.217652,-0.041431,0.944162,26.260770,331.260300,348.134800
317.284,6,0.276783,1.573444,0.098978,0.236393,-0.240588,-0.025109,0.941066,25.648000,328.970500,349.711600
317.395,6,0.255124,1.576090,0.065859,0.229967,-0.258611,-0.014198,0.938101,25.095060,327.112400,350.749200
317.507,6,0.224571,1.578593,0.014998,0.226420,-0.280458,0.001876,0.932777,25.052640,324.787600,352.164500
317.617,6,0.200106,1.580991,-0.029369,0.220641,-0.297073,0.016886,0.928859,24.829670,323.138700,353.691500
317.728,6,0.170811,1.582900,-0.087918,0.214484,-0.316345,0.034788,0.923424,24.716600,321.190300,355.488500
317.839,6,0.151125,1.583320,-0.131274,0.211912,-0.326902,0.050285,0.919620,25.000930,320.215900,357.086600
317.949,6,0.131563,1.583045,-0.181400,0.208871,-0.340581,0.064692,0.914436,25.218050,318.804900,358.482300
318.060,6,0.120522,1.581948,-0.218369,0.208188,-0.349940,0.073854,0.910355,25.514440,317.784900,359.286500
318.171,6,0.114772,1.580280,-0.247342,0.208327,-0.355784,0.077961,0.907711,25.701110,317.096600,359.573500
318.282,6,0.113105,1.579140,-0.266956,0.207838,-0.356356,0.076191,0.907749,25.571210,316.991600,359.377300
318.393,6,0.114652,1.577962,-0.276059,0.208835,-0.344074,0.074702,0.912371,25.624770,318.568100,359.530000
318.504,6,0.121158,1.576226,-0.275946,0.212204,-0.322438,0.071680,0.919709,25.884350,321.286900,359.681800
318.616,6,0.132061,1.575757,-0.268037,0.216546,-0.307736,0.063212,0.924343,26.054820,322.930000,358.952800
318.727,6,0.152158,1.576291,-0.244185,0.219577,-0.296577,0.039415,0.928587,25.541920,323.752700,356.375200
318.837,6,0.171510,1.574468,-0.214240,0.223146,-0.290164,0.023998,0.930288,25.410910,324.137800,354.610000
318.948,6,0.201763,1.570665,-0.158762,0.229794,-0.277244,0.005713,0.932898,25.589200,325.206100,352.561800
319.061,6,0.232938,1.569065,-0.093878,0.236704,-0.267385,-0.006674,0.934041,26.015400,325.990500,351.099000
319.170,6,0.267123,1.567125,-0.021247,0.248586,-0.260405,-0.019561,0.932744,26.971500,326.221700,349.268200
319.283,6,0.302140,1.566498,0.045821,0.265076,-0.254411,-0.023662,0.929758,28.742420,326.367200,348.228200
319.394,6,0.329469,1.568220,0.096230,0.264634,-0.252180,-0.029286,0.930331,28.530360,326.514900,347.646500
319.505,6,0.357059,1.567131,0.148561,0.269738,-0.248912,-0.032517,0.929638,29.034060,326.675700,347.130600
319.617,6,0.372892,1.568302,0.181892,0.271085,-0.244318,-0.034459,0.930395,29.182580,327.172100,346.987600
319.728,6,0.383630,1.567317,0.219811,0.268769,-0.239611,-0.033071,0.932339,29.033390,327.903700,347.417700
319.839,6,0.383331,1.566811,0.242899,0.271366,-0.237593,-0.028411,0.932257,29.502770,328.216400,347.934700
319.950,6,0.375362,1.565548,0.266565,0.268590,-0.228259,-0.016640,0.935671,29.671570,329.874300,349.807400
320.061,6,0.361343,1.561316,0.288064,0.275858,-0.225807,-0.008013,0.934264,30.785810,330.245800,350.651200
320.173,6,0.338438,1.555658,0.316470,0.279047,-0.221575,0.004607,0.934354,31.567180,331.121700,352.239700
320.284,6,0.304674,1.539842,0.351036,0.316186,-0.219345,0.028656,0.922547,36.581320,331.221400,353.863900
320.394,6,0.269423,1.529494,0.386912,0.351556,-0.218095,0.046616,0.909214,41.270360,331.049700,354.764900
320.505,6,0.227461,1.524507,0.432126,0.374829,-0.217325,0.055982,0.899522,44.320120,330.802600,355.012000
320.616,6,0.201711,1.523043,0.458607,0.374633,-0.218311,0.056599,0.899326,44.310460,330.693300,355.047700
320.727,6,0.174985,1.517854,0.484561,0.385114,-0.220875,0.064828,0.893699,45.806560,330.348800,355.536400
320.838,6,0.155943,1.514474,0.500951,0.399012,-0.229676,0.071832,0.884804,47.654040,328.783400,355.216600
320.949,6,0.134032,1.510207,0.519140,0.407700,-0.242830,0.080938,0.876506,48.939090,326.798500,355.099000
321.060,6,0.116493,1.508693,0.535334,0.409442,-0.258137,0.089863,0.870430,49.391460,324.735400,355.157600
321.171,6,0.099686,1.510030,0.551069,0.400463,-0.283636,0.096583,0.865940,48.447000,321.395600,354.818800
321.283,6,0.085394,1.513197,0.568049,0.387628,-0.318781,0.102865,0.858803,47.001750,316.690600,354.070100
321.393,6,0.073729,1.514262,0.595063,0.378474,-0.348915,0.104559,0.850931,45.813480,312.405100,352.898700
321.505,6,0.060398,1.512524,0.637821,0.373675,-0.369571,0.108061,0.843865,45.278350,309.498300,352.337700
321.616,6,0.047453,1.510735,0.684052,0.377615,-0.379822,0.112103,0.837004,45.831030,307.719500,351.815700
321.727,6,0.028126,1.511315,0.743022,0.379881,-0.393831,0.116397,0.828879,46.172770,305.403300,351.173300
321.838,6,0.013436,1.513079,0.782070,0.382115,-0.409704,0.121642,0.819350,46.539310,302.764700,350.479400
321.949,6,-0.003460,1.517768,0.823081,0.377129,-0.435304,0.124302,0.807981,45.860380,298.900500,349.453700
322.060,6,-0.017177,1.525197,0.848791,0.359334,-0.465196,0.128487,0.798726,43.912750,295.394700,349.678800
322.171,6,-0.030479,1.535825,0.859503,0.330822,-0.510298,0.132007,0.782769,40.740890,290.093900,350.045600
322.283,6,-0.041167,1.542675,0.855639,0.309676,-0.561199,0.138638,0.754941,38.548840,283.179300,349.818000
322.394,6,-0.045668,1.546037,0.840772,0.294958,-0.604858,0.149970,0.724331,37.496670,276.825600,349.868700
322.506,6,-0.038959,1.549877,0.807121,0.279412,-0.652603,0.164579,0.684801,36.690550,269.433900,349.997300
322.617,6,-0.026395,1.554246,0.776224,0.264966,-0.676655,0.171186,0.665302,35.748770,266.033700,350.725400
322.727,6,-0.007235,1.559663,0.737936,0.244566,-0.687825,0.167433,0.662609,33.671660,265.463100,352.088500
322.838,6,0.008535,1.562811,0.708135,0.236037,-0.690986,0.169080,0.661994,33.104930,265.456900,352.982700
322.949,6,0.028763,1.563688,0.677877,0.229284,-0.683430,0.162060,0.673861,32.040840,267.343000,353.566100
323.061,6,0.045520,1.564122,0.661266,0.233783,-0.663126,0.161082,0.692576,32.510970,270.762200,354.083000
323.172,6,0.059764,1.563529,0.650676,0.233479,-0.649431,0.158863,0.706038,32.413900,273.222300,354.635100
323.283,6,0.071556,1.563673,0.643743,0.236149,-0.646840,0.154723,0.708444,32.327490,273.505200,354.139800
323.394,6,0.079811,1.564742,0.640484,0.235555,-0.645591,0.150841,0.710614,31.974420,273.748100,353.925700
323.505,6,0.087986,1.567733,0.633181,0.227623,-0.650289,0.146958,0.709730,30.946140,273.384000,354.148300
323.616,6,0.094760,1.573867,0.616247,0.207301,-0.680415,0.143212,0.688151,28.698220,269.224200,354.439200
323.727,6,0.108265,1.584967,0.581787,0.169745,-0.746996,0.130652,0.629375,24.133280,259.031900,354.394600
323.838,6,0.125252,1.598234,0.548759,0.129998,-0.808621,0.103941,0.564296,18.349450,248.910300,354.381200
323.949,6,0.156534,1.615269,0.506578,0.086543,-0.879702,0.057936,0.463981,10.500300,235.088300,354.250500
324.061,6,0.185751,1.624754,0.477889,0.060631,-0.916256,0.032156,0.394672,6.129965,226.342300,355.053900
324.172,6,0.209892,1.629366,0.458325,0.044948,-0.931138,0.019005,0.361388,3.892243,222.287200,355.978500
324.284,6,0.226052,1.630004,0.445284,0.038036,-0.932439,0.015993,0.358964,3.275192,222.013100,356.586100
324.395,6,0.235088,1.631072,0.437921,0.031686,-0.929537,0.012221,0.367161,2.635803,223.041400,357.134900
324.506,6,0.240645,1.631633,0.433167,0.030023,-0.918790,0.012304,0.393412,2.649859,226.299300,357.390000
324.618,6,0.242819,1.631926,0.430569,0.030341,-0.908690,0.011340,0.416213,2.628825,229.158800,357.377800
324.728,6,0.245284,1.632803,0.424604,0.029508,-0.899814,0.008094,0.435200,2.306806,231.568800,357.357900
324.840,6,0.247100,1.632339,0.417598,0.027609,-0.901160,0.012435,0.432428,2.653120,231.216900,357.762200
324.951,6,0.249204,1.630579,0.410003,0.027591,-0.906899,0.020735,0.419932,3.484684,229.635300,358.126700
325.062,6,0.249680,1.629433,0.406991,0.027571,-0.909637,0.024764,0.413748,3.891475,228.858900,358.296000
325.173,6,0.250042,1.628685,0.407373,0.029842,-0.908264,0.026489,0.416490,4.184895,229.200700,358.153000
325.284,6,0.249646,1.628606,0.410424,0.032132,-0.904026,0.024532,0.425561,4.111848,230.339700,357.861600
325.395,6,0.246953,1.629368,0.415125,0.032333,-0.895950,0.018384,0.442596,3.529517,232.504700,357.607500
325.506,6,0.239057,1.630620,0.425334,0.029990,-0.875738,0.009778,0.481755,2.637711,237.574600,357.526900
325.617,6,0.228803,1.631194,0.437630,0.028695,-0.857260,0.007479,0.514030,2.425666,241.845000,357.618900
325.728,6,0.211051,1.630506,0.459191,0.031253,-0.844117,0.004120,0.535232,2.316047,244.699400,357.226300
325.839,6,0.191237,1.629379,0.479699,0.035485,-0.840794,-0.001585,0.540188,2.044319,245.376500,356.478600
325.950,6,0.154156,1.625995,0.512250,0.043631,-0.840165,-0.005056,0.540549,2.216383,245.425600,355.478100
326.062,6,0.110229,1.622338,0.548289,0.051555,-0.843313,-0.011805,0.534815,2.019186,244.663500,354.281300
326.173,6,0.056434,1.622568,0.587725,0.053131,-0.852402,-0.019682,0.519809,1.242389,242.681900,353.623200
326.284,6,-0.001350,1.622888,0.626990,0.055950,-0.860919,-0.022049,0.505175,1.063694,240.744300,353.186700
326.395,6,-0.049239,1.627074,0.656801,0.064266,-0.865970,-0.019257,0.495576,1.738943,239.449300,352.504300
326.507,6,-0.102432,1.633291,0.686537,0.064068,-0.875778,-0.016740,0.478150,1.830751,237.148700,352.629100
326.618,6,-0.138413,1.637305,0.702876,0.070863,-0.884360,-0.017243,0.461074,1.997028,234.930000,351.875500
326.729,6,-0.180614,1.639371,0.714411,0.070714,-0.891793,-0.020880,0.446396,1.483612,233.073400,351.673500
326.840,6,-0.216555,1.637241,0.713631,0.074871,-0.897025,-0.018620,0.435195,1.820164,231.623200,351.338000
326.951,6,-0.252508,1.633821,0.704919,0.071969,-0.899764,-0.015378,0.430127,1.962123,230.958900,351.788800
327.062,6,-0.290746,1.629345,0.687136,0.063927,-0.902099,-0.014081,0.426536,1.669208,230.505300,352.680500
327.173,6,-0.333699,1.626930,0.662262,0.051338,-0.904728,-0.010666,0.422751,1.381375,230.019800,354.149000
327.285,6,-0.382479,1.633313,0.630839,0.038397,-0.907716,-0.016119,0.417515,0.160446,229.394600,355.229300
327.396,6,-0.420843,1.635333,0.604364,0.040653,-0.910760,-0.010622,0.410794,0.805161,228.521600,355.251300
327.507,6,-0.458767,1.634955,0.576680,0.038447,-0.915430,-0.010268,0.400505,0.687363,227.232100,355.490700
327.619,6,-0.482486,1.636839,0.557335,0.038127,-0.923607,-0.007798,0.381360,0.840911,224.839500,355.619300
327.729,6,-0.512530,1.639124,0.530346,0.037958,-0.937767,-0.010655,0.345021,0.355808,220.384900,355.495000
327.841,6,-0.543609,1.639000,0.504135,0.040146,-0.950520,-0.013629,0.307756,359.931300,215.884400,355.140800
327.951,6,-0.580631,1.638640,0.476225,0.040943,-0.961403,-0.023312,0.271082,358.703500,211.552600,354.756600
328.063,6,-0.623384,1.636570,0.447262,0.045691,-0.969959,-0.026963,0.237414,358.245900,207.596600,354.175100
328.174,6,-0.663168,1.640992,0.419349,0.046290,-0.977378,-0.030650,0.204085,357.649100,203.710200,354.083300
328.285,6,-0.705879,1.646619,0.377655,0.045322,-0.988675,-0.027600,0.140376,357.601500,196.279300,354.407500
328.396,6,-0.726602,1.648571,0.346659,0.039283,-0.996651,-0.016422,0.069813,358.438500,188.076800,355.375500
328.507,6,-0.737434,1.648437,0.315133,0.034820,-0.998836,-0.001554,-0.033343,359.689100,176.186900,356.017200
328.618,6,-0.739768,1.650876,0.294646,0.028884,-0.995361,0.002469,-0.091738,359.978000,169.469000,356.677700
328.728,6,-0.737011,1.650615,0.268420,0.023156,-0.989378,0.004674,-0.143433,0.149343,163.498700,357.296900
328.839,6,-0.729350,1.649186,0.245956,0.024464,-0.984574,0.005885,-0.173150,0.178547,160.047100,357.121900
328.950,6,-0.712368,1.641667,0.214909,0.019795,-0.982123,0.018157,-0.186313,1.621053,158.479800,357.382600
329.061,6,-0.691582,1.636059,0.184080,0.011919,-0.983631,0.037714,-0.175801,4.014095,159.659500,357.891100
329.172,6,-0.670355,1.629727,0.144506,0.010139,-0.985688,0.072592,-0.151812,8.049420,162.317400,357.567300
329.283,6,-0.656252,1.617700,0.101605,0.029469,-0.984578,0.132028,-0.110932,14.681470,166.475600,354.821000
329.393,6,-0.654560,1.597349,0.062035,0.047318,-0.976228,0.208458,-0.035858,23.804110,174.371200,353.262800
329.504,6,-0.652205,1.588116,0.032562,0.051556,-0.972617,0.225945,0.017518,26.188260,180.688300,354.091500
329.616,6,-0.641902,1.586432,0.014500,0.049550,-0.973367,0.219900,0.041775,25.608910,183.785300,355.032300
329.727,6,-0.621386,1.586798,-0.003193,0.039863,-0.976790,0.206022,0.042988,23.948010,184.239100,356.225500
329.839,6,-0.607231,1.586704,-0.012541,0.037485,-0.977689,0.203279,0.037368,23.596230,183.618000,356.364700
329.949,6,-0.592382,1.587975,-0.021280,0.035976,-0.979067,0.196613,0.038423,22.815110,183.800100,356.558300
330.061,6,-0.580650,1.591401,-0.028492,0.033301,-0.980687,0.188709,0.039167,21.884550,183.970500,356.878300
330.172,6,-0.570693,1.595667,-0.039025,0.033309,-0.983044,0.176296,0.037868,20.434510,183.837000,356.810500
330.284,6,-0.565005,1.598211,-0.055756,0.029519,-0.984849,0.168053,0.030967,19.441380,183.104800,357.098400
330.395,6,-0.564558,1.599667,-0.075903,0.028278,-0.986716,0.159335,0.014269,18.375520,181.156100,356.903800
330.506,6,-0.574253,1.599502,-0.110732,0.034457,-0.988541,0.146296,-0.014010,16.754660,177.738800,355.674300
330.617,6,-0.590087,1.597719,-0.147271,0.040129,-0.988651,0.140969,-0.032958,16.027150,175.435800,354.708400
330.728,6,-0.615146,1.600537,-0.202859,0.041934,-0.987640,0.138377,-0.060510,15.560710,172.176700,354.067000
330.840,6,-0.632145,1.605118,-0.245405,0.039913,-0.985407,0.142758,-0.083668,15.942360,169.435500,353.877700
330.950,6,-0.646104,1.609175,-0.290051,0.030549,-0.980984,0.150230,-0.119026,16.706800,165.321100,354.265700
331.062,6,-0.650207,1.611598,-0.317855,0.022939,-0.974911,0.152726,-0.160302,16.883940,160.490500,354.381000
331.172,6,-0.647210,1.611206,-0.337348,0.014727,-0.967025,0.157274,-0.199779,17.354980,155.816300,354.509700
331.284,6,-0.637467,1.612971,-0.351940,0.007998,-0.959467,0.158885,-0.232628,17.527770,151.914000,354.628300
331.395,6,-0.622421,1.612448,-0.361117,-0.002390,-0.951830,0.161246,-0.260795,17.951050,148.596600,355.203000
331.506,6,-0.594388,1.609309,-0.367049,-0.014380,-0.939264,0.174137,-0.295385,19.610050,144.286000,355.380800
331.617,6,-0.568393,1.606150,-0.367415,-0.025307,-0.930882,0.184126,-0.314509,21.021500,141.880300,355.779100
331.728,6,-0.533506,1.603586,-0.366705,-0.037379,-0.922940,0.187964,-0.333848,21.833930,139.554300,356.510200
331.839,6,-0.507632,1.596717,-0.367326,-0.042584,-0.918769,0.186421,-0.345396,21.837280,138.192100,356.879500
331.949,6,-0.479243,1.592467,-0.372318,-0.053969,-0.908075,0.195821,-0.366252,23.276790,135.484900,357.165600
332.061,6,-0.454915,1.588893,-0.386113,-0.062334,-0.895613,0.204865,-0.389902,24.555030,132.288700,356.968600
332.171,6,-0.431347,1.582699,-0.408015,-0.074264,-0.878225,0.218345,-0.418966,26.470670,128.200900,356.636700
332.283,6,-0.408726,1.578215,-0.437688,-0.082797,-0.857968,0.218662,-0.457409,26.804900,122.985700,356.276600
332.394,6,-0.389358,1.576970,-0.470465,-0.088631,-0.834540,0.208852,-0.502065,25.950080,117.029100,356.060100
332.505,6,-0.364507,1.584941,-0.518416,-0.092510,-0.790183,0.186089,-0.576562,23.625980,106.871100,355.719400
332.616,6,-0.348047,1.591232,-0.552680,-0.091316,-0.749686,0.175550,-0.631517,22.243910,98.745860,354.742700
332.727,6,-0.331674,1.597929,-0.587020,-0.095833,-0.700668,0.167562,-0.686880,21.497570,90.014740,354.084300
332.838,6,-0.324135,1.602562,-0.603015,-0.093447,-0.658552,0.159733,-0.729427,20.286240,82.947990,353.268400
332.949,6,-0.320118,1.607139,-0.611199,-0.092708,-0.596469,0.143493,-0.784245,18.456830,73.383190,353.068700
333.060,6,-0.323366,1.614183,-0.605437,-0.080319,-0.516784,0.117763,-0.844165,14.911220,62.046750,353.116900
333.171,6,-0.337628,1.629432,-0.591147,-0.031958,-0.397341,0.081035,-0.913528,7.052943,46.575360,352.900500
333.283,6,-0.362054,1.654377,-0.580009,0.066370,-0.273482,0.031711,-0.959061,353.687000,32.141160,354.392200
333.395,6,-0.383969,1.673223,-0.577412,0.154936,-0.195455,-0.003088,-0.968392,342.465300,23.328200,356.718400
333.508,6,-0.405155,1.686645,-0.577129,0.231561,-0.147430,-0.024775,-0.961265,333.096600,17.756500,358.673300
333.620,6,-0.415527,1.694312,-0.575327,0.274257,-0.136009,-0.027321,-0.951598,328.035300,16.705360,358.473100
333.731,6,-0.423590,1.696861,-0.565192,0.290683,-0.135478,-0.023213,-0.946895,326.166500,17.015260,357.598800
333.843,6,-0.429408,1.694057,-0.547919,0.268954,-0.137399,-0.017172,-0.953148,328.840300,17.174740,357.242200
333.954,6,-0.433229,1.684375,-0.525857,0.200847,-0.152193,0.001579,-0.967727,337.154400,18.682540,356.005900
334.064,6,-0.437918,1.663928,-0.490695,0.075201,-0.186556,0.024321,-0.979260,352.055800,21.876540,355.616900
334.173,6,-0.447043,1.646788,-0.462401,-0.012904,-0.205198,0.036301,-0.977962,2.300321,23.624340,356.229600
334.283,6,-0.454791,1.635692,-0.441210,-0.048678,-0.204464,0.039356,-0.976871,6.384347,23.459840,356.712800
334.393,6,-0.456187,1.627961,-0.432218,-0.078856,-0.188170,0.037290,-0.978255,9.689887,21.562670,357.483500
334.504,6,-0.450913,1.625520,-0.438713,-0.097213,-0.165656,0.036763,-0.980692,11.703740,18.936080,357.664700
334.615,6,-0.441740,1.625999,-0.454591,-0.097509,-0.151493,0.037143,-0.982936,11.709180,17.262310,357.455300
334.726,6,-0.429672,1.623211,-0.481383,-0.110687,-0.131160,0.035061,-0.984539,13.129210,14.905510,357.645900
334.837,6,-0.424655,1.622677,-0.504838,-0.106188,-0.110724,0.035748,-0.987515,12.570510,12.490340,357.234700
334.947,6,-0.423145,1.622592,-0.533957,-0.099326,-0.089295,0.035029,-0.990421,11.712780,9.993352,356.976400
335.059,6,-0.422311,1.623836,-0.552768,-0.093370,-0.082761,0.032206,-0.991663,10.982760,9.269500,357.172800
335.170,6,-0.417947,1.620121,-0.564031,-0.093692,-0.082880,0.032643,-0.991608,11.024090,9.278193,357.126400
335.281,6,-0.407184,1.608139,-0.552649,-0.118278,-0.078374,0.040949,-0.989035,13.909070,8.611505,356.310700
335.391,6,-0.392718,1.585141,-0.525280,-0.122325,-0.076813,0.039817,-0.988712,14.359540,8.437788,356.452500
335.502,6,-0.374580,1.542842,-0.488634,-0.136035,-0.085605,0.047801,-0.985841,16.045520,9.328506,355.765700
335.614,6,-0.357728,1.499530,-0.452128,-0.140042,-0.093864,0.048355,-0.984500,16.548150,10.292600,355.877000
335.726,6,-0.340146,1.424141,-0.410757,-0.132995,-0.097899,0.052160,-0.984890,15.794220,10.718650,355.427900
335.837,6,-0.333254,1.354752,-0.384407,-0.127750,-0.104191,0.059643,-0.984514,15.305820,11.355780,354.597200
335.948,6,-0.327369,1.264914,-0.354855,-0.131566,-0.109134,0.063709,-0.983220,15.820400,11.866410,354.239800
336.060,6,-0.324626,1.196242,-0.334980,-0.139232,-0.110661,0.071204,-0.981478,16.801990,11.899630,353.464800
336.171,6,-0.324569,1.121321,-0.311273,-0.148711,-0.109339,0.066043,-0.980596,17.823920,11.806900,354.151800
336.282,6,-0.327751,1.066832,-0.296043,-0.150661,-0.103079,0.065314,-0.981025,18.003200,11.067450,354.140600
336.393,6,-0.330392,1.021808,-0.286557,-0.150747,-0.099406,0.066826,-0.981289,18.007330,10.600210,353.892600
336.504,6,-0.331643,0.985156,-0.280690,-0.151202,-0.097088,0.062557,-0.981732,18.000590,10.401740,354.359900
336.615,6,-0.333485,0.955773,-0.278526,-0.152004,-0.093957,0.064306,-0.981800,18.092930,9.992809,354.100100
336.727,6,-0.338680,0.917420,-0.282101,-0.146581,-0.092250,0.062093,-0.982929,17.434370,9.846139,354.284000
336.838,6,-0.343024,0.884999,-0.287959,-0.142502,-0.097931,0.058926,-0.983174,16.962720,10.589260,354.723700
336.948,6,-0.347554,0.846075,-0.297504,-0.135140,-0.107787,0.057225,-0.983283,16.146700,11.804490,355.018800
337.060,6,-0.350005,0.816063,-0.306555,-0.133626,-0.118631,0.052487,-0.982505,15.963720,13.171800,355.739100
337.171,6,-0.352954,0.785821,-0.315783,-0.131229,-0.133309,0.050377,-0.981055,15.718880,14.951060,356.196300
337.282,6,-0.355406,0.765215,-0.317939,-0.132335,-0.140018,0.049726,-0.980005,15.860960,15.760490,356.399700
337.393,6,-0.354323,0.752756,-0.315004,-0.137462,-0.142568,0.057693,-0.978494,16.586420,15.936290,355.589100
337.504,6,-0.351596,0.744637,-0.311128,-0.141167,-0.144689,0.062459,-0.977362,17.098560,16.108410,355.124200
337.615,6,-0.351432,0.740645,-0.310525,-0.140748,-0.144105,0.065772,-0.977291,17.101150,15.981330,354.717800
337.726,6,-0.358008,0.756724,-0.317811,-0.111420,-0.141640,0.061069,-0.981730,13.654640,15.794560,354.783900
337.838,6,-0.369775,0.795169,-0.333561,-0.037110,-0.141628,0.042414,-0.988314,4.897070,16.129700,355.779600
337.949,6,-0.388996,0.857179,-0.371785,0.095120,-0.141240,0.021668,-0.985157,349.554800,16.688480,355.943800
338.061,6,-0.404568,0.902852,-0.418374,0.213092,-0.147718,0.009955,-0.965750,335.880200,18.497180,354.833900
338.173,6,-0.415371,0.930052,-0.462536,0.295511,-0.154314,-0.003256,-0.942789,326.067700,20.387990,354.115500
338.285,6,-0.419401,0.941640,-0.489807,0.329417,-0.148749,-0.005988,-0.932375,321.970900,20.311990,353.670900
338.397,6,-0.420037,0.945662,-0.504733,0.340183,-0.137635,0.002402,-0.930229,320.784800,19.427290,352.725100
338.508,6,-0.423426,0.949155,-0.521744,0.349254,-0.129675,0.011764,-0.927937,319.825300,19.009380,351.539900
338.619,6,-0.430399,0.952350,-0.532784,0.357218,-0.124516,0.011703,-0.925610,318.823900,18.502870,351.548600
338.730,6,-0.436944,0.957088,-0.540498,0.350677,-0.119275,0.016553,-0.928722,319.653100,17.813760,351.367100
338.841,6,-0.440960,0.960325,-0.548496,0.342795,-0.118405,0.027636,-0.931509,320.795700,18.006280,350.142400
338.952,6,-0.442843,0.960350,-0.553200,0.353087,-0.129141,0.024256,-0.926318,319.618400,19.667920,349.705200
339.064,6,-0.441265,0.963733,-0.548513,0.349465,-0.144699,0.033349,-0.925108,320.436400,22.179870,347.805800
339.174,6,-0.441339,0.971252,-0.537614,0.352694,-0.133609,0.030635,-0.925644,319.852900,20.601120,348.609700
339.285,6,-0.438067,1.014614,-0.516667,0.357182,-0.101067,0.032757,-0.927973,318.982500,16.237410,349.847700
339.396,6,-0.433334,1.065624,-0.495660,0.343721,-0.074578,0.034781,-0.935460,320.365700,12.252670,351.311200
339.507,6,-0.433918,1.124212,-0.473497,0.335687,-0.042811,0.033540,-0.940402,321.061200,7.612262,353.220200
339.619,6,-0.452119,1.168362,-0.457342,0.325567,-0.028621,0.021248,-0.944847,322.120300,4.936387,355.728600
339.730,6,-0.499035,1.219942,-0.431498,0.300569,0.011100,-0.003343,-0.953690,325.024600,358.378900,0.912432
339.841,6,-0.547676,1.259545,-0.413041,0.272269,0.047828,-0.015295,-0.960910,328.547700,353.251500,3.726056
339.951,6,-0.592072,1.299694,-0.402033,0.250324,0.090412,-0.016087,-0.963797,331.339800,348.007100,4.986682
340.063,6,-0.627028,1.340120,-0.394245,0.223273,0.116552,-0.005459,-0.967747,334.477100,345.363700,3.978507
340.173,6,-0.643496,1.388887,-0.390164,0.189376,0.129362,0.011096,-0.973283,338.191600,344.532300,1.690951
340.284,6,-0.631145,1.437905,-0.394297,0.168805,0.116900,0.032533,-0.978152,340.254700,346.625900,358.528000
340.396,6,-0.601975,1.472961,-0.404473,0.156214,0.084540,0.043419,-0.983140,341.669300,350.745200,356.438800
340.505,6,-0.544340,1.506283,-0.416871,0.142176,0.026442,0.064572,-0.987379,343.490200,357.976400,352.810300
340.616,6,-0.488939,1.517582,-0.421956,0.126091,-0.017480,0.074523,-0.989061,345.710700,3.157088,350.986300
340.727,6,-0.414416,1.519670,-0.423597,0.109413,-0.046103,0.088216,-0.989000,347.978100,6.486787,349.121900
340.838,6,-0.356292,1.523792,-0.421330,0.100260,-0.053801,0.098171,-0.988644,349.182600,7.374040,347.959300
340.950,6,-0.286503,1.528748,-0.414731,0.097401,-0.059130,0.105054,-0.987917,349.628800,8.023378,347.130700
341.061,6,-0.228701,1.526222,-0.403505,0.096481,-0.058095,0.114099,-0.987065,349.792800,7.984333,346.098200
341.172,6,-0.172790,1.516453,-0.388203,0.089424,-0.054284,0.133669,-0.985489,350.692100,7.622502,343.930000
341.284,6,-0.122054,1.502774,-0.372055,0.082310,-0.061206,0.148028,-0.983650,351.731700,8.412507,342.274600
341.395,6,-0.085262,1.488629,-0.355741,0.074767,-0.071273,0.153773,-0.982692,352.817700,9.460219,341.617800
341.506,6,-0.045822,1.471079,-0.330129,0.065039,-0.077713,0.161080,-0.981725,354.107300,10.047300,340.845600
341.617,6,-0.020829,1.457839,-0.309706,0.053538,-0.082245,0.166499,-0.981146,355.545300,10.355740,340.333600
341.728,6,0.002878,1.444908,-0.284399,0.049889,-0.074414,0.177254,-0.980079,355.905000,9.437225,339.158800
341.840,6,0.016968,1.437994,-0.266492,0.046028,-0.066089,0.181736,-0.980044,356.204400,8.429461,338.709400
341.950,6,0.030589,1.430643,-0.247444,0.036485,-0.063455,0.184525,-0.980098,357.243000,7.932592,338.484000
342.061,6,0.036151,1.431451,-0.234187,0.025600,-0.059673,0.186935,-0.980224,358.402500,7.273463,338.304400
342.172,6,0.033041,1.440946,-0.225697,0.026332,-0.055369,0.181024,-0.981566,358.186500,6.793428,338.993800
342.284,6,0.023976,1.451931,-0.216811,0.029514,-0.052826,0.170359,-0.983522,357.704300,6.549352,340.214900
342.395,6,0.014827,1.458918,-0.206336,0.032470,-0.050284,0.162451,-0.984899,357.270400,6.299392,341.117500
342.506,6,0.007306,1.465093,-0.187231,0.040772,-0.056055,0.154111,-0.985619,356.382500,7.083220,342.002500
342.617,6,0.007766,1.467943,-0.164454,0.043148,-0.061741,0.150160,-0.985788,356.185500,7.757750,342.419300
342.728,6,0.013094,1.469402,-0.123308,0.043636,-0.067422,0.153264,-0.984916,356.256500,8.424078,342.034400
342.840,6,0.017286,1.470803,-0.087870,0.046639,-0.070570,0.156633,-0.984028,356.004300,8.851289,341.602200
342.950,6,0.020083,1.473811,-0.042133,0.043589,-0.075227,0.159100,-0.983427,356.457100,9.331116,341.331200
343.062,6,0.019915,1.475716,-0.007832,0.043294,-0.073429,0.156758,-0.983952,356.435200,9.112919,341.611800
343.173,6,0.020760,1.476433,0.021414,0.040699,-0.073094,0.158938,-0.983738,356.741600,9.032957,341.387100
343.284,6,0.021732,1.477422,0.047761,0.039102,-0.072579,0.159726,-0.983713,356.919100,8.946415,341.313700
343.395,6,0.019019,1.476305,0.066574,0.034155,-0.070102,0.158940,-0.984204,357.423900,8.568842,341.459800
343.506,6,0.012046,1.475253,0.081044,0.030805,-0.061658,0.156548,-0.985263,357.627500,7.542170,341.787100
343.618,6,0.005961,1.476151,0.088716,0.035494,-0.053326,0.158696,-0.985247,356.961000,6.690617,341.522000
343.729,6,-0.001590,1.477365,0.097921,0.035329,-0.040071,0.158474,-0.985917,356.734500,5.184133,341.589100
343.840,6,-0.006099,1.478499,0.107336,0.039193,-0.036164,0.153027,-0.986782,356.199600,4.792654,342.210900
343.951,6,-0.005968,1.477225,0.123187,0.039953,-0.029359,0.149109,-0.987577,355.976900,4.018304,342.687000
344.062,6,-0.000055,1.474418,0.145762,0.037683,-0.022391,0.149251,-0.987827,356.114400,3.188024,342.708200
344.173,6,0.012421,1.469570,0.177485,0.035078,-0.017467,0.147273,-0.988319,356.319600,2.576340,342.966200
344.284,6,0.029064,1.466356,0.214497,0.024944,-0.010428,0.149645,-0.988370,357.352800,1.610769,342.743700
344.395,6,0.045631,1.467663,0.248407,0.021964,-0.006486,0.151157,-0.988245,357.624400,1.115955,342.584300
344.506,6,0.064088,1.468756,0.290310,0.016533,0.001001,0.153851,-0.987955,358.110300,0.178268,342.294300
344.617,6,0.074358,1.468518,0.319350,0.012609,0.008156,0.154301,-0.987910,358.428200,359.299300,342.255100
344.728,6,0.083744,1.467577,0.351103,0.008868,0.020449,0.154753,-0.987702,358.633500,357.841700,342.216300
344.840,6,0.089392,1.465214,0.371552,0.005260,0.025801,0.155541,-0.987478,358.944900,357.172500,342.123400
344.951,6,0.095470,1.461648,0.392770,0.000128,0.030604,0.154635,-0.987498,359.443200,356.536900,342.217200
345.062,6,0.100443,1.459602,0.408174,-0.002469,0.034257,0.156080,-0.987147,359.666600,356.077700,342.041800
345.173,6,0.104662,1.457354,0.421346,-0.005044,0.037936,0.156147,-0.986992,359.891700,355.614900,342.024300
345.285,6,0.108849,1.454635,0.432963,-0.008112,0.040497,0.156050,-0.986885,0.193185,355.269800,342.021100
345.395,6,0.111512,1.452741,0.441590,-0.011935,0.044826,0.157832,-0.986376,0.538256,354.709700,341.793200
345.505,6,0.111905,1.453879,0.448863,-0.014334,0.054267,0.158739,-0.985724,0.632004,353.595700,341.668100
345.617,6,0.105070,1.460480,0.447797,-0.017758,0.069954,0.156437,-0.985048,0.750521,351.756300,341.898200
345.728,6,0.081591,1.483655,0.430151,-0.016465,0.114805,0.142007,-0.983048,359.986500,346.679700,343.561900
345.839,6,0.055474,1.505391,0.400552,-0.021033,0.175583,0.129611,-0.975669,359.743700,339.630300,344.912000
345.949,6,0.021008,1.534049,0.344154,-0.035878,0.267491,0.109795,-0.956612,0.567422,328.689600,346.746000
346.060,6,-0.004648,1.556255,0.279545,-0.053711,0.348091,0.083891,-0.932153,2.391696,318.811800,348.816000
346.171,6,-0.018994,1.575066,0.205744,-0.060632,0.397629,0.073448,-0.912590,2.995327,312.637300,349.483200
346.283,6,-0.023643,1.586679,0.122205,-0.083470,0.436162,0.052802,-0.894431,5.926739,307.506000,350.318700
346.394,6,-0.017560,1.594891,0.050054,-0.096062,0.460425,0.039628,-0.881595,7.636311,304.232400,350.807800
346.505,6,-0.003836,1.605488,-0.034021,-0.100594,0.477945,0.028973,-0.872129,8.497545,301.917800,351.470300
346.616,6,0.009929,1.609670,-0.091970,-0.111647,0.488339,0.019361,-0.865266,10.037870,300.388700,351.676300
346.727,6,0.022373,1.618109,-0.153204,-0.107444,0.501501,0.013219,-0.858358,9.857131,298.751100,352.390900
346.838,6,0.033894,1.629441,-0.184614,-0.097152,0.482385,0.015567,-0.870416,8.864971,301.464400,352.975700
346.948,6,0.053067,1.637648,-0.209152,-0.079579,0.429518,0.029040,-0.899076,6.785271,308.515300,353.025400
347.060,6,0.069690,1.637830,-0.220528,-0.079246,0.388127,0.035472,-0.917507,6.769954,313.707100,352.675100
347.171,6,0.087651,1.638420,-0.229716,-0.080189,0.356768,0.045864,-0.929615,6.682277,317.526000,351.751700
347.282,6,0.100395,1.638840,-0.235346,-0.076069,0.345948,0.050999,-0.933773,6.129515,318.883500,351.446900
347.393,6,0.112205,1.637792,-0.237529,-0.078804,0.340850,0.056546,-0.935101,6.247941,319.440900,350.768300
347.504,6,0.121191,1.636102,-0.237977,-0.082911,0.332278,0.063456,-0.937385,6.503787,320.389100,349.910200
347.615,6,0.127822,1.633784,-0.236328,-0.090746,0.317349,0.066433,-0.941616,7.396280,322.061500,349.383200
347.726,6,0.133345,1.632008,-0.233747,-0.094297,0.295380,0.070654,-0.948086,7.877921,324.628300,348.960400
347.837,6,0.134292,1.630527,-0.231569,-0.095258,0.283226,0.074196,-0.951422,8.003428,326.047100,348.634800
347.948,6,0.134139,1.628889,-0.228149,-0.097918,0.269082,0.072693,-0.955365,8.509553,327.706300,348.829700
348.059,6,0.133419,1.627317,-0.224526,-0.101387,0.258243,0.070737,-0.958138,9.076356,328.958100,349.029700
348.170,6,0.130763,1.625835,-0.218293,-0.105217,0.247166,0.069373,-0.960742,9.664495,330.226500,349.165100
348.282,6,0.126649,1.624453,-0.207032,-0.100851,0.233350,0.068689,-0.964707,9.353527,331.943800,349.512700
348.393,6,0.119287,1.619306,-0.183869,-0.102882,0.217940,0.063217,-0.968463,9.887868,333.787400,350.223000
348.504,6,0.108065,1.610302,-0.150068,-0.114596,0.205822,0.059182,-0.970053,11.418060,335.088600,350.487500
348.615,6,0.094625,1.605182,-0.113937,-0.123994,0.206582,0.055192,-0.968970,12.561580,334.901000,350.673100
348.727,6,0.075631,1.598848,-0.065717,-0.134456,0.214739,0.049799,-0.966090,13.792400,333.830900,350.878000
348.838,6,0.062308,1.595427,-0.030805,-0.139099,0.223813,0.047465,-0.963487,14.287790,332.698400,350.872300
348.949,6,0.047610,1.591101,0.008802,-0.149539,0.231250,0.042425,-0.960397,15.522190,331.695000,351.004700
349.060,6,0.036078,1.584884,0.039898,-0.162879,0.234354,0.034748,-0.957779,17.200570,331.197900,351.396500
349.171,6,0.025978,1.578700,0.067188,-0.169359,0.239154,0.028075,-0.955686,18.076030,330.603800,351.856200
349.283,6,0.017550,1.571722,0.091641,-0.176367,0.244633,0.025026,-0.953112,18.902050,329.851900,351.857600
349.393,6,0.010639,1.564404,0.113594,-0.183192,0.250133,0.023141,-0.950441,19.672890,329.072600,351.718200
349.505,6,0.003605,1.557155,0.134553,-0.186417,0.255198,0.023389,-0.948460,19.979260,328.374200,351.463000
349.616,6,-0.003171,1.549142,0.153183,-0.189521,0.256923,0.021226,-0.947429,20.377760,328.135200,351.559000
349.727,6,-0.013451,1.539617,0.176567,-0.189766,0.260221,0.017454,-0.946557,20.497410,327.791800,351.910900
349.838,6,-0.022624,1.531943,0.194399,-0.190151,0.264736,0.016167,-0.945249,20.543610,327.245700,351.943100
349.949,6,-0.034732,1.521417,0.217923,-0.192873,0.268789,0.012301,-0.943611,20.939420,326.755400,352.190900
350.061,6,-0.045408,1.512325,0.238724,-0.194139,0.271418,0.009623,-0.942629,21.148020,326.451000,352.388900
350.171,6,-0.055229,1.502842,0.259247,-0.194867,0.275008,0.007491,-0.941457,21.272060,326.026500,352.521600
350.283,6,-0.064942,1.493059,0.278407,-0.198241,0.279168,0.005336,-0.939541,21.686690,325.471600,352.535700
350.393,6,-0.073862,1.484692,0.295109,-0.200640,0.281661,0.004150,-0.938293,21.973650,325.126800,352.514300
350.504,6,-0.081642,1.477067,0.308800,-0.204217,0.283700,0.001029,-0.936914,22.462850,324.850900,352.676400
350.616,6,-0.087807,1.472086,0.318604,-0.207056,0.286303,0.000126,-0.935499,22.788370,324.473200,352.596500
350.727,6,-0.093498,1.467453,0.327854,-0.210418,0.287798,-0.000849,-0.934289,23.183120,324.223600,352.528700
350.838,6,-0.095529,1.464815,0.332573,-0.212192,0.287329,-0.002498,-0.934029,23.442130,324.276100,352.656300
350.949,6,-0.096231,1.462543,0.336579,-0.213393,0.287254,-0.003575,-0.933775,23.614250,324.280200,352.731900
351.060,6,-0.095828,1.461864,0.338230,-0.213154,0.288219,-0.003628,-0.933532,23.582150,324.163800,352.722500
351.171,6,-0.095699,1.460793,0.340511,-0.213309,0.290745,-0.003005,-0.932715,23.556980,323.823500,352.576700
351.283,6,-0.099412,1.457139,0.345788,-0.212865,0.291890,-0.001642,-0.932462,23.449230,323.658700,352.408200
351.393,6,-0.107206,1.449533,0.352851,-0.213501,0.295514,-0.005620,-0.931159,23.636170,323.264800,352.743300
351.505,6,-0.116329,1.440899,0.362338,-0.215763,0.296547,-0.008765,-0.930285,23.993950,323.144900,352.979600
351.616,6,-0.124176,1.433527,0.370846,-0.217167,0.297906,-0.010903,-0.929501,24.218060,322.982500,353.128000
351.727,6,-0.133859,1.424611,0.381663,-0.219365,0.297790,-0.011388,-0.929016,24.479610,322.953600,353.090400
351.838,6,-0.141438,1.417689,0.389770,-0.220783,0.296318,-0.013135,-0.929128,24.711890,323.147300,353.271400
351.949,6,-0.151438,1.408475,0.398963,-0.223569,0.295078,-0.015603,-0.928818,25.120150,323.294600,353.470700
352.061,6,-0.159807,1.400619,0.406423,-0.223657,0.295403,-0.016231,-0.928683,25.150760,323.264900,353.530500
352.171,6,-0.167653,1.391152,0.413978,-0.223115,0.295742,-0.016660,-0.928697,25.104290,323.244400,353.594500
352.283,6,-0.174503,1.380197,0.422687,-0.222488,0.296201,-0.015700,-0.928718,24.996220,323.178500,353.497400
352.393,6,-0.180358,1.369182,0.431933,-0.222737,0.295921,-0.015620,-0.928749,25.022740,323.206700,353.485100
352.504,6,-0.185791,1.359286,0.440669,-0.223260,0.296073,-0.016459,-0.928561,25.110590,323.193400,353.555300
352.616,6,-0.189205,1.351663,0.447020,-0.223133,0.295702,-0.016588,-0.928707,25.103910,323.247500,353.586500
352.727,6,-0.192815,1.343671,0.453398,-0.221972,0.296163,-0.016296,-0.928844,24.961400,323.210100,353.590500
352.838,6,-0.195228,1.337815,0.456994,-0.222034,0.297556,-0.016393,-0.928382,24.962210,323.030500,353.559200
352.949,6,-0.197341,1.331309,0.460544,-0.220452,0.299204,-0.016056,-0.928235,24.763280,322.849200,353.543200
353.060,6,-0.199271,1.324274,0.464057,-0.217056,0.300325,-0.015559,-0.928682,24.361850,322.776800,353.604200
353.171,6,-0.203512,1.311122,0.469522,-0.216170,0.301152,-0.015259,-0.928626,24.247090,322.685200,353.585800
353.283,6,-0.209647,1.292560,0.476281,-0.221001,0.302400,-0.016120,-0.927067,24.803940,322.423400,353.435700
353.393,6,-0.215769,1.274169,0.482989,-0.221818,0.303900,-0.016274,-0.926378,24.889290,322.211900,353.374100
353.505,6,-0.221516,1.255224,0.488522,-0.226354,0.307120,-0.016941,-0.924205,25.391500,321.691500,353.151800
353.616,6,-0.224671,1.239823,0.491891,-0.227525,0.308838,-0.017747,-0.923329,25.538830,321.455200,353.140600
353.727,6,-0.227650,1.224776,0.496257,-0.230846,0.309173,-0.017290,-0.922401,25.884420,321.311100,352.922800
353.838,6,-0.230013,1.216961,0.499398,-0.230080,0.311271,-0.016767,-0.921896,25.763540,321.045800,352.835600
353.949,6,-0.231349,1.209374,0.502706,-0.229528,0.312965,-0.015740,-0.921478,25.649330,320.815900,352.692500
354.060,6,-0.232510,1.205801,0.505384,-0.231987,0.313589,-0.015643,-0.920652,25.910670,320.663600,352.545800
354.171,6,-0.233022,1.205447,0.506834,-0.231355,0.314473,-0.015909,-0.920505,25.844570,320.571800,352.580200
354.283,6,-0.233630,1.207628,0.506357,-0.230308,0.315375,-0.015601,-0.920464,25.710210,320.476100,352.567800
354.394,6,-0.234029,1.213077,0.503793,-0.228312,0.319007,-0.013388,-0.919744,25.373600,320.006900,352.301400
354.505,6,-0.234298,1.218475,0.500623,-0.223259,0.321624,-0.011675,-0.920096,24.730390,319.768900,352.272700
354.616,6,-0.235184,1.221083,0.498757,-0.219584,0.324364,-0.010471,-0.920033,24.257720,319.487900,352.234800
354.727,6,-0.236246,1.221954,0.496690,-0.221556,0.328664,-0.012110,-0.918012,24.503130,318.908500,352.205900
354.838,6,-0.236675,1.224129,0.494580,-0.219378,0.334302,-0.008918,-0.916535,24.085370,318.167800,351.792400
354.949,6,-0.237628,1.232529,0.490359,-0.210027,0.343807,0.001306,-0.915251,22.554100,316.995700,350.853100
355.060,6,-0.239702,1.242414,0.485383,-0.197648,0.352759,0.008615,-0.914561,20.820670,316.055400,350.442000
355.171,6,-0.242070,1.251678,0.480811,-0.183203,0.362699,0.014646,-0.913604,18.912600,315.072000,350.283800
355.283,6,-0.245138,1.257351,0.478799,-0.168640,0.365719,0.015826,-0.915183,17.283290,315.037500,350.821000
355.394,6,-0.248642,1.259365,0.477763,-0.165635,0.367918,0.016019,-0.914847,16.934310,314.827200,350.906700
355.505,6,-0.252109,1.263669,0.476689,-0.158725,0.372097,0.019422,-0.914316,16.009410,314.414400,350.802600
355.616,6,-0.253940,1.268815,0.474722,-0.156176,0.374743,0.019828,-0.913665,15.695430,314.132200,350.838300
355.727,6,-0.254567,1.280461,0.470568,-0.146428,0.377294,0.024141,-0.914126,14.447360,313.977400,350.811700
355.839,6,-0.253620,1.291355,0.465616,-0.137046,0.381199,0.028174,-0.913845,13.237990,313.642000,350.779400
355.949,6,-0.252276,1.302286,0.460068,-0.126817,0.384497,0.030790,-0.913856,12.011450,313.409300,350.953300
356.061,6,-0.252301,1.306612,0.456443,-0.124989,0.386266,0.028892,-0.913423,11.889000,313.239400,351.221600
356.172,6,-0.251336,1.308478,0.453441,-0.122585,0.387674,0.028299,-0.913171,11.650460,313.113400,351.383800
356.283,6,-0.249165,1.309590,0.449804,-0.123992,0.389032,0.027935,-0.912414,11.801910,312.918400,351.336400
356.394,6,-0.244796,1.311875,0.443547,-0.122722,0.390166,0.026718,-0.912138,11.714130,312.810400,351.513400
356.505,6,-0.231460,1.324885,0.429385,-0.122600,0.391794,0.026060,-0.911476,11.716770,312.612800,351.568300
356.616,6,-0.213477,1.349324,0.409945,-0.111091,0.387162,0.029375,-0.914824,10.399590,313.378300,351.830600
356.727,6,-0.187687,1.393052,0.368572,-0.090057,0.392870,0.031954,-0.914616,8.026293,312.981600,352.502000
356.839,6,-0.162366,1.430728,0.324435,-0.077682,0.402620,0.034253,-0.911422,6.547152,311.919200,352.772400
356.949,6,-0.114700,1.478573,0.254736,-0.073817,0.403996,0.035386,-0.911091,6.079996,311.791700,352.829300
357.061,6,-0.063506,1.521818,0.184033,-0.063787,0.403616,0.039220,-0.911859,4.857060,311.947700,352.908200
357.172,6,-0.008160,1.559669,0.111378,-0.055797,0.405364,0.036931,-0.911703,4.117359,311.824700,353.519300
357.283,6,0.046520,1.590446,0.043011,-0.053060,0.405820,0.035974,-0.911702,3.873344,311.798400,353.747600
357.393,6,0.096903,1.614252,-0.018474,-0.042350,0.416353,0.035130,-0.907537,2.729198,310.575600,354.310300
357.504,6,0.141581,1.629257,-0.069252,-0.044527,0.421469,0.028333,-0.905306,3.252539,309.925900,354.895200
357.615,6,0.175432,1.637716,-0.102324,-0.040039,0.413154,0.028444,-0.909336,2.826653,311.010700,355.128700
357.726,6,0.208334,1.642655,-0.128096,-0.036521,0.404301,0.030725,-0.913380,2.399756,312.144500,355.081800
357.837,6,0.226343,1.641773,-0.138876,-0.039684,0.400669,0.030567,-0.914853,2.757918,312.575600,354.961200
357.948,6,0.241272,1.639983,-0.146425,-0.044056,0.397861,0.031405,-0.915849,3.193491,312.889600,354.679700
358.059,6,0.246347,1.639016,-0.149797,-0.047968,0.398359,0.030879,-0.915454,3.624814,312.795000,354.552000
358.170,6,0.246929,1.638854,-0.151328,-0.049363,0.400976,0.029915,-0.914268,3.799933,312.457800,354.577800
358.282,6,0.242016,1.638407,-0.149971,-0.052478,0.403099,0.028879,-0.913194,4.161223,312.166200,354.531200
358.392,6,0.235585,1.636998,-0.148661,-0.058121,0.409742,0.024814,-0.910010,4.901732,311.290700,354.656200
358.503,6,0.229062,1.636195,-0.146670,-0.062669,0.416363,0.023121,-0.906741,5.416528,310.415300,354.575300
358.614,6,0.223425,1.636620,-0.145342,-0.062926,0.423389,0.022966,-0.903468,5.408525,309.523700,354.536800
358.726,6,0.215188,1.636181,-0.143910,-0.064587,0.435500,0.020843,-0.897627,5.612289,307.972700,354.599000
358.837,6,0.209227,1.635034,-0.143117,-0.066770,0.442885,0.016175,-0.893942,6.030017,307.021900,354.919700
358.947,6,0.202774,1.633822,-0.143741,-0.069483,0.454534,0.010589,-0.887952,6.532670,305.514800,355.267400
359.059,6,0.198891,1.633517,-0.148055,-0.070982,0.477695,0.004735,-0.875641,6.879678,302.507400,355.603400
359.170,6,0.199731,1.634507,-0.158958,-0.072354,0.510269,-0.001376,-0.856965,7.204641,298.197400,355.868300
359.281,6,0.206622,1.637970,-0.169836,-0.062792,0.524084,0.002110,-0.849346,5.995631,296.437500,355.998500
359.392,6,0.216086,1.638872,-0.180378,-0.058242,0.528022,-0.002251,-0.847228,5.800578,295.966300,356.675700
359.503,6,0.226668,1.638404,-0.188335,-0.060475,0.526992,-0.005320,-0.847699,6.207861,296.092600,356.844600
359.614,6,0.235659,1.638757,-0.193527,-0.056963,0.522504,-0.002345,-0.850729,5.702885,296.725400,356.800500
359.725,6,0.245784,1.638623,-0.199214,-0.055673,0.515442,-0.000681,-0.855114,5.504040,297.683200,356.761700
359.826,7,0.252923,1.638118,-0.203049,-0.056790,0.511541,-0.000448,-0.857380,5.614846,298.194600,356.697400
359.932,7,0.260318,1.637864,-0.206276,-0.056804,0.504413,0.002605,-0.861588,5.466065,299.136700,356.441000
360.044,7,0.266989,1.637938,-0.208457,-0.055882,0.494125,0.005198,-0.867578,5.268783,300.502800,356.300800
360.155,7,0.271810,1.638540,-0.210252,-0.052734,0.486348,0.007818,-0.872138,4.840279,301.549600,356.263700
360.266,7,0.277898,1.638549,-0.211998,-0.051784,0.475488,0.008664,-0.878154,4.744301,302.978500,356.291300
360.377,7,0.280914,1.638967,-0.214650,-0.050832,0.474230,0.011386,-0.878859,4.505169,303.143200,356.075800
360.488,7,0.282326,1.639602,-0.218338,-0.047431,0.485877,0.012960,-0.872643,4.024737,301.644000,356.050300
360.600,7,0.281342,1.640458,-0.221515,-0.042467,0.503635,0.013048,-0.862773,3.447609,299.339400,356.249600
360.711,7,0.278588,1.643337,-0.230352,-0.031863,0.540506,0.018981,-0.840523,1.893675,294.450200,356.193500
360.822,7,0.276685,1.646109,-0.238589,-0.018219,0.574156,0.025882,-0.818134,0.005213,289.878500,356.372500
360.933,7,0.274622,1.648240,-0.247027,-0.007345,0.603295,0.029395,-0.796942,358.638500,285.785600,356.805200
361.045,7,0.273243,1.649528,-0.255901,0.000091,0.628230,0.031820,-0.777377,357.700500,282.170700,357.168500
361.156,7,0.271767,1.650419,-0.263393,0.005728,0.647040,0.028967,-0.761884,357.351200,279.368700,357.893000
361.267,7,0.267264,1.649073,-0.271002,0.007949,0.669531,0.019530,-0.742485,357.824800,275.935200,358.947400
361.378,7,0.259644,1.648800,-0.273312,0.007395,0.687305,0.011925,-0.726234,358.445200,273.160600,359.589900
361.489,7,0.242388,1.647214,-0.273638,0.006636,0.715739,0.002522,-0.698332,359.262100,268.587300,0.342443
361.601,7,0.219503,1.647190,-0.270781,-0.007282,0.748303,-0.005825,-0.663292,1.053053,263.105500,359.818200
361.712,7,0.193263,1.645523,-0.268484,-0.027195,0.776435,-0.020818,-0.629266,3.816032,258.015800,359.079400
361.823,7,0.168447,1.639405,-0.268577,-0.036002,0.793815,-0.037639,-0.605925,5.934244,254.675100,359.334900
361.933,7,0.145225,1.634642,-0.275135,-0.046263,0.800435,-0.046208,-0.595842,7.417785,253.256700,358.902400
362.045,7,0.121960,1.632901,-0.289307,-0.050616,0.796075,-0.053199,-0.600727,8.367045,254.006600,359.034500
362.156,7,0.099917,1.630044,-0.308790,-0.050142,0.783475,-0.053645,-0.617070,8.391755,256.395900,359.283900
362.267,7,0.069268,1.625169,-0.344491,-0.048072,0.757045,-0.055115,-0.649257,8.387691,261.228900,359.929400
362.378,7,0.046704,1.623349,-0.379702,-0.048078,0.736664,-0.055578,-0.672254,8.425606,264.781600,0.225358
362.489,7,0.020159,1.628270,-0.431606,-0.053708,0.710453,-0.050472,-0.699875,8.446988,269.116300,359.671800
362.601,7,-0.002331,1.631931,-0.477921,-0.051831,0.692014,-0.045938,-0.718554,7.936029,272.132900,359.669300
362.711,7,-0.023943,1.631905,-0.520400,-0.052251,0.673649,-0.035444,-0.736349,7.163672,275.026500,358.949000
362.823,7,-0.040609,1.629481,-0.556907,-0.052603,0.658995,-0.035402,-0.749470,7.210143,277.291700,359.060700
362.934,7,-0.053511,1.627234,-0.585785,-0.058344,0.648514,-0.042775,-0.757758,8.273716,278.838600,359.372000
363.045,7,-0.066032,1.626166,-0.606770,-0.057903,0.642081,-0.042918,-0.763242,8.250512,279.818300,359.487900
363.156,7,-0.079025,1.625725,-0.619523,-0.058814,0.636258,-0.043969,-0.767974,8.411760,280.686100,359.576700
363.267,7,-0.097151,1.625984,-0.629753,-0.063553,0.627786,-0.042921,-0.774599,8.762983,281.893700,359.228800
363.378,7,-0.112924,1.624911,-0.635825,-0.063398,0.625169,-0.042970,-0.776723,8.755173,282.284600,359.274400
363.489,7,-0.134745,1.622558,-0.640083,-0.067038,0.626069,-0.045034,-0.775575,9.228684,282.110900,359.182300
363.601,7,-0.157206,1.621211,-0.639149,-0.066063,0.627614,-0.042964,-0.774526,8.990105,281.888300,359.050300
363.712,7,-0.182877,1.619362,-0.633638,-0.067080,0.628034,-0.043084,-0.774091,9.088985,281.813000,358.981400
363.823,7,-0.211332,1.617723,-0.624368,-0.072027,0.631237,-0.041371,-0.771129,9.399358,281.263700,358.424300
363.935,7,-0.237145,1.616969,-0.612780,-0.074389,0.635034,-0.036637,-0.768021,9.253094,280.649600,357.781700
364.046,7,-0.270907,1.618660,-0.593425,-0.075794,0.632714,-0.031913,-0.770006,9.039106,280.965600,357.285800
364.157,7,-0.296915,1.621386,-0.576688,-0.078219,0.630467,-0.027752,-0.771766,8.959002,281.254500,356.762100
364.268,7,-0.323337,1.621800,-0.556304,-0.078245,0.632790,-0.027587,-0.769866,8.939460,280.906500,356.718400
364.379,7,-0.336542,1.622584,-0.539355,-0.077263,0.639612,-0.028771,-0.764264,8.911200,279.900100,356.816800
364.490,7,-0.348537,1.625706,-0.511985,-0.074975,0.646319,-0.016102,-0.759204,7.738823,278.899900,355.806100
364.602,7,-0.356531,1.625264,-0.492151,-0.084063,0.639088,-0.009614,-0.764466,8.094973,279.828600,354.624500
364.713,7,-0.362059,1.624460,-0.481882,-0.087191,0.625738,-0.008580,-0.775098,8.389402,281.764100,354.442000
364.824,7,-0.369543,1.623046,-0.478015,-0.084124,0.616448,-0.007095,-0.782857,8.074500,283.184800,354.633000
364.935,7,-0.379259,1.620173,-0.474504,-0.082311,0.611202,-0.005388,-0.787165,7.826278,283.978900,354.663700
365.047,7,-0.392950,1.618114,-0.464763,-0.084832,0.606543,-0.004480,-0.790500,8.022048,284.612900,354.446700
365.158,7,-0.402617,1.620235,-0.458554,-0.089505,0.599870,-0.001848,-0.795073,8.310890,285.491500,353.941000
365.268,7,-0.414105,1.620733,-0.456991,-0.085691,0.595288,0.001454,-0.798929,7.769637,286.209000,353.954900
365.380,7,-0.422123,1.617451,-0.457788,-0.092314,0.597075,-0.004385,-0.796844,8.763551,285.851600,354.003500
365.491,7,-0.426887,1.616338,-0.461610,-0.093074,0.599583,-0.005387,-0.794864,8.883314,285.478400,354.013200
365.602,7,-0.428059,1.615087,-0.465209,-0.090383,0.596538,-0.007747,-0.797442,8.823627,285.974200,354.455400
365.713,7,-0.428182,1.616884,-0.467724,-0.090052,0.595769,-0.007769,-0.798054,8.800243,286.090900,354.489300
365.824,7,-0.426280,1.618751,-0.469735,-0.089430,0.592662,-0.004893,-0.800457,8.567242,286.540000,354.302400
365.936,7,-0.425444,1.620219,-0.472694,-0.087705,0.589554,-0.003421,-0.802946,8.330247,287.011000,354.320500
366.046,7,-0.427843,1.620059,-0.477732,-0.088787,0.592947,-0.004183,-0.800321,8.457534,286.508200,354.279200
366.157,7,-0.430472,1.620545,-0.480810,-0.088378,0.594078,-0.003332,-0.799531,8.353570,286.350200,354.217800
366.268,7,-0.434017,1.620791,-0.482632,-0.088026,0.592156,-0.002535,-0.800997,8.280499,286.630000,354.189200
366.379,7,-0.435925,1.620807,-0.482797,-0.088576,0.590947,-0.002528,-0.801829,8.339261,286.793700,354.162400
366.490,7,-0.437871,1.620534,-0.481787,-0.090785,0.589963,-0.001270,-0.802309,8.463175,286.892000,353.901500
366.602,7,-0.438748,1.620984,-0.480822,-0.090957,0.591335,0.001069,-0.801279,8.308261,286.685200,353.659100
366.712,7,-0.439702,1.621266,-0.479552,-0.091713,0.591456,0.004929,-0.801089,8.112050,286.642700,353.248600
366.824,7,-0.439128,1.621814,-0.479525,-0.091889,0.591280,0.005947,-0.801192,8.059957,286.661700,353.144100
366.935,7,-0.437103,1.622183,-0.480677,-0.090823,0.592469,0.006779,-0.800429,7.895267,286.508500,353.130700
367.046,7,-0.434095,1.623689,-0.483039,-0.087829,0.594288,0.007900,-0.799403,7.529242,286.298100,353.221000
367.157,7,-0.431505,1.625406,-0.484633,-0.080367,0.596929,0.010326,-0.798192,6.659489,286.039400,353.500500
367.268,7,-0.428009,1.626534,-0.485235,-0.077060,0.597913,0.011628,-0.797763,6.260286,285.947800,353.605900
367.380,7,-0.424948,1.626520,-0.485331,-0.076759,0.596943,0.010180,-0.798538,6.340421,286.094900,353.767500
367.490,7,-0.421608,1.625100,-0.484937,-0.080380,0.597457,0.005676,-0.797842,6.977408,285.974300,353.921600
367.602,7,-0.419116,1.624749,-0.484715,-0.084537,0.599277,0.003944,-0.796056,7.461834,285.647900,353.770000
367.713,7,-0.416537,1.625763,-0.484994,-0.081877,0.600949,0.004306,-0.795071,7.181907,285.450400,353.910200
367.824,7,-0.413430,1.626888,-0.485655,-0.080281,0.601284,0.006009,-0.794970,6.916132,285.424000,353.864800
367.935,7,-0.410070,1.628478,-0.486635,-0.077708,0.601276,0.008006,-0.795214,6.543762,285.461800,353.864700
368.046,7,-0.402720,1.632601,-0.490349,-0.070559,0.602688,0.012910,-0.794747,5.542954,285.356000,353.911400
368.157,7,-0.395021,1.635409,-0.494481,-0.066890,0.606442,0.015317,-0.792161,5.013947,284.861800,353.926600
368.269,7,-0.380715,1.638691,-0.501529,-0.064557,0.610733,0.013867,-0.789079,4.872755,284.274400,354.197200
368.378,7,-0.365721,1.641376,-0.507666,-0.059531,0.612347,0.014488,-0.788211,4.364574,284.103900,354.489700
368.489,7,-0.343015,1.643233,-0.515897,-0.052374,0.614234,0.016197,-0.787218,3.586925,283.911300,354.835400
368.601,7,-0.323088,1.642596,-0.522220,-0.047327,0.617031,0.016960,-0.785331,3.061315,283.556200,355.114500
368.711,7,-0.306083,1.641911,-0.527168,-0.047009,0.621131,0.017253,-0.782105,2.986454,282.960400,355.095200
368.823,7,-0.293764,1.642288,-0.529730,-0.041175,0.625228,0.020983,-0.779073,2.173026,282.412300,355.167500
368.934,7,-0.286214,1.642235,-0.530405,-0.041722,0.627199,0.023286,-0.777392,2.043501,282.116200,354.917100
369.045,7,-0.279980,1.641625,-0.532331,-0.044108,0.626323,0.024171,-0.777939,2.197728,282.222200,354.667900
369.156,7,-0.275369,1.641106,-0.535903,-0.043545,0.627396,0.025611,-0.777060,2.036625,282.069000,354.577300
369.267,7,-0.269977,1.640764,-0.540401,-0.042490,0.628277,0.023200,-0.776482,2.110897,281.950400,354.866300
369.378,7,-0.267090,1.640861,-0.542646,-0.040778,0.626741,0.025090,-0.777755,1.832680,282.191100,354.825600
369.488,7,-0.264204,1.640861,-0.546244,-0.041796,0.621096,0.026262,-0.782179,1.877429,283.009200,354.660800
369.600,7,-0.263217,1.640182,-0.550676,-0.038733,0.610276,0.031476,-0.790615,1.308073,284.607300,354.429400
369.711,7,-0.256651,1.641257,-0.563279,-0.039315,0.587035,0.030431,-0.808033,1.593433,287.927100,354.527100
369.822,7,-0.247697,1.642362,-0.582369,-0.031256,0.563420,0.033409,-0.824903,0.797613,291.296700,354.816400
369.933,7,-0.244085,1.643117,-0.602102,-0.033737,0.542224,0.033353,-0.838894,1.170862,294.192000,354.688800
370.044,7,-0.251868,1.649427,-0.615794,-0.026725,0.528365,0.035332,-0.847861,0.457341,296.119600,354.942400
370.155,7,-0.266472,1.644640,-0.618228,-0.024092,0.527332,0.026346,-0.848909,0.751648,296.277500,355.977600
370.266,7,-0.293083,1.640185,-0.609496,-0.030961,0.534509,0.023702,-0.844263,1.543737,295.267100,355.805300
370.377,7,-0.316332,1.636718,-0.598088,-0.030522,0.538114,0.025022,-0.841948,1.401925,294.779700,355.698500
370.489,7,-0.345953,1.636411,-0.582746,-0.033760,0.541417,0.023609,-0.839745,1.784227,294.308900,355.627300
370.600,7,-0.370923,1.634913,-0.571181,-0.036237,0.549633,0.021036,-0.834355,2.140166,293.169700,355.699400
370.711,7,-0.394271,1.632613,-0.560159,-0.037396,0.561377,0.019485,-0.826486,2.288812,291.543600,355.741600
370.823,7,-0.416492,1.628944,-0.548630,-0.042169,0.567743,0.015275,-0.821983,2.979562,290.625300,355.808300
370.934,7,-0.438070,1.624986,-0.536105,-0.044184,0.568327,0.013555,-0.821504,3.278405,290.528800,355.836000
371.045,7,-0.460737,1.620866,-0.523354,-0.043454,0.570059,0.012281,-0.820362,3.284468,290.295300,355.997100
371.156,7,-0.479690,1.617014,-0.511682,-0.045790,0.574197,0.010419,-0.817370,3.605672,289.698500,356.000100
371.268,7,-0.501416,1.611565,-0.496406,-0.050642,0.579190,0.010135,-0.813555,4.051849,288.951100,355.679100
371.379,7,-0.515768,1.607345,-0.485041,-0.055967,0.581616,0.009351,-0.811482,4.585950,288.554100,355.380600
371.489,7,-0.529859,1.602926,-0.473072,-0.062108,0.585583,0.008455,-0.808186,5.191619,287.922700,355.022700
371.601,7,-0.537899,1.600216,-0.464735,-0.065719,0.588101,0.008011,-0.806073,5.539194,287.520200,354.799800
371.712,7,-0.542969,1.598643,-0.459439,-0.067052,0.588364,0.007661,-0.805775,5.684090,287.466000,354.738700
371.823,7,-0.545389,1.598441,-0.455886,-0.067203,0.587863,0.006573,-0.806137,5.775024,287.537500,354.832600
371.934,7,-0.545627,1.599124,-0.453930,-0.066115,0.587413,0.006081,-0.806560,5.710800,287.617000,354.956100
372.046,7,-0.539520,1.600481,-0.453067,-0.066625,0.584905,0.006514,-0.808335,5.744365,287.965400,354.898800
372.157,7,-0.524688,1.603351,-0.455581,-0.068031,0.574283,0.006990,-0.815796,5.910269,289.445600,354.835100
372.267,7,-0.487427,1.613053,-0.466814,-0.057616,0.541102,0.010262,-0.838918,4.908555,294.159500,355.419300
372.378,7,-0.445263,1.621963,-0.483132,-0.045955,0.497858,0.017051,-0.865873,3.589283,300.068500,355.673800
372.489,7,-0.380383,1.632007,-0.517604,-0.027902,0.441592,0.027183,-0.896370,1.490658,307.491400,355.790700
372.600,7,-0.322565,1.635834,-0.559034,-0.020805,0.416528,0.031436,-0.908341,0.665113,310.706700,355.730600
372.711,7,-0.269254,1.636231,-0.602534,-0.020119,0.399037,0.032339,-0.916143,0.633445,312.903900,355.680700
372.822,7,-0.224367,1.639289,-0.638683,-0.021247,0.381501,0.025747,-0.923765,1.123582,315.084300,356.342500
372.932,7,-0.186270,1.644485,-0.663209,-0.019057,0.372930,0.022949,-0.927380,1.044484,316.156900,356.744600
373.044,7,-0.151589,1.646878,-0.676021,-0.017724,0.363199,0.024409,-0.931223,0.875516,317.360500,356.655400
373.155,7,-0.123278,1.647523,-0.681199,-0.018809,0.360885,0.025682,-0.932067,0.946951,317.639300,356.476500
373.267,7,-0.086430,1.647792,-0.680053,-0.017637,0.370929,0.028374,-0.928060,0.669587,316.406600,356.229900
373.377,7,-0.055447,1.647988,-0.673163,-0.015683,0.383693,0.025785,-0.922968,0.524942,314.837400,356.581100
373.488,7,-0.011606,1.648624,-0.657194,-0.013096,0.405255,0.018376,-0.913925,0.518127,312.161400,357.466400
373.600,7,0.024359,1.649047,-0.641475,-0.012807,0.427961,0.013701,-0.903602,0.654217,309.302200,357.952700
373.710,8,0.071155,1.648688,-0.618381,-0.017870,0.455007,0.008137,-0.890271,1.398952,305.836400,358.237300
373.822,8,0.110584,1.643993,-0.598328,-0.023010,0.475497,0.012789,-0.879323,1.621894,303.159100,357.455700
373.933,8,0.145381,1.639222,-0.580177,-0.037964,0.486499,0.019065,-0.872648,2.734561,301.624600,355.969200
374.044,8,0.173375,1.638241,-0.566330,-0.045055,0.495629,0.021086,-0.867109,3.281006,300.362700,355.333100
374.155,8,0.192822,1.638201,-0.560805,-0.043059,0.518780,0.028398,-0.853350,2.523221,297.288500,354.650300
374.267,8,0.213632,1.638597,-0.560585,-0.041291,0.549890,0.041043,-0.833206,1.356287,293.075400,353.463500
374.378,8,0.225590,1.639778,-0.562965,-0.039055,0.566062,0.045060,-0.822203,0.756791,290.862600,353.204700
374.488,8,0.234585,1.641126,-0.565105,-0.037899,0.578206,0.048196,-0.813584,0.339957,289.177100,352.977900
374.600,8,0.237063,1.641490,-0.566358,-0.037422,0.586133,0.049114,-0.807859,0.165493,288.065100,352.921900
374.711,8,0.237638,1.642584,-0.568154,-0.039102,0.594379,0.051148,-0.801604,0.108060,286.880200,352.618100
374.822,8,0.236708,1.642677,-0.570377,-0.038401,0.598877,0.051915,-0.798233,359.949900,286.244900,352.595400
374.933,8,0.236291,1.641397,-0.570909,-0.042082,0.592747,0.048636,-0.802817,0.567865,287.084100,352.646800
375.044,8,0.238320,1.640164,-0.566715,-0.045384,0.553104,0.047819,-0.830500,1.288380,292.589700,352.549900
375.156,8,0.243858,1.639286,-0.558576,-0.044152,0.482510,0.047068,-0.873510,1.817355,302.055200,352.825100
375.266,8,0.257678,1.636887,-0.545150,-0.043682,0.353460,0.045848,-0.933304,2.815852,318.350000,353.304100
375.377,8,0.268796,1.632922,-0.536760,-0.057071,0.271725,0.050567,-0.959350,4.704715,328.068100,352.618700
375.487,8,0.276548,1.626487,-0.528921,-0.078761,0.220942,0.050304,-0.970799,7.509729,333.852400,352.321200
375.599,8,0.276695,1.621050,-0.523845,-0.102939,0.206470,0.044688,-0.971996,10.466460,335.321700,352.439700
375.709,8,0.269349,1.618283,-0.517059,-0.116765,0.183851,0.043726,-0.975014,12.217120,337.835400,352.462700
375.822,8,0.250865,1.618713,-0.511665,-0.114644,0.162079,0.047244,-0.978956,12.072390,340.391500,352.380500
375.931,8,0.219114,1.616881,-0.506205,-0.116980,0.144054,0.048838,-0.981417,12.447280,342.466600,352.375400
376.043,8,0.177048,1.617219,-0.502033,-0.124531,0.129371,0.046094,-0.982665,13.463070,344.142500,352.745300
376.153,8,0.130478,1.620069,-0.496509,-0.122215,0.115375,0.045484,-0.984725,13.308920,345.822800,353.048500
376.265,8,0.084184,1.619538,-0.490297,-0.123020,0.096972,0.049165,-0.986431,13.483490,347.926100,352.860800
376.376,8,0.047426,1.619080,-0.485523,-0.124727,0.079669,0.051379,-0.987652,13.779540,349.908000,352.821600
376.487,8,0.008721,1.618506,-0.481173,-0.118149,0.057403,0.053329,-0.989900,13.166890,352.550300,352.971600
376.598,8,-0.013902,1.617911,-0.478951,-0.113803,0.049133,0.055734,-0.990721,12.710050,353.523000,352.838200
376.709,8,-0.033904,1.618388,-0.474258,-0.102217,0.046699,0.067296,-0.991384,11.325790,353.773200,351.615200
376.821,8,-0.046374,1.618428,-0.468376,-0.094616,0.044599,0.078831,-0.991385,10.402970,353.968600,350.357600
376.931,8,-0.055522,1.618741,-0.461053,-0.085347,0.039002,0.092929,-0.991241,9.320129,354.581500,348.846300
377.043,8,-0.063799,1.617517,-0.454110,-0.082845,0.035037,0.099636,-0.990950,9.044915,355.007200,348.121800
377.154,8,-0.068951,1.617050,-0.449159,-0.080527,0.030800,0.103478,-0.990888,8.813140,355.490000,347.728800
377.265,8,-0.070262,1.617160,-0.449428,-0.085326,-0.004982,0.096255,-0.991680,9.798950,359.619400,348.879600
377.376,8,-0.065623,1.619134,-0.454312,-0.077609,-0.059436,0.088071,-0.991306,9.458814,6.061915,350.347900
377.487,8,-0.060861,1.619107,-0.459832,-0.074025,-0.127382,0.073548,-0.986349,9.483702,14.106740,352.647200
377.598,8,-0.056339,1.620225,-0.460142,-0.067247,-0.160641,0.063860,-0.982647,8.782065,18.105110,353.965300
377.709,8,-0.046313,1.622491,-0.452775,-0.064623,-0.192109,0.058097,-0.977519,8.549360,21.851830,354.850800
377.821,8,-0.034925,1.621266,-0.438102,-0.068723,-0.205398,0.051110,-0.974924,8.916516,23.470910,355.853900
377.931,8,-0.022698,1.615236,-0.414430,-0.088730,-0.200588,0.044974,-0.974612,11.010960,22.966560,356.959400
378.043,8,-0.007935,1.601358,-0.379858,-0.136780,-0.175481,0.055540,-0.973351,16.604480,19.914590,356.403400
378.153,8,0.011393,1.580636,-0.337195,-0.209400,-0.153080,0.071423,-0.963129,25.164950,17.022360,355.344000
378.264,8,0.035801,1.570181,-0.285410,-0.238797,-0.142066,0.081932,-0.957121,28.711150,15.394050,354.176600
378.375,8,0.054514,1.566538,-0.239092,-0.249279,-0.126866,0.080165,-0.956733,29.823320,13.517490,354.035900
378.486,8,0.071297,1.568105,-0.185943,-0.256441,-0.089331,0.077110,-0.959329,30.384370,8.791477,353.200700
378.596,8,0.081593,1.573745,-0.154571,-0.247396,-0.064315,0.072478,-0.964057,29.099640,5.789800,352.905100
378.708,8,0.092613,1.578345,-0.123430,-0.241529,-0.050844,0.067454,-0.966710,28.283590,4.279913,353.095900
378.818,8,0.098399,1.581581,-0.102145,-0.237217,-0.044259,0.066115,-0.968193,27.722890,3.519156,353.055600
378.929,8,0.100934,1.581148,-0.073293,-0.232338,-0.044103,0.066261,-0.969373,27.147900,3.525243,353.030700
379.041,8,0.097799,1.576560,-0.045465,-0.241609,-0.049441,0.064159,-0.966987,28.268880,4.207244,353.468000
379.152,8,0.089310,1.573021,-0.013618,-0.248430,-0.060992,0.063509,-0.964640,29.146040,5.658576,353.938700
379.264,8,0.074621,1.569317,0.025205,-0.252318,-0.076350,0.059496,-0.962791,29.666080,7.737969,354.979900
379.375,8,0.055124,1.567055,0.066338,-0.250917,-0.089403,0.056912,-0.962190,29.540260,9.492722,355.738100
379.487,8,0.024201,1.570893,0.127474,-0.241679,-0.112572,0.059840,-0.961945,28.583300,12.339020,356.035400
379.597,8,0.001182,1.572978,0.176338,-0.248900,-0.133987,0.058640,-0.957422,29.493120,15.142670,356.997700
379.709,8,-0.020821,1.571159,0.229909,-0.256741,-0.161977,0.070980,-0.950163,30.722800,18.400990,356.551300
379.820,8,-0.029693,1.566459,0.263140,-0.260957,-0.189954,0.076672,-0.943366,31.431880,21.908750,356.941900
379.931,8,-0.031229,1.566116,0.299640,-0.266140,-0.216935,0.083371,-0.935499,32.284180,25.316160,357.253000
380.042,8,-0.023030,1.566095,0.330028,-0.258986,-0.235395,0.090299,-0.932396,31.699670,27.448910,356.869600
380.153,8,-0.005498,1.564474,0.360584,-0.257415,-0.251557,0.096325,-0.927997,31.750670,29.389130,356.678400
380.265,8,0.018818,1.561764,0.388859,-0.253116,-0.254848,0.104063,-0.927446,31.502990,29.514540,355.694200
380.376,8,0.046147,1.564706,0.411231,-0.248987,-0.251955,0.118461,-0.927627,31.441520,28.603240,353.653600
380.487,8,0.086712,1.571231,0.437748,-0.227730,-0.261074,0.131733,-0.928776,29.459300,29.213400,351.693300
380.598,8,0.116595,1.571099,0.452732,-0.230622,-0.274090,0.140942,-0.922943,30.196290,30.674050,351.098400
380.710,8,0.153282,1.573161,0.464696,-0.220563,-0.297540,0.149512,-0.916770,29.563220,33.461860,350.545200
380.821,8,0.183993,1.577526,0.469059,-0.202036,-0.339673,0.162835,-0.904040,28.419130,38.571920,349.705900
380.932,8,0.211789,1.577914,0.473212,-0.187158,-0.398344,0.173595,-0.880999,27.909250,46.114800,349.781600
381.043,8,0.235685,1.575813,0.482371,-0.177650,-0.460297,0.180884,-0.850792,27.956950,54.484200,350.601300
381.155,8,0.252024,1.572344,0.496845,-0.176134,-0.504393,0.184129,-0.825022,28.448890,60.786380,351.751700
381.266,8,0.270966,1.569404,0.523827,-0.169880,-0.554028,0.186583,-0.793335,28.443280,68.070320,352.957300
381.377,8,0.286307,1.567757,0.549117,-0.157899,-0.604275,0.188207,-0.757956,27.827990,75.606020,353.867300
381.488,8,0.305169,1.568436,0.584791,-0.139896,-0.685774,0.199244,-0.685890,27.721760,88.686840,354.721000
381.599,8,0.316430,1.575112,0.607764,-0.120317,-0.763244,0.206918,-0.600139,27.404690,102.624700,355.820900
381.709,8,0.317641,1.581318,0.630383,-0.100348,-0.847935,0.203896,-0.478918,26.225060,120.710200,358.395200
381.820,8,0.311643,1.584556,0.643172,-0.081368,-0.892434,0.202495,-0.394889,25.194280,132.054700,359.069500
381.930,8,0.302869,1.589647,0.654456,-0.051948,-0.926713,0.197046,-0.315716,23.453970,142.008900,358.242300
382.041,8,0.287550,1.591152,0.660451,-0.038442,-0.945546,0.191207,-0.260587,22.434310,148.852800,358.328900
382.152,8,0.253717,1.595675,0.662173,-0.023559,-0.959245,0.179615,-0.216871,20.781640,154.153300,357.995100
382.264,8,0.201364,1.600182,0.660287,0.007617,-0.971315,0.166071,-0.170028,18.664340,159.432800,355.685700
382.375,8,0.144999,1.601918,0.657788,0.027260,-0.979464,0.159525,-0.120244,17.814910,165.134700,354.468900
382.486,8,0.064510,1.599254,0.654657,0.038495,-0.985466,0.156653,-0.053243,17.737280,172.944100,354.423600
382.598,8,-0.000483,1.595397,0.653076,0.041731,-0.984772,0.168616,-0.007179,19.359710,178.286400,354.854600
382.708,8,-0.077181,1.586446,0.653047,0.042965,-0.981820,0.182788,0.027782,21.181170,182.387700,355.435100
382.819,8,-0.125090,1.582894,0.653166,0.044252,-0.975583,0.210534,0.044210,24.500350,184.262200,355.731600
382.931,8,-0.170073,1.580939,0.646875,0.042581,-0.971367,0.227884,0.051981,26.560670,185.232800,356.215900
383.040,8,-0.195328,1.576459,0.635294,0.048012,-0.967389,0.241732,0.058476,28.249590,185.859300,355.793100
383.151,8,-0.209605,1.572573,0.613529,0.052273,-0.963970,0.251761,0.068158,29.505390,186.935000,355.620400
383.261,8,-0.214493,1.567885,0.579505,0.051694,-0.961756,0.258199,0.075405,30.294470,187.878100,355.982400
383.372,8,-0.213339,1.564580,0.533472,0.045253,-0.961692,0.258689,0.078614,30.309730,188.512600,356.921300
383.484,8,-0.209910,1.565927,0.476765,0.040218,-0.963787,0.251847,0.077915,29.453690,188.581500,357.480500
383.595,8,-0.206195,1.568310,0.422710,0.040010,-0.964780,0.248344,0.076966,29.035640,188.460600,357.445100
383.707,8,-0.197631,1.570067,0.359375,0.043190,-0.962175,0.256334,0.081527,30.021130,188.952800,357.264900
383.819,8,-0.190142,1.568094,0.318743,0.041519,-0.961650,0.255868,0.089646,29.970530,190.049800,357.752100
383.930,8,-0.182510,1.569345,0.275096,0.036970,-0.959830,0.264124,0.087166,30.895450,189.918100,358.335600
384.041,8,-0.178844,1.571503,0.239025,0.035490,-0.962393,0.257995,0.077321,30.137310,188.679900,358.117200
384.152,8,-0.178345,1.573173,0.200463,0.029819,-0.965688,0.250822,0.060383,29.211360,186.688800,358.207600
384.264,8,-0.182106,1.572980,0.159849,0.023309,-0.970334,0.238668,0.030763,27.684920,183.144600,358.022900
384.375,8,-0.191509,1.571347,0.121778,0.021468,-0.972766,0.230792,0.000925,26.682940,179.479900,357.348100
384.487,8,-0.212091,1.573548,0.065230,0.009927,-0.975266,0.216903,-0.041367,24.977070,174.619800,357.641200
384.598,8,-0.230655,1.578905,0.014667,0.000431,-0.973725,0.211337,-0.084836,24.298750,169.544500,357.692400
384.709,8,-0.252792,1.584752,-0.046587,-0.012541,-0.965182,0.220649,-0.139930,25.432170,162.964000,357.617500
384.820,8,-0.265044,1.588725,-0.092222,-0.019008,-0.959181,0.213170,-0.184851,24.580040,157.602100,357.331000
384.931,8,-0.265954,1.591188,-0.129836,-0.024122,-0.948148,0.221638,-0.226516,25.545010,152.339800,356.526400
385.043,8,-0.254116,1.594799,-0.165271,-0.032405,-0.938688,0.215716,-0.266987,24.978860,147.484200,356.562500
385.153,8,-0.228584,1.591145,-0.199579,-0.041114,-0.926826,0.217051,-0.303633,25.296550,142.930400,356.474400
385.265,8,-0.190762,1.583177,-0.231963,-0.057793,-0.918230,0.216522,-0.326545,25.809310,140.332300,357.754500
385.376,8,-0.149702,1.580307,-0.257448,-0.077724,-0.915157,0.209882,-0.335257,25.865780,139.783000,0.097468
385.488,8,-0.097689,1.582168,-0.286895,-0.112530,-0.920866,0.186504,-0.323355,24.598920,142.496300,5.467611
385.599,8,-0.066209,1.580332,-0.305063,-0.129602,-0.923670,0.186746,-0.308486,25.147100,144.825100,7.886214
385.710,8,-0.030079,1.583150,-0.321529,-0.122400,-0.917264,0.192594,-0.326424,25.672610,142.257700,6.294214
385.821,8,-0.002230,1.582586,-0.335014,-0.121000,-0.908137,0.192502,-0.351553,25.766990,138.906800,5.378796
385.932,8,0.020871,1.577389,-0.350915,-0.128453,-0.891772,0.202080,-0.383936,27.326090,134.574200,4.773458
386.044,8,0.042241,1.575501,-0.370893,-0.129749,-0.872604,0.202840,-0.424951,27.663110,128.930200,3.498350
386.154,8,0.061383,1.573162,-0.392328,-0.133913,-0.850570,0.202425,-0.466501,27.988460,123.144300,2.527591
386.265,8,0.086379,1.571069,-0.428062,-0.139843,-0.814718,0.200585,-0.525779,28.287380,114.605300,1.102198
386.376,8,0.106694,1.571157,-0.463463,-0.141586,-0.787367,0.201748,-0.565070,28.536080,108.584600,359.671100
386.487,8,0.128008,1.572418,-0.508749,-0.150866,-0.746807,0.202327,-0.615291,29.199510,100.625700,358.447900
386.599,8,0.140941,1.576437,-0.536898,-0.158310,-0.705728,0.198053,-0.661560,29.275240,93.037840,357.463700
386.710,8,0.149997,1.580361,-0.556333,-0.176768,-0.621529,0.184783,-0.740480,29.438090,79.084590,356.450100
386.820,8,0.149136,1.582055,-0.557285,-0.183035,-0.514630,0.175570,-0.819042,28.720240,62.620280,353.504500
386.930,8,0.142982,1.587554,-0.554414,-0.181314,-0.428664,0.162507,-0.870037,27.053390,50.477920,351.780200
387.041,8,0.139153,1.594412,-0.546812,-0.168804,-0.381502,0.145111,-0.897165,24.431850,44.271380,351.690500
387.152,8,0.134855,1.602278,-0.531648,-0.157164,-0.343721,0.128972,-0.916800,22.137870,39.541770,352.029500
387.263,8,0.131436,1.610151,-0.510645,-0.145339,-0.311537,0.110567,-0.932521,19.874130,35.707840,352.935900
387.375,8,0.129141,1.613797,-0.488263,-0.141245,-0.297712,0.104522,-0.938346,19.105500,34.058280,353.189500
387.486,8,0.126067,1.617469,-0.456161,-0.132502,-0.298023,0.102189,-0.939778,18.056480,34.103080,353.168500
387.597,8,0.124818,1.617756,-0.430984,-0.128890,-0.306875,0.096415,-0.938040,17.516600,35.285700,353.873400
387.708,8,0.125601,1.612803,-0.406078,-0.134940,-0.340053,0.102006,-0.925068,18.604360,39.404090,354.128600
387.820,8,0.128305,1.608678,-0.394386,-0.130952,-0.386609,0.108356,-0.906446,18.734600,45.245160,354.231600
387.931,8,0.137768,1.605945,-0.390097,-0.122660,-0.468677,0.109251,-0.867964,18.381010,56.005050,355.486700
388.042,8,0.152097,1.606077,-0.393128,-0.119714,-0.527394,0.107006,-0.834310,18.217540,64.090610,356.844900
388.153,8,0.170784,1.603389,-0.399088,-0.116217,-0.557240,0.105529,-0.815378,17.886400,68.294970,357.436200
388.264,8,0.197097,1.600640,-0.408869,-0.113835,-0.562693,0.110563,-0.811292,18.006960,68.998580,356.908500
388.376,8,0.229523,1.597142,-0.420880,-0.114845,-0.563836,0.114846,-0.809759,18.391150,69.146450,356.587200
388.487,8,0.283941,1.588537,-0.436894,-0.127179,-0.550093,0.127999,-0.815377,20.378430,67.254090,355.790200
388.598,8,0.335232,1.583742,-0.451100,-0.131737,-0.536676,0.134234,-0.822560,21.149590,65.331900,355.114400
388.709,8,0.408774,1.579213,-0.467178,-0.146428,-0.513637,0.137466,-0.834170,22.675200,62.260770,355.093500
388.820,8,0.466206,1.578126,-0.477990,-0.160259,-0.490315,0.142912,-0.844680,24.260090,59.127360,354.696100
388.931,8,0.510752,1.583569,-0.482751,-0.172037,-0.468470,0.142697,-0.854738,25.327490,56.271970,354.747300
389.042,8,0.545130,1.586037,-0.481294,-0.181271,-0.439495,0.141431,-0.868322,26.047730,52.416250,354.489200
389.153,8,0.573488,1.586549,-0.475262,-0.186165,-0.416176,0.141744,-0.878663,26.431870,49.270530,353.965600
389.264,8,0.598695,1.581506,-0.462655,-0.194667,-0.401375,0.145127,-0.883143,27.408990,47.302330,353.527800
389.376,8,0.617353,1.577915,-0.446293,-0.203885,-0.395387,0.147095,-0.883438,28.460870,46.586400,353.555800
389.487,8,0.639140,1.575660,-0.415376,-0.207539,-0.392125,0.135911,-0.885829,28.312290,46.471260,354.915400
389.598,8,0.653520,1.574617,-0.385374,-0.210998,-0.386481,0.126286,-0.888912,28.211720,45.992050,356.003100
389.709,8,0.668269,1.580629,-0.344162,-0.203772,-0.383029,0.108236,-0.894456,26.579820,45.795640,357.595300
389.820,8,0.677772,1.579209,-0.310519,-0.198790,-0.382742,0.097777,-0.896901,25.558750,45.885030,358.524900
389.931,8,0.684945,1.575790,-0.281847,-0.209317,-0.380975,0.098943,-0.895129,26.751410,45.840820,358.867800
390.043,8,0.693051,1.579131,-0.253767,-0.210695,-0.372577,0.095871,-0.898668,26.751870,44.802950,359.017400
390.153,8,0.700552,1.577129,-0.226393,-0.217759,-0.355190,0.093689,-0.904236,27.410750,42.658420,359.048500
390.265,8,0.711062,1.574454,-0.200723,-0.224972,-0.334253,0.089848,-0.910818,28.026590,40.089350,359.138300
390.376,8,0.724015,1.571695,-0.179116,-0.227626,-0.310710,0.087315,-0.918707,28.196890,37.061450,358.765900
390.487,8,0.749510,1.567744,-0.150606,-0.231397,-0.276969,0.088427,-0.928399,28.596630,32.623650,357.649300
390.598,8,0.780227,1.563991,-0.124160,-0.232027,-0.254073,0.088821,-0.934731,28.613500,29.610880,356.856200
390.709,8,0.830905,1.558023,-0.080553,-0.247752,-0.214131,0.085184,-0.941016,30.182630,24.669060,356.404100
390.820,8,0.878620,1.557062,-0.038268,-0.260029,-0.173332,0.082446,-0.946332,31.381070,19.514500,355.572800
390.931,8,0.918023,1.558296,0.001752,-0.277259,-0.131862,0.078283,-0.948479,33.133580,14.292230,354.835400
391.042,8,0.943988,1.561487,0.036781,-0.280583,-0.084034,0.069078,-0.953646,33.145180,8.344638,354.201300
391.153,8,0.957200,1.560787,0.065604,-0.289610,-0.042893,0.064233,-0.954023,33.924530,3.083659,353.237100
391.264,8,0.960945,1.565585,0.092809,-0.290827,-0.011467,0.055386,-0.955102,33.835460,359.288700,353.145900
391.375,8,0.955069,1.570777,0.119492,-0.277842,0.010302,0.049378,-0.959302,32.144120,356.804100,353.185900
391.486,8,0.935213,1.572136,0.156581,-0.266423,0.032094,0.040553,-0.962468,30.680130,354.435900,353.647100
391.598,8,0.911789,1.571082,0.184119,-0.262043,0.042141,0.033807,-0.963543,30.141040,353.431300,354.210600
391.709,8,0.877622,1.575880,0.217449,-0.250943,0.042990,0.018341,-0.966873,28.926230,353.944100,356.263100
391.820,8,0.848490,1.575014,0.243246,-0.242731,0.043318,0.009741,-0.969077,28.008770,354.234800,357.409100
391.931,8,0.824214,1.574851,0.266114,-0.239137,0.049229,0.003046,-0.969732,27.613090,353.719500,358.095200
392.042,8,0.805962,1.580179,0.290383,-0.230624,0.056883,0.003097,-0.971374,26.595710,352.808700,357.932900
392.153,8,0.792883,1.581981,0.320694,-0.217526,0.064406,0.003769,-0.973920,25.038120,351.936300,357.763200
392.265,8,0.785816,1.579681,0.358565,-0.215106,0.073545,0.006224,-0.973798,24.709930,350.757000,357.238800
392.376,8,0.782826,1.575829,0.400949,-0.212692,0.087328,0.007837,-0.973178,24.368580,349.032400,356.702200
392.487,8,0.783500,1.566433,0.469561,-0.222628,0.116581,0.012290,-0.967830,25.344870,345.182000,355.195300
392.598,8,0.786135,1.563873,0.534111,-0.222922,0.144768,0.011644,-0.963957,25.239480,341.681700,354.481100
392.709,8,0.783760,1.569743,0.621549,-0.222715,0.196718,0.003458,-0.954824,25.084030,335.387400,354.028200
392.820,8,0.770640,1.578722,0.682594,-0.215321,0.267620,-0.005300,-0.939142,24.033490,326.778200,353.379800
392.931,8,0.747103,1.588887,0.713764,-0.196435,0.372002,-0.014924,-0.907086,21.559690,313.999900,352.644200
393.042,8,0.718880,1.601098,0.711337,-0.160817,0.506515,-0.024760,-0.846740,17.302900,297.115600,352.720100
393.153,8,0.698675,1.615346,0.681128,-0.118169,0.642059,-0.021258,-0.757195,11.902740,278.675300,352.982300
393.265,8,0.692704,1.629118,0.637656,-0.076439,0.738128,-0.006751,-0.670282,6.455859,264.145700,354.004200
393.375,8,0.696981,1.639698,0.596670,-0.048385,0.783460,0.011652,-0.619446,2.389133,256.555500,354.817400
393.486,8,0.707763,1.649018,0.543307,-0.017390,0.813810,0.027904,-0.580200,358.553800,251.017400,356.519800
393.597,8,0.716293,1.654997,0.500168,0.001332,0.826890,0.041440,-0.560833,355.984600,248.382900,357.455900
393.709,8,0.724235,1.658296,0.443038,0.016431,0.837335,0.045819,-0.544519,354.570300,246.133000,358.711800
393.820,8,0.728480,1.655429,0.393546,0.015428,0.842189,0.042363,-0.537294,354.955200,245.123100,358.876200
393.931,8,0.725521,1.643188,0.352113,-0.027394,0.836618,0.009827,-0.547014,0.775108,246.334500,356.755700
394.042,8,0.715619,1.619768,0.320215,-0.092240,0.814146,-0.071800,-0.568773,12.817010,249.424600,355.970600
394.152,8,0.699565,1.604159,0.297369,-0.126300,0.791763,-0.112148,-0.587011,19.018260,252.411700,355.855000
394.262,8,0.680439,1.596272,0.281319,-0.139425,0.782282,-0.131911,-0.592618,21.816480,253.555700,356.183500
394.373,8,0.663234,1.589974,0.275415,-0.149531,0.779366,-0.148756,-0.590000,24.099190,253.481500,356.385700
394.495,8,0.643077,1.575613,0.275001,-0.155131,0.778513,-0.174661,-0.582534,26.916380,253.027000,357.554200
394.609,8,0.612490,1.548075,0.267955,-0.153862,0.789533,-0.200860,-0.559124,29.289760,250.295000,358.794600
394.723,8,0.573267,1.493791,0.256122,-0.155726,0.797655,-0.215299,-0.541427,30.803600,248.054100,358.979800
394.833,8,0.541649,1.409845,0.246316,-0.144862,0.804661,-0.216223,-0.533651,30.171130,247.062600,359.843900
394.943,8,0.517089,1.312416,0.244735,-0.147367,0.803157,-0.216700,-0.535036,30.383260,247.253300,359.679100
395.053,8,0.496387,1.218943,0.250034,-0.148359,0.798246,-0.220875,-0.540377,30.861480,248.226700,0.123973
395.165,8,0.478649,1.140645,0.260607,-0.149134,0.788440,-0.223160,-0.553462,31.129680,250.356600,0.793509
395.276,8,0.464317,1.084014,0.271364,-0.151272,0.780917,-0.221730,-0.564022,31.127690,251.936200,0.927624
395.387,8,0.445597,1.027252,0.285755,-0.150004,0.771481,-0.218706,-0.578346,30.728030,254.108800,1.434820
395.499,8,0.431462,0.992898,0.294618,-0.149699,0.767577,-0.213896,-0.585376,30.240020,255.029700,1.366841
395.609,8,0.415646,0.955995,0.300570,-0.152876,0.764845,-0.210357,-0.589398,30.131810,255.488300,0.935144
395.721,8,0.401744,0.923539,0.301295,-0.152591,0.764501,-0.209196,-0.590332,30.001260,255.591700,0.904950
395.832,8,0.388440,0.886248,0.300535,-0.153827,0.762766,-0.212608,-0.591035,30.409320,255.841800,1.106196
395.944,8,0.377505,0.859577,0.296754,-0.154273,0.761077,-0.211410,-0.593522,30.326520,256.187500,1.070447
396.055,8,0.370348,0.859509,0.289418,-0.153419,0.765547,-0.208578,-0.588979,30.004850,255.337700,0.714320
396.166,8,0.362398,0.907308,0.276688,-0.142231,0.775007,-0.184314,-0.587505,26.924260,254.269000,359.750100
396.277,8,0.358737,0.969948,0.264760,-0.127272,0.784631,-0.161305,-0.584925,23.704450,253.262600,359.310400
396.388,8,0.358217,1.050502,0.250790,-0.112104,0.787006,-0.147379,-0.588501,21.341350,253.541600,359.816300
396.499,8,0.360643,1.115000,0.240128,-0.107673,0.790993,-0.134158,-0.587145,19.796200,253.036200,359.220800
396.611,8,0.365899,1.191426,0.229032,-0.099995,0.792883,-0.116684,-0.589680,17.635700,253.082000,358.740000
396.722,8,0.373108,1.240113,0.222316,-0.095915,0.794631,-0.102847,-0.590580,16.065840,252.979900,358.154000
396.833,8,0.383690,1.268173,0.220186,-0.095460,0.793173,-0.099583,-0.593167,15.736910,253.307300,358.017800
396.944,8,0.399673,1.289420,0.220372,-0.103295,0.791224,-0.106046,-0.593338,16.881270,253.398000,357.747100
397.055,8,0.424737,1.318453,0.219828,-0.105722,0.793236,-0.110162,-0.589462,17.421910,252.884400,357.726400
397.166,8,0.475242,1.375096,0.217955,-0.117532,0.786622,-0.109163,-0.596235,18.173340,253.793600,356.697500
397.278,8,0.527180,1.425037,0.217241,-0.133238,0.768362,-0.114974,-0.615345,19.916900,256.701600,356.142400
397.388,8,0.598477,1.488635,0.216280,-0.150235,0.732690,-0.107541,-0.655004,20.756470,262.700400,355.137000
397.499,8,0.658678,1.524394,0.212418,-0.166808,0.695088,-0.109627,-0.690659,22.508170,268.638900,355.003300
397.609,8,0.732853,1.556038,0.197301,-0.172277,0.653497,-0.095681,-0.730826,22.139570,275.359900,354.715300
397.720,8,0.794362,1.570615,0.178008,-0.187447,0.634668,-0.091290,-0.744128,23.256430,277.764300,353.621500
397.831,8,0.841441,1.581370,0.158910,-0.194727,0.636641,-0.076144,-0.742275,22.707940,277.069900,351.591000
397.939,8,0.875018,1.588430,0.145163,-0.198797,0.635782,-0.070157,-0.742522,22.608360,277.001100,350.737000
398.039,8,0.890282,1.591107,0.137704,-0.197958,0.631625,-0.064676,-0.746780,22.170520,277.677900,350.460600
398.148,8,0.900110,1.592602,0.128960,-0.200350,0.631735,-0.064177,-0.746091,22.336390,277.550500,350.204100
398.250,8,0.902084,1.592772,0.123527,-0.200891,0.631291,-0.061732,-0.746528,22.202630,277.586200,349.956000
398.358,8,0.902486,1.590214,0.120377,-0.201687,0.628141,-0.066554,-0.748553,22.678380,278.069600,350.408600
398.459,8,0.902785,1.588527,0.120105,-0.205599,0.623606,-0.069827,-0.750979,23.321500,278.623500,350.501000
398.568,8,0.903789,1.586878,0.124738,-0.207897,0.613675,-0.071333,-0.758350,23.757540,280.091100,350.759500
398.677,8,0.905176,1.586633,0.130119,-0.208795,0.604710,-0.069361,-0.765454,23.799190,281.439000,350.796800
398.777,8,0.908169,1.586133,0.135736,-0.207447,0.593655,-0.069642,-0.774396,23.827120,283.212200,351.295300
398.887,8,0.911464,1.585507,0.142556,-0.208826,0.585568,-0.067628,-0.780339,23.898160,284.376400,351.254000
398.987,8,0.912027,1.583891,0.146445,-0.209938,0.579855,-0.068700,-0.784203,24.138230,285.208100,351.447100
399.088,8,0.910366,1.582572,0.146900,-0.211566,0.579644,-0.071760,-0.783647,24.505220,285.195600,351.608100
399.190,8,0.907000,1.581922,0.144182,-0.210812,0.581246,-0.073312,-0.782519,24.528970,284.997500,351.763500
399.291,8,0.902376,1.579678,0.139246,-0.207603,0.584349,-0.078587,-0.780552,24.578180,284.707100,352.421100
399.392,8,0.891620,1.575146,0.135098,-0.200523,0.589204,-0.084873,-0.778091,24.334600,284.313200,353.432000
399.493,8,0.863918,1.559956,0.134615,-0.185207,0.587203,-0.086061,-0.783253,23.029040,285.231500,354.844800
399.594,8,0.819025,1.533579,0.137377,-0.180328,0.598397,-0.097820,-0.774490,23.352990,283.788000,355.984200
399.707,8,0.756961,1.495373,0.144794,-0.186807,0.618501,-0.111418,-0.755080,24.830340,280.482800,356.030800
399.820,8,0.703063,1.459807,0.155675,-0.190193,0.628099,-0.123277,-0.744393,25.977390,278.871400,356.467700
399.932,8,0.642626,1.417165,0.169627,-0.199358,0.631033,-0.134544,-0.737531,27.636990,278.053200,356.561000
400.043,8,0.599725,1.389520,0.179606,-0.194548,0.637350,-0.135308,-0.733231,27.243580,277.228700,356.804100
400.152,8,0.565316,1.367607,0.188055,-0.191623,0.637764,-0.140981,-0.732573,27.424550,277.319000,357.555200
400.260,8,0.536555,1.349364,0.197547,-0.193621,0.640825,-0.142231,-0.729126,27.686830,276.725800,357.362600
400.371,8,0.510765,1.334635,0.207866,-0.193873,0.644631,-0.140567,-0.726020,27.563950,276.069200,357.035700
400.482,8,0.486563,1.319555,0.217657,-0.192056,0.648439,-0.140614,-0.723097,27.394120,275.512000,357.048400
400.593,8,0.462482,1.303294,0.225586,-0.194274,0.651916,-0.142427,-0.719012,27.714850,274.829100,356.860200
400.704,8,0.440121,1.284715,0.232199,-0.198016,0.654292,-0.144829,-0.715343,28.217520,274.255300,356.622300
400.815,8,0.422549,1.267777,0.237680,-0.202529,0.656156,-0.149253,-0.711453,28.949980,273.727200,356.500700
400.926,8,0.401190,1.248468,0.246621,-0.207477,0.656791,-0.149505,-0.709385,29.389820,273.366000,356.023300
401.033,8,0.386478,1.233959,0.253981,-0.210568,0.656579,-0.148594,-0.708862,29.581080,273.238600,355.657800
401.146,8,0.371260,1.217465,0.262344,-0.208948,0.656131,-0.147338,-0.710017,29.344460,273.397900,355.725600
401.258,8,0.358919,1.199948,0.269607,-0.210128,0.654851,-0.150117,-0.710269,29.676570,273.565600,355.910600
401.369,8,0.345224,1.172326,0.277609,-0.217861,0.654480,-0.155993,-0.707007,30.813600,273.229700,355.686600
401.480,8,0.338754,1.155923,0.282855,-0.222764,0.655177,-0.154980,-0.705054,31.144630,272.828900,355.082800
401.591,8,0.342696,1.154495,0.284932,-0.231953,0.649585,-0.161249,-0.705858,32.475670,273.294000,354.987500
401.703,8,0.355610,1.179980,0.279688,-0.226126,0.647389,-0.154845,-0.711181,31.474720,274.001100,355.121000
401.814,8,0.378796,1.222204,0.267546,-0.210880,0.645110,-0.144434,-0.720071,29.343810,275.181600,355.784500
401.925,8,0.415857,1.270842,0.249230,-0.196995,0.638485,-0.131337,-0.732312,27.144510,276.910200,356.185600
402.037,8,0.461663,1.317720,0.227705,-0.183902,0.629674,-0.115097,-0.745951,24.791030,278.831500,356.217900
402.148,8,0.536591,1.381080,0.194733,-0.173845,0.608870,-0.087761,-0.768995,21.977420,282.335500,355.254200
402.259,8,0.600533,1.428180,0.167347,-0.173299,0.592721,-0.075313,-0.782929,21.139600,284.739200,354.616600
402.370,8,0.679471,1.474951,0.134753,-0.189926,0.572354,-0.068546,-0.794758,22.355710,287.147900,353.265400
402.480,8,0.740613,1.507187,0.110796,-0.203180,0.559575,-0.062012,-0.801092,23.261750,288.478800,351.989100
402.593,8,0.787056,1.530085,0.093067,-0.204907,0.549061,-0.053788,-0.808488,22.979120,289.881600,351.376800
402.699,8,0.815434,1.541284,0.082380,-0.211566,0.542956,-0.053272,-0.810926,23.639240,290.503700,350.997800
402.801,8,0.838062,1.550636,0.076425,-0.218820,0.538184,-0.051249,-0.812311,24.246410,290.878700,350.386400
402.909,8,0.853356,1.557446,0.073051,-0.225034,0.537263,-0.047660,-0.811442,24.608470,290.703200,349.578600
403.012,8,0.861867,1.562490,0.071287,-0.226820,0.536218,-0.042696,-0.811911,24.462940,290.720300,348.984600
403.122,8,0.864360,1.565016,0.068735,-0.225810,0.538297,-0.045027,-0.810691,24.494140,290.486800,349.226700
403.231,8,0.864676,1.565616,0.067656,-0.224078,0.537916,-0.046827,-0.811322,24.454920,290.640000,349.551200
403.340,8,0.862580,1.564356,0.070472,-0.225192,0.536099,-0.050064,-0.812023,24.796710,290.895100,349.839400
403.442,8,0.859965,1.562671,0.074073,-0.228917,0.533698,-0.050888,-0.812511,25.233770,291.092000,349.705700
403.551,8,0.856944,1.560827,0.080155,-0.231964,0.530597,-0.052157,-0.813596,25.645350,291.426300,349.693500
403.661,8,0.854776,1.559258,0.085682,-0.234061,0.527702,-0.053316,-0.814803,25.957050,291.771700,349.740200
403.763,8,0.853202,1.558270,0.089793,-0.234696,0.528121,-0.052904,-0.814375,25.985320,291.675500,349.635000
403.871,8,0.851873,1.557673,0.093336,-0.235278,0.527885,-0.053857,-0.814298,26.106030,291.695700,349.691800
403.982,8,0.851164,1.557222,0.095107,-0.234521,0.529842,-0.054972,-0.813170,26.082500,291.455900,349.795800
404.091,8,0.851952,1.557295,0.095767,-0.233508,0.529450,-0.055816,-0.813659,26.046170,291.570900,349.972900
404.196,8,0.853396,1.556308,0.095581,-0.233831,0.528287,-0.058192,-0.814156,26.246560,291.758200,350.223100
404.298,8,0.854715,1.555906,0.095860,-0.234258,0.528113,-0.058357,-0.814134,26.300170,291.766500,350.211800
404.402,8,0.857778,1.555977,0.094306,-0.236065,0.529384,-0.059925,-0.812671,26.559860,291.515700,350.181000
404.504,8,0.863304,1.559297,0.090316,-0.233356,0.533574,-0.059750,-0.810724,26.240250,291.017200,350.234000
404.607,8,0.874718,1.567275,0.083154,-0.223465,0.539561,-0.058207,-0.809660,25.130030,290.555200,350.662600
404.710,8,0.888268,1.574458,0.076413,-0.215674,0.540118,-0.056871,-0.811494,24.297220,290.790600,351.120900
404.814,8,0.905149,1.581662,0.068976,-0.206173,0.541127,-0.057188,-0.813268,23.405680,291.031400,351.849200
404.916,8,0.917715,1.585821,0.064676,-0.200048,0.543956,-0.057497,-0.812888,22.816730,290.857600,352.258900
405.017,8,0.932251,1.589220,0.059423,-0.195047,0.544485,-0.056396,-0.813825,22.264480,290.955900,352.511700
405.120,8,0.948652,1.591561,0.052786,-0.191793,0.544017,-0.058385,-0.814772,22.089840,291.163100,352.961800
405.221,8,0.958755,1.592873,0.049231,-0.190783,0.544584,-0.057688,-0.814679,21.943140,291.109500,352.952700
405.323,8,0.966766,1.593603,0.045907,-0.189971,0.544007,-0.056135,-0.815363,21.769010,291.206600,352.877400
405.426,8,0.973666,1.593166,0.043292,-0.192252,0.543382,-0.058253,-0.815096,22.130370,291.237700,352.932800
405.526,8,0.977704,1.592532,0.040836,-0.194000,0.545362,-0.060021,-0.813229,22.395530,290.903800,352.918700
405.628,8,0.981064,1.592424,0.039182,-0.193466,0.547385,-0.059528,-0.812033,22.294720,290.622700,352.852500
405.732,8,0.984281,1.592008,0.036585,-0.192735,0.547913,-0.062547,-0.811623,22.420200,290.602800,353.186200
405.832,8,0.986370,1.591808,0.035076,-0.192067,0.548717,-0.063218,-0.811187,22.394470,290.516200,353.278400
405.934,8,0.987844,1.591972,0.033442,-0.191150,0.549183,-0.062551,-0.811140,22.259490,290.474200,353.268800
406.037,8,0.988560,1.591974,0.032153,-0.190165,0.549490,-0.062579,-0.811161,22.165410,290.464900,353.336400
406.139,8,0.988697,1.592202,0.031657,-0.189953,0.549743,-0.061871,-0.811094,22.096310,290.428500,353.276200
406.241,8,0.988734,1.591821,0.030911,-0.190670,0.549562,-0.062150,-0.811027,22.184380,290.432000,353.254800
406.345,9,0.988443,1.591980,0.030985,-0.190957,0.549764,-0.061918,-0.810840,22.194470,290.389800,353.205000
406.459,9,0.987937,1.592037,0.031046,-0.190333,0.550413,-0.062055,-0.810536,22.139060,290.318500,353.246500
406.561,9,0.987761,1.592180,0.031432,-0.190341,0.551622,-0.062033,-0.809713,22.128180,290.140800,353.209200
406.663,9,0.988285,1.593399,0.031421,-0.185343,0.554458,-0.059858,-0.809099,21.487580,289.882000,353.293400
406.764,9,0.988295,1.592618,0.030593,-0.186253,0.557348,-0.063778,-0.806601,21.811670,289.463100,353.523000
406.878,9,0.987953,1.592374,0.030234,-0.185895,0.559726,-0.065901,-0.804864,21.901650,289.145600,353.687300
406.982,9,0.987514,1.592254,0.028645,-0.184328,0.561784,-0.067420,-0.803665,21.840720,288.911600,353.893700
407.095,9,0.986133,1.592142,0.027007,-0.184582,0.565504,-0.068589,-0.800894,21.915270,288.362900,353.880600
407.209,9,0.984911,1.591588,0.024163,-0.183264,0.568915,-0.070585,-0.798604,21.902240,287.921300,354.074600
407.310,9,0.982207,1.590945,0.021194,-0.183629,0.574983,-0.074019,-0.793849,22.127370,287.033100,354.198000
407.412,9,0.977586,1.589591,0.018005,-0.181080,0.584839,-0.080547,-0.786566,22.276540,285.696300,354.723800
407.526,9,0.969842,1.585900,0.015933,-0.181377,0.598432,-0.095347,-0.774526,23.270950,283.725200,355.668300
407.639,9,0.959608,1.580299,0.017573,-0.185971,0.614815,-0.116377,-0.757545,25.141970,281.135700,356.684600
407.753,9,0.938394,1.574083,0.026190,-0.196860,0.629473,-0.132434,-0.739913,27.261040,278.410500,356.655600
407.855,9,0.914867,1.569189,0.036683,-0.202385,0.640545,-0.141833,-0.727067,28.424160,276.364200,356.543100
407.969,9,0.875181,1.561532,0.056448,-0.210400,0.657503,-0.151583,-0.707421,29.802740,273.094500,355.888800
408.084,9,0.829764,1.556610,0.081150,-0.213067,0.672063,-0.160078,-0.690875,30.635260,270.390700,355.654100
408.184,9,0.783460,1.555897,0.107284,-0.210476,0.684513,-0.161330,-0.679054,30.445230,268.290600,355.406500
408.285,9,0.729834,1.554409,0.139088,-0.205926,0.698582,-0.167130,-0.664564,30.478170,265.951500,355.636100
408.398,9,0.687430,1.556337,0.164544,-0.210611,0.709604,-0.177342,-0.648580,31.660270,263.538400,355.359700
408.510,9,0.644238,1.560183,0.192458,-0.207931,0.721689,-0.182207,-0.634610,31.796490,261.328600,355.352700
408.622,9,0.614534,1.561670,0.210627,-0.208470,0.722706,-0.190792,-0.630741,32.598900,261.018100,355.872000
408.733,9,0.586312,1.563332,0.222696,-0.204586,0.725881,-0.194673,-0.627172,32.631960,260.602000,356.403800
408.845,9,0.557424,1.560667,0.229919,-0.206960,0.728928,-0.200413,-0.621020,33.313920,259.775400,356.377600
408.956,9,0.527457,1.556859,0.232899,-0.205283,0.731058,-0.201361,-0.618762,33.261170,259.444700,356.506100
409.069,9,0.482714,1.548261,0.233526,-0.205219,0.728745,-0.212107,-0.617921,34.247090,259.800900,357.436400
409.169,9,0.441275,1.543006,0.231175,-0.200469,0.728692,-0.219014,-0.617133,34.514810,260.051000,358.481200
409.284,9,0.388256,1.540911,0.225658,-0.197030,0.730793,-0.225989,-0.613229,34.886380,259.764600,359.244800
409.384,9,0.333881,1.540112,0.220974,-0.188884,0.737063,-0.238847,-0.603335,35.451280,258.824900,0.687218
409.497,9,0.294144,1.534789,0.219853,-0.179994,0.745058,-0.249119,-0.591972,35.754850,257.545500,1.887643
409.611,9,0.256961,1.526861,0.226576,-0.196282,0.747002,-0.264112,-0.577673,38.415380,255.734100,0.869789
409.713,9,0.231367,1.527939,0.236645,-0.201750,0.751851,-0.265972,-0.568574,39.003040,254.171400,359.932000
409.816,9,0.205911,1.525550,0.249440,-0.204600,0.760931,-0.267031,-0.554812,39.302470,251.794800,358.884200
409.919,9,0.179567,1.521408,0.265237,-0.210465,0.774099,-0.277291,-0.528757,40.682880,247.757300,357.535900
410.023,9,0.142737,1.519374,0.290562,-0.202370,0.801868,-0.284691,-0.484773,40.751220,240.946000,356.327300
410.127,9,0.115103,1.520615,0.316701,-0.194581,0.824187,-0.299669,-0.439377,41.678920,234.445800,355.591800
410.232,9,0.084915,1.523908,0.347026,-0.180532,0.849053,-0.304806,-0.391932,41.231730,227.614900,354.840100
410.337,9,0.067935,1.524772,0.367354,-0.178968,0.857647,-0.313990,-0.365817,42.030380,223.904600,354.029900
410.444,9,0.050012,1.525403,0.388744,-0.167130,0.870058,-0.325701,-0.330131,42.617960,219.249800,354.089400
410.553,9,0.037194,1.520579,0.400952,-0.166160,0.876466,-0.330806,-0.307841,43.014420,215.991500,353.119400
410.662,9,0.023702,1.512707,0.404653,-0.166179,0.878346,-0.338105,-0.294240,43.768010,214.066800,352.604100
410.771,9,0.008309,1.504785,0.400592,-0.163632,0.878115,-0.345066,-0.288216,44.454060,213.429500,352.880600
410.879,9,-0.001678,1.500026,0.392503,-0.160648,0.879443,-0.345873,-0.284858,44.417000,213.085100,353.124100
410.986,9,-0.011065,1.493820,0.376657,-0.160542,0.878680,-0.348985,-0.283473,44.773910,212.949600,353.182100
411.094,9,-0.016660,1.485580,0.358653,-0.158441,0.876561,-0.353130,-0.286071,45.213020,213.577300,353.829200
411.203,9,-0.025210,1.474755,0.338686,-0.157532,0.872931,-0.363482,-0.284705,46.409720,213.697200,354.335200
411.312,9,-0.035660,1.460218,0.324576,-0.159420,0.871981,-0.367964,-0.280778,46.990370,213.083600,353.992500
411.421,9,-0.046697,1.444116,0.315579,-0.165173,0.869359,-0.372789,-0.279216,47.766610,212.619400,353.249300
411.531,9,-0.056453,1.430161,0.309847,-0.166922,0.869754,-0.371535,-0.278617,47.672040,212.380800,352.891400
411.639,9,-0.064493,1.416257,0.304320,-0.167500,0.871375,-0.369974,-0.275261,47.475240,211.759600,352.499300
411.748,9,-0.072047,1.397090,0.297713,-0.166432,0.873566,-0.369574,-0.269439,47.339440,210.872800,352.229400
411.856,9,-0.077622,1.383475,0.293109,-0.164545,0.874648,-0.369462,-0.267234,47.243250,210.629700,352.350300
411.964,9,-0.083522,1.364623,0.287571,-0.166035,0.874492,-0.369058,-0.267381,47.245170,210.553200,352.123200
412.071,9,-0.087233,1.352826,0.283244,-0.163051,0.877958,-0.362056,-0.267432,46.298580,210.583100,352.293100
412.179,9,-0.089974,1.345405,0.279641,-0.162277,0.880790,-0.355819,-0.266962,45.516090,210.419800,352.135100
412.286,9,-0.092061,1.335908,0.274647,-0.161206,0.883588,-0.350942,-0.264810,44.874290,210.045800,351.968400
412.390,9,-0.093630,1.328377,0.270021,-0.160832,0.884472,-0.351891,-0.260799,44.939830,209.461600,351.800300
412.496,9,-0.094915,1.322039,0.265438,-0.161305,0.884343,-0.354035,-0.258028,45.187640,209.043400,351.629800
412.599,9,-0.096905,1.314356,0.260358,-0.158728,0.885991,-0.352568,-0.255970,44.910650,208.843200,351.819700
412.703,9,-0.100207,1.302923,0.253470,-0.158407,0.885833,-0.353938,-0.254823,45.055480,208.708200,351.840500
412.806,9,-0.103067,1.293355,0.248178,-0.160932,0.884390,-0.358129,-0.252387,45.617450,208.258100,351.459000
412.909,9,-0.106548,1.283738,0.241867,-0.162403,0.883864,-0.360125,-0.250438,45.885300,207.901000,351.182200
413.011,9,-0.109230,1.277692,0.237876,-0.163435,0.883296,-0.361584,-0.249668,46.085830,207.743500,351.027600
413.112,9,-0.111440,1.272691,0.234435,-0.164707,0.882818,-0.362968,-0.248514,46.280530,207.508500,350.807600
413.215,9,-0.112632,1.268378,0.231690,-0.165599,0.882223,-0.364695,-0.247504,46.506820,207.323200,350.663200
413.329,9,-0.114237,1.264681,0.228919,-0.165733,0.881693,-0.366204,-0.247073,46.690220,207.271200,350.662600
413.443,9,-0.115638,1.262034,0.226790,-0.166792,0.881336,-0.366273,-0.247529,46.734980,207.279700,350.537800
413.557,9,-0.116774,1.260099,0.224865,-0.166236,0.881216,-0.366323,-0.248258,46.732170,207.430200,350.672100
413.658,9,-0.117692,1.258760,0.223856,-0.166774,0.880987,-0.366325,-0.248704,46.753270,207.468000,350.622200
413.759,9,-0.117847,1.259477,0.223806,-0.166299,0.881483,-0.364105,-0.250520,46.487790,207.747800,350.743700
413.871,9,-0.111832,1.271575,0.230608,-0.162669,0.883904,-0.359646,-0.250813,45.838880,207.935900,351.151900
413.985,9,-0.097935,1.297612,0.246404,-0.153573,0.891491,-0.344266,-0.251279,43.709230,208.262900,351.983800
414.099,9,-0.077647,1.331252,0.268684,-0.142018,0.898503,-0.327548,-0.255411,41.387830,209.193200,353.272600
414.201,9,-0.042494,1.385215,0.303091,-0.125887,0.906680,-0.306559,-0.260972,38.433590,210.371300,355.000000
414.302,9,-0.013068,1.427565,0.333650,-0.119250,0.909192,-0.294072,-0.269574,36.800460,211.640600,355.825100
414.416,9,0.017239,1.465537,0.362453,-0.109398,0.911582,-0.281978,-0.278458,35.100820,213.032300,357.028400
414.530,9,0.058495,1.502040,0.394439,-0.097291,0.910782,-0.267068,-0.299476,33.007840,216.053500,358.820600
414.630,9,0.093373,1.520093,0.413654,-0.096633,0.905262,-0.260650,-0.321286,32.276530,218.934000,359.493800
414.743,9,0.140467,1.533945,0.432378,-0.094861,0.901221,-0.254388,-0.337771,31.506940,221.107700,0.058316
414.843,9,0.176835,1.539577,0.447253,-0.096447,0.898328,-0.254898,-0.344575,31.629910,222.016300,0.160145
414.953,9,0.213027,1.544904,0.462730,-0.100816,0.894098,-0.253829,-0.354959,31.699650,223.304900,-0.005396
415.065,9,0.243832,1.551220,0.475439,-0.100628,0.893485,-0.242045,-0.364656,30.392200,224.344000,359.781200
415.177,9,0.266704,1.555631,0.484976,-0.103708,0.891502,-0.235908,-0.372582,29.861380,225.201900,359.397300
415.288,9,0.290227,1.560319,0.493094,-0.104784,0.891229,-0.229213,-0.377084,29.182170,225.629400,359.087200
415.399,9,0.303829,1.562291,0.497310,-0.106634,0.891408,-0.225757,-0.378225,28.891150,225.657100,358.734600
415.510,9,0.314814,1.563794,0.499393,-0.105446,0.892569,-0.223056,-0.377422,28.540620,225.512500,358.704400
415.623,9,0.319704,1.563457,0.499698,-0.105241,0.893746,-0.222381,-0.375086,28.453990,225.181600,358.612200
415.723,9,0.321973,1.563281,0.498863,-0.106947,0.894534,-0.221694,-0.373126,28.452830,224.855900,358.312200
415.837,9,0.322150,1.562523,0.498328,-0.107882,0.894223,-0.222922,-0.372871,28.629020,224.825300,358.257000
415.937,9,0.321770,1.561864,0.498071,-0.109234,0.894558,-0.223166,-0.371526,28.713900,224.612700,358.065300
416.050,9,0.320043,1.560959,0.497748,-0.111395,0.895188,-0.223404,-0.369215,28.831450,224.247100,357.744900
416.153,9,0.318725,1.560287,0.497768,-0.112633,0.895498,-0.224558,-0.367383,29.008700,223.989500,357.593000
416.255,9,0.317637,1.559743,0.497994,-0.113263,0.895461,-0.224292,-0.367442,29.007530,223.975900,357.508600
416.356,9,0.316605,1.559084,0.498626,-0.114406,0.894895,-0.225758,-0.367571,29.219930,223.995700,357.452000
416.470,9,0.316284,1.559608,0.501083,-0.115949,0.893312,-0.224612,-0.371616,29.174740,224.487300,357.360000
416.575,9,0.317370,1.562094,0.503842,-0.116503,0.892543,-0.218471,-0.376914,28.542650,225.069400,357.176100
416.688,9,0.322768,1.567034,0.509266,-0.116398,0.891624,-0.207292,-0.385341,27.345690,225.995200,356.914600
416.802,9,0.330107,1.571715,0.513533,-0.113014,0.891459,-0.197108,-0.392016,26.106080,226.779500,357.002600
416.915,9,0.337227,1.575168,0.517678,-0.111884,0.890941,-0.189772,-0.397105,25.278020,227.354800,356.916200
417.027,10,0.346467,1.578879,0.522056,-0.108144,0.890526,-0.181023,-0.403111,24.179640,228.081100,357.067900
417.130,10,0.353976,1.580323,0.524595,-0.108097,0.889565,-0.178199,-0.406490,23.886070,228.487100,357.025500
417.242,10,0.359915,1.581154,0.525742,-0.109797,0.888562,-0.175921,-0.409212,23.734150,228.782100,356.797200
417.353,10,0.365727,1.581704,0.526021,-0.110197,0.889665,-0.173981,-0.407533,23.539920,228.515300,356.606200
417.465,10,0.371941,1.582682,0.525174,-0.109774,0.891940,-0.170688,-0.404052,23.153510,228.001700,356.390300
417.576,10,0.377882,1.583695,0.522248,-0.105945,0.896806,-0.168574,-0.395092,22.710270,226.842800,356.468600
417.688,10,0.386198,1.586148,0.515164,-0.099987,0.909306,-0.163768,-0.369249,21.818700,223.476800,356.239000
417.799,10,0.391409,1.586810,0.509807,-0.096014,0.916395,-0.164730,-0.351945,21.684670,221.309400,356.296500
417.909,10,0.396770,1.590148,0.502657,-0.085244,0.927609,-0.156117,-0.328486,20.220500,218.394500,356.604200
418.021,10,0.404368,1.595068,0.493424,-0.076011,0.947093,-0.135110,-0.281038,17.376380,212.430300,355.911900
418.132,10,0.413410,1.599118,0.484973,-0.064958,0.964523,-0.117949,-0.227075,14.893910,205.938800,355.742700
418.244,10,0.417888,1.602850,0.474342,-0.057563,0.975755,-0.108875,-0.180930,13.491510,200.500500,355.698400
418.356,10,0.416134,1.604361,0.460422,-0.048886,0.982085,-0.105327,-0.148413,12.790720,196.760100,356.192500
418.467,10,0.405585,1.604967,0.432719,-0.040641,0.987908,-0.102243,-0.109233,12.174600,192.256500,356.600600
418.578,10,0.391528,1.606703,0.402961,-0.032413,0.991550,-0.099744,-0.076348,11.697950,188.511900,357.128900
418.689,10,0.370959,1.610095,0.358192,-0.029472,0.993950,-0.099799,-0.035139,11.563990,183.743800,356.982500
418.800,10,0.355855,1.613471,0.318101,-0.025336,0.993796,-0.108104,-0.006502,12.427000,180.436900,357.126800
418.911,10,0.346315,1.610964,0.282487,-0.022738,0.992441,-0.119545,0.015926,13.683450,177.814700,357.112800
419.023,10,0.342750,1.606086,0.249215,-0.022439,0.989684,-0.138251,0.030149,15.800990,176.074000,356.857200
419.134,10,0.343720,1.602220,0.218641,-0.023117,0.988574,-0.144983,0.034174,16.563170,175.555900,356.673700
419.246,10,0.348994,1.592351,0.176096,-0.021094,0.987787,-0.150599,0.033947,17.222700,175.591700,356.885400
419.357,10,0.354764,1.583268,0.142397,-0.018363,0.986210,-0.162226,0.027115,18.601390,176.404300,357.277500
419.467,10,0.362419,1.574145,0.099598,-0.013440,0.984052,-0.176755,0.014769,20.332920,177.933200,358.064300
419.579,10,0.367143,1.567421,0.069788,-0.010634,0.981557,-0.190557,0.010988,21.953390,178.416900,358.451500
419.689,10,0.371268,1.559747,0.039022,-0.014454,0.979187,-0.202148,0.010969,23.301120,178.295100,357.957000
419.801,10,0.373545,1.553095,0.017537,-0.016579,0.977522,-0.210060,0.007110,24.232550,178.688900,357.775200
419.912,10,0.375114,1.547220,0.000770,-0.016879,0.976164,-0.216332,0.004346,24.973870,179.002000,357.797700
420.023,10,0.376368,1.541361,-0.011745,-0.016794,0.975294,-0.220261,0.002062,25.440190,179.275500,357.863500
420.135,10,0.376877,1.537180,-0.019142,-0.017834,0.974118,-0.225334,0.000597,26.038970,179.413300,357.766700
420.246,10,0.377312,1.534293,-0.026192,-0.018585,0.973675,-0.227161,-0.003142,26.262130,179.851500,357.778400
420.357,10,0.377711,1.532164,-0.030554,-0.019111,0.973366,-0.228383,-0.005820,26.412050,180.166400,357.789400
420.468,10,0.378067,1.530620,-0.035283,-0.019982,0.972841,-0.230470,-0.008089,26.663100,180.418500,357.745800
420.580,10,0.377652,1.530143,-0.036760,-0.019948,0.972738,-0.230745,-0.011810,26.703920,180.883200,357.860000
420.690,10,0.376756,1.529809,-0.038551,-0.020411,0.973088,-0.229031,-0.015073,26.509800,181.279700,357.898200
420.802,10,0.376399,1.528121,-0.041978,-0.021066,0.972652,-0.230843,-0.014699,26.723070,181.210400,357.806100
420.912,10,0.375841,1.526455,-0.045325,-0.020147,0.972182,-0.232795,-0.016242,26.955120,181.427200,357.967600
421.024,10,0.374751,1.525674,-0.047780,-0.019665,0.972070,-0.233201,-0.017656,27.005020,181.617800,358.070700
421.136,10,0.373327,1.526536,-0.046455,-0.019794,0.972195,-0.232734,-0.016715,26.948350,181.497000,358.025900
421.247,10,0.370705,1.530982,-0.037582,-0.021233,0.973299,-0.228195,-0.012822,26.407290,180.976800,357.729700
421.358,10,0.369064,1.537369,-0.023435,-0.022807,0.975239,-0.219854,-0.007334,25.413950,180.271300,357.381700
421.469,10,0.370464,1.547632,0.004099,-0.020479,0.978202,-0.206364,0.010731,23.784160,178.155900,357.212900
421.580,10,0.374882,1.557266,0.034737,-0.017081,0.980361,-0.192936,0.037092,22.149670,175.087200,357.041500
421.691,10,0.378455,1.564524,0.070031,-0.014346,0.980816,-0.183655,0.063762,21.004060,171.973800,356.833800
421.803,10,0.378092,1.571856,0.106260,-0.012701,0.980784,-0.175525,0.084224,20.008800,169.597200,356.676100
421.913,10,0.376119,1.579344,0.138174,-0.013901,0.981771,-0.164718,0.093816,18.712640,168.502300,356.477000
422.025,10,0.376359,1.584688,0.166553,-0.014624,0.983301,-0.158733,0.087806,18.034870,169.252400,356.585400
422.136,10,0.379812,1.591106,0.187081,-0.012845,0.986306,-0.149688,0.068031,17.069280,171.697200,357.259600
422.247,10,0.389553,1.595848,0.209842,-0.012596,0.989265,-0.143084,0.026902,16.404530,176.603700,358.051300
422.358,10,0.402805,1.598484,0.225979,-0.018703,0.989710,-0.141562,-0.009234,16.293410,180.775000,357.945700
422.469,10,0.426643,1.605027,0.243326,-0.027816,0.989372,-0.135006,-0.046297,15.647510,185.010400,357.468000
422.580,10,0.446470,1.606354,0.256785,-0.032131,0.988520,-0.132147,-0.065820,15.396100,187.248000,357.257600
422.691,10,0.470762,1.607308,0.275735,-0.035324,0.987417,-0.128337,-0.085378,15.038920,189.508800,357.160400
422.802,10,0.489815,1.608262,0.293305,-0.033774,0.986446,-0.124091,-0.101912,14.578250,191.483700,357.551900
422.913,10,0.505223,1.608148,0.311766,-0.033499,0.985278,-0.120971,-0.116064,14.250160,193.156300,357.757100
423.024,10,0.518400,1.608166,0.329334,-0.037583,0.984235,-0.116532,-0.127634,13.826540,194.460900,357.389000
423.135,10,0.529922,1.607436,0.343087,-0.035800,0.983791,-0.116197,-0.131804,13.772270,194.977900,357.650900
423.247,10,0.542783,1.607230,0.358510,-0.032080,0.984064,-0.115342,-0.131475,13.617760,194.988800,358.065500
423.358,10,0.550404,1.607431,0.368543,-0.030993,0.984606,-0.112250,-0.130350,13.245540,194.865700,358.129800
423.468,10,0.560415,1.609067,0.377860,-0.029894,0.987661,-0.107190,-0.110193,12.610530,192.502400,357.919600
423.580,10,0.573587,1.609236,0.380980,-0.030153,0.992499,-0.105262,-0.054381,12.252770,185.967700,357.160800
423.691,10,0.588991,1.609115,0.382934,-0.028181,0.993839,-0.106898,0.007953,12.241360,178.719900,356.614300
423.803,10,0.592827,1.607212,0.383335,-0.021956,0.993398,-0.112216,0.009238,12.858530,178.631600,357.313500
423.914,10,0.592808,1.605646,0.383590,-0.020040,0.993041,-0.115998,-0.003645,13.328080,180.152500,357.705600
424.025,10,0.591622,1.604921,0.384940,-0.019787,0.992688,-0.117997,-0.015996,13.585830,181.596900,357.906400
424.137,10,0.590449,1.605219,0.385769,-0.021180,0.992614,-0.117396,-0.022071,13.532200,182.289700,357.826900
424.247,10,0.588352,1.605844,0.387086,-0.022240,0.992635,-0.114858,-0.031456,13.263090,183.377300,357.825700
424.358,10,0.585030,1.606268,0.389232,-0.023892,0.992213,-0.114503,-0.042806,13.253940,184.683400,357.785600
424.469,10,0.580543,1.608329,0.392680,-0.028194,0.991383,-0.109900,-0.065477,12.802940,187.283500,357.560300
424.580,10,0.578654,1.609400,0.394756,-0.030279,0.990568,-0.107459,-0.079436,12.574070,188.892100,357.480000
424.691,10,0.578628,1.609896,0.396343,-0.030469,0.990303,-0.107111,-0.083063,12.545020,189.314400,357.501500
424.802,10,0.579456,1.609918,0.397230,-0.031027,0.989890,-0.108159,-0.086350,12.679030,189.691800,357.488800
424.913,10,0.580709,1.610258,0.398166,-0.029676,0.989592,-0.107595,-0.090833,12.611680,190.234400,357.698500
425.024,10,0.582914,1.609268,0.398083,-0.027853,0.989536,-0.108615,-0.090803,12.709930,190.254300,357.920500
425.135,10,0.584510,1.608632,0.398085,-0.026901,0.989487,-0.107532,-0.092895,12.579950,190.511400,358.047200
425.247,10,0.588862,1.607135,0.396603,-0.022823,0.989600,-0.105968,-0.094566,12.359730,190.757600,358.525900
425.358,10,0.596594,1.607656,0.392799,-0.018432,0.990264,-0.107219,-0.086846,12.447930,189.909600,358.950700
425.469,10,0.607546,1.606060,0.383329,-0.008172,0.991197,-0.105783,-0.079192,12.180780,189.139300,0.032434
425.579,10,0.612808,1.604767,0.370196,0.000887,0.990171,-0.110858,-0.085274,12.672970,189.979200,1.213629
425.691,10,0.616665,1.602084,0.341153,0.001075,0.989854,-0.110445,-0.089389,12.618370,190.462300,1.284373
425.802,10,0.617653,1.598511,0.303716,0.001431,0.989828,-0.111267,-0.088652,12.710040,190.383500,1.325251
425.913,10,0.614609,1.593690,0.257239,-0.002391,0.989399,-0.114529,-0.089256,13.123800,190.416000,0.924547
426.025,10,0.605076,1.595290,0.208531,-0.010243,0.987020,-0.124570,-0.100841,14.357480,191.703500,0.289990
426.136,10,0.592528,1.596702,0.170505,-0.021929,0.983193,-0.135811,-0.120025,15.802380,193.833100,359.373600
426.247,10,0.579779,1.599625,0.128499,-0.028452,0.980564,-0.143266,-0.130998,16.763170,195.057600,358.907100
426.358,10,0.576256,1.599207,0.101707,-0.030677,0.981926,-0.147717,-0.114278,17.283890,193.035000,358.410600
426.468,10,0.581679,1.595838,0.065724,-0.032669,0.984788,-0.156752,-0.067488,18.248800,187.422100,357.393700
426.580,10,0.591415,1.588915,0.028568,-0.033781,0.984652,-0.169934,-0.021011,19.637740,181.818900,356.385000
426.692,10,0.600771,1.580273,-0.011090,-0.040593,0.981842,-0.184862,0.012865,21.221010,177.524000,354.801200
426.804,10,0.606988,1.570823,-0.048704,-0.046037,0.978272,-0.198660,0.037405,22.658820,174.311100,353.470600
426.915,10,0.609675,1.563497,-0.077470,-0.051366,0.974489,-0.210828,0.057310,23.891900,171.613400,352.188000
427.027,10,0.610735,1.552994,-0.106804,-0.059884,0.969819,-0.223744,0.076178,25.141740,168.882400,350.446700
427.138,10,0.609102,1.545362,-0.124485,-0.065119,0.966297,-0.235319,0.081571,26.369120,167.868400,349.437300
427.249,10,0.602781,1.542611,-0.135824,-0.070916,0.964007,-0.246576,0.069721,27.743450,168.965600,348.852400
427.360,10,0.591293,1.550831,-0.133999,-0.065759,0.969819,-0.233168,0.027565,26.656220,174.598400,350.961400
427.471,10,0.574261,1.561176,-0.123287,-0.058623,0.972560,-0.217665,-0.057554,25.475950,185.493800,354.343900
427.582,10,0.555926,1.570913,-0.107764,-0.059200,0.963955,-0.201439,-0.163426,24.060750,198.598300,356.968400
427.692,10,0.542689,1.578156,-0.088454,-0.073393,0.944453,-0.189904,-0.257992,23.364560,210.032200,357.462400
427.803,10,0.539550,1.584555,-0.066481,-0.090943,0.920308,-0.179117,-0.335678,23.000600,219.481100,357.064600
427.913,10,0.545072,1.592285,-0.045990,-0.104318,0.892730,-0.165056,-0.406088,22.298110,228.282400,356.765600
428.025,10,0.557341,1.594439,-0.031888,-0.108925,0.867862,-0.158568,-0.458048,22.025250,235.122100,357.291900
428.136,10,0.570047,1.592343,-0.024161,-0.112069,0.849297,-0.159083,-0.490743,22.346720,239.621700,357.879500
428.247,10,0.586520,1.586351,-0.018190,-0.113653,0.829573,-0.162474,-0.522009,22.844060,244.122400,358.822300
428.357,10,0.600615,1.582745,-0.013593,-0.115272,0.820880,-0.166531,-0.533981,23.360220,245.940800,359.288500
428.468,10,0.613118,1.581927,-0.006788,-0.117423,0.815091,-0.161206,-0.543922,22.987680,247.228400,359.000900
428.579,10,0.614246,1.583640,-0.002404,-0.119678,0.810740,-0.155521,-0.551536,22.593360,248.174900,358.603300
428.690,10,0.606579,1.584556,0.000491,-0.131445,0.802660,-0.146880,-0.562926,22.567830,249.520500,357.166600
428.801,10,0.592374,1.582835,-0.003295,-0.131727,0.802975,-0.150732,-0.561390,22.952600,249.382900,357.366500
428.912,10,0.570876,1.578748,-0.010736,-0.134719,0.812929,-0.164335,-0.542209,24.410920,246.849200,357.430400
429.024,10,0.541106,1.577517,-0.016774,-0.138793,0.824823,-0.171055,-0.520715,25.259840,243.806900,356.778800
429.138,10,0.510109,1.575781,-0.019988,-0.143035,0.832486,-0.178351,-0.504678,26.188210,241.586800,356.285800
429.246,10,0.468831,1.572461,-0.024774,-0.149831,0.843718,-0.190266,-0.479051,27.685250,238.048200,355.431200
429.358,10,0.439070,1.567831,-0.029093,-0.155164,0.851357,-0.202166,-0.458525,29.112340,235.267600,354.825000
429.468,10,0.406861,1.560982,-0.036055,-0.159099,0.860078,-0.215255,-0.434302,30.561750,232.003500,354.221000
429.580,10,0.387055,1.555948,-0.042614,-0.162578,0.865852,-0.224753,-0.416360,31.640450,229.557600,353.635200
429.691,10,0.368230,1.550614,-0.050560,-0.162029,0.873022,-0.231449,-0.397506,32.203920,227.021800,353.287400
429.802,10,0.355476,1.546355,-0.055696,-0.160738,0.876014,-0.238028,-0.387435,32.791380,225.761600,353.361900
429.913,10,0.344681,1.542760,-0.060205,-0.159962,0.878076,-0.239926,-0.381878,32.923440,225.032200,353.317900
430.024,10,0.336542,1.539033,-0.062960,-0.160825,0.878426,-0.244821,-0.377579,33.474270,224.495400,353.276000
430.135,10,0.330913,1.536609,-0.064361,-0.162180,0.878435,-0.247938,-0.374936,33.862950,224.140900,353.152300
430.247,10,0.324577,1.534641,-0.064923,-0.162927,0.878163,-0.249474,-0.374229,34.062790,224.048500,353.106400
430.358,10,0.320634,1.533346,-0.064621,-0.163118,0.877764,-0.249962,-0.374756,34.130060,224.128400,353.130500
430.468,10,0.315187,1.532960,-0.062707,-0.165029,0.876702,-0.250245,-0.376214,34.260200,224.283300,352.975800
430.580,10,0.312830,1.535090,-0.059097,-0.165716,0.876658,-0.246515,-0.378470,33.893780,224.506700,352.805600
430.691,10,0.316984,1.538020,-0.051109,-0.165797,0.877244,-0.242742,-0.379515,33.485900,224.576000,352.653800
430.802,10,0.332410,1.541021,-0.037164,-0.169235,0.871011,-0.233510,-0.397710,32.778470,226.888400,352.546100
430.913,10,0.361048,1.546962,-0.020462,-0.166733,0.861244,-0.220538,-0.426407,31.470900,230.798200,353.326500
431.025,10,0.402052,1.555158,-0.003495,-0.164523,0.848127,-0.206501,-0.459314,30.093580,235.281400,354.070800
431.136,10,0.440337,1.565723,0.012779,-0.162123,0.836901,-0.193672,-0.485596,28.791300,238.846900,354.547800
431.247,10,0.486208,1.572443,0.032010,-0.158196,0.828302,-0.178320,-0.507042,27.118310,241.681600,354.763300
431.357,10,0.519727,1.574191,0.045949,-0.158331,0.821370,-0.180472,-0.517410,27.407270,243.260400,355.261100
431.468,10,0.561203,1.579542,0.066183,-0.158770,0.815088,-0.173141,-0.529572,26.770070,244.870400,355.152800
431.579,10,0.589249,1.582212,0.081204,-0.164748,0.807993,-0.171205,-0.539161,27.020970,246.165300,354.743300
431.690,10,0.617648,1.583898,0.096571,-0.167715,0.803030,-0.172808,-0.545117,27.412170,247.062300,354.767500
431.801,10,0.633658,1.587666,0.107289,-0.157224,0.805610,-0.163139,-0.547411,25.784350,247.302100,355.240300
431.912,10,0.640260,1.589217,0.116235,-0.148667,0.806410,-0.155579,-0.550814,24.500140,247.733400,355.690200
432.023,10,0.635319,1.590661,0.125287,-0.140828,0.809812,-0.144128,-0.550999,22.868970,247.590700,355.689200
432.134,10,0.623152,1.593461,0.133074,-0.128397,0.824165,-0.129561,-0.536171,20.563490,245.284800,355.546200
432.246,10,0.598669,1.595165,0.141697,-0.114899,0.856622,-0.130563,-0.485748,19.591380,238.374800,355.738400
432.357,10,0.564845,1.594839,0.151188,-0.106573,0.873325,-0.123195,-0.459095,18.242060,234.752200,355.589900
432.468,10,0.502302,1.587615,0.165447,-0.118670,0.886108,-0.121540,-0.431230,18.526440,230.857500,353.612600
432.580,10,0.442226,1.576796,0.178707,-0.131805,0.889300,-0.133668,-0.417021,20.345050,228.892900,352.465500
432.691,10,0.356958,1.569933,0.197410,-0.134668,0.893492,-0.157028,-0.398596,22.827790,226.629500,352.803100
432.802,10,0.286767,1.571597,0.214557,-0.142874,0.896311,-0.175188,-0.381475,25.027450,224.383400,352.232800
432.912,10,0.230759,1.574031,0.227700,-0.141330,0.898202,-0.184389,-0.373175,25.894680,223.413200,352.574100
433.024,10,0.189018,1.573798,0.233457,-0.141358,0.901559,-0.198529,-0.357485,27.325000,221.480900,352.696400
433.135,10,0.159468,1.573092,0.231586,-0.139180,0.907168,-0.203389,-0.341039,27.642200,219.388300,352.619800
433.247,10,0.125301,1.570552,0.220094,-0.140942,0.911008,-0.208926,-0.326419,28.208340,217.449700,352.147000
433.358,10,0.099458,1.567149,0.204585,-0.131591,0.912981,-0.208837,-0.324864,27.828490,217.489300,353.207600
433.468,10,0.068258,1.562722,0.173562,-0.114429,0.913963,-0.212663,-0.326118,27.604570,218.153700,355.439500
433.580,10,0.039759,1.564381,0.135206,-0.095904,0.917435,-0.216956,-0.319445,27.345740,217.809100,357.589400
433.691,10,0.012524,1.569602,0.098196,-0.081031,0.926634,-0.213477,-0.298681,26.361620,215.392000,358.551500
433.803,10,-0.008933,1.571252,0.073509,-0.077572,0.936002,-0.211720,-0.270290,25.993880,211.761600,358.038600
433.914,10,-0.024483,1.577105,0.058092,-0.076130,0.946274,-0.203505,-0.239489,24.936080,207.753500,357.053900
434.025,10,-0.042566,1.586235,0.038694,-0.069943,0.966288,-0.178884,-0.171453,21.696570,199.249300,355.442600
434.136,10,-0.057164,1.591367,0.021584,-0.068333,0.980458,-0.160562,-0.090849,19.102790,189.515100,353.631000
434.247,10,-0.079869,1.597171,0.001514,-0.070479,0.987318,-0.139696,0.026863,15.787020,175.665100,351.232500
434.359,10,-0.101890,1.602176,-0.012140,-0.064916,0.980909,-0.141910,0.116042,15.268120,165.221600,350.435700
434.469,10,-0.125768,1.605512,-0.024648,-0.042454,0.959371,-0.152708,0.233422,15.854010,151.375600,350.863400
434.581,10,-0.137756,1.604704,-0.030529,-0.023086,0.931457,-0.158967,0.326473,16.324010,140.104700,351.200900
434.692,10,-0.143499,1.603267,-0.032806,-0.011242,0.903249,-0.164536,0.396159,16.757820,131.299900,350.946500
434.803,10,-0.145548,1.603149,-0.033452,-0.007929,0.879121,-0.168947,0.445579,16.857020,124.773900,350.102600
434.914,10,-0.147595,1.603203,-0.031431,-0.002653,0.862548,-0.167710,0.477365,16.665440,120.623100,350.100800
435.025,10,-0.148487,1.604011,-0.027998,-0.002701,0.843765,-0.168495,0.509572,16.354970,116.216800,349.413900
435.136,10,-0.143323,1.605526,-0.026867,0.004189,0.835230,-0.163920,0.524884,16.154020,114.299100,350.103700
435.248,10,-0.123508,1.604134,-0.030921,0.011985,0.827459,-0.163158,0.537166,16.432670,112.669000,350.672900
435.358,10,-0.095980,1.600255,-0.039105,0.015790,0.827262,-0.160967,0.538031,16.458110,112.643700,351.177800
435.469,10,-0.057219,1.604604,-0.052105,0.011709,0.833405,-0.140814,0.534295,14.313160,113.695500,352.232700
435.580,10,-0.028937,1.612571,-0.062198,0.006432,0.837886,-0.115903,0.533360,11.600620,114.369300,353.384200
435.692,10,-0.003503,1.616005,-0.070551,0.003690,0.839761,-0.107496,0.532195,10.630210,114.682700,353.678400
435.803,10,0.021458,1.615051,-0.078415,0.007982,0.840307,-0.109055,0.530968,11.055220,114.844500,354.011400
435.914,10,0.044545,1.611675,-0.085562,0.009380,0.838955,-0.111793,0.532512,11.394830,114.586600,353.949700
436.025,10,0.077050,1.603669,-0.094049,0.016996,0.836661,-0.120748,0.533975,12.720800,114.246400,354.085600
436.136,10,0.101393,1.598562,-0.099600,0.024275,0.833522,-0.125015,0.537609,13.562570,113.697100,354.453900
436.248,10,0.128729,1.593185,-0.106946,0.030810,0.830013,-0.129285,0.541677,14.358860,113.078200,354.733800
436.358,10,0.144922,1.589817,-0.112342,0.035395,0.827407,-0.134170,0.544191,15.102610,112.644200,354.802700
436.469,10,0.160468,1.587026,-0.118261,0.037351,0.824068,-0.136879,0.548435,15.459890,111.994500,354.726800
436.581,10,0.167447,1.585486,-0.122885,0.039937,0.822736,-0.140697,0.549286,15.985080,111.798100,354.696900
436.692,10,0.163138,1.584576,-0.122757,0.041663,0.822824,-0.141660,0.548777,16.191570,111.858800,354.807200
436.803,10,0.146226,1.589716,-0.116906,0.041214,0.820868,-0.130616,0.554452,15.078360,111.319100,355.415500
436.914,10,0.120036,1.597463,-0.110010,0.036604,0.815790,-0.115573,0.565500,13.295080,110.053300,355.816800
437.025,10,0.070113,1.610815,-0.102811,0.019850,0.807145,-0.085268,0.583826,9.254776,107.924200,356.077300
437.137,10,0.019153,1.624034,-0.100752,-0.001577,0.800551,-0.053550,0.596865,4.810246,106.425400,356.176500
437.248,10,-0.052429,1.641714,-0.104665,-0.036305,0.793067,-0.007543,0.608005,358.155700,105.110500,356.170300
437.359,10,-0.107292,1.649470,-0.110091,-0.054695,0.787167,0.019818,0.613990,354.355000,104.267000,356.441200
437.471,10,-0.174910,1.659986,-0.114492,-0.087430,0.772399,0.067415,0.625468,347.671800,102.322300,357.023500
437.583,10,-0.230555,1.676061,-0.116804,-0.136902,0.759082,0.130245,0.622968,338.389000,101.785800,357.190900
437.695,10,-0.271054,1.688632,-0.118006,-0.169513,0.751251,0.168189,0.615305,332.528400,102.116100,356.916900
437.807,10,-0.306986,1.697035,-0.118504,-0.195143,0.744355,0.196590,0.607624,328.007200,102.550100,356.511600
437.918,10,-0.322576,1.699182,-0.117642,-0.201532,0.743356,0.203857,0.604359,326.861100,102.861300,356.356400
438.029,10,-0.328632,1.698820,-0.115562,-0.201134,0.743103,0.199010,0.606414,327.336100,102.716500,356.079300
438.140,10,-0.325892,1.698948,-0.112642,-0.201868,0.737897,0.198499,0.612663,327.296100,101.689100,356.273500
438.251,10,-0.320965,1.700752,-0.108088,-0.206393,0.734231,0.200553,0.614887,326.748100,101.266600,356.129700
438.362,10,-0.319695,1.704591,-0.102053,-0.220475,0.724949,0.211720,0.617264,324.608900,100.482700,355.899600
438.473,10,-0.320420,1.709847,-0.096208,-0.243427,0.706394,0.225640,0.625170,321.453600,98.566440,355.469100
438.585,10,-0.320223,1.713553,-0.090746,-0.249297,0.699704,0.235872,0.626602,320.021400,97.760120,356.013600
438.696,10,-0.319317,1.716884,-0.086854,-0.248965,0.698901,0.236949,0.627223,319.945100,97.574260,356.197300
438.808,10,-0.315265,1.720876,-0.080614,-0.240023,0.695455,0.236252,0.634757,320.704600,96.122380,357.487500
438.919,10,-0.310092,1.722616,-0.076722,-0.227578,0.694947,0.225875,0.643613,322.635300,95.015630,358.157300
439.029,10,-0.300211,1.720449,-0.073885,-0.202372,0.703139,0.194421,0.653331,327.463200,94.811800,357.923400
439.139,10,-0.290951,1.716331,-0.073451,-0.170793,0.718630,0.153962,0.656275,333.547400,95.846440,357.222000
439.249,10,-0.285326,1.713526,-0.072407,-0.148924,0.736739,0.126749,0.647281,337.694000,98.072860,356.570100
439.360,10,-0.278610,1.711319,-0.070025,-0.134492,0.745913,0.107792,0.643356,340.496900,99.091730,356.232300
439.470,10,-0.263132,1.704039,-0.064625,-0.102331,0.754372,0.068502,0.644793,346.389700,99.421420,356.103100
439.580,10,-0.244598,1.699108,-0.059679,-0.085032,0.757085,0.047753,0.645996,349.504000,99.413210,356.089600
439.691,10,-0.222693,1.693896,-0.055976,-0.063788,0.760360,0.029768,0.645676,352.666700,99.543030,356.614900
439.802,10,-0.200299,1.689002,-0.053624,-0.051255,0.766539,0.013807,0.640000,355.022000,100.433900,356.495000
439.914,10,-0.178804,1.684194,-0.051759,-0.038070,0.774331,0.004810,0.631617,356.816100,101.676600,356.964000
440.025,10,-0.144909,1.674108,-0.046744,-0.013547,0.778125,-0.021205,0.627606,0.916559,102.201500,357.265700
440.136,10,-0.119682,1.668803,-0.041574,-0.004854,0.778750,-0.037482,0.626195,2.997854,102.312500,356.871500
440.248,10,-0.095449,1.662312,-0.034749,0.007176,0.786030,-0.053088,0.615864,5.295741,103.697700,356.884900
440.358,10,-0.081060,1.658986,-0.029072,0.011233,0.792166,-0.059322,0.607312,6.178639,104.880200,356.871600
440.469,10,-0.067223,1.655008,-0.022262,0.013469,0.797449,-0.067343,0.599466,7.097256,105.921100,356.576400
440.580,10,-0.057885,1.652813,-0.016364,0.018539,0.802130,-0.068878,0.592874,7.612991,106.862200,356.996800
440.692,10,-0.049548,1.650372,-0.011692,0.022024,0.804133,-0.071708,0.589697,8.123060,107.290300,357.154100
440.803,10,-0.042609,1.647790,-0.008450,0.025351,0.805918,-0.076314,0.586540,8.785967,107.689600,357.177700
440.914,10,-0.033303,1.642338,-0.005971,0.029125,0.807321,-0.079128,0.584058,9.310552,108.017300,357.362900
441.025,10,-0.012017,1.628587,-0.005149,0.041888,0.806222,-0.086504,0.583754,10.858660,108.000800,358.048000
441.136,10,0.020455,1.607392,-0.007847,0.048901,0.804652,-0.086908,0.585313,11.367790,107.800900,358.653400
441.247,10,0.069852,1.566919,-0.013011,0.064434,0.796247,-0.091429,0.594542,12.839290,106.463700,359.641200
441.358,10,0.107971,1.527762,-0.018395,0.075705,0.783931,-0.103341,0.607488,14.714570,104.401500,359.593500
441.469,10,0.148184,1.464474,-0.027982,0.096094,0.768761,-0.130073,0.618752,18.596800,102.210100,359.200800
441.580,10,0.171664,1.412547,-0.036992,0.105332,0.762046,-0.148442,0.621414,20.925210,101.337200,358.530500
441.691,10,0.189447,1.348143,-0.046427,0.110880,0.749089,-0.155537,0.634334,21.943430,99.109840,358.071900
441.803,10,0.201918,1.299631,-0.056861,0.115006,0.742873,-0.163046,0.639007,22.906190,98.124020,357.666500
441.913,10,0.213686,1.256726,-0.066864,0.116726,0.738696,-0.165979,0.642771,23.282970,97.417950,357.446500
442.025,10,0.226262,1.218065,-0.075620,0.117819,0.735602,-0.168088,0.645566,23.541360,96.890160,357.268600
442.136,10,0.237548,1.191357,-0.082173,0.120393,0.733624,-0.171931,0.646329,24.072510,96.628810,357.137200
442.248,10,0.250859,1.167271,-0.089489,0.128131,0.730638,-0.180471,0.645896,25.419050,96.388530,357.087200
442.358,10,0.259092,1.153689,-0.094423,0.130372,0.729747,-0.183761,0.645527,25.881720,96.320890,357.007500
442.469,10,0.266872,1.142481,-0.099763,0.134852,0.729231,-0.190071,0.643358,26.790360,96.427250,356.924600
442.581,10,0.271464,1.139709,-0.103834,0.135259,0.729068,-0.192580,0.642711,27.043890,96.425250,356.761200
442.691,10,0.273934,1.139413,-0.107595,0.134693,0.729356,-0.191991,0.642680,26.948450,96.454260,356.765400
442.803,10,0.275361,1.137311,-0.111406,0.134146,0.729818,-0.193153,0.641922,27.010590,96.526020,356.642800
442.914,10,0.276272,1.134014,-0.114871,0.134810,0.729796,-0.195632,0.641056,27.282910,96.561090,356.513100
443.025,10,0.277440,1.131244,-0.118585,0.134519,0.730017,-0.196901,0.640476,27.373860,96.598240,356.396200
443.136,10,0.278046,1.130545,-0.120322,0.134779,0.729070,-0.200871,0.640268,27.741740,96.449490,356.067600
443.247,10,0.277926,1.135031,-0.120709,0.131357,0.728904,-0.197625,0.642175,27.181270,96.267270,355.982400
443.359,10,0.276097,1.143698,-0.119407,0.129743,0.728711,-0.192615,0.644241,26.608560,96.144910,356.210600
443.469,10,0.265748,1.177774,-0.115584,0.120410,0.733935,-0.186401,0.641946,25.353780,96.756580,356.029600
443.581,10,0.244263,1.233942,-0.112165,0.102520,0.756181,-0.168569,0.623911,22.511170,100.266000,356.568400
443.692,10,0.210812,1.302566,-0.108667,0.081036,0.789552,-0.144101,0.590996,18.864660,105.942400,357.434200
443.803,10,0.167132,1.375476,-0.099803,0.057203,0.828291,-0.114704,0.545440,14.620640,113.038500,358.201500
443.914,10,0.122701,1.432195,-0.083292,0.044239,0.854956,-0.103039,0.506434,12.767530,118.530400,358.312500
444.025,10,0.060475,1.496892,-0.051243,0.023529,0.875946,-0.092142,0.472943,10.584130,123.020600,357.321600
444.136,10,0.013025,1.534956,-0.024170,0.010081,0.880026,-0.101159,0.463918,10.800940,123.986500,355.555800
444.247,10,-0.038509,1.568565,0.006897,0.003610,0.881342,-0.121204,0.456654,12.529490,124.545400,353.864600
444.358,10,-0.070865,1.585048,0.026571,-0.002192,0.882834,-0.130454,0.451199,13.200550,125.027500,352.825500
444.468,10,-0.098617,1.596270,0.045458,-0.009664,0.885368,-0.139351,0.443408,13.779360,125.786800,351.670800
444.580,10,-0.108955,1.598147,0.056738,-0.010127,0.883960,-0.143152,0.444994,14.126790,125.488000,351.382400
444.691,10,-0.113347,1.599001,0.066867,-0.015046,0.882260,-0.144336,0.447837,13.957810,125.041700,350.760200
444.802,10,-0.109555,1.597686,0.074839,-0.015087,0.878866,-0.146487,0.453771,14.110490,124.210200,350.536300
444.912,10,-0.094922,1.593272,0.079829,-0.006631,0.870271,-0.144898,0.470733,14.238440,122.083000,351.219600
445.024,10,-0.066024,1.581245,0.073820,0.003016,0.853801,-0.153546,0.497432,15.378580,118.357900,351.194000
445.135,10,-0.033077,1.559950,0.049371,0.011076,0.849454,-0.167235,0.500338,17.169520,117.650000,351.056500
445.246,10,0.010893,1.523021,-0.004949,0.021105,0.861924,-0.170697,0.476974,18.323890,120.844800,352.345000
445.357,10,0.042346,1.493850,-0.050265,0.023484,0.865942,-0.167885,0.470541,18.231530,121.822000,352.904600
445.468,10,0.074320,1.463131,-0.093040,0.023528,0.862667,-0.174986,0.473953,18.917840,121.161100,352.390000
445.579,10,0.092918,1.448844,-0.116081,0.024556,0.860145,-0.172470,0.479376,18.677500,120.506700,352.532900
445.691,10,0.111647,1.436258,-0.137725,0.021462,0.857114,-0.170009,0.485790,18.197020,119.667500,352.233000
445.802,10,0.127911,1.426324,-0.153928,0.024254,0.855480,-0.169497,0.488709,18.282910,119.313200,352.485700
445.913,10,0.142140,1.416601,-0.167569,0.025659,0.854067,-0.174770,0.489251,18.883110,119.101100,352.275000
446.024,10,0.153747,1.409044,-0.180055,0.026423,0.854734,-0.178122,0.486830,19.282140,119.342300,352.190300
446.136,10,0.161724,1.402733,-0.189940,0.027654,0.854294,-0.180480,0.486666,19.589700,119.307700,352.165800
446.247,10,0.170846,1.395559,-0.202262,0.027576,0.854897,-0.182916,0.484698,19.845290,119.502700,352.045500
446.358,10,0.175968,1.391384,-0.211796,0.028818,0.856136,-0.186029,0.481243,20.259260,119.896400,352.052900
446.469,10,0.177949,1.391817,-0.222640,0.028786,0.857020,-0.189332,0.478375,20.613580,120.186400,351.904800
446.580,10,0.170452,1.401190,-0.227811,0.024340,0.859404,-0.192729,0.472956,20.749820,120.764800,351.360700
446.691,10,0.151407,1.420141,-0.225589,0.014725,0.866709,-0.189715,0.461093,20.025230,122.354600,350.848700
446.802,10,0.125847,1.444366,-0.217661,0.006449,0.879676,-0.181992,0.439327,19.017350,125.405800,350.959200
446.913,10,0.098548,1.459937,-0.205089,0.000143,0.893606,-0.169062,0.415797,17.593900,128.782200,351.534100
447.025,10,0.069148,1.468470,-0.183960,0.006359,0.901894,-0.162316,0.400250,17.329960,131.050100,352.871400
447.136,10,0.042435,1.477251,-0.157429,0.002241,0.906229,-0.164060,0.389652,17.403430,132.325000,352.546000
447.247,10,0.009849,1.489205,-0.120327,-0.005595,0.910183,-0.156484,0.383469,16.294050,133.189900,352.203900
447.357,10,-0.010017,1.494736,-0.095984,0.000264,0.911839,-0.149093,0.382520,15.789300,133.542400,353.221400
447.468,10,-0.027910,1.498953,-0.072282,-0.002483,0.910299,-0.152411,0.384865,15.995880,133.139300,352.718500
447.580,10,-0.036195,1.499860,-0.059199,-0.004124,0.910283,-0.151236,0.385351,15.792630,133.082200,352.592100
447.691,10,-0.039179,1.496031,-0.051876,0.000281,0.905854,-0.151993,0.395382,15.997080,131.833700,352.848000
447.802,10,-0.039219,1.488510,-0.054561,0.011005,0.897412,-0.163347,0.409693,17.589550,129.859300,353.126000
447.912,10,-0.041370,1.484414,-0.062048,0.023028,0.887337,-0.166611,0.429352,18.388280,127.356800,353.817200
448.024,10,-0.043540,1.483366,-0.074393,0.030366,0.873377,-0.170320,0.455282,18.975070,123.898700,353.805200
448.135,10,-0.046008,1.483835,-0.086656,0.038820,0.862421,-0.172084,0.474458,19.490720,121.357300,354.134700
448.246,10,-0.048657,1.484160,-0.102752,0.048012,0.843253,-0.161839,0.510322,18.780560,116.792400,354.897200
448.357,10,-0.051310,1.478818,-0.116538,0.046746,0.825829,-0.161865,0.538165,18.521480,112.859800,354.127800
448.468,10,-0.054956,1.470310,-0.134889,0.049705,0.811199,-0.158609,0.560651,18.243800,109.756200,354.125400
448.579,10,-0.058006,1.463490,-0.147836,0.048501,0.801469,-0.153745,0.575897,17.596170,107.675000,354.018100
448.690,10,-0.059945,1.454145,-0.161918,0.041301,0.790651,-0.150407,0.592067,16.663120,105.354400,353.238500
448.801,10,-0.058928,1.447559,-0.171085,0.034888,0.783895,-0.143834,0.602995,15.520030,103.896900,352.919700
448.912,10,-0.054420,1.440871,-0.177451,0.029575,0.776613,-0.139815,0.613555,14.682140,102.417100,352.537800
449.024,10,-0.047871,1.434219,-0.182598,0.027392,0.769120,-0.139633,0.623062,14.413830,100.987300,352.174900
449.135,10,-0.043257,1.431499,-0.187089,0.026704,0.765555,-0.141859,0.626968,14.518190,100.329000,351.864600
449.246,10,-0.041754,1.433724,-0.191938,0.025389,0.761759,-0.146930,0.630468,14.824800,99.637600,351.278200
449.357,10,-0.044133,1.440158,-0.193613,0.026607,0.762596,-0.143717,0.630147,14.639060,99.790180,351.647700
449.468,10,-0.049530,1.448192,-0.193087,0.026777,0.761508,-0.138953,0.632519,14.211520,99.573560,351.994900
449.579,10,-0.053718,1.453159,-0.191478,0.026653,0.760682,-0.136686,0.634011,13.989550,99.412800,352.135500
449.691,10,-0.058303,1.458393,-0.188456,0.029894,0.759408,-0.136761,0.635376,14.223370,99.212390,352.389100
449.801,10,-0.061662,1.461986,-0.185715,0.032588,0.758929,-0.135356,0.636116,14.294820,99.148450,352.723300
449.912,10,-0.064762,1.464358,-0.182810,0.032726,0.757926,-0.132511,0.637902,14.041150,98.957170,352.927300
450.023,10,-0.067224,1.465850,-0.181258,0.033180,0.756795,-0.131718,0.639383,13.992570,98.754170,353.002300
450.135,10,-0.069751,1.466903,-0.180884,0.032055,0.757583,-0.131473,0.638557,13.894880,98.884280,352.938500
450.246,10,-0.072483,1.467974,-0.180775,0.031158,0.758738,-0.130225,0.637485,13.729490,99.080310,352.978300
450.357,10,-0.074652,1.468849,-0.179560,0.030204,0.758484,-0.129217,0.638039,13.565720,99.020840,352.964100
450.468,10,-0.076941,1.469965,-0.178257,0.029156,0.757040,-0.129840,0.639673,13.526120,98.750920,352.793500
450.579,10,-0.079649,1.472895,-0.176086,0.029437,0.756743,-0.128576,0.640266,13.432090,98.695890,352.907500
450.690,10,-0.084073,1.480490,-0.173274,0.027692,0.756454,-0.122368,0.641901,12.749090,98.607760,353.216800
450.801,10,-0.088148,1.487851,-0.169645,0.024263,0.756158,-0.116221,0.643528,11.946100,98.507100,353.374000
450.912,10,-0.091064,1.494680,-0.167205,0.022262,0.756955,-0.111520,0.643495,11.389780,98.621500,353.567800
451.024,10,-0.093412,1.502340,-0.163529,0.020671,0.757472,-0.107991,0.643542,10.964820,98.693100,353.703100
451.136,10,-0.093710,1.511562,-0.158688,0.019203,0.759816,-0.105084,0.641303,10.621450,99.095770,353.832200
451.246,10,-0.091922,1.523426,-0.147859,0.021597,0.762236,-0.102927,0.638699,10.631820,99.542920,354.244900
451.357,10,-0.087582,1.530297,-0.136707,0.023487,0.767940,-0.106919,0.631098,11.178140,100.606300,354.215300
451.468,10,-0.073891,1.533174,-0.117557,0.036193,0.781697,-0.117585,0.611403,13.184560,103.344400,354.861700
451.579,10,-0.056388,1.536374,-0.096284,0.044331,0.798123,-0.127733,0.587128,14.829900,106.708800,355.298900
451.690,10,-0.026668,1.542925,-0.059468,0.048604,0.818390,-0.149178,0.552830,17.332200,111.138500,354.868100
451.802,10,0.006386,1.548829,-0.023769,0.040677,0.838189,-0.165799,0.517972,18.667800,115.538200,353.724000
451.912,10,0.037836,1.548646,0.011243,0.036814,0.852300,-0.188489,0.486520,20.923350,119.189500,352.578200
452.023,10,0.065098,1.545568,0.045148,0.042446,0.857373,-0.214267,0.466048,24.015020,121.243400,352.012200
452.134,10,0.084395,1.542116,0.070103,0.046822,0.865052,-0.229053,0.443878,25.966850,123.867400,352.179400
452.245,10,0.105652,1.542301,0.093816,0.052501,0.872639,-0.242156,0.420838,27.828020,126.700000,352.711900
452.356,10,0.121944,1.542863,0.104668,0.052541,0.876641,-0.245088,0.410697,28.220390,128.003200,352.881300
452.467,10,0.146171,1.541857,0.109784,0.054726,0.879279,-0.250315,0.401517,28.956170,129.135200,353.122800
452.578,10,0.167682,1.542878,0.108954,0.049372,0.881855,-0.252602,0.395078,28.981570,129.822100,352.609900
452.689,10,0.203070,1.546433,0.099329,0.043228,0.888670,-0.244282,0.385647,27.873000,131.280400,352.748500
452.800,10,0.240304,1.552231,0.080685,0.035046,0.896694,-0.244194,0.367533,27.625910,133.562300,352.434700
452.911,10,0.278261,1.559338,0.056591,0.024265,0.905779,-0.242004,0.347002,27.080690,136.145800,351.994900
453.023,10,0.309995,1.565552,0.037346,0.022632,0.909080,-0.238985,0.340509,26.738980,137.068900,352.174000
453.134,10,0.330842,1.572286,0.025015,0.013077,0.910133,-0.237232,0.339423,26.148740,137.049100,351.205600
453.246,10,0.350935,1.577953,0.007319,0.004121,0.918050,-0.232656,0.320997,25.456470,139.410600,350.964600
453.357,10,0.364199,1.576759,-0.008863,0.002101,0.927719,-0.237068,0.288327,26.172520,143.488800,351.490100
453.468,10,0.376577,1.574291,-0.030986,-0.006531,0.941635,-0.244104,0.231722,27.173490,150.388300,351.894900
453.580,10,0.384473,1.571264,-0.048187,-0.017816,0.953416,-0.247228,0.171927,27.729330,157.646300,352.275000
453.691,10,0.397167,1.564377,-0.071305,-0.032178,0.962562,-0.255623,0.084238,29.122920,168.201600,353.095800
453.802,10,0.414178,1.561695,-0.091532,-0.054191,0.964307,-0.259155,0.003737,29.960620,177.665100,352.942200
453.912,10,0.439546,1.564602,-0.110242,-0.070465,0.962024,-0.254707,-0.068331,29.980060,186.334900,353.319400
454.024,10,0.467333,1.567663,-0.126066,-0.073344,0.957005,-0.251461,-0.124620,29.972140,193.459900,354.853500
454.134,10,0.487689,1.566523,-0.135624,-0.081763,0.949278,-0.252157,-0.169126,30.423690,198.938300,355.347900
454.245,10,0.500503,1.563924,-0.142759,-0.097319,0.935378,-0.250351,-0.230047,30.871930,206.399700,355.531300
454.356,10,0.499559,1.561128,-0.143620,-0.109918,0.919067,-0.250593,-0.283613,31.531880,213.161000,355.970100
454.467,10,0.486679,1.558119,-0.142080,-0.120066,0.899630,-0.245886,-0.340279,31.609310,220.509600,356.722500
454.578,10,0.467469,1.553036,-0.141683,-0.129884,0.884886,-0.248002,-0.372293,32.385780,224.744000,356.931300
454.689,10,0.433563,1.541378,-0.146346,-0.142512,0.870496,-0.257966,-0.394184,34.157470,227.772200,356.900700
454.799,10,0.406613,1.529658,-0.152142,-0.151507,0.864947,-0.270274,-0.394797,35.956760,227.948500,356.551900
454.910,10,0.375232,1.519017,-0.161295,-0.160117,0.862204,-0.276459,-0.393112,37.057470,227.604600,355.778200
455.021,10,0.351007,1.509295,-0.170989,-0.163779,0.860080,-0.282330,-0.392083,37.885240,227.508100,355.615800
455.132,10,0.330105,1.499615,-0.179347,-0.166999,0.857438,-0.291482,-0.389806,39.053880,227.345100,355.632300
455.244,10,0.312846,1.492258,-0.186991,-0.169543,0.856776,-0.297723,-0.385424,39.855690,226.787900,355.440800
455.355,10,0.299592,1.487499,-0.192865,-0.170605,0.858118,-0.299652,-0.380442,40.097030,226.045400,355.140800
455.466,10,0.282607,1.481105,-0.200438,-0.171659,0.859300,-0.301878,-0.375509,40.370420,225.318200,354.856900
455.577,10,0.269759,1.476914,-0.206057,-0.172466,0.859704,-0.304801,-0.371834,40.717930,224.814300,354.710800
455.688,10,0.254289,1.474171,-0.213580,-0.170428,0.862018,-0.305431,-0.366868,40.664120,224.153100,354.726400
455.800,10,0.242309,1.472253,-0.220943,-0.167700,0.863673,-0.305969,-0.363770,40.581060,223.806400,354.933500
455.911,10,0.224483,1.465602,-0.235423,-0.164112,0.866009,-0.308321,-0.357817,40.651910,223.116600,355.191200
456.022,10,0.206039,1.454118,-0.252826,-0.163552,0.866355,-0.314078,-0.352185,41.254730,222.458600,355.257100
456.133,10,0.186541,1.438745,-0.271472,-0.165601,0.864967,-0.324228,-0.345376,42.476040,221.642300,355.137500
456.245,10,0.167945,1.419500,-0.289469,-0.170382,0.861512,-0.336902,-0.339506,44.121400,220.916500,354.820000
456.355,10,0.152946,1.400643,-0.305308,-0.174383,0.857977,-0.348032,-0.335172,45.569690,220.405100,354.595700
456.467,10,0.135125,1.378351,-0.324303,-0.180627,0.855953,-0.353654,-0.331130,46.472570,219.611900,353.747700
456.578,10,0.122289,1.362148,-0.337920,-0.182446,0.854585,-0.356889,-0.330195,46.925700,219.470300,353.598600
456.688,10,0.107759,1.341288,-0.353465,-0.183513,0.852809,-0.363038,-0.327480,47.680180,219.176500,353.584700
456.800,10,0.097931,1.324520,-0.363498,-0.187373,0.851733,-0.364937,-0.325981,48.057690,218.770000,353.017000
456.911,10,0.087591,1.304472,-0.372362,-0.192906,0.848551,-0.370134,-0.325192,48.904710,218.488200,352.424700
457.022,10,0.081097,1.290664,-0.377094,-0.196921,0.845858,-0.372901,-0.326635,49.418910,218.584400,352.089400
457.133,10,0.077820,1.277211,-0.380168,-0.198499,0.843025,-0.379783,-0.325071,50.298830,218.461100,352.102800
457.244,10,0.075207,1.264640,-0.382524,-0.200749,0.840275,-0.386992,-0.322297,51.238670,218.093800,351.927600
457.355,10,0.073518,1.255986,-0.383379,-0.205676,0.837566,-0.391521,-0.320769,51.980140,217.655000,351.282000
457.466,10,0.071944,1.248265,-0.383624,-0.207258,0.836121,-0.395136,-0.319082,52.469430,217.374800,351.083200
457.577,10,0.071209,1.243510,-0.383050,-0.208795,0.835486,-0.396894,-0.317558,52.731600,217.054800,350.799900
457.688,10,0.070204,1.237228,-0.381397,-0.210317,0.833264,-0.401180,-0.317005,53.313900,217.000600,350.738800
457.799,10,0.069924,1.233692,-0.379491,-0.212307,0.831972,-0.403969,-0.315528,53.722280,216.685000,350.433100
457.910,10,0.069289,1.231814,-0.376477,-0.213155,0.832612,-0.402937,-0.314585,53.619080,216.410900,350.153500
458.021,10,0.068772,1.230002,-0.373313,-0.212722,0.833055,-0.402164,-0.314696,53.507420,216.436200,350.192900
458.132,10,0.068625,1.225865,-0.370011,-0.213191,0.834052,-0.400356,-0.314043,53.296280,216.219000,349.962900
458.244,10,0.068444,1.218818,-0.367421,-0.213002,0.834048,-0.400925,-0.313452,53.351650,216.145200,349.969300
458.355,10,0.067927,1.211403,-0.365990,-0.213297,0.833749,-0.402731,-0.311730,53.565350,215.870900,349.857400
458.466,10,0.066240,1.203231,-0.364430,-0.214916,0.833813,-0.402655,-0.310540,53.606270,215.528800,349.481200
458.577,10,0.064680,1.196096,-0.363325,-0.215330,0.833360,-0.404248,-0.309400,53.805200,215.341100,349.388500
458.688,10,0.061353,1.182863,-0.362476,-0.213903,0.833592,-0.404689,-0.309187,53.800210,215.426100,349.624600
458.799,10,0.057643,1.171518,-0.363140,-0.213252,0.833547,-0.404442,-0.310082,53.754680,215.631300,349.800900
458.910,10,0.052010,1.155689,-0.365138,-0.214104,0.832336,-0.405904,-0.310835,53.978780,215.754500,349.806500
459.022,10,0.048983,1.138568,-0.367564,-0.213040,0.833358,-0.403566,-0.311871,53.659680,215.944900,349.955200
459.132,10,0.048028,1.122247,-0.370746,-0.215814,0.833639,-0.402016,-0.311212,53.571750,215.562100,349.364100
459.244,10,0.047666,1.109130,-0.373572,-0.215780,0.834734,-0.403071,-0.306906,53.645320,214.813200,349.027600
459.355,10,0.047593,1.096419,-0.375517,-0.214438,0.836395,-0.401610,-0.305237,53.390410,214.567100,349.024900
459.466,10,0.047515,1.079288,-0.378073,-0.214126,0.836393,-0.402121,-0.304789,53.435640,214.525100,349.059400
459.577,10,0.047551,1.066571,-0.379880,-0.212995,0.835597,-0.404348,-0.304818,53.667570,214.686100,349.354200
459.688,10,0.047088,1.051941,-0.382167,-0.213711,0.834641,-0.405854,-0.304934,53.883440,214.699900,349.320900
459.800,10,0.047192,1.041780,-0.383596,-0.214231,0.834236,-0.405768,-0.305790,53.904130,214.813800,349.310300
459.910,10,0.048952,1.029765,-0.384256,-0.215400,0.833850,-0.406130,-0.305542,53.991550,214.689300,349.112600
460.022,10,0.050704,1.020683,-0.383747,-0.217255,0.832435,-0.408382,-0.305085,54.337530,214.531000,348.872300
460.132,10,0.051743,1.015989,-0.383555,-0.217582,0.831443,-0.409802,-0.305652,54.534280,214.655400,348.940600
460.244,10,0.053269,1.013872,-0.383612,-0.217662,0.831956,-0.409939,-0.304009,54.532590,214.348800,348.778000
460.355,10,0.053697,1.010968,-0.383707,-0.218300,0.833230,-0.408918,-0.301429,54.394970,213.789700,348.379700
460.466,10,0.053338,1.003488,-0.382912,-0.219454,0.832468,-0.409529,-0.301867,54.521330,213.796300,348.256400
460.578,10,0.052990,0.998081,-0.382863,-0.219114,0.831488,-0.411558,-0.302055,54.763740,213.919500,348.426000
460.688,10,0.053219,0.991301,-0.383311,-0.218870,0.831824,-0.411869,-0.300879,54.776850,213.730200,348.369300
460.800,10,0.053448,0.986183,-0.383768,-0.219969,0.831393,-0.413571,-0.298927,55.003830,213.327500,348.075100
460.910,10,0.054564,0.980871,-0.383642,-0.221824,0.830675,-0.414647,-0.298064,55.195900,213.043700,347.725300
461.022,10,0.055885,0.977210,-0.383995,-0.222230,0.831225,-0.414118,-0.296960,55.128560,212.789000,347.526100
461.132,10,0.057231,0.972699,-0.383576,-0.223236,0.832545,-0.411909,-0.295576,54.868380,212.389400,347.126900
461.244,10,0.058206,0.965741,-0.382685,-0.224036,0.832048,-0.412943,-0.294928,55.017330,212.229200,346.972400
461.355,10,0.058490,0.959462,-0.382410,-0.224486,0.831236,-0.414098,-0.295256,55.183750,212.282200,346.975500
461.466,10,0.058142,0.952039,-0.383061,-0.225366,0.829892,-0.416091,-0.295563,55.471190,212.317100,346.938800
461.577,10,0.057570,0.947730,-0.384098,-0.226050,0.828811,-0.417483,-0.296112,55.679970,212.398800,346.934200
461.688,10,0.056549,0.945553,-0.386014,-0.226963,0.828289,-0.417833,-0.296381,55.762010,212.380600,346.818000
461.799,10,0.056390,0.946419,-0.387538,-0.226738,0.829242,-0.415595,-0.297031,55.482710,212.463500,346.825400
461.910,10,0.057462,0.960820,-0.390306,-0.226828,0.833278,-0.409336,-0.294349,54.658030,211.803600,346.295300
462.021,10,0.060139,0.995616,-0.392036,-0.216601,0.841032,-0.402321,-0.289633,53.340610,211.605100,347.297500
462.132,10,0.068363,1.051046,-0.392192,-0.196225,0.852343,-0.390735,-0.286938,51.140680,212.358100,349.877700
462.244,10,0.087298,1.124383,-0.385810,-0.175030,0.875385,-0.363683,-0.266082,46.875560,209.685400,350.493700
462.355,10,0.109139,1.196752,-0.367780,-0.160207,0.899220,-0.326392,-0.243320,41.679280,206.479400,350.031600
462.467,10,0.145923,1.288308,-0.325664,-0.131408,0.923884,-0.289655,-0.212770,36.237540,203.144500,351.476200
462.578,10,0.184171,1.350018,-0.276848,-0.115268,0.935555,-0.277083,-0.186213,34.151420,200.110900,352.187800
462.689,10,0.234842,1.415837,-0.199795,-0.100968,0.946927,-0.266530,-0.148648,32.329430,195.632500,352.384500
462.801,10,0.272656,1.458844,-0.128231,-0.087735,0.952278,-0.269501,-0.113305,32.219360,191.488800,352.800600
462.911,10,0.300306,1.494249,-0.066657,-0.076560,0.954870,-0.273495,-0.086961,32.385950,188.457200,353.291800
463.022,10,0.318445,1.522696,-0.017615,-0.062114,0.959198,-0.269826,-0.057233,31.650980,185.140700,354.047900
463.133,10,0.325409,1.545336,0.021503,-0.048973,0.963930,-0.260855,-0.019871,30.320560,180.846800,354.412600
463.244,10,0.315715,1.558880,0.049833,-0.036087,0.968721,-0.245479,0.004156,28.378930,178.321600,355.308800
463.355,10,0.293341,1.562559,0.066614,-0.026959,0.969068,-0.244213,0.023232,28.168440,176.215000,355.863000
463.466,10,0.250742,1.564158,0.082065,-0.011515,0.968884,-0.238844,0.063908,27.474410,171.617400,356.585500
463.577,10,0.211435,1.563550,0.090417,0.002220,0.966601,-0.235513,0.101053,27.112730,167.390900,357.211200
463.688,10,0.166235,1.563109,0.097176,0.015891,0.962659,-0.233542,0.135992,26.998330,163.410000,357.882400
463.800,10,0.143302,1.563276,0.101849,0.027199,0.959410,-0.237952,0.148899,27.689990,162.058500,358.791700
463.910,10,0.125278,1.560925,0.110230,0.031097,0.953940,-0.245978,0.168896,28.672430,159.522900,358.448200
464.022,10,0.119321,1.557545,0.119036,0.026839,0.951579,-0.258004,0.164961,29.991840,159.727000,357.747400
464.132,10,0.124710,1.555851,0.128818,0.030481,0.952872,-0.263870,0.146559,30.783990,162.158400,358.715600
464.244,10,0.135027,1.555994,0.136486,0.027625,0.954011,-0.265277,0.136850,30.911610,163.306200,358.671100
464.354,10,0.140495,1.553173,0.145033,0.026753,0.952711,-0.271006,0.134838,31.573760,163.468400,358.513100
464.465,10,0.144073,1.548527,0.153129,0.025645,0.954936,-0.270056,0.120451,31.463220,165.317700,358.919900
464.576,10,0.144793,1.544618,0.153599,0.027775,0.954641,-0.274463,0.112065,32.022530,166.444900,359.426600
464.687,10,0.145505,1.539437,0.148715,0.024381,0.955089,-0.273814,0.110617,31.899290,166.516900,359.054800
464.798,10,0.146458,1.536942,0.146688,0.024095,0.955009,-0.275896,0.106106,32.146100,167.076100,359.152300
464.909,10,0.150120,1.526384,0.138796,0.023483,0.954398,-0.278447,0.105075,32.441180,167.164200,359.070500
465.020,10,0.150743,1.506781,0.122184,0.023231,0.954943,-0.276117,0.106321,32.160420,167.014100,359.029100
465.131,10,0.148783,1.481332,0.096525,0.019007,0.955204,-0.273813,0.110687,31.823340,166.313000,358.360800
465.243,10,0.145806,1.453060,0.061291,0.017258,0.956502,-0.268746,0.112168,31.197070,166.113000,358.172800
465.354,10,0.141706,1.422173,0.027786,0.016619,0.956861,-0.267026,0.113306,30.982730,165.961700,358.081100
465.465,10,0.136187,1.383364,-0.009363,0.013846,0.955509,-0.270837,0.116014,31.385030,165.468200,357.557400
465.577,10,0.132364,1.357660,-0.031318,0.011101,0.956270,-0.268215,0.116127,31.034210,165.389300,357.253100
465.689,10,0.127564,1.323036,-0.054271,0.017527,0.956076,-0.269186,0.114676,31.248020,165.791600,358.108200
465.800,10,0.125340,1.293844,-0.069612,0.020091,0.954468,-0.272768,0.119105,31.700650,165.264800,358.206800
465.911,10,0.123162,1.257351,-0.084332,0.015872,0.952041,-0.279219,0.124111,32.384330,164.374900,357.347100
466.023,10,0.120254,1.225333,-0.095523,0.015090,0.951156,-0.282106,0.124467,32.711470,164.259200,357.171500
466.134,10,0.118395,1.193906,-0.103849,0.012993,0.950525,-0.285181,0.122497,33.046950,164.396600,356.911100
466.245,10,0.118202,1.170012,-0.111472,0.015483,0.949143,-0.288528,0.125063,33.475500,164.103200,357.060300
466.356,10,0.116656,1.153604,-0.117860,0.019670,0.950111,-0.285711,0.123576,33.214600,164.499700,357.723200
466.467,10,0.113245,1.131024,-0.125306,0.022503,0.950209,-0.287610,0.117804,33.496170,165.348500,358.282200
466.578,10,0.110901,1.114466,-0.131506,0.021311,0.949647,-0.290792,0.114703,33.861580,165.674700,358.189600
466.689,10,0.108496,1.093684,-0.138995,0.019118,0.949666,-0.290983,0.114448,33.852010,165.620200,357.909500
466.800,10,0.106329,1.072711,-0.145263,0.018659,0.949172,-0.293368,0.112517,34.132760,165.828800,357.881700
466.911,10,0.104569,1.053535,-0.151517,0.015935,0.948050,-0.297146,0.112480,34.541530,165.675100,357.451100
467.022,10,0.102843,1.036762,-0.157541,0.013637,0.947627,-0.298627,0.112426,34.683270,165.569000,357.121000
467.133,10,0.101570,1.020883,-0.162842,0.013254,0.945635,-0.304877,0.112464,35.421460,165.457900,356.939600
467.244,10,0.101207,1.007035,-0.167722,0.013566,0.944218,-0.309139,0.112703,35.933520,165.374800,356.880500
467.356,10,0.101429,0.996819,-0.172334,0.010978,0.943082,-0.312370,0.113579,36.276000,165.094400,356.426300
467.467,10,0.101152,0.984657,-0.178081,0.009961,0.941245,-0.317674,0.114202,36.890950,164.877100,356.142500
467.578,10,0.100728,0.976751,-0.182562,0.008989,0.940524,-0.319943,0.113888,37.147950,164.837800,355.973600
467.689,10,0.100152,0.968757,-0.187282,0.006543,0.939326,-0.323004,0.115297,37.468130,164.479600,355.505800
467.800,10,0.099408,0.964323,-0.190600,0.004969,0.939018,-0.323981,0.115139,37.559970,164.412100,355.276900
467.911,10,0.099199,0.958634,-0.193975,0.005422,0.938325,-0.326238,0.114398,37.841110,164.492100,355.317600
468.022,10,0.099065,0.951654,-0.196870,0.004801,0.938653,-0.325390,0.114144,37.730760,164.514900,355.266100
468.133,10,0.099459,0.936936,-0.200236,0.006322,0.938055,-0.326996,0.114401,37.946540,164.518600,355.421000
468.245,10,0.101374,0.920201,-0.203739,0.005589,0.936360,-0.331801,0.114491,38.509840,164.379500,355.197800
468.356,10,0.104100,0.913904,-0.205401,0.000182,0.935182,-0.334094,0.117539,38.676310,163.653700,354.251400
468.467,10,0.106573,0.928302,-0.204620,-0.004941,0.932621,-0.339014,0.123546,39.132950,162.458100,353.115200
468.578,10,0.105264,0.959855,-0.200050,-0.006317,0.933292,-0.336762,0.124569,38.830620,162.305300,352.944000
468.689,10,0.101622,1.018488,-0.185250,-0.009545,0.935879,-0.327427,0.129737,37.617510,161.671600,352.541200
468.800,10,0.097220,1.076446,-0.162377,-0.014615,0.937290,-0.320395,0.136461,36.628010,160.705600,351.772800
468.912,10,0.092611,1.132345,-0.132805,-0.019296,0.936339,-0.317819,0.147946,36.118920,159.012700,350.726400
469.024,10,0.087790,1.183936,-0.101297,-0.031512,0.941180,-0.297711,0.156702,33.402950,157.925800,349.466000
469.133,10,0.080349,1.239048,-0.064541,-0.036650,0.944004,-0.289345,0.154252,32.342490,158.296200,349.189800
469.245,10,0.071886,1.310561,-0.020015,-0.026812,0.949982,-0.272056,0.150998,30.583890,159.500700,351.105800
469.355,10,0.064883,1.378930,0.024751,-0.015514,0.956947,-0.243993,0.156460,27.524110,159.744800,353.132300
469.466,10,0.055576,1.450939,0.085746,-0.007655,0.951635,-0.257450,0.167487,29.171930,158.309500,353.370400
469.577,10,0.049604,1.497014,0.124201,-0.006579,0.953035,-0.241656,0.182437,27.271880,156.746400,353.493900
469.688,10,0.036952,1.526910,0.163581,0.000117,0.942380,-0.264817,0.204433,29.944680,153.602500,352.836500
469.799,10,0.019862,1.535797,0.182998,0.008483,0.934053,-0.282503,0.218327,32.103380,151.587100,352.708700
469.910,10,-0.009498,1.539431,0.196999,0.018173,0.924279,-0.300475,0.234718,34.331250,149.189600,352.522900
470.021,10,-0.036603,1.538335,0.202484,0.028573,0.919142,-0.306250,0.246117,35.242490,147.823000,353.092700
470.132,10,-0.057310,1.533670,0.202356,0.033439,0.914599,-0.313199,0.253567,36.147140,146.739000,353.053100
470.243,10,-0.069930,1.531964,0.200327,0.035908,0.910364,-0.322532,0.256751,37.277950,146.055900,352.762700
470.354,10,-0.075207,1.531716,0.198125,0.035780,0.908008,-0.323763,0.263474,37.359460,145.052700,352.363200
470.466,10,-0.078390,1.531914,0.195171,0.032962,0.903716,-0.327605,0.273652,37.601350,143.342600,351.308600
470.578,10,-0.078883,1.532607,0.192526,0.029908,0.900776,-0.329513,0.281299,37.622810,142.052200,350.443100
470.687,10,-0.077590,1.533407,0.189569,0.025837,0.898896,-0.331470,0.285387,37.637390,141.224600,349.615200
470.801,10,-0.074842,1.534303,0.189086,0.025068,0.898262,-0.329971,0.289165,37.394450,140.723800,349.425500
470.909,10,-0.071622,1.534191,0.189492,0.028699,0.897595,-0.329348,0.291598,37.443580,140.541800,349.803100
471.022,10,-0.069694,1.534124,0.189644,0.029443,0.898080,-0.327259,0.292381,37.230740,140.551900,349.983600
471.144,10,-0.069334,1.533160,0.187048,0.030305,0.898794,-0.326300,0.291168,37.171390,140.799800,350.206500
471.244,10,-0.068336,1.536210,0.184225,0.024904,0.902087,-0.313530,0.295497,35.477310,140.543500,350.074800
471.356,10,-0.067593,1.544187,0.182543,0.016245,0.908862,-0.283378,0.305620,31.670440,140.064900,350.280600
471.467,10,-0.069162,1.553061,0.184389,0.014151,0.912974,-0.258111,0.315684,28.700500,139.546400,351.006000
471.576,10,-0.071196,1.557960,0.186969,0.015140,0.914023,-0.247477,0.321072,27.524110,139.202000,351.489600
471.687,10,-0.073248,1.560660,0.187620,0.019183,0.913911,-0.242279,0.325115,27.085340,138.927600,352.093400
471.798,10,-0.070085,1.556602,0.181640,0.018230,0.915261,-0.243385,0.320515,27.207020,139.479500,352.073500
471.909,10,-0.056204,1.541561,0.162683,0.015910,0.920263,-0.257422,0.294275,28.891670,142.463900,351.975400
472.020,10,-0.033407,1.517472,0.137869,0.022591,0.925161,-0.273745,0.261974,31.221870,146.470300,353.174900
472.131,10,-0.008556,1.479101,0.108131,0.025556,0.930610,-0.278337,0.236305,32.013920,149.872800,354.316000
472.243,10,0.010824,1.425933,0.076439,0.033361,0.927111,-0.294503,0.229390,34.151240,150.644600,354.921700
472.353,10,0.027024,1.367991,0.036946,0.034523,0.923042,-0.308820,0.226787,35.857170,150.642400,354.595200
472.464,10,0.041140,1.306673,-0.004892,0.039645,0.921847,-0.308665,0.230981,35.972600,150.266600,355.073700
472.576,10,0.052727,1.256094,-0.037030,0.039076,0.920716,-0.307217,0.237428,35.751800,149.393200,354.773500
472.688,10,0.067271,1.192950,-0.070646,0.043828,0.917810,-0.306504,0.248515,35.761190,148.057900,354.917300
472.799,10,0.078052,1.145802,-0.091472,0.049308,0.912929,-0.318054,0.250940,37.262520,147.568600,354.983300
472.910,10,0.092442,1.091049,-0.114489,0.058545,0.909119,-0.323183,0.256181,38.142480,147.033900,355.687700
473.022,10,0.104060,1.049650,-0.132083,0.060178,0.906137,-0.324811,0.264181,38.348420,145.900500,355.424700
473.133,10,0.113547,1.015428,-0.146618,0.059892,0.903788,-0.321668,0.275882,37.914540,144.320200,354.966000
473.244,10,0.121529,0.984505,-0.158848,0.060141,0.899945,-0.326616,0.282496,38.451550,143.194600,354.409800
473.355,10,0.127003,0.963655,-0.168346,0.061919,0.897490,-0.330310,0.285610,38.922550,142.672000,354.280300
473.466,10,0.132142,0.940756,-0.178285,0.062778,0.895679,-0.332350,0.288725,39.168870,142.171700,354.117600
473.577,10,0.134916,0.925060,-0.184167,0.063482,0.893436,-0.337998,0.288963,39.840120,141.933700,353.876700
473.688,10,0.137417,0.909453,-0.190040,0.065614,0.892096,-0.340861,0.289264,40.249730,141.859100,353.973600
473.800,10,0.138067,0.899856,-0.193261,0.065639,0.890869,-0.344432,0.288811,40.662420,141.774200,353.794300
473.911,10,0.137446,0.890124,-0.195974,0.065050,0.889613,-0.348133,0.288377,41.065780,141.650600,353.523100
474.022,10,0.134348,0.892499,-0.195976,0.065908,0.886867,-0.356153,0.286841,42.030880,141.555300,353.241500
474.133,10,0.128840,0.921969,-0.193527,0.067347,0.886751,-0.358162,0.284353,42.337920,141.904500,353.455400
474.244,10,0.119830,0.984186,-0.185534,0.062726,0.893955,-0.341338,0.283546,40.229670,142.559800,353.877900
474.355,10,0.108377,1.058919,-0.170374,0.050151,0.904532,-0.311168,0.287197,36.279810,142.714600,353.732500
474.467,10,0.086833,1.169418,-0.136302,0.033872,0.914959,-0.271368,0.296753,31.110140,142.208900,353.354800
474.578,11,0.061608,1.258872,-0.099650,0.014950,0.927190,-0.229264,0.295860,25.720990,143.032200,353.118900
474.688,11,0.025891,1.360644,-0.032291,0.001071,0.933561,-0.201218,0.296605,22.106770,143.324900,352.722400
474.800,11,-0.003699,1.434840,0.038993,-0.002501,0.936112,-0.199411,0.289697,21.832390,144.171600,352.558800
474.911,11,-0.033088,1.493922,0.111572,-0.005798,0.937029,-0.205681,0.282203,22.469080,144.908000,352.103600
475.022,11,-0.060728,1.537312,0.178767,-0.003209,0.936821,-0.205409,0.283132,22.522420,144.850200,352.390000
475.133,11,-0.085350,1.557381,0.234276,0.006548,0.930588,-0.232943,0.282313,25.928270,144.489600,352.374700
475.244,11,-0.106669,1.568180,0.276409,0.013832,0.929385,-0.237925,0.281860,26.746530,144.597800,353.027000
475.355,11,-0.120546,1.567325,0.304768,0.021331,0.924358,-0.258706,0.279603,29.353890,144.522200,353.065400
475.465,11,-0.128822,1.562415,0.331443,0.027839,0.917553,-0.275306,0.285531,31.406930,143.418300,352.856900
475.576,11,-0.133318,1.557358,0.346562,0.034601,0.910756,-0.294924,0.286960,33.853100,142.783400,352.650400
475.687,11,-0.135275,1.554572,0.356253,0.034952,0.906110,-0.301992,0.294184,34.599730,141.535600,352.015300
475.798,11,-0.136156,1.553293,0.360543,0.036521,0.902128,-0.309448,0.298451,35.459210,140.702600,351.612300
475.909,11,-0.138637,1.556807,0.360656,0.033832,0.907959,-0.300525,0.290088,34.427110,142.121900,352.131400
476.021,11,-0.144034,1.564320,0.354049,0.024856,0.924590,-0.278968,0.258249,31.917640,146.888400,353.361800
476.132,11,-0.156754,1.572032,0.337016,0.017982,0.948260,-0.253320,0.190547,29.161930,156.209200,355.900000
476.243,11,-0.181459,1.583368,0.311091,0.005785,0.974489,-0.211717,0.074251,24.424360,171.010900,358.730900
476.355,11,-0.203043,1.591372,0.286780,-0.018032,0.981990,-0.186795,-0.021849,21.570780,182.229300,358.320800
476.466,11,-0.229123,1.599045,0.251463,-0.040871,0.976779,-0.164875,-0.130574,19.436700,194.845200,357.764300
476.577,11,-0.248061,1.602764,0.226502,-0.056036,0.966252,-0.148867,-0.202623,18.082970,203.226300,357.107900
476.689,11,-0.272549,1.605711,0.203718,-0.084764,0.940514,-0.133992,-0.300490,17.636900,214.699600,355.249900
476.800,11,-0.290101,1.607098,0.192257,-0.101458,0.907730,-0.123378,-0.387957,17.620480,225.457000,354.674300
476.911,11,-0.304786,1.607510,0.178487,-0.123170,0.852703,-0.121645,-0.492878,19.200170,239.130300,354.522700
477.023,11,-0.313786,1.605469,0.171590,-0.129474,0.771120,-0.103532,-0.614729,18.593690,256.405500,355.619600
477.134,11,-0.308840,1.599261,0.164286,-0.137518,0.668475,-0.095899,-0.724592,19.117160,274.155100,357.277500
477.245,11,-0.286753,1.593970,0.154725,-0.151714,0.550066,-0.081441,-0.817177,19.727680,291.750800,357.942000
477.356,11,-0.256033,1.594991,0.142399,-0.160166,0.444862,-0.075429,-0.877927,20.385750,306.145000,359.384900
477.467,11,-0.214164,1.596803,0.124077,-0.157510,0.344946,-0.061753,-0.923250,19.478000,319.082400,0.325864
477.578,11,-0.187593,1.594591,0.111547,-0.163155,0.288460,-0.047872,-0.942274,19.578130,325.917000,359.762200
477.688,11,-0.166785,1.591611,0.096710,-0.174319,0.247764,-0.047034,-0.951848,20.803060,330.855100,0.193548
477.799,11,-0.162028,1.589911,0.084454,-0.186489,0.248709,-0.047840,-0.949251,22.200280,330.612900,359.880000
477.910,11,-0.166195,1.594080,0.068881,-0.176022,0.276096,-0.035734,-0.944198,20.617760,327.069700,358.180500
478.022,11,-0.169004,1.612253,0.053245,-0.111759,0.308068,-0.004993,-0.944764,12.371440,323.501700,356.512100
478.133,11,-0.164611,1.630393,0.036979,-0.045798,0.306485,0.016957,-0.950622,4.397728,324.127700,356.532000
478.245,11,-0.162366,1.639053,0.020520,-0.016657,0.305414,0.024593,-0.951756,0.956039,324.390300,356.732600
478.356,11,-0.167492,1.636371,0.006982,-0.031454,0.323511,0.019021,-0.945510,2.703799,322.146500,356.767700
478.467,11,-0.178137,1.630097,-0.006286,-0.057645,0.355251,0.005149,-0.932978,5.964027,318.157400,357.085900
478.578,11,-0.181555,1.628752,-0.011086,-0.062124,0.364806,0.001349,-0.929008,6.571480,316.963300,357.240200
478.689,11,-0.181524,1.628226,-0.009665,-0.068721,0.368989,0.002796,-0.926886,7.199759,316.382200,356.770200
478.800,11,-0.179299,1.628091,-0.005675,-0.073984,0.372207,0.004947,-0.925183,7.655374,315.920800,356.284300
478.911,11,-0.176042,1.628596,0.000146,-0.075353,0.377117,0.009696,-0.923044,7.573389,315.268000,355.676400
479.022,11,-0.173220,1.630214,0.003995,-0.073772,0.381074,0.015361,-0.921469,7.137403,314.759900,355.112700
479.133,11,-0.170020,1.632443,0.006331,-0.068303,0.383890,0.023385,-0.920552,6.188387,314.427400,354.488000
479.245,11,-0.166427,1.635601,0.005825,-0.057189,0.385072,0.029305,-0.920647,4.745679,314.370500,354.356400
479.356,11,-0.161757,1.639773,0.004182,-0.038263,0.383420,0.036927,-0.922042,2.421106,314.722800,354.403300
479.467,11,-0.154314,1.644800,0.005194,-0.009230,0.371473,0.049526,-0.927076,358.872300,316.384600,354.335400
479.578,11,-0.149665,1.646223,0.010969,0.006177,0.361284,0.054516,-0.930841,357.082900,317.717000,354.424700
479.690,11,-0.144165,1.648338,0.026717,0.015442,0.352789,0.062424,-0.933491,355.820900,318.816500,353.919200
479.801,11,-0.141649,1.651074,0.049571,0.023523,0.349847,0.071178,-0.933803,354.621500,319.239200,353.281600
479.912,11,-0.140853,1.651371,0.080924,0.028374,0.350647,0.077823,-0.932837,353.828000,319.189000,352.760100
480.023,11,-0.141338,1.651107,0.122618,0.029762,0.350140,0.085541,-0.932309,353.373400,319.296800,351.975700
480.135,11,-0.144156,1.651151,0.166962,0.028277,0.344140,0.089271,-0.934237,353.438000,320.045800,351.471100
480.247,11,-0.149614,1.653997,0.229454,0.023835,0.346728,0.089528,-0.933379,353.881900,319.708800,351.288400
480.357,11,-0.152916,1.656507,0.279215,0.021726,0.349369,0.091820,-0.932222,353.992200,319.385700,350.974500
480.468,11,-0.156111,1.657121,0.338132,0.014098,0.350825,0.090107,-0.931989,354.865100,319.155000,350.868300
480.580,11,-0.160159,1.656801,0.377981,0.011899,0.359879,0.089659,-0.928605,355.030100,318.029300,350.877400
480.690,11,-0.170433,1.654425,0.420603,0.005264,0.381700,0.089665,-0.919912,355.518600,315.294100,350.709400
480.802,11,-0.183595,1.651724,0.447438,-0.007117,0.399062,0.084687,-0.912977,356.870300,313.032700,350.761000
480.912,11,-0.201273,1.651013,0.465386,-0.014013,0.409717,0.081166,-0.908486,357.647400,311.638600,350.845700
481.024,11,-0.225093,1.648654,0.475102,-0.019588,0.413659,0.074226,-0.907190,358.517700,311.088600,351.319100
481.136,11,-0.251286,1.646382,0.478763,-0.021854,0.412930,0.066110,-0.908097,359.145900,311.154800,352.060200
481.246,11,-0.292624,1.640949,0.480381,-0.021851,0.403526,0.054418,-0.913087,359.770000,312.328900,353.280300
481.357,11,-0.330786,1.636143,0.478195,-0.021457,0.396270,0.047925,-0.916631,0.077511,313.237100,353.980600
481.468,11,-0.389623,1.636170,0.472572,-0.020563,0.389331,0.038617,-0.920058,0.445079,314.108400,355.004700
481.579,11,-0.440528,1.635345,0.468067,-0.025576,0.387773,0.022856,-0.921117,1.684255,314.287400,356.447200
481.690,11,-0.503157,1.626361,0.463735,-0.051351,0.385820,0.001041,-0.921143,5.382283,314.434900,357.608600
481.801,11,-0.551835,1.611471,0.461253,-0.089311,0.388919,-0.025429,-0.916580,10.573760,313.892200,358.667800
481.911,11,-0.590828,1.603070,0.460316,-0.120955,0.397408,-0.041643,-0.908682,14.650230,312.600300,358.788500
482.023,11,-0.621612,1.599772,0.461736,-0.128318,0.404460,-0.047784,-0.904248,15.706810,311.660500,358.965400
482.133,11,-0.647722,1.598317,0.465013,-0.131770,0.421057,-0.051892,-0.895910,16.248700,309.501900,358.926600
482.245,11,-0.672127,1.602437,0.464235,-0.125566,0.483362,-0.044829,-0.865208,15.106740,301.273800,357.398900
482.356,11,-0.690871,1.613842,0.456706,-0.102287,0.589057,-0.016932,-0.801413,10.596810,286.860600,354.549400
482.468,11,-0.703843,1.635454,0.443344,-0.060574,0.748719,0.031875,-0.659344,1.842256,262.613300,352.368200
482.580,11,-0.704275,1.656484,0.439260,-0.027362,0.860241,0.077998,-0.503143,353.877200,241.034100,352.745100
482.691,11,-0.696034,1.670823,0.443990,-0.016617,0.929919,0.113063,-0.349558,348.541300,221.849600,353.558700
482.802,11,-0.682002,1.676941,0.452397,-0.016825,0.965597,0.129106,-0.225102,346.009900,206.903100,354.641600
482.912,11,-0.661337,1.680504,0.464845,-0.018137,0.982389,0.133392,-0.129577,345.085000,195.573500,355.833600
483.023,11,-0.632251,1.683929,0.481050,-0.016893,0.988424,0.139278,-0.057752,344.134600,187.098700,357.051400
483.134,11,-0.603234,1.683224,0.496706,-0.012966,0.989529,0.142861,-0.015952,343.601500,182.107300,358.194900
483.245,11,-0.561636,1.681065,0.517336,-0.009074,0.989572,0.142491,0.018991,343.599200,177.909100,359.250600
483.355,11,-0.524257,1.679317,0.534095,-0.008983,0.988740,0.143792,0.040445,343.436800,175.368600,359.633500
483.467,11,-0.471466,1.676234,0.555844,-0.009571,0.988317,0.141494,0.055842,343.695000,173.558800,359.814000
483.577,11,-0.428705,1.672666,0.572548,-0.007283,0.990113,0.129014,0.054576,345.151100,173.692600,359.979800
483.688,11,-0.378508,1.661972,0.591835,-0.014191,0.996169,0.078226,0.036424,350.973800,175.915300,358.690200
483.798,11,-0.347000,1.648417,0.603135,-0.018694,0.999605,0.014288,0.015342,358.330300,178.272200,357.882400
483.908,11,-0.316296,1.636745,0.613863,-0.029555,0.998699,-0.041005,-0.006775,4.720963,180.638600,356.636100
484.020,11,-0.299386,1.635137,0.620773,-0.034374,0.998205,-0.042967,-0.023649,5.014365,182.546500,356.167000
484.131,11,-0.283895,1.635245,0.627158,-0.034813,0.998123,-0.030710,-0.039943,3.674344,184.459700,356.147900
484.243,11,-0.275572,1.637861,0.632657,-0.027210,0.997492,-0.010595,-0.064469,1.412161,187.358500,356.965700
484.354,11,-0.273069,1.648125,0.639019,-0.015184,0.993649,0.042601,-0.103034,355.323300,191.931400,357.760100
484.466,11,-0.272964,1.657407,0.651142,-0.002449,0.984109,0.094271,-0.150454,349.350000,197.564900,358.064900
484.578,11,-0.273865,1.658494,0.659664,-0.004138,0.979255,0.105613,-0.172881,348.146300,200.295400,357.386800
484.689,11,-0.273756,1.656509,0.666945,-0.001710,0.979224,0.101077,-0.175787,348.617800,200.580800,357.726800
484.800,11,-0.267609,1.654550,0.667814,0.004170,0.983983,0.091943,-0.152666,349.501200,197.744700,358.842300
484.911,11,-0.244849,1.655011,0.669882,0.027013,0.991188,0.097042,-0.086020,348.637100,189.705500,2.154386
485.022,11,-0.210075,1.654737,0.682078,0.058114,0.991724,0.113998,-0.010556,346.859700,180.452300,6.655172
485.133,11,-0.174359,1.649702,0.696546,0.095348,0.987035,0.125066,0.032080,346.067900,174.846700,11.665430
485.245,11,-0.145458,1.641911,0.704178,0.115352,0.983515,0.121787,0.067536,347.057200,170.494800,14.459420
485.356,11,-0.135301,1.636793,0.698044,0.108028,0.985740,0.104062,0.076276,349.124400,169.861900,13.475860
485.466,11,-0.138639,1.622544,0.672180,0.087108,0.994047,0.020081,0.062288,358.334100,172.681400,10.122530
485.577,11,-0.142071,1.606377,0.642846,0.074026,0.993011,-0.067360,0.062553,8.223741,173.370600,8.049529
485.687,11,-0.142390,1.591079,0.600235,0.055261,0.986399,-0.137521,0.071071,16.209850,172.519700,5.346262
485.798,11,-0.141488,1.582253,0.562939,0.043373,0.982417,-0.167118,0.071047,19.543420,172.371700,3.740188
485.909,11,-0.138554,1.573138,0.506779,0.029737,0.978526,-0.191535,0.070125,22.272690,172.183900,1.940432
486.020,11,-0.134408,1.568037,0.449819,0.015675,0.978284,-0.193969,0.071346,22.442170,171.694500,0.185410
486.131,11,-0.131520,1.574975,0.385375,-0.013332,0.984618,-0.163036,0.061389,18.627770,172.405500,357.201100
486.243,11,-0.131301,1.586277,0.323851,-0.028946,0.987815,-0.148350,0.037102,16.914020,175.090000,355.912600
486.354,11,-0.129435,1.594628,0.279504,-0.037478,0.990381,-0.131964,0.018079,15.072120,177.287200,355.306800
486.466,11,-0.126865,1.604435,0.238663,-0.045590,0.991298,-0.119137,-0.032503,13.837200,183.163100,355.117500
486.577,11,-0.125683,1.614181,0.216092,-0.048326,0.989273,-0.096193,-0.098747,11.529120,190.947600,355.515100
486.688,11,-0.117121,1.618544,0.196448,-0.050435,0.974724,-0.068282,-0.206657,8.856304,203.625500,355.931800
486.800,11,-0.098238,1.617067,0.188751,-0.043230,0.953562,-0.050823,-0.293715,7.026011,214.053100,356.962600
486.911,11,-0.054123,1.618111,0.186674,-0.038844,0.914440,-0.019689,-0.402372,3.857108,227.394200,356.828600
487.023,11,-0.000051,1.627147,0.186338,-0.034438,0.875274,0.000271,-0.482399,1.876784,237.665000,356.526900
487.133,11,0.059411,1.637278,0.186063,-0.020285,0.843632,0.013997,-0.536356,359.893600,244.896600,357.177500
487.245,11,0.114503,1.640077,0.191085,-0.007262,0.806363,0.024209,-0.590881,358.254500,252.501200,357.688100
487.356,11,0.156720,1.641056,0.198944,-0.000204,0.770842,0.026697,-0.636466,357.656000,259.131600,358.032800
487.467,11,0.200639,1.641728,0.210354,0.006144,0.737178,0.034494,-0.674790,356.609200,265.003800,357.847500
487.578,11,0.226678,1.641277,0.218925,0.003778,0.717011,0.045030,-0.695596,355.995800,268.378000,356.711300
487.689,11,0.248761,1.639449,0.225372,0.005907,0.703148,0.049144,-0.709319,355.555600,270.637700,356.468700
487.800,11,0.255661,1.638538,0.225431,0.004561,0.708209,0.047723,-0.704373,355.755000,269.818300,356.506500
487.911,11,0.251039,1.637853,0.220822,0.004661,0.717810,0.044781,-0.694782,355.942000,268.245100,356.808500
488.023,11,0.233695,1.636593,0.211988,0.004716,0.727597,0.036233,-0.685031,356.606900,266.620900,357.543900
488.132,11,0.202685,1.634732,0.199843,0.001243,0.735669,0.025830,-0.676848,357.725500,265.268600,358.099500
488.244,11,0.157025,1.629478,0.186148,-0.010035,0.739978,0.013541,-0.672420,359.625000,264.529200,358.105300
488.355,11,0.104091,1.621823,0.174066,-0.023937,0.743738,0.002109,-0.668040,1.652905,263.829800,357.797000
488.466,11,0.019509,1.611248,0.158707,-0.041954,0.745563,-0.015206,-0.664940,4.500558,263.361500,357.566000
488.577,11,-0.054674,1.606804,0.147623,-0.056584,0.744152,-0.022382,-0.665234,6.234325,263.419200,356.860900
488.688,11,-0.146975,1.607323,0.135431,-0.082850,0.737046,-0.044669,-0.669256,10.180040,264.156900,356.368700
488.799,11,-0.206158,1.606747,0.127092,-0.094382,0.736151,-0.066304,-0.666916,12.915230,264.013700,357.028900
488.910,11,-0.269332,1.606321,0.117115,-0.111230,0.729977,-0.083896,-0.669122,15.743860,264.606100,357.015200
489.022,11,-0.318590,1.606381,0.106399,-0.113158,0.721709,-0.088996,-0.677060,16.360980,265.975600,357.442000
489.133,11,-0.368152,1.602786,0.090897,-0.112925,0.712021,-0.091870,-0.686901,16.616520,267.640300,357.930800
489.245,11,-0.419887,1.595806,0.069975,-0.110793,0.702962,-0.093999,-0.696228,16.644290,269.230800,358.512100
489.356,11,-0.467963,1.589951,0.045401,-0.108230,0.692776,-0.092719,-0.706930,16.349130,270.996900,358.873400
489.467,11,-0.535488,1.593876,0.008794,-0.101303,0.671248,-0.089024,-0.728862,15.496890,274.662400,359.629800
489.578,11,-0.589404,1.601484,-0.018486,-0.098128,0.651008,-0.095017,-0.746680,15.679400,277.947400,0.840873
489.689,11,-0.651469,1.598878,-0.044235,-0.105957,0.630447,-0.100182,-0.762413,16.731340,280.993200,1.146357
489.800,11,-0.699602,1.596484,-0.055700,-0.125462,0.609712,-0.108019,-0.775140,19.039670,283.771100,0.876994
489.911,11,-0.745667,1.595544,-0.057509,-0.131689,0.588304,-0.108140,-0.790483,19.598960,286.852600,0.974376
490.023,11,-0.791687,1.591712,-0.049557,-0.144359,0.566478,-0.108205,-0.804086,20.777900,289.788200,0.641019
490.134,11,-0.833103,1.588190,-0.034312,-0.150891,0.552939,-0.103613,-0.812868,21.093520,291.568400,0.097015
490.245,11,-0.882679,1.586375,0.001960,-0.164543,0.526291,-0.088928,-0.829479,21.504520,294.910900,358.419200
490.356,11,-0.917488,1.594803,0.042202,-0.154588,0.484882,-0.054821,-0.859062,18.588180,300.564700,356.629500
490.468,11,-0.950024,1.602295,0.094126,-0.148102,0.400920,-0.022634,-0.903779,16.609800,311.475000,355.340700
490.579,11,-0.965465,1.604920,0.128598,-0.145428,0.316256,-0.009177,-0.937416,16.168150,322.079700,355.534500
490.690,11,-0.987393,1.609255,0.161599,-0.152925,0.223323,0.001971,-0.962672,17.070790,333.229400,355.674600
490.801,11,-1.020179,1.605642,0.184040,-0.167032,0.174515,0.004490,-0.970374,18.820220,338.936400,355.940100
490.911,11,-1.059895,1.595048,0.200172,-0.197407,0.122832,0.005105,-0.972583,22.503220,344.882300,356.374100
491.023,11,-1.100015,1.588976,0.210918,-0.224201,0.054949,0.010754,-0.972933,25.790590,352.870700,357.099200
491.133,11,-1.135121,1.584901,0.224141,-0.237172,0.001598,0.014355,-0.971360,27.433170,359.360000,358.150500
491.244,11,-1.157845,1.582222,0.238208,-0.239975,-0.049981,0.019226,-0.969301,27.848710,5.690151,359.139200
491.355,11,-1.169352,1.579598,0.251115,-0.243269,-0.089687,0.022776,-0.965535,28.284790,10.608060,359.977500
491.465,11,-1.178365,1.577722,0.273181,-0.243674,-0.109960,0.029439,-0.963154,28.415750,12.974700,359.796800
491.576,11,-1.179453,1.576284,0.297053,-0.240045,-0.116182,0.032984,-0.963220,28.040530,13.629570,359.496000
491.688,11,-1.171559,1.571909,0.337537,-0.240959,-0.125222,0.039020,-0.961632,28.242180,14.597920,359.043900
491.798,11,-1.157794,1.566930,0.378773,-0.242724,-0.127320,0.048250,-0.960493,28.591070,14.588310,357.984600
491.910,11,-1.131370,1.562546,0.443803,-0.244825,-0.124192,0.061830,-0.959591,29.026920,13.766290,356.206400
492.021,11,-1.101088,1.564748,0.507891,-0.246976,-0.123149,0.072513,-0.958425,29.424460,13.290920,354.851200
492.132,11,-1.072358,1.566557,0.564709,-0.252089,-0.113560,0.073719,-0.958186,29.989360,12.025630,354.433200
492.244,11,-1.048238,1.571247,0.610737,-0.253454,-0.118356,0.082941,-0.956490,30.297210,12.329470,353.438100
492.355,11,-1.030108,1.578539,0.645791,-0.242971,-0.139155,0.080998,-0.956577,29.168750,15.058940,354.259400
492.465,11,-1.010456,1.581986,0.690343,-0.227362,-0.181850,0.085330,-0.952867,27.666630,20.333570,354.822400
492.577,11,-0.999125,1.580397,0.728605,-0.218866,-0.219501,0.088292,-0.946637,26.944940,25.013300,355.426700
492.688,11,-0.990301,1.579219,0.785377,-0.205647,-0.273584,0.089873,-0.935299,25.712740,31.801840,356.462400
492.799,11,-0.987224,1.581793,0.834867,-0.189895,-0.325628,0.088414,-0.922003,24.063370,38.377150,357.529100
492.911,11,-0.980423,1.603508,0.900303,-0.142998,-0.467451,0.077111,-0.868962,18.699840,56.552100,359.980400
493.013,11,-0.974825,1.621853,0.932364,-0.095366,-0.586904,0.049363,-0.802504,12.181290,72.563770,1.917829
493.121,11,-0.973618,1.635135,0.961172,-0.057578,-0.702059,0.023975,-0.709382,6.623992,89.561870,2.702275
493.239,11,-0.973446,1.640999,0.982387,-0.031886,-0.759853,0.010095,-0.649234,3.252944,99.035100,2.029043
493.354,11,-0.969430,1.640378,0.992495,-0.031552,-0.787328,0.015034,-0.615544,3.584278,104.018400,1.790051
493.461,11,-0.965266,1.638328,0.992876,-0.035455,-0.799073,0.025045,-0.599665,4.734995,106.290500,1.530897
493.564,11,-0.959418,1.641118,0.980251,-0.022729,-0.824308,0.031220,-0.564824,4.424524,111.166300,0.126674
493.673,11,-0.956211,1.640286,0.964679,-0.017702,-0.847447,0.038173,-0.529209,4.786056,116.007500,359.402100
493.781,11,-0.954129,1.642882,0.945695,-0.006003,-0.867138,0.036963,-0.496658,4.017860,120.342600,358.488900
493.890,11,-0.953933,1.645562,0.926836,0.004880,-0.879586,0.027758,-0.474905,2.533084,123.224800,357.995100
493.995,11,-0.954359,1.646902,0.901976,0.011437,-0.889940,0.030845,-0.454889,2.550196,125.790800,357.222000
494.102,11,-0.955929,1.647925,0.876244,0.016861,-0.898034,0.031640,-0.438463,2.409558,127.882200,356.670300
494.206,11,-0.962365,1.650850,0.839236,0.032360,-0.913099,0.025049,-0.405680,1.116730,132.045400,355.443900
494.312,11,-0.968095,1.652887,0.803948,0.042198,-0.922053,0.017940,-0.384338,0.037099,134.742700,354.743900
494.415,11,-0.971216,1.653627,0.762775,0.050108,-0.927743,0.010518,-0.369691,358.995400,136.597700,354.216700
494.520,11,-0.970313,1.652791,0.727296,0.050056,-0.927035,0.004771,-0.371588,358.375200,136.393200,354.468600
494.634,11,-0.964511,1.652796,0.687272,0.048460,-0.916558,0.000952,-0.396954,357.895200,133.260500,354.856600
494.745,11,-0.958196,1.652109,0.663910,0.046942,-0.905661,-0.004076,-0.421377,357.309400,130.207800,355.314800
494.848,11,-0.952907,1.651112,0.643205,0.037158,-0.902699,0.010011,-0.428548,359.210800,129.238700,355.660100
494.965,11,-0.947281,1.652050,0.633800,0.040005,-0.902674,0.013964,-0.428235,359.481300,129.261900,355.170800
495.065,11,-0.939649,1.650892,0.634119,0.040786,-0.901619,0.016112,-0.430302,359.653500,128.989200,354.985100
495.172,11,-0.930310,1.650046,0.640725,0.036706,-0.902634,0.016926,-0.428508,359.948400,129.211800,355.367200
495.284,11,-0.920577,1.651120,0.648926,0.031847,-0.903630,0.019655,-0.426676,0.478109,129.430800,355.737200
495.392,11,-0.914714,1.652642,0.655487,0.027807,-0.900447,0.022105,-0.433512,0.899497,128.552700,356.029000
495.503,11,-0.911339,1.654325,0.664459,0.023697,-0.884838,0.020655,-0.464838,0.832103,124.545300,356.494500
495.614,11,-0.912844,1.653915,0.673203,0.015738,-0.860531,0.018956,-0.508802,0.951710,118.789200,357.341500
495.725,11,-0.918547,1.651578,0.678944,0.003442,-0.835541,0.019277,-0.549080,1.629320,113.355800,358.456700
495.836,11,-0.928682,1.649969,0.685342,-0.001827,-0.818811,0.021899,-0.573642,2.175362,109.947400,358.730900
495.947,11,-0.947008,1.649855,0.702936,-0.001754,-0.811806,0.023339,-0.583459,2.289069,108.561200,358.601500
496.058,11,-0.963737,1.649698,0.723261,-0.000526,-0.813566,0.017900,-0.581196,1.704084,108.900400,358.856300
496.164,11,-0.983771,1.649783,0.752095,0.004571,-0.816362,0.012740,-0.577382,0.889435,109.449500,358.729200
496.271,11,-1.009025,1.648299,0.798025,0.013660,-0.819167,0.012937,-0.573247,0.317068,110.026000,357.867500
496.388,11,-1.027853,1.650938,0.832549,0.014720,-0.821316,0.013554,-0.570123,0.313956,110.460200,357.728500
496.505,11,-1.047082,1.650061,0.867193,0.018637,-0.825530,0.011852,-0.563926,359.916800,111.327200,357.470300
496.624,11,-1.068181,1.646765,0.897919,0.014755,-0.830313,0.015197,-0.556895,0.504420,112.289700,357.625500
496.727,11,-1.083724,1.647703,0.916033,0.019738,-0.829941,0.015001,-0.557301,0.166168,112.233600,357.163700
496.832,11,-1.093147,1.647560,0.925578,0.023276,-0.829591,0.016080,-0.557654,0.041248,112.180600,356.758100
496.935,11,-1.099301,1.647855,0.930576,0.025441,-0.830304,0.016438,-0.556487,359.941700,112.340100,356.529100
497.041,11,-1.101152,1.647809,0.932026,0.025536,-0.829340,0.015053,-0.557958,359.797900,112.142700,356.608700
497.144,11,-1.100968,1.648092,0.929470,0.023743,-0.829902,0.016728,-0.557153,0.074920,112.247100,356.672200
497.250,11,-1.098222,1.648281,0.922195,0.024036,-0.834836,0.014632,-0.549780,359.885500,113.269600,356.777000
497.353,11,-1.092716,1.648425,0.906682,0.024237,-0.845988,0.014866,-0.532443,359.962400,115.630600,356.741600
497.458,11,-1.087175,1.649718,0.884521,0.029948,-0.867456,0.013658,-0.496424,359.654000,120.448400,356.243400
497.562,11,-1.085277,1.651488,0.855400,0.028460,-0.906534,0.008975,-0.421076,359.559100,130.184200,356.608400
497.665,11,-1.087431,1.649977,0.834979,0.025679,-0.936557,0.010749,-0.349408,0.125491,139.077700,356.812100
497.767,11,-1.086465,1.649286,0.823485,0.022847,-0.948306,0.010799,-0.316351,0.345260,143.094300,357.124500
497.868,11,-1.082136,1.649302,0.814320,0.027399,-0.951661,0.006025,-0.305865,359.696700,144.373500,356.799200
497.971,11,-1.076488,1.648596,0.803381,0.028031,-0.955528,0.005893,-0.293506,359.702400,145.858100,356.730700
498.074,11,-1.065918,1.647038,0.787353,0.027588,-0.956009,0.009136,-0.291895,0.078115,146.040100,356.670200
498.175,11,-1.050978,1.645671,0.764218,0.025439,-0.952656,0.014992,-0.302613,0.754529,144.733200,356.700900
498.277,11,-1.037652,1.645338,0.740916,0.030070,-0.948811,0.017337,-0.313932,0.803304,143.357200,356.103500
498.378,11,-1.024106,1.644258,0.716144,0.031605,-0.946112,0.020490,-0.321642,1.056664,142.409200,355.813800
498.478,11,-1.008656,1.642901,0.689035,0.032529,-0.942146,0.026335,-0.332579,1.603655,141.050400,355.477900
498.580,11,-0.995283,1.642691,0.669914,0.033237,-0.932670,0.027950,-0.358106,1.623433,137.923900,355.293600
498.682,11,-0.984074,1.642712,0.652965,0.037346,-0.919851,0.027208,-0.389537,1.200964,134.042700,354.840900
498.791,11,-0.974253,1.642380,0.633263,0.039636,-0.905990,0.028892,-0.420448,1.089993,130.157800,354.483600
498.894,11,-0.969001,1.640388,0.616527,0.040137,-0.898700,0.033539,-0.435434,1.451371,128.224400,354.181200
498.999,11,-0.966698,1.637802,0.603126,0.041693,-0.895597,0.042172,-0.440897,2.222078,127.453700,353.572200
499.103,11,-0.964994,1.638501,0.594228,0.046339,-0.892881,0.043022,-0.445830,2.034930,126.808800,353.039300
499.209,11,-0.962820,1.637363,0.589200,0.046213,-0.887661,0.042343,-0.456213,1.891432,125.483600,353.065000
499.322,11,-0.960553,1.635769,0.584632,0.044827,-0.884488,0.049168,-0.461795,2.612166,124.697800,352.828500
499.433,11,-0.956408,1.634382,0.581229,0.042432,-0.880921,0.060537,-0.467454,3.840923,123.841400,352.435100
499.544,11,-0.948911,1.625714,0.579394,0.021077,-0.872086,0.097629,-0.479053,8.631999,121.866000,352.426800
499.655,11,-0.941913,1.617329,0.578851,-0.002355,-0.860052,0.129793,-0.493415,13.037020,119.477000,352.685500
499.767,11,-0.934652,1.609508,0.577529,-0.022411,-0.845688,0.153705,-0.510573,16.430850,116.727400,352.870100
499.868,11,-0.929864,1.606398,0.576949,-0.032065,-0.836697,0.161805,-0.522235,17.713350,114.973400,353.045400
499.971,11,-0.926403,1.603486,0.577422,-0.039353,-0.828190,0.167840,-0.533276,18.661590,113.309500,353.099600
500.075,11,-0.924112,1.601830,0.577304,-0.044268,-0.823860,0.171122,-0.538527,19.246900,112.507700,353.225600
500.183,11,-0.920861,1.600397,0.576703,-0.052568,-0.822368,0.172082,-0.539755,19.863290,112.380600,353.939100
500.287,11,-0.918887,1.596290,0.577649,-0.064445,-0.817143,0.183998,-0.542466,21.754060,111.722300,354.172500
500.391,11,-0.914710,1.593920,0.577992,-0.070172,-0.812323,0.187842,-0.547652,22.459860,110.893800,354.302900
500.497,11,-0.909479,1.592078,0.577564,-0.076332,-0.811129,0.194378,-0.546315,23.499060,110.924100,354.458800
500.602,11,-0.898456,1.587824,0.575883,-0.080144,-0.816689,0.206793,-0.532760,25.034650,112.505200,354.335100
500.709,11,-0.884735,1.582388,0.577357,-0.085819,-0.822921,0.220241,-0.516652,26.818060,114.432200,354.448800
500.815,11,-0.867536,1.578366,0.581489,-0.087936,-0.830275,0.224956,-0.502300,27.509200,116.386700,354.827100
500.921,11,-0.844623,1.573556,0.590207,-0.092907,-0.836879,0.230800,-0.487580,28.483220,118.395700,355.460700
501.026,11,-0.817329,1.576269,0.602183,-0.093070,-0.846123,0.232936,-0.470271,28.797870,120.834700,355.969800
501.129,11,-0.794849,1.579679,0.614600,-0.093108,-0.854905,0.227006,-0.457096,28.245800,122.944000,356.855100
501.232,11,-0.771839,1.577592,0.622416,-0.085036,-0.861757,0.227055,-0.445634,27.847620,124.413600,356.381400
501.335,11,-0.755932,1.574410,0.627456,-0.075617,-0.857317,0.234254,-0.452123,28.036660,123.053800,354.658400
501.438,11,-0.753114,1.570963,0.629365,-0.062995,-0.859546,0.237188,-0.448280,27.660140,123.245500,353.233500
501.542,11,-0.757588,1.573813,0.629044,-0.046409,-0.867874,0.234290,-0.435603,26.557780,124.817400,352.060000
501.645,11,-0.757258,1.576765,0.631504,-0.037215,-0.868106,0.232683,-0.436882,25.881020,124.530100,351.132000
501.748,11,-0.754950,1.581192,0.635973,-0.037143,-0.869533,0.224129,-0.438519,24.983140,124.617100,351.628000
501.851,11,-0.751997,1.584567,0.637154,-0.021037,-0.860422,0.222753,-0.457835,23.739920,121.738900,349.439400
501.955,11,-0.754032,1.588750,0.637696,-0.013989,-0.861777,0.217141,-0.458252,22.772660,121.787600,349.065500
502.058,11,-0.753546,1.595736,0.641242,-0.013912,-0.868611,0.194115,-0.455676,20.481200,122.937800,350.616200
502.161,11,-0.752840,1.598300,0.645039,0.012365,-0.843217,0.187042,-0.503832,17.636350,116.306000,347.311400
502.264,11,-0.756347,1.599610,0.644619,0.012059,-0.853466,0.182051,-0.488168,17.396060,118.620700,348.004700
502.366,11,-0.757887,1.600870,0.648322,0.018661,-0.853232,0.176160,-0.490525,16.397680,118.429100,347.681600
502.469,11,-0.756191,1.593933,0.653696,0.027104,-0.843398,0.205315,-0.495774,18.629650,116.587200,344.746900
502.571,11,-0.755476,1.589614,0.656781,0.051167,-0.839029,0.239340,-0.485931,20.603550,116.193700,340.109200
502.674,11,-0.756117,1.589881,0.657282,0.043997,-0.843970,0.229941,-0.482604,20.222120,117.167000,341.599100
502.778,11,-0.754747,1.587366,0.660371,0.041060,-0.845849,0.238656,-0.475285,21.389340,117.802100,341.443500
502.880,11,-0.749957,1.585821,0.665923,0.030218,-0.840074,0.238699,-0.486194,21.818440,116.433900,342.259500
502.984,11,-0.744665,1.580439,0.669128,0.003566,-0.836145,0.243392,-0.491538,23.798130,115.805300,344.453100
503.087,11,-0.740073,1.571810,0.669098,-0.026327,-0.839399,0.269825,-0.471074,28.540800,117.863300,346.168300
503.190,11,-0.736323,1.570550,0.666969,-0.047510,-0.850210,0.263711,-0.453147,29.437740,121.129600,349.533100
503.293,11,-0.731411,1.570811,0.667071,-0.050559,-0.847283,0.261936,-0.459288,29.360950,120.389000,349.760300
503.396,11,-0.730293,1.572567,0.664683,-0.048417,-0.846918,0.256157,-0.463433,28.604670,120.019200,349.803800
503.500,11,-0.731880,1.575281,0.656100,-0.041852,-0.843246,0.253530,-0.472131,27.845940,118.774900,348.993300
503.602,11,-0.737233,1.576733,0.645570,-0.036564,-0.851577,0.247632,-0.460606,27.093210,120.589400,349.263700
503.706,11,-0.741347,1.578029,0.638736,-0.043800,-0.858228,0.238291,-0.452486,26.657400,122.254000,350.957200
503.809,11,-0.745094,1.578845,0.632079,-0.041781,-0.857900,0.232309,-0.456393,25.895630,121.907300,351.023600
503.911,11,-0.747667,1.578790,0.626918,-0.039270,-0.855821,0.229016,-0.462148,25.359130,121.187500,350.800800
504.016,11,-0.748177,1.579644,0.622654,-0.036179,-0.854188,0.229877,-0.464985,25.236880,120.705800,350.328100
504.117,11,-0.746603,1.579799,0.620514,-0.033195,-0.855739,0.226588,-0.463968,24.746440,120.929500,350.272500
504.221,11,-0.744824,1.579003,0.620557,-0.025506,-0.858252,0.233729,-0.456205,25.117040,121.604200,349.212100
504.323,11,-0.744547,1.581416,0.621492,-0.022614,-0.865562,0.229895,-0.444341,24.713040,123.351300,349.524900
504.426,11,-0.745700,1.583165,0.622778,-0.024664,-0.873599,0.225459,-0.430565,24.529380,125.443700,350.442200
504.530,11,-0.749130,1.583985,0.625423,-0.026911,-0.880998,0.220806,-0.417568,24.301220,127.416200,351.355500
504.631,11,-0.751030,1.586257,0.626156,-0.022029,-0.883475,0.217263,-0.414469,23.712820,127.868500,351.130100
504.735,11,-0.754358,1.587857,0.628463,-0.019266,-0.887841,0.212989,-0.407434,23.197380,128.905700,351.280100
504.836,11,-0.757138,1.591116,0.630510,-0.019624,-0.889979,0.205551,-0.406573,22.447060,129.260200,351.775600
504.939,11,-0.758914,1.588647,0.630938,-0.017682,-0.890304,0.209079,-0.404144,22.741850,129.442100,351.425000
505.043,11,-0.760683,1.585676,0.632781,-0.025541,-0.890766,0.213158,-0.400559,23.591240,129.932000,352.143800
505.144,11,-0.761898,1.585922,0.637690,-0.025787,-0.889329,0.211623,-0.404530,23.407500,129.452500,352.149500
505.248,11,-0.762037,1.585292,0.645179,-0.039738,-0.877883,0.211301,-0.427895,23.891240,126.551400,353.023300
505.350,11,-0.752263,1.583718,0.657188,-0.061507,-0.854674,0.208449,-0.471486,24.476000,120.981300,354.234800
505.452,11,-0.730227,1.571851,0.666749,-0.097529,-0.818994,0.221126,-0.520424,27.627020,114.011500,355.442000
505.555,11,-0.700630,1.552678,0.679275,-0.135506,-0.775291,0.246448,-0.565532,32.371270,106.429000,355.338800
505.668,11,-0.665189,1.519600,0.697232,-0.186462,-0.732219,0.292089,-0.586320,40.270650,100.712400,354.777300
505.781,11,-0.651313,1.496119,0.702027,-0.207642,-0.730212,0.336196,-0.557357,46.257180,102.754700,354.063000
505.895,11,-0.652886,1.495594,0.696720,-0.198398,-0.759641,0.340159,-0.517568,46.233610,109.669700,355.797700
505.997,11,-0.658910,1.509617,0.690933,-0.170859,-0.787628,0.313456,-0.502189,41.711610,113.620100,356.491700
506.099,11,-0.668323,1.530335,0.689296,-0.132969,-0.808444,0.268680,-0.506506,34.689190,114.618300,356.012500
506.200,11,-0.677199,1.547079,0.690751,-0.105260,-0.816135,0.225920,-0.521349,28.588510,113.797700,355.836300
506.312,11,-0.689074,1.565015,0.686178,-0.053521,-0.831819,0.186902,-0.519885,21.505190,114.754100,353.501600
506.424,11,-0.696859,1.573063,0.683558,-0.029091,-0.835572,0.171349,-0.521165,18.461660,114.812500,352.123400
506.525,11,-0.700416,1.572323,0.682860,-0.030022,-0.833939,0.180044,-0.520797,19.363580,114.598500,351.622200
506.626,11,-0.701780,1.568952,0.683167,-0.041999,-0.831771,0.193491,-0.518608,21.434790,114.581400,351.920500
506.738,11,-0.698397,1.569775,0.680566,-0.049974,-0.832001,0.194359,-0.517206,22.030910,114.842400,352.693500
506.851,11,-0.693041,1.571631,0.682350,-0.032041,-0.832058,0.174143,-0.525668,18.873450,114.121100,352.117800
506.964,11,-0.690072,1.562867,0.685150,-0.058409,-0.824287,0.200831,-0.526123,23.113040,113.430700,352.815100
507.077,11,-0.688107,1.563862,0.686803,-0.065904,-0.824453,0.192440,-0.528110,22.763270,113.530000,354.112200
507.177,11,-0.689333,1.565342,0.690323,-0.070093,-0.818795,0.200216,-0.533456,23.744250,112.526100,353.801800
507.289,11,-0.694321,1.571264,0.692129,-0.071767,-0.823698,0.182363,-0.532085,22.135440,113.358300,355.303900
507.404,11,-0.695228,1.566033,0.692812,-0.077711,-0.825487,0.195699,-0.523674,23.858800,114.202900,355.191300
507.515,11,-0.693187,1.564872,0.694621,-0.069300,-0.826332,0.209049,-0.518336,24.666040,114.389000,353.543700
507.627,11,-0.693070,1.568111,0.700713,-0.064938,-0.814954,0.198544,-0.540568,23.192080,111.489900,353.201600
507.739,11,-0.694870,1.570715,0.703444,-0.061763,-0.812880,0.193825,-0.545750,22.490330,110.871600,353.090700
507.850,11,-0.698167,1.572910,0.706389,-0.062648,-0.814575,0.186267,-0.545754,21.828950,111.148300,353.738300
507.962,11,-0.701304,1.576475,0.709963,-0.059411,-0.815284,0.178117,-0.547774,20.825270,111.097300,353.965300
508.072,11,-0.703663,1.580572,0.714514,-0.058227,-0.812781,0.167334,-0.554974,19.672330,110.385700,354.449300
508.184,11,-0.706055,1.583248,0.718099,-0.053543,-0.811925,0.162496,-0.558127,18.883000,110.036400,354.271700
508.295,11,-0.707387,1.584080,0.720210,-0.053725,-0.811157,0.159064,-0.560211,18.556890,109.838500,354.488000
508.406,11,-0.709243,1.583974,0.721474,-0.056746,-0.809863,0.159760,-0.561587,18.814330,109.642800,354.694500
508.516,11,-0.712112,1.585342,0.722306,-0.059461,-0.807676,0.156119,-0.565466,18.628640,109.207300,355.126300
508.628,11,-0.708221,1.589243,0.725823,-0.051552,-0.808424,0.138637,-0.569712,16.433090,109.009200,355.538300
508.739,11,-0.705301,1.589996,0.730723,-0.058040,-0.800820,0.125081,-0.582816,15.544500,107.478400,356.856000
508.849,11,-0.705207,1.590231,0.732327,-0.059034,-0.800911,0.124380,-0.582740,15.547590,107.511500,357.001200
508.960,11,-0.707699,1.589978,0.730971,-0.058254,-0.803780,0.127499,-0.578177,15.802630,108.098600,356.795500
509.071,11,-0.710630,1.590822,0.730036,-0.054073,-0.803895,0.128518,-0.578198,15.614260,108.045600,356.328100
509.182,11,-0.714507,1.591277,0.727473,-0.050939,-0.806132,0.129083,-0.575233,15.469200,108.442200,356.050700
509.288,11,-0.717679,1.591813,0.724637,-0.045992,-0.809640,0.129952,-0.570509,15.242600,109.072100,355.612900
509.401,11,-0.721753,1.593184,0.722318,-0.040725,-0.813483,0.128634,-0.565721,14.795010,109.757100,355.296400
509.512,11,-0.726668,1.593405,0.720286,-0.040262,-0.818125,0.126981,-0.559398,14.644270,110.694100,355.483600
509.623,11,-0.729685,1.593078,0.717293,-0.038398,-0.823524,0.128835,-0.551121,14.745240,111.812500,355.328200
509.735,11,-0.730927,1.592861,0.714708,-0.035322,-0.827041,0.130755,-0.545581,14.762970,112.528100,355.001700
509.847,11,-0.731333,1.592559,0.714351,-0.035570,-0.826685,0.129994,-0.546286,14.701900,112.448200,355.064500
509.959,11,-0.727673,1.593489,0.716182,-0.035541,-0.818019,0.124593,-0.560409,14.103510,110.574800,355.179600
510.072,11,-0.727718,1.594232,0.717341,-0.037658,-0.800010,0.115157,-0.587626,13.209420,106.891300,355.576700
510.184,11,-0.736481,1.592955,0.711833,-0.039336,-0.802702,0.126443,-0.581493,14.402940,107.531000,355.030600
510.295,11,-0.745720,1.591284,0.703843,-0.035133,-0.821574,0.148762,-0.549229,16.441140,111.559100,353.674000
510.407,11,-0.755142,1.592296,0.689516,-0.000059,-0.852892,0.175201,-0.491813,17.392270,118.466200,349.602100
510.513,11,-0.758750,1.595166,0.679387,0.010255,-0.868689,0.163412,-0.467516,15.921420,121.990200,349.780600
510.627,11,-0.759220,1.596353,0.672415,0.020268,-0.865656,0.157672,-0.474730,14.698690,121.094000,348.986200
510.727,11,-0.762371,1.597412,0.663750,0.005185,-0.880456,0.148663,-0.450189,14.898870,124.722900,351.491400
510.840,11,-0.763564,1.592693,0.652046,0.006332,-0.884028,0.166352,-0.436786,16.773410,126.023100,350.591600
510.944,11,-0.764861,1.578947,0.636870,0.022589,-0.878775,0.217934,-0.423969,21.338390,125.849600,346.053400
511.045,11,-0.767302,1.568190,0.624143,0.016351,-0.877018,0.259697,-0.403893,26.251340,126.928800,344.580700
511.152,11,-0.765198,1.564635,0.609011,0.023018,-0.871997,0.272985,-0.405673,27.220060,125.930300,342.889800
511.262,11,-0.763932,1.561056,0.595886,0.021781,-0.864970,0.288863,-0.409770,28.807240,124.578000,341.749600
511.364,11,-0.763823,1.560603,0.582059,0.024256,-0.863357,0.289553,-0.412535,28.682940,124.108300,341.333600
511.472,11,-0.765660,1.561310,0.561538,0.025283,-0.860069,0.287647,-0.420597,28.263260,123.078100,341.089200
511.574,11,-0.767559,1.563367,0.536157,0.024887,-0.853730,0.288369,-0.432862,28.088410,121.346900,340.661900
511.683,11,-0.770877,1.567243,0.511657,0.019072,-0.849208,0.286625,-0.443089,28.028240,120.125900,341.068000
511.792,11,-0.774090,1.573838,0.482765,0.016783,-0.847740,0.272464,-0.454774,26.531610,119.303200,342.013500
511.901,11,-0.774194,1.576862,0.457549,0.017231,-0.840460,0.265556,-0.472027,25.474610,117.248800,341.953900
512.003,11,-0.770796,1.574322,0.439587,0.012045,-0.826360,0.270729,-0.493650,25.820130,113.993100,341.394500
512.112,11,-0.763896,1.566464,0.420089,0.004469,-0.809469,0.282279,-0.514838,26.897220,110.376500,340.486700
512.213,11,-0.756113,1.559679,0.404470,-0.005056,-0.797243,0.297741,-0.525099,28.688940,108.011100,339.680500
512.321,11,-0.747208,1.556416,0.389021,-0.007352,-0.787620,0.305277,-0.535170,29.258680,106.022200,338.822500
512.423,11,-0.738676,1.554572,0.375160,-0.009689,-0.783879,0.312030,-0.536728,29.972830,105.336800,338.338300
512.525,11,-0.732279,1.552783,0.366395,-0.014189,-0.779771,0.315604,-0.540509,30.499900,104.551700,338.267100
512.626,11,-0.726601,1.551504,0.360189,-0.018266,-0.775312,0.318249,-0.545230,30.890720,103.675400,338.198200
512.728,11,-0.721809,1.551264,0.359351,-0.024265,-0.769561,0.318458,-0.552966,31.129960,102.524400,338.419300
512.828,11,-0.718294,1.550732,0.360857,-0.032245,-0.765134,0.316919,-0.559547,31.403100,101.690200,339.040000
512.931,11,-0.716199,1.549428,0.363630,-0.038943,-0.759812,0.316241,-0.566711,31.648490,100.673000,339.418800
513.045,11,-0.715448,1.549052,0.367422,-0.042163,-0.751305,0.317430,-0.577063,31.710970,98.958680,339.134800
513.158,11,-0.715359,1.549189,0.368337,-0.044982,-0.749642,0.315809,-0.579895,31.712450,98.652020,339.434500
513.270,11,-0.714795,1.547959,0.367519,-0.048645,-0.750484,0.316058,-0.578373,32.050200,98.903830,339.806200
513.371,11,-0.714125,1.546753,0.366801,-0.049583,-0.749495,0.317697,-0.578677,32.249710,98.732690,339.703600
513.473,11,-0.713541,1.546016,0.366084,-0.050349,-0.747485,0.320670,-0.579571,32.530860,98.357040,339.415000
513.584,11,-0.713393,1.546559,0.365926,-0.049430,-0.746935,0.320743,-0.580318,32.446970,98.223840,339.290500
513.698,11,-0.713932,1.546622,0.364672,-0.048277,-0.747546,0.321125,-0.579416,32.415600,98.330760,339.187200
513.810,11,-0.713922,1.545722,0.362376,-0.047989,-0.747834,0.323160,-0.577936,32.602580,98.403620,339.010500
513.923,11,-0.712487,1.545050,0.362173,-0.049698,-0.744626,0.325546,-0.580587,32.855900,97.791070,338.783500
514.024,11,-0.709192,1.544077,0.363991,-0.054261,-0.740595,0.325475,-0.585356,33.066690,97.049510,338.975000
514.137,11,-0.703480,1.542217,0.370812,-0.059828,-0.735119,0.328827,-0.589825,33.643990,96.065030,338.882000
514.237,11,-0.695945,1.542412,0.380658,-0.061315,-0.732383,0.329024,-0.592957,33.687130,95.537260,338.838300
514.348,11,-0.683815,1.543110,0.398659,-0.061810,-0.738407,0.324028,-0.588167,33.452030,96.754490,339.669400
514.459,11,-0.671483,1.547108,0.417964,-0.058964,-0.745757,0.317212,-0.582878,32.810630,98.157670,340.406500
514.571,11,-0.653621,1.554642,0.444093,-0.053963,-0.758152,0.302715,-0.575029,31.403950,100.491200,341.818900
514.682,11,-0.638363,1.556440,0.467584,-0.055383,-0.772890,0.292804,-0.560214,30.974970,103.548000,343.573700
514.793,11,-0.626918,1.552897,0.492893,-0.056451,-0.780458,0.290022,-0.550987,30.991280,105.189000,344.334000
514.904,11,-0.618750,1.547683,0.515933,-0.060207,-0.787815,0.290989,-0.539489,31.564080,106.960400,345.098900
515.015,11,-0.612512,1.547212,0.531263,-0.065075,-0.790479,0.291150,-0.534920,31.999750,107.724700,345.760300
515.127,11,-0.603090,1.550131,0.542928,-0.066509,-0.789629,0.283918,-0.539865,31.345030,107.433600,346.351900
515.238,11,-0.595925,1.549749,0.549189,-0.069658,-0.781234,0.282133,-0.552470,31.184210,105.620400,346.280400
515.349,11,-0.588019,1.551822,0.552707,-0.074722,-0.768134,0.276872,-0.572476,30.723950,102.853000,346.394900
515.460,11,-0.583374,1.551496,0.553608,-0.075793,-0.759017,0.277223,-0.584206,30.623320,100.966400,345.953900
515.567,11,-0.579172,1.549545,0.552793,-0.079170,-0.749712,0.284586,-0.592179,31.364470,99.210370,345.184500
515.679,11,-0.576600,1.548310,0.550958,-0.082207,-0.749047,0.284342,-0.592722,31.562180,99.161090,345.460000
515.790,11,-0.576081,1.545671,0.549033,-0.088005,-0.748813,0.289908,-0.589481,32.542710,99.348210,345.575600
515.901,11,-0.575895,1.542511,0.548455,-0.094020,-0.751991,0.294284,-0.582294,33.510700,100.270600,346.028000
516.012,11,-0.576534,1.538554,0.547788,-0.096978,-0.756313,0.298864,-0.573818,34.288750,101.366100,346.255900
516.124,11,-0.577416,1.533418,0.547834,-0.104333,-0.759987,0.307849,-0.562817,35.828660,102.604900,346.596600
516.234,11,-0.579012,1.530431,0.546808,-0.106785,-0.762786,0.312067,-0.556210,36.503380,103.415000,346.749600
516.346,11,-0.580978,1.527117,0.543808,-0.107519,-0.768671,0.316808,-0.545176,37.176720,104.896600,346.933400
516.457,11,-0.581834,1.524931,0.541998,-0.109875,-0.770345,0.320717,-0.540035,37.792070,105.486800,347.048600
516.568,11,-0.582694,1.523012,0.539776,-0.109311,-0.769301,0.325043,-0.539050,38.167300,105.306400,346.596900
516.681,11,-0.583306,1.522302,0.537962,-0.108863,-0.768636,0.326925,-0.538950,38.309980,105.167700,346.360000
516.794,11,-0.583606,1.522371,0.536865,-0.108273,-0.767124,0.326129,-0.541698,38.145870,104.763300,346.228700
516.906,11,-0.583939,1.522990,0.536824,-0.108313,-0.763390,0.327688,-0.546009,38.212940,103.917900,345.820400
517.010,11,-0.585264,1.523914,0.534924,-0.106249,-0.762895,0.327571,-0.547174,38.030270,103.703100,345.564500
517.124,11,-0.587085,1.524132,0.531502,-0.103551,-0.764868,0.330307,-0.543278,38.155420,104.094700,345.228200
517.236,11,-0.588825,1.524341,0.530418,-0.102022,-0.766913,0.330891,-0.540321,38.154140,104.518200,345.183400
517.349,11,-0.592067,1.525353,0.531603,-0.099441,-0.764775,0.332452,-0.542869,38.058680,103.929100,344.617900
517.462,11,-0.595347,1.526243,0.532791,-0.098654,-0.766873,0.331114,-0.540867,37.920170,104.360300,344.797500
517.574,11,-0.597942,1.527523,0.534625,-0.096025,-0.768341,0.328508,-0.540845,37.494260,104.536000,344.818000
517.680,11,-0.600669,1.528617,0.538440,-0.094920,-0.768022,0.327174,-0.542301,37.265100,104.386400,344.770900
517.792,11,-0.603290,1.530692,0.542433,-0.092387,-0.766942,0.324329,-0.545962,36.752780,103.973300,344.625100
517.906,11,-0.605135,1.532191,0.545531,-0.089226,-0.766291,0.322287,-0.548605,36.287090,103.657600,344.392300
518.019,11,-0.606140,1.532694,0.546967,-0.087657,-0.766644,0.322060,-0.548499,36.154900,103.672600,344.270100
518.130,11,-0.607369,1.533184,0.548414,-0.086042,-0.765683,0.321945,-0.550161,35.993230,103.388600,344.039200
518.242,11,-0.608195,1.533551,0.549327,-0.083831,-0.765346,0.321075,-0.551478,35.727420,103.213700,343.849500
518.352,11,-0.609132,1.533612,0.548172,-0.081917,-0.766913,0.321292,-0.549459,35.649560,103.502600,343.747100
518.458,11,-0.609860,1.532899,0.547795,-0.081311,-0.766946,0.322092,-0.549035,35.685710,103.501700,343.627100
518.571,11,-0.610393,1.531974,0.545956,-0.079960,-0.767613,0.323824,-0.547279,35.779290,103.635100,343.406200
518.684,11,-0.610828,1.530943,0.545033,-0.079715,-0.767564,0.327655,-0.545099,36.149800,103.683700,343.092600
518.797,11,-0.610736,1.530562,0.543578,-0.078518,-0.768693,0.328655,-0.543076,36.196180,103.917900,342.976700
518.908,11,-0.609615,1.529252,0.543183,-0.080190,-0.768281,0.331792,-0.541506,36.631440,103.943500,342.888600
519.014,11,-0.608262,1.528481,0.542722,-0.080272,-0.767637,0.333103,-0.541601,36.752160,103.822100,342.751500
519.128,11,-0.606669,1.527485,0.542216,-0.081433,-0.767983,0.334798,-0.539891,37.025290,103.978800,342.774000
519.242,11,-0.604634,1.527358,0.542992,-0.081984,-0.765874,0.335753,-0.542204,37.099030,103.527700,342.599900
519.349,11,-0.603440,1.527002,0.543657,-0.082543,-0.765287,0.336080,-0.542746,37.156530,103.418900,342.589400
519.463,11,-0.602332,1.526657,0.544188,-0.083130,-0.764808,0.336806,-0.542882,37.260750,103.343500,342.559900
519.570,11,-0.601401,1.526695,0.545009,-0.082842,-0.764432,0.336328,-0.543750,37.177830,103.236700,342.536800
519.683,11,-0.600898,1.527315,0.545552,-0.082657,-0.765631,0.335346,-0.542697,37.100700,103.489300,342.682400
519.796,11,-0.600533,1.528495,0.545802,-0.082849,-0.767418,0.333398,-0.541343,36.970920,103.874900,342.983700
519.908,11,-0.600201,1.528688,0.545742,-0.081847,-0.768925,0.332960,-0.539624,36.896780,104.178700,343.025300
520.015,11,-0.599823,1.528333,0.545410,-0.081641,-0.769081,0.333506,-0.539094,36.942400,104.218000,342.975300
520.129,11,-0.600201,1.527898,0.545080,-0.082097,-0.768834,0.334483,-0.538773,37.069680,104.196900,342.932500
520.242,11,-0.600286,1.527772,0.545209,-0.082762,-0.768274,0.334691,-0.539341,37.123970,104.096000,342.944400
520.349,11,-0.600447,1.527707,0.545257,-0.082256,-0.768109,0.333861,-0.540166,36.995120,104.021900,342.939600
520.463,11,-0.601070,1.527658,0.545121,-0.082620,-0.767825,0.334649,-0.540027,37.095010,103.984900,342.898000
520.575,11,-0.601766,1.527901,0.545234,-0.081737,-0.768026,0.333775,-0.540416,36.944340,103.980900,342.885100
520.683,11,-0.602508,1.527662,0.544911,-0.081967,-0.768038,0.334303,-0.540038,37.016510,104.002700,342.871200
520.797,11,-0.603178,1.527681,0.544523,-0.081767,-0.768401,0.334234,-0.539595,37.005600,104.078200,342.882800
520.904,11,-0.603535,1.527332,0.544277,-0.082016,-0.767937,0.334941,-0.539779,37.082720,103.993300,342.821400
521.017,11,-0.603751,1.527437,0.544030,-0.081556,-0.767734,0.335097,-0.540041,37.057600,103.931300,342.745800
521.130,11,-0.604087,1.527424,0.544010,-0.081537,-0.767523,0.335172,-0.540296,37.057180,103.882900,342.722100
521.237,11,-0.604249,1.527540,0.543603,-0.081141,-0.767855,0.335232,-0.539846,37.043890,103.946400,342.701400
521.350,11,-0.604670,1.527641,0.543463,-0.080914,-0.768217,0.334632,-0.539737,36.976330,104.010500,342.749700
521.464,11,-0.604760,1.527469,0.543077,-0.081121,-0.767810,0.335150,-0.539965,37.032480,103.933400,342.701900
521.571,11,-0.605318,1.527474,0.543129,-0.080813,-0.767867,0.335068,-0.539981,37.002510,103.933500,342.680000
521.685,11,-0.605586,1.527043,0.543294,-0.081490,-0.767825,0.335866,-0.539443,37.134690,103.964900,342.688800
521.792,11,-0.606413,1.526791,0.543266,-0.081258,-0.767976,0.335903,-0.539240,37.125690,103.992000,342.673200
521.906,11,-0.606678,1.527021,0.542918,-0.080421,-0.767834,0.335990,-0.539513,37.066740,103.928600,342.567800
522.019,11,-0.607441,1.526602,0.542717,-0.081258,-0.767967,0.337083,-0.538516,37.247210,104.012900,342.585200
522.127,11,-0.607808,1.526843,0.542550,-0.080129,-0.768041,0.336977,-0.538645,37.153050,103.985100,342.479900
522.241,11,-0.608188,1.526690,0.542421,-0.080167,-0.768038,0.337392,-0.538385,37.198620,103.993700,342.452800
522.348,11,-0.608025,1.526990,0.542249,-0.079110,-0.768792,0.336101,-0.538272,37.009600,104.104700,342.495100
522.448,11,-0.608141,1.526517,0.542410,-0.079858,-0.768250,0.337991,-0.537751,37.244030,104.043500,342.392300
522.557,11,-0.608280,1.526038,0.542650,-0.080884,-0.767869,0.338542,-0.537796,37.366390,104.004300,342.430200
522.671,11,-0.608828,1.526073,0.542876,-0.081362,-0.767823,0.338946,-0.537534,37.442980,104.020000,342.447100
522.779,11,-0.609299,1.525500,0.543127,-0.082078,-0.767437,0.339738,-0.537477,37.566750,103.972800,342.434000
522.892,11,-0.609779,1.524604,0.542681,-0.081783,-0.767579,0.341609,-0.536132,37.742760,104.031900,342.275200
523.006,11,-0.610933,1.524394,0.542035,-0.080552,-0.769369,0.341958,-0.533524,37.744110,104.413600,342.260300
523.107,11,-0.612035,1.525034,0.541977,-0.079319,-0.770851,0.340305,-0.532625,37.527670,104.682200,342.367700
523.208,11,-0.612929,1.525502,0.542000,-0.078374,-0.771453,0.339214,-0.532590,37.362620,104.765200,342.394400
523.321,11,-0.613457,1.525571,0.541909,-0.078012,-0.771846,0.339052,-0.532176,37.331430,104.841000,342.398700
523.435,11,-0.613458,1.525852,0.542078,-0.077535,-0.771612,0.338836,-0.532723,37.265500,104.762800,342.345700
523.549,11,-0.613061,1.525992,0.542457,-0.078057,-0.771151,0.339198,-0.533084,37.327320,104.681200,342.338400
523.650,11,-0.612574,1.526445,0.542955,-0.078714,-0.770915,0.338621,-0.533694,37.309070,104.638900,342.431900
523.764,11,-0.612064,1.526731,0.543407,-0.078898,-0.770725,0.338577,-0.533970,37.312160,104.600100,342.439700
523.877,11,-0.611322,1.526731,0.543656,-0.079470,-0.770524,0.338281,-0.534362,37.318040,104.568700,342.506300
523.990,11,-0.610627,1.526770,0.544529,-0.080005,-0.770220,0.338196,-0.534774,37.339750,104.516000,342.545600
524.090,11,-0.609986,1.526243,0.544585,-0.081147,-0.770291,0.339463,-0.533697,37.559600,104.603300,342.579300
524.190,11,-0.609465,1.525633,0.545236,-0.081628,-0.769718,0.339194,-0.534620,37.549600,104.481300,342.605200
524.291,11,-0.609073,1.525005,0.545080,-0.081920,-0.769945,0.339398,-0.534119,37.600050,104.550700,342.639100
524.404,11,-0.609183,1.524569,0.545466,-0.082487,-0.769555,0.339434,-0.534571,37.634040,104.481700,342.666100
524.518,11,-0.608863,1.524418,0.545441,-0.082676,-0.769626,0.339215,-0.534579,37.627900,104.501400,342.707900
524.631,11,-0.608486,1.524446,0.545379,-0.082488,-0.769909,0.338392,-0.534721,37.537390,104.543900,342.770500
524.732,11,-0.608303,1.524972,0.545520,-0.082549,-0.770674,0.335960,-0.535144,37.313970,104.676500,343.014600
524.833,11,-0.607860,1.525803,0.545601,-0.081506,-0.771989,0.332558,-0.535533,36.924330,104.874700,343.253300
524.946,11,-0.607273,1.526273,0.545024,-0.080445,-0.773436,0.329911,-0.535242,36.615760,105.118800,343.443400
525.059,11,-0.606121,1.526861,0.544259,-0.080209,-0.774919,0.326910,-0.534974,36.333020,105.395400,343.747200
525.172,11,-0.602830,1.525574,0.541854,-0.079463,-0.776229,0.328340,-0.532304,36.464960,105.705100,343.664900
525.273,11,-0.599473,1.522732,0.538912,-0.080348,-0.775629,0.336157,-0.528150,37.325170,105.769600,343.154700
525.375,11,-0.594014,1.518132,0.534673,-0.085171,-0.773715,0.346261,-0.523655,38.683320,105.741400,342.798900
525.487,11,-0.587334,1.511875,0.526806,-0.091046,-0.771040,0.359081,-0.517946,40.394360,105.660600,342.298600
525.588,11,-0.580609,1.508968,0.516233,-0.094417,-0.768898,0.364242,-0.516923,41.127910,105.416400,342.111000
525.690,11,-0.574547,1.508181,0.503420,-0.096553,-0.766053,0.362894,-0.521678,41.051020,104.775000,342.186800
525.792,11,-0.566467,1.510628,0.487344,-0.093499,-0.760285,0.353552,-0.536867,39.642300,103.025100,342.039700
525.892,11,-0.557460,1.514872,0.470248,-0.093169,-0.751290,0.344422,-0.555208,38.387580,100.752400,341.981400
525.993,11,-0.548700,1.518034,0.449352,-0.097807,-0.744427,0.338660,-0.567073,37.962250,99.304670,342.394100
526.107,11,-0.538011,1.522629,0.425245,-0.101981,-0.731960,0.336153,-0.583812,37.674570,96.698970,342.104800
526.219,11,-0.528748,1.525868,0.403302,-0.103156,-0.720039,0.334918,-0.598943,37.291990,94.194940,341.484300
526.333,11,-0.521647,1.524695,0.383149,-0.108503,-0.710133,0.334777,-0.609806,37.430840,92.318400,341.330400
526.444,11,-0.517658,1.521912,0.369685,-0.115831,-0.701753,0.334026,-0.618508,37.741000,90.851230,341.522400
526.555,11,-0.516706,1.518168,0.360683,-0.119703,-0.695298,0.337154,-0.623345,38.175910,89.674620,341.159200
526.666,11,-0.517833,1.517815,0.352320,-0.118655,-0.692609,0.338020,-0.626065,38.083000,89.095250,340.798100
526.778,11,-0.519285,1.520048,0.347442,-0.113066,-0.692626,0.333859,-0.629304,37.213340,88.922870,340.672900
526.889,11,-0.520130,1.521848,0.342916,-0.110229,-0.694776,0.334469,-0.627110,37.085990,89.262170,340.496900
527.000,11,-0.519046,1.522934,0.339584,-0.106316,-0.696729,0.334714,-0.625486,36.827500,89.532460,340.243300
527.111,11,-0.516065,1.522213,0.337330,-0.107702,-0.695264,0.338612,-0.624781,37.259720,89.278820,339.912600
527.222,11,-0.511126,1.520041,0.335064,-0.109591,-0.696111,0.338522,-0.623556,37.442830,89.506550,340.149700
527.333,11,-0.506721,1.519082,0.334741,-0.114873,-0.692184,0.339044,-0.626685,37.831460,88.884930,340.324900
527.445,11,-0.503499,1.518327,0.336271,-0.122150,-0.677008,0.342462,-0.639890,38.317920,86.091580,339.646700
527.555,11,-0.500080,1.516178,0.335163,-0.127675,-0.673670,0.343745,-0.641644,38.828030,85.602260,339.791800
527.667,11,-0.497412,1.515328,0.333870,-0.131291,-0.669430,0.347725,-0.643206,39.379090,84.859800,339.433600
527.778,11,-0.495565,1.514321,0.330879,-0.133921,-0.670067,0.350354,-0.640569,39.873290,85.055200,339.451400
527.889,11,-0.493493,1.512094,0.326190,-0.133319,-0.676912,0.353321,-0.631807,40.300650,86.389140,339.589600
528.007,11,-0.491408,1.511030,0.321914,-0.126172,-0.683435,0.359660,-0.622609,40.445150,87.439890,338.784900
528.120,11,-0.491074,1.508557,0.319993,-0.126341,-0.689981,0.365190,-0.612046,41.193370,88.787120,338.754200
528.232,11,-0.491770,1.506518,0.320476,-0.125252,-0.700173,0.368892,-0.598322,41.794250,90.911530,339.094100
528.343,11,-0.494473,1.506216,0.325436,-0.119997,-0.714950,0.371439,-0.580069,42.092810,93.949130,339.544300
528.455,11,-0.498231,1.506546,0.334855,-0.116124,-0.732135,0.370809,-0.559460,42.291060,97.691940,340.669200
528.567,11,-0.503569,1.505606,0.355862,-0.106869,-0.755076,0.375173,-0.526959,42.781080,102.841100,341.407200
528.681,11,-0.506764,1.508216,0.384853,-0.097648,-0.774860,0.376309,-0.498446,42.884150,107.463000,342.214700
528.788,11,-0.504771,1.512651,0.421222,-0.085477,-0.789196,0.374242,-0.479382,42.272160,110.593700,342.387700
528.896,11,-0.500296,1.516258,0.457382,-0.082423,-0.794123,0.370421,-0.474725,41.803310,111.636100,342.771400
529.000,11,-0.496531,1.515800,0.490950,-0.085181,-0.798661,0.366605,-0.469560,41.726950,112.884700,343.799600
529.108,11,-0.496013,1.508671,0.525514,-0.081931,-0.810361,0.373524,-0.443940,42.697110,116.400900,344.301600
529.211,11,-0.499548,1.503581,0.547412,-0.083284,-0.817039,0.380320,-0.425286,43.813380,118.921800,344.947900
529.320,11,-0.504697,1.504881,0.563776,-0.077677,-0.825243,0.378054,-0.412330,43.474350,121.033600,345.348000
529.430,11,-0.513109,1.509188,0.580570,-0.069569,-0.833699,0.370130,-0.403869,42.326020,122.734400,345.671500
529.540,11,-0.518067,1.513744,0.590783,-0.060036,-0.833151,0.363572,-0.412397,40.945240,121.573500,344.659100
529.650,11,-0.524147,1.516686,0.594309,-0.048900,-0.838291,0.359376,-0.407094,39.966340,122.362500,344.049700
529.752,11,-0.527353,1.516830,0.592379,-0.046985,-0.844195,0.359465,-0.394857,40.092400,124.177200,344.491800
529.860,11,-0.529205,1.516409,0.589072,-0.044324,-0.847606,0.360498,-0.386834,40.196660,125.246200,344.528000
529.969,11,-0.530767,1.517011,0.586857,-0.040362,-0.850121,0.360771,-0.381458,40.105030,125.916000,344.328100
530.070,11,-0.530640,1.517998,0.586196,-0.040415,-0.850405,0.359139,-0.382357,39.921220,125.894400,344.426500
530.179,11,-0.530645,1.519332,0.587041,-0.040474,-0.848204,0.358600,-0.387709,39.770660,125.120100,344.190200
530.280,11,-0.531996,1.521946,0.587968,-0.038543,-0.849733,0.353144,-0.389561,39.063850,125.154400,344.335700
530.382,11,-0.533146,1.523328,0.589749,-0.039395,-0.850442,0.350791,-0.390053,38.857670,125.266300,344.610900
530.486,11,-0.533817,1.523848,0.591777,-0.039812,-0.850140,0.349433,-0.391885,38.706940,125.094500,344.679600
530.587,11,-0.534986,1.523673,0.592928,-0.039990,-0.850474,0.349746,-0.390862,38.767410,125.233100,344.727100
530.690,11,-0.535579,1.524741,0.593829,-0.037548,-0.851998,0.346411,-0.390755,38.288870,125.395000,344.728100
530.792,11,-0.535975,1.525004,0.595631,-0.038262,-0.852006,0.347111,-0.390047,38.413200,125.477100,344.789200
530.894,11,-0.535804,1.525832,0.596853,-0.038626,-0.852851,0.344413,-0.390555,38.143780,125.588800,345.031000
530.997,11,-0.535647,1.525743,0.598265,-0.039110,-0.851143,0.345100,-0.393616,38.188180,125.100100,344.874000
531.098,11,-0.535490,1.526072,0.599216,-0.039024,-0.850939,0.343816,-0.395185,38.022840,124.946400,344.891600
531.200,11,-0.536309,1.525460,0.599922,-0.040468,-0.849954,0.344956,-0.396164,38.203550,124.768200,344.913800
531.305,11,-0.536521,1.525412,0.600812,-0.040035,-0.849250,0.345590,-0.397165,38.227510,124.562800,344.758600
531.406,11,-0.537307,1.525439,0.601194,-0.039925,-0.849374,0.345653,-0.396855,38.233380,124.601800,344.756300
531.509,11,-0.538053,1.525682,0.600977,-0.039092,-0.850487,0.344866,-0.395237,38.134440,124.871700,344.808700
531.611,11,-0.538959,1.525382,0.600535,-0.038716,-0.850789,0.345820,-0.393786,38.238210,125.015200,344.758900
531.713,11,-0.539477,1.524729,0.599719,-0.037723,-0.850833,0.346668,-0.393041,38.284490,125.040600,344.609800
531.817,11,-0.539904,1.524229,0.599630,-0.037671,-0.850821,0.347397,-0.392429,38.368080,125.082500,344.573700
531.919,11,-0.540190,1.524209,0.599448,-0.036861,-0.850774,0.347335,-0.392661,38.312910,125.027000,344.472500
532.021,11,-0.540295,1.524185,0.599659,-0.036653,-0.850257,0.348130,-0.393097,38.375770,124.902100,344.358400
532.125,11,-0.540089,1.524134,0.600056,-0.037150,-0.849658,0.348366,-0.394136,38.408810,124.745400,344.342900
532.226,11,-0.539665,1.524364,0.601075,-0.037620,-0.849297,0.347954,-0.395231,38.372360,124.622600,344.376300
532.329,11,-0.539133,1.524534,0.601840,-0.038476,-0.849120,0.348011,-0.395479,38.421280,124.607600,344.458400
532.431,11,-0.538240,1.524634,0.601837,-0.038864,-0.848880,0.348173,-0.395813,38.453530,124.558100,344.472400
532.533,11,-0.537319,1.524227,0.601715,-0.038965,-0.848769,0.348776,-0.395510,38.526910,124.566400,344.448400
532.636,11,-0.536721,1.524212,0.601676,-0.039161,-0.849056,0.348200,-0.395382,38.480600,124.630300,344.526900
532.738,11,-0.536365,1.524304,0.601737,-0.039620,-0.849011,0.347955,-0.395648,38.475960,124.620700,344.587500
532.840,11,-0.535781,1.524709,0.602258,-0.040385,-0.849728,0.345990,-0.395757,38.313160,124.758600,344.837900
532.943,11,-0.534778,1.525584,0.601911,-0.040553,-0.851509,0.340716,-0.396486,37.763430,124.998700,345.261900
533.044,11,-0.533908,1.525548,0.602001,-0.041374,-0.851026,0.341077,-0.397127,37.835190,124.904000,345.294900
533.145,11,-0.532584,1.525312,0.602533,-0.043220,-0.850169,0.341509,-0.398392,37.960440,124.741700,345.409100
533.248,11,-0.531594,1.524666,0.603020,-0.044743,-0.848962,0.342909,-0.399593,38.169580,124.515700,345.407200
533.349,11,-0.530860,1.524277,0.603492,-0.045192,-0.848768,0.343790,-0.399198,38.292580,124.531000,345.405500
533.451,11,-0.530199,1.524051,0.603559,-0.045588,-0.848674,0.344253,-0.398955,38.366680,124.549400,345.425100
533.555,11,-0.529421,1.523497,0.603490,-0.045996,-0.848380,0.345320,-0.398610,38.505740,124.543500,345.400300
533.656,11,-0.528616,1.523051,0.604028,-0.046587,-0.848028,0.346108,-0.398608,38.620400,124.509800,345.402500
533.757,11,-0.527980,1.522802,0.604256,-0.046734,-0.847876,0.346291,-0.398754,38.645110,124.480100,345.396400
533.860,11,-0.527139,1.522235,0.605000,-0.046818,-0.847557,0.347086,-0.398732,38.732500,124.433200,345.339800
533.961,11,-0.526266,1.522371,0.605777,-0.047235,-0.847310,0.346712,-0.399531,38.703450,124.349800,345.378300
534.063,11,-0.525526,1.522521,0.606487,-0.047810,-0.848099,0.345016,-0.399258,38.564220,124.521000,345.603600
534.167,11,-0.524580,1.523141,0.607764,-0.048509,-0.848567,0.342511,-0.400333,38.325410,124.543600,345.840100
534.268,11,-0.523980,1.523806,0.608526,-0.049658,-0.848650,0.340845,-0.401438,38.198300,124.519400,346.056300
534.370,11,-0.523452,1.524508,0.609626,-0.051080,-0.848342,0.339686,-0.402890,38.133670,124.417600,346.243300
534.472,11,-0.522920,1.524805,0.609761,-0.052726,-0.847706,0.339620,-0.404070,38.199820,124.292800,346.379000
534.573,11,-0.522869,1.524275,0.610252,-0.052834,-0.847150,0.340876,-0.404165,38.334610,124.200800,346.281400
534.676,11,-0.523270,1.524590,0.610671,-0.053145,-0.847614,0.339625,-0.404204,38.221580,124.284800,346.420300
534.778,11,-0.524428,1.525342,0.610997,-0.052427,-0.849088,0.337026,-0.403379,37.924640,124.553400,346.595500
534.880,11,-0.525680,1.526399,0.610979,-0.051608,-0.851333,0.332659,-0.402378,37.440560,124.951600,346.908800
534.982,11,-0.527670,1.526504,0.611553,-0.052392,-0.851404,0.332675,-0.402112,37.489480,125.013700,347.011800
535.083,11,-0.528737,1.526888,0.612260,-0.052161,-0.851608,0.331982,-0.402282,37.402030,125.023600,347.032500
535.184,11,-0.529862,1.526913,0.612386,-0.052101,-0.851944,0.332317,-0.401300,37.448460,125.148500,347.047800
535.286,11,-0.530591,1.526879,0.613123,-0.052099,-0.851886,0.331889,-0.401779,37.396470,125.102900,347.058100
535.388,11,-0.531283,1.527192,0.613785,-0.051780,-0.852129,0.331054,-0.401993,37.288740,125.112300,347.077800
535.489,11,-0.531793,1.527749,0.614498,-0.052019,-0.852672,0.329663,-0.401953,37.157470,125.209500,347.219300
535.589,11,-0.531764,1.528301,0.615525,-0.052224,-0.852349,0.328868,-0.403261,37.066430,125.067900,347.241900
535.693,11,-0.531899,1.528214,0.616447,-0.052332,-0.851842,0.329239,-0.404016,37.099820,124.935900,347.187100
535.807,11,-0.531634,1.527735,0.617226,-0.053435,-0.851244,0.330423,-0.404165,37.281700,124.874100,347.211900
535.908,11,-0.531949,1.527547,0.617772,-0.053685,-0.850891,0.330376,-0.404913,37.279470,124.772200,347.207200
536.010,11,-0.532010,1.527408,0.618467,-0.053596,-0.850328,0.330955,-0.405634,37.324020,124.626200,347.113900
536.111,11,-0.532721,1.526968,0.618363,-0.053550,-0.850528,0.331096,-0.405104,37.344090,124.695700,347.123700
536.212,11,-0.532924,1.526811,0.618656,-0.053297,-0.850187,0.331517,-0.405511,37.367670,124.601600,347.039900
536.314,11,-0.533369,1.526623,0.618695,-0.053394,-0.850573,0.331905,-0.404367,37.430670,124.752100,347.076900
536.416,11,-0.533904,1.526932,0.618097,-0.052217,-0.851119,0.331502,-0.403704,37.333570,124.841700,347.006700
536.518,11,-0.534356,1.527635,0.617824,-0.051512,-0.852191,0.329972,-0.402786,37.149380,125.051500,347.094500
536.619,11,-0.534890,1.527799,0.617167,-0.050965,-0.852398,0.329847,-0.402518,37.110280,125.083100,347.054500
536.721,11,-0.535034,1.527733,0.616465,-0.050984,-0.852647,0.330301,-0.401615,37.172210,125.191100,347.065000
536.822,11,-0.534750,1.527805,0.615330,-0.050353,-0.852922,0.330343,-0.401076,37.150060,125.250500,347.015400
536.923,11,-0.534097,1.527414,0.614281,-0.049729,-0.852949,0.331366,-0.400253,37.235010,125.293000,346.901700
537.027,11,-0.532698,1.526646,0.612458,-0.048458,-0.852488,0.335246,-0.398153,37.602090,125.331000,346.545500
537.141,11,-0.531924,1.525527,0.610491,-0.046819,-0.852655,0.338242,-0.395449,37.867390,125.499900,346.247200
537.241,11,-0.531298,1.525055,0.607127,-0.046014,-0.855443,0.337708,-0.389940,37.855020,126.333100,346.475600
537.344,11,-0.532083,1.524983,0.600397,-0.041943,-0.859631,0.340258,-0.378814,38.080620,127.708200,346.356000
537.445,11,-0.533136,1.525338,0.591189,-0.036139,-0.863311,0.340910,-0.370363,37.980400,128.736700,346.042300
537.545,11,-0.534365,1.524565,0.578665,-0.031700,-0.866362,0.342446,-0.362138,38.048210,129.714100,345.806000
537.647,11,-0.535607,1.523935,0.562051,-0.025557,-0.868561,0.344276,-0.355561,38.040860,130.367600,345.256800
537.748,11,-0.536071,1.524185,0.537879,-0.020452,-0.870988,0.342531,-0.351617,37.666410,130.880500,344.971900
537.862,11,-0.534884,1.525287,0.507989,-0.019594,-0.871252,0.342496,-0.351045,37.629750,130.937500,344.899400
537.976,11,-0.531907,1.524861,0.479474,-0.025914,-0.867666,0.344328,-0.357662,38.028980,130.067400,345.190900
538.090,11,-0.525305,1.526356,0.444030,-0.033383,-0.854984,0.344493,-0.386281,37.941840,126.060700,344.627800
538.193,11,-0.519759,1.528832,0.416145,-0.040370,-0.840773,0.342592,-0.417256,37.573070,121.749400,344.034000
538.307,11,-0.515433,1.530601,0.393194,-0.050581,-0.824968,0.339258,-0.449192,37.242890,117.392400,343.857600
538.407,11,-0.513166,1.531334,0.378001,-0.060530,-0.808056,0.337880,-0.478769,37.157670,113.143100,343.548200
538.509,11,-0.512214,1.529512,0.365626,-0.066023,-0.792633,0.336398,-0.504193,36.859700,109.361000,342.953100
538.610,11,-0.513244,1.525980,0.355272,-0.074790,-0.777192,0.340372,-0.523953,37.404700,106.021400,342.382400
538.724,11,-0.517118,1.526488,0.347849,-0.077656,-0.768703,0.339126,-0.536710,37.209620,104.088800,342.111500
538.837,11,-0.522623,1.529003,0.339747,-0.073091,-0.773490,0.333442,-0.534029,36.433780,104.928300,342.415300
538.950,11,-0.530930,1.534233,0.330226,-0.058037,-0.783094,0.326308,-0.526231,34.899680,106.519800,342.067000
539.050,11,-0.536043,1.535827,0.324280,-0.056237,-0.785494,0.328022,-0.521764,35.029960,107.067100,341.932800
539.151,11,-0.537818,1.534890,0.316325,-0.055357,-0.789762,0.327525,-0.515693,35.059510,108.046300,342.189800
539.264,11,-0.538163,1.530081,0.309297,-0.058417,-0.788677,0.337780,-0.510373,36.329430,108.141900,341.723700
539.377,11,-0.537542,1.527242,0.305578,-0.059593,-0.786163,0.344311,-0.509751,37.022200,107.735100,341.197800
539.478,11,-0.535983,1.526192,0.301992,-0.064925,-0.787553,0.348137,-0.504327,37.867680,108.379200,341.622700
539.579,11,-0.532055,1.525278,0.298878,-0.069866,-0.786945,0.347794,-0.504852,38.165450,108.411900,342.134200
539.680,11,-0.529202,1.520861,0.294716,-0.073601,-0.785629,0.353503,-0.502400,39.005740,108.398100,342.044900
539.781,11,-0.527898,1.519734,0.289368,-0.072014,-0.787732,0.357358,-0.496576,39.384790,108.983000,341.796100
539.883,11,-0.525548,1.519235,0.284298,-0.069675,-0.792479,0.357835,-0.488954,39.441440,110.128100,341.933400
539.985,11,-0.523229,1.519126,0.281263,-0.073382,-0.791333,0.358665,-0.489659,39.755440,110.019700,342.192600
540.086,11,-0.522705,1.519146,0.279757,-0.071745,-0.790517,0.357997,-0.491706,39.535790,109.711900,341.976100
540.189,11,-0.524145,1.519939,0.279007,-0.068921,-0.788076,0.357094,-0.496659,39.145710,108.932500,341.500400
540.290,11,-0.526186,1.521801,0.277486,-0.065826,-0.785313,0.355150,-0.502812,38.609050,108.048300,341.050100
540.391,11,-0.527224,1.522143,0.276604,-0.065832,-0.782439,0.353812,-0.508205,38.358820,107.292800,340.898900
540.493,11,-0.528538,1.522791,0.277244,-0.065796,-0.778338,0.352352,-0.515470,38.048630,106.243500,340.657200
540.596,11,-0.529578,1.525881,0.279194,-0.062348,-0.779126,0.346070,-0.518952,37.155190,106.162000,340.805700
540.709,11,-0.531630,1.529204,0.284923,-0.055492,-0.779393,0.337440,-0.524977,35.750800,105.806800,340.732700
540.823,11,-0.533291,1.533445,0.290456,-0.046192,-0.784094,0.325618,-0.526342,34.004350,106.386700,340.967900
540.937,11,-0.534274,1.538373,0.295981,-0.040633,-0.786201,0.317915,-0.528363,32.876360,106.571000,341.098800
541.051,11,-0.533658,1.544623,0.300209,-0.041357,-0.790038,0.305441,-0.529939,31.766150,107.223300,342.307600
541.151,11,-0.533546,1.546157,0.301485,-0.039678,-0.792730,0.301114,-0.528523,31.288330,107.712200,342.611800
541.262,11,-0.533006,1.548264,0.301035,-0.036684,-0.795960,0.296426,-0.526530,30.698240,108.286300,342.835800
541.374,11,-0.532965,1.550369,0.300513,-0.041011,-0.797394,0.285991,-0.529802,29.970210,108.511300,344.078900
541.485,11,-0.532086,1.550181,0.299772,-0.040541,-0.795334,0.288271,-0.531695,30.109510,108.075200,343.750900
541.596,11,-0.530409,1.548107,0.298591,-0.041724,-0.792228,0.292222,-0.534079,30.502820,107.475000,343.408400
541.707,11,-0.530194,1.546217,0.296787,-0.046069,-0.792672,0.294858,-0.531608,31.093280,107.738700,343.691600
541.818,11,-0.530734,1.545141,0.296048,-0.048291,-0.792881,0.297390,-0.529686,31.516750,107.897600,343.755700
541.929,11,-0.529540,1.543380,0.295076,-0.049260,-0.792146,0.301503,-0.528370,31.986740,107.839800,343.522900
542.041,11,-0.528070,1.541103,0.294046,-0.052865,-0.792079,0.307161,-0.524851,32.825550,108.049700,343.498900
542.152,11,-0.525848,1.537869,0.294021,-0.058104,-0.789550,0.314844,-0.523554,33.918360,107.789300,343.338800
542.264,11,-0.522911,1.534363,0.295602,-0.064837,-0.783365,0.321259,-0.528137,34.876620,106.698700,343.153500
542.375,11,-0.520418,1.532244,0.295981,-0.067624,-0.779266,0.326463,-0.530654,35.490860,105.943700,342.776800
542.487,11,-0.518303,1.529441,0.295696,-0.070159,-0.778043,0.332155,-0.528583,36.230280,105.867300,342.544200
542.600,11,-0.516573,1.527135,0.295858,-0.072418,-0.775859,0.336397,-0.528806,36.768490,105.524300,342.310700
542.714,11,-0.515627,1.525185,0.297213,-0.072998,-0.774083,0.341220,-0.528239,37.256650,105.228400,341.884800
542.828,11,-0.515669,1.524829,0.298736,-0.072339,-0.773908,0.343694,-0.526981,37.460670,105.216000,341.621300
542.928,11,-0.515610,1.524589,0.300203,-0.071424,-0.774497,0.344701,-0.525579,37.518510,105.345100,341.497900
543.045,11,-0.515215,1.524207,0.302175,-0.071522,-0.775140,0.345342,-0.524197,37.615500,105.517100,341.513000
543.159,11,-0.514920,1.524101,0.303605,-0.073191,-0.775232,0.345180,-0.523937,37.725850,105.598600,341.709700
543.260,11,-0.514935,1.523932,0.305269,-0.074601,-0.775108,0.345172,-0.523926,37.825730,105.622700,341.850900
543.361,11,-0.515254,1.523626,0.305897,-0.075106,-0.774709,0.345407,-0.524290,37.874440,105.551300,341.855600
543.475,11,-0.515885,1.523478,0.305437,-0.075153,-0.775925,0.345337,-0.522527,37.912000,105.845200,341.964200
543.580,11,-0.516552,1.523264,0.304853,-0.075869,-0.777253,0.344753,-0.520834,37.948370,106.181300,342.191000
543.693,11,-0.516573,1.523904,0.305508,-0.076048,-0.777346,0.343113,-0.521750,37.791600,106.172100,342.334500
543.793,11,-0.516625,1.524101,0.306139,-0.076910,-0.777686,0.341661,-0.522070,37.713620,106.254100,342.558000
543.898,11,-0.516131,1.524140,0.306137,-0.077654,-0.778013,0.341484,-0.521589,37.760650,106.358800,342.677300
544.011,11,-0.514221,1.523984,0.305498,-0.078121,-0.779144,0.341447,-0.519853,37.828090,106.651700,342.822600
544.125,11,-0.511719,1.523112,0.303914,-0.078687,-0.779080,0.343671,-0.518395,38.102940,106.714400,342.722700
544.239,11,-0.508635,1.522575,0.301052,-0.077893,-0.780253,0.345437,-0.515569,38.270450,107.014100,342.610300
544.345,11,-0.503166,1.521460,0.297210,-0.079006,-0.782804,0.349944,-0.508444,38.918590,107.815800,342.638900
544.459,11,-0.498516,1.521532,0.296001,-0.075649,-0.786563,0.351725,-0.501882,38.994130,108.670800,342.474400
544.565,11,-0.489752,1.522900,0.299446,-0.065474,-0.797551,0.351731,-0.485706,38.656510,111.070600,342.314100
544.666,11,-0.478826,1.524637,0.305643,-0.054117,-0.808624,0.349972,-0.469807,38.085790,113.480300,342.145800
544.774,11,-0.460885,1.527154,0.315639,-0.048409,-0.817334,0.351570,-0.453895,38.217220,115.703500,342.212000
544.888,11,-0.439793,1.528024,0.327933,-0.045105,-0.821786,0.353611,-0.444514,38.410050,116.917500,342.146400
544.988,11,-0.421243,1.526255,0.339129,-0.041302,-0.825759,0.360659,-0.431673,39.145520,118.257300,341.727400
545.096,11,-0.403224,1.522910,0.350020,-0.041717,-0.830771,0.367358,-0.416086,40.172950,120.155200,341.978700
545.196,11,-0.387059,1.519668,0.361257,-0.044295,-0.836986,0.371754,-0.399113,41.121850,122.523600,342.813200
545.303,11,-0.368348,1.518158,0.377478,-0.043064,-0.846739,0.368304,-0.381485,41.038890,125.466400,343.986300
545.403,11,-0.359717,1.517116,0.391293,-0.038765,-0.850535,0.368560,-0.373164,40.986270,126.576700,343.916700
545.504,11,-0.357120,1.515627,0.403955,-0.040386,-0.859730,0.368018,-0.351846,41.392370,129.931800,345.366300
545.610,11,-0.356875,1.514342,0.413253,-0.038537,-0.866767,0.367762,-0.334635,41.553510,132.497200,346.135000
545.724,11,-0.357400,1.512334,0.424162,-0.034027,-0.871259,0.374065,-0.315951,42.323620,134.748300,346.142500
545.830,11,-0.357039,1.515401,0.432515,-0.022272,-0.881498,0.362725,-0.301491,40.761540,137.123900,346.295200
545.944,11,-0.356738,1.517993,0.439543,-0.014849,-0.888786,0.354016,-0.290708,39.637090,138.900400,346.526000
546.057,11,-0.354440,1.519972,0.444823,-0.009339,-0.890679,0.348693,-0.291578,38.799120,138.844500,346.138900
546.168,11,-0.350564,1.522291,0.448059,-0.010093,-0.891499,0.344489,-0.294033,38.327740,138.743700,346.390700
546.279,11,-0.345034,1.524684,0.447156,-0.013530,-0.896215,0.334590,-0.290972,37.416420,139.814700,347.606700
546.389,11,-0.336431,1.526063,0.443206,-0.004631,-0.903267,0.322280,-0.283237,35.791230,141.161900,347.598900
546.500,11,-0.331875,1.523698,0.436541,0.015583,-0.907529,0.326404,-0.263836,35.747890,142.945200,345.696000
546.610,11,-0.331535,1.519272,0.432647,0.006187,-0.910544,0.328958,-0.250318,36.581300,145.058100,347.342700
546.721,11,-0.330768,1.520928,0.434246,-0.008406,-0.913202,0.325691,-0.244778,36.795390,146.533600,349.633800
546.832,11,-0.326297,1.526397,0.439755,-0.009079,-0.915791,0.313423,-0.251018,35.353360,146.169900,350.064600
546.943,11,-0.319988,1.534647,0.447956,-0.006936,-0.918672,0.293474,-0.264323,32.879870,145.009500,350.237600
547.053,11,-0.312301,1.543380,0.458453,-0.007244,-0.921696,0.269626,-0.278794,30.070470,143.889800,350.892300
547.165,11,-0.306492,1.548166,0.468915,-0.006819,-0.923783,0.255353,-0.285260,28.403130,143.472800,351.297800
547.277,11,-0.302773,1.549319,0.478428,-0.010304,-0.925561,0.248304,-0.285616,27.744380,143.728800,352.026700
547.388,11,-0.300486,1.550721,0.486715,-0.005308,-0.930673,0.234223,-0.280997,26.037160,144.595600,352.212200
547.499,11,-0.298755,1.549908,0.489061,-0.007999,-0.939214,0.215513,-0.267146,24.148270,146.895900,353.700600
547.610,11,-0.295720,1.543569,0.492221,-0.014502,-0.939868,0.222712,-0.258531,25.222770,147.991500,354.424400
547.721,11,-0.296013,1.540855,0.496522,-0.017990,-0.936098,0.242786,-0.253872,27.624670,148.224500,354.196400
547.832,11,-0.298054,1.544402,0.497440,-0.013144,-0.940932,0.232241,-0.246047,26.328360,149.349200,354.265800
547.944,11,-0.302080,1.549756,0.500235,-0.010385,-0.946163,0.215640,-0.241179,24.397850,150.249600,354.684700
548.055,11,-0.307549,1.552920,0.503950,-0.009599,-0.948315,0.209340,-0.238294,23.679210,150.717600,354.890400
548.166,11,-0.314117,1.556293,0.508057,-0.004780,-0.952149,0.197426,-0.233266,22.221490,151.457700,354.855800
548.278,11,-0.319210,1.559336,0.512613,-0.002966,-0.953712,0.191587,-0.231775,21.519190,151.705900,354.871800
548.389,11,-0.323467,1.562037,0.516089,0.001180,-0.954887,0.184958,-0.232336,20.651310,151.663800,354.591600
548.500,11,-0.324717,1.563144,0.517456,0.003207,-0.956751,0.174494,-0.232743,19.414650,151.745400,354.685200
548.611,11,-0.324999,1.562293,0.520269,0.002884,-0.955983,0.176600,-0.234310,19.651690,151.524600,354.621700
548.722,11,-0.323765,1.562073,0.522443,0.004475,-0.955210,0.176487,-0.237498,19.574950,151.103500,354.373300
548.833,11,-0.322792,1.562338,0.523856,0.007093,-0.955228,0.173864,-0.239293,19.193850,150.877500,354.119500
548.945,11,-0.321772,1.562008,0.524454,0.007833,-0.955303,0.173678,-0.239104,19.152530,150.890500,354.044100
549.056,11,-0.320855,1.561754,0.525060,0.007435,-0.954952,0.174348,-0.240028,19.233530,150.772600,354.048600
549.167,11,-0.320273,1.561661,0.525538,0.008277,-0.954726,0.175507,-0.240057,19.338460,150.734000,353.912200
549.278,11,-0.320259,1.561469,0.525581,0.008086,-0.954637,0.176214,-0.239900,19.424260,150.744900,353.914000
549.390,11,-0.320481,1.560737,0.525104,0.008268,-0.953931,0.179705,-0.240110,19.808720,150.655000,353.771600
549.501,11,-0.321971,1.560735,0.524743,0.008070,-0.953022,0.184447,-0.240131,20.346000,150.571800,353.633700
549.611,11,-0.322885,1.561071,0.522936,0.010087,-0.953367,0.182807,-0.239942,20.103900,150.586000,353.459900
549.723,11,-0.327290,1.561512,0.524797,0.009669,-0.949678,0.205116,-0.236528,22.644630,150.588800,352.817300
549.834,11,-0.336152,1.563812,0.527569,0.002903,-0.941057,0.234965,-0.243302,26.156110,149.224000,352.330100
549.945,11,-0.350332,1.565843,0.524229,0.033000,-0.938693,0.268899,-0.213214,29.390190,151.328900,348.304600
550.056,11,-0.360974,1.570909,0.521301,0.047031,-0.935700,0.276428,-0.214106,29.812820,150.543500,346.239400
550.167,11,-0.380619,1.578384,0.504609,0.053187,-0.950137,0.251681,-0.176258,27.355760,155.967500,347.661400
550.278,11,-0.395426,1.579334,0.489817,0.037045,-0.956994,0.246628,-0.148207,27.455700,160.107100,350.660300
550.389,11,-0.412526,1.574593,0.465356,0.034730,-0.951858,0.262363,-0.154680,29.256460,158.997500,350.281100
550.500,11,-0.429303,1.571791,0.440968,0.033147,-0.948091,0.274979,-0.156241,30.733900,158.538400,350.032500
550.611,11,-0.447276,1.575676,0.416611,0.046612,-0.948382,0.260765,-0.174359,28.578020,156.153800,348.215700
550.723,11,-0.470617,1.588628,0.394325,0.057940,-0.955271,0.228118,-0.179062,24.524340,156.103600,347.791500
550.834,11,-0.494787,1.602241,0.379612,0.060341,-0.964943,0.186341,-0.174702,19.787510,157.529300,348.874900
550.945,11,-0.524258,1.616883,0.361765,0.062569,-0.971650,0.139303,-0.180490,14.366360,157.662400,349.780200
551.057,11,-0.542036,1.617287,0.346747,0.052889,-0.969723,0.143098,-0.190693,14.913490,156.522100,350.640500
551.168,11,-0.558936,1.615217,0.328139,0.045764,-0.967529,0.155176,-0.194199,16.409480,156.011700,351.074700
551.279,11,-0.568358,1.615354,0.313943,0.044042,-0.969061,0.153516,-0.188186,16.317330,156.788600,351.422600
551.389,11,-0.578611,1.610343,0.296408,0.040334,-0.969115,0.164233,-0.179489,17.688560,157.724500,351.724300
551.501,11,-0.587084,1.602972,0.283363,0.038146,-0.966703,0.190914,-0.166081,20.881920,158.945000,351.558000
551.612,11,-0.592385,1.594430,0.275102,0.028168,-0.960489,0.226196,-0.159696,25.183660,159.324400,351.973700
551.723,11,-0.593836,1.588318,0.270117,0.026153,-0.954128,0.247600,-0.166286,27.631650,158.112600,351.415000
551.833,11,-0.592967,1.585689,0.269024,0.019510,-0.949084,0.255317,-0.183501,28.520510,155.935800,351.443100
551.945,11,-0.590176,1.588006,0.268408,0.019499,-0.946579,0.247176,-0.206187,27.380780,153.227600,351.004300
552.056,11,-0.581999,1.594942,0.270407,0.018718,-0.941136,0.221787,-0.254407,24.075400,147.752100,350.666000
552.167,11,-0.562531,1.607267,0.277793,0.019703,-0.924497,0.173173,-0.339012,17.868650,138.258600,350.697700
552.278,11,-0.540221,1.618943,0.287828,0.026458,-0.903372,0.132495,-0.407018,12.582590,130.477800,350.822700
552.390,11,-0.495537,1.629383,0.309193,0.027129,-0.854282,0.088424,-0.511515,7.084065,117.685200,352.075700
552.501,11,-0.452472,1.633335,0.339538,0.008883,-0.774418,0.078807,-0.627684,6.367658,101.586300,353.489200
552.613,11,-0.417581,1.633412,0.367455,-0.006888,-0.696163,0.070988,-0.714333,6.239208,88.234830,354.699800
552.725,11,-0.389836,1.624397,0.383102,-0.029843,-0.632845,0.078456,-0.769715,8.351310,78.501240,355.187600
552.836,11,-0.366716,1.620620,0.385304,-0.043384,-0.583109,0.094287,-0.805737,10.362290,71.249630,354.086500
552.947,11,-0.340760,1.611934,0.386595,-0.071079,-0.503685,0.106789,-0.854310,13.239600,60.285810,353.460700
553.058,11,-0.328415,1.604819,0.387017,-0.105898,-0.420381,0.106369,-0.894847,16.197920,49.463580,353.942800
553.169,11,-0.317490,1.602590,0.375597,-0.123651,-0.280549,0.099712,-0.946605,16.860630,31.953320,352.833200
553.280,11,-0.310914,1.594661,0.354441,-0.150902,-0.169654,0.086047,-0.970073,18.782000,18.677190,352.978000
553.390,11,-0.303979,1.591199,0.319172,-0.174367,-0.026804,0.074509,-0.981492,20.259560,1.626803,351.608200
553.502,11,-0.300141,1.592427,0.286283,-0.193453,0.053855,0.069118,-0.977189,21.754760,351.829700,350.335700
553.613,11,-0.312561,1.593001,0.259280,-0.230275,0.135577,0.071683,-0.960965,25.032670,341.093800,347.234200
553.725,11,-0.339061,1.594647,0.227659,-0.241932,0.284445,0.043002,-0.926667,25.082100,322.768900,346.116000
553.836,11,-0.351170,1.595859,0.210018,-0.237672,0.312283,0.014031,-0.919671,25.365910,319.979500,348.881400
553.947,11,-0.361253,1.590669,0.196282,-0.242207,0.305449,-0.012674,-0.920802,26.987260,321.364400,351.960700
554.057,11,-0.374609,1.587981,0.185857,-0.230135,0.322300,-0.017957,-0.918062,25.730040,319.628500,352.641800
554.169,11,-0.390697,1.578362,0.172631,-0.242323,0.346872,-0.019465,-0.905859,26.905730,316.041300,351.432700
554.280,11,-0.398699,1.578331,0.170712,-0.246107,0.320230,-0.019379,-0.914608,27.554610,319.461700,352.079100
554.391,11,-0.400403,1.586225,0.175877,-0.222556,0.228231,0.005649,-0.947812,24.790660,331.358600,352.894600
554.502,11,-0.386591,1.600318,0.178904,-0.165765,0.118758,0.039448,-0.978193,18.356670,345.014600,352.946500
554.614,11,-0.358491,1.613202,0.180089,-0.099127,-0.007456,0.053469,-0.993609,11.407470,0.246402,353.864000
554.725,11,-0.323413,1.627221,0.177987,-0.064540,-0.166906,0.055237,-0.982306,8.350829,18.917960,354.956800
554.836,11,-0.287332,1.637041,0.176995,-0.014291,-0.313373,0.035935,-0.948842,2.845398,36.469140,356.599800
554.948,11,-0.245447,1.646550,0.172713,0.040284,-0.494889,-0.017065,-0.867854,355.019800,59.413060,359.410300
555.059,11,-0.223291,1.652755,0.175522,0.056376,-0.612676,-0.043318,-0.787130,351.846300,75.795680,359.948700
555.171,11,-0.203434,1.653695,0.190488,0.066505,-0.733809,-0.053494,-0.673974,350.319500,94.993090,358.517900
555.282,11,-0.195604,1.643849,0.209839,0.070573,-0.836161,-0.043571,-0.542177,351.408400,114.388700,355.895400
555.393,11,-0.200966,1.632425,0.238847,0.062890,-0.918289,-0.022740,-0.390222,354.787700,134.211000,354.366700
555.504,11,-0.221791,1.627817,0.275148,0.055589,-0.973128,0.008141,-0.223308,359.485400,154.180600,353.579200
555.614,11,-0.245921,1.632925,0.310701,0.041178,-0.992155,0.010339,-0.117587,0.620624,166.455900,355.173100
555.725,11,-0.288793,1.627914,0.346710,0.034035,-0.998265,0.043406,-0.020608,4.890891,177.463300,355.986300
555.836,11,-0.328725,1.622071,0.365111,0.036452,-0.996106,0.067767,0.043043,7.940458,184.680100,356.133500
555.947,11,-0.379441,1.610832,0.375294,0.050938,-0.988599,0.108580,0.091038,12.941630,189.982200,355.235800
556.058,11,-0.414869,1.597036,0.375223,0.056644,-0.980385,0.159258,0.101355,18.889910,191.009900,355.223600
556.168,11,-0.457039,1.573327,0.378208,0.061845,-0.965895,0.233186,0.094059,27.522770,189.925500,355.109400
556.279,11,-0.483518,1.554472,0.386179,0.067050,-0.952249,0.282361,0.094858,33.399670,189.848300,354.905800
556.389,11,-0.504337,1.544914,0.397250,0.076100,-0.945213,0.307060,0.080599,36.351720,187.536300,353.271400
556.501,11,-0.509912,1.544214,0.406957,0.070843,-0.943043,0.313532,0.085724,37.120520,188.456400,354.251800
556.612,11,-0.494901,1.557655,0.414422,0.069123,-0.958051,0.266756,0.078754,31.467740,187.682500,353.913900
556.723,11,-0.459594,1.575205,0.422201,0.063638,-0.973667,0.215806,0.036758,25.145840,182.793200,353.144100
556.835,11,-0.416219,1.586624,0.431158,0.056016,-0.981021,0.183325,-0.029183,20.880580,175.223700,352.583300
556.946,11,-0.356593,1.585950,0.442535,0.034996,-0.973713,0.200229,-0.102792,22.503290,166.594100,353.204600
557.057,11,-0.313101,1.574762,0.449902,0.016621,-0.956586,0.251781,-0.145852,28.479960,160.914500,353.123300
557.168,11,-0.266229,1.555157,0.455590,0.004502,-0.934223,0.311463,-0.173778,35.477720,156.286400,351.763500
557.278,11,-0.241631,1.537730,0.456406,-0.005652,-0.917723,0.363071,-0.161037,41.929630,156.934700,351.764900
557.388,11,-0.217033,1.524384,0.453112,0.013149,-0.913587,0.377955,-0.149453,43.366230,157.088900,349.137800
557.499,11,-0.203574,1.520431,0.452776,0.025715,-0.913670,0.377141,-0.149367,42.959680,156.455400,347.399200
557.610,11,-0.192009,1.521430,0.447787,0.044681,-0.932228,0.334165,-0.131485,37.682580,159.666000,347.508200
557.722,11,-0.186231,1.531610,0.451558,0.049533,-0.942474,0.306814,-0.123102,34.481040,161.435700,348.176100
557.833,11,-0.178995,1.542387,0.460388,0.050447,-0.947011,0.291836,-0.124327,32.697240,161.650800,348.476500
557.945,11,-0.172166,1.558630,0.470276,0.038272,-0.954507,0.265977,-0.129259,29.858470,162.061200,350.588200
558.056,11,-0.169129,1.575701,0.477893,0.027860,-0.969151,0.218262,-0.111051,24.637080,165.511500,353.526700
558.168,11,-0.165002,1.586942,0.487795,0.023308,-0.977729,0.187617,-0.091114,21.261830,168.429900,355.089800
558.279,11,-0.161140,1.589650,0.492760,0.022395,-0.979660,0.179085,-0.087714,20.301250,168.942400,355.395200
558.390,11,-0.158692,1.592136,0.492833,0.017830,-0.981595,0.171131,-0.082875,19.451390,169.687400,356.146500
558.501,11,-0.157327,1.590030,0.484045,0.016112,-0.980346,0.178872,-0.081656,20.369980,169.809000,356.281300
558.612,11,-0.156222,1.578189,0.468740,0.016409,-0.969392,0.226998,-0.092094,25.917550,168.065200,355.304700
558.723,11,-0.159433,1.569805,0.439953,0.020937,-0.964231,0.248328,-0.090291,28.366600,167.895200,354.442300
558.833,11,-0.167684,1.561588,0.397358,0.027949,-0.961297,0.265144,-0.069469,30.389790,170.095000,353.972800
558.945,11,-0.178707,1.551243,0.342505,0.033586,-0.958958,0.278867,-0.038793,32.156730,173.684100,354.166100
559.056,11,-0.190220,1.547422,0.284494,0.038499,-0.958355,0.282352,-0.018726,32.666270,176.074400,354.248300
559.167,11,-0.210527,1.560016,0.204165,0.053074,-0.962737,0.264961,0.010802,30.751980,179.511600,353.554900
559.278,11,-0.226141,1.567973,0.153786,0.054806,-0.965296,0.251743,0.042727,29.386400,183.612100,354.448300
559.389,11,-0.245931,1.572870,0.097808,0.071127,-0.956427,0.269301,0.087551,31.842640,188.745500,353.992900
559.501,11,-0.265978,1.579423,0.052477,0.081643,-0.952287,0.253260,0.149475,30.448240,196.395100,354.689900
559.612,11,-0.290371,1.588332,0.014096,0.090854,-0.942065,0.205138,0.249356,25.582930,208.656500,355.620500
559.723,11,-0.311581,1.593728,-0.014123,0.087825,-0.897022,0.157917,0.403361,20.741980,228.085400,358.151500
559.835,11,-0.316979,1.591152,-0.042079,0.082439,-0.836793,0.136345,0.523825,18.333740,244.139900,0.294151
559.947,11,-0.304946,1.583286,-0.088964,0.089391,-0.736021,0.097797,0.663866,15.227290,264.085000,359.896700
560.058,11,-0.278757,1.585174,-0.124847,0.101548,-0.620020,0.085212,0.773306,15.231610,282.602800,0.348374
560.169,11,-0.228019,1.610052,-0.159642,0.091532,-0.440070,0.051490,0.891801,12.038830,307.540500,0.660682
560.280,11,-0.178129,1.617765,-0.182552,0.076241,-0.308617,0.027494,0.947727,9.292913,323.949300,0.293454
560.390,11,-0.116178,1.626848,-0.212112,0.069025,-0.201595,0.015355,0.976913,8.108838,336.689200,0.125603
560.502,11,-0.071823,1.636798,-0.236929,0.035547,-0.171338,0.000529,0.984571,4.024250,340.233600,359.360100
560.612,11,-0.037873,1.638256,-0.254342,0.036115,-0.158016,-0.009957,0.986726,3.906317,341.742700,358.215800
560.724,11,-0.014242,1.633719,-0.262378,0.042877,-0.158151,-0.006463,0.986463,4.735051,341.721000,358.487000
560.835,11,0.002499,1.634096,-0.263477,0.044971,-0.162747,-0.008219,0.985608,4.931903,341.171100,358.226200
560.946,11,0.018603,1.625027,-0.258551,0.055323,-0.165524,-0.004513,0.984643,6.168536,340.830500,358.432200
561.057,11,0.019397,1.622819,-0.246475,0.069207,-0.163939,-0.002623,0.984036,7.778558,340.973400,358.389100
561.168,11,0.002712,1.618878,-0.214103,0.070613,-0.164576,-0.001196,0.983833,7.963937,340.903900,358.519000
561.279,11,-0.022283,1.612313,-0.178919,0.070697,-0.165795,-0.004993,0.983610,7.898649,340.731700,358.075500
561.390,11,-0.062403,1.611283,-0.130429,0.074928,-0.151793,-0.009276,0.985525,8.329833,342.314900,357.623300
561.501,11,-0.097060,1.617392,-0.085792,0.071389,-0.138508,-0.013533,0.987692,7.890012,343.848900,357.308800
561.612,11,-0.124479,1.617765,-0.045153,0.083826,-0.131746,-0.016170,0.987601,9.283145,344.548300,356.861900
561.724,11,-0.144378,1.619453,-0.005380,0.086445,-0.129979,-0.022504,0.987485,9.490074,344.679900,356.109800
561.835,11,-0.157699,1.617797,0.033684,0.087784,-0.129390,-0.026798,0.987337,9.579194,344.699100,355.600900
561.946,11,-0.170681,1.615476,0.091269,0.093239,-0.139340,-0.030756,0.985365,10.089060,343.456700,354.953900
562.057,11,-0.179216,1.615222,0.142899,0.087884,-0.167159,-0.035982,0.981346,9.233522,340.196400,354.185100
562.168,11,-0.189146,1.622034,0.217531,0.071490,-0.218932,-0.040168,0.972288,6.974646,334.234400,353.671500
562.280,11,-0.198722,1.626242,0.282939,0.064201,-0.262982,-0.040811,0.961797,5.856144,329.083300,353.519800
562.391,11,-0.213033,1.632137,0.340909,0.049603,-0.300888,-0.044949,0.951307,3.860476,324.672700,353.359900
562.503,11,-0.232728,1.630419,0.391274,0.046851,-0.331048,-0.045084,0.941371,3.345643,321.055100,353.333000
562.615,11,-0.256231,1.620539,0.433143,0.048653,-0.344860,-0.045210,0.936302,3.435587,319.356100,353.198500
562.726,11,-0.289267,1.600029,0.477707,0.055252,-0.361218,-0.040964,0.929941,4.195996,317.299400,353.314700
562.837,11,-0.306356,1.589925,0.495017,0.067326,-0.377664,-0.041622,0.922553,5.323858,315.131800,352.634300
562.948,11,-0.308291,1.591849,0.491300,0.075396,-0.397562,-0.043805,0.913423,5.906507,312.540400,351.910400
563.059,11,-0.294417,1.602553,0.467972,0.065875,-0.413974,-0.049524,0.906551,4.498630,310.585100,351.675500
563.170,11,-0.262374,1.619681,0.416595,0.039821,-0.437254,-0.057063,0.896642,1.232392,307.922000,352.115000
563.281,11,-0.222411,1.629944,0.355154,0.017391,-0.465723,-0.066064,0.882290,358.232300,304.462700,352.366500
563.392,11,-0.171417,1.637554,0.285513,-0.000518,-0.492370,-0.069218,0.867630,356.039900,301.089500,353.114400
563.503,11,-0.113180,1.641871,0.217796,-0.016280,-0.513669,-0.070174,0.854959,354.264900,298.302800,354.042700
563.615,11,-0.063762,1.640737,0.167142,-0.015405,-0.526459,-0.068763,0.847275,354.346900,296.576000,354.215200
563.726,11,-0.009609,1.640643,0.118844,-0.007728,-0.524686,-0.066781,0.848637,355.227800,296.798400,353.938100
563.836,11,0.021835,1.645982,0.094049,-0.006628,-0.522979,-0.065383,0.849808,355.431400,297.022600,354.000100
563.947,11,0.052727,1.648153,0.072813,-0.007977,-0.519166,-0.060942,0.852461,355.590900,297.527500,354.496800
564.058,11,0.070401,1.649631,0.062363,-0.011250,-0.519737,-0.062827,0.851939,355.154100,297.460900,354.508500
564.169,11,0.084239,1.648626,0.054101,-0.007886,-0.524551,-0.057139,0.849423,355.794000,296.793800,354.891800
564.280,11,0.089147,1.644597,0.053057,0.007636,-0.530304,-0.045515,0.846550,357.974400,295.958000,355.111700
564.391,11,0.091050,1.638211,0.057030,0.033346,-0.531173,-0.029515,0.846092,1.436681,295.697700,355.101200
564.502,11,0.093131,1.625284,0.065090,0.093395,-0.516874,-0.005903,0.850931,8.791778,296.972700,353.808000
564.612,11,0.097048,1.608016,0.074088,0.158402,-0.487521,0.030313,0.858087,17.541860,299.841600,353.833300
564.723,11,0.101798,1.597376,0.080695,0.193553,-0.467556,0.046334,0.861268,22.131200,301.780000,353.729100
564.833,11,0.105479,1.592441,0.084079,0.209668,-0.455863,0.052056,0.863434,24.175290,302.968900,353.627000
564.944,11,0.107552,1.589126,0.084424,0.218977,-0.454654,0.058334,0.861357,25.485190,302.927000,353.727600
565.055,11,0.109116,1.587096,0.082806,0.223565,-0.457104,0.063550,0.858508,26.229130,302.513200,353.903500
565.166,11,0.111311,1.586310,0.079785,0.225384,-0.460198,0.067045,0.856110,26.590750,302.073500,354.053200
565.277,11,0.112393,1.591447,0.076322,0.207014,-0.468998,0.058446,0.856604,24.172150,301.329800,354.083100
565.388,11,0.113573,1.612047,0.068154,0.132295,-0.499848,0.013145,0.855849,13.862380,298.637000,353.509000
565.500,11,0.118096,1.625048,0.059743,0.083932,-0.517346,-0.010668,0.851584,7.580179,297.038600,353.918800
565.612,11,0.121448,1.626168,0.053658,0.082854,-0.524299,-0.007910,0.847457,7.593032,296.126400,354.193200
565.723,11,0.122945,1.624826,0.049837,0.084723,-0.529697,0.000905,0.843944,8.277157,295.401200,354.884900
565.834,11,0.123912,1.623399,0.048312,0.087929,-0.535890,0.007781,0.839660,8.974879,294.535900,355.286200
565.946,11,0.125171,1.621937,0.049132,0.093188,-0.539343,0.011187,0.836839,9.673579,293.993400,355.240300
566.056,11,0.125548,1.620585,0.050966,0.097882,-0.539443,0.014474,0.836188,10.329660,293.916900,355.253900
566.168,11,0.126165,1.618642,0.053122,0.103947,-0.538939,0.018505,0.835701,11.167830,293.900600,355.257400
566.279,10,0.126011,1.617590,0.053706,0.106780,-0.541172,0.020858,0.833844,11.575060,293.552400,355.269700
566.389,10,0.124942,1.616393,0.053213,0.109713,-0.545155,0.025015,0.830749,12.096650,292.967100,355.421200
566.501,10,0.123453,1.616181,0.052629,0.109058,-0.548275,0.026443,0.828735,12.108150,292.552800,355.556100
566.612,10,0.121509,1.617191,0.052044,0.104696,-0.548503,0.024078,0.829219,11.539610,292.589800,355.614500
566.723,10,0.119412,1.618892,0.052547,0.098478,-0.547797,0.022101,0.830501,10.823620,292.788500,355.844000
566.834,10,0.116519,1.617666,0.053364,0.105791,-0.547679,0.025413,0.829584,11.733610,292.691700,355.682200
566.945,10,0.111849,1.616218,0.054852,0.112016,-0.551043,0.030799,0.826351,12.654500,292.133200,355.735800
567.056,10,0.105271,1.612264,0.057215,0.119990,-0.556129,0.043983,0.821212,14.240570,291.335400,356.378700
567.168,10,0.092238,1.606537,0.066083,0.134817,-0.569811,0.056634,0.808661,16.414430,289.125200,356.291500
567.278,10,0.077606,1.602821,0.078543,0.142875,-0.584729,0.064756,0.795918,17.647670,286.795500,356.148700
567.389,10,0.048220,1.598235,0.100583,0.149335,-0.620584,0.075902,0.766038,18.844360,281.281900,355.815200
567.500,10,0.015030,1.592824,0.125145,0.150621,-0.661582,0.091315,0.728892,19.901110,274.834500,355.964100
567.611,10,-0.023919,1.593946,0.153802,0.144851,-0.706100,0.109575,0.684423,20.672140,267.603800,356.656500
567.723,10,-0.059132,1.591421,0.180233,0.135233,-0.748913,0.127338,0.636103,21.270710,260.218600,357.505700
567.834,10,-0.080934,1.589482,0.198819,0.135192,-0.783309,0.141570,0.590007,22.415110,253.426000,357.225900
567.945,10,-0.091468,1.587428,0.209179,0.123181,-0.826891,0.159541,0.524999,23.152920,244.361300,357.743800
568.057,10,-0.085856,1.583783,0.205766,0.123032,-0.855796,0.173508,0.471562,24.394070,237.072700,357.045500
568.168,10,-0.068034,1.576837,0.195700,0.124631,-0.888843,0.195793,0.395084,26.521730,226.919500,355.715600
568.279,10,-0.052531,1.579085,0.188467,0.117868,-0.902893,0.188734,0.367793,25.309930,223.272000,355.303700
568.390,10,-0.032133,1.578778,0.179806,0.094499,-0.907965,0.197020,0.357565,25.173050,222.555800,358.055600
568.501,10,-0.012575,1.575054,0.174528,0.078501,-0.911186,0.213798,0.343319,26.328740,221.347000,0.239358
568.612,10,0.008289,1.575228,0.174099,0.074628,-0.916591,0.212648,0.330262,26.047500,219.683600,0.232953
568.723,10,0.030845,1.579608,0.174614,0.062512,-0.931843,0.202519,0.294528,24.472340,215.118500,0.175770
568.835,10,0.051159,1.580075,0.176948,0.052357,-0.942410,0.200444,0.262574,23.909660,211.225100,0.412389
568.945,10,0.073135,1.580193,0.182196,0.056617,-0.949616,0.198169,0.236121,23.772440,207.743000,359.126900
569.057,10,0.085007,1.581029,0.186336,0.062744,-0.952682,0.193572,0.225811,23.400890,206.253500,357.993800
569.168,10,0.098627,1.584461,0.191757,0.062570,-0.955338,0.182624,0.223747,22.143990,205.905000,357.659300
569.279,10,0.112435,1.587582,0.194839,0.060528,-0.957399,0.176893,0.220072,21.429470,205.447600,357.657900
569.390,10,0.131441,1.593292,0.196270,0.048513,-0.964687,0.164425,0.199977,19.672340,203.129000,358.306000
569.501,10,0.147800,1.598284,0.199351,0.043211,-0.969028,0.155212,0.187156,18.480640,201.610700,358.450400
569.612,10,0.163421,1.597530,0.199147,0.035691,-0.971106,0.159204,0.174164,18.762160,200.196700,359.161000
569.723,10,0.175597,1.596173,0.197781,0.028579,-0.973549,0.160767,0.159813,18.793830,198.601800,359.742100
569.835,10,0.184254,1.596136,0.199032,0.025297,-0.974439,0.160344,0.155303,18.683990,198.115900,0.030387
569.946,10,0.192428,1.597255,0.200609,0.021730,-0.976734,0.152849,0.148847,17.761460,197.358200,0.183715
570.057,10,0.196610,1.598164,0.205941,0.022766,-0.977645,0.148383,0.147223,17.267560,197.120100,359.950600
570.168,10,0.199790,1.598144,0.212908,0.025746,-0.978435,0.146248,0.143576,17.072490,196.620600,359.497300
570.279,10,0.202972,1.598059,0.215890,0.027277,-0.980089,0.144700,0.133207,16.912130,195.346900,359.106600
570.390,10,0.205488,1.597556,0.219675,0.028466,-0.981410,0.142928,0.124882,16.717390,194.326200,358.792900
570.501,10,0.206819,1.597635,0.222373,0.029073,-0.982029,0.141363,0.121618,16.541910,193.922100,358.642100
570.612,10,0.207522,1.597873,0.223934,0.029281,-0.982682,0.138959,0.119034,16.264680,193.604600,358.539600
570.723,10,0.207953,1.597213,0.225617,0.030364,-0.982651,0.140028,0.117762,16.400390,193.437800,358.405500
570.834,10,0.208709,1.596513,0.226236,0.030174,-0.983161,0.139486,0.114135,16.329610,193.008000,358.358400
570.945,10,0.209035,1.596044,0.227170,0.030346,-0.983384,0.139238,0.112466,16.300460,192.806200,358.306500
571.057,10,0.209195,1.595569,0.227866,0.029747,-0.983431,0.139564,0.111809,16.329200,192.738700,358.369900
571.168,10,0.209514,1.594402,0.228242,0.029805,-0.983032,0.141880,0.112380,16.597350,192.810400,358.402900
571.279,10,0.209793,1.594238,0.228344,0.029510,-0.983037,0.142349,0.111821,16.646610,192.749900,358.433900
571.390,10,0.210807,1.594382,0.227136,0.027966,-0.983287,0.141125,0.111575,16.485510,192.744000,358.595400
571.501,10,0.211284,1.594155,0.225656,0.026192,-0.983165,0.142135,0.111800,16.579230,192.803200,358.821000
571.612,10,0.211612,1.594177,0.224100,0.025077,-0.983146,0.142326,0.111972,16.586930,192.843100,358.957600
571.723,10,0.212272,1.594241,0.223771,0.024630,-0.982881,0.143648,0.112708,16.734080,192.942100,359.040600
571.834,10,0.212571,1.594421,0.223760,0.023927,-0.982890,0.142968,0.113644,16.647440,193.063500,359.130400
571.945,10,0.212755,1.594866,0.223313,0.023619,-0.983031,0.141634,0.114157,16.490320,193.125800,359.157400
572.056,10,0.213203,1.594743,0.223537,0.023751,-0.982913,0.141331,0.115514,16.458360,193.284200,359.161200
572.168,10,0.213031,1.595118,0.224259,0.024443,-0.982702,0.140560,0.118080,16.381350,193.575900,359.113400
572.278,10,0.213604,1.595092,0.225140,0.025600,-0.982780,0.139251,0.118729,16.247430,193.629900,358.970400
572.390,10,0.214528,1.595592,0.225793,0.025434,-0.982983,0.137721,0.118876,16.069400,193.645800,358.970800
572.501,10,0.215406,1.595822,0.226314,0.025242,-0.983076,0.136450,0.119608,15.921430,193.732300,358.987800
572.612,10,0.215931,1.596006,0.225810,0.024108,-0.983255,0.135357,0.119612,15.780270,193.747800,359.105200
572.723,10,0.216795,1.595652,0.224459,0.023985,-0.983236,0.135312,0.119845,15.773560,193.777300,359.122900
572.834,10,0.216793,1.595251,0.223521,0.023869,-0.983012,0.136166,0.120736,15.870860,193.887700,359.163200
572.945,10,0.216819,1.594572,0.222841,0.023751,-0.982709,0.137550,0.121652,16.028850,194.002900,359.212200
573.056,10,0.217382,1.594178,0.221946,0.022526,-0.982832,0.137233,0.121248,15.974910,193.973600,359.344500
573.167,10,0.217601,1.593779,0.220771,0.022518,-0.983052,0.136966,0.119760,15.943130,193.796000,359.316700
573.279,10,0.217524,1.593572,0.220268,0.022821,-0.982926,0.137687,0.119906,16.030290,193.810800,359.293900
573.389,10,0.217197,1.593224,0.219806,0.022644,-0.982840,0.138021,0.120261,16.066380,193.857000,359.325300
573.500,10,0.216838,1.592845,0.219576,0.023401,-0.982565,0.139349,0.120829,16.229970,193.916500,359.265300
573.611,10,0.216505,1.592863,0.219220,0.022975,-0.982591,0.138708,0.121442,16.150820,193.994300,359.316400
573.723,10,0.216935,1.592859,0.218558,0.022458,-0.982562,0.138920,0.121530,16.167930,194.014000,359.381500
573.834,10,0.217695,1.593077,0.217974,0.021454,-0.982561,0.138949,0.121684,16.157180,194.048900,359.502300
573.945,10,0.219022,1.593019,0.216785,0.019683,-0.982739,0.139120,0.120341,16.151270,193.918700,359.689700
574.056,10,0.219758,1.592732,0.215817,0.019848,-0.982668,0.139504,0.120452,16.197810,193.930600,359.677700
574.167,10,0.220558,1.592412,0.214728,0.019597,-0.982735,0.139893,0.119493,16.238610,193.822100,359.696600
574.278,10,0.220727,1.592677,0.213482,0.019887,-0.982948,0.138977,0.118758,16.137150,193.726500,359.636900
574.389,10,0.220969,1.592796,0.212635,0.020289,-0.983174,0.138748,0.117077,16.115670,193.519100,359.558200
574.500,10,0.220819,1.592847,0.212027,0.020889,-0.983226,0.138313,0.117044,16.073880,193.503900,359.481200
574.611,10,0.220601,1.592655,0.212642,0.021435,-0.983077,0.138605,0.117848,16.115340,193.591600,359.434800
574.722,10,0.220482,1.592613,0.213328,0.022134,-0.983069,0.138097,0.118384,16.066860,193.642300,359.354700
574.833,10,0.220651,1.592652,0.214041,0.021732,-0.983162,0.137134,0.118804,15.950900,193.695500,359.395300
574.945,10,0.220921,1.592879,0.215167,0.021125,-0.983286,0.136548,0.118566,15.875060,193.675200,359.454200
575.056,10,0.221409,1.593206,0.215629,0.021064,-0.983263,0.136593,0.118710,15.879480,193.693400,359.464300
575.167,10,0.222116,1.593213,0.216074,0.020147,-0.983306,0.136275,0.118881,15.830370,193.727300,359.570000
575.278,10,0.222801,1.593155,0.216364,0.019528,-0.983324,0.136694,0.118354,15.869720,193.676100,359.639700
575.389,10,0.223594,1.593305,0.216223,0.019451,-0.983439,0.136116,0.118074,15.802140,193.642100,359.635900
575.500,10,0.224313,1.593271,0.216162,0.019168,-0.983479,0.136125,0.117781,15.799280,193.611800,359.664300
575.611,10,0.224804,1.593200,0.216417,0.019874,-0.983370,0.136501,0.118132,15.852240,193.643600,359.592800
575.723,10,0.225410,1.593112,0.216993,0.019642,-0.983307,0.136497,0.118704,15.848830,193.715200,359.629400
575.834,10,0.225739,1.592739,0.217727,0.020086,-0.983195,0.136774,0.119234,15.887050,193.772100,359.590100
575.945,10,0.225920,1.592478,0.219070,0.020409,-0.982989,0.137105,0.120492,15.930100,193.917600,359.577900
576.056,10,0.225886,1.592502,0.219258,0.020397,-0.983137,0.136732,0.119712,15.886700,193.823700,359.561000
576.167,10,0.225583,1.592276,0.219333,0.020666,-0.983048,0.137403,0.119629,15.967460,193.811800,359.537700
576.278,10,0.225114,1.592208,0.219646,0.021426,-0.982989,0.137808,0.119515,16.024470,193.787300,359.452500
576.389,10,0.224659,1.592241,0.220394,0.021547,-0.983100,0.137580,0.118840,15.999640,193.704300,359.423900
576.501,10,0.224421,1.592251,0.221018,0.021863,-0.983237,0.137666,0.117542,16.013080,193.545100,359.366300
576.611,10,0.224780,1.592817,0.221598,0.021212,-0.983678,0.135775,0.116156,15.785980,193.384900,359.393300
576.723,10,0.224257,1.593049,0.222149,0.020801,-0.983715,0.135047,0.116770,15.697220,193.462000,359.441400
576.834,10,0.223492,1.593037,0.222728,0.020536,-0.983455,0.135582,0.118371,15.755830,193.658100,359.506200
576.945,10,0.222914,1.593423,0.223661,0.020752,-0.983483,0.134369,0.119482,15.620080,193.782600,359.481900
577.056,10,0.222850,1.593454,0.224137,0.020711,-0.983588,0.133745,0.119325,15.547870,193.762600,359.475200
577.167,10,0.222322,1.593668,0.224927,0.021258,-0.983471,0.133749,0.120188,15.556390,193.856400,359.425300
577.278,10,0.222359,1.593804,0.224847,0.020726,-0.983623,0.133276,0.119560,15.494350,193.788700,359.470600
577.389,10,0.222203,1.593601,0.224923,0.020407,-0.983482,0.133729,0.120260,15.542210,193.878300,359.525700
577.500,10,0.222390,1.593381,0.224481,0.019952,-0.983523,0.134132,0.119557,15.581790,193.803400,359.573300
577.611,10,0.222604,1.593334,0.224893,0.018968,-0.983581,0.134165,0.119196,15.571850,193.776100,359.683100
577.722,10,0.222826,1.593215,0.225045,0.019021,-0.983513,0.134521,0.119352,15.613530,193.795100,359.684500
577.834,10,0.222923,1.593227,0.224964,0.018607,-0.983507,0.134459,0.119536,15.600690,193.823300,359.735000
577.945,10,0.222989,1.593224,0.224235,0.017867,-0.983638,0.134059,0.119023,15.544300,193.772500,359.807500
578.056,10,0.223163,1.592812,0.223291,0.018094,-0.983449,0.135321,0.119121,15.692410,193.785200,359.800700
578.167,10,0.223463,1.592867,0.222125,0.017993,-0.983486,0.135223,0.118942,15.679750,193.765200,359.808100
578.278,10,0.223703,1.592808,0.220751,0.017701,-0.983566,0.134811,0.118790,15.628340,193.750200,359.833900
578.389,10,0.223888,1.592727,0.219272,0.018230,-0.983484,0.135205,0.118937,15.680930,193.760800,359.780100
578.500,10,0.224339,1.592782,0.217814,0.018228,-0.983644,0.134663,0.118229,15.618550,193.674800,359.760900
578.611,10,0.224548,1.592419,0.215945,0.017574,-0.983697,0.135248,0.117214,15.676470,193.566800,359.829300
578.723,10,0.224996,1.592335,0.214184,0.017419,-0.983662,0.135319,0.117450,15.682640,193.597500,359.852200
578.834,10,0.225411,1.591885,0.213051,0.017073,-0.983644,0.136072,0.116782,15.764220,193.526500,359.892500
578.945,10,0.225802,1.591293,0.212604,0.016968,-0.983423,0.137544,0.116930,15.932000,193.551300,359.928100
579.056,10,0.225895,1.591172,0.212161,0.016603,-0.983541,0.136990,0.116642,15.863280,193.520800,359.958200
579.167,10,0.226246,1.591110,0.211904,0.016058,-0.983522,0.137762,0.115966,15.944590,193.452300,0.021764
579.278,10,0.226175,1.590728,0.211531,0.016111,-0.983289,0.139017,0.116437,16.089530,193.512400,0.041187
579.389,10,0.226094,1.590390,0.211538,0.015032,-0.983278,0.138750,0.116995,16.044070,193.595300,0.173223
579.500,10,0.226082,1.590219,0.211476,0.014727,-0.983148,0.139599,0.117111,16.137410,193.617500,0.223047
579.611,10,0.225528,1.590054,0.211224,0.013788,-0.983027,0.139876,0.117913,16.156090,193.729600,0.350612
579.722,10,0.225158,1.590042,0.211050,0.013301,-0.983027,0.140084,0.117717,16.173310,193.715100,0.407408
579.833,10,0.225022,1.589941,0.211349,0.014718,-0.982737,0.141695,0.118046,16.377990,193.737900,0.270288
579.945,10,0.224988,1.590144,0.212067,0.013890,-0.982736,0.141854,0.117961,16.384790,193.742300,0.368229
580.056,10,0.224936,1.589993,0.212691,0.014348,-0.982604,0.142437,0.118299,16.457980,193.777500,0.328823
580.167,10,0.224996,1.590285,0.213118,0.014282,-0.982845,0.140775,0.118295,16.266160,193.770800,0.312306
580.278,10,0.224907,1.590579,0.213452,0.013699,-0.982932,0.140224,0.118295,16.194750,193.778000,0.372662
580.389,10,0.224952,1.590650,0.213655,0.013539,-0.982842,0.140341,0.118924,16.205680,193.856000,0.403701
580.500,10,0.224775,1.590566,0.213343,0.013731,-0.982975,0.139645,0.118625,16.128460,193.814100,0.366036
580.611,10,0.224546,1.590588,0.213228,0.014105,-0.982927,0.139952,0.118613,16.168950,193.807900,0.326458
580.722,10,0.224266,1.590670,0.212528,0.014165,-0.983117,0.139488,0.117577,16.116770,193.681700,0.295229
580.833,10,0.223668,1.590521,0.211731,0.013775,-0.983195,0.138829,0.117746,16.035720,193.705400,0.334182
580.945,10,0.223408,1.590383,0.211177,0.012758,-0.983198,0.138987,0.117652,16.039820,193.711300,0.454044
581.056,10,0.223165,1.590339,0.210716,0.012154,-0.983292,0.138743,0.117214,16.003640,193.668100,0.514017
581.167,10,0.222823,1.590203,0.210101,0.010489,-0.983271,0.139263,0.116938,16.040660,193.664700,0.712057
581.278,10,0.222698,1.589939,0.210162,0.010258,-0.983143,0.140234,0.116872,16.149100,193.665300,0.752159
581.389,10,0.222297,1.589783,0.209685,0.009905,-0.983231,0.140337,0.116038,16.156720,193.572300,0.780862
581.500,10,0.221651,1.589401,0.209000,0.009898,-0.983071,0.141182,0.116369,16.253490,193.615900,0.799591
581.611,10,0.221040,1.588850,0.207670,0.010586,-0.982778,0.142480,0.117196,16.411460,193.709200,0.751907
581.723,10,0.221145,1.588461,0.206408,0.009621,-0.982864,0.143106,0.115787,16.471360,193.560600,0.850123
581.833,10,0.221505,1.588166,0.205298,0.008844,-0.982899,0.143987,0.114455,16.563240,193.419500,0.931029
581.945,10,0.222619,1.587815,0.204435,0.008711,-0.982933,0.145015,0.112862,16.681250,193.237200,0.933643
582.056,10,0.223358,1.587411,0.203861,0.008182,-0.982851,0.145650,0.112794,16.747250,193.241200,1.003612
582.167,10,0.224160,1.587569,0.203625,0.008436,-0.982820,0.145582,0.113136,16.742450,193.277300,0.978801
582.278,10,0.224897,1.587525,0.203188,0.007864,-0.982830,0.145645,0.113010,16.742230,193.272400,1.044736
582.389,10,0.225997,1.587217,0.202545,0.007571,-0.982789,0.146232,0.112626,16.806250,193.234700,1.080807
582.500,10,0.227125,1.587487,0.201632,0.007055,-0.982919,0.146189,0.111574,16.795650,193.117900,1.122414
582.611,10,0.227735,1.587451,0.200877,0.007067,-0.982982,0.146265,0.110916,16.805310,193.039600,1.110447
582.722,10,0.227988,1.587246,0.199983,0.006963,-0.982871,0.147239,0.110618,16.916350,193.011000,1.131216
582.833,10,0.228130,1.587225,0.199661,0.006744,-0.982906,0.147220,0.110347,16.911610,192.982400,1.151874
582.945,10,0.228098,1.587201,0.199392,0.006686,-0.982912,0.147101,0.110461,16.897000,192.996300,1.159027
583.056,10,0.227997,1.587001,0.199192,0.007100,-0.982948,0.147470,0.109613,16.945840,192.890000,1.100518
583.167,10,0.227030,1.586924,0.199376,0.007809,-0.982790,0.147492,0.110948,16.956110,193.037000,1.041082
583.278,10,0.226616,1.587061,0.199713,0.008146,-0.982805,0.147523,0.110751,16.964340,193.007800,0.998335
583.389,10,0.225982,1.586890,0.199969,0.008714,-0.982805,0.147608,0.110590,16.981720,192.979200,0.929823
583.500,10,0.225459,1.586731,0.200371,0.009315,-0.982826,0.147819,0.110071,17.014390,192.907900,0.852710
583.611,10,0.225095,1.586553,0.200519,0.009936,-0.982753,0.148202,0.110157,17.066450,192.909200,0.786447
583.723,10,0.224689,1.586276,0.200098,0.010271,-0.982828,0.148200,0.109460,17.071100,192.820100,0.734495
583.833,10,0.224358,1.585687,0.199394,0.010603,-0.982642,0.148955,0.110067,17.161880,192.890400,0.716750
583.945,10,0.224107,1.585851,0.198255,0.010868,-0.982799,0.147992,0.109938,17.054600,192.865900,0.669932
584.056,10,0.224033,1.585682,0.197250,0.010642,-0.982783,0.148354,0.109610,17.093600,192.832400,0.695616
584.167,10,0.223887,1.585374,0.196500,0.011318,-0.982560,0.149515,0.109972,17.235770,192.869100,0.638480
584.278,10,0.224136,1.585252,0.195641,0.011019,-0.982682,0.149602,0.108784,17.242670,192.733000,0.653437
584.388,10,0.223765,1.584916,0.194900,0.011615,-0.982531,0.149974,0.109572,17.292700,192.818300,0.602604
584.500,10,0.223558,1.585034,0.194164,0.011255,-0.982590,0.149994,0.109047,17.290730,192.762200,0.635748
584.611,10,0.223390,1.585363,0.193856,0.010051,-0.982912,0.148413,0.108425,17.093570,192.701600,0.744845
584.722,10,0.223439,1.585375,0.194098,0.010373,-0.982956,0.148803,0.107457,17.143290,192.582400,0.694767
584.833,10,0.222930,1.585907,0.194971,0.009290,-0.983061,0.147590,0.108269,16.989190,192.692400,0.820364
584.944,10,0.222474,1.586290,0.196382,0.009174,-0.983016,0.146950,0.109552,16.912970,192.844200,0.848104
585.056,10,0.222419,1.586517,0.197549,0.008169,-0.982913,0.146707,0.110875,16.870600,193.018100,0.986363
585.167,10,0.222863,1.587149,0.198832,0.006681,-0.982911,0.145468,0.112611,16.706510,193.244000,1.174344
585.278,10,0.223520,1.587606,0.199412,0.004866,-0.983030,0.144474,0.112942,16.567490,193.309000,1.379071
585.388,10,0.224404,1.587774,0.199813,0.003157,-0.982984,0.144193,0.113757,16.510850,193.433100,1.589807
585.500,10,0.225603,1.588188,0.199328,0.001052,-0.983202,0.143596,0.112660,16.415700,193.334400,1.809368
585.611,10,0.226828,1.587878,0.198294,-0.000655,-0.983253,0.144071,0.111608,16.449530,193.240600,1.998573
585.722,10,0.227614,1.587490,0.197181,-0.000692,-0.983250,0.144630,0.110914,16.514720,193.162100,1.999053
585.833,10,0.228758,1.587042,0.196383,-0.001097,-0.983390,0.144747,0.109507,16.525680,193.002200,2.023980
585.944,10,0.229390,1.586180,0.195778,-0.001156,-0.983337,0.145564,0.108898,16.620110,192.935600,2.031997
586.056,10,0.229416,1.585872,0.195492,-0.001190,-0.983427,0.145034,0.108786,16.558900,192.919600,2.026521
586.167,10,0.229295,1.585781,0.195846,-0.000074,-0.983246,0.145329,0.110036,16.604950,193.051300,1.921297
586.278,10,0.228782,1.586062,0.196216,0.000527,-0.983297,0.144487,0.110678,16.514890,193.112500,1.849707
586.388,10,0.227951,1.586402,0.197035,0.001497,-0.983213,0.143944,0.112118,16.462740,193.264500,1.752775
586.500,10,0.227543,1.586321,0.197439,0.002426,-0.983193,0.143282,0.113120,16.397320,193.364400,1.651401
586.611,10,0.227193,1.587080,0.198444,0.002773,-0.983384,0.141750,0.113377,16.225470,193.380600,1.592748
586.722,10,0.227340,1.587505,0.198871,0.002310,-0.983595,0.140430,0.113203,16.067840,193.360000,1.624938
586.833,10,0.227564,1.587554,0.198502,0.002041,-0.983883,0.139471,0.111886,15.956250,193.202700,1.620754
586.944,10,0.227413,1.587505,0.198232,0.002010,-0.984028,0.139140,0.111017,15.919170,193.098200,1.605180
587.055,10,0.227357,1.587104,0.197852,0.002154,-0.983937,0.139579,0.111274,15.971150,193.128700,1.598828
587.167,10,0.227206,1.586841,0.197220,0.001581,-0.983876,0.140107,0.111161,16.024460,193.127500,1.671681
587.278,10,0.227086,1.585950,0.196917,0.001893,-0.983365,0.142500,0.112620,16.301100,193.309300,1.694018
587.388,10,0.227274,1.585611,0.196373,0.001803,-0.983041,0.143955,0.113596,16.465390,193.435300,1.742443
587.500,10,0.227660,1.585410,0.195780,0.001078,-0.983072,0.144299,0.112903,16.496400,193.367100,1.820724
587.611,10,0.227912,1.584803,0.195027,0.001445,-0.982743,0.146295,0.113188,16.730320,193.406700,1.811779
587.722,10,0.228536,1.584870,0.194297,0.000903,-0.982853,0.146572,0.111879,16.757340,193.261700,1.856551
587.832,10,0.229247,1.584595,0.193601,0.000385,-0.982825,0.147733,0.110594,16.886450,193.124400,1.911669
587.944,10,0.229636,1.584445,0.192794,0.000209,-0.982852,0.147853,0.110190,16.898780,193.080000,1.926885
588.055,10,0.229749,1.584369,0.192184,0.000452,-0.982771,0.148725,0.109740,17.003110,193.027400,1.902874
588.166,10,0.229983,1.583735,0.191503,0.000569,-0.982593,0.149829,0.109832,17.131530,193.043000,1.906605
588.277,10,0.229889,1.583288,0.191256,0.000792,-0.982263,0.151024,0.111133,17.269510,193.201700,1.921055
588.388,10,0.229959,1.583084,0.190808,0.000845,-0.982336,0.150971,0.110560,17.265200,193.132100,1.903659
588.500,10,0.230216,1.583253,0.190570,0.000966,-0.982421,0.150561,0.110357,17.220020,193.103200,1.879855
588.611,10,0.230740,1.583497,0.190403,0.000215,-0.982576,0.150156,0.109530,17.165080,193.015200,1.947481
588.722,10,0.231248,1.584007,0.190324,-0.000370,-0.982603,0.150317,0.109067,17.176930,192.971300,2.010414
588.833,10,0.231444,1.584563,0.190178,-0.000686,-0.982700,0.149632,0.109137,17.093850,192.980900,2.039089
588.944,10,0.231205,1.584684,0.190215,-0.001255,-0.982632,0.149958,0.109293,17.123570,193.011500,2.113580
589.055,10,0.231235,1.584811,0.189877,-0.001255,-0.982659,0.149837,0.109222,17.109710,193.002300,2.110543
589.166,10,0.231103,1.584991,0.189534,-0.001983,-0.982688,0.149820,0.108966,17.098830,192.984300,2.191462
589.278,10,0.231254,1.585071,0.188957,-0.002307,-0.982643,0.150235,0.108794,17.142750,192.972100,2.232446
589.388,10,0.231049,1.585182,0.188288,-0.002752,-0.982801,0.149897,0.107818,17.100290,192.861400,2.262524
589.500,10,0.231043,1.585042,0.187676,-0.003200,-0.982742,0.150357,0.107702,17.147690,192.858300,2.319804
589.611,10,0.231130,1.585012,0.187079,-0.003178,-0.982773,0.150318,0.107482,17.143940,192.831400,2.312674
589.722,10,0.231216,1.584908,0.186567,-0.003646,-0.982722,0.150743,0.107334,17.187150,192.824800,2.371236
589.833,10,0.231214,1.584654,0.186136,-0.003633,-0.982679,0.151179,0.107115,17.238060,192.801300,2.371974
589.944,10,0.231332,1.584684,0.185717,-0.004002,-0.982696,0.151089,0.107071,17.223080,192.802000,2.413372
590.055,10,0.231594,1.584427,0.185264,-0.004368,-0.982770,0.151087,0.106378,17.219750,192.725700,2.443955
590.166,10,0.231465,1.584381,0.185294,-0.003990,-0.982712,0.151282,0.106658,17.246380,192.753700,2.407168
590.278,10,0.231510,1.584484,0.185170,-0.004409,-0.982848,0.150852,0.105990,17.193160,192.678600,2.438379
590.388,10,0.231421,1.584528,0.185459,-0.004781,-0.982986,0.150495,0.105202,17.149350,192.588900,2.463029
590.499,10,0.231037,1.584360,0.185641,-0.004230,-0.982939,0.150486,0.105672,17.154140,192.635200,2.406482
590.610,10,0.230007,1.584309,0.186025,-0.004116,-0.982814,0.150650,0.106600,17.172240,192.744900,2.412055
590.722,10,0.229352,1.584231,0.186038,-0.003382,-0.982850,0.149998,0.107215,17.105090,192.801100,2.327270
590.833,10,0.228899,1.584112,0.186048,-0.003488,-0.982902,0.150001,0.106729,17.105230,192.745100,2.331136
590.944,10,0.228543,1.583998,0.186273,-0.003400,-0.982837,0.150110,0.107176,17.117860,192.797500,2.330289
591.055,10,0.228390,1.584012,0.186254,-0.003463,-0.982884,0.150236,0.106565,17.132980,192.726500,2.328584
591.166,10,0.228707,1.584194,0.185696,-0.003571,-0.983197,0.149387,0.104854,17.037890,192.519100,2.298770
591.277,10,0.228434,1.584447,0.185274,-0.003753,-0.983261,0.148876,0.104978,16.976550,192.533800,2.315307
591.388,10,0.228498,1.585090,0.185254,-0.004485,-0.983437,0.148079,0.104422,16.876900,192.475200,2.380455
591.499,10,0.228524,1.585539,0.185257,-0.004373,-0.983337,0.148065,0.105382,16.874390,192.587500,2.384134
591.610,10,0.228186,1.586339,0.185427,-0.004233,-0.983617,0.145672,0.106110,16.599040,192.656600,2.346838
591.722,10,0.228244,1.587192,0.185817,-0.004109,-0.983838,0.144186,0.106093,16.429760,192.643200,2.311162
591.832,10,0.227949,1.587554,0.186274,-0.004130,-0.983991,0.143200,0.106011,16.316320,192.627700,2.298439
591.944,10,0.227416,1.587479,0.186911,-0.003519,-0.984116,0.142298,0.106091,16.220160,192.621500,2.215479
592.055,10,0.227528,1.587412,0.187596,-0.002363,-0.984104,0.141955,0.106689,16.194160,192.671500,2.085164
592.166,10,0.227292,1.587155,0.187808,-0.002075,-0.984385,0.140421,0.106136,16.022580,192.592100,2.020802
592.277,10,0.227036,1.586576,0.188343,-0.001243,-0.984075,0.141375,0.107737,16.139640,192.774200,1.963339
592.388,10,0.226990,1.585981,0.188611,-0.001626,-0.983905,0.142527,0.107772,16.267140,192.791400,2.024957
592.499,10,0.226951,1.585449,0.188967,-0.001201,-0.983875,0.143236,0.107110,16.355450,192.709800,1.973762
592.610,10,0.226966,1.584832,0.189160,-0.000563,-0.983790,0.145128,0.105336,16.584640,192.499100,1.894436
592.721,10,0.226852,1.584335,0.188916,0.000443,-0.983925,0.144971,0.104281,16.581160,192.355600,1.755680
592.833,10,0.226338,1.583754,0.188606,-0.000015,-0.983811,0.146017,0.103899,16.696580,192.323800,1.817039
592.944,10,0.225884,1.583597,0.188059,-0.000569,-0.983733,0.146235,0.104329,16.713950,192.385700,1.892721
593.055,10,0.225109,1.583735,0.187973,0.000075,-0.983463,0.146648,0.106277,16.765930,192.609000,1.856716
593.166,10,0.224542,1.583591,0.187710,0.000387,-0.983232,0.147574,0.107133,16.874830,192.711000,1.847916
593.277,10,0.224452,1.583469,0.186849,0.000467,-0.983385,0.147118,0.106349,16.824870,192.613600,1.818417
593.388,10,0.224240,1.583308,0.186118,0.000093,-0.983198,0.148022,0.106825,16.923180,192.682000,1.883418
593.499,10,0.224559,1.583488,0.185356,-0.000246,-0.983301,0.148065,0.105812,16.925730,192.567400,1.905975
593.610,10,0.224882,1.583443,0.184827,-0.000683,-0.983251,0.148979,0.104983,17.027160,192.481600,1.955238
593.722,10,0.225503,1.583485,0.184427,-0.001307,-0.983351,0.148920,0.104121,17.014200,192.389400,2.012577
593.832,10,0.226015,1.583661,0.184309,-0.001092,-0.983387,0.148728,0.104064,16.994940,192.377800,1.983626
593.944,10,0.226017,1.583686,0.184281,-0.001824,-0.983265,0.149169,0.104576,17.035510,192.454100,2.085027
594.055,10,0.226225,1.583627,0.184355,-0.001376,-0.983113,0.149699,0.105245,17.100750,192.529300,2.051507
594.166,10,0.225935,1.583899,0.184742,-0.001030,-0.982973,0.149867,0.106318,17.122270,192.652200,2.032329
594.277,10,0.226013,1.583903,0.184510,-0.000689,-0.982998,0.150252,0.105540,17.172520,192.555700,1.983511
594.388,10,0.225738,1.584023,0.183607,-0.000233,-0.983200,0.149453,0.104795,17.087660,192.454100,1.905458
594.499,10,0.225689,1.583879,0.182991,0.000188,-0.983051,0.150030,0.105367,17.158300,192.518400,1.874043
594.610,10,0.225552,1.583617,0.181749,0.000270,-0.983191,0.149466,0.104860,17.095450,192.453100,1.847472
594.721,10,0.225843,1.583455,0.180888,0.000156,-0.983275,0.149092,0.104604,17.051430,192.422500,1.851245
594.832,10,0.225763,1.583515,0.180062,0.000059,-0.983312,0.149018,0.104363,17.042100,192.395000,1.857382
594.943,10,0.225662,1.583564,0.179919,0.000152,-0.983287,0.149000,0.104624,17.040690,192.424300,1.850776
595.055,10,0.225475,1.583534,0.180066,0.000057,-0.983200,0.149245,0.105090,17.066880,192.483000,1.873725
595.166,10,0.224767,1.583816,0.181078,0.000777,-0.983163,0.148723,0.106170,17.013810,192.596200,1.800899
595.277,10,0.224303,1.583982,0.182069,0.001443,-0.983201,0.148419,0.106235,16.987170,192.590600,1.719476
595.388,10,0.223724,1.583807,0.183046,0.001724,-0.983170,0.148515,0.106387,17.001570,192.604300,1.690464
595.499,10,0.223664,1.583696,0.183396,0.002052,-0.983139,0.148839,0.106213,17.043310,192.579800,1.653128
595.610,10,0.223416,1.583284,0.183299,0.002328,-0.983040,0.149302,0.106467,17.099710,192.607800,1.631625
595.721,10,0.223124,1.582827,0.183538,0.001995,-0.982916,0.149835,0.106872,17.156150,192.665000,1.685466
595.832,10,0.222588,1.582636,0.183848,0.002312,-0.982820,0.150208,0.107228,17.202540,192.704000,1.659754
595.943,10,0.222111,1.582472,0.183900,0.002487,-0.982731,0.150559,0.107545,17.244630,192.740800,1.649752
596.054,10,0.221979,1.582340,0.183746,0.002540,-0.982741,0.150686,0.107273,17.260440,192.708100,1.640339
596.166,10,0.221585,1.582235,0.183095,0.002750,-0.982600,0.151384,0.107579,17.342990,192.744900,1.630880
596.277,10,0.221694,1.582280,0.182211,0.002209,-0.982734,0.151166,0.106671,17.312440,192.644900,1.675186
596.388,10,0.221771,1.581985,0.180766,0.002195,-0.982572,0.152061,0.106890,17.415000,192.676500,1.693272
596.499,10,0.222013,1.581953,0.179645,0.002141,-0.982661,0.152066,0.106060,17.416310,192.578400,1.684502
596.610,10,0.222421,1.581745,0.178206,0.001453,-0.982579,0.152759,0.105835,17.487790,192.567900,1.771203
596.721,10,0.222770,1.581623,0.177121,0.001730,-0.982513,0.153105,0.105946,17.530990,192.578200,1.745334
596.832,10,0.223185,1.581631,0.176501,0.001354,-0.982523,0.153186,0.105740,17.535900,192.560800,1.787015
596.943,10,0.223592,1.581551,0.176119,0.001472,-0.982445,0.153579,0.105889,17.582430,192.578800,1.781293
597.054,10,0.223768,1.581552,0.175689,0.001347,-0.982481,0.153358,0.105884,17.555420,192.579100,1.792863
597.166,10,0.224372,1.581304,0.174888,0.000898,-0.982441,0.154349,0.104811,17.665870,192.464900,1.839720
597.277,10,0.224819,1.580889,0.173965,0.000602,-0.982358,0.155109,0.104467,17.750420,192.433800,1.878834
597.388,10,0.224619,1.580662,0.173557,0.000439,-0.982217,0.155713,0.104893,17.817140,192.491400,1.914421
597.499,10,0.224938,1.580680,0.173369,-0.000069,-0.982329,0.155518,0.104137,17.789810,192.409000,1.957519
597.610,10,0.224852,1.580626,0.172850,-0.000202,-0.982325,0.155214,0.104625,17.752090,192.468000,1.978153
597.721,10,0.224482,1.580638,0.172533,0.000767,-0.982213,0.155384,0.105416,17.782390,192.545900,1.880912
597.832,10,0.224823,1.580532,0.172103,0.000360,-0.982322,0.155123,0.104790,17.748290,192.477000,1.913637
597.943,10,0.224819,1.580254,0.171581,0.000505,-0.982230,0.155640,0.104879,17.809600,192.488000,1.905365
598.054,10,0.224973,1.580313,0.171178,0.000378,-0.982313,0.155441,0.104401,17.785940,192.432000,1.908632
598.166,10,0.225026,1.580230,0.170591,0.000591,-0.982355,0.155286,0.104237,17.771050,192.407500,1.878199
598.277,10,0.225062,1.579852,0.169992,0.000987,-0.982236,0.155637,0.104825,17.815460,192.472700,1.847312
598.388,10,0.224810,1.580019,0.169670,0.000573,-0.982198,0.155651,0.105163,17.811130,192.520800,1.902732
598.499,10,0.224449,1.579899,0.169422,0.001055,-0.982105,0.155913,0.105644,17.846530,192.571200,1.858426
598.610,10,0.224198,1.579945,0.169070,0.000999,-0.982086,0.156073,0.105578,17.864450,192.565200,1.866047
598.721,10,0.224037,1.579817,0.168587,0.001275,-0.982087,0.156247,0.105313,17.888410,192.529500,1.830905
598.832,10,0.223989,1.579488,0.168209,0.001768,-0.981932,0.157065,0.105532,17.988610,192.551500,1.788160
598.943,10,0.223970,1.579261,0.168285,0.001522,-0.981929,0.157115,0.105491,17.991360,192.551500,1.817123
599.054,10,0.224140,1.579144,0.168743,0.001651,-0.981932,0.157242,0.105269,18.008010,192.523300,1.799462
599.165,10,0.224074,1.579250,0.169252,0.001837,-0.982017,0.156789,0.105153,17.958380,192.503300,1.768942
599.277,10,0.223594,1.578843,0.170035,0.002876,-0.981690,0.157275,0.107431,18.023550,192.759600,1.696061
599.388,10,0.223473,1.579240,0.170897,0.003495,-0.981867,0.156032,0.107609,17.888000,192.762100,1.608774
599.499,10,0.223223,1.579436,0.171417,0.003115,-0.981922,0.155376,0.108065,17.806740,192.819800,1.652988
599.610,10,0.222509,1.579633,0.172126,0.003394,-0.981859,0.154952,0.109227,17.759590,192.951100,1.635780
599.721,10,0.222011,1.580149,0.172852,0.003897,-0.982033,0.153431,0.109797,17.590010,193.001200,1.565257
599.832,10,0.221887,1.580148,0.173579,0.003544,-0.981863,0.153788,0.110824,17.624830,193.132400,1.630998
599.943,10,0.221687,1.580227,0.174392,0.003552,-0.981892,0.153645,0.110769,17.608510,193.124900,1.627025
600.054,10,0.221702,1.580242,0.175433,0.003893,-0.981958,0.153580,0.110259,17.606420,193.057300,1.576381
600.165,10,0.221734,1.579956,0.176448,0.004449,-0.981960,0.154201,0.109352,17.686620,192.942600,1.502904
600.276,10,0.221593,1.579842,0.176932,0.004842,-0.982003,0.154247,0.108876,17.697770,192.878700,1.448277
600.388,10,0.221051,1.579651,0.177358,0.005732,-0.981846,0.154141,0.110390,17.695070,193.043000,1.369838
600.499,10,0.220648,1.579358,0.177552,0.006516,-0.981625,0.154847,0.111320,17.785540,193.144000,1.304757
600.609,10,0.220316,1.579019,0.177990,0.005961,-0.981583,0.154999,0.111514,17.795300,193.178200,1.376157
600.721,10,0.219891,1.578812,0.178897,0.007155,-0.981168,0.156568,0.112892,17.990240,193.330300,1.283840
600.832,10,0.219876,1.578682,0.179058,0.007840,-0.981191,0.156885,0.112207,18.036830,193.237300,1.194516
600.943,10,0.219821,1.578711,0.178939,0.007217,-0.981269,0.156762,0.111736,18.014870,193.191700,1.257370
601.054,10,0.220099,1.578296,0.178603,0.008900,-0.981225,0.157198,0.111387,18.087910,193.121200,1.058089
601.165,10,0.220682,1.578140,0.178626,0.008393,-0.981235,0.158078,0.110083,18.184150,192.979200,1.105699
601.276,10,0.220785,1.577630,0.179051,0.008644,-0.980945,0.159220,0.111002,18.318020,193.091000,1.109917
601.387,10,0.220601,1.578665,0.180021,0.007667,-0.981130,0.157718,0.111582,18.131280,193.170400,1.215069
601.498,10,0.220797,1.579047,0.180441,0.007204,-0.981385,0.156706,0.110792,18.009450,193.078700,1.240165
601.609,10,0.220456,1.579252,0.181265,0.007687,-0.981352,0.155949,0.112109,17.926970,193.223200,1.197199
601.721,10,0.220745,1.579719,0.181805,0.007427,-0.981657,0.154903,0.110907,17.804530,193.078300,1.190272
601.832,10,0.220792,1.579970,0.182385,0.007662,-0.981868,0.153518,0.110944,17.647980,193.070900,1.143477
601.943,10,0.220500,1.580507,0.183681,0.007989,-0.981908,0.152928,0.111384,17.583880,193.114400,1.104755
602.054,10,0.220343,1.580580,0.184963,0.007799,-0.981886,0.153370,0.110985,17.632790,193.072400,1.126021
602.165,10,0.219677,1.580285,0.186351,0.008684,-0.981802,0.152987,0.112182,17.599090,193.197600,1.038306
602.277,10,0.219084,1.580292,0.187958,0.009098,-0.981738,0.152805,0.112957,17.582850,193.281800,1.001252
602.387,10,0.218560,1.580402,0.189689,0.009062,-0.981774,0.152758,0.112705,17.577190,193.252100,1.000130
602.498,10,0.218147,1.580294,0.190793,0.009760,-0.981799,0.152479,0.112812,17.554310,193.250900,0.915778
602.609,10,0.217246,1.579966,0.191586,0.011478,-0.981528,0.152593,0.114830,17.588870,193.461800,0.752102
602.721,10,0.217381,1.579940,0.191252,0.011579,-0.981670,0.151769,0.114697,17.495480,193.439900,0.725778
602.831,10,0.217196,1.579945,0.190683,0.011330,-0.981566,0.151812,0.115556,17.496390,193.547400,0.771540
602.943,10,0.217248,1.579880,0.189762,0.010316,-0.981592,0.151088,0.116373,17.398360,193.659300,0.895499
603.054,10,0.217879,1.580262,0.188970,0.009772,-0.981736,0.150642,0.115781,17.340150,193.595800,0.942165
603.165,10,0.218939,1.580459,0.187745,0.008964,-0.982046,0.149090,0.115233,17.151100,193.536400,1.004614
603.276,10,0.219403,1.580971,0.186908,0.007879,-0.982151,0.148907,0.114646,17.115870,193.484300,1.119166
603.387,10,0.220415,1.581447,0.186499,0.006897,-0.982366,0.148072,0.113945,17.007330,193.413300,1.209998
603.498,10,0.220505,1.581539,0.186112,0.007032,-0.982261,0.147533,0.115534,16.945140,193.597600,1.214491
603.609,10,0.220408,1.581939,0.185930,0.006827,-0.982165,0.146918,0.117137,16.869640,193.788900,1.257946
603.721,10,0.220487,1.582149,0.185409,0.006343,-0.982140,0.146605,0.117764,16.826060,193.870300,1.321246
603.831,10,0.220208,1.581665,0.185014,0.006656,-0.981998,0.147146,0.118254,16.891990,193.926400,1.301260
603.943,10,0.219983,1.581120,0.184632,0.006957,-0.981883,0.147786,0.118391,16.969550,193.941100,1.277868
604.054,10,0.219954,1.580767,0.184548,0.007352,-0.981770,0.148814,0.118014,17.093820,193.895100,1.240181
604.165,10,0.219975,1.580673,0.184280,0.007235,-0.981757,0.149162,0.117696,17.132650,193.861200,1.253527
604.276,10,0.220411,1.580314,0.183797,0.006790,-0.981638,0.150385,0.117158,17.267800,193.811700,1.314543
604.387,10,0.220732,1.579890,0.183452,0.007310,-0.981495,0.150969,0.117570,17.341730,193.855000,1.269613
604.498,10,0.220958,1.579511,0.183218,0.007356,-0.981318,0.151961,0.117766,17.456230,193.883400,1.282686
604.609,10,0.221042,1.579453,0.182937,0.006910,-0.981346,0.151846,0.117705,17.436830,193.883400,1.332425
604.721,10,0.221315,1.579486,0.182237,0.006850,-0.981444,0.151641,0.117157,17.413130,193.817700,1.326282
604.831,10,0.221238,1.579143,0.181854,0.007435,-0.981234,0.152346,0.117968,17.501280,193.908300,1.282955
604.943,10,0.221008,1.579390,0.182091,0.007202,-0.981108,0.152718,0.118547,17.540100,193.984000,1.326702
605.054,10,0.221372,1.579369,0.182516,0.006914,-0.981120,0.152865,0.118275,17.553260,193.957400,1.357833
605.165,10,0.221668,1.579622,0.182876,0.006702,-0.981178,0.152701,0.118014,17.531810,193.929000,1.375537
605.276,10,0.222494,1.579974,0.183033,0.005870,-0.981356,0.152262,0.117142,17.470940,193.837000,1.450845
605.388,10,0.223526,1.580439,0.183097,0.004829,-0.981444,0.151897,0.116929,17.414740,193.827900,1.564049
605.498,10,0.224328,1.580714,0.183291,0.004467,-0.981492,0.151510,0.117040,17.364980,193.845300,1.602820
605.609,10,0.225244,1.581221,0.183819,0.003928,-0.981591,0.150432,0.117622,17.232470,193.917700,1.660504
605.721,10,0.226159,1.581729,0.183755,0.003279,-0.981837,0.149134,0.117238,17.074810,193.875300,1.710199
605.831,10,0.227129,1.582047,0.183435,0.002419,-0.981926,0.148784,0.116955,17.022970,193.854300,1.800969
605.943,10,0.228049,1.582190,0.182684,0.002868,-0.981942,0.148324,0.117401,16.975560,193.896900,1.749179
606.054,10,0.228753,1.582249,0.182022,0.002779,-0.982016,0.148278,0.116835,16.970090,193.830600,1.748870
606.165,10,0.229176,1.582167,0.181408,0.002564,-0.982187,0.147254,0.116699,16.849570,193.811800,1.756303
606.276,10,0.229928,1.582259,0.181336,0.002589,-0.982113,0.147165,0.117431,16.838410,193.898100,1.764877
606.387,10,0.230559,1.582345,0.181599,0.001956,-0.982234,0.146231,0.117597,16.721890,193.923000,1.828027
606.498,10,0.231348,1.582305,0.181993,0.001740,-0.982257,0.146013,0.117682,16.693620,193.935500,1.851549
606.609,10,0.231778,1.582180,0.182617,0.001122,-0.982178,0.145957,0.118414,16.677100,194.033000,1.936090
606.720,10,0.232206,1.582378,0.183073,0.001280,-0.982199,0.145990,0.118198,16.683520,194.004700,1.914183
606.832,10,0.232571,1.581960,0.183508,0.001163,-0.982006,0.146564,0.119091,16.746070,194.116800,1.952391
606.943,10,0.232596,1.581795,0.183998,0.001464,-0.981972,0.146597,0.119327,16.753650,194.140000,1.921760
607.054,10,0.233057,1.581700,0.184918,0.001264,-0.981890,0.147438,0.118965,16.848130,194.105600,1.951888
607.165,10,0.233421,1.581391,0.185913,0.001284,-0.981970,0.146819,0.119065,16.777160,194.113200,1.941696
607.276,10,0.234024,1.581317,0.187049,0.001146,-0.981860,0.147418,0.119241,16.843590,194.140400,1.970297
607.387,10,0.234446,1.581503,0.187646,0.000397,-0.981890,0.147038,0.119462,16.788860,194.177100,2.056209
607.498,10,0.234470,1.581354,0.187888,0.000398,-0.981700,0.147553,0.120388,16.846010,194.290900,2.080561
607.609,10,0.234207,1.581300,0.188160,0.000452,-0.981576,0.148031,0.120812,16.900900,194.343700,2.089146
607.720,10,0.234443,1.581174,0.187838,0.000430,-0.981547,0.148283,0.120736,16.929610,194.336700,2.094341
607.831,10,0.234606,1.581095,0.187669,0.000389,-0.981538,0.148261,0.120840,16.926320,194.349700,2.100654
607.942,10,0.234734,1.581185,0.187594,0.000632,-0.981493,0.148775,0.120568,16.989500,194.316400,2.075423
608.054,10,0.234971,1.581143,0.187722,0.000104,-0.981517,0.148793,0.120355,16.984410,194.300300,2.133938
608.165,10,0.234844,1.581361,0.188279,0.000284,-0.981625,0.148208,0.120194,16.920090,194.274000,2.100681
608.276,10,0.234801,1.581514,0.189010,0.000315,-0.981656,0.148006,0.120187,16.897370,194.271300,2.093768
608.387,10,0.234580,1.581561,0.190266,0.000378,-0.981807,0.147143,0.120015,16.799400,194.244100,2.069902
608.498,10,0.234003,1.581588,0.191456,0.000894,-0.981798,0.146890,0.120394,16.777030,194.278800,2.011954
608.609,10,0.233245,1.581889,0.193014,0.000481,-0.981921,0.145971,0.120512,16.665220,194.293900,2.048120
608.720,10,0.232255,1.582085,0.194218,0.001072,-0.981992,0.145127,0.120948,16.575980,194.330500,1.973147
608.831,10,0.231134,1.582435,0.195702,0.001155,-0.982042,0.144038,0.121839,16.450390,194.428300,1.961699
608.942,10,0.229820,1.582786,0.197221,0.001266,-0.982039,0.143001,0.123079,16.330390,194.567600,1.953543
609.053,10,0.228577,1.583065,0.198287,0.002030,-0.981693,0.143058,0.125738,16.343110,194.872100,1.910426
609.164,10,0.227559,1.583061,0.199059,0.002218,-0.981473,0.143431,0.127016,16.386240,195.023700,1.916378
609.276,10,0.227276,1.582643,0.199241,0.002566,-0.981344,0.143905,0.127475,16.444990,195.075700,1.891198
609.387,10,0.227348,1.582691,0.199258,0.002107,-0.981442,0.143432,0.127257,16.384170,195.054200,1.933476
609.498,10,0.227794,1.582506,0.198827,0.001465,-0.981468,0.143643,0.126829,16.399520,195.015300,2.004834
609.609,10,0.228739,1.582366,0.198025,0.000948,-0.981549,0.143687,0.126151,16.398130,194.943400,2.054538
609.720,10,0.229670,1.582109,0.197171,0.000139,-0.981570,0.144648,0.124891,16.499010,194.813000,2.143230
609.831,10,0.230347,1.581915,0.196432,0.000111,-0.981671,0.145007,0.123675,16.542400,194.670900,2.131191
609.942,10,0.231063,1.581801,0.195890,-0.000293,-0.981739,0.145330,0.122749,16.575630,194.569400,2.167728
610.053,10,0.231233,1.581260,0.195512,0.000111,-0.981481,0.147065,0.122744,16.780800,194.573700,2.148045
610.164,10,0.231274,1.581228,0.195534,0.000755,-0.981487,0.146541,0.123322,16.728860,194.628100,2.074125
610.276,10,0.231355,1.580912,0.195851,0.001402,-0.981262,0.147648,0.123784,16.864580,194.679600,2.024187
610.387,10,0.231382,1.580513,0.195997,0.001731,-0.981183,0.148313,0.123617,16.946120,194.658400,1.993288
610.498,10,0.231226,1.580380,0.195957,0.002212,-0.981233,0.147915,0.123686,16.907420,194.655700,1.931558
610.608,10,0.230815,1.580236,0.196296,0.002962,-0.980865,0.148891,0.125405,17.027260,194.854600,1.889816
610.720,10,0.230943,1.580654,0.196039,0.003406,-0.981040,0.147427,0.125752,16.865190,194.878800,1.820109
610.831,10,0.231366,1.580627,0.196019,0.002782,-0.980948,0.148388,0.125354,16.966960,194.848300,1.901896
610.942,10,0.232286,1.581036,0.195355,0.001738,-0.981324,0.147497,0.123472,16.852780,194.635600,1.976748
611.053,10,0.232451,1.581059,0.194947,0.001218,-0.981365,0.147667,0.122943,16.865770,194.582500,2.031134
611.164,10,0.232533,1.581104,0.194025,0.000879,-0.981401,0.148127,0.122104,16.915380,194.491200,2.063485
611.276,10,0.231900,1.581325,0.193672,0.001178,-0.981282,0.148172,0.123006,16.923060,194.594000,2.045035
611.387,10,0.230747,1.581272,0.193448,0.001623,-0.981256,0.148156,0.123226,16.927330,194.612600,1.996428
611.498,10,0.229779,1.581330,0.193729,0.002222,-0.980995,0.148811,0.124493,17.008810,194.757900,1.959145
611.608,10,0.229102,1.581236,0.193292,0.002798,-0.981098,0.148486,0.124064,16.980920,194.694500,1.878680
611.720,10,0.228995,1.580811,0.192612,0.003444,-0.980873,0.149472,0.124639,17.102600,194.758500,1.828966
611.831,10,0.229016,1.580730,0.192027,0.002504,-0.980811,0.150134,0.124352,17.165250,194.744900,1.944899
611.942,10,0.229489,1.580615,0.191852,0.002258,-0.980708,0.151117,0.123980,17.275270,194.711300,1.983047
612.053,10,0.229900,1.580572,0.191949,0.001161,-0.980795,0.151256,0.123136,17.276760,194.630600,2.098973
612.164,10,0.230166,1.580745,0.192357,0.000547,-0.980881,0.150939,0.122838,17.231970,194.603700,2.160601
612.276,10,0.230172,1.580970,0.192787,0.000407,-0.980991,0.150317,0.122723,17.158630,194.588200,2.165048
612.387,10,0.229908,1.581131,0.193767,0.000426,-0.980843,0.150159,0.124098,17.137730,194.751000,2.184962
612.497,10,0.229714,1.581300,0.194239,0.000062,-0.980957,0.149365,0.124151,17.041090,194.758100,2.215805
612.608,10,0.229579,1.581632,0.194782,0.000311,-0.981088,0.148571,0.124068,16.953720,194.738500,2.172246
612.720,10,0.229365,1.581587,0.194512,0.000590,-0.981077,0.148488,0.124255,16.947900,194.755400,2.141338
612.831,10,0.228978,1.581472,0.194164,0.001329,-0.981025,0.148602,0.124525,16.971450,194.775800,2.061226
612.942,10,0.229002,1.581630,0.193863,0.001188,-0.981047,0.148735,0.124191,16.985360,194.739100,2.074028
613.053,10,0.228900,1.581482,0.193336,0.001380,-0.981116,0.148478,0.123953,16.959190,194.705700,2.043098
613.165,10,0.228847,1.581277,0.192992,0.001448,-0.981024,0.148784,0.124313,16.994570,194.749500,2.046454
613.276,10,0.229113,1.581204,0.192460,0.000811,-0.981055,0.148932,0.123894,17.003000,194.711500,2.116172
613.387,10,0.229230,1.581210,0.191980,0.001053,-0.981016,0.149051,0.124062,17.019860,194.728100,2.092683
613.498,10,0.229405,1.580962,0.191570,0.000569,-0.981014,0.149319,0.123754,17.044150,194.701600,2.148438
613.608,10,0.229423,1.580810,0.191232,0.000955,-0.980896,0.149966,0.123902,17.123920,194.717100,2.116138
613.720,10,0.229406,1.580886,0.191082,0.000660,-0.980949,0.150066,0.123368,17.132140,194.659000,2.142772
613.831,10,0.229272,1.580546,0.190762,0.000720,-0.980658,0.151247,0.124236,17.266800,194.769900,2.170615
613.942,10,0.229789,1.581203,0.191529,-0.003235,-0.980008,0.151684,0.128707,17.245700,195.377000,2.723880
614.053,10,0.235942,1.587323,0.197690,-0.023044,-0.977495,0.147733,0.148822,16.377090,198.080000,5.324025
614.164,10,0.242954,1.598775,0.207566,-0.036952,-0.978609,0.130314,0.154849,14.099680,198.809100,6.671708
614.276,10,0.239534,1.603887,0.219851,-0.007539,-0.978182,0.124802,0.165915,13.984310,199.660300,3.317951
614.387,10,0.233880,1.605389,0.231134,0.013321,-0.968589,0.138563,0.206055,15.897160,204.280200,1.864933
614.498,10,0.231653,1.609338,0.236666,-0.000513,-0.967680,0.122508,0.220423,13.701940,206.054400,3.245306
614.609,10,0.229352,1.613770,0.240117,-0.007117,-0.964017,0.114949,0.239598,12.604180,208.361800,4.042981
614.720,10,0.226457,1.614341,0.237665,0.000619,-0.961635,0.117752,0.247775,13.107320,209.283800,3.364697
614.831,10,0.222505,1.612797,0.233918,0.006651,-0.958352,0.125640,0.256382,14.136070,210.333400,3.054720
614.942,10,0.215813,1.614492,0.231630,0.014168,-0.958327,0.115046,0.261101,13.173630,210.705000,1.937633
615.053,10,0.203389,1.612387,0.228204,0.019223,-0.954714,0.123213,0.270129,14.220380,211.817100,1.765274
615.164,10,0.187210,1.610351,0.228174,0.041171,-0.943680,0.126465,0.302950,15.285640,215.587800,359.935900
615.275,10,0.171101,1.612085,0.231782,0.051566,-0.925662,0.122280,0.354314,15.243480,221.820400,359.476600
615.386,10,0.144312,1.618714,0.243646,0.048625,-0.877027,0.095009,0.468437,12.251670,236.238500,0.218085
615.497,10,0.120195,1.624787,0.253911,0.032406,-0.827823,0.068961,0.555791,8.638329,247.854600,1.333269
615.608,10,0.087895,1.630741,0.263913,0.020723,-0.775266,0.040035,0.630024,5.059299,258.245000,1.053506
615.719,10,0.061704,1.633754,0.268860,0.017458,-0.745396,0.024906,0.665928,3.461643,263.566900,0.410128
615.830,10,0.028086,1.637514,0.271728,0.020495,-0.717651,0.009951,0.696030,2.453734,268.228400,359.107400
615.942,10,0.003979,1.638641,0.270978,0.009501,-0.703074,0.012078,0.710951,1.747339,270.641700,0.218638
616.053,10,-0.017327,1.639256,0.268356,0.010407,-0.682535,0.002781,0.730774,1.089041,273.904200,359.418800
616.165,10,-0.039002,1.641181,0.260135,0.001491,-0.657721,-0.001142,0.753259,0.042592,277.747200,359.789100
616.276,10,-0.059351,1.642994,0.247657,-0.004224,-0.637369,-0.008048,0.770505,359.039200,280.807600,359.597900
616.387,10,-0.090894,1.643965,0.225094,-0.005841,-0.608455,-0.010717,0.793494,358.721500,285.044000,359.432700
616.498,10,-0.116740,1.643225,0.205163,-0.000986,-0.585542,-0.011307,0.810562,359.149700,288.319400,359.015800
616.609,10,-0.147678,1.641776,0.181095,0.010627,-0.547374,-0.015082,0.836685,0.072899,293.611800,357.887000
616.720,10,-0.170254,1.640455,0.162942,0.020794,-0.512397,-0.016554,0.858337,1.073268,298.301800,357.149100
616.831,10,-0.185047,1.638827,0.146137,0.030809,-0.480113,-0.015775,0.876523,2.227245,302.512900,356.716200
616.943,10,-0.193042,1.639472,0.130130,0.032141,-0.455480,-0.016168,0.889519,2.432976,305.699600,356.669500
617.053,10,-0.199100,1.638644,0.117706,0.034589,-0.440319,-0.015399,0.897043,2.779654,307.630300,356.666000
617.165,10,-0.203921,1.637679,0.110569,0.040315,-0.430948,-0.015369,0.901345,3.407099,308.786900,356.413100
617.276,10,-0.207364,1.636605,0.106892,0.043951,-0.422331,-0.012923,0.905283,3.937052,309.860700,356.522000
617.386,10,-0.210576,1.635559,0.103708,0.049863,-0.416047,-0.011399,0.907904,4.649323,310.615500,356.422800
617.497,10,-0.211951,1.634960,0.101277,0.053331,-0.413335,-0.010960,0.908950,5.042219,310.931500,356.315600
617.608,10,-0.213155,1.634042,0.096385,0.057811,-0.421397,-0.007983,0.904996,5.618827,309.884700,356.360600
617.720,10,-0.212282,1.636794,0.089842,0.048217,-0.437727,-0.009631,0.897763,4.481886,307.880700,356.578200
617.831,10,-0.209540,1.639980,0.077844,0.038988,-0.460641,-0.009607,0.886678,3.456340,305.003300,356.958900
617.942,10,-0.207646,1.642586,0.064227,0.028698,-0.486682,-0.010224,0.873048,2.301481,301.672200,357.373600
618.053,10,-0.205423,1.644443,0.051934,0.021861,-0.504585,-0.011732,0.863005,1.483761,299.340300,357.574200
618.164,10,-0.204883,1.645229,0.042855,0.009976,-0.512326,-0.016562,0.858573,0.009173,298.349200,357.784300
618.276,10,-0.205983,1.646509,0.040743,-0.005314,-0.504270,-0.022602,0.863234,358.168000,299.447000,358.070000
618.387,10,-0.210759,1.646167,0.054480,-0.010654,-0.454688,-0.028764,0.890122,357.413600,305.936500,357.618000
618.498,10,-0.215667,1.644592,0.073251,-0.001852,-0.398998,-0.035356,0.916268,358.188800,312.995100,356.368200
618.609,10,-0.226919,1.641831,0.097831,-0.001633,-0.354516,-0.039085,0.934231,358.237100,318.502600,355.876600
618.720,10,-0.247691,1.643205,0.117689,-0.004312,-0.352582,-0.038379,0.934984,357.986900,318.746400,356.056700
618.832,10,-0.273296,1.645273,0.137698,-0.001316,-0.347538,-0.039634,0.936827,358.280100,319.356200,355.791900
618.943,10,-0.296578,1.643476,0.157182,0.003289,-0.331724,-0.034980,0.942722,359.025500,321.261400,356.092600
619.055,10,-0.313095,1.640133,0.171804,0.011891,-0.316256,-0.031946,0.948061,0.134077,323.099900,356.095400
619.166,10,-0.329497,1.637636,0.186484,0.015973,-0.292997,-0.024655,0.955662,0.921417,325.883800,356.761600
619.277,10,-0.339843,1.637086,0.194808,0.017190,-0.274902,-0.025972,0.960968,1.074871,328.039900,356.595900
619.388,10,-0.355349,1.636092,0.203127,0.018772,-0.247120,-0.027983,0.968399,1.290870,331.328100,356.359800
619.499,10,-0.369288,1.634435,0.208920,0.023491,-0.227809,-0.023314,0.973143,2.011388,333.592600,356.783300
619.610,10,-0.385406,1.630948,0.215852,0.028833,-0.210383,-0.016935,0.977047,2.821075,335.632700,357.404800
619.721,10,-0.395872,1.628489,0.220719,0.034028,-0.199403,-0.013295,0.979236,3.516712,336.910500,357.725700
619.832,10,-0.403469,1.625900,0.223993,0.040489,-0.191205,-0.013144,0.980627,4.265712,337.845200,357.628600
619.943,10,-0.411148,1.625090,0.225894,0.039866,-0.185751,-0.010131,0.981736,4.273212,338.497400,358.005700
620.055,10,-0.417972,1.624700,0.227357,0.039188,-0.185696,-0.008310,0.981790,4.235933,338.513600,358.226100
620.166,10,-0.425697,1.624197,0.230284,0.039428,-0.185067,-0.006543,0.981913,4.301658,338.593400,358.423000
620.277,10,-0.431092,1.623692,0.231285,0.040011,-0.189063,-0.006670,0.981127,4.358093,338.123900,358.378300
620.387,10,-0.440376,1.625693,0.224791,0.028709,-0.207709,-0.009108,0.977727,3.001104,335.968000,358.293700
620.498,10,-0.455320,1.626116,0.211284,0.019836,-0.229615,-0.007876,0.973048,2.004899,333.420500,358.598900
620.609,10,-0.487072,1.628284,0.190109,0.012692,-0.240506,-0.013704,0.970468,1.033774,332.145300,358.125500
620.721,10,-0.521026,1.633568,0.170479,0.000049,-0.237848,-0.011284,0.971237,359.697900,332.482400,358.742700
620.831,10,-0.552116,1.640426,0.154633,-0.016696,-0.229623,-0.021080,0.972908,357.583300,333.480900,358.087100
620.943,10,-0.579149,1.647918,0.148775,-0.040349,-0.206452,-0.026658,0.977261,354.843800,336.234500,357.960500
621.055,10,-0.598605,1.652269,0.152889,-0.060013,-0.189809,-0.031037,0.979493,352.568100,338.208600,357.802700
621.166,10,-0.614418,1.655796,0.172051,-0.078375,-0.156306,-0.036488,0.983918,350.465900,342.176000,357.250800
621.278,10,-0.619103,1.657399,0.194730,-0.093865,-0.127266,-0.035633,0.986774,348.795200,345.568200,357.286900
621.388,10,-0.621176,1.663591,0.231979,-0.109682,-0.113169,-0.042559,0.986586,346.935100,347.311500,356.518700
621.499,10,-0.623673,1.672096,0.262670,-0.116043,-0.098741,-0.036803,0.987639,346.320800,348.933800,357.063300
621.610,10,-0.633179,1.675642,0.303245,-0.112977,-0.082253,-0.033540,0.989619,346.754300,350.824400,357.185400
621.722,10,-0.648218,1.676938,0.342367,-0.100707,-0.059701,-0.028034,0.992728,348.270100,353.379300,357.445600
621.832,10,-0.668496,1.671162,0.382289,-0.086167,-0.033098,-0.022270,0.995482,350.035900,356.387500,357.751900
621.944,10,-0.694437,1.663662,0.422393,-0.072634,0.004796,-0.018776,0.997170,351.681500,0.711793,357.790800
622.055,10,-0.720670,1.659572,0.454610,-0.063028,0.044594,-0.014173,0.996914,352.853700,5.244651,358.043200
622.165,10,-0.753279,1.659841,0.493465,-0.059499,0.102771,-0.017189,0.992775,353.419200,11.974130,357.325200
622.277,10,-0.775408,1.662540,0.521686,-0.059231,0.144533,-0.016194,0.987593,353.551400,16.811700,357.167200
622.388,10,-0.796403,1.662692,0.555040,-0.056044,0.187785,-0.021911,0.980365,354.165300,21.874890,356.310900
622.498,10,-0.809156,1.661648,0.575418,-0.050257,0.208321,-0.022417,0.976511,354.904700,24.250820,356.274500
622.609,10,-0.819274,1.660813,0.594558,-0.051076,0.227415,-0.021710,0.972215,354.868600,26.500030,356.232500
622.720,10,-0.823114,1.658709,0.607088,-0.048899,0.246781,-0.019738,0.967636,355.130200,28.767390,356.413300
622.831,10,-0.823682,1.658170,0.615797,-0.049853,0.267279,-0.016962,0.962179,355.016600,31.197550,356.588000
622.942,10,-0.821416,1.657241,0.620955,-0.051081,0.285136,-0.018043,0.956955,354.981600,33.344730,356.335900
623.053,10,-0.816563,1.656814,0.622298,-0.050105,0.306577,-0.018114,0.950353,355.174100,35.916710,356.251100
623.164,10,-0.812098,1.656683,0.618592,-0.046052,0.327052,-0.016483,0.943740,355.633300,38.361740,356.479100
623.275,10,-0.810304,1.655470,0.606900,-0.037446,0.332199,-0.015607,0.942337,356.548400,38.931800,356.882100
623.386,10,-0.809186,1.655453,0.575747,-0.031475,0.309448,-0.018660,0.950212,357.233400,36.153050,356.846800
623.497,10,-0.805706,1.653161,0.539657,-0.031608,0.279735,-0.016713,0.959411,357.059400,32.583490,357.144400
623.608,10,-0.793168,1.648109,0.484863,-0.022426,0.246382,-0.013995,0.968812,357.905000,28.577190,357.811200
623.719,10,-0.782122,1.643121,0.440633,-0.012797,0.225420,-0.016184,0.974043,358.989700,26.079610,357.862200
623.830,10,-0.773921,1.637565,0.385663,0.001233,0.201536,-0.018901,0.979298,0.574831,23.247260,357.906800
623.941,10,-0.773745,1.639718,0.340575,0.011287,0.188849,-0.024538,0.981635,1.800982,21.739670,357.482000
624.052,10,-0.778627,1.642887,0.300841,0.009393,0.179789,-0.024790,0.983348,1.569342,20.686670,357.398200
624.164,10,-0.787514,1.643572,0.265908,0.007710,0.175907,-0.029810,0.983925,1.470312,20.231430,356.791700
624.276,10,-0.798575,1.644884,0.239112,0.004191,0.182456,-0.029873,0.982751,1.096624,21.003950,356.721100
624.387,10,-0.816542,1.644123,0.209427,0.001275,0.193029,-0.031176,0.980697,0.832915,22.244950,356.522100
624.498,10,-0.834055,1.642470,0.189004,0.004519,0.200845,-0.034762,0.978996,1.307153,23.143780,356.200500
624.609,10,-0.860168,1.643952,0.165234,0.008822,0.212675,-0.039784,0.976273,1.956848,24.506600,355.757900
624.720,10,-0.882535,1.643979,0.145613,0.012955,0.219205,-0.042466,0.974668,2.514492,25.252920,355.573800
624.830,10,-0.909559,1.642457,0.117238,0.015831,0.226028,-0.045777,0.972916,2.951941,26.036610,355.294900
624.942,10,-0.931320,1.642546,0.091228,0.014768,0.234698,-0.046305,0.970853,2.889585,27.060070,355.234100
625.052,10,-0.950951,1.642225,0.066392,0.013099,0.241550,-0.046558,0.969182,2.744570,27.873970,355.180600
625.164,10,-0.968624,1.641726,0.042151,0.010537,0.248690,-0.045672,0.967448,2.470464,28.729460,355.227100
625.275,10,-0.982063,1.641810,0.023235,0.008487,0.253500,-0.042775,0.966352,2.182963,29.312300,355.502000
625.386,10,-0.995951,1.641921,0.001906,0.007931,0.259447,-0.038234,0.964968,2.014094,30.027720,356.002300
625.497,10,-1.003749,1.641665,-0.013164,0.006719,0.263048,-0.036667,0.964062,1.847860,30.461600,356.146900
625.608,10,-1.008717,1.640749,-0.029441,0.006801,0.269387,-0.034572,0.962387,1.817541,31.218260,356.393100
625.719,10,-1.009712,1.639845,-0.040084,0.007170,0.274501,-0.033137,0.960989,1.832200,31.828510,356.572700
625.829,10,-1.007018,1.638705,-0.052690,0.009795,0.282100,-0.033757,0.958741,2.167881,32.727690,356.603600
625.941,10,-1.001885,1.638464,-0.063908,0.010141,0.286411,-0.035391,0.957399,2.274670,33.239060,356.445000
626.052,10,-0.993524,1.638676,-0.074672,0.007516,0.286495,-0.036749,0.957347,2.031399,33.253390,356.210100
626.163,10,-0.980680,1.638724,-0.085479,0.005009,0.283581,-0.040053,0.958098,1.851863,32.907150,355.759300
626.274,10,-0.964023,1.638912,-0.094902,0.002871,0.284106,-0.042555,0.957844,1.700765,32.973700,355.415600
626.385,10,-0.935419,1.637515,-0.109491,0.007696,0.288207,-0.046357,0.956414,2.375140,33.439140,355.163700
626.496,10,-0.908510,1.637909,-0.124544,0.007114,0.289415,-0.046966,0.956024,2.337635,33.584660,355.080500
626.608,10,-0.869738,1.640115,-0.147927,0.009047,0.288035,-0.044090,0.956562,2.447672,33.418580,355.456800
626.719,10,-0.841007,1.639950,-0.167660,0.015797,0.277976,-0.042907,0.959499,3.105166,32.199020,355.775500
626.829,10,-0.810975,1.639488,-0.194321,0.018856,0.258438,-0.040390,0.964999,3.283052,29.872930,356.082600
626.941,10,-0.791767,1.640680,-0.215531,0.017561,0.236284,-0.042165,0.970610,3.096319,27.249530,355.775800
627.052,10,-0.776820,1.640942,-0.232426,0.013936,0.215740,-0.042306,0.975434,2.604519,24.843140,355.606900
627.163,10,-0.765090,1.640783,-0.243858,0.011559,0.200410,-0.046735,0.978528,2.370119,23.045920,355.014500
627.274,10,-0.756030,1.641708,-0.248636,0.008126,0.194577,-0.045386,0.979803,1.924670,22.381460,355.076600
627.385,10,-0.743978,1.641273,-0.247847,0.009427,0.190411,-0.039659,0.980858,1.925285,21.900420,355.741800
627.496,10,-0.733365,1.641567,-0.241116,0.005998,0.188738,-0.042067,0.981108,1.584330,21.714460,355.393600
627.607,10,-0.718113,1.643606,-0.222094,-0.001768,0.193616,-0.040708,0.980231,0.704587,22.318140,355.382900
627.719,10,-0.705925,1.643054,-0.199009,-0.005033,0.199197,-0.039305,0.979158,0.332468,22.985190,355.470200
627.829,10,-0.690722,1.644622,-0.161533,-0.002565,0.212575,-0.035925,0.976481,0.588050,24.541850,355.913900
627.941,10,-0.678634,1.646608,-0.128261,0.001185,0.221786,-0.027931,0.974695,0.842250,25.615410,356.908600
628.052,10,-0.667930,1.645975,-0.097534,0.005689,0.222915,-0.033226,0.974255,1.484023,25.729260,356.432400
628.163,10,-0.658714,1.642967,-0.072883,0.009319,0.226047,-0.034050,0.973477,1.921950,26.085740,356.438800
628.275,10,-0.651128,1.640705,-0.055631,0.008327,0.227042,-0.037616,0.973123,1.907524,26.199460,356.016600
628.386,10,-0.640726,1.641664,-0.038382,0.013901,0.229974,-0.038590,0.972332,2.566650,26.525620,356.059500
628.497,10,-0.631148,1.641437,-0.025400,0.014084,0.225642,-0.036672,0.973418,2.520028,26.019590,356.267400
628.608,10,-0.614438,1.640422,-0.007473,0.025175,0.211757,-0.039412,0.976203,3.775233,24.352290,356.190900
628.719,10,-0.599100,1.641275,0.005235,0.031139,0.199282,-0.039474,0.978652,4.397856,22.876190,356.270700
628.830,10,-0.577271,1.642675,0.021549,0.030354,0.185823,-0.040314,0.981287,4.275593,21.300260,356.099200
628.941,10,-0.558073,1.640475,0.035465,0.038871,0.181035,-0.039651,0.981908,5.203447,20.725750,356.327200
629.052,10,-0.540917,1.639191,0.048244,0.042418,0.173103,-0.040704,0.983148,5.595146,19.787440,356.235000
629.163,10,-0.527094,1.637784,0.056884,0.047658,0.164087,-0.042909,0.984359,6.194642,18.712790,356.029700
629.274,10,-0.517832,1.637452,0.062073,0.048924,0.160334,-0.042739,0.984923,6.319829,18.273650,356.048000
629.386,10,-0.508862,1.636893,0.065248,0.050326,0.157249,-0.042628,0.985354,6.464344,17.912010,356.065500
629.497,10,-0.503405,1.636277,0.066127,0.051041,0.154791,-0.042703,0.985703,6.536878,17.623700,356.053100
629.607,10,-0.497264,1.635624,0.065424,0.051819,0.151257,-0.043235,0.986188,6.620101,17.207150,355.982100
629.719,10,-0.493619,1.635058,0.062637,0.052410,0.144171,-0.043360,0.987212,6.660282,16.380420,355.929800
629.830,10,-0.491105,1.635720,0.055452,0.054101,0.123873,-0.044714,0.989813,6.786901,14.009350,355.661800
629.941,10,-0.491811,1.636856,0.043122,0.049429,0.105052,-0.046618,0.992143,6.192890,11.831860,355.261900
630.052,10,-0.499338,1.636925,0.017854,0.053223,0.093535,-0.046374,0.993110,6.568322,10.488610,355.256500
630.163,10,-0.511958,1.640597,-0.018803,0.035916,0.097333,-0.048559,0.993418,4.635240,10.983160,354.849000
630.274,10,-0.527449,1.643020,-0.053157,0.019392,0.107257,-0.049090,0.992829,2.810665,12.200020,354.639100
630.386,10,-0.551664,1.640919,-0.096617,0.013349,0.113280,-0.048518,0.992288,2.148233,12.924900,354.644800
630.497,10,-0.569517,1.641357,-0.127275,0.009602,0.118600,-0.050913,0.991590,1.783303,13.552780,354.333400
630.607,10,-0.585749,1.640458,-0.156802,-0.001412,0.135521,-0.045584,0.989724,0.547796,15.568980,354.800900
630.719,10,-0.589048,1.640528,-0.166545,0.002332,0.149664,-0.044501,0.987732,1.027235,17.187240,354.996000
630.829,10,-0.580156,1.636349,-0.162263,0.013899,0.149644,-0.050063,0.987374,2.431860,17.120510,354.560900
630.941,10,-0.565177,1.634070,-0.146287,0.017392,0.123231,-0.044532,0.991226,2.605265,14.063720,355.176700
631.052,10,-0.550570,1.631413,-0.131298,0.031171,0.064925,-0.034036,0.996822,3.816609,7.330858,356.333400
631.163,10,-0.532466,1.635878,-0.117365,0.027722,0.012923,-0.025372,0.999210,3.213504,1.401462,357.130200
631.275,10,-0.513068,1.638225,-0.105116,0.024392,-0.017440,-0.016168,0.999420,2.762254,357.954700,358.097000
631.386,10,-0.485257,1.641478,-0.087145,0.025472,-0.055050,-0.010410,0.998104,2.848817,353.652500,358.646900
631.497,10,-0.464234,1.640982,-0.076642,0.029294,-0.083270,-0.006912,0.996072,3.279538,350.411900,358.929700
631.608,10,-0.442579,1.639235,-0.076592,0.042685,-0.114824,-0.009154,0.992426,4.739305,346.733800,358.391700
631.719,10,-0.430588,1.636450,-0.087072,0.052908,-0.127520,-0.008866,0.990384,5.885266,345.234200,358.211000
631.830,10,-0.422526,1.628249,-0.113610,0.079314,-0.131254,-0.018949,0.987989,8.728330,344.607200,356.620700
631.941,10,-0.421286,1.629967,-0.140140,0.079744,-0.118522,-0.024542,0.989440,8.742006,346.039200,356.085900
632.052,10,-0.422055,1.630206,-0.162678,0.078659,-0.105569,-0.021842,0.991055,8.702207,347.574900,356.525800
632.163,10,-0.422614,1.628506,-0.181323,0.088322,-0.101987,-0.024300,0.990559,9.788930,347.913400,356.150600
632.274,10,-0.422490,1.628209,-0.192474,0.091489,-0.096751,-0.026205,0.990748,10.149380,348.484600,355.943800
632.385,10,-0.421051,1.627936,-0.196604,0.086387,-0.081483,-0.029216,0.992494,9.596909,350.261100,355.808300
632.497,10,-0.417297,1.627242,-0.191717,0.084377,-0.073698,-0.035411,0.993074,9.344198,351.118100,355.188400
632.608,10,-0.406601,1.627294,-0.177515,0.067461,-0.068154,-0.041584,0.994522,7.383797,351.816000,354.682400
632.719,10,-0.391240,1.626277,-0.155900,0.051116,-0.071747,-0.045104,0.995091,5.466199,351.484700,354.402300
632.830,10,-0.360350,1.622694,-0.114309,0.026898,-0.091130,-0.050461,0.994196,2.538310,349.391400,353.953100
632.942,10,-0.323283,1.620384,-0.064553,0.009639,-0.124077,-0.052474,0.990837,0.348310,345.706100,353.893300
633.053,10,-0.281782,1.625808,-0.003162,-0.003765,-0.169170,-0.047974,0.984412,358.645200,340.561400,354.652000
633.164,10,-0.242040,1.638994,0.059829,-0.016139,-0.216572,-0.040942,0.975274,357.179100,335.062800,355.816200
633.276,10,-0.214809,1.648084,0.109967,-0.025086,-0.258418,-0.040406,0.964862,356.026600,330.142500,356.263800
633.387,10,-0.193476,1.656586,0.167556,-0.016711,-0.305356,-0.046426,0.950959,356.552400,324.531100,355.512900
633.498,10,-0.186506,1.658303,0.205860,-0.015158,-0.333366,-0.053220,0.941172,356.329700,321.157400,354.821600
633.609,10,-0.190615,1.654752,0.243880,-0.009075,-0.352324,-0.062948,0.933715,356.485300,318.849800,353.606000
633.720,10,-0.200436,1.650347,0.267937,-0.003578,-0.359830,-0.053797,0.931459,357.399000,317.883500,354.390700
633.831,10,-0.208952,1.648583,0.291955,0.006149,-0.378150,-0.048143,0.924471,358.565000,315.573900,354.623900
633.943,10,-0.215940,1.649112,0.320430,0.011204,-0.413607,-0.048660,0.909085,358.860800,311.127500,354.389800
634.054,10,-0.223341,1.647478,0.355753,0.010377,-0.459045,-0.054542,0.886676,358.185000,305.354200,353.897800
634.165,10,-0.232129,1.644458,0.399050,0.009865,-0.511258,-0.059852,0.857284,357.461900,298.522500,353.522200
634.276,10,-0.240135,1.646009,0.443077,0.004441,-0.560308,-0.063001,0.825873,356.372800,291.889500,353.727500
634.388,10,-0.252301,1.654948,0.501503,-0.009295,-0.623504,-0.073703,0.778283,353.893500,282.919400,354.046400
634.499,10,-0.265467,1.660562,0.540865,-0.012547,-0.663049,-0.084460,0.743690,352.492100,276.976300,353.688800
634.609,10,-0.287460,1.664162,0.580205,-0.013487,-0.705947,-0.089178,0.702499,351.670900,270.168700,353.835400
634.720,10,-0.307841,1.663078,0.605599,-0.004505,-0.737948,-0.090676,0.668723,351.960600,264.832900,353.352400
634.831,10,-0.324550,1.661095,0.624276,0.003509,-0.758020,-0.089491,0.646053,352.464700,261.343300,352.992100
634.942,10,-0.336296,1.659640,0.637287,0.010647,-0.768100,-0.091595,0.633656,352.691300,259.533700,352.326900
635.053,10,-0.342115,1.658449,0.644798,0.014616,-0.773600,-0.090475,0.627012,353.012500,258.532100,352.120500
635.165,10,-0.342738,1.658151,0.647783,0.014663,-0.780886,-0.089667,0.618031,352.997400,257.194200,352.256400
635.276,10,-0.340885,1.658358,0.649190,0.012842,-0.783377,-0.090113,0.614846,352.796600,256.732500,352.416400
635.387,10,-0.335601,1.658966,0.648194,0.010888,-0.789993,-0.089185,0.606497,352.663100,255.495000,352.737300
635.498,10,-0.329119,1.658990,0.644630,0.011203,-0.795408,-0.090066,0.599240,352.538900,254.462600,352.713100
635.608,10,-0.317421,1.659852,0.634876,0.013221,-0.797567,-0.089292,0.596439,352.723300,254.050600,352.608900
635.719,10,-0.303359,1.660114,0.620014,0.012069,-0.799184,-0.084895,0.594939,353.031000,253.754900,353.038700
635.829,10,-0.275331,1.661075,0.589831,0.006725,-0.803414,-0.077707,0.590290,353.285400,252.959500,354.073400
635.940,10,-0.241432,1.662075,0.553710,-0.002712,-0.808961,-0.072172,0.583409,353.111800,251.874800,355.388200
636.051,10,-0.199153,1.659441,0.514206,-0.003343,-0.809018,-0.068649,0.583751,353.397500,251.874000,355.685100
636.162,10,-0.151666,1.655434,0.475064,0.004664,-0.800218,-0.063681,0.596300,354.470700,253.617200,355.193000
636.272,10,-0.103500,1.653822,0.439536,0.006584,-0.789765,-0.064815,0.609940,354.586400,255.602100,354.844100
636.384,10,-0.059867,1.653360,0.408375,0.004009,-0.780239,-0.066534,0.621920,354.327700,257.370400,354.868000
636.496,10,-0.027889,1.653918,0.386606,0.000400,-0.772871,-0.070805,0.630601,353.745700,258.707100,354.810100
636.608,10,0.004410,1.657157,0.366415,-0.006583,-0.765772,-0.076283,0.638538,352.805500,259.963700,354.949700
636.719,10,0.023049,1.660695,0.356771,-0.017944,-0.760407,-0.081987,0.644001,351.500600,260.861200,355.458700
636.830,10,0.040237,1.664104,0.350929,-0.032992,-0.755838,-0.092125,0.647406,349.514900,261.534400,355.952100
636.942,10,0.049247,1.665457,0.347295,-0.033492,-0.752152,-0.098603,0.650709,348.935400,262.169600,355.444900
637.053,10,0.052786,1.666990,0.343349,-0.039937,-0.748715,-0.103698,0.653512,348.025300,262.697700,355.559900
637.164,10,0.054265,1.667679,0.339970,-0.045221,-0.747445,-0.105948,0.654260,347.434600,262.852900,355.826500
637.276,10,0.053865,1.667824,0.338088,-0.046195,-0.745975,-0.104744,0.656061,347.473800,263.103000,355.975300
637.386,10,0.051563,1.667697,0.336417,-0.046732,-0.746340,-0.102370,0.655983,347.636400,263.037200,356.211000
637.498,10,0.047930,1.667270,0.335659,-0.043397,-0.747088,-0.100978,0.655576,348.007800,262.950600,356.039900
637.608,10,0.037572,1.665011,0.334222,-0.037301,-0.745126,-0.097630,0.658684,348.776800,263.372400,355.730300
637.720,10,0.019420,1.659962,0.333741,-0.035035,-0.741702,-0.091161,0.663581,349.529700,264.005200,355.975400
637.830,10,-0.023870,1.647591,0.332800,-0.025132,-0.739916,-0.073371,0.668214,351.827000,264.422000,356.474800
637.941,10,-0.073333,1.610962,0.329780,-0.006839,-0.744925,-0.049962,0.665240,355.208300,263.667100,356.762100
638.051,10,-0.122658,1.547814,0.324656,0.007644,-0.749285,-0.018292,0.661951,359.009200,262.935200,357.955400
638.162,10,-0.159682,1.465952,0.318970,0.007766,-0.753496,-0.005396,0.657385,0.119104,262.204800,358.922900
638.274,10,-0.181336,1.396722,0.317045,0.002747,-0.758727,-0.001370,0.651402,0.085898,261.295000,359.658900
638.385,10,-0.204571,1.320441,0.315657,-0.003746,-0.765107,-0.007061,0.643854,359.104500,260.164200,359.807500
638.496,10,-0.222857,1.271067,0.315257,-0.008520,-0.767968,-0.007574,0.640387,358.708100,259.645300,0.194026
638.607,10,-0.242876,1.205337,0.313668,-0.012393,-0.771812,-0.005718,0.635705,358.591400,258.945000,0.679715
638.719,10,-0.252724,1.147606,0.317263,-0.007721,-0.782998,-0.011061,0.621879,358.457100,256.916500,359.904500
638.829,10,-0.261083,1.075280,0.328778,-0.009792,-0.791178,-0.020880,0.611151,357.420300,255.382000,359.425000
638.941,10,-0.265223,1.015026,0.340459,-0.003484,-0.795537,-0.021185,0.605525,357.826500,254.575200,358.846600
639.052,10,-0.264407,0.966465,0.347752,-0.000661,-0.796743,-0.023518,0.603861,357.806600,254.347900,358.431600
639.163,10,-0.260497,0.935853,0.347485,-0.004560,-0.798761,-0.029242,0.600920,357.008100,253.951200,358.401400
639.274,10,-0.259909,0.931923,0.345103,-0.005449,-0.800967,-0.033041,0.597771,356.592100,253.521300,358.233500
639.385,10,-0.263636,0.999842,0.339225,-0.007125,-0.799967,-0.035972,0.598922,356.210700,253.703300,358.180100
639.496,10,-0.252137,1.095434,0.335750,-0.024022,-0.795826,-0.048993,0.603063,353.860300,254.372900,358.798000
639.607,10,-0.221028,1.229331,0.331873,-0.058474,-0.783713,-0.080141,0.613149,348.619600,256.115200,359.612900
639.719,10,-0.197073,1.330817,0.329340,-0.072425,-0.771233,-0.092506,0.625618,346.508100,258.125500,359.762300
639.830,10,-0.172794,1.456680,0.324636,-0.072603,-0.763566,-0.093376,0.634804,346.421700,259.531900,359.547500
639.942,10,-0.153257,1.565506,0.321193,-0.072842,-0.757243,-0.095936,0.641929,346.183600,260.669000,359.241800
640.053,10,-0.132057,1.665062,0.319808,-0.076278,-0.745776,-0.110110,0.652592,344.704800,262.614000,358.221200
640.165,10,-0.108017,1.728257,0.323450,-0.095181,-0.738062,-0.128931,0.655426,341.634000,263.490800,358.278600
640.276,10,-0.084882,1.734398,0.331472,-0.103755,-0.729649,-0.148636,0.659360,339.284500,264.705800,357.266900
640.387,10,-0.060786,1.712321,0.344017,-0.110524,-0.725125,-0.154361,0.661930,338.273300,265.304600,357.281300
640.498,10,-0.048181,1.708171,0.355148,-0.115144,-0.724486,-0.162101,0.659989,337.240200,265.255300,357.070400
640.609,10,-0.041557,1.708616,0.365968,-0.112485,-0.722594,-0.173247,0.659690,336.497700,265.647900,355.871800
640.721,10,-0.042256,1.702405,0.372160,-0.113500,-0.727953,-0.166170,0.655430,337.001200,264.664500,356.725400
640.830,10,-0.045264,1.702249,0.377590,-0.113482,-0.732642,-0.174688,0.647952,336.232300,263.772000,356.235000
640.942,10,-0.050622,1.702914,0.379718,-0.113013,-0.734952,-0.172732,0.645940,336.428100,263.368200,356.432600
641.053,10,-0.054870,1.703562,0.380423,-0.112908,-0.739224,-0.171214,0.641472,336.547700,262.584700,356.705000
641.164,10,-0.058222,1.705127,0.379719,-0.115092,-0.738548,-0.168412,0.642602,336.629300,262.652200,357.100000
641.275,10,-0.060362,1.707155,0.378438,-0.116980,-0.739814,-0.169822,0.640431,336.352500,262.345200,357.219800
641.386,10,-0.062647,1.708445,0.377960,-0.119949,-0.742752,-0.171129,0.636119,335.995100,261.683200,357.519700
641.497,10,-0.063813,1.706008,0.379016,-0.115428,-0.746511,-0.165781,0.633968,336.804500,261.163100,357.639200
641.608,10,-0.063577,1.702008,0.379018,-0.104614,-0.753788,-0.152899,0.630461,338.751300,260.222300,357.842900
641.720,10,-0.062035,1.701358,0.379311,-0.103931,-0.754841,-0.149701,0.630081,339.085700,260.064300,358.052500
641.830,10,-0.058257,1.700402,0.378522,-0.101633,-0.756600,-0.145292,0.629379,339.647900,259.830100,358.221600
641.941,10,-0.050274,1.699345,0.374741,-0.102962,-0.759084,-0.138810,0.627632,340.124300,259.361200,358.907600
642.052,10,-0.038153,1.699041,0.370057,-0.106910,-0.761347,-0.139303,0.624112,339.783800,258.806900,359.322800
642.163,10,-0.025842,1.697231,0.366808,-0.108088,-0.761717,-0.139053,0.623514,339.719000,258.700500,359.466200
642.275,10,-0.016349,1.697774,0.365431,-0.109992,-0.764151,-0.145721,0.618660,338.973400,258.126600,359.250900
642.386,10,-0.008719,1.698944,0.364707,-0.110664,-0.772059,-0.151361,0.607263,338.400000,256.525900,359.201700
642.497,10,-0.005322,1.699146,0.364949,-0.108004,-0.778471,-0.155380,0.598478,338.210800,255.316900,358.900000
642.608,10,-0.003768,1.698914,0.366100,-0.102489,-0.783840,-0.156393,0.592142,338.497000,254.424600,358.488300
642.719,10,-0.003903,1.698205,0.366665,-0.098034,-0.786797,-0.154418,0.589487,338.987600,253.999200,358.294100
642.830,10,-0.005029,1.698357,0.367961,-0.096845,-0.786740,-0.154592,0.589714,339.055200,254.047700,358.162400
642.942,10,-0.006495,1.697504,0.369353,-0.094139,-0.784553,-0.151077,0.593961,339.580800,254.606200,358.058300
643.053,10,-0.007910,1.696796,0.371426,-0.093088,-0.782025,-0.147958,0.598231,339.953100,255.169300,358.082600
643.164,10,-0.009893,1.695868,0.374499,-0.092795,-0.779352,-0.145801,0.602280,340.181700,255.723200,358.112500
643.275,10,-0.012779,1.694788,0.377449,-0.089092,-0.776226,-0.144152,0.607253,340.610300,256.454800,357.766400
643.386,10,-0.018443,1.693115,0.382264,-0.083079,-0.774448,-0.141262,0.611043,341.317100,256.984700,357.340700
643.496,10,-0.026187,1.691740,0.390616,-0.073442,-0.767931,-0.139438,0.620842,342.220900,258.476800,356.366900
643.607,10,-0.038767,1.689312,0.413874,-0.050712,-0.730108,-0.150495,0.664622,343.311700,265.733800,352.441700
643.719,10,-0.049616,1.687053,0.439021,-0.035656,-0.670846,-0.160702,0.723097,344.503600,275.800300,348.958000
643.829,10,-0.062721,1.682157,0.470998,-0.023548,-0.582423,-0.154704,0.797681,347.421700,289.167900,347.010400
643.940,10,-0.068832,1.678028,0.494428,-0.016797,-0.511844,-0.146822,0.846273,349.704300,298.897800,346.402900
644.051,10,-0.070920,1.675719,0.510706,-0.015739,-0.466109,-0.144253,0.872746,350.680000,304.928100,346.096300
644.162,10,-0.072132,1.674243,0.521435,-0.010674,-0.451243,-0.151439,0.879393,351.057400,306.857200,344.937400
644.274,10,-0.074188,1.673262,0.527760,-0.006113,-0.448275,-0.156867,0.880003,351.292100,307.228800,344.111700
644.385,10,-0.076158,1.673171,0.532552,-0.004145,-0.448656,-0.160490,0.879167,351.297800,307.181300,343.637200
644.496,10,-0.076035,1.672522,0.536445,0.000369,-0.449073,-0.164892,0.878148,351.520900,307.103800,342.954300
644.607,10,-0.074914,1.670776,0.542768,0.006279,-0.446593,-0.171489,0.878127,351.828100,307.387000,341.944800
644.718,10,-0.074438,1.669265,0.547631,0.010615,-0.443692,-0.174608,0.878941,352.167100,307.716700,341.377000
644.829,10,-0.074105,1.668131,0.552204,0.013744,-0.441463,-0.175992,0.879743,352.460700,307.963600,341.058800
644.941,10,-0.073845,1.667667,0.554299,0.015155,-0.441611,-0.174947,0.879854,352.654700,307.918800,341.101100
645.052,10,-0.072657,1.667483,0.554439,0.015760,-0.443756,-0.174499,0.878853,352.694000,307.634400,341.135600
645.163,10,-0.071666,1.668182,0.550971,0.016375,-0.452449,-0.173807,0.874536,352.609200,306.511700,341.246900
645.274,10,-0.072058,1.670446,0.538807,0.014419,-0.483147,-0.164612,0.859805,352.283700,302.519700,342.559500
645.385,10,-0.072503,1.674285,0.505271,0.003261,-0.575710,-0.142156,0.805195,350.884200,289.962600,346.369600
645.496,10,-0.068277,1.675789,0.469464,-0.002935,-0.664437,-0.118489,0.737885,350.689300,276.810800,350.023400
645.606,10,-0.055462,1.675093,0.423621,-0.009462,-0.746907,-0.088517,0.658943,351.680300,263.272300,354.052800
645.717,10,-0.042091,1.674829,0.395986,-0.016714,-0.775817,-0.076649,0.626062,351.960300,258.090300,355.943800
645.828,10,-0.024596,1.674635,0.368437,-0.022127,-0.791348,-0.067720,0.607201,352.296300,255.182000,357.268900
645.939,11,-0.011130,1.673509,0.351092,-0.023651,-0.800445,-0.059775,0.595949,352.883800,253.456900,358.072100
646.051,11,0.005687,1.671659,0.333283,-0.023110,-0.810410,-0.054826,0.582835,353.350100,251.534900,358.474000
646.163,11,0.018817,1.668678,0.319249,-0.020200,-0.819405,-0.043809,0.571181,354.556200,249.804600,359.024800
646.274,11,0.029270,1.665523,0.307353,-0.017665,-0.830824,-0.031679,0.555353,355.856200,247.532600,359.664900
646.385,11,0.043293,1.664292,0.295588,-0.020998,-0.843762,-0.028849,0.535529,355.918600,244.796700,0.260571
646.496,11,0.056246,1.664891,0.290227,-0.027332,-0.848240,-0.030920,0.528001,355.335700,243.769700,0.788507
646.608,11,0.073295,1.663292,0.283920,-0.026640,-0.854404,-0.022873,0.518422,356.175100,242.454000,1.252327
646.719,11,0.084487,1.662501,0.279338,-0.031470,-0.856897,-0.018489,0.514195,356.327700,241.868800,2.005293
646.829,11,0.094151,1.661082,0.276336,-0.034398,-0.858765,-0.014141,0.511019,356.592100,241.434300,2.562312
646.941,11,0.099035,1.661473,0.277675,-0.036891,-0.855503,-0.018428,0.516153,356.008200,242.119700,2.533535
647.052,11,0.101137,1.661210,0.279037,-0.034226,-0.854013,-0.018805,0.518784,356.122100,242.478800,2.237228
647.163,11,0.102203,1.659610,0.279404,-0.024888,-0.858114,-0.015715,0.512615,356.991400,241.665800,1.526508
647.274,11,0.102642,1.659781,0.280507,-0.026100,-0.859096,-0.016282,0.510890,356.867600,241.434200,1.618858
647.385,11,0.103949,1.660174,0.282163,-0.028683,-0.862040,-0.018486,0.505691,356.509600,240.739800,1.765737
647.496,11,0.104110,1.658918,0.283644,-0.025359,-0.865076,-0.012425,0.500845,357.311900,240.096000,1.803075
647.607,11,0.103695,1.654299,0.281306,-0.017489,-0.880455,0.007325,0.473750,359.789600,236.563200,2.162674
647.718,11,0.103023,1.649402,0.281136,-0.009309,-0.894341,0.029607,0.446309,2.559048,233.097000,2.471426
647.829,11,0.097504,1.640240,0.283110,0.006308,-0.913452,0.059588,0.402510,6.542487,227.681200,2.102372
647.940,11,0.089229,1.633105,0.289766,0.020531,-0.926092,0.083569,0.367353,9.780188,223.389700,1.358970
648.051,11,0.072838,1.628917,0.302942,0.025106,-0.944138,0.095148,0.314517,11.271480,216.920300,0.727027
648.162,11,0.057248,1.623893,0.318384,0.028884,-0.961072,0.116694,0.248775,13.808300,209.043200,0.150021
648.272,11,0.042364,1.622719,0.335716,0.019312,-0.975625,0.129650,0.175991,15.056890,200.513400,0.471781
648.384,11,0.033160,1.619678,0.354024,0.004439,-0.985542,0.139869,0.095516,16.053900,191.222400,1.071421
648.495,11,0.031704,1.613957,0.370017,-0.006122,-0.987442,0.156870,0.017688,18.034140,182.221100,1.062984
648.606,11,0.036926,1.604906,0.390581,-0.018767,-0.979235,0.185264,-0.080151,21.459400,170.723800,0.434424
648.716,11,0.039916,1.599769,0.402830,-0.025775,-0.971797,0.198381,-0.124866,23.079530,165.363400,0.034504
648.827,11,0.041826,1.593711,0.410705,-0.028971,-0.963354,0.213569,-0.159679,24.881120,161.004600,359.217700
648.938,11,0.037661,1.591418,0.410757,-0.026002,-0.961183,0.221174,-0.162893,25.699340,160.442600,358.596500
649.050,11,0.030338,1.588618,0.406036,-0.018791,-0.961797,0.228026,-0.150328,26.377260,161.747300,357.926800
649.160,11,0.024570,1.587397,0.400133,-0.012203,-0.962397,0.234672,-0.136278,27.066250,163.253500,357.394900
649.271,11,0.019073,1.584303,0.393759,-0.002244,-0.962561,0.245549,-0.114787,28.244020,165.546500,356.612600
649.383,11,0.017642,1.580022,0.389305,0.002462,-0.958320,0.265367,-0.105819,30.536760,166.290800,355.946700
649.493,11,0.015920,1.581211,0.385860,0.007932,-0.959601,0.262619,-0.100672,30.160330,166.804200,355.482500
649.605,11,0.010213,1.583931,0.383099,0.013559,-0.963870,0.257010,-0.068674,29.576610,170.779500,355.949100
649.716,11,0.002507,1.588550,0.380861,0.023138,-0.970277,0.240425,-0.014924,27.766340,177.403400,356.626000
649.827,11,-0.010110,1.600011,0.381061,0.029637,-0.973091,0.199743,0.110986,23.285610,192.842000,359.167800
649.938,11,-0.017836,1.617419,0.386345,0.024210,-0.960024,0.131262,0.246044,15.304150,208.894200,1.075718
650.049,11,-0.017414,1.645561,0.403632,0.011089,-0.902797,0.034100,0.428570,4.075737,230.807500,0.528779
650.161,11,-0.006675,1.657511,0.417474,0.005535,-0.840691,-0.013822,0.541311,359.011800,245.566000,358.609100
650.273,11,0.007078,1.660921,0.424247,0.007763,-0.792526,-0.032157,0.608941,357.620700,255.135400,357.047200
650.384,11,0.022331,1.660563,0.425573,0.006746,-0.759772,-0.036186,0.649147,357.350400,261.096900,356.715600
650.496,11,0.034007,1.658604,0.423835,0.008032,-0.739851,-0.033143,0.671907,357.808000,264.551200,356.763200
650.607,11,0.046230,1.655519,0.418998,0.009767,-0.726997,-0.027973,0.686001,358.437200,266.717400,356.984900
650.718,11,0.052976,1.652921,0.412695,0.013474,-0.729024,-0.021795,0.684009,359.235400,266.369600,357.164600
650.829,11,0.059041,1.647594,0.397298,0.024045,-0.756441,-0.002545,0.653615,1.580480,261.627000,357.723600
650.940,11,0.063260,1.642105,0.376130,0.032775,-0.799358,0.020772,0.599601,4.158298,253.690000,358.420700
651.051,11,0.068735,1.625216,0.344342,0.061020,-0.848868,0.087823,0.517675,12.255780,242.673400,359.257200
651.161,11,0.073047,1.603989,0.319091,0.101666,-0.866802,0.158035,0.461891,21.585390,235.747900,358.135300
651.272,11,0.074675,1.580668,0.298472,0.138075,-0.861833,0.232288,0.429210,31.259390,232.224300,357.412300
651.382,11,0.071666,1.563291,0.279895,0.157569,-0.854572,0.270764,0.414206,36.391990,230.664700,356.795000
651.492,11,0.063250,1.551836,0.264667,0.168262,-0.846825,0.295088,0.409266,39.605890,230.424400,356.767900
651.603,11,0.045334,1.551251,0.250241,0.165896,-0.847551,0.287437,0.414144,38.656110,230.972900,356.833900
651.714,11,0.017938,1.554400,0.235654,0.159136,-0.850636,0.265657,0.424878,35.957280,232.048500,356.813800
651.825,11,-0.019738,1.556150,0.218173,0.154461,-0.852479,0.243086,0.436269,33.313830,233.151300,356.484200
651.937,11,-0.062077,1.554248,0.199113,0.155965,-0.852721,0.231296,0.441639,32.155650,233.555900,355.821200
652.048,11,-0.131904,1.555478,0.167527,0.158269,-0.852718,0.217483,0.447799,30.840410,234.026100,354.979400
652.160,11,-0.189847,1.562848,0.141981,0.158463,-0.849968,0.211961,0.455539,30.310960,235.004500,354.931900
652.271,11,-0.254750,1.571286,0.114477,0.155372,-0.847905,0.207868,0.462286,29.746070,235.947800,355.290000
652.382,11,-0.300434,1.575116,0.095954,0.161815,-0.843321,0.211553,0.466767,30.522280,236.556500,354.976400
652.494,11,-0.335514,1.580163,0.081743,0.159037,-0.838363,0.209208,0.477585,30.178260,238.141200,355.566000
652.605,11,-0.378041,1.581226,0.059289,0.158671,-0.833709,0.204898,0.487617,29.761580,239.507700,355.722700
652.717,11,-0.411228,1.578817,0.036346,0.159969,-0.829050,0.207275,0.494089,30.116470,240.509400,355.994700
652.828,11,-0.455490,1.572877,-0.000342,0.158825,-0.822610,0.206988,0.505217,30.067690,242.185300,356.545100
652.939,11,-0.495608,1.568866,-0.032423,0.159247,-0.809634,0.196697,0.529569,29.154760,245.530300,356.748400
653.050,11,-0.552465,1.570259,-0.071527,0.164862,-0.771431,0.190750,0.584233,29.139390,253.739200,357.934900
653.161,11,-0.602510,1.578269,-0.098331,0.174208,-0.731176,0.178777,0.634880,28.857740,261.468400,358.184400
653.273,11,-0.645334,1.580921,-0.108779,0.186335,-0.682122,0.158793,0.689038,28.256260,269.998500,357.698200
653.384,11,-0.681573,1.583988,-0.104368,0.201086,-0.613356,0.142107,0.750443,28.433040,280.928600,357.824100
653.495,11,-0.706060,1.588083,-0.090499,0.205740,-0.540041,0.119531,0.807304,27.470540,291.978000,358.112700
653.606,11,-0.721412,1.595493,-0.061008,0.200017,-0.415206,0.080245,0.883831,24.847180,309.336200,358.468700
653.717,11,-0.723747,1.601128,-0.036616,0.185667,-0.319052,0.052077,0.927912,22.197280,321.785100,358.649000
653.828,11,-0.722467,1.608146,-0.007694,0.176873,-0.217286,0.015411,0.959826,20.257000,333.972500,357.111200
653.939,11,-0.724250,1.607382,0.007785,0.174251,-0.155671,-0.011434,0.972251,19.589080,341.002300,355.343300
654.050,11,-0.728399,1.608696,0.015777,0.176791,-0.079789,-0.024167,0.980711,20.054000,349.880800,355.383100
654.161,11,-0.733569,1.618631,0.012675,0.148174,0.009514,-0.037212,0.988215,17.071470,0.466032,355.756900
654.272,11,-0.749604,1.625050,-0.003616,0.109055,0.096234,-0.034827,0.988753,12.847650,10.801010,357.185000
654.383,11,-0.777312,1.642970,-0.028892,0.029143,0.170717,-0.024756,0.984578,3.775016,19.600120,357.771600
654.494,11,-0.805178,1.655913,-0.055803,-0.028820,0.227570,-0.010618,0.973277,357.061300,26.370470,358.061300
654.606,11,-0.836694,1.659812,-0.080065,-0.050769,0.273342,-0.005065,0.960563,354.562200,31.871390,357.842000
654.717,11,-0.853286,1.659193,-0.085422,-0.054163,0.291293,0.002607,0.955096,353.974000,34.002740,358.468800
654.828,11,-0.864629,1.659145,-0.077050,-0.059218,0.309520,0.011508,0.948978,353.135700,36.179950,359.144900
654.939,11,-0.865567,1.657341,-0.060932,-0.063119,0.323001,0.015831,0.944159,352.564100,37.812970,359.371300
655.050,11,-0.854506,1.654820,-0.028251,-0.068623,0.343785,0.017397,0.936376,351.924700,40.380470,359.154900
655.162,11,-0.833784,1.649640,0.011382,-0.072924,0.358842,0.016034,0.930407,351.534900,42.278000,358.696500
655.273,11,-0.802517,1.642833,0.060025,-0.076933,0.372901,0.012902,0.924586,351.263800,44.078520,358.056500
655.384,11,-0.761950,1.645951,0.113541,-0.080775,0.388760,0.004473,0.917781,351.271900,46.155490,356.833700
655.495,11,-0.726209,1.650546,0.157601,-0.081579,0.412098,-0.001839,0.907478,351.573200,49.148360,355.908800
655.606,11,-0.688265,1.653050,0.207313,-0.077303,0.436079,-0.003081,0.896577,352.187600,52.163380,355.777600
655.718,11,-0.665158,1.658207,0.243549,-0.073021,0.458101,0.003601,0.885888,352.375700,54.921180,356.499200
655.829,11,-0.639851,1.657971,0.292104,-0.070435,0.479823,0.014416,0.874415,352.124900,57.679180,357.547900
655.941,11,-0.616574,1.652254,0.341381,-0.056746,0.491617,0.015194,0.868828,353.480300,59.102320,358.304700
656.051,11,-0.594210,1.644791,0.397328,-0.044819,0.501976,0.013027,0.863621,354.808100,60.392900,358.705700
656.163,11,-0.572087,1.641298,0.460431,-0.042150,0.515065,0.016519,0.855955,354.883900,62.113200,359.129000
656.274,11,-0.553020,1.643611,0.521479,-0.042806,0.528325,0.020650,0.847711,354.583500,63.893150,359.411700
656.385,11,-0.529482,1.646569,0.597954,-0.021278,0.548420,0.029350,0.835417,356.115500,66.516780,1.476092
656.497,11,-0.510531,1.642747,0.648177,-0.011230,0.568789,0.031441,0.821806,356.891700,69.315260,2.232732
656.607,11,-0.481729,1.640244,0.701380,0.006725,0.594283,0.025132,0.803835,358.907900,72.925350,2.774529
656.718,11,-0.456586,1.639362,0.734039,0.012111,0.609868,0.020679,0.792141,359.654200,75.177020,2.724486
656.829,11,-0.421259,1.636176,0.769352,0.024617,0.628595,0.020924,0.777062,0.684847,77.963180,3.639086
656.940,11,-0.384787,1.632821,0.792346,0.034198,0.632925,0.020739,0.773179,1.525992,78.665180,4.323404
657.051,11,-0.340111,1.628962,0.800245,0.030735,0.637205,0.008229,0.770038,2.111669,79.270180,2.973656
657.162,11,-0.284116,1.622504,0.791345,0.021529,0.650524,-0.019315,0.758935,3.313954,81.201120,359.924900
657.273,11,-0.215390,1.615909,0.769651,0.014475,0.665748,-0.054603,0.744035,5.407750,83.474460,356.430600
657.385,11,-0.138060,1.619759,0.743275,0.005861,0.683929,-0.081268,0.724984,6.872619,86.280130,353.649300
657.496,11,-0.077328,1.620407,0.724459,0.004939,0.701312,-0.091779,0.706904,7.799885,89.058830,352.878300
657.606,11,-0.013446,1.625574,0.710371,-0.000597,0.731032,-0.093074,0.675966,7.774460,93.982610,352.653000
657.718,11,0.028924,1.632456,0.705774,0.001065,0.758912,-0.075530,0.646798,6.662395,98.796680,354.448500
657.828,11,0.081537,1.634124,0.703544,0.000085,0.797434,-0.062580,0.600153,5.733849,105.852800,355.678300
657.939,11,0.123827,1.629933,0.703174,0.004722,0.829037,-0.057464,0.556213,5.769888,112.120600,356.767900
658.050,11,0.180281,1.622629,0.706288,0.010539,0.866415,-0.056347,0.496023,6.205560,120.300100,357.830400
658.162,11,0.231894,1.623747,0.713423,0.010630,0.900131,-0.053077,0.432244,6.012260,128.618300,358.458800
658.273,11,0.283734,1.631440,0.719961,0.016735,0.931406,-0.044458,0.360868,5.445287,137.640400,359.947500
658.384,11,0.330549,1.628840,0.722449,0.022285,0.954234,-0.045255,0.294777,5.710709,145.712200,0.912746
658.495,11,0.367021,1.624552,0.721644,0.032354,0.966085,-0.056923,0.249787,7.247067,151.131300,1.968517
658.606,11,0.405738,1.615439,0.714659,0.037010,0.969848,-0.097496,0.220273,11.853940,154.583300,1.688487
658.717,11,0.425627,1.608033,0.702718,0.035415,0.972633,-0.122215,0.194407,14.566880,157.555400,1.265340
658.827,11,0.444638,1.602524,0.683725,0.031768,0.976394,-0.137642,0.163403,16.210520,161.143700,1.017684
658.938,11,0.457265,1.602283,0.665829,0.027891,0.977893,-0.139712,0.153063,16.366700,162.309300,0.703399
659.049,11,0.470284,1.605085,0.636190,0.015971,0.982161,-0.126182,0.138502,14.612810,163.919300,359.788000
659.160,11,0.478403,1.605683,0.598738,0.007010,0.985731,-0.116778,0.121034,13.410180,165.899800,359.149000
659.271,11,0.483288,1.602676,0.548900,-0.005404,0.987105,-0.121475,0.104110,13.809290,167.701600,357.877700
659.383,11,0.482422,1.605030,0.488604,-0.021447,0.989542,-0.120093,0.076966,13.554610,170.677900,356.406500
659.494,11,0.478167,1.612053,0.435392,-0.030608,0.992924,-0.107003,0.041411,12.119790,174.789800,355.915300
659.605,11,0.471180,1.618474,0.380109,-0.032160,0.995452,-0.088229,-0.016002,10.176730,181.524400,356.435000
659.716,11,0.466095,1.625300,0.349736,-0.032697,0.993314,-0.076084,-0.080440,8.998587,189.018700,356.940400
659.828,11,0.460295,1.635999,0.325728,-0.030190,0.981018,-0.044499,-0.186310,5.656165,201.385100,357.543500
659.937,11,0.458169,1.641603,0.321538,-0.025166,0.953452,-0.011230,-0.300284,2.093418,214.919800,357.634600
660.049,11,0.468258,1.647234,0.330949,-0.014181,0.891714,0.017353,-0.452044,358.961300,233.785700,357.651000
660.161,11,0.487425,1.655275,0.345399,0.001102,0.813505,0.048080,-0.579566,355.439900,251.058100,356.898200
660.272,11,0.509799,1.658653,0.357058,0.027059,0.735025,0.061880,-0.674668,352.676100,265.258400,357.473700
660.383,11,0.528289,1.657471,0.361195,0.038390,0.690592,0.065190,-0.719277,351.647300,272.503600,357.639200
660.495,11,0.536013,1.656942,0.361014,0.044681,0.678005,0.066728,-0.730658,351.038200,274.449100,357.857800
660.606,11,0.531377,1.656353,0.360677,0.049993,0.680858,0.063931,-0.727905,350.802600,273.942200,358.549100
660.717,11,0.517074,1.653515,0.364327,0.047113,0.682909,0.060583,-0.726461,351.303600,273.644300,358.627600
660.828,11,0.484481,1.649850,0.374426,0.043682,0.678723,0.059609,-0.730667,351.677200,274.338700,358.389300
660.940,11,0.446747,1.646407,0.385360,0.041220,0.680542,0.060622,-0.729033,351.800900,274.074600,358.130600
661.051,11,0.382784,1.641124,0.404590,0.033499,0.686968,0.059274,-0.723491,352.535600,273.116500,357.702900
661.162,11,0.315226,1.639470,0.425955,0.021397,0.696246,0.054568,-0.715406,353.880600,271.704100,357.216700
661.272,11,0.246643,1.640697,0.447513,0.006051,0.705501,0.047533,-0.707088,355.662800,270.256500,356.626200
661.384,11,0.184141,1.644901,0.467055,-0.000428,0.708775,0.036492,-0.704490,357.069400,269.728900,357.014000
661.495,11,0.135855,1.647083,0.480952,-0.005236,0.710806,0.032575,-0.702614,357.767700,269.395400,356.947100
661.606,11,0.080170,1.648906,0.492237,-0.008853,0.710086,0.027977,-0.703503,358.437000,269.507000,357.021800
661.717,11,0.038481,1.647096,0.495397,-0.009963,0.710509,0.026922,-0.703103,358.610600,269.435800,357.017500
661.828,11,-0.016237,1.640352,0.492785,-0.009327,0.708180,0.021358,-0.705647,359.020900,269.815900,357.515000
661.940,11,-0.059750,1.633399,0.484271,-0.007143,0.709740,0.016725,-0.704229,359.216200,269.566700,358.068800
662.051,11,-0.118488,1.630445,0.466053,0.005238,0.713530,0.012754,-0.700489,358.536500,268.950800,359.404300
662.162,11,-0.170016,1.638889,0.448618,0.016921,0.714467,0.021641,-0.699130,356.871000,268.766300,359.651000
662.273,11,-0.214423,1.643365,0.435788,0.025388,0.717654,0.029748,-0.695301,355.526300,268.198400,359.716800
662.385,11,-0.248059,1.646537,0.428301,0.028582,0.722502,0.038320,-0.689714,354.560200,267.371600,359.334700
662.497,11,-0.271981,1.651656,0.423743,0.033320,0.727030,0.047855,-0.684125,353.386300,266.573800,359.017700
662.608,11,-0.299760,1.655245,0.419231,0.037048,0.733306,0.056003,-0.676575,352.399400,265.473800,358.760300
662.719,11,-0.318216,1.656739,0.417186,0.040252,0.740488,0.059760,-0.668196,351.819300,264.208300,358.827700
662.830,11,-0.335545,1.660775,0.418966,0.040906,0.760258,0.069767,-0.644568,350.861800,260.713100,358.389900
662.941,11,-0.340802,1.667911,0.428093,0.049251,0.790900,0.099257,-0.601831,347.509000,254.805300,357.559900
663.052,11,-0.336443,1.676722,0.451700,0.069007,0.828395,0.145462,-0.536508,341.636400,246.265600,357.478500
663.163,11,-0.331896,1.681162,0.489839,0.080320,0.864865,0.187387,-0.458742,336.558000,236.312300,357.939200
663.275,11,-0.331268,1.685930,0.528384,0.077451,0.894307,0.207034,-0.389042,334.496500,227.344300,358.567700
663.386,11,-0.332436,1.688145,0.576791,0.054427,0.928700,0.211419,-0.299760,334.829100,216.140100,358.375500
663.497,11,-0.329863,1.688859,0.610825,0.039672,0.948601,0.210293,-0.233149,335.325300,207.931500,358.562700
663.607,11,-0.319780,1.693164,0.649762,0.013385,0.962920,0.218145,-0.158177,334.890700,199.266700,357.263300
663.719,11,-0.311104,1.695485,0.672309,-0.002068,0.967795,0.224596,-0.113686,334.262000,194.200500,356.495000
663.829,11,-0.298643,1.694518,0.691445,-0.016439,0.971218,0.225121,-0.076071,334.228600,189.921700,355.785400
663.940,11,-0.286039,1.695040,0.701464,-0.023848,0.971215,0.229439,-0.059421,333.715100,188.102100,355.292100
664.050,11,-0.264816,1.698461,0.710798,-0.021624,0.968915,0.241983,-0.046705,332.166700,186.556400,355.816700
664.162,11,-0.245202,1.702346,0.717386,-0.024187,0.966672,0.252263,-0.036393,330.925300,185.420700,355.726800
664.273,11,-0.226491,1.702517,0.722157,-0.021266,0.967365,0.250721,-0.029855,331.065600,184.484200,356.323800
664.384,11,-0.211310,1.703442,0.726655,-0.024215,0.966918,0.252626,-0.025760,330.837400,184.074800,356.070500
664.495,11,-0.202858,1.701275,0.729355,-0.028055,0.971049,0.234408,-0.036466,333.051000,185.405400,355.394100
664.606,11,-0.200985,1.694501,0.730144,-0.040351,0.978187,0.185508,-0.084314,339.137900,191.101300,353.225800
664.717,11,-0.203407,1.688141,0.731430,-0.047474,0.978378,0.148546,-0.135860,343.873000,196.942800,352.026400
664.827,11,-0.206656,1.682789,0.735597,-0.055555,0.973151,0.123369,-0.186204,347.324800,202.675400,350.913900
664.938,11,-0.205681,1.681005,0.740619,-0.055592,0.970986,0.117239,-0.200875,348.150600,204.324600,350.883900
665.050,11,-0.200217,1.680408,0.748529,-0.054528,0.969612,0.114197,-0.209378,348.543700,205.276800,350.985500
665.161,11,-0.192055,1.680626,0.754809,-0.049649,0.969399,0.117718,-0.209628,348.029100,205.303300,351.439700
665.272,11,-0.181905,1.680771,0.760161,-0.042601,0.972332,0.118100,-0.196999,347.708900,203.727200,352.391100
665.384,11,-0.172056,1.679120,0.765749,-0.040087,0.976026,0.114933,-0.180435,347.884200,201.695100,352.966200
665.495,11,-0.165523,1.678160,0.771495,-0.040415,0.977246,0.113295,-0.174705,348.035100,201.002200,353.038100
665.606,11,-0.158954,1.677023,0.778905,-0.039769,0.977807,0.112398,-0.172278,348.105900,200.697600,353.162400
665.717,11,-0.154137,1.676590,0.783995,-0.038649,0.978757,0.111829,-0.167435,348.114000,200.106900,353.362800
665.828,11,-0.148270,1.676019,0.790396,-0.036563,0.979940,0.110852,-0.161534,348.144500,199.376300,353.695300
665.939,11,-0.143557,1.675641,0.794822,-0.034813,0.980490,0.111530,-0.158078,348.012300,198.955700,353.924700
666.050,11,-0.138945,1.674962,0.800026,-0.035408,0.980245,0.110867,-0.159919,348.110300,199.172700,353.847400
666.161,11,-0.135016,1.673881,0.802924,-0.034936,0.979876,0.111986,-0.161499,347.984300,199.365100,353.858700
666.272,11,-0.133485,1.672712,0.804639,-0.033704,0.979357,0.112463,-0.164547,347.925100,199.715300,353.952100
666.384,11,-0.133809,1.670728,0.805179,-0.035552,0.978574,0.108202,-0.171527,348.488200,200.514700,353.748600
666.494,11,-0.134059,1.668966,0.805336,-0.039479,0.978808,0.102437,-0.172870,349.229100,200.653500,353.412300
666.606,11,-0.133207,1.667144,0.805187,-0.041788,0.979851,0.098583,-0.168605,349.682500,200.134200,353.279500
666.717,11,-0.132990,1.666116,0.804916,-0.044510,0.980437,0.095474,-0.166275,350.072000,199.854300,353.059500
666.828,11,-0.131315,1.665916,0.803514,-0.047376,0.980315,0.096176,-0.165799,350.046100,199.833600,352.721900
666.939,11,-0.128780,1.665655,0.801895,-0.046271,0.981035,0.095291,-0.162326,350.099000,199.406100,352.902200
667.050,11,-0.125896,1.665829,0.800007,-0.045521,0.981776,0.094376,-0.158549,350.161200,198.946500,353.045000
667.161,11,-0.123955,1.665877,0.798837,-0.044724,0.981706,0.095795,-0.158353,349.984200,198.930700,353.109100
667.272,11,-0.122658,1.666011,0.798007,-0.044838,0.981799,0.095508,-0.157917,350.015700,198.877800,353.106400
667.384,11,-0.121034,1.666149,0.797124,-0.043780,0.981826,0.096389,-0.157513,349.893300,198.829200,353.213700
667.493,11,-0.119679,1.665909,0.795585,-0.042563,0.982395,0.094417,-0.155477,350.079900,198.558700,353.413600
667.604,11,-0.119015,1.666020,0.794370,-0.042113,0.982805,0.093951,-0.153279,350.109800,198.292200,353.496600
667.716,11,-0.118337,1.666290,0.793855,-0.041661,0.983090,0.095689,-0.150471,349.886100,197.976100,353.543100
667.827,11,-0.116265,1.667384,0.792879,-0.039752,0.983716,0.099392,-0.144374,349.393100,197.278900,353.755800
667.938,11,-0.111403,1.667412,0.789602,-0.034222,0.985859,0.103447,-0.127314,348.740400,195.258400,354.510800
668.049,11,-0.101610,1.666252,0.778867,-0.020984,0.991231,0.101220,-0.082315,348.626100,189.833700,356.592900
668.160,11,-0.095605,1.664617,0.762231,-0.015780,0.993872,0.096473,-0.051597,349.039400,186.175200,357.587700
668.271,11,-0.093471,1.663188,0.735979,-0.016220,0.995145,0.091944,-0.031144,349.514600,183.788400,357.784700
668.382,11,-0.092903,1.659291,0.699103,-0.019632,0.996409,0.081498,-0.011916,350.680300,181.564700,357.615000
668.493,11,-0.093352,1.653515,0.650617,-0.023393,0.997193,0.070100,0.012009,351.930800,178.803700,357.396700
668.605,11,-0.095446,1.647039,0.588708,-0.028287,0.997045,0.059778,0.039094,353.026300,175.691200,357.012500
668.716,11,-0.098325,1.644090,0.524229,-0.031303,0.996561,0.046366,0.061123,354.477400,173.138000,356.733100
668.827,11,-0.102745,1.643897,0.436359,-0.036136,0.995125,0.026622,0.087815,356.598600,170.028700,356.137500
668.939,11,-0.105674,1.644479,0.371369,-0.034566,0.993641,0.015557,0.106025,357.808200,167.890600,356.247900
669.050,11,-0.109698,1.642707,0.301960,-0.038424,0.991541,0.001205,0.123968,359.317300,165.773000,355.646800
669.161,11,-0.113720,1.641351,0.260054,-0.041806,0.991449,-0.005453,0.123501,0.027867,165.797700,355.167500
669.272,11,-0.116422,1.642347,0.233978,-0.048546,0.993202,-0.008193,0.105479,0.345708,167.858700,354.366700
669.383,11,-0.118042,1.642738,0.222340,-0.052877,0.996173,-0.012546,0.068457,1.017406,172.083000,353.852800
669.495,11,-0.120790,1.642938,0.227721,-0.058334,0.998075,-0.014160,-0.015570,1.723813,181.687100,353.335500
669.606,11,-0.123245,1.644075,0.263171,-0.051622,0.976167,-0.011558,-0.210474,2.538744,204.212700,354.490400
669.717,11,-0.113579,1.645121,0.308713,-0.042132,0.934623,0.004799,-0.353102,1.190927,221.344300,355.287100
669.827,11,-0.084482,1.645987,0.370031,-0.036794,0.884166,0.025695,-0.465012,359.357200,235.511300,354.895800
669.939,11,-0.056988,1.646258,0.411420,-0.035367,0.859218,0.036585,-0.509073,358.460900,241.367700,354.372600
670.050,11,-0.027116,1.646727,0.455776,-0.033704,0.832194,0.047587,-0.551410,357.590900,247.188000,353.761100
670.161,11,-0.005766,1.648128,0.482473,-0.037479,0.831317,0.047955,-0.552456,357.803800,247.339600,353.374200
670.272,11,0.011699,1.649263,0.500490,-0.037340,0.838241,0.050724,-0.541650,357.444500,245.889900,353.242600
670.383,11,0.023640,1.652744,0.511454,-0.037285,0.845871,0.056934,-0.529028,356.740000,244.247900,352.905000
670.494,11,0.029330,1.653538,0.516800,-0.033956,0.850649,0.061385,-0.521032,356.040600,243.218500,352.990800
670.606,11,0.031557,1.655130,0.520893,-0.032709,0.855053,0.062353,-0.513739,355.812400,242.250100,353.089300
670.717,11,0.031656,1.655072,0.522448,-0.034393,0.858046,0.062304,-0.508618,355.874900,241.570000,352.951000
670.829,11,0.031691,1.654522,0.523057,-0.034349,0.859519,0.058647,-0.506564,356.214800,241.252100,353.181600
670.939,11,0.032154,1.654511,0.523021,-0.033675,0.859646,0.058895,-0.506366,356.149500,241.227300,353.234400
671.050,11,0.033663,1.653866,0.522092,-0.030936,0.859804,0.054606,-0.506753,356.414000,241.224200,353.756500
671.161,11,0.036164,1.653694,0.520939,-0.030805,0.861373,0.053480,-0.504209,356.498900,240.873800,353.846100
671.272,11,0.038446,1.653820,0.520179,-0.027927,0.862408,0.053334,-0.502621,356.335200,240.655600,354.146100
671.383,11,0.040650,1.653243,0.520429,-0.027541,0.864962,0.049825,-0.498597,356.633100,240.086100,354.404900
671.494,11,0.043409,1.652194,0.521431,-0.027923,0.867713,0.046969,-0.494053,356.909100,239.459200,354.548300
671.605,11,0.047967,1.651909,0.523682,-0.027092,0.869974,0.046591,-0.490144,356.875400,238.939500,354.666700
671.716,12,0.052077,1.651597,0.525705,-0.025978,0.871402,0.047391,-0.487585,356.717400,238.608400,354.742100
671.828,12,0.057363,1.651512,0.528039,-0.023565,0.873270,0.048866,-0.484208,356.415300,238.174000,354.913900
671.939,12,0.061127,1.651707,0.529573,-0.021574,0.874430,0.049652,-0.482122,356.213900,237.903500,355.078300
672.050,12,0.065502,1.651604,0.529855,-0.021788,0.877620,0.049397,-0.476307,356.218700,237.141700,355.096100
672.161,12,0.068425,1.651714,0.527921,-0.020025,0.880218,0.048988,-0.471610,356.138100,236.521700,355.316900
672.272,12,0.070396,1.650554,0.524196,-0.017123,0.885232,0.042069,-0.462926,356.638900,235.330800,356.021400
672.384,12,0.071036,1.648890,0.518428,-0.017171,0.895132,0.031243,-0.444374,357.669000,232.871000,356.643000
672.494,12,0.071814,1.646814,0.511584,-0.016149,0.907473,0.018904,-0.419374,358.810200,229.633400,357.410800
672.606,12,0.074390,1.642460,0.498529,-0.017810,0.933802,-0.004185,-0.357322,1.177175,221.861100,358.265000
672.717,12,0.073878,1.637720,0.487395,-0.018002,0.949912,-0.023025,-0.311148,3.149726,216.241500,358.859600
672.827,12,0.069059,1.628975,0.471068,-0.015882,0.967576,-0.061601,-0.244436,7.294680,208.353300,359.964200
672.938,12,0.064141,1.620518,0.457359,-0.011412,0.979676,-0.097733,-0.174794,11.272890,200.300600,0.689752
673.048,12,0.052603,1.613333,0.440216,-0.007359,0.989377,-0.123228,-0.076773,14.179900,188.906300,0.257603
673.159,12,0.036692,1.611804,0.427406,0.000618,0.992019,-0.125994,-0.004935,14.475810,180.588600,0.146101
673.270,12,0.009452,1.614179,0.412275,0.006735,0.987694,-0.125292,0.093366,14.403980,169.124400,359.403100
673.382,12,-0.014853,1.620191,0.404515,0.010939,0.973969,-0.102983,0.201644,11.830410,156.483600,358.816000
673.492,12,-0.033617,1.628810,0.408996,0.001866,0.934984,-0.066957,0.348308,7.267845,138.978100,357.506600
673.605,12,-0.048764,1.635943,0.421213,-0.006561,0.867780,-0.044587,0.494900,4.065084,120.494000,356.809300
673.716,12,-0.060447,1.638799,0.439725,-0.011708,0.803296,-0.036098,0.594370,2.526221,106.925300,356.457900
673.827,12,-0.078299,1.641487,0.475296,-0.014778,0.731905,-0.030939,0.680544,1.442511,94.118980,356.344200
673.938,12,-0.095844,1.642574,0.507353,-0.011174,0.688174,-0.022848,0.725100,0.873388,86.985470,357.218900
674.050,12,-0.121636,1.639761,0.550205,0.000349,0.640564,-0.022708,0.767569,1.697844,79.663140,358.027000
674.161,12,-0.141080,1.626665,0.587962,0.042967,0.622301,-0.063652,0.779002,8.404673,77.044190,357.352700
674.272,12,-0.159419,1.599907,0.625666,0.131627,0.616578,-0.146030,0.762353,22.381400,77.190290,356.258700
674.382,12,-0.179366,1.567119,0.656006,0.214496,0.615791,-0.228346,0.722946,36.253870,79.309850,355.305800
674.492,12,-0.198698,1.538402,0.680001,0.265766,0.617064,-0.269189,0.690028,44.345610,82.188150,356.512100
674.603,12,-0.222474,1.511528,0.698554,0.310030,0.603284,-0.304676,0.668657,51.464340,82.635340,356.929100
674.714,12,-0.248452,1.495435,0.706297,0.321427,0.603508,-0.327047,0.652306,54.497360,83.580940,356.178700
674.825,12,-0.272525,1.484776,0.707171,0.327817,0.609032,-0.342298,0.635962,56.501440,85.507450,356.252300
674.936,12,-0.291284,1.487936,0.705557,0.315746,0.616629,-0.340434,0.635750,55.216560,85.964590,355.630300
675.047,12,-0.312524,1.518414,0.699987,0.255236,0.636747,-0.298255,0.663666,45.939700,85.148260,354.153200
675.159,12,-0.326568,1.569613,0.695154,0.144717,0.648389,-0.200300,0.720089,27.915110,82.371870,353.449600
675.270,12,-0.354821,1.635468,0.686229,-0.044341,0.621017,-0.039405,0.781549,358.833000,77.009440,353.298800
675.382,12,-0.370266,1.656278,0.668145,-0.123787,0.591563,0.019809,0.796453,347.254700,73.962490,353.234600
675.494,12,-0.361505,1.660342,0.647483,-0.138731,0.586879,0.030174,0.797130,345.132100,73.614560,353.182500
675.606,12,-0.328471,1.656753,0.613085,-0.128850,0.605772,0.022445,0.784815,346.735900,76.157230,352.866000
675.717,12,-0.292892,1.650916,0.576813,-0.114170,0.659745,0.009402,0.742707,349.514000,83.963680,352.009900
675.827,12,-0.244725,1.646713,0.534131,-0.086720,0.739327,0.010619,0.667654,352.443800,96.269130,353.393600
675.938,12,-0.211937,1.650327,0.514434,-0.070184,0.768287,0.008014,0.636195,354.167800,101.032900,354.367100
676.049,12,-0.180261,1.656865,0.501802,-0.061656,0.784809,0.012549,0.616536,354.507000,103.919400,355.315000
676.160,12,-0.157288,1.653637,0.495655,-0.059117,0.796378,0.008586,0.601842,355.133500,106.046700,355.174200
676.271,12,-0.134900,1.647931,0.498312,-0.055217,0.818193,-0.001912,0.572283,356.556200,110.218500,354.680400
676.383,12,-0.112687,1.641962,0.513787,-0.051558,0.849542,-0.002936,0.524987,357.183000,116.698900,354.790700
676.493,12,-0.084372,1.638238,0.543544,-0.052010,0.874644,-0.006753,0.481920,357.804100,122.398700,354.401200
676.605,12,-0.051048,1.639854,0.576166,-0.053924,0.895599,-0.023281,0.440968,359.664400,127.591100,353.273900
676.716,12,-0.024249,1.639408,0.601390,-0.050884,0.915712,-0.030956,0.397398,0.931189,133.025500,353.234300
676.827,12,0.000571,1.633141,0.627156,-0.043383,0.942274,-0.053424,0.327693,4.143095,141.404400,353.276600
676.938,12,0.013701,1.631065,0.643010,-0.036264,0.960882,-0.059962,0.267945,5.497298,148.555300,354.128800
677.049,12,0.025322,1.627305,0.659482,-0.023842,0.973612,-0.061615,0.218437,6.290129,154.476700,355.768400
677.160,12,0.030862,1.625265,0.667194,-0.017735,0.978343,-0.064554,0.195864,6.855416,157.150600,356.536000
677.270,12,0.034564,1.624607,0.666443,-0.012952,0.982705,-0.063758,0.173376,6.939400,159.822300,357.253600
677.382,12,0.035508,1.622922,0.653682,-0.013335,0.983674,-0.064634,0.167421,7.047506,160.511300,357.235000
677.492,12,0.033103,1.621443,0.628985,-0.015713,0.983011,-0.071452,0.168339,7.769395,160.349000,356.820900
677.603,12,0.026953,1.621238,0.596003,-0.021495,0.982269,-0.077751,0.169237,8.364427,160.158200,356.027300
677.715,12,0.020194,1.621418,0.562995,-0.026070,0.982356,-0.079211,0.167400,8.447274,160.325500,355.492300
677.826,12,0.011367,1.621963,0.517402,-0.026272,0.982112,-0.080589,0.168141,8.595613,160.226600,355.434500
677.937,12,0.005010,1.622037,0.481358,-0.025702,0.981154,-0.082317,0.172919,8.780139,159.657800,355.420700
678.049,12,-0.000801,1.622799,0.438093,-0.024845,0.979797,-0.082691,0.180394,8.805247,158.784700,355.442700
678.160,12,-0.003327,1.622092,0.408077,-0.021665,0.979028,-0.083382,0.184612,8.932356,158.310500,355.750100
678.271,12,-0.004848,1.619888,0.374690,-0.017864,0.978038,-0.085078,0.189434,9.186621,157.762900,356.098000
678.382,12,-0.004910,1.618708,0.349742,-0.015137,0.977316,-0.085557,0.193143,9.287350,157.346200,356.361100
678.493,12,-0.004143,1.616532,0.328317,-0.014066,0.976498,-0.087294,0.196554,9.494662,156.940200,356.408400
678.605,12,-0.002766,1.614502,0.309555,-0.014332,0.975732,-0.090518,0.198869,9.842569,156.639400,356.277300
678.716,12,-0.000813,1.612684,0.295037,-0.014327,0.975448,-0.093623,0.198822,10.192250,156.620100,356.202900
678.827,12,0.002135,1.610036,0.279826,-0.012663,0.974834,-0.098265,0.199704,10.750140,156.494000,356.268600
678.938,12,0.004861,1.608190,0.270495,-0.011789,0.973708,-0.102073,0.203311,11.185410,156.043100,356.232300
679.048,12,0.008228,1.607366,0.261925,-0.011510,0.972535,-0.104374,0.207723,11.433680,155.501600,356.153700
679.160,12,0.010426,1.606824,0.257163,-0.010943,0.971610,-0.106475,0.210990,11.670660,155.100100,356.124300
679.271,12,0.011859,1.607063,0.256290,-0.009345,0.969271,-0.107253,0.221187,11.758140,153.895000,356.160200
679.382,12,0.012526,1.606844,0.259290,-0.008667,0.963156,-0.106309,0.246889,11.566460,150.835100,355.950300
679.493,12,0.012019,1.606431,0.265624,-0.009238,0.954557,-0.105430,0.278603,11.310740,147.015900,355.532400
679.605,12,0.007102,1.605955,0.281914,-0.008354,0.943629,-0.099823,0.315485,10.551580,142.602700,355.405400
679.716,12,-0.006424,1.608705,0.308894,-0.011418,0.934634,-0.098493,0.341508,10.155020,139.396900,354.834900
679.827,12,-0.038753,1.620005,0.363009,-0.017518,0.927356,-0.076989,0.365755,7.468297,136.615200,354.861200
679.938,12,-0.069411,1.629800,0.412240,-0.025935,0.923870,-0.047934,0.378805,3.952012,135.243500,355.156300
680.049,12,-0.111335,1.629312,0.477709,-0.030061,0.916817,-0.027101,0.397251,1.478932,133.089700,355.602400
680.160,12,-0.154903,1.626848,0.536145,-0.027035,0.909859,-0.020852,0.413511,0.893029,131.088800,356.189900
680.270,12,-0.202193,1.629460,0.590441,-0.025691,0.900157,-0.011475,0.434656,359.904000,128.454000,356.776700
680.381,12,-0.245341,1.637202,0.633428,-0.024029,0.892947,-0.001827,0.449515,358.949200,126.581500,357.445900
680.492,12,-0.280853,1.641230,0.665726,-0.027024,0.888368,-0.002800,0.458328,358.865700,125.448400,357.100000
680.604,12,-0.308848,1.644780,0.689485,-0.023980,0.887429,-0.004321,0.460300,359.174500,125.188600,357.332300
680.715,12,-0.327004,1.645672,0.704658,-0.027028,0.884238,0.000340,0.466253,358.521300,124.430300,357.277600
680.826,12,-0.343650,1.647581,0.716993,-0.021964,0.880593,0.001400,0.473361,358.667200,123.504600,357.858600
680.937,12,-0.352237,1.647903,0.721647,-0.021413,0.880366,0.006962,0.473760,358.134900,123.456100,358.216500
681.048,12,-0.359011,1.646843,0.723332,-0.017576,0.881936,0.001948,0.471037,358.854300,123.803800,358.328300
681.159,12,-0.362377,1.646693,0.722792,-0.017480,0.881117,0.002229,0.472570,358.828300,123.604800,358.355200
681.269,12,-0.363036,1.647027,0.719958,-0.019674,0.882000,0.000400,0.470838,358.898000,123.829600,358.032300
681.381,12,-0.361249,1.646408,0.718638,-0.017981,0.883248,-0.002791,0.468553,359.317100,124.120900,358.029800
681.492,12,-0.357648,1.646352,0.718141,-0.016381,0.882400,-0.002895,0.470206,359.410200,123.905500,358.187300
681.603,12,-0.353737,1.645882,0.718522,-0.014251,0.881837,-0.004547,0.471317,359.689800,123.758000,358.314000
681.715,12,-0.350625,1.645404,0.719317,-0.013438,0.881066,-0.004198,0.472784,359.695800,123.567800,358.415600
681.825,12,-0.346234,1.645394,0.718671,-0.013334,0.881274,-0.003060,0.472408,359.587200,123.618300,358.487500
681.936,12,-0.342471,1.645170,0.716292,-0.013118,0.882115,-0.001816,0.470848,359.475800,123.822500,358.575800
682.048,12,-0.338020,1.644898,0.711631,-0.013068,0.882329,-0.003114,0.470441,359.610400,123.873700,358.510700
682.159,12,-0.332420,1.643637,0.705215,-0.012934,0.880715,0.002167,0.473465,359.079500,123.485300,358.812000
682.270,12,-0.317727,1.641339,0.688972,-0.013160,0.873921,0.003808,0.485876,358.885900,121.865000,358.893900
682.381,12,-0.296246,1.639178,0.665533,-0.014514,0.866203,0.001991,0.499478,358.971600,120.073900,358.673000
682.492,12,-0.266896,1.636394,0.634443,-0.013422,0.860430,-0.000941,0.509392,359.309300,118.755500,358.621500
682.603,12,-0.231013,1.636948,0.597826,-0.013448,0.851772,-0.007525,0.523686,359.927500,116.833100,358.235500
682.715,12,-0.197458,1.636417,0.567144,-0.008109,0.840948,-0.015276,0.540840,0.969591,114.492700,358.271300
682.825,12,-0.154853,1.634868,0.534475,-0.000315,0.823990,-0.022861,0.566143,2.138612,110.987800,358.485900
682.937,12,-0.124143,1.633458,0.515181,0.002720,0.811471,-0.025239,0.583841,2.529752,108.499400,358.562800
683.048,12,-0.087541,1.628600,0.495791,0.004345,0.796966,-0.025709,0.603462,2.649312,105.702100,358.617300
683.160,12,-0.062201,1.623577,0.483520,0.007479,0.788910,-0.027037,0.613868,2.971696,104.193700,358.772500
683.271,12,-0.033927,1.617726,0.470611,0.010830,0.779930,-0.031206,0.624994,3.566934,102.546800,358.730400
683.382,12,-0.013241,1.613492,0.460600,0.011763,0.775175,-0.035840,0.630620,4.036977,101.687300,358.451000
683.493,12,0.004059,1.610274,0.452274,0.012992,0.771579,-0.041266,0.634661,4.598343,101.047500,358.141300
683.604,12,0.017469,1.607181,0.445025,0.016346,0.768148,-0.046357,0.638382,5.283698,100.451800,358.039000
683.716,12,0.026700,1.604589,0.439560,0.017733,0.765931,-0.049792,0.640747,5.681542,100.066300,357.889600
683.827,12,0.034695,1.601662,0.433245,0.019339,0.765178,-0.054688,0.641200,6.228467,99.948530,357.663000
683.938,12,0.038506,1.600012,0.429021,0.020711,0.765512,-0.057342,0.640527,6.564560,100.021400,357.591500
684.048,12,0.041467,1.598801,0.424444,0.021634,0.764297,-0.058520,0.641840,6.731958,99.811620,357.573200
684.160,12,0.043275,1.598966,0.420597,0.020806,0.762755,-0.059403,0.643617,6.742217,99.532210,357.418700
684.271,12,0.045927,1.598860,0.415552,0.021266,0.761432,-0.059025,0.645202,6.738008,99.298490,357.473300
684.382,12,0.048619,1.598292,0.410501,0.021706,0.759344,-0.060445,0.647512,6.886737,98.932410,357.384000
684.493,12,0.051702,1.597210,0.405388,0.020908,0.758710,-0.061774,0.648156,6.940646,98.817000,357.208100
684.604,12,0.054640,1.595838,0.400464,0.021722,0.759178,-0.065565,0.647208,7.334856,98.911790,357.001300
684.716,12,0.057267,1.595425,0.397713,0.020806,0.759514,-0.066832,0.646714,7.378881,98.967800,356.830200
684.827,12,0.061128,1.594748,0.395223,0.021376,0.759759,-0.066400,0.646452,7.384898,99.014310,356.915200
684.938,12,0.064743,1.593708,0.393969,0.022912,0.759661,-0.067413,0.646410,7.587684,99.009030,356.973100
685.048,12,0.071039,1.591664,0.392161,0.024416,0.758611,-0.070369,0.647273,7.953726,98.838540,356.871500
685.160,12,0.079607,1.589457,0.390426,0.023131,0.758506,-0.071452,0.647324,7.951859,98.812690,356.676500
685.271,12,0.095033,1.583266,0.390595,0.030357,0.757074,-0.079121,0.647810,9.156501,98.631400,356.716600
685.382,12,0.108388,1.580030,0.395138,0.036568,0.752093,-0.082657,0.652830,9.908633,97.815830,356.920700
685.493,12,0.121151,1.579811,0.401202,0.041072,0.748872,-0.080704,0.656499,10.067120,97.293110,357.412500
685.604,12,0.134298,1.577703,0.408017,0.046103,0.748364,-0.078713,0.656985,10.276010,97.260240,357.995100
685.715,12,0.146609,1.575965,0.413658,0.050706,0.751036,-0.077583,0.653724,10.534650,97.789640,358.527000
685.827,12,0.162429,1.575653,0.421634,0.055111,0.755540,-0.070937,0.648915,10.295020,98.636990,359.488300
685.938,12,0.175944,1.575840,0.426985,0.055915,0.758957,-0.067081,0.645258,10.019440,99.249600,359.901300
686.049,12,0.199019,1.577636,0.431448,0.056358,0.765257,-0.063659,0.638085,9.750228,100.380900,0.291623
686.160,12,0.218834,1.578177,0.432721,0.060348,0.768605,-0.060774,0.633965,9.784310,101.044800,0.913424
686.271,12,0.242729,1.578563,0.431788,0.061405,0.771417,-0.064753,0.630041,10.211280,101.589200,0.765213
686.382,12,0.259646,1.578667,0.430102,0.059867,0.772524,-0.066310,0.628670,10.237300,101.771100,0.531206
686.493,12,0.274559,1.577116,0.429302,0.057029,0.774544,-0.073262,0.625670,10.652520,102.119900,359.805700
686.604,12,0.288529,1.575780,0.430299,0.058148,0.776837,-0.075261,0.622479,10.913220,102.571000,359.804300
686.716,12,0.299909,1.574556,0.432336,0.058524,0.777474,-0.077229,0.621406,11.117430,102.703600,359.709200
686.827,12,0.313419,1.572797,0.436260,0.061296,0.777231,-0.079826,0.621114,11.550480,102.717800,359.773100
686.938,12,0.323346,1.571855,0.439804,0.063027,0.776813,-0.080942,0.621319,11.775240,102.676100,359.844300
687.049,12,0.336584,1.570578,0.443720,0.065057,0.776760,-0.081496,0.621104,11.971230,102.706700,359.990200
687.160,12,0.347308,1.569007,0.445963,0.067812,0.777356,-0.082021,0.619994,12.216460,102.873900,0.218287
687.271,12,0.362160,1.567423,0.447718,0.069605,0.776934,-0.083115,0.620177,12.444020,102.836100,0.297177
687.382,12,0.375773,1.565725,0.448348,0.070285,0.775917,-0.084446,0.621194,12.613190,102.666000,0.244020
687.493,12,0.389091,1.564029,0.448562,0.071356,0.775758,-0.086578,0.620977,12.882190,102.668100,0.187139
687.604,12,0.401241,1.561788,0.448705,0.074075,0.776493,-0.088441,0.619475,13.245480,102.872700,0.321625
687.716,12,0.410976,1.559821,0.448952,0.075016,0.776728,-0.089696,0.618887,13.426080,102.943400,0.324600
687.827,12,0.423255,1.557547,0.449535,0.076098,0.776491,-0.091212,0.618831,13.640870,102.930500,0.311855
687.938,12,0.432829,1.555489,0.450229,0.078072,0.775761,-0.093525,0.619155,13.991810,102.850000,0.313947
688.049,12,0.445104,1.553627,0.451249,0.078988,0.775509,-0.094629,0.619187,14.157490,102.829500,0.314721
688.160,12,0.454812,1.551681,0.452554,0.080020,0.774607,-0.095698,0.620018,14.328740,102.689800,0.313347
688.271,12,0.465184,1.550209,0.453887,0.081731,0.775025,-0.095473,0.619308,14.431410,102.807800,0.498911
688.382,12,0.468773,1.549943,0.455346,0.083718,0.777451,-0.096810,0.615784,14.692640,103.321300,0.648347
688.493,12,0.464292,1.551122,0.458666,0.084158,0.780148,-0.097640,0.612171,14.796470,103.849000,0.697304
688.604,12,0.449602,1.555322,0.466155,0.083776,0.781375,-0.092245,0.611495,14.277170,104.041400,1.070534
688.716,12,0.428120,1.560882,0.476988,0.080541,0.778583,-0.083991,0.616658,13.304160,103.389700,1.285302
688.827,12,0.389335,1.568612,0.499081,0.077003,0.762317,-0.076057,0.638090,12.370330,100.267900,1.193094
688.938,12,0.354706,1.576742,0.517413,0.071509,0.738451,-0.067424,0.667106,11.243890,95.901650,0.914496
689.049,12,0.312433,1.585093,0.534180,0.065745,0.713049,-0.059941,0.695446,10.190740,91.485990,0.604767
689.161,12,0.276683,1.586436,0.544931,0.069632,0.702640,-0.057232,0.705814,10.295260,89.831270,0.993684
689.271,12,0.240911,1.587321,0.553298,0.073203,0.693109,-0.061472,0.714466,10.942030,88.337660,0.795745
689.383,12,0.204549,1.589326,0.559760,0.070819,0.682867,-0.065704,0.724128,11.086940,86.649320,0.091271
689.494,12,0.174445,1.593260,0.564099,0.069829,0.672131,-0.066848,0.734095,11.091940,84.929620,359.750300
689.604,12,0.142131,1.599418,0.569605,0.064945,0.662937,-0.067459,0.742797,10.714980,83.419860,359.177300
689.716,12,0.125506,1.603617,0.576147,0.069135,0.662670,-0.066896,0.742707,11.031830,83.437420,359.548200
689.827,12,0.115408,1.607285,0.585409,0.077303,0.669784,-0.069049,0.735287,11.898360,84.673990,0.117732
689.938,12,0.115744,1.609275,0.592415,0.080030,0.686808,-0.075111,0.718504,12.602020,87.428810,0.117216
690.048,12,0.123511,1.613714,0.603425,0.076801,0.723973,-0.073207,0.681619,12.163270,93.523090,0.668463
690.160,12,0.134362,1.618636,0.616650,0.071109,0.753509,-0.073824,0.649398,11.748190,98.556300,0.660191
690.270,12,0.150554,1.620838,0.639399,0.062717,0.784269,-0.076422,0.612493,11.343990,104.049900,0.278094
690.382,12,0.165876,1.621318,0.660240,0.059170,0.807864,-0.077252,0.581280,11.163360,108.561000,0.338348
690.492,12,0.179533,1.620650,0.677630,0.055746,0.829707,-0.080704,0.549515,11.255670,112.988900,0.222508
690.604,12,0.189481,1.619324,0.692220,0.053790,0.848780,-0.083488,0.519335,11.396430,117.105100,0.268572
690.715,12,0.195313,1.617603,0.703000,0.054357,0.861113,-0.083786,0.498508,11.448870,119.925000,0.589219
690.826,12,0.197323,1.616074,0.714299,0.055132,0.873229,-0.085074,0.476649,11.603360,122.834800,0.888278
690.937,12,0.196195,1.615913,0.721809,0.054445,0.880424,-0.083187,0.463648,11.359580,124.564600,1.094684
691.048,12,0.190598,1.614888,0.728602,0.052887,0.889747,-0.082866,0.445743,11.221820,126.896500,1.182268
691.159,12,0.180571,1.613896,0.731949,0.051542,0.898899,-0.081620,0.427391,10.999110,129.270200,1.336448
691.270,12,0.157896,1.615509,0.734604,0.046360,0.911259,-0.078634,0.401589,10.401670,132.547300,1.242924
691.381,12,0.126511,1.618809,0.733837,0.030763,0.922051,-0.071822,0.379100,8.961575,135.310400,0.131987
691.492,12,0.088233,1.623219,0.730589,0.014149,0.931769,-0.063307,0.357210,7.358853,137.979600,358.910300
691.603,12,0.046791,1.626477,0.726752,0.001993,0.938356,-0.053997,0.341423,5.894535,139.913700,358.091300
691.715,12,0.009088,1.628446,0.722951,-0.002419,0.941613,-0.051284,0.332759,5.449541,140.968000,357.772900
691.825,12,-0.042514,1.630803,0.718720,-0.004948,0.941306,-0.047353,0.334180,4.924340,140.807200,357.643600
691.936,12,-0.084281,1.634610,0.716076,-0.006011,0.939925,-0.042255,0.338704,4.322004,140.280000,357.705400
692.047,12,-0.136639,1.636642,0.714848,-0.008338,0.936170,-0.036439,0.349556,3.577405,138.976100,357.640700
692.158,12,-0.174307,1.636568,0.715591,-0.012347,0.931871,-0.031911,0.361173,2.897763,137.562600,357.356500
692.269,12,-0.216081,1.635799,0.717442,-0.010912,0.926203,-0.023106,0.376158,1.982405,135.755700,357.844100
692.380,12,-0.245171,1.637577,0.720621,-0.010602,0.918981,-0.020240,0.393639,1.653373,133.595600,357.969300
692.491,12,-0.268662,1.639102,0.725445,-0.009045,0.911684,-0.014856,0.410525,1.126573,131.500500,358.355600
692.603,12,-0.287572,1.639124,0.730349,-0.008126,0.905848,-0.010754,0.423388,0.722035,129.889100,358.634600
692.714,12,-0.301854,1.638192,0.732620,-0.008696,0.903871,-0.009913,0.427602,0.600702,129.357100,358.613300
692.825,12,-0.312408,1.638032,0.733150,-0.009151,0.902835,-0.009319,0.429790,0.513444,129.080600,358.594100
692.936,12,-0.319982,1.637403,0.733095,-0.008954,0.902854,-0.007418,0.429790,0.326483,129.084200,358.708200
693.047,12,-0.326939,1.637367,0.732709,-0.010909,0.903176,-0.007239,0.429071,0.212787,129.175300,358.514900
693.158,12,-0.330104,1.637194,0.731707,-0.012831,0.903606,-0.005253,0.428140,359.914400,129.296800,358.413500
693.269,12,-0.332556,1.637442,0.730735,-0.015119,0.902212,-0.003671,0.431013,359.632800,128.935300,358.255300
693.380,12,-0.333636,1.638747,0.729283,-0.018281,0.900941,0.000186,0.433556,359.072500,128.619200,358.121400
693.491,12,-0.333792,1.638704,0.725752,-0.020279,0.900927,0.001178,0.433495,358.871000,128.629600,357.964100
693.603,12,-0.333999,1.638332,0.722008,-0.021729,0.902045,-0.000856,0.431095,359.015100,128.932700,357.710800
693.714,12,-0.334390,1.637937,0.718651,-0.023379,0.902362,-0.001413,0.430342,358.993200,129.028400,357.511700
693.825,12,-0.335122,1.637918,0.715522,-0.024252,0.903102,-0.001499,0.428738,358.963600,129.232300,357.415300
693.936,12,-0.335727,1.637632,0.712622,-0.025418,0.903345,-0.002212,0.428156,358.981800,129.305500,357.258800
694.047,12,-0.336007,1.637674,0.709319,-0.025590,0.903436,-0.002416,0.427952,358.995100,129.331000,357.230700
694.158,12,-0.336610,1.637293,0.707156,-0.025975,0.903468,-0.004396,0.427846,359.181600,129.340000,357.093800
694.269,12,-0.338166,1.636698,0.704959,-0.028601,0.904047,-0.005563,0.426438,359.178600,129.516800,356.763100
694.380,12,-0.339142,1.636704,0.703163,-0.031282,0.905037,-0.005603,0.424145,359.060700,129.808600,356.480800
694.491,12,-0.338602,1.636273,0.700749,-0.033350,0.904946,-0.006320,0.424170,359.034300,129.804600,356.231200
694.603,12,-0.337623,1.636684,0.696530,-0.036854,0.905003,-0.007766,0.423734,359.015800,129.856900,355.796500
694.714,12,-0.335574,1.637565,0.690898,-0.041203,0.903425,-0.008260,0.426681,358.840500,129.485300,355.324400
694.825,12,-0.329762,1.636738,0.682666,-0.047540,0.899509,-0.014520,0.434065,359.132000,128.522700,354.367900
694.936,12,-0.323519,1.636455,0.677135,-0.048621,0.901466,-0.015579,0.429828,359.214500,129.055300,354.199600
695.047,12,-0.311804,1.640702,0.668706,-0.051514,0.906998,-0.011378,0.417817,358.716100,130.599100,354.089100
695.158,12,-0.302897,1.639203,0.659315,-0.042431,0.907772,-0.007464,0.417246,358.747600,130.681700,355.222700
695.269,12,-0.297776,1.632255,0.642572,-0.044256,0.899807,-0.016901,0.433709,359.543100,128.553300,354.588600
695.380,12,-0.299944,1.632405,0.621774,-0.044107,0.884541,-0.014498,0.464147,359.123600,124.665300,354.750200
695.491,12,-0.307437,1.629950,0.590605,-0.041401,0.861696,-0.009232,0.505650,358.512600,119.250600,355.370400
695.603,12,-0.322190,1.628151,0.551292,-0.030663,0.833005,-0.007917,0.552358,358.814800,112.939500,356.569100
695.714,12,-0.341814,1.633570,0.507919,-0.013803,0.796296,0.004357,0.604735,358.645800,105.582700,359.042100
695.824,12,-0.360720,1.639240,0.466659,-0.006318,0.755407,0.004813,0.655207,359.108900,98.127560,359.814500
695.936,12,-0.375184,1.644693,0.436431,-0.002608,0.720242,0.005478,0.693696,359.340500,92.149870,0.220241
696.048,12,-0.390467,1.645592,0.401990,-0.012156,0.677338,0.000289,0.735572,358.952900,85.288080,359.080700
696.158,12,-0.399905,1.644624,0.377857,-0.019923,0.653652,-0.009122,0.756478,358.956200,81.679600,357.715900
696.270,12,-0.405773,1.643653,0.349623,-0.041528,0.627177,-0.012369,0.777671,357.187100,77.871650,355.904800
696.381,12,-0.405779,1.640705,0.326416,-0.055826,0.607827,-0.027217,0.791637,356.829800,75.211530,353.619800
696.492,12,-0.404647,1.638476,0.306035,-0.062560,0.593014,-0.036702,0.801919,356.743400,73.183450,352.341000
696.604,12,-0.401055,1.637468,0.290538,-0.075067,0.585872,-0.040600,0.805898,355.789600,72.358750,351.152000
696.715,12,-0.396738,1.635571,0.282986,-0.075639,0.578953,-0.043600,0.810674,355.862400,71.396540,350.869300
696.826,12,-0.390924,1.634530,0.277449,-0.075875,0.568695,-0.047309,0.817674,355.970400,69.970450,350.556700
696.937,12,-0.387046,1.633513,0.274657,-0.075567,0.564587,-0.047070,0.820558,355.936400,69.393510,350.619700
697.048,12,-0.383454,1.631814,0.271951,-0.076703,0.557529,-0.050352,0.825072,355.961500,68.440380,350.268200
697.159,12,-0.381395,1.630662,0.270340,-0.077905,0.553971,-0.052936,0.827191,355.972500,67.974500,349.960800
697.270,12,-0.380737,1.629317,0.269375,-0.078835,0.550256,-0.055222,0.829430,355.985800,67.483690,349.700000
697.382,12,-0.381541,1.628800,0.269682,-0.079240,0.547787,-0.057963,0.830838,356.091200,67.157180,349.423000
697.493,12,-0.382246,1.630647,0.270149,-0.081181,0.549983,-0.055654,0.829356,355.788500,67.487150,349.507800
697.604,12,-0.381203,1.631166,0.271768,-0.079551,0.553071,-0.054161,0.827557,355.885100,67.880520,349.741100
697.715,12,-0.379001,1.631433,0.272359,-0.075773,0.552436,-0.054214,0.828332,356.237000,67.730490,349.984800
697.826,12,-0.373097,1.632656,0.271459,-0.076037,0.552461,-0.052510,0.828401,356.103300,67.735290,350.130200
697.937,12,-0.368026,1.632961,0.271274,-0.073047,0.553418,-0.052368,0.828040,356.387400,67.818940,350.333600
698.048,12,-0.362387,1.633042,0.271470,-0.068844,0.552923,-0.054131,0.828617,356.891300,67.689120,350.439900
698.159,12,-0.359561,1.632961,0.272133,-0.066040,0.550450,-0.055110,0.830426,357.190600,67.309620,350.535900
698.270,12,-0.357984,1.632657,0.272499,-0.063865,0.547513,-0.055459,0.832512,357.386000,66.876690,350.651300
698.381,12,-0.358408,1.633648,0.273506,-0.065148,0.544716,-0.053325,0.834384,357.098300,66.509810,350.783400
698.492,12,-0.360061,1.634173,0.275233,-0.063992,0.542139,-0.052189,0.836222,357.109000,66.140460,350.974900
698.604,12,-0.364424,1.634470,0.277911,-0.062021,0.542337,-0.051386,0.836291,357.248800,66.139360,351.176200
698.715,12,-0.371164,1.635943,0.280921,-0.062674,0.540203,-0.046198,0.837925,356.840200,65.849980,351.642200
698.826,12,-0.380066,1.638221,0.285593,-0.066428,0.540227,-0.036944,0.838080,355.904100,65.887630,352.296900
698.937,12,-0.386632,1.637850,0.287360,-0.063416,0.546694,-0.035985,0.834152,356.189800,66.728980,352.550200
699.048,12,-0.395575,1.636137,0.288457,-0.058796,0.562628,-0.037673,0.823756,356.877200,68.867760,352.621800
699.148,12,-0.402161,1.635493,0.289844,-0.057467,0.572893,-0.037726,0.816742,357.097000,70.280490,352.667100
699.256,12,-0.407025,1.634774,0.292248,-0.050525,0.582553,-0.043184,0.810071,358.192400,71.559770,352.594300
699.367,12,-0.417979,1.633414,0.298292,-0.032693,0.594082,-0.054790,0.801870,0.725870,73.021160,352.719600
699.478,12,-0.431541,1.632419,0.305807,-0.025435,0.606008,-0.060916,0.792715,1.920089,74.670830,352.676200
699.589,12,-0.451787,1.631448,0.320099,-0.024179,0.627070,-0.061671,0.776142,2.281668,77.727170,352.752500
699.700,12,-0.468245,1.631656,0.335740,-0.024535,0.644814,-0.062318,0.761400,2.464828,80.364460,352.723600
699.811,12,-0.487628,1.636287,0.358135,-0.021237,0.665964,-0.062973,0.743018,2.998861,83.555800,352.990500
699.922,12,-0.502724,1.640570,0.376954,-0.020804,0.679357,-0.056210,0.731357,2.633238,85.631880,353.649900
700.033,12,-0.515643,1.641436,0.390664,-0.018197,0.693438,-0.052901,0.718341,2.706776,87.841370,354.182900
700.144,12,-0.526271,1.638219,0.398032,-0.016713,0.705142,-0.049143,0.707164,2.617474,89.713660,354.653900
700.255,12,-0.533513,1.637116,0.398342,-0.014289,0.705959,-0.050128,0.706332,2.899880,89.837270,354.772800
700.366,12,-0.536418,1.635465,0.386481,-0.021436,0.696142,-0.045072,0.716168,1.836611,88.288310,354.580300
700.477,12,-0.528755,1.632775,0.367227,-0.032278,0.681882,-0.044137,0.729416,0.750851,86.101070,353.775900
700.588,12,-0.505256,1.627018,0.332936,-0.038250,0.653904,-0.044033,0.754326,359.993200,81.842610,353.312400
700.700,12,-0.478898,1.625000,0.301821,-0.037545,0.623871,-0.038300,0.779685,359.383600,77.363660,353.882000
700.811,12,-0.436605,1.629578,0.258960,-0.031806,0.583018,-0.020494,0.811578,358.411100,71.441070,355.964200
700.923,12,-0.394480,1.635394,0.221583,-0.027292,0.548808,-0.014415,0.835378,358.293700,66.652590,356.900900
701.033,12,-0.354591,1.641495,0.190307,-0.026472,0.514391,-0.014727,0.857021,358.268000,61.990540,356.990500
701.145,12,-0.318645,1.643978,0.170744,-0.025652,0.481371,-0.023423,0.875828,358.717400,57.630170,356.230500
701.256,12,-0.290233,1.645286,0.163569,-0.023230,0.457838,-0.023726,0.888415,358.879800,54.563530,356.362700
701.367,12,-0.256149,1.643934,0.166563,-0.024331,0.429054,-0.022913,0.902661,358.609700,50.888770,356.430400
701.478,12,-0.230864,1.641423,0.177177,-0.018323,0.417969,-0.021919,0.908012,359.143300,49.458020,356.839700
701.589,12,-0.200676,1.637905,0.198875,-0.009447,0.421343,-0.017740,0.906679,359.875000,49.852070,357.700100
701.702,12,-0.176359,1.638594,0.223913,-0.002489,0.425780,-0.006216,0.904802,0.045256,50.401010,359.234000
701.811,12,-0.151449,1.640200,0.248368,-0.004995,0.421155,-0.001248,0.906974,359.541000,49.817200,359.629200
701.922,12,-0.126469,1.639438,0.270911,0.001579,0.416062,-0.001895,0.909333,0.254829,49.172280,359.877800
702.033,12,-0.102623,1.639493,0.290760,0.003862,0.411841,-0.002316,0.911245,0.512531,48.641330,359.940400
702.145,12,-0.080087,1.636775,0.310083,0.008766,0.409597,-0.003572,0.912218,1.084035,48.361670,0.038043
702.256,12,-0.060522,1.635988,0.326523,0.005973,0.405668,-0.001200,0.914000,0.681428,47.867790,0.151947
702.367,12,-0.037572,1.633521,0.346003,0.010369,0.400260,-0.003369,0.916337,1.243408,47.193100,0.121877
702.479,12,-0.022786,1.631853,0.359242,0.013729,0.397340,-0.005784,0.917551,1.707117,46.829740,0.016985
702.588,12,-0.008011,1.628233,0.374973,0.023756,0.394745,-0.008764,0.918442,2.897957,46.519760,0.152388
702.700,12,0.000666,1.626530,0.385918,0.029017,0.389570,-0.010036,0.920485,3.510929,45.885620,0.237254
702.811,12,0.010580,1.624390,0.398554,0.034384,0.387467,-0.011281,0.921173,4.133983,45.637680,0.336746
702.923,12,0.018447,1.622230,0.408611,0.039501,0.385566,-0.012062,0.921755,4.710579,45.418090,0.472805
703.034,12,0.024426,1.620919,0.415848,0.042647,0.384162,-0.013688,0.922179,5.116103,45.250660,0.432629
703.146,12,0.030317,1.619334,0.422447,0.044795,0.382919,-0.016668,0.922545,5.475259,45.093380,0.204454
703.257,12,0.033313,1.618705,0.426059,0.045732,0.380951,-0.017992,0.923288,5.632992,44.846920,0.093311
703.367,12,0.035470,1.618555,0.428658,0.045480,0.379289,-0.017916,0.923986,5.603094,44.639500,0.080171
703.479,12,0.037009,1.618633,0.430063,0.045360,0.378377,-0.017558,0.924373,5.574884,44.527140,0.107467
703.590,12,0.038936,1.618914,0.430562,0.045376,0.379661,-0.018224,0.923833,5.605422,44.683880,0.045094
703.701,12,0.040254,1.619050,0.430214,0.046740,0.382464,-0.017167,0.922628,5.703442,45.043330,0.234680
703.812,12,0.039320,1.619027,0.429012,0.049205,0.382940,-0.018369,0.922279,6.017326,45.109020,0.219116
703.923,12,0.031343,1.616944,0.423140,0.054394,0.379982,-0.019371,0.923190,6.612424,44.762440,0.321393
704.033,12,0.010969,1.618283,0.408176,0.057034,0.368124,-0.019760,0.927815,6.914130,43.301360,0.307306
704.144,12,-0.021245,1.623716,0.382527,0.049582,0.347860,-0.017782,0.936066,6.038423,40.775750,0.069422
704.255,12,-0.055491,1.629246,0.353193,0.041187,0.324367,-0.012119,0.944957,4.916388,37.900180,0.219410
704.366,12,-0.099969,1.633977,0.310028,0.031043,0.287849,-0.007052,0.957147,3.639858,33.483930,0.250950
704.477,12,-0.132189,1.633335,0.275275,0.030433,0.261006,-0.004681,0.964846,3.506913,30.286280,0.393427
704.588,12,-0.169779,1.632254,0.230906,0.028910,0.228249,-0.002877,0.973169,3.301022,26.411910,0.436090
704.699,12,-0.193174,1.632200,0.200549,0.026905,0.208807,-0.007780,0.977556,3.201750,24.108160,359.771900
704.810,12,-0.216496,1.635785,0.166947,0.023694,0.203028,-0.013326,0.978796,2.968882,23.412440,359.055300
704.922,12,-0.231312,1.639635,0.143166,0.015047,0.204842,-0.012299,0.978602,1.976453,23.627310,358.973400
705.033,12,-0.241466,1.642748,0.126496,0.011285,0.200995,-0.015106,0.979411,1.614720,23.174180,358.563900
705.144,12,-0.249154,1.643511,0.115672,0.011349,0.195061,-0.017427,0.980571,1.664997,22.476720,358.294500
705.256,12,-0.252807,1.643225,0.110221,0.008745,0.192494,-0.022596,0.980999,1.481631,22.173000,357.651300
705.367,12,-0.257224,1.643406,0.106638,0.007145,0.191929,-0.025960,0.981040,1.374266,22.105700,357.236900
705.478,12,-0.258968,1.643686,0.104571,0.005465,0.195113,-0.027123,0.980390,1.220455,22.480210,357.073100
705.588,12,-0.260326,1.643642,0.103360,0.003692,0.206494,-0.030222,0.977974,1.128961,23.812650,356.697900
705.700,12,-0.261423,1.644083,0.103026,0.000437,0.215593,-0.031533,0.975974,0.827922,24.887790,356.481600
705.811,12,-0.261517,1.644930,0.100674,-0.004785,0.233959,-0.036037,0.971567,0.433466,27.063090,355.855900
705.922,12,-0.263069,1.645471,0.099239,-0.008213,0.245072,-0.039816,0.968652,0.206514,28.387710,355.344600
706.033,12,-0.265538,1.646043,0.098190,-0.012385,0.253610,-0.041197,0.966350,359.825800,29.417800,355.072100
706.145,12,-0.269129,1.646334,0.098292,-0.013787,0.258200,-0.042235,0.965070,359.725000,29.969000,354.914600
706.256,12,-0.273471,1.645754,0.099441,-0.012080,0.257718,-0.042372,0.965215,359.915300,29.902790,354.950200
706.367,12,-0.279230,1.644747,0.100484,-0.004586,0.258659,-0.044704,0.964923,0.818009,29.975690,354.913800
706.478,12,-0.283598,1.644853,0.101461,-0.001688,0.258006,-0.042932,0.965188,1.082642,29.886390,355.195300
706.588,12,-0.289685,1.642679,0.104076,0.002774,0.255063,-0.042972,0.965965,1.563197,29.518810,355.317500
706.700,12,-0.295686,1.640748,0.107136,0.011451,0.268730,-0.044841,0.962103,2.644283,31.105440,355.399100
706.810,13,-0.306753,1.640857,0.115039,0.009131,0.309034,-0.040247,0.950155,2.420122,35.947930,355.934300
706.922,13,-0.321527,1.641348,0.129967,0.004267,0.345621,-0.038890,0.937558,1.999078,40.401660,355.985100
707.033,13,-0.339924,1.645922,0.152518,-0.002764,0.375694,-0.038326,0.925947,1.356894,44.119110,355.809400
707.145,13,-0.358967,1.651263,0.179794,-0.005250,0.403705,-0.038660,0.914057,1.238660,47.612080,355.702800
707.256,13,-0.375941,1.650093,0.202868,0.001384,0.426190,-0.044698,0.903528,2.326848,50.413290,355.431100
707.367,13,-0.397815,1.647544,0.228106,0.003787,0.461611,-0.052343,0.885529,3.154675,54.923330,354.874200
707.478,13,-0.412922,1.644533,0.243863,0.006088,0.495658,-0.055256,0.866737,3.745783,59.358680,354.839700
707.588,13,-0.427019,1.641332,0.259386,0.008667,0.534641,-0.059652,0.842927,4.496396,64.564750,354.745600
707.700,13,-0.433522,1.639129,0.265998,0.012016,0.570037,-0.064674,0.818981,5.360157,69.429340,354.684500
707.810,13,-0.432936,1.639398,0.260408,0.003706,0.663617,-0.063295,0.745381,5.136660,83.126480,354.847900
707.922,13,-0.426139,1.638929,0.244127,-0.004742,0.763513,-0.057649,0.643197,4.699600,99.584820,355.315100
708.032,13,-0.418123,1.634774,0.224559,0.002418,0.834887,-0.063695,0.546718,6.257675,113.356200,356.215600
708.143,13,-0.408888,1.632047,0.203398,0.001718,0.881848,-0.074041,0.465681,7.595888,124.072000,356.186300
708.254,13,-0.398711,1.629470,0.184320,-0.002308,0.909629,-0.082798,0.407080,8.554634,131.470000,355.847300
708.365,13,-0.382642,1.625848,0.157724,-0.006783,0.933839,-0.096063,0.344485,10.063640,139.098200,355.406500
708.476,13,-0.366846,1.624653,0.134973,-0.014229,0.945270,-0.106035,0.308251,11.051540,143.355600,354.605400
708.587,13,-0.342984,1.622421,0.104595,-0.021203,0.952361,-0.119867,0.279627,12.500950,146.581400,353.682900
708.698,13,-0.324372,1.620795,0.081283,-0.021939,0.955656,-0.124775,0.265840,13.109830,148.175300,353.617200
708.809,13,-0.303343,1.616055,0.053073,-0.015056,0.962824,-0.135076,0.233448,14.659810,152.039000,354.539600
708.920,13,-0.285814,1.614151,0.030380,-0.011896,0.969322,-0.147793,0.196040,16.370870,156.435900,355.156600
709.031,13,-0.265003,1.606008,0.008727,-0.009303,0.971852,-0.172126,0.160594,19.364260,160.472500,355.539800
709.142,13,-0.240947,1.592202,-0.010517,-0.001874,0.966257,-0.223066,0.128786,25.505400,163.937800,356.119800
709.253,13,-0.216346,1.583008,-0.024929,-0.000673,0.960270,-0.262786,0.093939,30.302400,167.914400,356.635900
709.364,13,-0.191404,1.582110,-0.037201,-0.008392,0.960921,-0.270967,0.056006,31.319870,172.454200,356.881100
709.475,13,-0.169386,1.582523,-0.048874,-0.013580,0.964227,-0.263709,0.023227,30.525310,176.542200,357.442400
709.586,13,-0.145566,1.580410,-0.065836,-0.018484,0.969315,-0.244854,-0.011532,28.366350,180.866300,358.034000
709.697,13,-0.133651,1.574800,-0.082572,-0.021197,0.969311,-0.243685,-0.024596,28.258820,182.430400,358.106400
709.809,13,-0.132359,1.567675,-0.115589,-0.025357,0.969782,-0.238855,-0.042756,27.738870,184.589100,358.138100
709.920,13,-0.142215,1.555414,-0.151170,-0.028649,0.970125,-0.231429,-0.066913,26.927550,187.512500,358.418000
710.031,13,-0.160736,1.523445,-0.197497,-0.029585,0.968396,-0.230826,-0.089740,26.895900,190.345000,358.980300
710.143,13,-0.180042,1.492718,-0.239781,-0.031344,0.964816,-0.239070,-0.104850,27.897380,192.237800,359.329100
710.253,13,-0.197398,1.467427,-0.280983,-0.030024,0.962019,-0.244880,-0.116842,28.566190,193.840900,359.964500
710.365,13,-0.212770,1.447558,-0.318390,-0.029426,0.959722,-0.252227,-0.120205,29.420120,194.350000,0.273401
710.476,13,-0.225319,1.435906,-0.344883,-0.028737,0.958457,-0.255839,-0.122802,29.833310,194.738800,0.511859
710.588,13,-0.239890,1.424825,-0.373380,-0.029034,0.956954,-0.259509,-0.126696,30.267230,195.266500,0.675954
710.698,13,-0.248680,1.417913,-0.392381,-0.028377,0.955498,-0.263275,-0.130016,30.696970,195.757700,0.948274
710.810,13,-0.257156,1.412001,-0.415213,-0.029121,0.954913,-0.265366,-0.129898,30.955290,195.739400,0.890302
710.921,13,-0.264568,1.404476,-0.437102,-0.030927,0.954441,-0.266676,-0.130270,31.138670,195.739200,0.699151
711.032,13,-0.273154,1.395593,-0.461492,-0.032161,0.953686,-0.267974,-0.132813,31.310090,196.041200,0.659704
711.144,13,-0.282236,1.385460,-0.488867,-0.030733,0.953897,-0.267782,-0.132023,31.264330,195.986200,0.809374
711.255,13,-0.289527,1.376629,-0.515358,-0.029593,0.954907,-0.267633,-0.125099,31.233880,195.122800,0.699799
711.366,13,-0.296124,1.370427,-0.546940,-0.027576,0.956616,-0.269490,-0.107243,31.433720,192.888300,0.338575
711.477,13,-0.297064,1.370522,-0.564974,-0.028584,0.955381,-0.279241,-0.091953,32.603270,190.930400,359.778000
711.588,13,-0.292424,1.375028,-0.577563,-0.028221,0.952261,-0.295938,-0.069445,34.578930,188.068100,359.120000
711.699,13,-0.286333,1.381300,-0.584986,-0.028109,0.951060,-0.302501,-0.056468,35.349880,186.363600,358.643900
711.810,13,-0.274872,1.382342,-0.592507,-0.023698,0.951158,-0.303710,-0.049972,35.459080,185.683600,358.964100
711.921,13,-0.262164,1.379308,-0.595666,-0.022217,0.948851,-0.311479,-0.046565,36.381840,185.311500,359.063800
712.032,13,-0.250518,1.383604,-0.596821,-0.017390,0.950330,-0.308143,-0.040224,35.949660,184.657600,359.415100
712.144,13,-0.240419,1.390562,-0.592444,-0.017784,0.952804,-0.301555,-0.030209,35.150020,183.284000,358.901800
712.255,13,-0.233395,1.396618,-0.593606,-0.016402,0.954555,-0.296945,-0.019494,34.578900,181.912300,358.626500
712.366,13,-0.227395,1.399907,-0.607035,-0.015923,0.953362,-0.301379,-0.004368,35.084610,179.911200,358.058200
712.477,13,-0.225604,1.393953,-0.630068,-0.013969,0.955298,-0.295125,0.010613,34.302940,178.021200,357.713700
712.588,13,-0.226207,1.373919,-0.678230,-0.006955,0.953555,-0.299076,0.035175,34.742040,175.026200,357.607400
712.699,13,-0.226472,1.357643,-0.726274,-0.000068,0.956436,-0.283881,0.068127,32.889390,171.069500,357.351000
712.810,13,-0.227664,1.333179,-0.783737,0.005306,0.952773,-0.290036,0.089865,33.616380,168.349900,357.107900
712.921,13,-0.225278,1.312227,-0.823987,0.012778,0.949698,-0.294200,0.106565,34.161400,166.377100,357.337800
713.032,13,-0.220552,1.293203,-0.854202,0.017909,0.947033,-0.296347,0.122420,34.449890,164.436100,357.314500
713.144,13,-0.212312,1.277730,-0.875862,0.022019,0.945088,-0.296141,0.136470,34.455700,162.721500,357.274500
713.255,13,-0.203891,1.267182,-0.889847,0.025254,0.942746,-0.297564,0.148489,34.649400,161.212200,357.160400
713.366,13,-0.193540,1.256195,-0.903617,0.028391,0.940494,-0.299646,0.157725,34.930830,160.054900,357.125100
713.477,13,-0.186077,1.249853,-0.910493,0.031925,0.938023,-0.304356,0.162671,35.547130,159.439600,357.243600
713.588,13,-0.176375,1.245078,-0.915463,0.036021,0.935550,-0.308036,0.169003,36.053600,158.673200,357.396900
713.699,13,-0.169162,1.242544,-0.916984,0.037456,0.933993,-0.309374,0.174764,36.227850,157.916000,357.288100
713.810,13,-0.161403,1.240806,-0.916682,0.039464,0.932221,-0.311932,0.179177,36.564130,157.339500,357.273700
713.921,13,-0.154949,1.241440,-0.913999,0.041588,0.930934,-0.311344,0.186275,36.525100,156.462000,357.249700
714.032,13,-0.148665,1.245411,-0.909049,0.042681,0.929779,-0.310077,0.193756,36.380560,155.502800,357.095900
714.144,13,-0.138988,1.260416,-0.898122,0.043513,0.928366,-0.304207,0.209051,35.663450,153.566100,356.726300
714.255,13,-0.128264,1.283723,-0.881699,0.047077,0.928306,-0.290420,0.227349,34.097580,151.529400,356.909200
714.366,13,-0.118241,1.317444,-0.847584,0.048377,0.923943,-0.276374,0.260011,32.402610,147.493000,356.310800
714.477,13,-0.118093,1.346752,-0.812858,0.038860,0.924853,-0.243691,0.289397,28.245390,144.115400,355.496600
714.588,13,-0.127237,1.381506,-0.758503,0.029575,0.924853,-0.217453,0.310625,24.872270,141.747600,354.916600
714.699,13,-0.137004,1.413753,-0.707771,0.023938,0.925339,-0.192913,0.325515,21.876260,140.266600,354.974500
714.810,13,-0.152397,1.459508,-0.631506,0.017489,0.924155,-0.166579,0.343340,18.656860,138.421400,355.031200
714.922,13,-0.167842,1.497061,-0.558410,0.024643,0.912101,-0.172333,0.371167,19.430540,134.848800,354.952300
715.032,13,-0.184469,1.527729,-0.487701,0.030979,0.901682,-0.177732,0.392966,20.173360,131.991500,354.876800
715.143,13,-0.202172,1.547963,-0.423999,0.042412,0.897359,-0.184475,0.398645,21.401130,131.268000,355.628900
715.254,13,-0.218177,1.557972,-0.374359,0.044699,0.894622,-0.194438,0.399810,22.559240,130.904100,355.310600
715.364,13,-0.237931,1.570852,-0.320195,0.045205,0.892504,-0.196917,0.403259,22.827450,130.388100,355.137500
715.475,13,-0.254294,1.578509,-0.287387,0.049121,0.892195,-0.206348,0.398743,24.040310,130.808900,355.169300
715.586,13,-0.272408,1.589326,-0.259875,0.046875,0.900065,-0.201454,0.383540,23.490660,132.927400,355.613300
715.697,13,-0.281291,1.595620,-0.246768,0.046458,0.902050,-0.194176,0.382679,22.697780,133.214800,355.972300
715.808,13,-0.282939,1.600702,-0.241776,0.042909,0.907103,-0.173952,0.380873,20.381590,133.846000,356.657100
715.920,13,-0.278027,1.604734,-0.245294,0.040705,0.910301,-0.157640,0.380586,18.540950,134.168700,357.226000
716.031,13,-0.270422,1.608969,-0.254628,0.038621,0.914165,-0.145346,0.376411,17.146470,134.889800,357.672500
716.142,13,-0.263807,1.612121,-0.261047,0.041574,0.914604,-0.146107,0.374733,17.362650,135.133300,357.991300
716.253,13,-0.259636,1.613728,-0.263227,0.043050,0.914966,-0.146817,0.373402,17.506520,135.313200,358.145400
716.364,13,-0.257558,1.612433,-0.263517,0.046505,0.916306,-0.148742,0.368914,17.872490,135.907500,358.523700
716.475,13,-0.255917,1.610670,-0.261716,0.047925,0.918673,-0.150485,0.362075,18.131370,136.777100,358.738700
716.586,13,-0.254025,1.607264,-0.257486,0.050784,0.921537,-0.154191,0.352725,18.663550,137.959700,359.082200
716.697,13,-0.250554,1.605457,-0.252255,0.048764,0.922395,-0.155584,0.350147,18.733660,138.236200,358.850600
716.808,13,-0.241163,1.601933,-0.243405,0.052456,0.920664,-0.153121,0.355217,18.615320,137.683200,359.262800
716.920,13,-0.229956,1.600273,-0.236157,0.053577,0.915423,-0.153353,0.368257,18.676530,136.024300,359.101500
717.031,13,-0.212783,1.602089,-0.228128,0.052348,0.908502,-0.152702,0.385443,18.530820,133.797800,358.634200
717.142,13,-0.193154,1.607754,-0.226273,0.038347,0.908083,-0.131408,0.395788,15.605530,132.619800,357.954600
717.253,13,-0.169912,1.615432,-0.234175,0.016417,0.915980,-0.092757,0.390009,10.528950,133.646000,357.535500
717.364,13,-0.142757,1.617341,-0.250850,0.002708,0.923595,-0.071471,0.376638,7.704244,135.438900,357.175300
717.476,13,-0.114539,1.620591,-0.273632,-0.001280,0.926516,-0.067074,0.370226,7.085084,136.251600,356.994200
717.588,13,-0.081872,1.625378,-0.312301,-0.008353,0.930607,-0.086664,0.355513,8.937756,137.833600,355.519800
717.699,13,-0.065815,1.621349,-0.343173,-0.013861,0.939439,-0.113029,0.323245,11.736170,141.427400,354.189900
717.810,13,-0.059546,1.611876,-0.375198,-0.020684,0.953651,-0.162863,0.252188,17.469410,149.248300,352.676300
717.922,13,-0.057493,1.611764,-0.397102,-0.026827,0.967083,-0.173309,0.184375,18.984730,157.234600,352.966100
718.032,13,-0.047577,1.610235,-0.418763,-0.034371,0.977582,-0.169664,0.119861,18.873570,164.930500,353.453900
718.144,13,-0.029429,1.605053,-0.445053,-0.028507,0.983046,-0.169153,0.064767,19.200650,171.659700,355.264800
718.255,13,-0.011816,1.599219,-0.470701,-0.028516,0.983779,-0.175306,0.025160,20.089680,176.367400,356.035600
718.366,13,0.012696,1.593722,-0.504806,-0.035136,0.982139,-0.181204,-0.036530,21.008250,183.624900,356.574600
718.477,13,0.032390,1.592404,-0.529645,-0.041002,0.977310,-0.183801,-0.096964,21.543820,190.810400,357.257800
718.588,13,0.056604,1.601827,-0.558113,-0.085058,0.957381,-0.164644,-0.221541,20.667290,205.051800,354.485300
718.699,13,0.078736,1.606330,-0.573902,-0.090457,0.934950,-0.158832,-0.304070,20.610360,215.223000,355.554300
718.810,13,0.106926,1.605167,-0.590260,-0.103243,0.908849,-0.158145,-0.371920,21.361830,223.697100,355.687600
718.921,13,0.123391,1.599594,-0.600023,-0.118219,0.879260,-0.163379,-0.431549,22.913440,231.440200,355.836200
719.032,13,0.133899,1.595454,-0.608943,-0.115522,0.855131,-0.172055,-0.475187,23.831520,237.670600,357.866400
719.142,13,0.142913,1.593875,-0.616787,-0.116203,0.844909,-0.170519,-0.493508,23.755820,240.208600,358.243400
719.253,13,0.147273,1.590603,-0.623729,-0.118859,0.836161,-0.175795,-0.505770,24.469970,242.051100,358.681200
719.364,13,0.149465,1.586635,-0.628254,-0.123815,0.829167,-0.183241,-0.513396,25.531480,243.282100,358.909300
719.475,13,0.151352,1.585102,-0.630145,-0.126292,0.825250,-0.185226,-0.518367,25.890070,244.028200,358.954500
719.587,13,0.153034,1.583799,-0.631844,-0.127536,0.824712,-0.186635,-0.518413,26.108490,244.057500,358.924600
719.698,13,0.153669,1.583223,-0.631914,-0.129573,0.822615,-0.186685,-0.521215,26.245050,244.440700,358.813500
719.808,13,0.153863,1.582930,-0.631841,-0.130892,0.819902,-0.186859,-0.525082,26.351090,244.997100,358.823200
719.920,13,0.153526,1.582377,-0.632380,-0.131456,0.819956,-0.187401,-0.524664,26.440090,244.943100,358.788500
720.031,13,0.152802,1.582471,-0.632884,-0.131908,0.819870,-0.187828,-0.524533,26.510950,244.929800,358.767200
720.142,13,0.150819,1.583332,-0.631883,-0.132790,0.816622,-0.185470,-0.530185,26.341770,245.684200,358.707700
720.253,13,0.148610,1.584206,-0.628469,-0.134263,0.804955,-0.182259,-0.548454,26.148260,248.296300,358.964000
720.364,13,0.149710,1.584403,-0.619538,-0.130490,0.792414,-0.173670,-0.569992,25.086980,251.331500,359.441900
720.475,13,0.159820,1.586453,-0.602750,-0.128973,0.785861,-0.175265,-0.578853,25.136760,252.752300,0.012368
720.587,13,0.184952,1.594343,-0.567541,-0.109773,0.793350,-0.161161,-0.576692,22.477720,252.171600,0.725709
720.697,13,0.208634,1.600982,-0.529094,-0.099194,0.802817,-0.145288,-0.569681,20.261030,250.787600,0.382744
720.808,13,0.241291,1.607626,-0.469376,-0.079482,0.815675,-0.129015,-0.558312,17.410770,248.913900,0.864555
720.920,13,0.268692,1.610689,-0.420218,-0.064387,0.828637,-0.120923,-0.542764,15.681860,246.651500,1.461669
721.031,13,0.306018,1.613597,-0.361913,-0.049835,0.848681,-0.113838,-0.514100,14.150180,242.650000,1.918365
721.142,13,0.340572,1.616118,-0.318523,-0.050540,0.862800,-0.115384,-0.489601,14.394390,239.338600,1.524648
721.253,13,0.371887,1.622815,-0.285566,-0.052036,0.867645,-0.112072,-0.481586,14.158000,238.194400,1.042813
721.364,13,0.401084,1.622819,-0.263447,-0.055350,0.869893,-0.112487,-0.477043,14.389450,237.562400,0.652112
721.475,13,0.425990,1.621716,-0.252205,-0.059631,0.869021,-0.113947,-0.477769,14.775020,237.642300,0.310503
721.586,13,0.457471,1.623002,-0.247827,-0.057973,0.868821,-0.107114,-0.479912,13.991040,237.845000,0.122488
721.697,13,0.480378,1.622196,-0.251502,-0.061738,0.869302,-0.108024,-0.478365,14.292800,237.617200,359.764300
721.808,13,0.509337,1.623116,-0.262036,-0.068570,0.867387,-0.110313,-0.480384,14.906880,237.857300,359.231100
721.919,13,0.532674,1.621794,-0.269001,-0.070348,0.863106,-0.111498,-0.487512,15.133000,238.818200,359.244800
722.031,13,0.558373,1.618238,-0.274076,-0.074754,0.858514,-0.107844,-0.495717,15.027660,239.837600,358.728200
722.142,13,0.571459,1.618942,-0.275838,-0.076364,0.849809,-0.108765,-0.510062,15.233820,241.795400,358.881400
722.252,13,0.574921,1.620054,-0.277898,-0.080192,0.847257,-0.106468,-0.514188,15.240940,242.296100,358.432100
722.364,13,0.571646,1.620538,-0.280114,-0.085914,0.844087,-0.106072,-0.518542,15.555310,242.842000,357.916000
722.475,13,0.567111,1.620475,-0.282844,-0.088999,0.843064,-0.106495,-0.519597,15.786370,242.967400,357.653700
722.587,13,0.561500,1.620153,-0.286507,-0.092621,0.844800,-0.108221,-0.515774,16.164350,242.430300,357.323200
722.697,13,0.558291,1.618457,-0.290197,-0.097253,0.842932,-0.114701,-0.516577,17.088440,242.593200,357.274600
722.808,13,0.554844,1.615259,-0.297033,-0.101682,0.836212,-0.119646,-0.525448,17.875890,243.867900,357.330900
722.919,13,0.552231,1.610128,-0.303880,-0.106358,0.828338,-0.133491,-0.533595,19.551580,245.223700,357.948100
723.029,13,0.547961,1.601335,-0.310732,-0.114093,0.821452,-0.153147,-0.537350,21.976200,246.106900,358.587700
723.141,13,0.543119,1.592724,-0.311716,-0.132894,0.809774,-0.174338,-0.544253,25.277600,247.448700,358.386600
723.252,13,0.538001,1.586677,-0.311241,-0.142892,0.801216,-0.184149,-0.551112,26.909690,248.644100,358.329100
723.363,13,0.533276,1.582766,-0.310413,-0.149150,0.797316,-0.189813,-0.553185,27.884900,249.058500,358.195300
723.474,13,0.528169,1.581105,-0.309856,-0.149834,0.795209,-0.191582,-0.555418,28.108090,249.450800,358.344600
723.585,13,0.518956,1.581723,-0.309941,-0.148361,0.797486,-0.187046,-0.554093,27.564330,249.117600,358.102800
723.696,13,0.509113,1.584538,-0.308844,-0.140726,0.797919,-0.175184,-0.559313,25.911710,249.638800,358.177200
723.807,13,0.490353,1.587123,-0.305232,-0.134542,0.796806,-0.168027,-0.564594,24.815150,250.297900,358.442300
723.920,13,0.467764,1.587838,-0.302036,-0.131441,0.798610,-0.164927,-0.563689,24.305890,250.106800,358.490700
724.029,13,0.428884,1.587022,-0.297298,-0.132466,0.801449,-0.167664,-0.558588,24.628730,249.406600,358.422900
724.141,13,0.390120,1.585954,-0.291516,-0.134498,0.808557,-0.170716,-0.546811,25.034010,247.706900,358.052000
724.252,13,0.353652,1.585209,-0.283605,-0.137693,0.817720,-0.174470,-0.530975,25.566510,245.418800,357.464300
724.363,13,0.321928,1.585143,-0.275018,-0.137148,0.827091,-0.169738,-0.517977,25.015040,243.398600,356.772000
724.474,13,0.299065,1.583489,-0.266920,-0.137997,0.830527,-0.170969,-0.511812,25.166270,242.520200,356.566000
724.585,13,0.273183,1.581953,-0.256468,-0.140718,0.826556,-0.168994,-0.518117,25.162200,243.348900,356.357200
724.696,13,0.248656,1.575493,-0.252289,-0.139867,0.816331,-0.168861,-0.534347,25.161310,245.738100,356.966700
724.807,13,0.204695,1.554364,-0.254347,-0.142984,0.804832,-0.166323,-0.551487,25.177960,248.178600,357.041700
724.919,13,0.166362,1.529718,-0.260029,-0.143756,0.799258,-0.164361,-0.559917,25.069410,249.382400,357.105500
725.030,13,0.122283,1.495197,-0.270188,-0.145059,0.796306,-0.164608,-0.563701,25.194720,249.945400,357.121300
725.141,13,0.093103,1.465005,-0.278483,-0.148384,0.794278,-0.170893,-0.563827,26.027320,250.104800,357.256700
725.252,13,0.073070,1.439771,-0.284826,-0.152720,0.790309,-0.176621,-0.566475,26.884590,250.629900,357.346600
725.364,13,0.060674,1.424227,-0.289529,-0.156893,0.787364,-0.182983,-0.567415,27.787640,250.925200,357.446900
725.475,13,0.054702,1.417171,-0.291887,-0.161459,0.784703,-0.188411,-0.568043,28.628300,251.145500,357.430900
725.586,13,0.047248,1.408193,-0.295289,-0.162854,0.782869,-0.191177,-0.569250,28.995620,251.411700,357.553800
725.697,13,0.041831,1.399958,-0.298911,-0.168530,0.782830,-0.196688,-0.565764,29.910200,250.982900,357.268900
725.808,13,0.035778,1.393313,-0.302580,-0.172696,0.781812,-0.199986,-0.564759,30.515070,250.885300,357.062800
725.919,13,0.032388,1.390430,-0.303927,-0.174355,0.782054,-0.201909,-0.563228,30.811110,250.689400,356.978600
726.030,13,0.030052,1.388875,-0.304035,-0.175682,0.781339,-0.203143,-0.563364,31.023670,250.737400,356.946600
726.142,13,0.029395,1.389375,-0.303371,-0.175162,0.782224,-0.202191,-0.562640,30.892150,250.594900,356.893000
726.252,13,0.028820,1.389300,-0.302013,-0.175294,0.782236,-0.202494,-0.562472,30.930160,250.577500,356.896000
726.364,13,0.029502,1.390289,-0.300462,-0.174399,0.783199,-0.200650,-0.562072,30.686930,250.459900,356.825700
726.475,13,0.032456,1.395553,-0.298365,-0.174181,0.785833,-0.197245,-0.559663,30.329260,249.962300,356.481400
726.586,13,0.042107,1.411500,-0.290757,-0.171237,0.786903,-0.192378,-0.560761,29.657280,250.009800,356.454700
726.697,13,0.054251,1.428338,-0.282289,-0.169057,0.786908,-0.185492,-0.563726,28.851090,250.275200,356.273200
726.807,13,0.073804,1.448521,-0.274230,-0.170412,0.789839,-0.181098,-0.560640,28.499850,249.638900,355.684200
726.919,13,0.089249,1.461842,-0.269618,-0.170057,0.794045,-0.177615,-0.555901,28.108180,248.808400,355.279300
727.029,13,0.107132,1.475799,-0.265575,-0.168143,0.801121,-0.171561,-0.548179,27.337220,247.486800,354.748000
727.141,13,0.121844,1.485775,-0.262612,-0.168055,0.806890,-0.170768,-0.539930,27.197490,246.221200,354.399700
727.252,13,0.135828,1.495715,-0.260374,-0.168681,0.813248,-0.169953,-0.530369,27.087700,244.759200,353.934000
727.363,13,0.149972,1.504496,-0.258884,-0.168512,0.820042,-0.171456,-0.519363,27.144780,243.163000,353.659200
727.474,13,0.161458,1.512488,-0.258090,-0.167773,0.824248,-0.173073,-0.512360,27.208560,242.179200,353.594400
727.585,13,0.175411,1.522970,-0.257160,-0.161362,0.829754,-0.168695,-0.506964,26.331230,241.397600,353.803700
727.696,13,0.184791,1.530011,-0.256641,-0.156308,0.832378,-0.165348,-0.505346,25.673620,241.172700,354.071000
727.808,13,0.193879,1.536109,-0.255419,-0.149334,0.835280,-0.162957,-0.503440,24.998310,240.957100,354.593600
727.919,13,0.198524,1.538198,-0.253790,-0.146745,0.837189,-0.162677,-0.501115,24.800170,240.657300,354.775100
728.029,13,0.201546,1.539647,-0.252156,-0.146934,0.838845,-0.165283,-0.497424,25.053870,240.179000,354.801700
728.140,13,0.206870,1.542549,-0.250011,-0.151021,0.841482,-0.173306,-0.488944,26.062350,239.064600,354.590300
728.252,13,0.218463,1.551481,-0.245352,-0.152647,0.843481,-0.178372,-0.483137,26.641480,238.312000,354.533300
728.363,13,0.232370,1.561322,-0.238765,-0.149727,0.844560,-0.174566,-0.483556,26.082610,238.341800,354.628400
728.474,13,0.243591,1.568243,-0.233004,-0.147604,0.844562,-0.173909,-0.484441,25.897590,238.491200,354.845200
728.585,13,0.255293,1.573992,-0.226246,-0.144256,0.844186,-0.172599,-0.486570,25.581410,238.824300,355.192300
728.698,14,0.262593,1.576408,-0.221553,-0.145234,0.842575,-0.173192,-0.488854,25.712250,239.147400,355.198900
728.808,14,0.269257,1.577593,-0.217984,-0.149803,0.840906,-0.175510,-0.489524,26.221240,239.216700,354.876800
728.919,14,0.272325,1.578113,-0.216751,-0.152106,0.840354,-0.176502,-0.489404,26.457340,239.181600,354.688000
729.030,14,0.276017,1.578694,-0.216103,-0.153761,0.840232,-0.177800,-0.488627,26.682680,239.069300,354.564700
729.141,14,0.278281,1.579326,-0.216372,-0.154168,0.840196,-0.176969,-0.488861,26.622520,239.077600,354.477400
729.252,14,0.279954,1.580131,-0.218023,-0.153325,0.840738,-0.173705,-0.489365,26.240760,239.094100,354.382400
729.364,14,0.279503,1.581497,-0.218317,-0.153365,0.838079,-0.169787,-0.495253,25.880670,239.857200,354.330000
729.475,14,0.276439,1.584304,-0.215249,-0.151738,0.829440,-0.160508,-0.513071,24.958920,242.260000,354.492600
729.586,14,0.269953,1.589152,-0.204745,-0.149857,0.803376,-0.145307,-0.557688,23.616860,248.504400,355.071900
729.697,14,0.263517,1.593703,-0.191914,-0.140999,0.777528,-0.125673,-0.599813,21.381370,254.499000,355.781300
729.808,14,0.257774,1.602260,-0.166431,-0.119556,0.720504,-0.092034,-0.676839,17.125240,265.989500,357.139200
729.919,14,0.257456,1.610244,-0.143927,-0.104326,0.659297,-0.063954,-0.741859,13.834580,276.438800,357.481100
730.029,14,0.261961,1.616513,-0.114225,-0.099017,0.548450,-0.036690,-0.829490,11.800940,292.766500,357.204400
730.141,14,0.267605,1.617588,-0.096726,-0.099347,0.439573,-0.026421,-0.892305,11.567560,307.309700,357.648900
730.252,14,0.263452,1.616468,-0.094533,-0.105810,0.369536,-0.018780,-0.922982,12.075570,316.090500,357.448400
730.363,14,0.245364,1.615136,-0.102998,-0.113621,0.331297,-0.018621,-0.936475,13.011430,320.764400,357.623100
730.474,14,0.223606,1.612874,-0.111101,-0.121554,0.306366,-0.015577,-0.943993,13.829710,323.716400,357.339500
730.585,14,0.192916,1.609028,-0.114853,-0.137493,0.258731,-0.007393,-0.956086,15.470050,329.254400,356.608700
730.696,14,0.168928,1.599103,-0.111456,-0.144899,0.225040,-0.010999,-0.963452,16.508500,333.323700,357.368400
730.807,14,0.140246,1.584991,-0.093995,-0.148854,0.200103,-0.013258,-0.968311,17.072400,336.343100,357.967900
730.918,14,0.120272,1.573302,-0.068687,-0.146428,0.194647,-0.013920,-0.969782,16.823590,337.036000,358.203600
731.029,14,0.095726,1.552349,-0.025418,-0.150712,0.192504,-0.014701,-0.969542,17.331750,337.269700,358.227900
731.140,14,0.073608,1.531058,0.021082,-0.157135,0.197250,-0.019801,-0.967476,18.171300,336.724400,358.572100
731.251,14,0.052005,1.511890,0.072855,-0.169110,0.210680,-0.020159,-0.962606,19.515770,334.970000,358.027300
731.363,14,0.030181,1.496936,0.125329,-0.178904,0.215095,-0.017450,-0.959908,20.546570,334.257400,357.339700
731.474,14,0.010787,1.484874,0.167433,-0.185825,0.217104,-0.023595,-0.958008,21.486910,334.047900,357.814800
731.585,14,-0.010105,1.471051,0.213437,-0.191594,0.223255,-0.027156,-0.955359,22.222680,333.284200,357.916100
731.696,14,-0.022205,1.462400,0.243629,-0.194547,0.225236,-0.028953,-0.954244,22.602330,333.036700,357.990000
731.808,14,-0.034713,1.453744,0.276598,-0.196252,0.228260,-0.029312,-0.953165,22.799220,332.642700,357.904100
731.919,14,-0.042479,1.447558,0.297987,-0.197625,0.229797,-0.029406,-0.952509,22.954150,332.432700,357.833600
732.030,14,-0.052577,1.439002,0.321404,-0.198599,0.234700,-0.031044,-0.951058,23.099570,331.840100,357.870800
732.141,14,-0.061476,1.430141,0.341170,-0.197620,0.240188,-0.031086,-0.949889,22.977350,331.165400,357.766700
732.252,14,-0.071836,1.419854,0.361749,-0.197633,0.244558,-0.031596,-0.948754,22.983430,330.626700,357.714700
732.363,14,-0.083480,1.410439,0.383167,-0.199730,0.248170,-0.033733,-0.947303,23.275450,330.187000,357.802500
732.475,14,-0.093918,1.404189,0.402588,-0.201579,0.252975,-0.035457,-0.945575,23.525400,329.589600,357.816500
732.586,14,-0.107246,1.397234,0.426427,-0.200212,0.260080,-0.033289,-0.944016,23.286050,328.662900,357.423500
732.697,14,-0.118737,1.388365,0.444785,-0.203378,0.269462,-0.032613,-0.940725,23.592000,327.401900,356.982200
732.808,14,-0.131320,1.378327,0.461436,-0.212949,0.276716,-0.028378,-0.936630,24.495040,326.196400,355.923300
732.920,14,-0.140073,1.377447,0.466304,-0.215648,0.281084,-0.032160,-0.934587,24.908060,325.668200,356.136100
733.030,14,-0.154654,1.385370,0.473236,-0.211122,0.282676,-0.039226,-0.934871,24.640320,325.718700,357.098100
733.142,14,-0.171494,1.393013,0.484784,-0.210989,0.285936,-0.046491,-0.933575,24.868330,325.470800,357.861600
733.253,14,-0.194082,1.398677,0.508367,-0.211758,0.283840,-0.047438,-0.933993,24.991930,325.749200,358.002200
733.364,14,-0.228020,1.400945,0.542859,-0.216677,0.277775,-0.048096,-0.934654,25.579080,326.457100,358.064200
733.475,14,-0.268177,1.401005,0.582433,-0.212118,0.274460,-0.047349,-0.936716,25.048100,326.948900,358.245900
733.587,14,-0.319367,1.397246,0.637525,-0.217271,0.280048,-0.052390,-0.933607,25.787470,326.257600,358.481000
733.698,14,-0.351788,1.392430,0.676724,-0.219743,0.275255,-0.050977,-0.934532,26.025800,326.797900,358.361600
733.809,14,-0.384599,1.384366,0.714705,-0.222667,0.273698,-0.056554,-0.933976,26.544250,327.088500,358.959400
733.920,14,-0.403781,1.378759,0.735611,-0.228061,0.272321,-0.053783,-0.933240,27.062650,327.096300,358.466800
734.031,14,-0.414967,1.377495,0.746013,-0.230671,0.269718,-0.054059,-0.933339,27.370920,327.393800,358.482300
734.142,14,-0.420629,1.380436,0.746580,-0.228109,0.268548,-0.055096,-0.934244,27.117140,327.621600,358.740200
734.253,14,-0.422181,1.387010,0.739994,-0.225201,0.270367,-0.054865,-0.934439,26.778410,327.432000,358.765200
734.365,14,-0.422178,1.394118,0.730134,-0.219294,0.269356,-0.056607,-0.936030,26.169420,327.711600,359.223400
734.476,14,-0.421371,1.398621,0.720296,-0.214604,0.267747,-0.060203,-0.937354,25.757180,328.087000,359.869100
734.587,14,-0.421359,1.402204,0.709640,-0.211430,0.266444,-0.060072,-0.938454,25.394340,328.300800,0.005157
734.698,14,-0.423656,1.403540,0.705485,-0.211023,0.264303,-0.060989,-0.939092,25.377410,328.604800,0.190330
734.809,14,-0.429328,1.400723,0.703680,-0.212529,0.261673,-0.062434,-0.939394,25.592740,328.956800,0.385922
734.920,14,-0.436296,1.397055,0.703625,-0.214998,0.263355,-0.067454,-0.938014,26.031850,328.831100,0.848351
735.031,14,-0.444538,1.394548,0.703563,-0.216148,0.268827,-0.071306,-0.935910,26.290880,328.205600,1.102992
735.142,14,-0.447804,1.394631,0.699558,-0.217524,0.273575,-0.070691,-0.934261,26.431390,327.553600,0.836275
735.253,14,-0.445149,1.398953,0.686218,-0.217180,0.278745,-0.072519,-0.932671,26.458120,326.934300,0.908698
735.364,14,-0.437135,1.411528,0.659352,-0.206583,0.289921,-0.069181,-0.931925,25.160430,325.567700,0.579754
735.476,14,-0.424546,1.427968,0.624424,-0.196939,0.304470,-0.067016,-0.929528,24.012140,323.789400,0.292487
735.587,14,-0.396026,1.451419,0.567758,-0.186934,0.321037,-0.059841,-0.926504,22.632080,321.663800,359.432700
735.698,14,-0.365198,1.466813,0.518514,-0.181283,0.323223,-0.051724,-0.927356,21.694880,321.317600,358.689100
735.808,14,-0.323046,1.483734,0.452668,-0.173359,0.326767,-0.047985,-0.927830,20.674340,320.926200,358.514600
735.920,14,-0.289443,1.495899,0.395442,-0.167393,0.333627,-0.045595,-0.926603,19.915720,320.105800,358.342400
736.031,14,-0.261224,1.506354,0.343716,-0.165070,0.339859,-0.041654,-0.924939,19.491800,319.282300,357.863300
736.142,14,-0.240311,1.519108,0.299006,-0.160831,0.342392,-0.036478,-0.924971,18.814620,318.946500,357.417400
736.253,14,-0.225251,1.534866,0.258070,-0.154419,0.343003,-0.031648,-0.926014,17.920580,318.900400,357.149400
736.364,14,-0.212433,1.548678,0.217794,-0.148226,0.339916,-0.028982,-0.928249,17.150640,319.350600,357.182900
736.475,14,-0.202660,1.558488,0.181112,-0.141883,0.328297,-0.024964,-0.933524,16.337420,320.849800,357.219500
736.586,14,-0.197276,1.565288,0.133210,-0.140978,0.303577,-0.019392,-0.942120,16.105760,323.865100,357.073200
736.697,14,-0.200003,1.569404,0.094914,-0.146709,0.287165,-0.015610,-0.946451,16.658720,325.763600,356.726100
736.807,14,-0.202318,1.575219,0.043977,-0.151791,0.277777,-0.018941,-0.948389,17.363750,326.906100,357.093100
736.918,14,-0.196768,1.578663,0.008197,-0.154372,0.256967,-0.014568,-0.953900,17.577630,329.367100,356.900500
737.029,14,-0.180468,1.583070,-0.025780,-0.158430,0.212800,-0.006410,-0.964145,17.952440,334.582800,356.681500
737.140,14,-0.158616,1.585590,-0.041917,-0.160828,0.164608,0.006995,-0.973134,18.102150,340.158400,355.984500
737.251,14,-0.132865,1.584048,-0.044702,-0.165285,0.125403,0.012201,-0.978165,18.680590,344.738200,356.046000
737.362,14,-0.105016,1.581891,-0.039100,-0.174567,0.100199,0.021230,-0.979304,19.734000,347.504100,355.334400
737.473,14,-0.077037,1.581871,-0.027655,-0.175511,0.083601,0.027030,-0.980549,19.857040,349.373700,354.976700
737.585,14,-0.049842,1.581589,-0.007971,-0.174083,0.077567,0.026471,-0.981314,19.727880,350.123800,355.188300
737.696,14,-0.024484,1.577996,0.020274,-0.175944,0.077280,0.021970,-0.981116,19.989410,350.236100,355.709700
737.807,14,0.015671,1.570011,0.075397,-0.187887,0.069491,0.012608,-0.979648,21.492150,351.290800,356.869400
737.918,14,0.053166,1.560910,0.125956,-0.192607,0.060583,0.004524,-0.979394,22.131190,352.531000,358.008000
738.029,14,0.102580,1.550595,0.197061,-0.199011,0.053776,0.001802,-0.978519,22.909560,353.394500,358.449100
738.140,14,0.141478,1.536972,0.257594,-0.210311,0.039684,-0.003830,-0.976821,24.278790,355.222700,359.421100
738.251,14,0.170431,1.521723,0.309860,-0.220679,0.025629,-0.009738,-0.974961,25.518760,357.098800,0.487380
738.363,14,0.187336,1.510197,0.353574,-0.226552,0.022056,-0.011678,-0.973679,26.211960,357.594200,0.814068
738.474,14,0.192468,1.504007,0.388259,-0.225019,0.020584,-0.011969,-0.974063,26.031100,357.785900,0.896078
738.586,14,0.188538,1.498263,0.430182,-0.217562,0.020419,-0.014097,-0.975731,25.159490,357.865500,1.179100
738.697,14,0.180091,1.497757,0.464097,-0.212669,0.020753,-0.017767,-0.976742,24.593810,357.921100,1.630946
738.808,14,0.162601,1.504276,0.513187,-0.198067,0.010111,-0.017691,-0.979977,22.864910,359.203500,1.907376
738.920,14,0.140851,1.519314,0.555848,-0.177519,0.001973,-0.014248,-0.984012,20.451770,0.071923,1.672135
739.031,14,0.110778,1.538951,0.609805,-0.159057,0.006335,-0.015996,-0.987119,18.313700,359.552200,1.784599
739.143,14,0.091223,1.554515,0.645038,-0.141476,0.003730,-0.008709,-0.989897,16.269600,359.706400,0.966122
739.254,14,0.074677,1.570796,0.670901,-0.131934,0.003869,-0.007935,-0.991219,15.165810,359.669000,0.873235
739.365,14,0.060512,1.580546,0.695581,-0.123671,0.024043,-0.004220,-0.992023,14.215680,357.241100,0.143321
739.476,14,0.048700,1.580923,0.719632,-0.132037,0.054688,-0.002984,-0.989731,15.170270,353.607200,359.493400
739.587,14,0.027698,1.580365,0.753878,-0.138154,0.127007,-0.011633,-0.982165,15.922350,345.161600,359.270600
739.698,14,0.000795,1.579601,0.780072,-0.139487,0.233340,-0.029982,-0.961872,16.399270,332.664200,359.556900
739.808,14,-0.039130,1.585912,0.806697,-0.131474,0.413217,-0.054801,-0.899424,16.367120,310.563100,359.398200
739.920,14,-0.064186,1.593771,0.818112,-0.123983,0.556135,-0.066889,-0.819066,16.110970,291.408900,358.310300
740.030,14,-0.080188,1.601294,0.823560,-0.111405,0.693599,-0.072348,-0.708008,14.958050,270.772000,356.909000
740.141,14,-0.082447,1.602685,0.823724,-0.110326,0.769335,-0.079850,-0.624161,15.104820,257.552700,355.837600
740.251,14,-0.073351,1.604329,0.817042,-0.105967,0.820547,-0.085970,-0.555052,14.994080,247.538600,355.340600
740.362,14,-0.057196,1.603450,0.803357,-0.102595,0.851503,-0.096216,-0.505134,15.515840,240.726100,355.385700
740.473,14,-0.032727,1.601314,0.782056,-0.095159,0.872552,-0.110877,-0.466158,16.392190,235.686600,356.253300
740.584,14,-0.002660,1.598842,0.757708,-0.083888,0.887966,-0.124992,-0.434576,17.150870,231.789800,357.580300
740.695,14,0.028964,1.597792,0.738571,-0.075669,0.899813,-0.133611,-0.408362,17.592820,228.568200,358.373700
740.806,14,0.069744,1.603149,0.722243,-0.062513,0.909986,-0.121712,-0.391413,15.691020,226.396400,358.899400
740.917,14,0.096512,1.608742,0.716337,-0.052429,0.910966,-0.102030,-0.396210,13.146260,226.912200,359.136700
741.028,14,0.127127,1.618369,0.715477,-0.031382,0.911043,-0.047240,-0.408392,6.413828,228.230300,358.927700
741.140,14,0.148472,1.622852,0.719143,-0.022320,0.911359,-0.014006,-0.410768,2.514173,228.487400,358.326400
741.251,14,0.165962,1.635658,0.724260,-0.005770,0.910878,0.041781,-0.410514,355.906900,228.612300,357.424900
741.363,14,0.167251,1.646652,0.724433,0.017833,0.907560,0.101489,-0.407084,348.537100,228.612100,357.060500
741.475,14,0.156082,1.654944,0.719797,0.035357,0.904277,0.155415,-0.396080,341.995900,227.872800,356.433000
741.587,14,0.121253,1.657386,0.704549,0.041793,0.908794,0.183724,-0.372281,338.589200,225.260700,356.253600
741.699,14,0.080092,1.660961,0.685125,0.040110,0.915013,0.189273,-0.354002,337.989700,223.030200,356.252000
741.810,14,0.024359,1.670002,0.656875,0.043378,0.921772,0.194240,-0.332755,337.234600,220.315800,356.935300
741.922,14,-0.022288,1.685042,0.631474,0.045011,0.926761,0.200299,-0.314594,336.448200,218.055400,357.336700
742.033,14,-0.061971,1.706599,0.607136,0.044778,0.930004,0.208218,-0.299555,335.536500,216.273600,357.389400
742.145,14,-0.092671,1.744179,0.584794,0.044368,0.930554,0.219825,-0.289443,334.227300,215.206700,357.156200
742.257,14,-0.111361,1.767162,0.568192,0.044695,0.933164,0.224413,-0.277212,333.665700,213.703500,357.377600
742.367,14,-0.128207,1.764859,0.545671,0.044730,0.938776,0.224219,-0.257729,333.638200,211.176500,357.979400
742.478,14,-0.139358,1.745859,0.520880,0.026771,0.946503,0.196650,-0.254449,337.301400,210.710400,356.930700
742.588,14,-0.141866,1.707165,0.483290,0.007708,0.956115,0.130741,-0.262091,345.282900,211.070600,356.811800
742.698,14,-0.136438,1.661668,0.452624,-0.006116,0.958517,0.068367,-0.276649,352.664600,212.382200,357.136300
742.808,14,-0.119417,1.588681,0.421550,-0.020840,0.952870,0.021767,-0.301879,358.343900,215.201300,356.968800
742.919,14,-0.098762,1.517762,0.406922,-0.024320,0.947395,-0.006365,-0.319078,1.580451,217.193300,357.590900
743.029,14,-0.074518,1.436122,0.396098,-0.029497,0.946167,-0.023338,-0.321487,3.619427,217.459300,357.656300
743.140,14,-0.061927,1.366562,0.390665,-0.039695,0.942427,-0.035884,-0.330103,5.384737,218.469000,357.056300
743.251,14,-0.051188,1.273018,0.379298,-0.041397,0.939824,-0.039180,-0.336872,5.827614,219.288800,357.037600
743.363,14,-0.050111,1.200043,0.354438,-0.046428,0.937871,-0.057791,-0.338973,8.040704,219.547600,357.226800
743.473,14,-0.069547,1.184991,0.328474,-0.047229,0.942502,-0.090180,-0.318320,11.540350,217.136800,358.150900
743.585,14,-0.072621,1.192483,0.307825,-0.068420,0.936170,-0.115592,-0.324873,15.122510,217.858100,356.852800
743.696,14,-0.054450,1.202140,0.293278,-0.061729,0.936482,-0.125475,-0.321633,15.945270,217.618500,357.919700
743.807,14,-0.009657,1.196919,0.289722,-0.080129,0.928832,-0.130043,-0.337548,17.197730,219.389100,356.335200
743.918,14,0.031472,1.205492,0.295759,-0.094998,0.912244,-0.154232,-0.367422,20.560870,223.209500,356.326700
744.028,14,0.088090,1.246462,0.315057,-0.111658,0.889621,-0.170949,-0.408515,23.290120,228.570100,356.317400
744.140,14,0.130191,1.295345,0.337015,-0.114880,0.872170,-0.168965,-0.444491,23.381990,233.361500,356.865900
744.250,14,0.162695,1.344853,0.370375,-0.114381,0.838845,-0.167622,-0.505134,23.376550,241.819600,358.592100
744.361,14,0.172027,1.375288,0.405089,-0.122444,0.793594,-0.183955,-0.566901,25.518260,251.284500,0.903353
744.471,14,0.180124,1.403086,0.439423,-0.126941,0.771733,-0.197262,-0.591102,27.035160,255.476600,2.398366
744.582,14,0.195103,1.426108,0.474720,-0.126615,0.770367,-0.192120,-0.594637,26.524820,255.832600,2.139444
744.693,14,0.210226,1.445543,0.496407,-0.114309,0.781850,-0.172761,-0.588046,23.865100,254.218800,1.531326
744.804,14,0.220641,1.454011,0.505524,-0.096899,0.800875,-0.159427,-0.569028,21.446930,251.094000,1.614844
744.915,14,0.230947,1.457183,0.509665,-0.085381,0.810644,-0.146473,-0.560456,19.461910,249.586200,1.565321
745.027,14,0.248381,1.461596,0.516063,-0.088191,0.817937,-0.144843,-0.549748,19.506240,247.967900,0.910897
745.138,14,0.264488,1.469085,0.525243,-0.096709,0.817666,-0.143302,-0.549121,19.910730,247.760100,359.953000
745.249,14,0.282024,1.477980,0.536025,-0.097997,0.817652,-0.134370,-0.551169,19.132960,247.842900,359.264100
745.360,14,0.289262,1.478577,0.541210,-0.100068,0.818845,-0.129394,-0.550216,18.785400,247.582400,358.699200
745.471,14,0.292343,1.478006,0.541825,-0.103365,0.818776,-0.135001,-0.548358,19.538070,247.400700,358.710500
745.583,14,0.296802,1.479490,0.540278,-0.102089,0.819420,-0.134856,-0.547670,19.440630,247.310700,358.809400
745.694,14,0.302690,1.481381,0.538039,-0.098381,0.818119,-0.139128,-0.549224,19.615940,247.663200,359.504300
745.805,14,0.313292,1.483415,0.537024,-0.097731,0.817282,-0.141067,-0.550090,19.761500,247.838600,359.723100
745.916,14,0.324639,1.485086,0.538803,-0.102340,0.815024,-0.146014,-0.551310,20.539420,248.087000,359.643800
746.027,14,0.344130,1.490230,0.544706,-0.104943,0.814500,-0.145827,-0.551645,20.691410,248.105500,359.383700
746.138,14,0.358243,1.495030,0.551367,-0.104580,0.813648,-0.140556,-0.554332,20.161670,248.376900,359.123900
746.249,14,0.367116,1.497139,0.558165,-0.100669,0.814435,-0.131722,-0.556067,19.057350,248.469800,358.940100
746.361,14,0.361302,1.491097,0.558857,-0.098557,0.815859,-0.121611,-0.556661,17.948390,248.369600,358.468600
746.472,14,0.343910,1.481299,0.554122,-0.094584,0.817226,-0.117220,-0.556287,17.266780,248.266100,358.549200
746.583,14,0.320294,1.469854,0.546682,-0.097107,0.820237,-0.123066,-0.550124,17.982660,247.470900,358.560200
746.694,14,0.296235,1.456653,0.539035,-0.099838,0.822684,-0.133896,-0.543412,19.196810,246.700000,358.862400
746.806,14,0.259385,1.435360,0.528407,-0.103574,0.821339,-0.144219,-0.542103,20.438390,246.699700,359.157700
746.917,14,0.230628,1.417926,0.519019,-0.102211,0.819269,-0.150913,-0.543670,21.002910,247.098300,359.792400
747.028,14,0.196861,1.393722,0.508494,-0.096449,0.818177,-0.147298,-0.547346,20.280330,247.601000,0.208976
747.139,14,0.172747,1.374709,0.501906,-0.094562,0.815683,-0.148820,-0.550974,20.302840,248.182500,0.594226
747.250,14,0.144878,1.353236,0.492902,-0.098656,0.813741,-0.156093,-0.551115,21.270970,248.349100,0.706411
747.361,14,0.123883,1.332189,0.484953,-0.102891,0.813460,-0.162970,-0.548760,22.213810,248.146500,0.709732
747.472,14,0.107300,1.307705,0.476997,-0.103979,0.813315,-0.169366,-0.546830,22.905530,248.032400,1.001102
747.584,14,0.099596,1.278886,0.470579,-0.103522,0.813622,-0.175293,-0.544588,23.453050,247.883100,1.403456
747.695,14,0.099518,1.252751,0.467352,-0.099977,0.813434,-0.175721,-0.545391,23.261470,248.054700,1.810390
747.806,14,0.100253,1.215496,0.464673,-0.087755,0.811801,-0.167022,-0.552613,21.602590,248.983600,2.596375
747.917,14,0.101286,1.178605,0.463090,-0.087214,0.811252,-0.166180,-0.553759,21.482580,249.131900,2.620327
748.029,14,0.103502,1.129899,0.462537,-0.076439,0.809449,-0.159485,-0.559924,20.107870,249.939800,3.348693
748.139,14,0.106454,1.093936,0.457987,-0.068120,0.810762,-0.153635,-0.560733,18.996900,249.964000,3.749872
748.250,14,0.110888,1.050382,0.449659,-0.060554,0.810775,-0.150411,-0.562453,18.180810,250.185900,4.286115
748.362,14,0.119126,1.022703,0.443634,-0.049310,0.813627,-0.140156,-0.562081,16.469400,249.945700,4.624543
748.473,14,0.130288,0.998331,0.437447,-0.043552,0.818774,-0.135161,-0.556277,15.651530,249.032100,4.709268
748.585,14,0.140459,0.982339,0.432400,-0.038922,0.822005,-0.130694,-0.552913,14.945630,248.480200,4.781486
748.696,14,0.147771,0.955722,0.428677,-0.029871,0.826622,-0.119765,-0.549053,13.344340,247.752000,4.842112
748.807,14,0.153477,0.917347,0.428754,-0.037153,0.831788,-0.117465,-0.541248,13.628770,246.565400,3.855527
748.918,14,0.160075,0.920376,0.427617,-0.040002,0.831960,-0.127200,-0.538575,14.758100,246.375900,4.178144
749.028,14,0.177581,0.979443,0.418709,-0.040923,0.845037,-0.122007,-0.518992,14.399290,243.543400,3.402024
749.140,14,0.191712,1.065745,0.409420,-0.048152,0.858437,-0.109255,-0.498829,13.627960,240.506400,1.552354
749.251,14,0.196532,1.161030,0.404203,-0.051265,0.861254,-0.099243,-0.495746,12.813360,239.916900,0.593147
749.362,14,0.192694,1.254598,0.405413,-0.070470,0.856830,-0.089183,-0.502914,12.927040,240.614500,358.173900
749.472,14,0.192359,1.333204,0.406431,-0.081300,0.855820,-0.082650,-0.504115,12.910960,240.628200,356.716600
749.584,14,0.195830,1.386115,0.400853,-0.089371,0.850453,-0.079061,-0.512340,13.064770,241.653400,355.820200
749.694,14,0.195426,1.412772,0.383627,-0.095095,0.841707,-0.082508,-0.525051,13.813080,243.385600,355.662600
749.806,14,0.192338,1.433917,0.350527,-0.098754,0.820131,-0.083473,-0.557374,14.300270,247.889400,355.920800
749.917,14,0.188001,1.452984,0.319997,-0.098461,0.789456,-0.075857,-0.601091,13.776750,254.112700,356.205900
750.028,14,0.182402,1.475511,0.273440,-0.106416,0.742181,-0.073506,-0.657602,14.422370,262.625300,356.372000
750.139,14,0.180440,1.485895,0.240965,-0.106854,0.705048,-0.070927,-0.697466,14.422310,268.993000,356.937800
750.250,14,0.172935,1.493430,0.207832,-0.100700,0.664675,-0.075218,-0.736484,14.378060,275.695500,358.635200
750.362,14,0.165618,1.495102,0.200389,-0.104154,0.636762,-0.079387,-0.759858,15.033580,279.979900,359.288300
750.472,14,0.163188,1.497943,0.221863,-0.118068,0.605232,-0.065047,-0.784553,15.307460,284.378000,357.572600
750.584,14,0.164220,1.498720,0.263897,-0.130653,0.577947,-0.054022,-0.803734,15.811020,288.030600,356.175200
750.695,14,0.165919,1.496916,0.309637,-0.140093,0.564915,-0.044669,-0.811942,16.138670,289.616300,354.878800
750.806,14,0.166869,1.488282,0.380188,-0.148985,0.560067,-0.037920,-0.814058,16.561250,290.027000,353.702200
750.917,14,0.163705,1.478553,0.442915,-0.160171,0.558169,-0.036939,-0.813283,17.563580,289.968700,352.846600
751.027,14,0.151836,1.467573,0.527783,-0.170362,0.549501,-0.041370,-0.816893,18.892970,290.934400,352.735400
751.139,14,0.137492,1.460769,0.590894,-0.168940,0.546201,-0.045248,-0.819193,19.039430,291.486700,353.292200
751.250,14,0.115495,1.445970,0.662188,-0.170933,0.546912,-0.044343,-0.818354,19.163800,291.314100,353.044100
751.362,14,0.096003,1.428584,0.709950,-0.176028,0.550438,-0.045283,-0.814851,19.677420,290.650000,352.678900
751.473,14,0.077565,1.409808,0.739523,-0.188047,0.554981,-0.057392,-0.808295,21.573650,289.686200,352.837700
751.584,14,0.064848,1.401468,0.749579,-0.200800,0.570183,-0.080706,-0.792500,24.223850,287.165200,353.637200
751.695,14,0.065806,1.409189,0.745002,-0.195510,0.595238,-0.092769,-0.773861,24.395580,283.651000,354.381200
751.807,14,0.086210,1.446218,0.722277,-0.181080,0.639724,-0.090085,-0.741517,22.569660,277.212000,353.902600
751.917,14,0.115544,1.481762,0.691937,-0.176157,0.684040,-0.094672,-0.701495,22.127270,270.130900,353.294100
752.028,14,0.168389,1.519799,0.646422,-0.171999,0.726279,-0.098576,-0.658193,21.691190,262.944700,352.575200
752.139,14,0.216478,1.542486,0.614263,-0.168992,0.734916,-0.104046,-0.648472,21.845360,261.492300,352.979500
752.249,14,0.278590,1.564755,0.578685,-0.165129,0.742161,-0.108153,-0.640494,21.842820,260.315800,353.407700
752.361,14,0.331972,1.578656,0.554972,-0.162300,0.742168,-0.103669,-0.641949,21.238830,260.470600,353.358200
752.471,14,0.380733,1.586321,0.537209,-0.160323,0.741719,-0.109819,-0.641942,21.638220,260.607200,354.020300
752.583,14,0.417531,1.591119,0.524968,-0.157756,0.740237,-0.109463,-0.644345,21.429460,260.996500,354.297700
752.694,14,0.439764,1.592462,0.516987,-0.157452,0.738049,-0.111200,-0.646628,21.577960,261.402500,354.532500
752.805,14,0.458815,1.591644,0.508468,-0.158663,0.740829,-0.110999,-0.643178,21.626850,260.839000,354.301700
752.916,14,0.469812,1.590695,0.504587,-0.158586,0.742511,-0.115021,-0.640545,21.960780,260.507900,354.546000
753.027,14,0.477604,1.591089,0.502866,-0.155982,0.745525,-0.111436,-0.638313,21.425330,260.085800,354.432400
753.138,14,0.475745,1.590075,0.503754,-0.154990,0.744384,-0.110512,-0.640045,21.280140,260.346300,354.502000
753.248,14,0.456313,1.584167,0.505924,-0.150137,0.739830,-0.103851,-0.647554,20.371600,261.425000,354.635000
753.360,14,0.418471,1.569577,0.510948,-0.144957,0.729220,-0.097836,-0.661554,19.541060,263.569400,355.010500
753.472,14,0.366369,1.546350,0.518891,-0.126086,0.724590,-0.080524,-0.672746,16.639110,265.099100,355.547800
753.583,14,0.311733,1.524028,0.526261,-0.114737,0.730489,-0.076872,-0.668814,15.413490,264.430800,356.145700
753.695,14,0.264369,1.509730,0.532775,-0.103851,0.737362,-0.070340,-0.663751,13.980600,263.552000,356.468400
753.806,14,0.205672,1.497055,0.538387,-0.096260,0.743217,-0.061262,-0.659249,12.590480,262.743400,356.339400
753.917,14,0.163197,1.497498,0.540544,-0.087549,0.751324,-0.050494,-0.652149,10.956530,261.547800,356.163100
754.028,14,0.114246,1.502085,0.540212,-0.077538,0.758909,-0.038539,-0.645414,9.124659,260.444000,356.054200
754.139,14,0.078552,1.502175,0.538265,-0.073983,0.765996,-0.036162,-0.637549,8.611553,259.248500,356.101000
754.250,14,0.040883,1.491541,0.537578,-0.080424,0.770357,-0.040375,-0.631231,9.423987,258.312700,355.759800
754.362,14,0.024702,1.475669,0.539408,-0.091199,0.768211,-0.053624,-0.631394,11.393980,258.410900,355.764300
754.472,14,0.021760,1.460283,0.538698,-0.090754,0.758912,-0.064606,-0.641593,12.387080,260.073700,356.780900
754.584,14,0.033072,1.434539,0.534190,-0.093322,0.751471,-0.078236,-0.648430,13.804550,261.303300,357.710400
754.695,14,0.051261,1.400696,0.528160,-0.098753,0.745216,-0.090056,-0.653292,15.263070,262.243700,358.246600
754.806,14,0.078221,1.348843,0.520782,-0.105247,0.740119,-0.109987,-0.655019,17.498770,262.910700,359.296900
754.917,14,0.099872,1.308903,0.516508,-0.114855,0.739547,-0.124182,-0.651505,19.471210,262.672800,359.509500
755.028,14,0.128414,1.265462,0.506671,-0.120085,0.737904,-0.136038,-0.650055,20.909310,262.752700,359.978100
755.139,14,0.151497,1.233379,0.494268,-0.118789,0.741496,-0.144508,-0.644353,21.554630,262.098700,0.620041
755.250,14,0.179108,1.198344,0.481844,-0.120408,0.748237,-0.145983,-0.635872,21.813530,260.782500,0.337284
755.361,14,0.201022,1.170319,0.475311,-0.123328,0.751742,-0.144656,-0.631465,21.915740,260.028000,359.831300
755.472,14,0.222980,1.142053,0.468976,-0.131579,0.754650,-0.153049,-0.624313,23.284040,259.104900,359.532800
755.584,14,0.248743,1.124054,0.461593,-0.140147,0.755478,-0.161643,-0.619260,24.696360,258.522900,359.271100
755.694,14,0.278056,1.122970,0.453149,-0.140824,0.758297,-0.164189,-0.614976,24.974530,257.921100,359.265000
755.805,14,0.323870,1.138055,0.443409,-0.139420,0.766874,-0.158988,-0.605961,24.381700,256.342000,358.669200
755.916,14,0.363193,1.157716,0.438651,-0.140173,0.770348,-0.152914,-0.602937,23.867620,255.681100,358.021700
756.027,14,0.413495,1.192407,0.433430,-0.138766,0.774145,-0.151150,-0.598830,23.591820,255.004900,357.884800
756.138,14,0.447319,1.228953,0.429255,-0.134528,0.778287,-0.149522,-0.594824,23.127810,254.377400,358.035600
756.248,14,0.485575,1.281914,0.421297,-0.124321,0.794364,-0.146528,-0.576246,22.090610,251.569800,358.228800
756.359,14,0.512302,1.318093,0.414738,-0.113701,0.807458,-0.146610,-0.559990,21.352510,249.259100,358.805400
756.470,14,0.543589,1.353618,0.408354,-0.115616,0.821556,-0.144839,-0.539166,21.263510,246.161700,357.922400
756.582,14,0.573099,1.375204,0.406872,-0.128708,0.828854,-0.152139,-0.522770,22.753740,243.801100,356.624800
756.692,14,0.604740,1.401432,0.406829,-0.143760,0.830209,-0.145305,-0.518626,22.978280,242.870100,354.516100
756.804,14,0.629584,1.435399,0.400806,-0.144067,0.822898,-0.138024,-0.532008,22.361560,244.658100,354.400000
756.915,14,0.650139,1.460598,0.384077,-0.143508,0.812463,-0.137419,-0.548111,22.371680,246.996000,354.878500
757.026,14,0.674205,1.491575,0.337325,-0.136351,0.799144,-0.119783,-0.573088,20.348520,250.404800,355.066400
757.137,14,0.688931,1.517495,0.290701,-0.141326,0.772435,-0.108517,-0.609586,19.873610,255.639100,354.751400
757.248,14,0.708407,1.543505,0.244440,-0.145805,0.731304,-0.100153,-0.658715,19.789940,263.156000,355.042600
757.360,14,0.720085,1.562160,0.226603,-0.149506,0.680732,-0.092873,-0.711074,19.819800,271.736200,355.643200
757.471,14,0.732054,1.580675,0.216550,-0.143481,0.612205,-0.072096,-0.774222,18.086210,282.715500,356.136900
757.582,14,0.733622,1.591085,0.210834,-0.134907,0.571544,-0.057969,-0.807327,16.504630,288.881300,356.375600
757.693,14,0.720890,1.595845,0.208014,-0.132416,0.551865,-0.047010,-0.822011,15.639300,291.684900,355.899000
757.804,14,0.695548,1.595953,0.208714,-0.140492,0.540032,-0.033183,-0.829172,15.594290,293.058600,354.237400
757.916,14,0.662909,1.594808,0.212371,-0.149003,0.533432,-0.022062,-0.832324,15.757930,293.677700,352.702900
758.027,14,0.612933,1.596424,0.218924,-0.156419,0.526284,-0.014495,-0.835672,16.062570,294.409200,351.597900
758.138,14,0.578432,1.597757,0.220533,-0.162427,0.519395,-0.010184,-0.838894,16.445120,295.155900,350.902800
758.249,14,0.541145,1.599156,0.218202,-0.167865,0.494413,-0.015734,-0.852719,17.568270,298.489800,351.606900
758.360,14,0.510614,1.599269,0.208461,-0.161963,0.463180,-0.022362,-0.871052,17.630170,302.957400,353.306700
758.471,14,0.482901,1.596149,0.180677,-0.157479,0.436725,-0.015678,-0.885566,17.014260,306.511600,353.407600
758.583,14,0.457263,1.594361,0.132345,-0.155007,0.408753,-0.011944,-0.899306,16.771840,310.183300,353.689700
758.694,14,0.434082,1.597980,0.082438,-0.151714,0.387560,-0.008683,-0.909233,16.416460,312.948200,353.907500
758.805,14,0.407012,1.601563,0.024203,-0.156529,0.364042,-0.006047,-0.918115,16.967300,315.820600,353.826300
758.916,14,0.392960,1.601276,-0.013346,-0.159041,0.349308,-0.005599,-0.923395,17.315140,317.634700,353.941100
759.027,14,0.383064,1.601687,-0.049494,-0.165423,0.328571,-0.004537,-0.929869,18.096850,320.112900,353.944800
759.138,14,0.378481,1.600642,-0.065499,-0.167644,0.304238,-0.000107,-0.937728,18.329070,323.055300,353.843300
759.249,14,0.373315,1.594978,-0.071108,-0.174929,0.266833,-0.000511,-0.947734,19.380840,327.590600,354.379800
759.360,14,0.370907,1.587638,-0.066988,-0.185135,0.239464,0.001294,-0.953090,20.626870,330.775100,354.412000
759.471,14,0.369530,1.579015,-0.049654,-0.186820,0.206550,0.001128,-0.960434,21.001350,334.821600,355.124700
759.583,14,0.366338,1.565159,-0.017373,-0.192471,0.178158,-0.000412,-0.964995,21.815200,338.272300,355.812900
759.693,14,0.359778,1.545080,0.028040,-0.193738,0.158732,0.004767,-0.968115,21.938260,340.529300,355.626600
759.805,14,0.345367,1.518027,0.089741,-0.202086,0.146594,0.002873,-0.968330,22.987440,341.961700,355.962900
759.916,14,0.324572,1.493646,0.155994,-0.213546,0.143302,0.002461,-0.966363,24.331870,342.234900,355.848800
760.027,14,0.287112,1.462867,0.247504,-0.230312,0.141130,0.002675,-0.962825,26.279190,342.273900,355.512200
760.138,14,0.253128,1.436353,0.315374,-0.235275,0.145056,0.000592,-0.961043,26.875070,341.767000,355.538100
760.249,14,0.208671,1.397397,0.392472,-0.243259,0.151626,-0.005391,-0.958022,27.886970,340.990500,355.884100
760.361,14,0.172511,1.365399,0.447992,-0.249316,0.154345,-0.010881,-0.955982,28.688180,340.718400,356.329700
760.472,14,0.141692,1.336900,0.491110,-0.252002,0.162951,-0.016672,-0.953763,29.086810,339.752400,356.698600
760.584,14,0.118274,1.311100,0.523427,-0.258628,0.168753,-0.020066,-0.950911,29.909810,339.005500,356.751000
760.695,14,0.102129,1.291586,0.546209,-0.260708,0.172459,-0.021871,-0.949637,30.178780,338.548700,356.791500
760.806,14,0.083733,1.270074,0.567562,-0.269833,0.181667,-0.026699,-0.945238,31.319660,337.346700,356.808100
760.917,14,0.071384,1.260959,0.577029,-0.274167,0.193164,-0.025152,-0.941747,31.742880,335.694600,356.052500
761.028,14,0.061493,1.264233,0.576686,-0.278809,0.207906,-0.023350,-0.937281,32.164670,333.575900,355.109900
761.139,14,0.059301,1.283262,0.565947,-0.271480,0.223439,-0.017872,-0.935978,31.076670,331.508500,354.112000
761.250,14,0.065784,1.327361,0.538620,-0.249632,0.248909,-0.006800,-0.935779,28.072280,328.391500,352.737400
761.361,14,0.080147,1.377069,0.496518,-0.226061,0.281127,0.001362,-0.932664,24.892220,324.635400,351.783000
761.472,14,0.103234,1.429765,0.437912,-0.199653,0.317480,0.012676,-0.926922,21.227730,320.444200,350.722900
761.584,14,0.138633,1.477626,0.365519,-0.177821,0.347444,0.018446,-0.920501,18.333660,317.096900,350.447700
761.694,14,0.175926,1.512947,0.296429,-0.166444,0.365633,0.018686,-0.915565,16.924750,315.062500,350.619400
761.805,14,0.225452,1.550561,0.210902,-0.157415,0.381376,0.018193,-0.910737,15.833930,313.279600,350.836700
761.916,14,0.264022,1.570692,0.152855,-0.161854,0.383080,0.011107,-0.909357,16.610040,313.046300,351.344900
762.027,14,0.311098,1.588070,0.091725,-0.167918,0.390477,0.008256,-0.905132,17.309210,311.986700,351.198500
762.138,14,0.343123,1.595316,0.054547,-0.169812,0.393391,0.011874,-0.903475,17.307430,311.515700,350.652900
762.249,14,0.375489,1.599965,0.017400,-0.175788,0.397067,0.011055,-0.900730,17.932430,310.895200,350.348300
762.360,14,0.393540,1.602759,-0.003779,-0.177853,0.399704,0.015389,-0.899093,17.909290,310.439100,349.717700
762.471,14,0.407710,1.605310,-0.021798,-0.179472,0.400343,0.014910,-0.898495,18.093650,310.317700,349.667300
762.582,14,0.414526,1.607028,-0.032667,-0.178983,0.402146,0.016485,-0.897759,17.945280,310.076400,349.488700
762.693,14,0.415799,1.609161,-0.039703,-0.176084,0.405603,0.016936,-0.896769,17.582240,309.702600,349.530900
762.804,14,0.412662,1.611136,-0.043366,-0.172416,0.412829,0.014774,-0.894219,17.226880,308.892200,349.822000
762.915,14,0.409655,1.612480,-0.043786,-0.169345,0.412987,0.012365,-0.894769,17.027850,308.984200,350.245400
763.026,14,0.407284,1.613458,-0.043760,-0.169225,0.412117,0.009728,-0.895225,17.155790,309.133200,350.548900
763.138,14,0.407328,1.614234,-0.043481,-0.167247,0.410391,0.007746,-0.896408,17.066760,309.433900,350.902000
763.248,14,0.410517,1.614004,-0.042655,-0.166277,0.404259,0.005708,-0.899385,17.126320,310.279800,351.290800
763.360,14,0.414040,1.613535,-0.042125,-0.167429,0.398375,0.006522,-0.901788,17.264020,311.002200,351.256600
763.471,14,0.417916,1.612560,-0.043750,-0.168285,0.393993,0.003399,-0.903570,17.543880,311.588300,351.632700
763.582,14,0.421657,1.611375,-0.045985,-0.170412,0.392059,0.001948,-0.904016,17.853430,311.805100,351.715800
763.693,14,0.424244,1.610723,-0.048702,-0.172806,0.390160,0.001163,-0.904385,18.159250,312.001900,351.713300
763.804,14,0.425310,1.609789,-0.051394,-0.174362,0.389274,0.001174,-0.904468,18.330390,312.077200,351.648700
763.915,14,0.424454,1.609273,-0.053188,-0.175472,0.389437,-0.000089,-0.904184,18.504980,312.045800,351.723400
764.026,14,0.423246,1.607413,-0.053803,-0.179994,0.388004,-0.003305,-0.903905,19.144990,312.162400,351.863600
764.138,14,0.422540,1.607140,-0.053792,-0.180985,0.387025,-0.003486,-0.904126,19.266640,312.266500,351.852200
764.248,14,0.421101,1.606551,-0.054010,-0.183783,0.387576,-0.004452,-0.903321,19.601840,312.136400,351.796800
764.359,14,0.420389,1.605896,-0.054009,-0.185160,0.389484,-0.006510,-0.902206,19.826690,311.882800,351.903800
764.471,14,0.422438,1.605952,-0.053880,-0.183611,0.389104,-0.008449,-0.902671,19.758420,312.002800,352.205600
764.582,14,0.427188,1.605761,-0.054174,-0.182684,0.386553,-0.010414,-0.903933,19.774520,312.389100,352.525900
764.692,14,0.433741,1.605941,-0.054953,-0.180357,0.384620,-0.011754,-0.905208,19.606820,312.719800,352.837300
764.804,14,0.442135,1.604891,-0.054448,-0.178204,0.378811,-0.013836,-0.908050,19.518980,313.558300,353.305000
764.915,14,0.448508,1.602622,-0.050326,-0.181110,0.366914,-0.017741,-0.912282,20.088110,315.091200,353.854900
765.026,14,0.448770,1.597499,-0.037192,-0.184299,0.359965,-0.030553,-0.914071,21.033930,316.133500,355.278500
765.137,14,0.441807,1.592967,-0.019064,-0.183678,0.366274,-0.041497,-0.911254,21.417010,315.518600,356.371100
765.248,14,0.425620,1.585759,0.015742,-0.178668,0.381923,-0.049436,-0.905411,21.179900,313.718000,357.113600
765.359,14,0.404984,1.573725,0.054276,-0.179905,0.394560,-0.058711,-0.899172,21.707000,312.185500,357.755700
765.470,14,0.369255,1.552200,0.113413,-0.185780,0.414277,-0.068811,-0.888327,22.773000,309.598900,358.031300
765.582,14,0.336334,1.530732,0.166443,-0.186526,0.438920,-0.083250,-0.875001,23.547020,306.486100,358.871600
765.692,14,0.305812,1.508488,0.211995,-0.192143,0.467131,-0.096096,-0.857692,24.795250,302.647700,359.074100
765.804,14,0.282732,1.485273,0.248622,-0.201932,0.489471,-0.103791,-0.841944,26.208260,299.315600,358.537000
765.915,14,0.267304,1.465504,0.274324,-0.206434,0.503161,-0.111874,-0.831684,27.126500,297.316600,358.606000
766.026,14,0.253122,1.445366,0.300912,-0.207086,0.523966,-0.117031,-0.817850,27.475560,294.303600,358.347500
766.137,14,0.244936,1.430750,0.319988,-0.206570,0.542488,-0.117320,-0.805774,27.399160,291.547400,357.737000
766.248,14,0.235901,1.412547,0.342677,-0.210922,0.557460,-0.118910,-0.794110,27.876410,289.117300,356.997100
766.359,14,0.228238,1.399053,0.357430,-0.211234,0.565806,-0.121555,-0.787698,28.055740,287.848700,356.912000
766.470,14,0.218520,1.382991,0.370873,-0.216261,0.572720,-0.122138,-0.781221,28.541600,286.564500,356.287500
766.583,14,0.207571,1.368312,0.378186,-0.218498,0.581254,-0.121678,-0.774337,28.674460,285.116800,355.714200
766.692,14,0.194611,1.350938,0.381488,-0.221008,0.591401,-0.120498,-0.766081,28.760250,283.375900,354.974900
766.803,14,0.179314,1.331254,0.381676,-0.221811,0.600976,-0.125155,-0.757604,29.112070,281.839800,354.945600
766.915,14,0.165429,1.314995,0.381328,-0.223545,0.606230,-0.126631,-0.752647,29.342930,280.912800,354.706500
767.026,14,0.147693,1.295420,0.380935,-0.222987,0.611289,-0.128375,-0.748413,29.388030,280.127100,354.701300
767.137,14,0.135415,1.280715,0.379383,-0.226033,0.614313,-0.130735,-0.744606,29.817230,279.490700,354.509300
767.249,14,0.123921,1.267403,0.375858,-0.236127,0.614895,-0.137947,-0.739675,31.262520,278.903400,354.204500
767.360,14,0.118363,1.265369,0.372134,-0.238962,0.617215,-0.141621,-0.736129,31.778430,278.379700,354.161200
767.471,14,0.114584,1.267007,0.368128,-0.237262,0.619254,-0.142673,-0.734763,31.692800,278.139000,354.321700
767.582,14,0.111728,1.266417,0.364890,-0.236353,0.619291,-0.144653,-0.734637,31.764750,278.197700,354.586800
767.693,14,0.108411,1.263816,0.361336,-0.238516,0.620754,-0.147729,-0.732087,32.183710,277.847000,354.588300
767.804,14,0.105895,1.261698,0.357110,-0.238729,0.622080,-0.150415,-0.730343,32.401420,277.626400,354.746500
767.916,14,0.103342,1.260006,0.353298,-0.239132,0.623775,-0.152335,-0.728365,32.574480,277.325000,354.797100
768.026,14,0.098296,1.253901,0.349211,-0.238467,0.625596,-0.156461,-0.726143,32.825700,277.076700,355.143500
768.138,14,0.092280,1.242292,0.347532,-0.238998,0.625381,-0.159555,-0.725480,33.116390,277.102400,355.382900
768.248,14,0.082431,1.229407,0.346682,-0.237061,0.626940,-0.156245,-0.725490,32.675640,276.925500,355.193000
768.360,14,0.073404,1.218842,0.345941,-0.236498,0.627486,-0.156931,-0.725054,32.676270,276.868300,355.282200
768.471,14,0.061740,1.200767,0.344872,-0.241984,0.626209,-0.163632,-0.722863,33.695450,276.807000,355.415700
768.582,14,0.051694,1.184340,0.345041,-0.246003,0.625264,-0.168084,-0.721301,34.407730,276.755700,355.470500
768.693,14,0.042756,1.170377,0.345517,-0.249528,0.625029,-0.171470,-0.719494,34.988750,276.598900,355.436600
768.804,14,0.034968,1.160473,0.346411,-0.248760,0.625793,-0.169627,-0.719533,34.770080,276.500800,355.304700
768.916,14,0.028672,1.152839,0.347219,-0.250493,0.625552,-0.170012,-0.719051,34.955310,276.436400,355.177900
769.027,14,0.021114,1.142332,0.347954,-0.249452,0.624037,-0.169931,-0.720747,34.866690,276.768800,355.359600
769.138,14,0.015768,1.132399,0.347696,-0.250391,0.622904,-0.171062,-0.721133,35.046500,276.916600,355.430600
769.249,14,0.009678,1.120513,0.347261,-0.251005,0.622991,-0.172217,-0.720569,35.191610,276.870200,355.469000
769.360,14,0.005986,1.113168,0.347107,-0.253143,0.621597,-0.173303,-0.720766,35.475980,276.987800,355.430100
769.471,14,0.005891,1.113782,0.346823,-0.256609,0.619982,-0.173580,-0.720864,35.816620,277.051600,355.194500
769.582,14,0.009238,1.123589,0.345829,-0.254631,0.619639,-0.170329,-0.722633,35.386880,277.217200,355.117600
769.693,14,0.014312,1.130134,0.344455,-0.247351,0.619513,-0.166379,-0.726181,34.429460,277.666900,355.491800
769.804,14,0.018617,1.130589,0.343555,-0.249043,0.618689,-0.167912,-0.725952,34.705490,277.717900,355.509200
769.916,14,0.021243,1.130273,0.344066,-0.250490,0.616578,-0.172532,-0.726168,35.208570,278.032700,355.907000
770.027,14,0.023824,1.130201,0.345711,-0.250586,0.616253,-0.169359,-0.727157,34.971260,278.059000,355.622400
770.138,14,0.025473,1.129235,0.347876,-0.253199,0.615701,-0.169446,-0.726699,35.215640,277.993100,355.400300
770.249,14,0.029335,1.133405,0.351641,-0.255405,0.612692,-0.169371,-0.728485,35.426790,278.379900,355.340000
770.360,14,0.036494,1.149050,0.354180,-0.253451,0.611974,-0.163967,-0.731004,34.836250,278.583400,355.073300
770.471,14,0.056010,1.192180,0.354524,-0.241056,0.612109,-0.147858,-0.738480,32.482410,279.169900,354.781600
770.582,14,0.088967,1.251532,0.351654,-0.222388,0.612072,-0.129458,-0.747765,29.410420,280.037000,354.821500
770.693,14,0.137158,1.319736,0.344151,-0.204035,0.601287,-0.122249,-0.762810,27.277050,282.584300,356.202800
770.804,14,0.195503,1.387106,0.328588,-0.188746,0.590453,-0.113508,-0.776439,25.286250,284.833500,357.044100
770.915,14,0.252243,1.438422,0.308795,-0.188870,0.587867,-0.114114,-0.778280,25.350530,285.235500,357.181500
771.026,14,0.322986,1.489220,0.286723,-0.186066,0.584671,-0.107148,-0.782341,24.609210,285.769100,356.852300
771.137,14,0.368327,1.517506,0.274175,-0.179979,0.581507,-0.098320,-0.787268,23.436400,286.391300,356.594000
771.248,14,0.411823,1.535153,0.263258,-0.185309,0.576615,-0.095917,-0.789922,23.789320,286.922900,356.104200
771.359,14,0.436498,1.541639,0.256879,-0.190198,0.572651,-0.096277,-0.791598,24.291940,287.349100,355.884800
771.470,14,0.455444,1.547174,0.251187,-0.187325,0.570200,-0.089799,-0.794806,23.589480,287.761400,355.564100
771.581,14,0.461215,1.548519,0.247939,-0.188910,0.569590,-0.088213,-0.795047,23.632850,287.780500,355.308300
771.692,14,0.461019,1.548909,0.246031,-0.191161,0.570901,-0.087438,-0.793652,23.782640,287.492700,355.017500
771.803,14,0.457062,1.549997,0.244797,-0.189903,0.570565,-0.084143,-0.794551,23.440290,287.558500,354.810000
771.914,14,0.452482,1.550437,0.243830,-0.187413,0.571282,-0.082376,-0.794813,23.081320,287.525600,354.812100
772.026,14,0.446694,1.551056,0.242608,-0.187944,0.575784,-0.085223,-0.791130,23.298200,286.854500,354.903800
772.137,14,0.442245,1.550953,0.242174,-0.188330,0.579949,-0.086175,-0.787887,23.373260,286.218600,354.834100
772.248,14,0.436553,1.548345,0.240968,-0.198177,0.590393,-0.096533,-0.776430,24.943580,284.323800,354.678000
772.359,14,0.434994,1.549381,0.238547,-0.203021,0.601005,-0.101116,-0.766389,25.640820,282.501700,354.331500
772.469,14,0.440209,1.556648,0.233985,-0.202994,0.611698,-0.101425,-0.757847,25.579260,280.814300,353.978900
772.581,14,0.451367,1.566546,0.229637,-0.194352,0.615629,-0.098196,-0.757355,24.537650,280.543500,354.286800
772.692,14,0.465277,1.576970,0.226018,-0.183432,0.614046,-0.095638,-0.761678,23.383530,281.220300,355.026100
772.803,14,0.478275,1.587727,0.224428,-0.168235,0.607355,-0.084562,-0.771794,21.247870,282.746200,355.456700
772.914,15,0.488002,1.592550,0.223266,-0.167203,0.603129,-0.082489,-0.775547,21.029660,283.415300,355.468600
773.025,15,0.497270,1.596120,0.222098,-0.167286,0.601012,-0.083380,-0.777077,21.113260,283.741900,355.604500
773.137,15,0.501879,1.597439,0.221335,-0.169171,0.598435,-0.084924,-0.778489,21.409920,284.081600,355.672500
773.248,15,0.505689,1.594437,0.218441,-0.185216,0.597246,-0.097962,-0.774206,23.816310,283.784700,355.639800
773.358,15,0.506191,1.591474,0.216175,-0.196493,0.599010,-0.108717,-0.768608,25.613390,283.150700,355.657300
773.469,15,0.502918,1.587627,0.216356,-0.212841,0.598859,-0.117636,-0.763039,27.755970,282.539600,355.112200
773.581,15,0.497449,1.583521,0.220321,-0.227049,0.594777,-0.125649,-0.760856,29.667740,282.588600,354.791100
773.692,15,0.489371,1.580261,0.227390,-0.236716,0.592167,-0.129051,-0.759374,30.820610,282.550200,354.362900
773.803,15,0.480553,1.578847,0.237109,-0.244535,0.588167,-0.125070,-0.760671,31.274930,282.743000,353.457700
773.915,15,0.471996,1.580994,0.246888,-0.239162,0.584197,-0.115079,-0.766989,30.087860,283.570900,353.169500
774.026,15,0.457913,1.582788,0.262288,-0.237283,0.579559,-0.104342,-0.772607,29.182770,284.297900,352.509900
774.136,15,0.443891,1.583774,0.276529,-0.235842,0.572892,-0.094916,-0.779207,28.443500,285.322000,352.004500
774.248,15,0.423547,1.583595,0.294344,-0.228425,0.560894,-0.095332,-0.790021,27.895630,287.546000,353.136700
774.358,15,0.403938,1.583654,0.306206,-0.217489,0.566562,-0.099999,-0.788484,27.147580,287.219000,354.276200
774.469,15,0.370541,1.584903,0.319747,-0.204292,0.558030,-0.095805,-0.798555,25.670810,289.020300,355.227300
774.581,15,0.329927,1.582193,0.328286,-0.194324,0.550497,-0.095056,-0.806322,24.710370,290.516300,356.171400
774.692,15,0.280601,1.573995,0.332233,-0.195696,0.548601,-0.100417,-0.806633,25.206790,290.812700,356.659700
774.803,15,0.221697,1.563764,0.334672,-0.195446,0.542300,-0.102685,-0.810659,25.356690,291.788600,357.114100
774.915,15,0.162914,1.557161,0.336068,-0.203019,0.530596,-0.111116,-0.815417,26.679900,293.374800,357.804500
775.026,15,0.084322,1.558304,0.339407,-0.212151,0.512736,-0.114460,-0.824010,27.840050,295.751900,358.125500
775.137,15,0.029641,1.560207,0.343291,-0.226187,0.496677,-0.117724,-0.829634,29.488310,297.676100,358.067900
775.248,15,-0.029355,1.554276,0.348265,-0.235511,0.484620,-0.119341,-0.833928,30.561880,299.144400,358.055100
775.359,15,-0.069544,1.547669,0.354375,-0.248314,0.478515,-0.124094,-0.833045,32.172910,299.649200,357.908500
775.470,15,-0.115888,1.538865,0.368080,-0.258867,0.471573,-0.129190,-0.833017,33.581720,300.371200,358.011000
775.581,15,-0.156602,1.524685,0.386367,-0.271048,0.465985,-0.135310,-0.831314,35.222790,300.839800,358.061200
775.692,15,-0.195628,1.506699,0.408139,-0.282481,0.464795,-0.143399,-0.826805,36.899680,300.705400,358.175200
775.803,15,-0.233443,1.492741,0.431665,-0.294399,0.465071,-0.150328,-0.821243,38.562880,300.263900,358.026900
775.914,15,-0.259575,1.484345,0.446521,-0.307613,0.462549,-0.155766,-0.816798,40.286880,300.124700,357.737500
776.025,15,-0.281247,1.480635,0.455666,-0.310505,0.463724,-0.157959,-0.814614,40.721410,299.838400,357.684000
776.136,15,-0.289472,1.476886,0.458274,-0.317055,0.460322,-0.161833,-0.813259,41.658180,300.141600,357.800700
776.248,15,-0.289357,1.480058,0.455280,-0.314039,0.453196,-0.156612,-0.819430,41.042450,301.313500,357.874200
776.358,15,-0.273518,1.484722,0.441844,-0.309462,0.444640,-0.154115,-0.826303,40.426410,302.861500,358.456300
776.469,15,-0.237980,1.501281,0.415614,-0.291370,0.427932,-0.142465,-0.843612,37.845720,305.982200,359.346800
776.581,15,-0.193202,1.513831,0.378904,-0.273124,0.409726,-0.124749,-0.861375,34.942140,308.926600,359.377900
776.692,15,-0.143420,1.526582,0.334814,-0.261318,0.391595,-0.116103,-0.874578,33.231030,311.726600,359.891800
776.803,15,-0.096653,1.539410,0.292506,-0.256138,0.381233,-0.107947,-0.881704,32.274880,313.137500,359.665100
776.915,15,-0.061784,1.548656,0.260858,-0.251139,0.374336,-0.098123,-0.887228,31.271660,313.987800,359.067800
777.025,15,-0.029654,1.554664,0.229287,-0.248544,0.371514,-0.091587,-0.889840,30.689190,314.281800,358.555400
777.137,15,-0.010853,1.559937,0.210163,-0.249272,0.372822,-0.091787,-0.889068,30.775810,314.083600,358.488900
777.247,15,0.002675,1.567620,0.195683,-0.243198,0.376706,-0.087543,-0.889541,29.909090,313.611000,358.183100
777.359,15,0.007881,1.569605,0.188097,-0.240456,0.379888,-0.087537,-0.888934,29.604310,313.249500,358.216300
777.469,15,0.011220,1.572066,0.181467,-0.237951,0.386021,-0.089388,-0.886779,29.408420,312.517700,358.344100
777.581,15,0.012778,1.572727,0.179621,-0.236197,0.383393,-0.089658,-0.888359,29.235710,312.938800,358.567400
777.692,15,0.013355,1.573574,0.178088,-0.237436,0.382590,-0.088867,-0.888455,29.334180,312.995200,358.437400
777.803,15,0.012575,1.573770,0.177671,-0.236393,0.380755,-0.089702,-0.889437,29.263200,313.299300,358.657000
777.915,15,0.012167,1.573279,0.177087,-0.238513,0.380697,-0.089826,-0.888883,29.499310,313.250500,358.557300
778.026,15,0.012038,1.573051,0.175692,-0.239065,0.379879,-0.089945,-0.889072,29.566220,313.351100,358.570700
778.137,15,0.012574,1.572473,0.174270,-0.241583,0.379026,-0.090520,-0.888698,29.868290,313.411900,358.530200
778.248,15,0.014050,1.572067,0.171505,-0.243572,0.378600,-0.090748,-0.888313,30.096020,313.419300,358.462900
778.359,15,0.015887,1.572459,0.169444,-0.243415,0.376079,-0.089488,-0.889553,30.024550,313.741500,358.419600
778.469,15,0.019305,1.575145,0.165857,-0.240458,0.372958,-0.085438,-0.892067,29.520780,314.154800,358.226700
778.581,15,0.023413,1.578657,0.161360,-0.235783,0.368848,-0.080841,-0.895445,28.809360,314.735000,358.093000
778.692,15,0.026056,1.581430,0.157291,-0.228972,0.364819,-0.076690,-0.899220,27.888230,315.365400,358.110300
778.803,15,0.026954,1.580988,0.156297,-0.231373,0.363189,-0.076811,-0.899255,28.159100,315.526800,358.055300
778.914,15,0.025227,1.580466,0.158835,-0.230607,0.357578,-0.077056,-0.901677,28.097460,316.314400,358.313600
779.025,15,0.018506,1.575627,0.167195,-0.239037,0.358517,-0.079223,-0.898917,29.114360,316.019100,358.099800
779.136,15,0.009881,1.570604,0.178213,-0.244879,0.358614,-0.082602,-0.896999,29.904500,315.933000,358.185600
779.247,15,-0.004565,1.561873,0.195694,-0.254125,0.359156,-0.088372,-0.893654,31.176620,315.750500,358.352800
779.359,15,-0.017634,1.553883,0.211272,-0.262972,0.362726,-0.092311,-0.889244,32.320850,315.095900,358.196200
779.469,15,-0.036413,1.542465,0.233549,-0.271643,0.367862,-0.096670,-0.884049,33.464120,314.217000,358.012500
779.580,15,-0.053682,1.530731,0.254793,-0.279850,0.371395,-0.101495,-0.879459,34.584660,313.575300,357.957100
779.691,15,-0.071981,1.517032,0.276753,-0.288897,0.373250,-0.104768,-0.875355,35.731210,313.079500,357.723600
779.803,15,-0.090276,1.501177,0.297453,-0.298749,0.374766,-0.110620,-0.870668,37.094830,312.668100,357.751500
779.914,15,-0.108075,1.484967,0.316994,-0.307625,0.377849,-0.116454,-0.865469,38.351410,312.044200,357.742100
780.025,15,-0.123317,1.469956,0.334784,-0.315805,0.379076,-0.119489,-0.861563,39.402400,311.611500,357.512700
780.136,15,-0.134088,1.459461,0.348154,-0.320754,0.378511,-0.122079,-0.859618,40.080910,311.569900,357.533000
780.247,15,-0.143885,1.450468,0.361389,-0.325710,0.378635,-0.124293,-0.857380,40.740720,311.404100,357.464500
780.358,15,-0.147208,1.447670,0.367565,-0.327934,0.377288,-0.124346,-0.857118,40.994340,311.509900,357.395900
780.469,15,-0.146049,1.450869,0.368792,-0.325442,0.374922,-0.123596,-0.859212,40.686890,311.964500,357.608500
780.580,15,-0.139797,1.459297,0.362097,-0.318892,0.375236,-0.120364,-0.861985,39.798560,312.092300,357.626600
780.691,15,-0.128133,1.472989,0.349004,-0.306699,0.375606,-0.114876,-0.866983,38.177570,312.364900,357.725000
780.803,15,-0.112115,1.489338,0.330481,-0.292266,0.375371,-0.108165,-0.872914,36.259930,312.750900,357.826600
780.914,15,-0.095939,1.503674,0.311638,-0.280085,0.375448,-0.102192,-0.877581,34.633850,313.003200,357.844200
781.025,15,-0.074742,1.521413,0.286342,-0.263280,0.375037,-0.094215,-0.883829,32.415700,313.403300,357.899600
781.136,15,-0.058326,1.533618,0.266745,-0.252090,0.374856,-0.088915,-0.887709,30.945760,313.638100,357.919600
781.248,15,-0.037358,1.547620,0.241985,-0.240367,0.372501,-0.083027,-0.892510,29.400710,314.159500,357.969500
781.359,15,-0.021637,1.557498,0.223801,-0.234877,0.368680,-0.079632,-0.895861,28.656130,314.753100,358.007500
781.469,15,-0.003479,1.566589,0.200827,-0.233483,0.364383,-0.077565,-0.898162,28.420420,315.326700,357.991500
781.581,15,0.008985,1.572430,0.183322,-0.232114,0.364834,-0.073840,-0.898647,28.102820,315.211400,357.618500
781.692,15,0.018089,1.576505,0.168824,-0.228065,0.363264,-0.070534,-0.900584,27.518040,315.453400,357.502100
781.803,15,0.024011,1.578304,0.157239,-0.228077,0.360825,-0.070670,-0.901550,27.532000,315.786200,357.597800
781.915,15,0.027625,1.579969,0.149381,-0.225410,0.359781,-0.069324,-0.902742,27.184410,315.964300,357.614000
782.025,15,0.031064,1.582416,0.142200,-0.220868,0.357108,-0.065152,-0.905233,26.513390,316.341700,357.451200
782.136,15,0.033667,1.583123,0.138165,-0.220158,0.354777,-0.063784,-0.906419,26.383000,316.640000,357.403400
782.247,15,0.036093,1.583587,0.134286,-0.219109,0.353099,-0.062345,-0.907428,26.211070,316.857300,357.343200
782.358,15,0.037063,1.584065,0.132158,-0.218523,0.352765,-0.062584,-0.907683,26.158400,316.921600,357.409900
782.469,16,0.037514,1.584293,0.129646,-0.217837,0.353036,-0.062698,-0.907734,26.087660,316.904700,357.448500
782.581,16,0.036937,1.584696,0.128041,-0.217441,0.353758,-0.063608,-0.907485,26.081750,316.838500,357.549900
782.692,16,0.036495,1.584670,0.126678,-0.216753,0.353174,-0.064345,-0.907825,26.039930,316.949600,357.686200
782.804,16,0.036055,1.584982,0.125284,-0.216244,0.353392,-0.064623,-0.907842,25.995810,316.938800,357.736200
782.915,16,0.036077,1.584796,0.123636,-0.215779,0.353678,-0.065474,-0.907780,25.981050,316.930900,357.847700
783.026,16,0.035758,1.585173,0.120752,-0.214724,0.356179,-0.065824,-0.907027,25.875160,316.630200,357.862900
783.137,16,0.034934,1.585227,0.118498,-0.214478,0.357652,-0.066990,-0.906420,25.895610,316.465600,357.963000
783.248,16,0.032561,1.585284,0.115086,-0.213909,0.363838,-0.069319,-0.903914,25.922340,315.704100,358.066900
783.359,16,0.029922,1.585537,0.112661,-0.213603,0.369085,-0.071585,-0.901679,25.979140,315.058100,358.178000
783.470,16,0.026319,1.584684,0.109211,-0.215483,0.379324,-0.074161,-0.896761,26.278570,313.689300,358.052900
783.582,16,0.022470,1.584168,0.105952,-0.217946,0.394012,-0.076186,-0.889634,26.603980,311.675000,357.680100
783.692,16,0.019581,1.583802,0.103890,-0.218411,0.402146,-0.078598,-0.885663,26.749610,310.601800,357.661100
783.804,16,0.017716,1.583229,0.105217,-0.218057,0.400781,-0.080441,-0.886203,26.805540,310.837800,357.931700
783.915,16,0.016145,1.583341,0.107817,-0.217091,0.397714,-0.080039,-0.887857,26.689650,311.275300,358.040300
784.026,16,0.013283,1.583440,0.112249,-0.217250,0.399355,-0.082938,-0.886814,26.844060,311.108600,358.303300
784.137,16,0.010454,1.584771,0.114328,-0.214246,0.407262,-0.082823,-0.883955,26.502010,310.102800,358.201600
784.248,16,0.006116,1.586488,0.115418,-0.208881,0.419084,-0.084799,-0.879515,26.008430,308.663300,358.347700
784.359,16,0.003019,1.587441,0.115089,-0.203437,0.431001,-0.086533,-0.874851,25.502190,307.200900,358.479100
784.470,16,0.000601,1.590197,0.114400,-0.194979,0.449995,-0.085763,-0.867256,24.543140,304.786700,358.316600
784.582,16,-0.001518,1.591991,0.115191,-0.186094,0.471139,-0.085415,-0.857963,23.566230,302.078900,358.200300
784.692,16,-0.002379,1.594324,0.117560,-0.183151,0.489595,-0.085832,-0.848166,23.249170,299.576500,357.895600
784.804,16,-0.001425,1.594999,0.121233,-0.182473,0.496268,-0.083503,-0.844659,23.025080,298.620500,357.506000
784.915,16,-0.000342,1.595496,0.124248,-0.182439,0.496207,-0.083194,-0.844733,23.003530,298.625700,357.478100
785.026,16,0.001288,1.595159,0.126796,-0.185581,0.489388,-0.081817,-0.848154,23.258610,299.479500,357.326400
785.138,16,0.001619,1.595308,0.127316,-0.184936,0.484969,-0.080981,-0.850909,23.158410,300.107800,357.409100
785.248,16,0.000270,1.595327,0.125210,-0.178875,0.494448,-0.083176,-0.846526,22.649780,298.973700,357.760200
785.360,16,-0.002513,1.596606,0.122458,-0.167951,0.526926,-0.090402,-0.828233,21.930100,294.744400,358.316800
785.471,16,-0.006739,1.600658,0.116608,-0.147257,0.618345,-0.090281,-0.766691,19.721590,281.764500,357.340700
785.582,16,-0.009142,1.604305,0.115330,-0.126215,0.707926,-0.086673,-0.689491,17.263390,267.948800,356.447000
785.693,16,-0.009633,1.607956,0.121820,-0.102423,0.788257,-0.088984,-0.600202,15.262030,254.138200,356.752300
785.805,16,-0.009282,1.614570,0.136627,-0.079333,0.854089,-0.087803,-0.506488,13.317410,241.016900,357.256800
785.916,16,-0.006794,1.619385,0.153725,-0.063194,0.895789,-0.086270,-0.431424,12.068780,231.191900,357.727400
786.027,16,0.000651,1.619115,0.175012,-0.048862,0.932029,-0.090340,-0.347525,11.675040,220.728600,358.344500
786.138,16,0.009971,1.618452,0.191044,-0.044253,0.949674,-0.096362,-0.294747,12.070340,214.316400,358.403400
786.249,16,0.023996,1.618150,0.210264,-0.039997,0.964105,-0.101871,-0.241919,12.461360,207.994000,358.366500
786.360,16,0.036287,1.616894,0.223448,-0.035995,0.972671,-0.105897,-0.203476,12.747390,203.454200,358.418000
786.471,16,0.053197,1.613828,0.236324,-0.030966,0.981068,-0.117585,-0.150730,13.889640,197.287100,358.505900
786.582,16,0.068597,1.611183,0.243289,-0.021974,0.986558,-0.123953,-0.104198,14.427350,191.926900,358.963000
786.692,16,0.080020,1.610019,0.247221,-0.012875,0.989869,-0.125039,-0.066025,14.432840,187.564700,359.468800
786.804,16,0.087333,1.610494,0.249507,-0.006222,0.991980,-0.121279,-0.035055,13.948400,184.020100,359.773200
786.915,16,0.088759,1.611264,0.250345,-0.003854,0.993067,-0.114807,-0.024946,13.191940,182.864800,359.886700
787.025,16,0.083269,1.614879,0.251180,-0.004438,0.994634,-0.096199,-0.037818,11.052040,184.346100,359.909400
787.137,16,0.077399,1.618594,0.253285,-0.004102,0.995218,-0.079629,-0.056428,9.146504,186.494100,0.047657
787.248,16,0.070481,1.623989,0.260076,-0.008205,0.994982,-0.053151,-0.084371,6.151192,189.671000,359.575900
787.359,16,0.068723,1.625661,0.267740,-0.011403,0.993644,-0.051707,-0.099339,6.028409,191.380700,359.286300
787.470,16,0.076571,1.627010,0.283465,-0.019648,0.991274,-0.054589,-0.118366,6.481149,193.533700,358.498800
787.581,16,0.094417,1.623798,0.303309,-0.018992,0.987441,-0.052740,-0.147713,6.301852,196.946200,358.736000
787.692,16,0.122180,1.620652,0.323739,-0.017602,0.982150,-0.055392,-0.178894,6.609590,200.596800,359.148700
787.803,16,0.157935,1.619010,0.342971,-0.019452,0.976543,-0.053637,-0.207624,6.478742,203.954700,359.093500
787.915,16,0.202360,1.616251,0.361572,-0.024118,0.971849,-0.051118,-0.228725,6.337809,206.412100,358.645500
788.025,16,0.250988,1.615442,0.381966,-0.029679,0.964619,-0.052247,-0.256711,6.663353,209.702800,358.244200
788.136,16,0.292222,1.617354,0.404934,-0.027213,0.956128,-0.049739,-0.287410,6.358960,213.386200,358.648100
788.247,16,0.339902,1.621653,0.437569,-0.021587,0.944984,-0.031181,-0.324910,4.183903,217.905500,358.820100
788.358,16,0.370204,1.626902,0.460150,-0.014541,0.936006,-0.018223,-0.351211,2.540684,221.116200,359.172900
788.470,16,0.397615,1.630851,0.477671,-0.011101,0.931994,-0.008304,-0.362208,1.347739,222.466100,359.158800
788.581,16,0.412975,1.632773,0.484038,-0.016253,0.931989,-0.012680,-0.361900,2.028591,222.421900,358.789200
788.692,16,0.421784,1.632549,0.482378,-0.016346,0.931436,-0.011787,-0.363346,1.939033,222.599500,358.745300
788.803,16,0.421658,1.631892,0.471774,-0.016142,0.929427,-0.013764,-0.368397,2.147933,223.222400,358.861000
788.914,16,0.412516,1.630870,0.453813,-0.012112,0.927704,-0.013243,-0.372885,1.925704,223.782600,359.277900
789.026,16,0.386177,1.626836,0.415511,-0.008546,0.928487,-0.013600,-0.371019,1.810678,223.557600,359.668800
789.137,16,0.353431,1.618330,0.372553,-0.010512,0.931354,-0.022182,-0.363287,2.806161,222.613000,359.801300
789.247,16,0.296410,1.606995,0.304427,-0.017454,0.934562,-0.038893,-0.353238,4.877541,221.397800,359.704100
789.359,16,0.247277,1.605474,0.249483,-0.022057,0.935150,-0.053534,-0.349489,6.634876,220.971100,359.778900
789.470,16,0.191656,1.608148,0.187071,-0.029306,0.937231,-0.065467,-0.341252,8.205136,219.971200,359.406600
789.581,16,0.152544,1.607409,0.142907,-0.032718,0.938676,-0.071779,-0.335655,9.016500,219.291900,359.232100
789.692,16,0.120265,1.606731,0.107697,-0.032414,0.938376,-0.076933,-0.335381,9.562681,219.289500,359.463800
789.804,16,0.093001,1.604189,0.079445,-0.034778,0.937147,-0.081563,-0.337482,10.157080,219.557100,359.410200
789.915,16,0.074383,1.601463,0.060705,-0.037738,0.935376,-0.084488,-0.341334,10.592230,220.025800,359.246800
790.026,16,0.053481,1.594539,0.037754,-0.036664,0.931772,-0.086562,-0.350663,10.779270,221.204800,359.555800
790.138,16,0.035981,1.588280,0.015547,-0.042043,0.926176,-0.091281,-0.363454,11.516220,222.784500,359.326000
790.249,16,0.010485,1.581141,-0.024369,-0.040196,0.918066,-0.095573,-0.382628,11.902420,225.246400,359.961000
790.360,16,-0.016874,1.575262,-0.070411,-0.040363,0.910943,-0.093775,-0.399699,11.719070,227.389900,0.083486
790.471,16,-0.052268,1.575062,-0.127037,-0.042566,0.901723,-0.091717,-0.420323,11.606510,229.985500,0.019658
790.583,16,-0.090994,1.574013,-0.183967,-0.044598,0.892506,-0.090692,-0.439566,11.600990,232.441900,0.007126
790.693,16,-0.126444,1.573138,-0.235363,-0.049878,0.884355,-0.089384,-0.455454,11.743410,234.457200,359.602100
790.805,16,-0.155188,1.570331,-0.278459,-0.052856,0.878411,-0.092765,-0.465827,12.252210,235.834100,359.622800
790.916,16,-0.175328,1.568333,-0.308931,-0.055910,0.873290,-0.098082,-0.473939,12.961880,236.946500,359.724800
791.027,16,-0.191543,1.567917,-0.335118,-0.057867,0.863629,-0.100431,-0.490621,13.311920,239.191500,359.917400
791.138,16,-0.190370,1.572963,-0.342268,-0.059713,0.850199,-0.100268,-0.513364,13.403320,242.258300,0.083220
791.249,16,-0.166079,1.590074,-0.331061,-0.051312,0.821321,-0.085271,-0.561719,11.403450,248.805200,0.672717
791.361,16,-0.125199,1.608492,-0.305166,-0.038445,0.778296,-0.060547,-0.623788,8.175779,257.487900,0.908511
791.472,16,-0.069758,1.620926,-0.275278,-0.026221,0.723696,-0.046833,-0.688028,5.961905,267.184900,1.526321
791.583,16,-0.005615,1.626108,-0.249521,-0.008442,0.681051,-0.035705,-0.731316,3.496162,274.147800,2.338320
791.694,16,0.055793,1.628751,-0.228547,-0.001478,0.650495,-0.029034,-0.758954,2.293358,278.849100,2.417580
791.804,16,0.109806,1.633390,-0.219035,-0.013304,0.621855,-0.031475,-0.782386,3.437714,283.099700,1.877516
791.915,16,0.148448,1.640110,-0.221748,-0.001212,0.595534,-0.023768,-0.802978,1.733804,286.906400,2.105731
792.026,16,0.180519,1.648304,-0.234865,0.020660,0.537395,-0.005202,-0.843062,358.324200,294.944500,1.775837
792.138,16,0.189525,1.650261,-0.253034,0.045382,0.483841,0.003719,-0.873971,355.243300,301.971700,2.151584
792.248,16,0.188921,1.653072,-0.281411,0.059852,0.405389,0.019291,-0.911979,352.830300,312.019900,0.770362
792.360,16,0.181487,1.656045,-0.301642,0.064340,0.351419,0.032420,-0.933442,351.784300,318.803300,359.114000
792.471,16,0.172605,1.654314,-0.318304,0.062169,0.313963,0.041314,-0.946496,351.742200,323.461300,357.731600
792.583,16,0.169217,1.659343,-0.324725,0.070572,0.304264,0.046958,-0.948809,350.648300,324.659400,357.318400
792.693,16,0.172362,1.662172,-0.322980,0.081547,0.304806,0.052816,-0.947446,349.238600,324.609600,357.061100
792.805,16,0.178903,1.667080,-0.314206,0.079058,0.311390,0.059041,-0.945146,349.268200,323.871700,356.360500
792.916,16,0.187432,1.668812,-0.302973,0.075916,0.310981,0.066248,-0.945060,349.356700,323.995600,355.448000
793.027,16,0.197544,1.671484,-0.288205,0.085171,0.309697,0.061464,-0.945016,348.518800,324.083600,356.289800
793.139,16,0.202468,1.671651,-0.279954,0.088755,0.318098,0.060226,-0.941971,348.139800,323.027900,356.661200
793.250,16,0.204210,1.671134,-0.273891,0.089468,0.327169,0.059911,-0.938811,348.042300,321.905000,356.838800
793.361,16,0.202195,1.671913,-0.271522,0.092617,0.328709,0.058717,-0.938043,347.739400,321.687500,357.109900
793.471,16,0.198529,1.670667,-0.271298,0.088415,0.326594,0.055862,-0.939361,348.311200,321.940100,357.237400
793.583,16,0.193418,1.666308,-0.270077,0.062637,0.320171,0.048103,-0.944062,351.427000,322.752500,357.060100
793.693,16,0.187743,1.661595,-0.269156,0.037829,0.318141,0.037629,-0.946541,354.516700,322.974200,357.284200
793.804,16,0.184631,1.657127,-0.270707,0.014907,0.319036,0.029591,-0.947163,357.299200,322.832500,357.329400
793.915,16,0.184103,1.656806,-0.273910,0.015799,0.318601,0.029308,-0.947304,357.213900,322.885500,357.391400
794.026,16,0.183515,1.654418,-0.277896,0.004165,0.316554,0.024579,-0.948247,358.655700,323.108400,357.478900
794.137,16,0.181586,1.650077,-0.280367,-0.016803,0.317243,0.015107,-0.948075,1.276393,322.972500,357.746800
794.248,16,0.179631,1.645347,-0.284350,-0.035850,0.320658,0.005180,-0.946502,3.700601,322.508200,358.116600
794.359,16,0.179833,1.641538,-0.287626,-0.052040,0.321230,-0.001150,-0.945570,5.690408,322.383100,358.199900
794.469,16,0.179620,1.634178,-0.294677,-0.078565,0.320129,-0.010276,-0.944055,8.912045,322.396700,358.207600
794.580,16,0.178239,1.630591,-0.303805,-0.093375,0.318817,-0.013417,-0.943110,10.642570,322.458600,358.003900
794.691,16,0.176908,1.630085,-0.314134,-0.093228,0.313037,-0.014124,-0.945049,10.664200,323.173800,358.153100
794.803,16,0.175516,1.632069,-0.323476,-0.087140,0.305213,-0.010901,-0.948226,9.898947,324.151700,358.108200
794.913,16,0.174320,1.635610,-0.331895,-0.073634,0.299376,-0.005793,-0.951272,8.253940,324.923100,358.085200
795.025,16,0.173479,1.642238,-0.338175,-0.044666,0.293833,0.002440,-0.954810,4.810539,325.714900,358.222600
795.136,16,0.173935,1.649745,-0.342430,-0.008426,0.287078,0.012525,-0.957788,0.512713,326.622500,358.347800
795.248,16,0.174915,1.654756,-0.345281,0.012251,0.279855,0.020955,-0.959735,357.980200,327.520700,358.086800
795.359,16,0.174618,1.655346,-0.346270,0.013858,0.278141,0.023204,-0.960160,357.735100,327.731000,357.886500
795.470,16,0.172969,1.655948,-0.346005,0.015722,0.278861,0.023088,-0.959925,357.532000,327.646500,357.960400
795.582,16,0.171194,1.656014,-0.344741,0.017528,0.279210,0.022295,-0.959811,357.357900,327.604200,358.106300
795.692,16,0.169382,1.656760,-0.343140,0.018850,0.278363,0.023488,-0.960004,357.176000,327.708800,358.014600
795.804,16,0.166888,1.658120,-0.340984,0.022872,0.278482,0.024899,-0.959846,356.687900,327.700000,357.987500
795.915,16,0.165267,1.658961,-0.339032,0.026792,0.281554,0.024812,-0.958850,356.253000,327.332700,358.133900
796.026,16,0.164390,1.660640,-0.335406,0.033643,0.284794,0.027254,-0.957610,355.413800,326.951000,358.100800
796.137,16,0.164308,1.662031,-0.332652,0.041467,0.283640,0.030096,-0.957561,354.463100,327.095300,358.035900
796.248,16,0.162675,1.665617,-0.328749,0.060181,0.280824,0.038474,-0.957098,352.136900,327.453800,357.694700
796.359,16,0.158097,1.668134,-0.322268,0.077988,0.276751,0.044410,-0.956742,349.990600,327.946600,357.566600
796.471,16,0.147455,1.669360,-0.307335,0.094862,0.274707,0.044896,-0.955783,348.111900,328.134600,358.026200
796.583,16,0.136811,1.668515,-0.289685,0.104155,0.275438,0.044422,-0.954627,347.095400,327.993600,358.387000
796.693,16,0.126845,1.667000,-0.271117,0.110440,0.273757,0.045742,-0.954342,346.358900,328.177800,358.417400
796.805,16,0.118654,1.665760,-0.254513,0.112658,0.275787,0.046659,-0.953453,346.080200,327.928300,358.415800
796.916,16,0.114048,1.664383,-0.245465,0.107562,0.279126,0.048573,-0.952974,346.577900,327.575000,358.083400
797.028,16,0.112317,1.663205,-0.243852,0.096219,0.283711,0.048293,-0.952847,347.832700,327.072100,357.805300
797.138,16,0.116214,1.663813,-0.254330,0.089843,0.285371,0.045351,-0.953119,348.629900,326.868500,357.944000
797.249,16,0.127291,1.664793,-0.277887,0.079917,0.280641,0.039797,-0.955652,349.916600,327.429000,358.183500
797.360,16,0.139925,1.662796,-0.302995,0.060089,0.273251,0.037203,-0.959343,352.205300,328.354700,357.770500
797.471,16,0.151612,1.661340,-0.326936,0.041263,0.268374,0.036483,-0.961739,354.321300,328.953700,357.233600
797.582,16,0.160412,1.658837,-0.346626,0.028244,0.264220,0.033136,-0.963479,355.874800,329.430200,357.188300
797.692,16,0.166903,1.656580,-0.360736,0.020315,0.259811,0.028362,-0.965029,356.907600,329.932000,357.463800
797.804,16,0.171271,1.655296,-0.369519,0.012998,0.262953,0.027284,-0.964335,357.740900,329.546800,357.373700
797.915,16,0.173828,1.654620,-0.373871,0.009467,0.267077,0.028043,-0.963221,358.096400,329.052000,357.191700
798.025,16,0.175658,1.654121,-0.376105,0.005414,0.270750,0.025845,-0.962287,358.601000,328.603700,357.316300
798.136,16,0.176651,1.653902,-0.376041,0.004411,0.273415,0.025760,-0.961541,358.706800,328.284300,357.298200
798.248,16,0.176715,1.654326,-0.374152,0.005917,0.272993,0.025419,-0.961662,358.552600,328.337200,357.382200
798.359,16,0.176251,1.654656,-0.373023,0.009119,0.273136,0.025036,-0.961606,358.211300,328.325100,357.524700
798.469,16,0.175113,1.655747,-0.371254,0.014929,0.273103,0.025000,-0.961544,357.572000,328.336700,357.709900
798.581,16,0.174762,1.656334,-0.369642,0.017210,0.272598,0.023933,-0.961676,357.354900,328.396500,357.897500
798.692,16,0.174195,1.657118,-0.368145,0.019447,0.272794,0.025904,-0.961527,357.046200,328.379800,357.750100
798.803,16,0.172744,1.657596,-0.366093,0.021426,0.275339,0.025890,-0.960760,356.822600,328.077500,357.821800
798.914,16,0.171511,1.657376,-0.364098,0.020676,0.277042,0.024819,-0.960315,356.935300,327.870900,357.921800
799.026,16,0.169948,1.657043,-0.361544,0.018315,0.277152,0.025303,-0.960318,357.179800,327.857600,357.794000
799.137,16,0.168135,1.657196,-0.359662,0.018759,0.278361,0.025292,-0.959960,357.128500,327.713600,357.812900
799.248,16,0.166219,1.657033,-0.357068,0.017695,0.277865,0.022962,-0.960183,357.320900,327.766400,358.034400
799.359,16,0.165233,1.657113,-0.354998,0.017510,0.278719,0.024442,-0.959902,357.292300,327.667800,357.867900
799.470,16,0.163648,1.656816,-0.352613,0.016025,0.280738,0.022935,-0.959377,357.499600,327.422200,357.991800
799.581,16,0.162795,1.657005,-0.350715,0.016765,0.282206,0.023355,-0.958923,357.401600,327.248300,357.973300
799.691,16,0.162029,1.656821,-0.347575,0.016576,0.280242,0.024103,-0.959484,357.402600,327.484400,357.879500
799.803,16,0.160377,1.655894,-0.343415,0.013015,0.277894,0.022149,-0.960268,357.862000,327.757800,357.975400
799.914,16,0.158196,1.655247,-0.339687,0.010827,0.277929,0.021373,-0.960303,358.127500,327.750100,357.991400
800.025,16,0.153701,1.654849,-0.334988,0.010216,0.279879,0.019687,-0.959779,358.244700,327.513900,358.161200
800.136,16,0.150058,1.654554,-0.330157,0.010759,0.282481,0.018896,-0.959026,358.205700,327.202400,358.270600
800.247,16,0.144206,1.654604,-0.316983,0.015507,0.273329,0.023128,-0.961518,357.566300,328.306300,357.935100
800.359,16,0.136352,1.651016,-0.297032,0.011966,0.260936,0.022624,-0.965017,357.999900,329.776100,357.854100
800.469,16,0.123412,1.643425,-0.265861,0.000522,0.249789,0.019984,-0.968094,359.370000,331.076100,357.797400
800.581,16,0.113875,1.636398,-0.242689,-0.010315,0.247598,0.017236,-0.968655,0.655901,331.310600,357.793400
800.692,16,0.106614,1.632240,-0.226507,-0.019450,0.250018,0.018221,-0.967874,1.635383,330.995500,357.420000
800.803,16,0.100635,1.629677,-0.217698,-0.027348,0.252003,0.016097,-0.967206,2.567091,330.735100,357.422700
800.914,16,0.096398,1.628593,-0.214629,-0.032416,0.254607,0.013635,-0.966405,3.193613,330.412100,357.539700
801.025,16,0.093722,1.628301,-0.217365,-0.038692,0.256504,0.010476,-0.965712,3.977020,330.170200,357.697200
801.136,16,0.092413,1.628881,-0.224039,-0.042343,0.258069,0.007701,-0.965167,4.459947,329.978400,357.889300
801.247,17,0.091143,1.630691,-0.236775,-0.043171,0.259729,0.006438,-0.964695,4.585638,329.782400,357.996600
801.358,17,0.091851,1.634337,-0.250991,-0.036722,0.258421,0.008889,-0.965293,3.801611,329.956400,357.924300
801.470,17,0.098091,1.644644,-0.274510,-0.000288,0.241113,0.019205,-0.970307,359.501400,332.099600,357.856100
801.581,17,0.105738,1.652227,-0.297437,0.025052,0.222171,0.027878,-0.974287,356.491100,334.384500,357.519900
801.692,17,0.110228,1.655726,-0.318254,0.035401,0.211521,0.033631,-0.976153,355.219400,335.669100,357.084700
801.803,17,0.110268,1.656326,-0.334672,0.035088,0.206840,0.034888,-0.977123,355.238800,336.224200,356.913100
801.915,17,0.107249,1.654539,-0.344358,0.026039,0.205724,0.032121,-0.977736,356.322800,336.331700,357.007500
802.026,17,0.101052,1.649128,-0.353398,-0.001835,0.209565,0.025059,-0.977472,359.603700,335.808400,357.147900
802.136,17,0.096789,1.647019,-0.359874,-0.010378,0.214218,0.021719,-0.976489,0.628188,335.238700,357.313800
802.247,17,0.093687,1.646871,-0.368668,-0.010233,0.213821,0.022847,-0.976552,0.585349,335.285100,357.191300
802.358,17,0.092916,1.648220,-0.375076,-0.001681,0.209057,0.025533,-0.977569,359.576700,335.868600,357.098200
802.469,17,0.092657,1.649701,-0.382249,0.011337,0.201774,0.030072,-0.978905,358.032600,336.759900,356.885500
802.581,17,0.093275,1.649402,-0.384885,0.019605,0.192024,0.031919,-0.980675,357.093200,337.922600,356.838700
802.691,17,0.096359,1.647463,-0.384414,0.021959,0.180019,0.033858,-0.982835,356.826800,339.334400,356.632600
802.803,17,0.102882,1.644459,-0.376622,0.020779,0.158803,0.038272,-0.986349,356.953500,341.812900,356.043600
802.914,17,0.111446,1.643294,-0.360609,0.016603,0.140369,0.039826,-0.989159,357.476600,343.940200,355.744800
803.025,17,0.123985,1.639750,-0.328287,0.009740,0.127882,0.050011,-0.990480,358.161300,345.375400,354.454900
803.137,17,0.134114,1.636306,-0.293717,0.007017,0.119061,0.051499,-0.991526,358.499900,346.381100,354.232700
803.247,17,0.148058,1.631605,-0.237625,0.003464,0.117919,0.051704,-0.991670,358.907700,346.493400,354.160200
803.359,17,0.160445,1.631282,-0.187478,0.001920,0.128765,0.050692,-0.990377,359.034100,345.232800,354.264900
803.470,17,0.178199,1.633553,-0.123297,-0.003678,0.149075,0.049545,-0.987577,359.569800,342.853300,354.320800
803.582,17,0.191736,1.637825,-0.072306,-0.008829,0.168794,0.049827,-0.984352,0.032124,340.537800,354.198900
803.693,17,0.197555,1.639918,-0.028170,-0.010821,0.192455,0.048812,-0.980031,0.138738,337.772800,354.270100
803.804,17,0.192793,1.640946,0.011407,-0.015803,0.215632,0.045228,-0.975299,0.648581,335.034800,354.546200
803.915,17,0.180856,1.638744,0.043339,-0.016905,0.236486,0.040442,-0.970646,0.784347,332.580700,355.037000
804.026,17,0.155369,1.633787,0.083716,-0.021407,0.257782,0.036783,-0.965265,1.281402,330.042600,355.292600
804.137,17,0.127209,1.627115,0.115621,-0.020497,0.266897,0.029912,-0.963043,1.347207,328.973400,356.067900
804.248,17,0.080469,1.620995,0.157719,-0.016813,0.274299,0.022552,-0.961233,1.143114,328.116500,356.985500
804.360,17,0.037706,1.624344,0.193015,-0.009849,0.278805,0.014646,-0.960186,0.615775,327.606700,358.073300
804.471,17,-0.016223,1.633691,0.235938,-0.008901,0.295397,0.017335,-0.955176,0.387417,325.623200,357.800700
804.582,17,-0.056750,1.633159,0.265630,-0.009831,0.312643,0.021005,-0.949588,0.317255,323.545400,357.361200
804.693,17,-0.090515,1.634130,0.290752,-0.013308,0.331539,0.020943,-0.943115,0.642582,321.247600,357.229800
804.804,17,-0.120963,1.638054,0.314386,-0.010097,0.361509,0.029116,-0.931859,359.872000,317.597100,356.470400
804.916,17,-0.148614,1.640759,0.334584,-0.003896,0.399423,0.039009,-0.915928,358.623300,312.928800,355.722200
805.027,17,-0.189368,1.644271,0.359814,0.004480,0.473621,0.048678,-0.879371,356.905200,303.513400,355.326000
805.138,17,-0.224514,1.645448,0.381828,0.006974,0.541866,0.057185,-0.838488,355.775300,294.443100,354.918000
805.248,17,-0.269883,1.647390,0.417786,0.009684,0.624576,0.068394,-0.777903,354.232100,282.752500,354.560700
805.360,17,-0.310740,1.654602,0.454921,0.013688,0.685225,0.077802,-0.724035,352.735800,273.500100,354.568000
805.471,17,-0.349675,1.659137,0.488653,0.002894,0.729263,0.077684,-0.679803,353.267200,266.324400,354.139700
805.583,17,-0.385203,1.657635,0.512225,-0.009075,0.767094,0.063511,-0.638319,355.075000,259.764900,354.528300
805.693,17,-0.416226,1.654771,0.525223,-0.023955,0.799231,0.048332,-0.598598,357.215600,253.798300,354.475700
805.804,17,-0.444130,1.653650,0.530313,-0.023492,0.822954,0.039165,-0.566269,357.830500,249.153400,355.234400
805.916,17,-0.466535,1.651645,0.529162,-0.023691,0.840972,0.039804,-0.539093,357.627000,245.421100,355.248600
806.026,17,-0.495535,1.649543,0.521422,-0.023988,0.859237,0.039990,-0.509449,357.462100,241.432400,355.293600
806.137,17,-0.519591,1.646727,0.509182,-0.022871,0.869123,0.040443,-0.492410,357.261700,239.177600,355.430100
806.247,17,-0.553919,1.642757,0.486184,-0.015153,0.878950,0.035936,-0.475316,357.204700,236.892200,356.510100
806.359,17,-0.586022,1.640466,0.462443,-0.007549,0.885619,0.039202,-0.462695,356.419600,235.259100,357.148600
806.470,17,-0.630501,1.643990,0.424267,-0.002242,0.899143,0.040870,-0.435737,355.897400,231.792500,357.721800
806.581,17,-0.664040,1.647381,0.390039,-0.000199,0.918701,0.044309,-0.392461,355.339200,226.345700,357.979200
806.692,17,-0.689289,1.648301,0.362010,-0.001661,0.937269,0.053786,-0.344428,354.279300,220.470400,357.686600
806.803,17,-0.709791,1.655464,0.337147,-0.002451,0.961014,0.073308,-0.266595,351.975700,211.186900,357.464900
806.914,17,-0.724928,1.661545,0.317846,-0.006196,0.980583,0.105451,-0.165222,348.184500,199.413100,357.248000
807.026,17,-0.746170,1.670099,0.299969,-0.021510,0.987630,0.155118,-0.007913,342.178200,181.342400,357.294100
807.137,17,-0.772285,1.676277,0.290914,-0.034258,0.977462,0.181580,0.102098,338.778700,168.418200,358.162300
807.248,17,-0.807857,1.683314,0.277235,-0.057085,0.961395,0.162138,0.214877,340.349000,155.224800,357.560600
807.359,17,-0.823045,1.684221,0.268310,-0.062549,0.937880,0.150345,0.306375,341.316700,144.069800,358.475500
807.469,17,-0.829682,1.683505,0.263637,-0.077095,0.894192,0.135339,0.419715,342.136300,129.940900,358.539000
807.580,17,-0.829829,1.682880,0.260832,-0.085046,0.857416,0.134458,0.489414,341.710500,120.702700,359.141300
807.691,17,-0.825792,1.681057,0.254282,-0.096733,0.834009,0.124218,0.528812,341.970600,115.532200,358.193500
807.802,17,-0.815396,1.679044,0.243756,-0.107292,0.826525,0.119469,0.539512,341.744300,114.201200,357.075700
807.913,17,-0.794907,1.678142,0.230221,-0.111641,0.828611,0.122667,0.534690,341.175300,114.873600,356.739300
808.024,17,-0.759777,1.676069,0.214164,-0.107661,0.831108,0.125937,0.530856,341.116800,115.320500,357.259000
808.136,17,-0.717729,1.671745,0.196946,-0.102749,0.832386,0.126169,0.529771,341.403000,115.420800,357.740200
808.247,17,-0.655053,1.671703,0.173166,-0.102228,0.834882,0.130787,0.524802,340.993000,116.032700,357.974200
808.358,17,-0.602509,1.671150,0.153825,-0.092355,0.838814,0.119580,0.523033,342.709300,116.382100,358.208600
808.468,17,-0.535911,1.667182,0.127291,-0.082960,0.844312,0.084863,0.522545,346.702800,116.846300,356.972500
808.579,17,-0.483987,1.650457,0.100196,-0.054545,0.855001,0.031796,0.514770,353.654300,118.091900,356.508000
808.690,17,-0.411701,1.624595,0.052581,-0.022355,0.857206,-0.021985,0.514019,0.842844,118.076700,356.506600
808.801,17,-0.346096,1.591807,0.002919,-0.007393,0.857779,-0.050729,0.511456,4.557818,118.240500,356.285800
808.912,17,-0.284052,1.551078,-0.045995,0.007035,0.858912,-0.051468,0.509483,5.484731,118.538200,357.676300
809.024,17,-0.232493,1.500201,-0.084626,0.003665,0.853523,-0.063137,0.517202,6.405789,117.380800,356.593300
809.136,17,-0.197218,1.462024,-0.104185,0.006691,0.847096,-0.079014,0.525492,8.099793,116.079400,355.846500
809.247,17,-0.166536,1.423157,-0.115591,0.019494,0.838688,-0.078479,0.538575,8.779760,114.355000,356.993500
809.358,17,-0.150187,1.390893,-0.122107,0.018561,0.835147,-0.082425,0.543499,9.082043,113.619000,356.598200
809.469,17,-0.130606,1.360159,-0.128456,0.025577,0.830988,-0.088801,0.548561,10.116290,112.856800,356.802100
809.580,17,-0.118895,1.337470,-0.133569,0.029319,0.825621,-0.092637,0.555796,10.693600,111.806200,356.817000
809.691,17,-0.112738,1.322572,-0.137317,0.034725,0.820347,-0.105656,0.560948,12.257560,110.883900,356.388000
809.802,17,-0.113476,1.326175,-0.137987,0.038129,0.818981,-0.114887,0.560908,13.353210,110.728200,356.085200
809.913,17,-0.113758,1.334335,-0.136874,0.042670,0.819776,-0.116552,0.559072,13.816000,110.981600,356.436200
810.024,17,-0.114040,1.338104,-0.135269,0.049714,0.821171,-0.123284,0.554985,14.931020,111.465600,356.725300
810.136,17,-0.112150,1.338982,-0.133923,0.048606,0.822573,-0.124615,0.552704,14.995270,111.752500,356.570400
810.247,17,-0.109079,1.329620,-0.134152,0.054815,0.820843,-0.131104,0.553194,16.014340,111.583100,356.715900
810.358,17,-0.105440,1.318172,-0.136968,0.057237,0.821363,-0.136813,0.550789,16.726170,111.811100,356.606700
810.469,17,-0.100730,1.306733,-0.141249,0.057520,0.821651,-0.141679,0.549098,17.216870,111.936400,356.334400
810.580,17,-0.095363,1.296974,-0.144686,0.056616,0.820949,-0.145041,0.549364,17.478510,111.806700,356.008100
810.691,17,-0.087786,1.287612,-0.148343,0.060446,0.818978,-0.150157,0.550522,18.210230,111.539700,355.996500
810.802,17,-0.081024,1.281125,-0.151868,0.062782,0.817423,-0.151470,0.552210,18.479660,111.282000,356.091600
810.913,17,-0.074587,1.275140,-0.155699,0.065319,0.816550,-0.153035,0.552775,18.792070,111.180100,356.213700
811.025,17,-0.067691,1.270428,-0.160722,0.065923,0.816135,-0.153316,0.553237,18.856310,111.110900,356.241400
811.136,17,-0.062089,1.266468,-0.164896,0.065850,0.815265,-0.153668,0.554431,18.879510,110.928500,356.180800
811.247,17,-0.056486,1.259763,-0.169695,0.065724,0.813803,-0.157468,0.555526,19.227420,110.663100,355.871200
811.358,17,-0.052044,1.254778,-0.172673,0.067058,0.813652,-0.159068,0.555131,19.469420,110.686400,355.895500
811.469,17,-0.047926,1.250570,-0.175601,0.069788,0.813173,-0.161850,0.554694,19.916230,110.693800,355.971300
811.580,17,-0.046056,1.248368,-0.177298,0.069282,0.813192,-0.162773,0.554458,19.971930,110.696500,355.861800
811.691,17,-0.044555,1.245841,-0.178580,0.070221,0.813358,-0.163837,0.553783,20.138490,110.771700,355.893600
811.802,17,-0.042926,1.244057,-0.179425,0.070220,0.813272,-0.165530,0.553406,20.301630,110.776200,355.781300
811.913,17,-0.040867,1.242904,-0.180216,0.070963,0.812302,-0.167580,0.554119,20.542000,110.617600,355.686500
812.024,17,-0.038987,1.241796,-0.181406,0.071097,0.811557,-0.169381,0.554644,20.719400,110.487100,355.554800
812.136,17,-0.037334,1.240348,-0.182910,0.071338,0.811288,-0.171078,0.554486,20.897610,110.459700,355.458700
812.247,17,-0.034192,1.237497,-0.184648,0.072062,0.810253,-0.172831,0.555362,21.107260,110.283400,355.377100
812.358,17,-0.030742,1.233110,-0.186649,0.072843,0.809508,-0.173926,0.556004,21.259360,110.161900,355.354800
812.468,17,-0.024901,1.216562,-0.189385,0.072724,0.807530,-0.177509,0.557761,21.580760,109.786600,355.030000
812.580,17,-0.019581,1.201591,-0.190866,0.073226,0.806564,-0.181592,0.557778,22.000760,109.651900,354.774000
812.690,17,-0.015180,1.188833,-0.190529,0.076916,0.803701,-0.187295,0.559526,22.776130,109.231500,354.650700
812.802,17,-0.016376,1.202394,-0.187828,0.071731,0.802663,-0.185519,0.562289,22.239900,108.835000,354.203700
812.913,17,-0.022443,1.238311,-0.183492,0.061137,0.803891,-0.171026,0.566368,20.134480,108.631500,354.166200
813.024,17,-0.032584,1.288539,-0.178083,0.048488,0.807585,-0.148295,0.568739,17.138100,108.871700,354.573800
813.135,17,-0.040720,1.337010,-0.173049,0.035423,0.810488,-0.127318,0.570653,14.288640,109.049700,354.796400
813.247,17,-0.050390,1.393102,-0.166262,0.024979,0.810266,-0.113879,0.574348,12.312160,108.766400,354.694800
813.358,17,-0.058129,1.428772,-0.160562,0.022514,0.807570,-0.110745,0.578843,11.825600,108.178300,354.615600
813.469,17,-0.070659,1.471293,-0.153118,0.015948,0.804806,-0.109036,0.583219,11.192640,107.558000,354.060300
813.580,17,-0.085709,1.508830,-0.145827,0.009468,0.803405,-0.103401,0.586310,10.209500,107.204400,353.814800
813.691,17,-0.106423,1.549457,-0.136403,0.000593,0.801923,-0.091756,0.590339,8.503119,106.818500,353.766800
813.803,17,-0.129027,1.588458,-0.125645,-0.009899,0.799979,-0.073901,0.595378,6.110780,106.363400,354.005700
813.913,17,-0.151441,1.620483,-0.114822,-0.021415,0.798339,-0.052050,0.599573,3.292090,106.025300,354.446900
814.025,17,-0.171651,1.647014,-0.105794,-0.037032,0.798078,-0.029479,0.600693,0.146851,106.057300,354.576100
814.137,17,-0.184577,1.669542,-0.099238,-0.048407,0.796615,-0.006109,0.602515,357.214300,105.914500,355.147900
814.248,17,-0.192884,1.697294,-0.092209,-0.055333,0.797517,0.007105,0.600712,355.537200,106.202600,355.413500
814.359,17,-0.195922,1.720622,-0.086908,-0.055789,0.796792,0.014311,0.601503,354.841000,106.087300,355.872300
814.470,17,-0.197321,1.730910,-0.081541,-0.059885,0.793452,0.029713,0.604951,353.130600,105.558900,356.588400
814.581,17,-0.184631,1.711602,-0.084024,-0.052553,0.790407,0.018783,0.610035,354.617100,104.841000,356.535700
814.692,17,-0.156124,1.678908,-0.090150,-0.038678,0.792985,-0.008041,0.607959,358.035600,105.117200,355.919300
814.803,17,-0.126811,1.631006,-0.091575,-0.027483,0.800091,-0.011277,0.599143,359.146900,106.369600,356.703900
814.914,17,-0.108188,1.568602,-0.086493,-0.012791,0.805089,-0.014377,0.592842,0.457421,107.257900,357.842600
815.025,17,-0.088502,1.474956,-0.078813,0.007013,0.805153,-0.022574,0.592597,2.559894,107.273600,359.113200
815.136,17,-0.081947,1.397135,-0.072333,0.015131,0.805217,-0.040840,0.591379,4.799321,107.352600,358.623600
815.247,17,-0.080973,1.299179,-0.064621,0.023949,0.800573,-0.055202,0.596207,6.715785,106.554900,358.414500
815.358,17,-0.083263,1.230545,-0.058862,0.026597,0.796852,-0.064464,0.600136,7.739020,105.893900,357.976600
815.469,17,-0.085388,1.154220,-0.051221,0.024840,0.796442,-0.061100,0.601107,7.307149,105.788300,358.042100
815.580,17,-0.082505,1.091074,-0.042593,0.023675,0.800685,-0.059977,0.595605,7.137288,106.590300,358.063300
815.691,17,-0.075600,1.029860,-0.033702,0.031328,0.799278,-0.060003,0.597137,7.662230,106.390000,358.752300
815.802,17,-0.071226,0.980841,-0.025312,0.030119,0.798121,-0.063014,0.598436,7.853133,106.165800,358.418400
815.913,17,-0.071007,0.934372,-0.015347,0.034282,0.798971,-0.065092,0.596852,8.333588,106.381900,358.672700
816.024,17,-0.074286,0.892130,-0.005117,0.044615,0.795882,-0.066875,0.600092,9.206594,105.924500,359.463300
816.135,17,-0.078472,0.867844,-0.000605,0.041819,0.795619,-0.071516,0.600106,9.438574,105.855700,358.879500
816.246,17,-0.088212,0.865271,0.003025,0.049450,0.793436,-0.086082,0.600503,11.302610,105.616300,358.544200
816.357,17,-0.101280,0.907355,0.012030,0.043787,0.796356,-0.075723,0.598470,9.963223,106.043500,358.784300
816.468,17,-0.126697,0.997572,0.033649,0.031310,0.802975,-0.052913,0.592833,7.013265,107.079300,359.281000
816.580,17,-0.151483,1.078792,0.060657,0.025663,0.803869,-0.041432,0.592806,5.568681,107.164800,359.547400
816.691,17,-0.194455,1.194434,0.100616,0.013705,0.807277,-0.020771,0.589647,2.848620,107.706700,359.864200
816.802,17,-0.240071,1.298461,0.137321,-0.006097,0.814475,0.002423,0.580162,359.368500,109.076600,359.592000
816.913,17,-0.288827,1.394559,0.175426,-0.023946,0.821263,0.018388,0.569751,356.704300,110.528400,358.945200
817.024,17,-0.339578,1.469383,0.208245,-0.037299,0.829633,0.032933,0.556087,354.483800,112.403700,358.545700
817.136,17,-0.375354,1.504240,0.230284,-0.042723,0.834972,0.037120,0.547375,353.756200,113.602000,358.229800
817.247,17,-0.398215,1.519317,0.243171,-0.038591,0.837856,0.028339,0.543788,354.867600,114.118300,358.052500
817.357,17,-0.398486,1.515247,0.245332,-0.031953,0.835590,0.016299,0.548181,356.429900,113.530600,357.959900
817.468,17,-0.384303,1.503148,0.242960,-0.018853,0.833848,0.000024,0.551672,358.805800,113.041700,358.199500
817.580,17,-0.370498,1.495616,0.230904,-0.012068,0.834313,-0.009593,0.551076,0.155052,113.107000,358.240200
817.690,17,-0.358622,1.491587,0.194458,-0.019891,0.838645,-0.022896,0.543833,0.960743,114.047900,356.659200
817.801,17,-0.353122,1.491726,0.153647,-0.033024,0.843358,-0.034398,0.535232,1.298868,115.137700,354.689800
817.912,17,-0.350630,1.492038,0.119829,-0.032606,0.847512,-0.038996,0.528337,1.813406,116.033600,354.461100
818.024,17,-0.352724,1.494773,0.097634,-0.037243,0.852299,-0.041729,0.520057,1.856402,117.118900,353.860900
818.135,17,-0.360379,1.502535,0.092977,-0.035545,0.855656,-0.040714,0.514716,1.895845,117.844700,354.099800
818.246,17,-0.382693,1.522117,0.103945,-0.030913,0.862731,-0.040792,0.503066,2.251265,119.399800,354.580100
818.357,17,-0.412539,1.542908,0.126564,-0.026189,0.869645,-0.049363,0.490504,3.449294,120.988800,354.597700
818.467,17,-0.455497,1.568407,0.162508,-0.013937,0.877278,-0.079790,0.473100,7.285187,122.957200,354.216900
818.579,17,-0.486671,1.579822,0.189738,-0.002836,0.880020,-0.102274,0.463785,10.216970,123.899000,354.176300
818.689,17,-0.520516,1.588331,0.221120,0.003008,0.881114,-0.114084,0.458927,11.759390,124.374000,354.172000
818.800,17,-0.539742,1.590928,0.240170,0.012007,0.881187,-0.136917,0.452349,14.605430,124.872000,353.907400
818.911,17,-0.555116,1.594594,0.259145,0.013387,0.882111,-0.144130,0.448249,15.442950,125.271200,353.710600
819.022,17,-0.563652,1.597062,0.273303,0.012877,0.883726,-0.146561,0.444278,15.692910,125.735400,353.590700
819.133,17,-0.569079,1.598671,0.287154,0.011802,0.885032,-0.138950,0.444153,14.858590,125.905600,353.910100
819.244,17,-0.574319,1.600111,0.300380,0.010159,0.886311,-0.131695,0.443853,14.032000,126.077100,354.149100
819.355,17,-0.579375,1.600187,0.310532,0.010145,0.888769,-0.128611,0.439825,13.741130,126.663700,354.381700
819.467,17,-0.586459,1.600178,0.320054,0.009229,0.895585,-0.124698,0.426957,13.369890,128.400200,354.695100
819.578,17,-0.591718,1.600649,0.325817,0.006026,0.902193,-0.119303,0.414462,12.724560,130.074800,354.822800
819.688,17,-0.597518,1.600527,0.332490,0.004743,0.907408,-0.114963,0.404193,12.267150,131.447800,355.049300
819.800,17,-0.601911,1.600602,0.337399,0.002875,0.910689,-0.109346,0.398348,11.621780,132.261300,355.204900
819.911,17,-0.607118,1.600468,0.343646,0.000273,0.914121,-0.101153,0.392620,10.669720,133.082000,355.393100
820.022,17,-0.610212,1.601963,0.349284,-0.004008,0.915514,-0.085689,0.393035,8.844173,133.196400,355.664600
820.133,17,-0.613569,1.602740,0.353995,-0.004758,0.915994,-0.076325,0.393837,7.820987,133.196400,356.015800
820.245,17,-0.616527,1.601864,0.357882,-0.000728,0.916060,-0.076149,0.393746,7.986589,133.233600,356.451000
820.355,17,-0.617860,1.601994,0.360286,-0.003319,0.915473,-0.072506,0.395779,7.476898,133.000300,356.329700
820.467,17,-0.616283,1.602153,0.362016,-0.005363,0.915663,-0.073269,0.395175,7.466167,133.056900,356.083100
820.578,17,-0.613209,1.601614,0.362943,-0.003320,0.914978,-0.074210,0.396606,7.652731,132.879100,356.243100
820.689,17,-0.606393,1.599906,0.361753,-0.002287,0.915192,-0.084551,0.394043,8.798382,133.094300,355.890500
820.800,17,-0.600278,1.595148,0.354185,0.003131,0.921404,-0.105004,0.374138,11.294140,135.379400,355.742400
820.911,17,-0.596798,1.589566,0.336845,-0.000821,0.936814,-0.123555,0.327280,13.353580,140.916700,355.141100
821.022,17,-0.598077,1.582419,0.308832,-0.004243,0.956815,-0.147256,0.250605,16.240370,149.947200,355.105000
821.133,17,-0.598664,1.573666,0.276403,-0.007370,0.969183,-0.167754,0.180244,18.814930,158.178600,355.470100
821.244,17,-0.597283,1.561227,0.243860,-0.008381,0.973718,-0.186485,0.130484,21.160380,163.988300,356.004000
821.355,17,-0.592513,1.549174,0.216706,-0.008057,0.973790,-0.199590,0.108780,22.765750,166.511800,356.324300
821.467,17,-0.583453,1.532912,0.184668,-0.003368,0.971438,-0.218875,0.091603,25.127230,168.568000,357.046900
821.578,17,-0.574326,1.522505,0.161919,-0.001073,0.969445,-0.229973,0.085368,26.468660,169.312500,357.352800
821.689,17,-0.559389,1.511934,0.135561,0.003275,0.966637,-0.240130,0.089109,27.698560,168.884200,357.639600
821.800,17,-0.544231,1.503765,0.115740,0.008434,0.963463,-0.249604,0.096775,28.855340,167.988500,357.902200
821.911,17,-0.527546,1.497235,0.100101,0.014957,0.960272,-0.257257,0.107109,29.820050,166.807100,358.257400
822.022,17,-0.507117,1.493427,0.091098,0.025485,0.953652,-0.264447,0.141300,30.769300,162.664400,358.257700
822.133,17,-0.481875,1.490826,0.091638,0.035695,0.938098,-0.270482,0.213397,31.514320,153.449100,356.740700
822.244,17,-0.458795,1.489341,0.099663,0.044421,0.917205,-0.277302,0.282607,32.262040,144.272600,354.894800
822.355,17,-0.442903,1.490235,0.109413,0.052384,0.903465,-0.274171,0.325328,31.971090,138.769200,354.335200
822.467,17,-0.428150,1.495251,0.122565,0.059823,0.896430,-0.255589,0.357084,30.063470,135.220400,355.010000
822.578,17,-0.419993,1.497514,0.130883,0.065609,0.893359,-0.249084,0.368188,29.561440,134.051000,355.635500
822.688,17,-0.407277,1.496334,0.131059,0.070795,0.893284,-0.242257,0.371944,29.043470,133.875400,356.476300
822.800,17,-0.393245,1.490982,0.123362,0.073660,0.890402,-0.241573,0.378684,29.076750,133.039200,356.603000
822.911,17,-0.370443,1.482962,0.104914,0.078410,0.886614,-0.243388,0.385395,29.473460,132.171300,356.802300
823.022,17,-0.347096,1.476805,0.083087,0.083619,0.884051,-0.242398,0.390776,29.599650,131.581700,357.257700
823.133,17,-0.322613,1.473705,0.058238,0.085160,0.879404,-0.241945,0.401073,29.593610,130.195600,357.080100
823.245,17,-0.299366,1.472692,0.031919,0.085042,0.875382,-0.238273,0.411947,29.158370,128.787600,356.887000
823.356,17,-0.281003,1.472404,0.010178,0.084909,0.871755,-0.234475,0.421728,28.713190,127.535300,356.749500
823.467,17,-0.261002,1.470750,-0.015125,0.085091,0.866469,-0.233072,0.433208,28.530260,125.968500,356.444800
823.578,17,-0.248171,1.467635,-0.032990,0.085109,0.863203,-0.230469,0.441045,28.226370,124.948900,356.332300
823.689,17,-0.233831,1.462536,-0.053304,0.082916,0.859515,-0.231971,0.447827,28.231110,123.890700,355.754100
823.800,17,-0.221932,1.462711,-0.066679,0.079563,0.854039,-0.232324,0.458599,28.021420,122.278100,354.983800
823.911,17,-0.212057,1.473018,-0.075171,0.071219,0.848548,-0.219943,0.475940,26.171310,120.108600,354.341300
824.023,17,-0.206710,1.496183,-0.080570,0.053405,0.850765,-0.188329,0.487728,21.872420,119.240000,354.258700
824.134,17,-0.205275,1.523524,-0.084075,0.034506,0.854713,-0.151279,0.495368,17.024850,118.992200,354.545300
824.246,17,-0.207510,1.545684,-0.084806,0.020740,0.855569,-0.128521,0.501052,13.927960,118.616100,354.483700
824.357,17,-0.211042,1.560214,-0.083889,0.012772,0.853986,-0.115465,0.507161,12.132120,117.995100,354.405900
824.468,17,-0.217143,1.573429,-0.081197,0.004220,0.851185,-0.102982,0.514647,10.349790,117.161200,354.235000
824.579,17,-0.225735,1.583153,-0.076769,-0.001675,0.849832,-0.091597,0.519031,8.855674,116.730500,354.312000
824.690,17,-0.239984,1.596518,-0.070716,-0.007990,0.850173,-0.076813,0.520808,7.024055,116.685200,354.588800
824.801,17,-0.256813,1.605385,-0.062120,-0.013100,0.850986,-0.063646,0.521153,5.432277,116.790000,354.892000
824.912,17,-0.277402,1.614027,-0.049044,-0.019817,0.853107,-0.047212,0.519218,3.438320,117.205900,355.239700
825.024,17,-0.298844,1.622766,-0.031572,-0.023759,0.854739,-0.035097,0.517325,2.029600,117.553500,355.585200
825.135,17,-0.318641,1.629393,-0.012204,-0.026159,0.854628,-0.025878,0.517935,0.981751,117.530100,355.898200
825.246,17,-0.344644,1.636957,0.017499,-0.029386,0.853450,-0.016733,0.520076,359.885100,117.289200,356.125900
825.357,17,-0.364701,1.642521,0.044809,-0.033267,0.850174,-0.008942,0.525374,358.868300,116.608600,356.217100
825.468,17,-0.389477,1.649531,0.085268,-0.038075,0.842123,0.002843,0.537932,357.377700,114.941000,356.495100
825.579,17,-0.406564,1.654690,0.122472,-0.039406,0.826787,0.010671,0.561032,356.453400,111.775300,356.945300
825.690,17,-0.422405,1.657432,0.179524,-0.038446,0.778424,0.006787,0.626524,356.632400,102.428200,357.051500
825.801,17,-0.433907,1.657879,0.232804,-0.038249,0.711765,0.000682,0.701376,356.868700,90.926410,356.929000
825.902,17,-0.445767,1.657247,0.274874,-0.037560,0.655029,-0.006673,0.754640,357.251900,81.997700,356.597700
826.010,17,-0.462953,1.657005,0.315159,-0.033392,0.610962,-0.010956,0.790880,357.740200,75.438590,356.664800
826.122,17,-0.482721,1.657484,0.349225,-0.030747,0.585039,-0.011845,0.810336,357.938500,71.713290,356.835200
826.232,17,-0.504018,1.657556,0.380380,-0.027181,0.563249,-0.011038,0.825767,358.140100,68.640630,357.198500
826.344,17,-0.524616,1.656946,0.408504,-0.024890,0.539222,-0.006297,0.841772,357.987900,65.323310,357.852800
826.455,17,-0.539935,1.654867,0.426491,-0.017732,0.526126,-0.005931,0.850201,358.629800,63.520210,358.352400
826.567,17,-0.554818,1.654531,0.436458,-0.015246,0.537534,-0.008938,0.843057,359.077600,65.057800,358.196900
826.678,17,-0.561743,1.655088,0.428480,-0.020321,0.603388,-0.011410,0.797107,358.932700,74.272250,357.551500
826.788,17,-0.571436,1.656061,0.401988,-0.029923,0.736352,-0.002021,0.675934,357.852300,94.949650,357.315700
826.898,17,-0.582216,1.657438,0.379552,-0.038990,0.824773,0.012382,0.563982,356.307300,111.364400,357.108000
827.009,17,-0.590903,1.657316,0.361476,-0.041787,0.879512,0.021418,0.473554,355.569400,123.519800,356.940200
827.120,17,-0.591279,1.653237,0.352128,-0.036072,0.895901,0.007720,0.442721,357.376500,127.482300,356.683100
827.231,17,-0.585875,1.647791,0.344228,-0.029590,0.902658,-0.015366,0.429065,0.134552,129.148800,356.180900
827.343,17,-0.579793,1.643815,0.337834,-0.022131,0.908165,-0.029597,0.416979,2.023091,130.610400,356.277700
827.453,17,-0.573403,1.641643,0.334725,-0.021984,0.909766,-0.039774,0.412627,3.108531,131.092900,355.817600
827.564,17,-0.566129,1.640534,0.333044,-0.022071,0.911871,-0.041543,0.407773,3.311417,131.690100,355.741500
827.675,17,-0.557486,1.640754,0.331152,-0.021542,0.911245,-0.036574,0.409671,2.808970,131.487800,356.025600
827.786,17,-0.541179,1.641808,0.324353,-0.022256,0.911257,-0.025781,0.410428,1.645563,131.455700,356.459800
827.898,17,-0.520854,1.641297,0.313091,-0.023016,0.911852,-0.021305,0.409320,1.146741,131.616300,356.593000
828.009,17,-0.484137,1.638772,0.290328,-0.021106,0.907658,-0.018977,0.418751,0.961123,130.441100,356.892200
828.120,17,-0.443429,1.633194,0.262420,-0.021590,0.900788,-0.021011,0.433213,1.097056,128.600300,356.726000
828.231,17,-0.395438,1.630636,0.226949,-0.022683,0.897277,-0.022876,0.440291,1.207819,127.689200,356.510700
828.342,17,-0.344517,1.629801,0.187702,-0.021802,0.895617,-0.023361,0.443677,1.289235,127.255000,356.571800
828.453,17,-0.295209,1.631192,0.148164,-0.019410,0.894299,-0.027183,0.446221,1.793509,126.912200,356.617300
828.564,17,-0.250671,1.631640,0.113336,-0.018068,0.890023,-0.030326,0.454547,2.152287,125.827600,356.573200
828.676,17,-0.214648,1.630221,0.086594,-0.018991,0.887323,-0.034756,0.459445,2.534935,125.167400,356.232700
828.787,17,-0.173608,1.628628,0.059336,-0.010753,0.884952,-0.036877,0.464096,3.169380,124.567600,356.942300
828.898,17,-0.144863,1.626102,0.041118,-0.013073,0.886043,-0.038110,0.461849,3.179177,124.845600,356.648700
829.010,17,-0.107163,1.619876,0.020516,-0.005775,0.893203,-0.041306,0.447716,3.934572,126.662200,357.282300
829.121,17,-0.072972,1.615429,0.001683,-0.001764,0.900574,-0.039471,0.432904,3.989106,128.578300,357.854200
829.232,17,-0.033192,1.613839,-0.020117,-0.002400,0.910822,-0.034644,0.411337,3.504941,131.333300,358.112700
829.344,17,0.014246,1.616866,-0.044718,-0.006410,0.921331,-0.028399,0.387687,2.714464,134.312300,358.059100
829.455,17,0.057250,1.624648,-0.069111,-0.010278,0.933641,-0.021542,0.357413,1.884168,138.072100,358.016700
829.566,17,0.100662,1.640010,-0.098967,-0.013792,0.954401,0.000331,0.298208,359.492500,145.303200,358.502700
829.677,17,0.118621,1.653296,-0.117474,-0.014443,0.974900,0.039364,0.218658,355.235000,154.743100,359.370600
829.789,17,0.119237,1.672056,-0.131391,-0.010164,0.991860,0.107936,0.066788,347.556700,172.332300,359.662900
829.901,17,0.103033,1.687210,-0.130246,0.005216,0.980453,0.169645,-0.099524,340.506700,191.838000,358.569100
830.013,17,0.082313,1.697302,-0.117501,0.027677,0.945588,0.220649,-0.237511,334.504900,208.953700,356.667400
830.124,17,0.062474,1.703638,-0.100698,0.046642,0.907839,0.254432,-0.330025,330.478300,221.402800,354.510000
830.235,17,0.044097,1.709969,-0.085620,0.057615,0.877218,0.267346,-0.394583,329.035400,230.479800,352.636500
830.347,17,0.021695,1.709149,-0.067063,0.072960,0.838717,0.264302,-0.470505,329.202500,240.916300,351.543200
830.457,17,0.006728,1.710248,-0.051661,0.073566,0.804196,0.263575,-0.527622,329.896700,249.407000,349.354600
830.568,17,-0.001630,1.710817,-0.032915,0.077713,0.763874,0.244843,-0.592038,332.220100,258.321800,348.843600
830.680,17,0.002410,1.708172,-0.016489,0.085286,0.733268,0.233741,-0.632779,333.209900,264.219200,348.973200
830.790,17,0.018463,1.698267,0.002169,0.088216,0.702794,0.222260,-0.670000,334.493400,269.784100,348.895200
830.902,17,0.037620,1.690257,0.014043,0.081481,0.685440,0.207353,-0.693209,336.595400,272.939800,348.957500
831.012,17,0.050383,1.678460,0.017638,0.055072,0.683440,0.170927,-0.707574,341.846000,273.605300,349.901600
831.122,17,0.051621,1.665418,0.018652,0.017031,0.712282,0.097022,-0.694947,350.683700,269.113300,353.565600
831.231,17,0.046446,1.652965,0.024536,-0.028912,0.754953,0.042713,-0.653748,358.470600,261.857900,354.287500
831.342,17,0.032091,1.642294,0.033476,-0.058175,0.797747,-0.003364,-0.600170,4.312546,253.718100,354.892100
831.452,17,0.005416,1.635711,0.041546,-0.066230,0.849178,-0.021352,-0.523502,6.062096,243.030600,354.800000
831.563,17,-0.035631,1.632935,0.049737,-0.048403,0.908333,-0.008596,-0.415349,3.200200,229.016300,355.358800
831.675,17,-0.072122,1.637736,0.059244,-0.021144,0.960974,0.041791,-0.272645,356.055500,211.804700,356.354900
831.787,17,-0.107673,1.656778,0.085411,-0.019415,0.987646,0.135119,-0.076950,344.697700,189.382500,356.484500
831.900,17,-0.129817,1.671264,0.118531,-0.034484,0.985030,0.167274,0.023370,340.661300,177.904500,356.347100
832.012,17,-0.154692,1.678949,0.164313,-0.045928,0.978079,0.175777,0.101754,339.317200,168.726000,356.686800
832.123,17,-0.171083,1.678669,0.202794,-0.063673,0.969821,0.166089,0.166758,339.916500,161.223800,355.841300
832.233,17,-0.190756,1.679554,0.239797,-0.078007,0.961372,0.159629,0.210231,340.139900,156.215200,354.945200
832.345,17,-0.213850,1.677850,0.274379,-0.087533,0.953435,0.165297,0.236596,339.107300,153.132200,354.552200
832.456,17,-0.236631,1.672614,0.303198,-0.087364,0.951931,0.172264,0.237739,338.314800,152.954100,354.787400
832.567,17,-0.268887,1.667100,0.338011,-0.074428,0.952700,0.171910,0.239311,338.704300,152.487900,356.336400
832.678,17,-0.294024,1.671852,0.356710,-0.083575,0.947721,0.180923,0.249212,337.382000,151.382400,355.760700
832.789,17,-0.322819,1.679801,0.363794,-0.090573,0.940590,0.189666,0.266674,336.102500,149.261400,355.657600
832.900,17,-0.338003,1.682020,0.355225,-0.103459,0.935362,0.197172,0.274805,334.804000,148.462900,354.598700
833.011,17,-0.344866,1.682063,0.326157,-0.106002,0.929598,0.202122,0.289411,334.078400,146.590700,354.891400
833.122,17,-0.342186,1.680430,0.280891,-0.107004,0.926788,0.200933,0.298731,334.127200,145.416000,355.008200
833.233,17,-0.333490,1.681835,0.222558,-0.109208,0.919803,0.203227,0.317388,333.693000,143.000400,355.399900
833.345,17,-0.324659,1.686621,0.161238,-0.112605,0.907152,0.213047,0.344973,332.340100,139.271900,356.290200
833.455,17,-0.318539,1.697810,0.113496,-0.123100,0.890466,0.221853,0.377755,330.783700,134.908500,356.609200
833.567,17,-0.304593,1.717716,0.064548,-0.124623,0.880640,0.224096,0.398402,330.396400,132.029200,357.301400
833.678,17,-0.288968,1.743632,0.038984,-0.124994,0.877267,0.216779,0.409616,331.135100,130.644900,357.269900
833.788,17,-0.267130,1.780202,0.021699,-0.120428,0.880092,0.215247,0.405715,331.536900,131.118500,357.567200
833.900,17,-0.250994,1.794725,0.014918,-0.121133,0.879403,0.214921,0.407168,331.533400,130.940300,357.520400
834.011,17,-0.231135,1.793283,0.008171,-0.116279,0.879573,0.208521,0.411522,332.450100,130.375400,357.871400
834.122,17,-0.214441,1.777449,0.002551,-0.099335,0.888540,0.180899,0.409762,336.241700,130.857600,358.229600
834.233,17,-0.194255,1.746726,0.003893,-0.082495,0.905936,0.142415,0.390120,341.191700,133.788700,357.677900
834.344,17,-0.170432,1.702419,0.008433,-0.055108,0.928667,0.092366,0.354977,347.837900,138.391700,357.843900
834.453,17,-0.151760,1.654802,0.015712,-0.042445,0.936833,0.057424,0.342412,352.145400,140.005000,357.674100
834.564,17,-0.139525,1.618785,0.017591,-0.039784,0.934581,0.031082,0.352149,355.059800,138.837500,356.981000
834.675,17,-0.135858,1.591920,0.015758,-0.038609,0.932100,0.004918,0.360103,357.881000,137.826000,356.073300
834.785,17,-0.138933,1.556574,0.011387,-0.022717,0.933129,-0.015815,0.358475,0.757978,137.949700,356.919500
834.896,17,-0.143229,1.523255,0.004131,-0.015262,0.929963,-0.021546,0.366705,1.654948,136.922500,357.466300
835.008,17,-0.153164,1.471912,-0.000996,-0.002851,0.925379,-0.033400,0.377558,3.420478,135.556400,358.249200
835.120,17,-0.161092,1.437429,-0.000981,0.004797,0.921041,-0.036904,0.387684,4.111558,134.304900,358.863800
835.230,17,-0.174763,1.403158,0.000458,0.012909,0.913046,-0.043259,0.405352,5.132576,132.092200,359.338600
835.342,17,-0.191831,1.385748,0.002530,0.011599,0.911002,-0.044542,0.409825,5.201773,131.517500,359.115400
835.453,17,-0.213755,1.392529,0.008274,0.012307,0.911019,-0.059001,0.407935,6.750375,131.668800,358.516300
835.564,17,-0.240659,1.430214,0.019463,0.007097,0.915142,-0.072563,0.396484,7.957486,132.971500,357.421800
835.675,17,-0.269740,1.473084,0.035726,0.005233,0.922949,-0.083945,0.375622,9.142156,135.461400,356.899400
835.786,17,-0.310602,1.524166,0.068303,0.002950,0.930911,-0.103083,0.350385,11.185650,138.366300,356.098800
835.897,17,-0.341650,1.553234,0.102543,0.004976,0.934858,-0.120600,0.333875,13.227030,140.206000,355.804000
836.007,17,-0.377905,1.581138,0.154304,0.005036,0.938408,-0.131269,0.319584,14.453050,141.827000,355.590500
836.119,17,-0.403489,1.594942,0.197459,0.004953,0.940481,-0.135233,0.311742,14.919110,142.739200,355.548500
836.229,17,-0.433305,1.606238,0.251135,0.002417,0.940079,-0.136363,0.312491,14.945100,142.596800,355.209900
836.340,17,-0.454803,1.615786,0.291696,-0.004251,0.941677,-0.124755,0.312510,13.432620,142.683900,354.928500
836.451,17,-0.471377,1.624419,0.324460,-0.008071,0.943284,-0.113352,0.311932,12.052700,142.870700,354.958300
836.562,17,-0.482155,1.629065,0.349209,-0.013033,0.943936,-0.107580,0.311837,11.242940,142.908800,354.635300
836.673,17,-0.488288,1.630053,0.367063,-0.009272,0.943129,-0.103139,0.315888,10.876310,142.505000,355.172100
836.785,17,-0.493765,1.631615,0.378644,-0.007085,0.941336,-0.097412,0.323027,10.300880,141.718900,355.553900
836.896,17,-0.498749,1.632872,0.383956,-0.007147,0.939882,-0.093266,0.328438,9.824080,141.102600,355.652200
837.007,17,-0.505097,1.634687,0.386449,-0.009031,0.938616,-0.086817,0.333739,9.029823,140.509200,355.650500
837.118,17,-0.511669,1.635576,0.387051,-0.009230,0.938976,-0.086555,0.332786,8.998163,140.627400,355.648500
837.229,17,-0.521625,1.636326,0.389523,-0.010750,0.938921,-0.087720,0.332593,9.066041,140.626900,355.438400
837.341,17,-0.531333,1.637354,0.393686,-0.009717,0.939079,-0.084690,0.332964,8.777024,140.622000,355.668200
837.451,17,-0.541856,1.637181,0.397628,-0.009283,0.939816,-0.084342,0.330978,8.765315,140.872200,355.747900
837.563,17,-0.551327,1.637308,0.400444,-0.011145,0.941469,-0.083246,0.326469,8.596209,141.421800,355.630100
837.674,17,-0.558193,1.636846,0.403606,-0.011781,0.941602,-0.085128,0.325576,8.780046,141.506500,355.495500
837.785,17,-0.564010,1.635569,0.409498,-0.009204,0.938453,-0.089785,0.333408,9.345092,140.515700,355.515900
837.896,17,-0.566670,1.632723,0.414827,-0.004168,0.934571,-0.101399,0.340996,10.759420,139.485800,355.508000
838.007,18,-0.569622,1.630255,0.421636,0.001045,0.931036,-0.109655,0.348060,11.824430,138.552700,355.641300
838.118,18,-0.572173,1.630206,0.425763,0.000931,0.930704,-0.108697,0.349248,11.711280,138.416800,355.654600
838.229,18,-0.575885,1.630273,0.430090,0.002028,0.931721,-0.106831,0.347101,11.565100,138.718100,355.880200
838.340,18,-0.579408,1.629951,0.432758,0.002794,0.932228,-0.106218,0.345921,11.535320,138.879500,356.004100
838.451,18,-0.582149,1.628091,0.433797,0.003643,0.931920,-0.111698,0.345015,12.163420,138.929500,355.877000
838.562,18,-0.584878,1.624423,0.432848,0.005693,0.932545,-0.126750,0.338026,13.901210,139.610200,355.564500
838.673,18,-0.589351,1.619029,0.429192,0.005563,0.935651,-0.146420,0.321073,16.115070,141.412900,355.007100
838.784,18,-0.594253,1.613231,0.423295,0.008808,0.940550,-0.165849,0.296282,18.493500,144.225000,355.057400
838.895,18,-0.597955,1.607241,0.417954,0.012034,0.943178,-0.182060,0.277714,20.494300,146.317700,355.197600
839.006,18,-0.601908,1.599438,0.411245,0.018706,0.943957,-0.200409,0.261595,22.838880,148.146700,355.672800
839.117,18,-0.603722,1.593907,0.404329,0.020932,0.943351,-0.213468,0.253147,24.415260,149.022400,355.680300
839.228,18,-0.604003,1.585456,0.391402,0.027144,0.942372,-0.230606,0.240872,26.596790,150.415500,356.156800
839.340,18,-0.601860,1.577937,0.379000,0.036044,0.939852,-0.242758,0.237588,28.257810,150.846600,356.902200
839.452,18,-0.595272,1.570547,0.364363,0.049947,0.933747,-0.254305,0.246883,29.971950,149.807900,357.863700
839.561,18,-0.584711,1.563196,0.349984,0.057374,0.927388,-0.269191,0.253369,31.894890,148.860000,357.975500
839.671,18,-0.568340,1.553771,0.328775,0.063559,0.921787,-0.288117,0.251511,34.273010,148.883000,358.075400
839.782,18,-0.545068,1.539124,0.295184,0.066192,0.916226,-0.313429,0.240649,37.315340,149.847800,357.870000
839.893,18,-0.513860,1.520009,0.249809,0.065884,0.910061,-0.339425,0.228560,40.384280,150.828400,357.348300
840.005,18,-0.479836,1.506911,0.199531,0.064408,0.902215,-0.361244,0.226634,42.924480,150.335100,356.279000
840.119,18,-0.451827,1.505822,0.153077,0.049972,0.900827,-0.368560,0.224004,43.346180,149.714700,354.073700
840.224,18,-0.430260,1.508831,0.111306,0.038408,0.901830,-0.384234,0.193888,45.065980,153.041700,353.519000
840.329,18,-0.419072,1.511983,0.090076,0.038352,0.903836,-0.388020,0.176212,45.637390,155.606400,354.466700
840.434,18,-0.412729,1.511733,0.077699,0.032935,0.898480,-0.412284,0.147212,48.638450,158.947700,354.598700
840.541,18,-0.407654,1.513000,0.067282,0.022225,0.901907,-0.415938,0.114305,49.056460,163.356200,355.185800
840.647,18,-0.399726,1.509920,0.062265,0.003354,0.899660,-0.430588,0.072075,50.827550,168.419800,354.910500
840.752,18,-0.385693,1.508612,0.062059,-0.013855,0.902998,-0.428594,0.026644,50.651170,174.570400,355.670800
840.855,18,-0.369597,1.506225,0.067280,-0.026106,0.904361,-0.425897,-0.007869,50.420360,179.280100,356.354100
840.957,18,-0.346646,1.504642,0.078097,-0.060644,0.909662,-0.405754,-0.064818,48.250130,185.922900,355.026300
841.059,18,-0.313911,1.502705,0.101561,-0.087203,0.903978,-0.399129,-0.126158,48.039840,193.711100,355.113700
841.161,18,-0.275555,1.504226,0.126901,-0.113339,0.891423,-0.405106,-0.168551,49.503660,198.743400,354.210800
841.264,18,-0.241927,1.504397,0.149658,-0.119957,0.887208,-0.405753,-0.183948,49.827540,200.797900,354.343800
841.367,18,-0.208522,1.501653,0.176507,-0.123928,0.885493,-0.405199,-0.190677,49.894750,201.610700,354.213400
841.473,18,-0.179755,1.503024,0.203100,-0.129353,0.882810,-0.406937,-0.195746,50.276420,202.090000,353.795100
841.578,18,-0.161768,1.504998,0.222338,-0.130159,0.885525,-0.397445,-0.202342,49.162510,202.941900,353.883100
841.684,18,-0.143251,1.509521,0.244120,-0.127122,0.886294,-0.391267,-0.212682,48.385380,204.700700,354.911500
841.791,18,-0.134082,1.510608,0.254863,-0.126163,0.887518,-0.385994,-0.217724,47.739130,205.457600,355.235100
841.897,18,-0.127361,1.509919,0.260799,-0.125864,0.887426,-0.386240,-0.217838,47.761560,205.500500,355.297100
842.003,18,-0.121499,1.510543,0.263558,-0.121799,0.889509,-0.385414,-0.213059,47.523960,204.977900,355.545200
842.109,18,-0.119079,1.511157,0.264256,-0.119771,0.890544,-0.385692,-0.209353,47.484980,204.522600,355.601200
842.215,18,-0.118587,1.512118,0.263473,-0.118751,0.891425,-0.383763,-0.209727,47.223030,204.604800,355.715000
842.321,18,-0.118823,1.511129,0.259478,-0.116028,0.891040,-0.385834,-0.209088,47.400770,204.722000,356.151900
842.426,18,-0.121425,1.507400,0.249810,-0.113151,0.892709,-0.384945,-0.205148,47.198540,204.258700,356.280300
842.532,18,-0.131092,1.494543,0.226729,-0.111034,0.893951,-0.385432,-0.199913,47.181320,203.574600,356.253400
842.637,18,-0.139202,1.483907,0.209130,-0.110021,0.894428,-0.390306,-0.188563,47.705240,201.939200,355.771600
842.742,18,-0.149953,1.471507,0.191018,-0.108569,0.890404,-0.404597,-0.178030,49.390760,200.616100,355.658000
842.848,18,-0.160368,1.469424,0.180268,-0.101414,0.893389,-0.406952,-0.161126,49.447820,198.412800,355.583700
842.952,18,-0.169059,1.473138,0.177678,-0.094417,0.896310,-0.408280,-0.144985,49.399820,196.314200,355.517200
843.057,18,-0.175077,1.479832,0.180597,-0.088646,0.897887,-0.407551,-0.140868,49.186760,196.050700,356.107800
843.161,18,-0.179418,1.487734,0.186703,-0.079682,0.901801,-0.404117,-0.130751,48.564610,195.012600,356.705000
843.266,18,-0.183063,1.493030,0.194448,-0.079230,0.903763,-0.400733,-0.127859,48.124420,194.542100,356.501200
843.369,18,-0.186035,1.495356,0.199733,-0.077376,0.905738,-0.396548,-0.128068,47.574510,194.650200,356.720500
843.472,18,-0.187856,1.494215,0.203763,-0.076471,0.905573,-0.398024,-0.125167,47.733350,194.273000,356.687600
843.575,18,-0.188018,1.493635,0.203631,-0.074397,0.908022,-0.394047,-0.121196,47.192430,193.745600,356.659800
843.678,18,-0.184430,1.494376,0.203101,-0.070040,0.908848,-0.391487,-0.125812,46.821660,194.718100,357.587500
843.782,18,-0.173131,1.497634,0.205886,-0.061744,0.909892,-0.388370,-0.132113,46.307980,196.177200,359.191900
843.884,18,-0.160519,1.501162,0.210143,-0.057810,0.913016,-0.381378,-0.132708,45.377660,196.392300,359.646100
843.987,18,-0.142460,1.504243,0.217317,-0.060363,0.912568,-0.380202,-0.137923,45.281440,197.009100,359.568900
844.102,18,-0.122872,1.506375,0.227554,-0.053906,0.914088,-0.377005,-0.139302,44.768980,197.545300,0.523384
844.215,18,-0.109293,1.505410,0.237669,-0.059649,0.912557,-0.377763,-0.144836,44.970210,198.055600,0.045354
844.328,18,-0.097188,1.495941,0.242963,-0.059978,0.916202,-0.374089,-0.130516,44.518350,195.811800,359.015300
844.441,18,-0.099662,1.478879,0.241854,-0.066974,0.914515,-0.376317,-0.132521,44.914100,195.729200,358.158400
844.542,18,-0.110517,1.455816,0.231026,-0.084640,0.907484,-0.383463,-0.149213,46.156250,197.292600,356.757200
844.642,18,-0.127978,1.424846,0.207373,-0.090512,0.903946,-0.388986,-0.152904,46.963950,197.570200,356.246100
844.755,18,-0.147681,1.391264,0.176871,-0.100711,0.903262,-0.386379,-0.157116,46.857100,197.533400,354.922200
844.868,18,-0.167660,1.331002,0.138493,-0.094696,0.906665,-0.384775,-0.144707,46.479700,195.975900,354.971700
844.982,18,-0.181762,1.264054,0.111849,-0.091673,0.907920,-0.382705,-0.144272,46.168790,196.079100,355.358900
845.082,18,-0.190444,1.210251,0.089753,-0.077867,0.914038,-0.372341,-0.140834,44.635970,196.279100,356.981500
845.194,18,-0.198270,1.161301,0.069917,-0.073055,0.918628,-0.364793,-0.133087,43.603400,195.311200,357.061400
845.304,18,-0.208507,1.104533,0.047876,-0.068098,0.920438,-0.359805,-0.136734,42.920220,196.069600,357.889700
845.413,18,-0.216060,1.062249,0.032374,-0.067756,0.920558,-0.360462,-0.134348,42.989070,195.745800,357.814700
845.524,18,-0.220904,1.023214,0.020672,-0.063021,0.921393,-0.357127,-0.139727,42.510040,196.752200,358.730300
845.634,18,-0.224187,0.986229,0.009809,-0.056435,0.924235,-0.349645,-0.142665,41.483940,197.418000,359.651700
845.743,18,-0.229179,0.936484,-0.005453,-0.056213,0.923852,-0.352088,-0.139185,41.774560,196.963600,359.550300
845.850,18,-0.232164,0.902731,-0.019133,-0.057417,0.923760,-0.351281,-0.141323,41.699750,197.197600,359.478900
845.961,18,-0.233644,0.878351,-0.031621,-0.053036,0.926839,-0.344929,-0.138493,40.849740,196.918900,359.790200
846.072,18,-0.233034,0.855625,-0.040231,-0.057658,0.926340,-0.347388,-0.133762,41.225400,196.035300,358.942000
846.183,18,-0.232310,0.838548,-0.045928,-0.058250,0.926887,-0.348358,-0.127018,41.343690,195.044900,358.512700
846.294,18,-0.232201,0.824152,-0.049817,-0.058700,0.928843,-0.345023,-0.121507,40.935520,194.192100,358.088300
846.406,18,-0.232589,0.804360,-0.054038,-0.059655,0.925742,-0.353197,-0.121225,41.943820,194.187800,358.087900
846.512,18,-0.232580,0.791495,-0.056747,-0.057423,0.924400,-0.356865,-0.121799,42.357910,194.434200,358.508700
846.625,18,-0.232593,0.780757,-0.059735,-0.058219,0.924547,-0.357757,-0.117618,42.471270,193.790700,358.174700
846.738,18,-0.232723,0.775675,-0.061236,-0.061724,0.924924,-0.357357,-0.114028,42.464420,193.069600,357.460800
846.848,18,-0.232696,0.789239,-0.062251,-0.065614,0.923271,-0.362569,-0.108672,43.138150,192.110200,356.672300
846.960,18,-0.231374,0.820041,-0.060189,-0.064539,0.923557,-0.362886,-0.105791,43.152820,191.750300,356.665700
847.071,18,-0.226555,0.877349,-0.054360,-0.066672,0.923296,-0.364289,-0.101851,43.335840,191.057600,356.144300
847.182,18,-0.220472,0.932927,-0.048034,-0.068741,0.925228,-0.360503,-0.096257,42.869340,190.102300,355.476700
847.293,18,-0.215227,0.984632,-0.040813,-0.074501,0.926422,-0.358383,-0.088059,42.621230,188.578300,354.156200
847.404,18,-0.211446,1.030802,-0.034677,-0.075746,0.928877,-0.352584,-0.084470,41.898270,187.993800,353.740800
847.515,18,-0.208513,1.061202,-0.031013,-0.075142,0.930285,-0.350004,-0.080135,41.548190,187.408100,353.577700
847.626,18,-0.207236,1.085565,-0.027267,-0.074199,0.930840,-0.349770,-0.075452,41.479830,186.788800,353.458200
847.738,18,-0.207368,1.097027,-0.024922,-0.073751,0.930383,-0.351042,-0.075613,41.633260,186.832600,353.535800
847.848,18,-0.206676,1.107708,-0.020955,-0.072279,0.930990,-0.350167,-0.073603,41.501750,186.626800,353.634500
847.960,18,-0.205807,1.111024,-0.017258,-0.072442,0.931641,-0.349122,-0.070084,41.350750,186.118000,353.418200
848.071,18,-0.206933,1.108971,-0.013069,-0.074690,0.930109,-0.352664,-0.070330,41.800470,186.017500,353.117400
848.182,18,-0.209863,1.105595,-0.010987,-0.076318,0.928578,-0.356157,-0.071215,42.245450,186.040100,352.938300
848.293,18,-0.212316,1.104566,-0.009552,-0.076549,0.928372,-0.356334,-0.072744,42.280240,186.247400,352.990400
848.405,18,-0.214719,1.105246,-0.008523,-0.077216,0.928986,-0.354765,-0.071868,42.085740,186.090600,352.842200
848.516,18,-0.215316,1.106678,-0.006997,-0.077795,0.929332,-0.353573,-0.072640,41.949520,186.175000,352.798900
848.627,18,-0.213142,1.111835,-0.004520,-0.077078,0.929399,-0.353796,-0.071454,41.962960,186.042900,352.837500
848.739,18,-0.206822,1.125371,0.000191,-0.077465,0.929986,-0.352952,-0.067454,41.830730,185.450900,352.561400
848.849,18,-0.190848,1.164762,0.017034,-0.078084,0.936048,-0.338112,-0.058285,39.947170,184.212500,351.994600
848.960,18,-0.172441,1.211635,0.043508,-0.077660,0.941981,-0.320732,-0.061415,37.863770,184.787300,352.216900
849.070,18,-0.142752,1.284458,0.092482,-0.073751,0.945275,-0.312307,-0.058996,36.807830,184.690300,352.639000
849.182,18,-0.117989,1.336066,0.137767,-0.080751,0.942560,-0.317012,-0.067551,37.482210,185.506300,352.076000
849.293,18,-0.097529,1.366695,0.175545,-0.081791,0.942130,-0.316107,-0.076014,37.449460,186.619900,352.322800
849.404,18,-0.082516,1.381210,0.201566,-0.082054,0.941740,-0.314953,-0.084842,37.382260,187.819900,352.689900
849.517,18,-0.073792,1.387212,0.216894,-0.082396,0.939443,-0.318925,-0.094579,37.938040,189.130200,353.119300
849.629,18,-0.065268,1.392144,0.230562,-0.088867,0.937320,-0.318711,-0.109345,38.090340,190.863700,352.928200
849.742,18,-0.060135,1.395481,0.237006,-0.086194,0.934955,-0.325147,-0.112733,38.860760,191.462900,353.520900
849.848,18,-0.056543,1.397998,0.239235,-0.086750,0.932514,-0.331967,-0.112649,39.692890,191.430600,353.508000
849.961,18,-0.054450,1.397037,0.237310,-0.083939,0.931252,-0.333493,-0.120441,39.892720,192.674000,354.314900
850.061,18,-0.053899,1.391354,0.234937,-0.079437,0.930002,-0.338160,-0.120141,40.395900,192.878000,354.990800
850.168,18,-0.055888,1.386160,0.234542,-0.081292,0.926373,-0.347535,-0.120187,41.562330,192.831500,354.856800
850.268,18,-0.060849,1.387926,0.235720,-0.079975,0.926542,-0.346205,-0.123561,41.399790,193.380900,355.209400
850.376,18,-0.067437,1.389230,0.237397,-0.085292,0.926377,-0.343487,-0.128718,41.174420,193.826900,354.694500
850.490,18,-0.076805,1.386581,0.238368,-0.088563,0.925891,-0.341543,-0.135018,41.024340,194.549600,354.541000
850.599,18,-0.083279,1.383771,0.239208,-0.091567,0.924284,-0.343904,-0.138003,41.376440,194.835100,354.313800
850.713,18,-0.089534,1.383696,0.240693,-0.093450,0.924429,-0.341400,-0.141928,41.126770,195.286900,354.219400
850.822,18,-0.093015,1.383830,0.241993,-0.093594,0.924560,-0.339716,-0.144990,40.943640,195.708900,354.335500
850.923,18,-0.095000,1.383455,0.242954,-0.094222,0.924424,-0.340321,-0.144030,41.021520,195.542200,354.205600
851.031,18,-0.095664,1.383137,0.244158,-0.093931,0.924452,-0.340790,-0.142924,41.066760,195.401300,354.195100
851.131,18,-0.096281,1.383008,0.244371,-0.088604,0.924788,-0.341569,-0.142290,41.069480,195.592500,354.926100
851.240,18,-0.098394,1.376252,0.240303,-0.081276,0.924955,-0.343559,-0.140780,41.180850,195.772900,355.914600
851.349,18,-0.102780,1.350895,0.227384,-0.079512,0.924685,-0.344507,-0.141249,41.268040,195.941200,356.206800
851.450,18,-0.106546,1.317288,0.211521,-0.074905,0.925977,-0.345620,-0.132298,41.291570,194.902600,356.392900
851.558,18,-0.110111,1.273423,0.196824,-0.065914,0.928635,-0.341888,-0.128080,40.682210,194.729200,357.366600
851.658,18,-0.114658,1.219857,0.179824,-0.061419,0.929535,-0.342086,-0.123165,40.623910,194.259500,357.741100
851.772,18,-0.119748,1.134712,0.150093,-0.059895,0.930441,-0.344106,-0.110826,40.814880,192.593600,357.335300
851.873,18,-0.121907,1.083682,0.130515,-0.061278,0.935287,-0.330418,-0.110937,39.173210,192.441700,356.945300
851.989,18,-0.123134,1.023286,0.105832,-0.053732,0.938641,-0.324690,-0.103161,38.361530,191.682200,357.523600
852.100,18,-0.126467,0.980922,0.085574,-0.052429,0.937930,-0.327852,-0.100262,38.720220,191.361400,357.604700
852.211,18,-0.129553,0.952072,0.066339,-0.049714,0.938103,-0.328941,-0.096385,38.810310,190.958700,357.803600
852.323,18,-0.130843,0.927003,0.049940,-0.045068,0.938865,-0.328164,-0.093864,38.657480,190.825900,358.310700
852.434,18,-0.130795,0.906794,0.035560,-0.039768,0.937719,-0.332540,-0.092296,39.123820,190.896200,359.025200
852.544,18,-0.133076,0.889062,0.022559,-0.037703,0.939680,-0.327889,-0.089826,38.535200,190.614700,359.124500
852.655,18,-0.136351,0.871238,0.012032,-0.034530,0.940077,-0.327074,-0.089920,38.400820,190.772400,359.554000
852.766,18,-0.141649,0.848284,-0.001243,-0.032380,0.941565,-0.323726,-0.087226,37.971280,190.472900,359.672900
852.878,18,-0.144904,0.831723,-0.008181,-0.031977,0.941591,-0.323282,-0.088723,37.913680,190.694600,359.792800
852.989,18,-0.148269,0.814319,-0.014547,-0.034422,0.941224,-0.325348,-0.084031,38.187420,189.948200,359.262400
853.100,18,-0.150711,0.806669,-0.018330,-0.036365,0.940928,-0.326045,-0.083834,38.291730,189.833900,358.994900
853.211,18,-0.153289,0.802861,-0.020337,-0.036824,0.940611,-0.327385,-0.081940,38.456400,189.558600,358.856800
853.322,18,-0.153603,0.808156,-0.021647,-0.037091,0.939722,-0.330338,-0.080149,38.814170,189.315700,358.767600
853.433,18,-0.151812,0.827867,-0.019158,-0.035592,0.939673,-0.331371,-0.077085,38.920910,188.968100,358.836100
853.544,18,-0.147736,0.862024,-0.011167,-0.029575,0.939061,-0.333197,-0.079177,39.084670,189.566100,359.794600
853.655,18,-0.140927,0.894966,-0.001708,-0.024409,0.940508,-0.330254,-0.076037,38.676730,189.355300,0.316291
853.762,18,-0.133572,0.941717,0.008405,-0.027202,0.942523,-0.326259,-0.066826,38.217540,187.917200,359.440500
853.874,18,-0.127900,0.987412,0.015897,-0.027739,0.948159,-0.310810,-0.060189,36.351260,186.909700,358.919500
853.986,18,-0.123515,1.030739,0.024868,-0.034333,0.951659,-0.300531,-0.053356,35.146600,185.679200,357.667600
854.097,18,-0.120628,1.051432,0.028259,-0.036817,0.954354,-0.292045,-0.050621,34.135820,185.206900,357.181100
854.208,18,-0.115682,1.059200,0.029317,-0.038302,0.953961,-0.293726,-0.047077,34.333750,184.676100,356.846800
854.319,18,-0.110426,1.065719,0.026260,-0.039204,0.953204,-0.296579,-0.043660,34.668290,184.182200,356.595500
854.430,18,-0.100292,1.080213,0.020394,-0.042133,0.955288,-0.290672,-0.034051,33.932810,182.802300,355.804400
854.542,18,-0.085864,1.087999,0.014308,-0.044184,0.958480,-0.281135,-0.018096,32.719300,180.670600,354.918200
854.653,18,-0.068463,1.083022,0.007275,-0.045416,0.957012,-0.286457,0.002730,33.232490,177.859300,353.927100
854.765,18,-0.050207,1.077689,-0.001127,-0.051241,0.955744,-0.289010,0.020018,33.393650,175.336300,352.462600
854.877,18,-0.034524,1.073182,-0.007666,-0.048339,0.954926,-0.290671,0.035910,33.481460,173.343400,352.199900
854.988,18,-0.017427,1.067615,-0.015807,-0.045648,0.953394,-0.294271,0.048586,33.826290,171.728700,351.998600
855.099,18,-0.005718,1.062957,-0.021536,-0.043956,0.951702,-0.298547,0.056586,34.282970,170.670200,351.827700
855.210,18,0.007258,1.055697,-0.027486,-0.042535,0.949799,-0.302420,0.067928,34.659510,169.155100,351.478500
855.322,18,0.015485,1.049093,-0.031602,-0.041991,0.947749,-0.307875,0.072259,35.275450,168.495700,351.257400
855.433,18,0.021356,1.045157,-0.034344,-0.040092,0.946355,-0.311471,0.076096,35.691640,167.989700,351.268800
855.544,18,0.024446,1.043840,-0.035753,-0.040470,0.946199,-0.311582,0.077368,35.688340,167.800600,351.161300
855.655,18,0.025377,1.044452,-0.035518,-0.041129,0.946166,-0.311645,0.077172,35.689240,167.797500,351.080400
855.766,18,0.021660,1.052832,-0.031033,-0.039831,0.944668,-0.319158,0.064446,36.717030,169.419700,351.651200
855.877,18,0.013561,1.072866,-0.023675,-0.040238,0.944999,-0.321619,0.043809,37.180920,172.159900,352.483000
855.988,18,-0.008765,1.107727,-0.007395,-0.042622,0.945750,-0.322061,-0.004029,37.554980,178.566500,354.351800
856.099,18,-0.032764,1.133229,0.010827,-0.046513,0.942016,-0.327742,-0.055033,38.505870,185.367000,356.222300
856.209,18,-0.060176,1.164197,0.039277,-0.056330,0.932711,-0.336864,-0.115758,39.898840,193.414900,357.976400
856.320,18,-0.072645,1.186918,0.062254,-0.067650,0.926485,-0.343828,-0.137227,40.970470,195.971400,357.647800
856.430,18,-0.080542,1.213172,0.091980,-0.083923,0.922136,-0.345299,-0.152938,41.490460,197.408200,356.237200
856.543,18,-0.080712,1.233609,0.115576,-0.090741,0.921338,-0.343833,-0.157101,41.458980,197.638600,355.471400
856.656,18,-0.077834,1.249553,0.133046,-0.094176,0.921121,-0.343505,-0.157075,41.483430,197.451700,354.977800
856.767,18,-0.072904,1.265186,0.151038,-0.098806,0.922031,-0.340356,-0.155738,41.178940,196.990100,354.189900
856.879,18,-0.068921,1.276310,0.161332,-0.100066,0.923056,-0.338606,-0.152647,40.969210,196.467500,353.814400
856.985,18,-0.065027,1.289992,0.172043,-0.101989,0.925597,-0.333460,-0.147217,40.340470,195.563700,353.171900
857.098,18,-0.064429,1.300432,0.179468,-0.105270,0.927541,-0.326455,-0.148370,39.556420,195.536000,352.666600
857.212,18,-0.064870,1.311801,0.187927,-0.104308,0.929107,-0.319606,-0.154052,38.758110,196.355400,352.976300
857.326,18,-0.065764,1.316271,0.191436,-0.103214,0.930370,-0.314077,-0.158473,38.106820,196.999000,353.248300
857.437,18,-0.068201,1.314020,0.190251,-0.101475,0.928039,-0.318311,-0.164693,38.626080,197.974300,353.864600
857.544,18,-0.076564,1.305063,0.185295,-0.098309,0.924621,-0.323551,-0.175287,39.256210,199.661700,354.934600
857.658,18,-0.090765,1.291276,0.180166,-0.096640,0.918559,-0.330217,-0.194596,40.110160,202.580400,356.325100
857.770,18,-0.114459,1.264005,0.168576,-0.094008,0.910548,-0.337910,-0.218821,41.034070,206.363100,358.228900
857.881,18,-0.134294,1.230336,0.154350,-0.092079,0.903698,-0.346260,-0.234428,41.989920,208.964400,359.685600
857.992,18,-0.148986,1.192260,0.136382,-0.086662,0.898519,-0.359129,-0.237023,43.349780,210.009600,1.143305
858.103,18,-0.154702,1.151735,0.117302,-0.085668,0.898243,-0.371069,-0.219381,44.765590,207.745900,0.719036
858.214,18,-0.156556,1.120224,0.100407,-0.087088,0.899704,-0.376372,-0.203208,45.450160,205.326600,359.694200
858.325,18,-0.156187,1.082047,0.080328,-0.083613,0.899418,-0.384860,-0.189576,46.385900,203.645200,359.627500
858.431,18,-0.153808,1.050345,0.063243,-0.083225,0.900167,-0.389381,-0.176510,46.919630,201.737800,358.962100
858.545,18,-0.151291,1.023500,0.047223,-0.081933,0.899510,-0.396266,-0.164746,47.721810,200.123200,358.566200
858.645,18,-0.149757,1.001930,0.033427,-0.080295,0.899144,-0.399975,-0.158469,48.134940,199.314800,358.486600
858.752,18,-0.148111,0.987731,0.021652,-0.080691,0.900467,-0.400436,-0.149326,48.181270,197.842700,357.788600
858.866,18,-0.145838,0.972069,0.009247,-0.082201,0.902127,-0.401321,-0.135470,48.275710,195.552200,356.590900
858.978,18,-0.144108,0.957171,-0.000274,-0.082762,0.901172,-0.406308,-0.126309,48.869510,194.113900,355.944100
859.088,18,-0.143110,0.939069,-0.010775,-0.071396,0.899151,-0.414732,-0.120115,49.726300,194.036000,357.450000
859.198,18,-0.141789,0.925644,-0.018767,-0.068731,0.900067,-0.414658,-0.114954,49.662230,193.393100,357.486000
859.307,18,-0.139503,0.906205,-0.025846,-0.066718,0.899906,-0.417518,-0.106751,49.969220,192.245300,357.242900
859.418,18,-0.137747,0.892154,-0.029700,-0.067938,0.901689,-0.414579,-0.102308,49.600370,191.405800,356.666400
859.529,18,-0.135241,0.875670,-0.033704,-0.069329,0.902837,-0.413180,-0.096752,49.418720,190.398100,356.012800
859.641,18,-0.132357,0.865339,-0.036610,-0.070407,0.902602,-0.414523,-0.092323,49.578880,189.614100,355.527800
859.752,18,-0.129162,0.864520,-0.037801,-0.070404,0.903377,-0.413958,-0.087132,49.480880,188.776900,355.138100
859.864,18,-0.126701,0.880039,-0.036564,-0.069213,0.902535,-0.416210,-0.086081,49.747470,188.702700,355.270400
859.975,18,-0.125089,0.909353,-0.032061,-0.067859,0.904719,-0.411750,-0.085673,49.171010,188.721500,355.417500
860.086,18,-0.124206,0.960046,-0.019428,-0.068796,0.909841,-0.399072,-0.090545,47.615920,189.379000,355.497500
860.197,18,-0.123458,1.005240,-0.004679,-0.070117,0.914510,-0.387034,-0.094657,46.150960,189.878800,355.448400
860.309,18,-0.121490,1.065857,0.019451,-0.077922,0.914098,-0.385981,-0.096809,46.115310,189.703000,354.393500
860.422,18,-0.117921,1.126398,0.045423,-0.085837,0.912735,-0.387047,-0.098696,46.343130,189.481700,353.320800
860.531,18,-0.113924,1.168496,0.066145,-0.092314,0.911260,-0.387733,-0.103669,46.534690,189.822200,352.662800
860.641,18,-0.107281,1.212408,0.089134,-0.097504,0.910272,-0.387863,-0.107049,46.635260,190.001500,352.092000
860.743,18,-0.100261,1.251584,0.111101,-0.104111,0.913773,-0.376903,-0.110108,45.376280,190.063700,351.216200
860.852,18,-0.092856,1.280176,0.129487,-0.105590,0.915887,-0.370742,-0.112038,44.650110,190.278200,351.077200
860.962,18,-0.083501,1.304474,0.148213,-0.104380,0.918723,-0.364082,-0.111788,43.813870,190.330400,351.200100
861.072,18,-0.074838,1.320357,0.164226,-0.105518,0.920397,-0.359320,-0.112360,43.247130,190.360900,351.036400
861.172,18,-0.068524,1.330226,0.175564,-0.108067,0.922846,-0.352286,-0.112124,42.411130,190.204700,350.610100
861.282,18,-0.063102,1.339218,0.187072,-0.108031,0.924292,-0.346953,-0.116782,41.805490,190.897100,350.839600
861.391,18,-0.058059,1.351632,0.197009,-0.107610,0.927543,-0.337230,-0.119837,40.645810,191.381300,350.991900
861.506,18,-0.055882,1.367607,0.206805,-0.105632,0.931772,-0.323575,-0.126264,39.025810,192.409000,351.476800
861.614,18,-0.054883,1.383310,0.217245,-0.106984,0.935094,-0.311196,-0.131569,37.600120,193.092500,351.420700
861.728,18,-0.055048,1.392401,0.224616,-0.108384,0.937636,-0.301517,-0.134832,36.487920,193.485400,351.276200
861.840,18,-0.055770,1.392802,0.227172,-0.110367,0.936979,-0.301960,-0.136783,36.587780,193.663700,351.100500
861.947,18,-0.055723,1.388968,0.226970,-0.113324,0.934688,-0.307646,-0.137372,37.318150,193.605100,350.787600
862.061,18,-0.052300,1.392657,0.230123,-0.112778,0.933052,-0.313379,-0.135972,37.985870,193.429700,350.857300
862.174,18,-0.045821,1.408630,0.237548,-0.108074,0.935813,-0.310725,-0.126584,37.511570,192.357100,351.035100
862.275,18,-0.038686,1.432556,0.249892,-0.102703,0.940392,-0.301894,-0.118219,36.304710,191.475900,351.308300
862.391,18,-0.030113,1.465564,0.275065,-0.098227,0.941644,-0.298587,-0.120436,35.872610,191.977000,351.979000
862.502,18,-0.024535,1.490302,0.298845,-0.097461,0.941515,-0.299225,-0.120484,35.939700,192.015700,352.090100
862.617,19,-0.021290,1.511065,0.319053,-0.092155,0.946683,-0.284564,-0.119676,34.114030,192.142000,352.618200
862.726,19,-0.017788,1.531481,0.344796,-0.090449,0.947457,-0.283479,-0.117408,33.945670,191.909600,352.740500
862.836,19,-0.014255,1.540593,0.363235,-0.086086,0.946757,-0.288002,-0.115305,34.415400,191.803200,353.276300
862.946,19,-0.008430,1.544765,0.381512,-0.079385,0.942618,-0.306151,-0.106959,36.452010,190.967800,353.993500
863.058,19,-0.003966,1.545322,0.392843,-0.077419,0.939157,-0.317949,-0.104396,37.833760,190.716200,354.257000
863.169,19,0.002345,1.548389,0.401973,-0.073994,0.939977,-0.319440,-0.094485,37.916670,189.510800,354.271800
863.280,19,0.006547,1.551146,0.407307,-0.071668,0.942394,-0.314783,-0.087572,37.290180,188.670500,354.232800
863.391,19,0.009906,1.553488,0.410296,-0.070275,0.944580,-0.309468,-0.084022,36.615650,188.254400,354.225600
863.502,19,0.013371,1.556632,0.412109,-0.065997,0.947448,-0.302498,-0.080508,35.720260,187.973900,354.603800
863.613,19,0.015535,1.559539,0.413758,-0.064848,0.949604,-0.295548,-0.081843,34.884350,188.207400,354.769400
863.724,19,0.016664,1.564723,0.416170,-0.063821,0.953287,-0.281217,-0.089931,33.205230,189.324200,355.125500
863.835,19,0.016273,1.573697,0.419484,-0.061384,0.960353,-0.251532,-0.103374,29.723230,191.132200,355.648200
863.946,19,0.011472,1.592059,0.425765,-0.055979,0.969975,-0.186329,-0.145932,22.197940,196.453200,356.643200
864.066,19,0.000539,1.609684,0.435288,-0.045690,0.967172,-0.118033,-0.220360,14.385960,205.398700,357.848700
864.180,19,-0.014418,1.622192,0.443620,-0.033338,0.947987,-0.065761,-0.309653,8.356220,216.083400,358.697900
864.292,19,-0.031786,1.630043,0.445518,-0.027831,0.921564,-0.029706,-0.386087,4.372565,225.400000,358.370300
864.404,19,-0.050846,1.634380,0.436700,-0.023125,0.903691,-0.004242,-0.427540,1.572458,230.608000,357.811700
864.516,19,-0.069855,1.636229,0.416443,-0.018133,0.905376,0.005124,-0.424193,0.349787,230.202300,357.869100
864.627,19,-0.094872,1.632066,0.374602,-0.014877,0.932357,-0.003248,-0.361218,0.962882,222.342900,358.544600
864.739,19,-0.112030,1.623481,0.332405,-0.014332,0.964925,-0.023047,-0.261120,2.978487,210.261200,359.103700
864.849,19,-0.134727,1.609371,0.272105,-0.011480,0.995669,-0.033594,-0.085930,3.949048,189.831400,359.018600
864.960,19,-0.156814,1.596720,0.219794,-0.005715,0.994407,-0.037066,0.098732,4.162681,168.620700,358.926600
865.071,19,-0.179653,1.606923,0.174192,0.017264,0.962466,-0.042648,0.267475,5.240153,148.965600,0.599438
865.183,19,-0.198333,1.621671,0.148882,0.031334,0.917167,-0.038556,0.395395,5.480249,133.432200,1.553556
865.294,19,-0.216705,1.626288,0.148471,0.042173,0.869691,-0.044316,0.489791,6.799455,121.328200,1.728110
865.405,19,-0.247440,1.626278,0.171515,0.053915,0.786527,-0.046464,0.613441,8.003783,104.208600,1.609004
865.516,19,-0.274970,1.625419,0.200983,0.060327,0.708019,-0.049213,0.701889,8.880463,90.571790,0.947681
865.627,19,-0.311618,1.629796,0.243335,0.064781,0.602389,-0.042340,0.794442,8.855252,74.391150,0.624742
865.739,19,-0.343960,1.629199,0.272012,0.070143,0.521518,-0.036880,0.849552,9.070346,63.137700,0.609209
865.849,19,-0.391493,1.628545,0.290458,0.078011,0.449272,-0.039404,0.889110,10.027860,53.615510,0.001574
865.960,19,-0.421820,1.631091,0.294264,0.066293,0.433734,-0.031030,0.898063,8.394518,51.565490,0.102661
866.071,19,-0.436740,1.628667,0.295193,0.074275,0.436384,-0.035239,0.895997,9.430781,51.943620,0.097387
866.183,19,-0.442908,1.625917,0.290668,0.081122,0.451593,-0.041072,0.887579,10.433840,53.935180,0.020860
866.294,19,-0.440235,1.625066,0.284624,0.079577,0.479438,-0.043171,0.872893,10.388360,57.560700,0.054584
866.405,19,-0.427007,1.620214,0.280398,0.087159,0.519838,-0.051516,0.848244,11.620230,63.022440,0.188354
866.516,19,-0.412534,1.615560,0.280301,0.096798,0.557309,-0.059057,0.822526,13.006610,68.311760,0.631625
866.627,19,-0.394458,1.611446,0.280109,0.103546,0.610534,-0.062497,0.782701,13.792330,76.115010,1.687770
866.738,19,-0.382753,1.610003,0.279327,0.108916,0.644330,-0.059272,0.754628,13.931630,81.351230,3.006032
866.849,19,-0.373341,1.608957,0.279313,0.112130,0.658840,-0.063128,0.741196,14.442180,83.673460,3.206696
866.960,19,-0.369935,1.608594,0.278447,0.111728,0.660236,-0.066303,0.739736,14.646180,83.876240,2.929096
867.071,19,-0.371134,1.608493,0.279716,0.115400,0.645954,-0.071578,0.751201,15.417430,81.718500,2.470052
867.183,19,-0.377874,1.609640,0.282988,0.116752,0.619638,-0.073310,0.772686,15.740260,77.712550,1.869330
867.294,19,-0.387576,1.610549,0.286074,0.120595,0.592549,-0.075487,0.792871,16.301510,73.743480,1.385860
867.406,19,-0.403945,1.611928,0.291875,0.120399,0.546446,-0.078463,0.825073,16.524600,67.051330,0.125971
867.516,19,-0.414618,1.612451,0.293455,0.118752,0.529854,-0.076396,0.836252,16.234590,64.700700,359.884800
867.627,19,-0.423445,1.612444,0.294725,0.121907,0.526378,-0.072109,0.838370,16.279250,64.309490,0.443450
867.738,19,-0.427131,1.612308,0.296296,0.123703,0.524595,-0.071818,0.839250,16.438550,64.096760,0.552046
867.849,19,-0.432165,1.613036,0.296446,0.124221,0.520182,-0.071612,0.841933,16.479590,63.493890,0.516894
867.960,19,-0.438736,1.611976,0.294704,0.127646,0.516171,-0.073422,0.843732,16.929430,62.984410,0.471788
868.071,19,-0.446183,1.611471,0.292688,0.128352,0.509068,-0.074084,0.847872,17.042390,62.007110,0.302784
868.184,19,-0.454157,1.611132,0.289753,0.131139,0.503589,-0.073689,0.850747,17.298550,61.306900,0.402018
868.294,19,-0.462263,1.610870,0.286128,0.131042,0.498226,-0.073666,0.853916,17.289640,60.567260,0.286051
868.406,19,-0.475149,1.607659,0.278846,0.135804,0.492706,-0.075727,0.856192,17.888770,59.876910,0.249751
868.516,19,-0.486039,1.603905,0.273184,0.138808,0.489112,-0.078513,0.857518,18.352600,59.410310,0.068325
868.627,19,-0.491270,1.595739,0.271685,0.147089,0.484470,-0.080871,0.858553,19.324960,58.908700,0.222005
868.738,19,-0.485158,1.588905,0.276498,0.161824,0.475419,-0.085764,0.860485,21.102810,57.913120,0.385127
868.849,19,-0.464484,1.586346,0.289644,0.169109,0.459022,-0.081454,0.868370,21.621740,55.884220,0.849657
868.961,19,-0.436624,1.583334,0.305829,0.174678,0.441901,-0.079926,0.876255,22.133370,53.697320,0.885095
869.071,19,-0.406397,1.577269,0.322430,0.178903,0.426811,-0.081477,0.882716,22.668070,51.719770,0.550946
869.183,19,-0.377938,1.571431,0.338906,0.181218,0.411163,-0.081951,0.889601,22.942850,49.652230,0.199917
869.294,19,-0.353919,1.564397,0.353675,0.182835,0.399785,-0.080946,0.894534,23.068160,48.178990,0.085351
869.406,19,-0.325769,1.555755,0.372074,0.183220,0.388601,-0.080128,0.899444,23.070800,46.710930,359.891500
869.517,19,-0.306338,1.549208,0.384303,0.183076,0.383602,-0.077856,0.901815,22.950380,46.086960,0.002048
869.628,19,-0.282336,1.539554,0.398808,0.184579,0.378062,-0.077224,0.903900,23.083560,45.394340,-0.002520
869.740,19,-0.265507,1.532572,0.408034,0.186121,0.374083,-0.078917,0.905093,23.325600,44.865030,359.775000
869.851,19,-0.247957,1.525055,0.417733,0.187421,0.370696,-0.081450,0.905993,23.577590,44.392140,359.460200
869.962,19,-0.237110,1.520279,0.425091,0.191471,0.366779,-0.082643,0.906632,24.067420,43.926000,359.410300
870.073,19,-0.230764,1.517999,0.429698,0.194269,0.362556,-0.081668,0.907823,24.326900,43.439970,359.533900
870.185,19,-0.229517,1.518208,0.430320,0.194337,0.356628,-0.079560,0.910341,24.240780,42.701480,359.607800
870.295,19,-0.235424,1.520055,0.424420,0.192554,0.346738,-0.077641,0.914695,23.960020,41.407760,359.466800
870.407,19,-0.252779,1.526510,0.410912,0.185920,0.326706,-0.079604,0.923234,23.285220,38.646980,358.408900
870.518,19,-0.275144,1.536184,0.395341,0.177272,0.313679,-0.079751,0.929419,22.305950,36.846810,357.706100
870.628,19,-0.314093,1.552084,0.369960,0.161534,0.307790,-0.067406,0.935216,20.098260,36.145770,358.374400
870.740,19,-0.351432,1.562582,0.347326,0.150967,0.312669,-0.061733,0.935755,18.731850,36.741710,358.721600
870.851,19,-0.406284,1.574713,0.317378,0.139867,0.322798,-0.060679,0.934108,17.486210,37.913930,358.614300
870.962,19,-0.454819,1.582380,0.290912,0.132384,0.330094,-0.060353,0.932668,16.665550,38.759590,358.493800
871.073,19,-0.494319,1.584780,0.267090,0.130565,0.332706,-0.064672,0.931707,16.638360,39.008420,357.988500
871.184,19,-0.524160,1.587347,0.246297,0.133755,0.335055,-0.072309,0.929849,17.289470,39.222110,357.308100
871.295,19,-0.544032,1.591643,0.228550,0.131301,0.339763,-0.073276,0.928414,17.073360,39.779670,357.191500
871.407,19,-0.560888,1.596249,0.207156,0.129138,0.348909,-0.076198,0.925084,16.983640,40.874150,356.951400
871.518,19,-0.567623,1.598764,0.194832,0.124906,0.355666,-0.079347,0.922824,16.676900,41.649000,356.552900
871.628,19,-0.571714,1.600370,0.185605,0.124469,0.356647,-0.082358,0.922241,16.757820,41.727810,356.220100
871.740,19,-0.573030,1.600778,0.182123,0.124848,0.353808,-0.084031,0.923132,16.855730,41.347310,355.997700
871.851,19,-0.573781,1.600453,0.179819,0.127197,0.348474,-0.083845,0.924855,17.080430,40.692770,356.014400
871.962,19,-0.574247,1.600379,0.178581,0.128134,0.346163,-0.082927,0.925676,17.135530,40.421050,356.110700
872.073,19,-0.574312,1.600859,0.177477,0.127880,0.344022,-0.081755,0.926613,17.052080,40.165360,356.190200
872.185,19,-0.572789,1.600343,0.177358,0.129783,0.343031,-0.081451,0.926743,17.243320,40.059830,356.282200
872.297,19,-0.570658,1.599703,0.177331,0.130780,0.341598,-0.080816,0.927187,17.321150,39.896280,356.365700
872.406,19,-0.567650,1.599180,0.178817,0.132079,0.336708,-0.080778,0.928794,17.442340,39.289870,356.327500
872.518,19,-0.566013,1.599731,0.179745,0.131282,0.333137,-0.080008,0.930260,17.311090,38.844710,356.313300
872.628,19,-0.564601,1.601747,0.179326,0.127005,0.333424,-0.077963,0.930924,16.765360,38.877820,356.379600
872.740,19,-0.562888,1.603043,0.178912,0.123079,0.335726,-0.076113,0.930777,16.273620,39.163770,356.473400
872.851,19,-0.560438,1.603409,0.178035,0.122814,0.339175,-0.075748,0.929591,16.243300,39.600130,356.565300
872.962,19,-0.559763,1.603641,0.176535,0.123622,0.343393,-0.077151,0.927818,16.402550,40.117860,356.518000
873.073,19,-0.561358,1.604820,0.175288,0.121068,0.344002,-0.076999,0.927942,16.120820,40.177010,356.442700
873.185,19,-0.564292,1.604802,0.174647,0.123097,0.341974,-0.077715,0.928365,16.362330,39.927250,356.408600
873.297,20,-0.567330,1.604903,0.173988,0.124305,0.343778,-0.078502,0.927471,16.532130,40.152830,356.402700
873.407,20,-0.571872,1.604882,0.173169,0.126236,0.345799,-0.079484,0.926375,16.789380,40.409320,356.409200
873.518,20,-0.575369,1.604492,0.171767,0.127777,0.350532,-0.081389,0.924216,17.052390,40.993600,356.350000
873.629,20,-0.579008,1.604193,0.169975,0.127983,0.359028,-0.085677,0.920532,17.286270,42.012620,356.046200
873.741,20,-0.581831,1.603908,0.169635,0.128934,0.363776,-0.088060,0.918308,17.509830,42.591460,355.915600
873.852,20,-0.584000,1.603832,0.170701,0.129509,0.364154,-0.089354,0.917952,17.628440,42.625870,355.804600
873.963,20,-0.583255,1.603238,0.173760,0.131280,0.362498,-0.091093,0.918184,17.885830,42.404020,355.654900
874.074,20,-0.578787,1.602605,0.177044,0.132561,0.367593,-0.093212,0.915759,18.138550,43.035730,355.578500
874.185,20,-0.566071,1.601275,0.181800,0.132588,0.386588,-0.099317,0.907252,18.504020,45.392590,355.300300
874.296,20,-0.547882,1.599606,0.184332,0.130856,0.420095,-0.105767,0.891746,18.798680,49.659790,355.231800
874.407,20,-0.509829,1.596363,0.182304,0.122586,0.500787,-0.116101,0.848944,18.930520,60.320280,355.492000
874.518,20,-0.470976,1.594011,0.176656,0.114927,0.569834,-0.119909,0.804800,18.762290,69.979540,356.243900
874.629,20,-0.414593,1.594945,0.163574,0.098003,0.646336,-0.120487,0.747079,17.588760,81.233110,356.792300
874.741,20,-0.368611,1.599093,0.148789,0.087516,0.701638,-0.124932,0.696016,17.285830,89.994520,356.932200
874.851,20,-0.331378,1.605810,0.136459,0.071941,0.743344,-0.116492,0.654747,15.509270,96.882570,357.288100
874.963,20,-0.303294,1.610634,0.126824,0.064325,0.790297,-0.113312,0.598710,14.840210,105.444000,357.983600
875.073,20,-0.281722,1.612789,0.125022,0.051394,0.828687,-0.109473,0.546491,13.745530,112.947800,357.966100
875.185,20,-0.263879,1.614034,0.129987,0.034478,0.874397,-0.105999,0.472235,12.587740,122.997900,357.661700
875.296,20,-0.249781,1.614679,0.143181,0.022853,0.911038,-0.101026,0.399101,11.672570,132.452900,357.717700
875.407,20,-0.232579,1.617482,0.174204,0.007639,0.945817,-0.091810,0.311356,10.278180,143.333900,357.511500
875.518,20,-0.222095,1.625507,0.205328,-0.005995,0.968061,-0.080938,0.237216,8.850791,152.238200,357.099100
875.629,20,-0.208148,1.631782,0.244484,-0.012063,0.985389,-0.056615,0.160180,6.183386,161.403600,357.583900
875.741,20,-0.195920,1.632639,0.270639,-0.008711,0.992369,-0.044332,0.114729,4.932916,166.742500,358.420500
875.852,20,-0.191038,1.637064,0.290859,-0.030557,0.996421,-0.013550,0.077644,1.275342,171.048500,356.387100
875.963,20,-0.195693,1.637289,0.309117,-0.035273,0.999152,-0.011420,0.017925,1.235151,177.900500,355.933700
876.075,20,-0.202192,1.632442,0.321407,-0.036424,0.998066,-0.036755,-0.034436,4.351605,183.798700,355.964200
876.186,20,-0.207597,1.631088,0.336279,-0.043866,0.995165,-0.048141,-0.073517,5.869637,188.212700,355.373900
876.296,20,-0.206816,1.630339,0.344269,-0.049801,0.994005,-0.051201,-0.082780,6.317271,189.232500,354.774200
876.407,20,-0.200300,1.628302,0.348287,-0.051888,0.994251,-0.056663,-0.074583,6.916005,188.248800,354.524400
876.519,20,-0.193244,1.627866,0.347462,-0.046406,0.995321,-0.059219,-0.060625,7.094787,186.665600,355.074800
876.629,20,-0.183973,1.628409,0.342632,-0.042320,0.996776,-0.054864,-0.040447,6.476607,184.386100,355.386000
876.741,20,-0.176074,1.631269,0.332828,-0.041469,0.998284,-0.033617,-0.024087,3.963271,182.602800,355.332600
876.852,20,-0.171414,1.634749,0.317369,-0.040279,0.999043,-0.007598,-0.015248,0.940300,181.711000,355.396500
876.963,20,-0.170419,1.635603,0.294745,-0.037156,0.999165,0.009106,-0.014348,359.018500,181.682100,355.726300
877.074,20,-0.171016,1.634399,0.267284,-0.035789,0.999168,0.014716,-0.012879,358.367700,181.535700,355.875400
877.186,20,-0.173824,1.630887,0.218187,-0.034648,0.999218,0.017464,-0.007657,358.030300,180.946700,356.011900
877.297,20,-0.178921,1.627685,0.169239,-0.036949,0.999120,0.019758,-0.001762,357.744800,180.285600,355.758500
877.408,20,-0.188794,1.629425,0.094812,-0.040107,0.998999,0.018264,0.007654,357.873600,179.207100,355.416600
877.520,20,-0.198889,1.634953,0.036480,-0.041065,0.998991,0.014716,0.010686,358.264800,178.845400,355.309700
877.630,20,-0.209910,1.636754,-0.027747,-0.040983,0.999054,0.004480,0.013849,359.422100,178.435300,355.309700
877.742,20,-0.216395,1.638908,-0.075047,-0.042792,0.999066,-0.005464,0.002597,0.612854,179.675800,355.093100
877.853,20,-0.217804,1.637807,-0.118412,-0.042700,0.998964,-0.013045,-0.008826,1.536697,180.946900,355.117600
877.964,20,-0.212234,1.633947,-0.162626,-0.045943,0.998352,-0.026687,-0.021691,3.168927,182.345200,354.795200
878.075,20,-0.201496,1.629473,-0.201986,-0.042507,0.997705,-0.033610,-0.040609,4.043774,184.494800,355.279600
878.186,20,-0.179376,1.624668,-0.256964,-0.033619,0.996223,-0.041614,-0.068393,5.020534,187.699900,356.472400
878.298,20,-0.156532,1.623843,-0.303822,-0.026750,0.995036,-0.042476,-0.085930,5.113420,189.753400,357.356700
878.409,20,-0.125378,1.623834,-0.365982,-0.017207,0.992418,-0.050752,-0.110613,6.000682,192.650500,358.679100
878.521,20,-0.100883,1.622269,-0.418828,-0.012965,0.989343,-0.060973,-0.131583,7.126360,195.117200,359.445300
878.632,20,-0.082232,1.618899,-0.464075,-0.012220,0.986013,-0.070121,-0.150709,8.161469,197.368100,359.828500
878.743,20,-0.069652,1.615244,-0.497915,-0.013727,0.982276,-0.076740,-0.170459,8.942241,199.685900,359.953300
878.854,20,-0.062966,1.612020,-0.517700,-0.012116,0.978228,-0.080405,-0.190940,9.319313,202.122500,0.406520
878.965,20,-0.059483,1.608754,-0.530039,-0.013307,0.970883,-0.083250,-0.224230,9.649488,206.065800,0.668056
879.076,20,-0.058235,1.607853,-0.524445,-0.014608,0.964784,-0.081743,-0.249595,9.498481,209.070300,0.733042
879.187,20,-0.055861,1.611637,-0.492169,-0.010818,0.959990,-0.080790,-0.267911,9.259767,211.292200,1.307373
879.299,20,-0.054340,1.621619,-0.445395,-0.016686,0.959226,-0.057633,-0.276197,6.879651,212.125600,359.989900
879.410,20,-0.055297,1.629000,-0.370814,-0.018370,0.956713,-0.029966,-0.288904,3.896343,213.571200,358.975600
879.521,20,-0.057400,1.626760,-0.297383,-0.022059,0.955842,-0.025979,-0.291897,3.585694,213.914900,358.449600
879.631,20,-0.059886,1.621841,-0.224228,-0.028288,0.959238,-0.033713,-0.279152,4.615661,212.369300,357.962000
879.742,20,-0.060126,1.615233,-0.160299,-0.028762,0.964772,-0.059909,-0.254558,7.483434,209.467100,358.555300
879.853,20,-0.056943,1.614686,-0.105285,-0.030541,0.968844,-0.086781,-0.229951,10.497910,206.600500,358.877100
879.963,20,-0.052721,1.618076,-0.056707,-0.033574,0.970830,-0.102703,-0.214044,12.344340,204.732200,358.755100
880.075,20,-0.045399,1.616161,-0.020467,-0.041257,0.971697,-0.121903,-0.198098,14.669960,202.802600,358.111500
880.185,20,-0.028471,1.613069,0.018862,-0.048820,0.971547,-0.143634,-0.181886,17.268730,200.819000,357.442400
880.296,20,-0.009274,1.610499,0.045405,-0.046165,0.973517,-0.145612,-0.170089,17.410460,199.449800,357.576300
880.407,20,0.023121,1.606198,0.078248,-0.044237,0.976379,-0.150466,-0.148618,17.876900,196.914900,357.491200
880.518,20,0.052994,1.603164,0.106459,-0.040684,0.979520,-0.148748,-0.129457,17.573970,194.674700,357.523700
880.629,20,0.093877,1.595474,0.149632,-0.037837,0.981440,-0.155650,-0.105439,18.270390,191.861500,357.498500
880.740,20,0.125435,1.587852,0.188647,-0.032113,0.980010,-0.176397,-0.086220,20.565540,189.694600,358.009300
880.851,20,0.162613,1.578249,0.241282,-0.025853,0.975709,-0.207069,-0.066680,24.049550,187.513700,358.567100
880.962,20,0.191419,1.572719,0.282548,-0.021775,0.969852,-0.237725,-0.048990,27.596960,185.482500,358.775100
881.072,20,0.216784,1.564961,0.318706,-0.019480,0.962406,-0.269155,-0.030846,31.283560,183.279300,358.599300
881.183,20,0.238035,1.559565,0.347999,-0.014827,0.956137,-0.292005,-0.017783,33.981180,181.751700,358.758500
881.294,20,0.253534,1.561728,0.365397,-0.007388,0.957250,-0.289011,-0.009547,33.604220,180.963600,359.406500
881.405,20,0.269321,1.562726,0.380117,0.005267,0.959613,-0.281271,-0.001651,32.670350,180.417400,0.751270
881.516,20,0.278155,1.561706,0.387658,0.011127,0.957891,-0.286854,0.005939,33.345190,179.657500,1.228529
881.627,20,0.283091,1.559607,0.389994,0.016104,0.959449,-0.280806,0.018610,32.645400,178.185200,1.391694
881.739,20,0.280826,1.561746,0.385601,0.012927,0.961765,-0.272817,0.020289,31.688250,177.846600,0.928925
881.849,20,0.272420,1.574412,0.369339,0.003252,0.973186,-0.229996,-0.000193,26.593450,180.119900,0.411235
881.961,20,0.265586,1.586958,0.342764,0.001287,0.983683,-0.178340,-0.023686,20.536160,182.880400,0.671833
882.072,20,0.259502,1.596058,0.309306,0.006949,0.989696,-0.135746,-0.045017,15.549410,185.419600,1.545089
882.184,20,0.251531,1.603657,0.268730,-0.004122,0.991735,-0.108637,-0.068133,12.476500,187.902700,0.388946
882.295,20,0.243541,1.610555,0.229258,-0.016268,0.991341,-0.097853,-0.086042,11.350550,189.831400,359.099100
882.406,20,0.237615,1.617584,0.180542,-0.016874,0.991384,-0.079360,-0.102840,9.254641,191.764100,359.005300
882.518,20,0.238616,1.619628,0.145498,-0.019949,0.990398,-0.075125,-0.114329,8.822248,193.069900,358.704700
882.629,20,0.250996,1.622120,0.096232,-0.019996,0.987652,-0.085537,-0.129723,10.029110,194.877000,358.993000
882.740,20,0.275009,1.614347,0.045726,-0.012629,0.985376,-0.104157,-0.134261,12.043770,195.537000,0.180464
882.851,20,0.310853,1.602160,-0.011773,-0.000970,0.982377,-0.118259,-0.144743,13.451930,196.987900,1.904921
882.963,20,0.355262,1.591763,-0.071956,-0.003980,0.976200,-0.137154,-0.167950,15.611700,199.836200,2.279009
883.073,20,0.400346,1.595723,-0.129772,-0.020798,0.966960,-0.145922,-0.207999,16.909100,204.461700,1.226584
883.185,20,0.434350,1.605462,-0.179199,-0.026870,0.956080,-0.141371,-0.255351,16.501810,210.087600,1.244172
883.296,20,0.453216,1.610028,-0.214249,-0.033174,0.942362,-0.130554,-0.306282,15.448940,216.150500,1.037211
883.407,20,0.463822,1.618770,-0.255434,-0.031466,0.919463,-0.097600,-0.379568,11.733910,224.960700,0.949697
883.518,20,0.459589,1.624594,-0.281581,-0.018250,0.885606,-0.063135,-0.459764,7.389140,234.968400,1.486719
883.629,20,0.445324,1.625787,-0.315404,-0.012382,0.845772,-0.046985,-0.531328,5.315224,244.352800,1.668043
883.741,20,0.426257,1.621238,-0.354883,-0.019854,0.836974,-0.039631,-0.545445,5.048531,246.208900,0.575096
883.852,20,0.400900,1.619271,-0.402674,-0.023525,0.843188,-0.032687,-0.536108,4.608467,244.886600,359.734200
883.964,20,0.371494,1.624153,-0.455877,-0.030468,0.851433,-0.029100,-0.522768,4.669528,243.048300,358.766400
884.075,20,0.346354,1.627734,-0.501209,-0.029644,0.853521,-0.033618,-0.519127,5.058049,242.577500,359.096900
884.186,20,0.316797,1.628776,-0.556702,-0.025832,0.856933,-0.047492,-0.512585,6.192902,241.786300,0.254452
884.297,20,0.296672,1.629291,-0.598634,-0.022712,0.859879,-0.056448,-0.506858,6.897951,241.097900,1.048322
884.408,20,0.272133,1.623089,-0.652616,-0.019882,0.857415,-0.064796,-0.510144,7.550462,241.625700,1.850808
884.520,20,0.250756,1.615540,-0.702165,-0.017551,0.846521,-0.073982,-0.526898,8.264903,244.000500,2.794522
884.631,20,0.227834,1.611034,-0.753412,-0.015987,0.826843,-0.074088,-0.557303,8.067403,248.190300,3.250619
884.742,20,0.203605,1.612749,-0.802017,-0.025308,0.793764,-0.068694,-0.603804,8.025604,254.693100,2.476080
884.853,20,0.178128,1.625438,-0.842282,-0.038896,0.727971,-0.057121,-0.682116,7.829635,266.359200,1.231708
884.964,20,0.161660,1.633517,-0.866168,-0.039293,0.635705,-0.044944,-0.769620,6.755000,280.952100,1.109072
885.074,20,0.158257,1.639537,-0.876083,-0.039930,0.545027,-0.026658,-0.837043,5.503402,293.864000,0.063411
885.185,20,0.167094,1.644228,-0.873224,-0.027134,0.421442,-0.000180,-0.906449,2.828351,310.097100,358.706600
885.295,20,0.183608,1.645421,-0.857616,-0.026447,0.319053,0.018693,-0.947184,2.187605,322.711200,357.000700
885.406,20,0.215055,1.644526,-0.832596,-0.031559,0.179904,0.039841,-0.982370,2.732338,339.121600,354.851700
885.517,20,0.243345,1.644369,-0.814929,-0.033987,0.083976,0.050896,-0.994587,3.385753,350.165600,353.849700
885.628,20,0.273856,1.642489,-0.795901,-0.033891,-0.001724,0.052366,-0.998051,3.889432,359.993700,353.992900
885.739,20,0.291150,1.642155,-0.778169,-0.037917,-0.035796,0.051794,-0.997296,4.550455,3.880972,354.208300
885.851,20,0.306530,1.641671,-0.741390,-0.046318,-0.058035,0.047482,-0.996109,5.611700,6.416497,354.856700
885.962,20,0.317293,1.636710,-0.692536,-0.053321,-0.055938,0.042050,-0.996122,6.369081,6.178204,355.509600
886.073,20,0.331348,1.630199,-0.635417,-0.067731,-0.042967,0.037099,-0.996087,7.939033,4.666299,356.058000
886.184,20,0.346507,1.620210,-0.574909,-0.084850,-0.031477,0.033006,-0.995349,9.845257,3.320033,356.487600
886.296,20,0.355362,1.609509,-0.523088,-0.129162,-0.013844,0.019807,-0.991329,14.870320,1.323904,357.883500
886.407,20,0.358983,1.593691,-0.463312,-0.195195,0.015188,0.004736,-0.980636,22.500150,358.037600,359.056200
886.518,20,0.357767,1.582484,-0.421950,-0.221993,0.025698,0.001505,-0.974708,25.637760,356.772100,359.088400
886.628,20,0.351518,1.572867,-0.372834,-0.234086,0.020895,-0.001032,-0.971991,27.071500,357.416500,359.499600
886.740,20,0.341445,1.565948,-0.335664,-0.235740,0.017910,-0.003140,-0.971646,27.272620,357.851300,359.849000
886.851,20,0.323161,1.560030,-0.281667,-0.236808,0.012210,-0.006736,-0.971456,27.404000,358.674700,0.471479
886.962,20,0.304107,1.564342,-0.225744,-0.230485,0.008393,-0.007951,-0.973007,26.657750,359.187800,0.743912
887.073,20,0.287059,1.569931,-0.168483,-0.223001,-0.000641,-0.003438,-0.974812,25.770250,0.177128,0.444663
887.185,20,0.274629,1.568803,-0.118306,-0.222699,-0.009744,0.000392,-0.974839,25.734330,1.197309,0.227482
887.296,20,0.267527,1.566084,-0.081013,-0.230861,-0.017959,0.001985,-0.972819,26.695150,2.182612,0.284145
887.407,20,0.260288,1.565612,-0.042855,-0.234688,-0.020558,0.003126,-0.971848,27.148070,2.479218,0.230039
887.518,20,0.253548,1.565553,-0.020338,-0.236219,-0.010383,0.001330,-0.971644,27.327020,1.260933,0.149708
887.629,20,0.242828,1.570270,-0.005498,-0.232099,0.031608,-0.002545,-0.972175,26.836330,356.126600,359.375600
887.740,20,0.236301,1.582697,-0.001331,-0.205782,0.094892,-0.007572,-0.973957,23.720990,348.551000,358.478800
887.851,20,0.237126,1.590772,-0.002874,-0.203315,0.157937,-0.013149,-0.966202,23.393280,340.931000,357.576300
887.962,20,0.244443,1.597349,-0.007036,-0.198426,0.194102,-0.015026,-0.960586,22.770710,336.549500,357.005900
888.073,20,0.253913,1.601512,-0.016121,-0.197287,0.243673,-0.025589,-0.949235,22.768890,330.610000,357.043000
888.184,20,0.268883,1.602160,-0.030958,-0.177968,0.334565,-0.033870,-0.924796,20.599350,319.594300,356.543400
888.295,20,0.291651,1.603174,-0.043290,-0.159018,0.430531,-0.046847,-0.887222,18.814540,307.689400,356.741900
888.406,20,0.330711,1.603313,-0.049191,-0.124122,0.549523,-0.064729,-0.823668,15.998410,292.330800,358.224400
888.518,20,0.364543,1.601497,-0.045232,-0.103115,0.626122,-0.077323,-0.768999,14.798320,281.616300,359.395400
888.628,20,0.408136,1.601644,-0.037631,-0.090939,0.695006,-0.092330,-0.707228,14.890280,271.031200,0.248390
888.739,20,0.441727,1.605046,-0.033375,-0.090228,0.731480,-0.103152,-0.667949,15.750110,264.849100,0.345314
888.850,20,0.482684,1.608448,-0.027856,-0.071893,0.775738,-0.097892,-0.619257,13.940710,257.269500,0.572685
888.962,20,0.519620,1.612050,-0.019763,-0.058979,0.807928,-0.090527,-0.579292,12.392690,251.342800,0.562121
889.072,20,0.554580,1.618357,-0.007575,-0.044376,0.829292,-0.076501,-0.551772,10.128440,247.331700,0.629821
889.184,20,0.585914,1.620018,0.006928,-0.042321,0.837692,-0.070141,-0.539964,9.393653,245.633600,0.281305
889.295,20,0.612666,1.618506,0.019806,-0.042371,0.838681,-0.071450,-0.538251,9.523964,245.411700,0.339548
889.406,20,0.641048,1.619604,0.036295,-0.037005,0.846495,-0.084046,-0.524418,10.433880,243.693500,1.485807
889.517,20,0.654447,1.622358,0.047048,-0.040116,0.854816,-0.079700,-0.511202,10.210930,241.828100,0.751097
889.628,20,0.665374,1.622585,0.057650,-0.039600,0.862341,-0.088002,-0.497048,11.019440,240.025800,1.119898
889.739,20,0.670808,1.623460,0.064265,-0.039495,0.870604,-0.084653,-0.483034,10.693360,238.116300,0.758660
889.850,20,0.670483,1.624453,0.070629,-0.038478,0.876190,-0.084170,-0.472997,10.596920,236.789300,0.710967
889.962,20,0.663861,1.624697,0.076190,-0.039831,0.871235,-0.082799,-0.482191,10.526260,237.981400,0.608727
890.072,20,0.652324,1.621234,0.084515,-0.042854,0.866398,-0.085330,-0.490140,10.945140,239.048100,0.548040
890.184,20,0.632558,1.619261,0.088945,-0.041645,0.872566,-0.086008,-0.479059,10.952580,237.590000,0.567860
890.295,20,0.604119,1.614965,0.085703,-0.044687,0.882254,-0.087180,-0.460468,11.243760,235.130300,0.083870
890.406,20,0.550931,1.608117,0.071416,-0.049458,0.887332,-0.105073,-0.446269,13.333150,233.440100,0.353870
890.517,20,0.501750,1.605760,0.053452,-0.048234,0.892363,-0.112679,-0.434355,14.063820,231.994700,0.697108
890.628,20,0.441690,1.599630,0.028576,-0.048141,0.899649,-0.120688,-0.416832,14.909130,229.827700,0.829662
890.739,20,0.404708,1.594131,0.011765,-0.046591,0.904807,-0.127852,-0.403495,15.602450,228.222300,1.122159
890.851,20,0.371667,1.591077,-0.004911,-0.046941,0.911982,-0.128024,-0.386904,15.654450,226.087700,0.800232
890.962,20,0.353630,1.588917,-0.016335,-0.045307,0.916921,-0.129071,-0.374892,15.703900,224.587800,0.814794
891.072,20,0.343294,1.587615,-0.023440,-0.046805,0.919793,-0.134893,-0.365505,16.401270,223.451200,0.746985
891.184,20,0.337647,1.588770,-0.026016,-0.047431,0.922264,-0.134240,-0.359389,16.361800,222.657100,0.537453
891.295,20,0.334076,1.589033,-0.025594,-0.047509,0.923568,-0.133886,-0.356146,16.328610,222.240500,0.454435
891.406,20,0.329376,1.588213,-0.024091,-0.050934,0.925261,-0.134130,-0.351151,16.498040,221.564600,-0.003303
891.518,20,0.326375,1.586351,-0.022071,-0.050769,0.926032,-0.138218,-0.347539,16.934450,221.160400,0.122542
891.628,20,0.325228,1.586313,-0.017466,-0.051467,0.929311,-0.139530,-0.338030,17.105290,219.965000,359.920500
891.739,21,0.332698,1.588382,-0.006237,-0.055680,0.932238,-0.137220,-0.330157,17.014240,218.885300,359.208700
891.851,21,0.357909,1.594705,0.020758,-0.062463,0.931986,-0.133841,-0.331038,16.907750,218.862100,358.334000
891.962,21,0.394314,1.599578,0.050052,-0.060211,0.928474,-0.128441,-0.343239,16.250820,220.375300,358.589200
892.073,21,0.439978,1.603680,0.077487,-0.061902,0.926926,-0.123669,-0.348831,15.810090,221.010200,358.304000
892.184,21,0.489958,1.606360,0.099823,-0.061203,0.931536,-0.126296,-0.335476,16.043280,219.365100,358.253800
892.295,21,0.531534,1.606362,0.119259,-0.063663,0.934223,-0.129690,-0.326121,16.489710,218.188800,357.946300
892.406,21,0.577466,1.606687,0.147011,-0.063368,0.931006,-0.131886,-0.334392,16.735430,219.251500,358.217400
892.517,21,0.606815,1.610459,0.168812,-0.056659,0.929140,-0.118168,-0.345725,14.996810,220.635400,358.601100
892.628,21,0.635052,1.613007,0.191243,-0.053193,0.929666,-0.109517,-0.347704,13.923080,220.848500,358.657200
892.739,21,0.649752,1.613839,0.203346,-0.053579,0.930586,-0.107432,-0.345828,13.709940,220.592300,358.501000
892.850,21,0.662615,1.615284,0.213897,-0.051128,0.932220,-0.103499,-0.342987,13.181660,220.234200,358.568300
892.961,21,0.669670,1.616605,0.218533,-0.048343,0.935388,-0.096997,-0.336607,12.357100,219.423700,358.525300
893.072,21,0.676667,1.618029,0.217938,-0.041080,0.946420,-0.095042,-0.305890,11.831330,215.703400,358.851700
893.179,21,0.683569,1.617445,0.212356,-0.034492,0.961707,-0.100135,-0.252790,12.124690,209.356900,359.078900
893.290,21,0.691383,1.616216,0.202827,-0.023699,0.980547,-0.106849,-0.162941,12.548380,198.794400,359.315800
893.403,21,0.694139,1.615139,0.192971,-0.012924,0.991862,-0.107893,-0.066346,12.459260,187.581100,359.335700
893.515,21,0.691006,1.613937,0.184820,-0.004511,0.993641,-0.110985,0.018417,12.732050,177.790700,359.233200
893.626,21,0.679575,1.613669,0.174521,0.004857,0.985510,-0.110102,0.128932,12.607170,164.970900,358.895100
893.738,21,0.663458,1.616077,0.168061,0.012521,0.970369,-0.115793,0.211708,13.298530,155.215200,358.544000
893.849,21,0.638327,1.614953,0.161023,0.025772,0.944290,-0.123410,0.304009,14.402940,144.111600,358.440200
893.961,21,0.618268,1.611980,0.157608,0.036966,0.917752,-0.138983,0.370201,16.407850,135.761900,357.905900
894.071,21,0.603827,1.607963,0.159978,0.047340,0.888535,-0.153306,0.429839,18.248110,127.906000,357.123000
894.183,21,0.592377,1.606630,0.164266,0.055339,0.867960,-0.155797,0.468306,18.801070,122.802100,356.981000
894.294,21,0.583179,1.604576,0.164633,0.059637,0.860443,-0.156317,0.481297,19.050970,121.071300,357.098800
894.405,21,0.569739,1.607505,0.157897,0.055327,0.869626,-0.150529,0.466937,18.268870,123.103200,357.323200
894.516,21,0.553278,1.615493,0.144869,0.043642,0.902311,-0.128847,0.409057,15.558650,131.009600,358.414500
894.628,21,0.521645,1.633325,0.124881,0.024917,0.959407,-0.063329,0.273693,7.767657,148.207600,0.760226
894.739,21,0.488721,1.649315,0.113602,0.008611,0.990376,0.002440,0.138111,359.859300,164.121000,1.015906
894.850,21,0.450488,1.660064,0.107222,-0.003726,0.998914,0.046243,0.004423,354.697200,179.511400,359.595200
894.962,21,0.426955,1.661421,0.101104,-0.011363,0.996170,0.053494,-0.068222,353.971200,187.926300,358.274900
895.073,21,0.410051,1.660773,0.092544,-0.015649,0.988078,0.041668,-0.147381,355.541900,197.064000,357.516100
895.184,21,0.396518,1.657032,0.082228,-0.021460,0.967159,0.033203,-0.251080,356.936200,209.195400,356.659600
895.295,21,0.386610,1.651225,0.073766,-0.032600,0.933081,0.021281,-0.357554,359.060200,221.969200,355.637500
895.406,21,0.380677,1.642790,0.068051,-0.066982,0.861636,0.001304,-0.503085,3.735384,240.339600,353.281600
895.516,21,0.383309,1.637662,0.065633,-0.090011,0.794311,-0.013239,-0.600661,7.421279,253.715200,352.636500
895.627,21,0.387887,1.627348,0.059308,-0.111408,0.717513,-0.028767,-0.686976,11.206830,266.816700,352.952800
895.738,21,0.384939,1.619930,0.053807,-0.103989,0.663700,-0.021685,-0.740418,10.531460,275.684300,353.815100
895.848,21,0.376592,1.617404,0.052591,-0.094734,0.617963,-0.030710,-0.779874,10.702870,282.835900,355.962500
895.960,21,0.368318,1.618901,0.058335,-0.088610,0.603262,-0.031703,-0.791971,10.288480,285.107800,356.696800
896.071,21,0.353066,1.612470,0.072356,-0.104991,0.579198,-0.034822,-0.807647,12.118180,288.301100,356.166100
896.182,21,0.341126,1.612901,0.074928,-0.106959,0.577248,-0.044089,-0.808332,12.933360,288.589000,356.929400
896.293,21,0.340068,1.615565,0.072299,-0.107142,0.589580,-0.051579,-0.798910,13.415580,286.842300,357.411900
896.404,21,0.349229,1.619648,0.072430,-0.098163,0.597130,-0.047455,-0.794700,12.280250,285.894400,357.547800
896.515,21,0.358385,1.621156,0.077714,-0.096148,0.588200,-0.039833,-0.801991,11.600070,287.193000,357.120000
896.627,21,0.364682,1.623504,0.083543,-0.092873,0.578662,-0.033668,-0.809562,10.914160,288.591400,356.907500
896.738,21,0.365682,1.624576,0.085825,-0.091351,0.579889,-0.030881,-0.808968,10.580420,288.429700,356.735200
896.848,21,0.365145,1.625121,0.087573,-0.092426,0.581373,-0.027714,-0.807895,10.460920,288.186600,356.345100
896.960,21,0.364726,1.625456,0.088802,-0.093750,0.578463,-0.027160,-0.809848,10.560220,288.577100,356.239800
897.071,21,0.364259,1.626699,0.088921,-0.092537,0.575657,-0.022522,-0.812126,10.150430,288.977800,355.924600
897.182,21,0.363363,1.625988,0.088053,-0.095100,0.576911,-0.023507,-0.810911,10.448830,288.759200,355.824500
897.294,21,0.363915,1.625519,0.080889,-0.098212,0.594291,-0.027480,-0.797758,10.915490,286.224400,355.743000
897.404,21,0.365658,1.626479,0.065920,-0.098739,0.634537,-0.026959,-0.766086,10.690150,280.272100,355.096200
897.516,21,0.369021,1.626711,0.055885,-0.097161,0.650895,-0.028221,-0.752396,10.541310,277.821500,355.097600
897.627,21,0.373283,1.626390,0.048595,-0.094139,0.656862,-0.032747,-0.747394,10.587560,276.973300,355.640300
897.738,21,0.375840,1.626223,0.046043,-0.092862,0.656028,-0.033119,-0.748270,10.511070,277.128300,355.784400
897.849,21,0.377864,1.625935,0.044200,-0.091011,0.653803,-0.036436,-0.750287,10.615200,277.513200,356.247200
897.960,21,0.378714,1.626067,0.043091,-0.090001,0.653820,-0.037169,-0.750359,10.583620,277.531400,356.389100
898.071,21,0.378767,1.625773,0.042868,-0.090613,0.653879,-0.038416,-0.750171,10.730470,277.512900,356.448500
898.183,21,0.379642,1.625338,0.042761,-0.092298,0.654478,-0.038372,-0.749445,10.869480,277.387900,356.304500
898.293,21,0.382205,1.625339,0.043475,-0.092425,0.652514,-0.038116,-0.751153,10.870620,277.687300,356.301100
898.404,21,0.385465,1.625362,0.046240,-0.092447,0.645708,-0.037341,-0.757047,10.847520,278.727800,356.330900
898.516,21,0.387631,1.625874,0.047963,-0.092937,0.642250,-0.035184,-0.760026,10.746430,279.240100,356.154100
898.627,21,0.388798,1.625563,0.046082,-0.093910,0.649352,-0.037402,-0.753740,10.961050,278.142200,356.170000
898.738,21,0.388594,1.624912,0.042662,-0.095393,0.659161,-0.041966,-0.744746,11.385670,276.608200,356.300600
898.849,21,0.388176,1.624417,0.037598,-0.096409,0.670937,-0.045420,-0.733816,11.679690,274.750300,356.328600
898.960,21,0.388925,1.624068,0.034232,-0.095972,0.676094,-0.047888,-0.728967,11.810420,273.946800,356.488300
899.071,21,0.390735,1.624490,0.032112,-0.093574,0.678324,-0.047386,-0.727238,11.559580,273.642500,356.604600
899.183,21,0.393431,1.626631,0.029233,-0.086200,0.687319,-0.043725,-0.719896,10.615420,272.351400,356.760700
899.294,21,0.399017,1.630592,0.020069,-0.076590,0.720195,-0.036236,-0.688578,9.071685,267.150300,356.492300
899.405,21,0.412915,1.635417,-0.000409,-0.058868,0.776982,-0.034024,-0.625841,7.270616,257.521800,357.174900
899.516,21,0.426994,1.637406,-0.019297,-0.047719,0.818907,-0.037846,-0.570686,6.687231,249.626500,357.982900
899.628,21,0.446765,1.638228,-0.042009,-0.039902,0.860611,-0.042407,-0.505923,6.509394,240.815000,358.513700
899.739,21,0.460776,1.637949,-0.055862,-0.037754,0.878333,-0.046361,-0.474296,6.733612,236.661800,358.710800
899.850,21,0.475846,1.636426,-0.068791,-0.036458,0.888765,-0.051776,-0.453968,7.188545,234.050000,358.972200
899.962,21,0.484092,1.634344,-0.075604,-0.038703,0.891274,-0.054269,-0.448540,7.553785,233.350900,358.826300
900.072,21,0.487953,1.632505,-0.079542,-0.041996,0.891459,-0.059429,-0.447220,8.251566,233.192500,358.742500
900.184,21,0.486687,1.630822,-0.081052,-0.045475,0.887900,-0.059299,-0.453928,8.429186,234.040700,358.440600
900.295,21,0.478264,1.626606,-0.082805,-0.048475,0.881912,-0.063460,-0.464601,9.031412,235.439900,358.460400
900.406,21,0.454100,1.619724,-0.089719,-0.052023,0.876985,-0.075132,-0.471748,10.420060,236.445200,358.813800
900.517,21,0.427250,1.612723,-0.099224,-0.055566,0.877820,-0.084226,-0.468242,11.531510,236.042000,358.907700
900.628,21,0.389000,1.601372,-0.116950,-0.056656,0.883558,-0.098190,-0.454395,13.002950,234.358600,359.359900
900.739,21,0.361406,1.591372,-0.133192,-0.054446,0.889622,-0.102615,-0.441677,13.336680,232.763900,359.633300
900.850,21,0.330991,1.578509,-0.155211,-0.055892,0.895713,-0.110451,-0.427055,14.217500,230.938700,359.657800
900.962,21,0.311641,1.568899,-0.173727,-0.058917,0.901631,-0.118742,-0.411692,15.226450,229.016400,359.496900
901.073,21,0.308581,1.564226,-0.193985,-0.061471,0.914946,-0.126380,-0.378315,16.127350,224.786100,358.994300
901.184,21,0.323069,1.562037,-0.218299,-0.061614,0.935569,-0.130644,-0.322252,16.508870,217.742400,358.141900
901.295,21,0.344866,1.559505,-0.240952,-0.057416,0.950886,-0.135194,-0.272473,16.762040,211.665700,357.874100
901.407,21,0.375779,1.555881,-0.267986,-0.051322,0.962247,-0.139888,-0.227767,17.013270,206.319800,357.899700
901.518,21,0.398882,1.552310,-0.287389,-0.047504,0.967085,-0.141578,-0.206023,17.062250,203.750700,357.989200
901.628,21,0.425489,1.548084,-0.308399,-0.047942,0.970552,-0.140902,-0.189414,16.957750,201.731700,357.622300
901.740,21,0.444600,1.545193,-0.318880,-0.046810,0.971207,-0.145120,-0.183047,17.398780,200.999700,357.729900
901.851,21,0.463308,1.547523,-0.326405,-0.042348,0.973354,-0.146478,-0.171269,17.436940,199.661700,358.062000
901.962,21,0.467549,1.553764,-0.338465,-0.042454,0.975465,-0.139675,-0.164796,16.647860,198.856100,357.799400
902.073,21,0.459830,1.550823,-0.361304,-0.041835,0.976570,-0.140524,-0.157524,16.716880,197.997000,357.759800
902.185,21,0.439382,1.544993,-0.396437,-0.048416,0.977963,-0.140826,-0.146328,16.834860,196.545400,356.796700
902.296,21,0.411896,1.539360,-0.439026,-0.052841,0.980022,-0.136164,-0.134999,16.329080,195.113500,356.008100
902.407,21,0.375482,1.531721,-0.501323,-0.053587,0.981740,-0.135557,-0.122224,16.216170,193.579700,355.694900
902.518,21,0.352851,1.527818,-0.547121,-0.053224,0.982481,-0.136548,-0.115126,16.293990,192.740800,355.629700
902.629,21,0.332942,1.521290,-0.596194,-0.051372,0.983420,-0.141926,-0.100517,16.826360,191.029200,355.655600
902.741,21,0.324170,1.512449,-0.625752,-0.051246,0.983341,-0.147441,-0.093147,17.428540,190.146600,355.592800
902.852,21,0.324430,1.501295,-0.642140,-0.046757,0.982864,-0.153097,-0.091396,18.028770,190.013500,356.145300
902.963,21,0.333411,1.480749,-0.646812,-0.043792,0.982387,-0.159795,-0.086397,18.755290,189.467600,356.462300
903.075,21,0.348855,1.451903,-0.640699,-0.046040,0.981609,-0.164789,-0.084667,19.348420,189.212000,356.202900
903.185,21,0.381144,1.409170,-0.620500,-0.044363,0.981560,-0.165609,-0.084537,19.427290,189.229800,356.407700
903.296,21,0.412331,1.371847,-0.599041,-0.039361,0.981173,-0.170535,-0.081658,19.942530,188.985300,356.988300
903.408,21,0.451708,1.322546,-0.570071,-0.031785,0.980963,-0.175126,-0.077671,20.396970,188.667600,357.850500
903.518,21,0.478786,1.284766,-0.550980,-0.031860,0.979618,-0.184331,-0.073179,21.457530,188.130700,357.817600
903.629,21,0.509856,1.242278,-0.530457,-0.032109,0.978166,-0.194426,-0.066018,22.619000,187.261000,357.693800
903.740,21,0.536749,1.206633,-0.514445,-0.029099,0.976862,-0.203026,-0.060623,23.589710,186.681400,357.984200
903.851,21,0.564925,1.174323,-0.500236,-0.029380,0.975581,-0.211072,-0.053167,24.516830,185.761400,357.802900
903.962,21,0.594741,1.149838,-0.487483,-0.026306,0.974303,-0.219032,-0.045458,25.416760,184.894100,358.011100
904.073,21,0.629919,1.138751,-0.471623,-0.024464,0.973650,-0.224355,-0.032755,26.007530,183.368400,357.899500
904.185,21,0.670793,1.149569,-0.447840,-0.026595,0.975280,-0.219178,-0.009087,25.340840,180.384600,356.962400
904.296,21,0.706517,1.176042,-0.418903,-0.026514,0.978853,-0.202401,0.013326,23.299310,177.702400,356.423100
904.407,21,0.744696,1.222579,-0.373075,-0.019539,0.983114,-0.179816,0.027763,20.638760,176.224900,357.035200
904.519,21,0.766845,1.266144,-0.334328,-0.016828,0.987072,-0.157374,0.025274,18.048910,176.672300,357.517900
904.629,21,0.786633,1.324682,-0.279872,-0.012803,0.990562,-0.135242,0.018227,15.513490,177.646200,358.198400
904.741,21,0.794668,1.377695,-0.230355,-0.016683,0.993324,-0.114031,0.005100,13.083410,179.180200,357.981500
904.852,21,0.795740,1.428300,-0.182184,-0.018786,0.995599,-0.090948,-0.012547,10.461060,181.256700,357.953100
904.963,21,0.792049,1.474683,-0.137222,-0.020312,0.996701,-0.073719,-0.027216,8.514330,182.970900,357.886300
905.074,21,0.783399,1.520613,-0.096223,-0.021366,0.997282,-0.052521,-0.047044,6.128963,185.285200,357.828400
905.185,21,0.766130,1.565928,-0.057573,-0.024581,0.994467,-0.027950,-0.098240,3.463945,191.208100,357.508100
905.296,21,0.736303,1.596695,-0.020654,-0.024964,0.974733,-0.011478,-0.221678,1.916586,205.583300,357.501000
905.407,21,0.692236,1.619575,0.032068,-0.022865,0.909215,0.010100,-0.415575,0.036521,229.126500,357.135500
905.517,21,0.666322,1.625586,0.066677,-0.030982,0.863414,0.017897,-0.503225,0.015803,240.469500,355.899100
905.628,21,0.640006,1.630013,0.102331,-0.047824,0.826384,0.033237,-0.560088,359.922000,248.260100,353.323000
905.739,21,0.620773,1.635216,0.134469,-0.055149,0.795277,0.040558,-0.602369,0.110599,254.275400,352.150100
905.850,21,0.597994,1.637993,0.175662,-0.065910,0.764451,0.054264,-0.639003,0.072712,259.778100,350.205200
905.962,21,0.574145,1.637033,0.205771,-0.073052,0.750383,0.059908,-0.654218,0.325247,262.135900,349.162600
906.072,21,0.545183,1.635012,0.231835,-0.076562,0.738681,0.066274,-0.666406,0.236706,264.086700,348.378700
906.184,21,0.507802,1.630998,0.256707,-0.080177,0.724507,0.059093,-0.682033,1.360381,266.405500,348.647800
906.295,21,0.467631,1.629417,0.280706,-0.077017,0.709867,0.047720,-0.698484,2.283306,268.871200,349.854600
906.405,21,0.404593,1.629514,0.315983,-0.072233,0.677550,0.032911,-0.731180,3.499068,274.103000,351.588400
906.516,21,0.347191,1.624347,0.338735,-0.062201,0.650862,0.005897,-0.756621,4.959322,278.370000,354.823200
906.627,21,0.272467,1.617478,0.359813,-0.032165,0.627308,-0.009981,-0.778043,3.587561,282.199400,358.574700
906.739,21,0.219239,1.610333,0.373525,-0.026427,0.625215,-0.020271,-0.779742,3.816484,282.550400,359.917800
906.850,21,0.167133,1.603217,0.392131,-0.029911,0.635726,-0.030032,-0.770750,4.835333,280.987400,0.475179
906.961,21,0.138642,1.598890,0.408231,-0.042543,0.641385,-0.030424,-0.765434,5.978434,280.054200,359.539200
907.072,21,0.123758,1.595879,0.420112,-0.056989,0.650092,-0.032652,-0.757012,7.396563,278.598500,358.575000
907.184,21,0.118221,1.595816,0.428845,-0.061981,0.652970,-0.032650,-0.754137,7.823543,278.099200,358.166500
907.295,21,0.115203,1.595227,0.434734,-0.061889,0.652107,-0.032741,-0.754887,7.824473,278.232200,358.190300
907.406,21,0.108712,1.590685,0.441921,-0.063576,0.647361,-0.037999,-0.758577,8.375069,278.941300,358.571500
907.517,21,0.102701,1.587165,0.446740,-0.068400,0.648584,-0.041242,-0.756940,9.035586,278.696200,358.474500
907.628,21,0.096543,1.584058,0.453422,-0.074009,0.646682,-0.043775,-0.757898,9.718019,278.909400,358.292700
907.739,21,0.093907,1.581988,0.457624,-0.076182,0.647282,-0.046266,-0.757021,10.092500,278.789700,358.336900
907.850,21,0.092525,1.581427,0.461054,-0.079025,0.651368,-0.047275,-0.753154,10.406000,278.121600,358.150800
907.961,21,0.093687,1.582643,0.462030,-0.079847,0.655737,-0.045012,-0.749405,10.294430,277.431900,357.830100
908.072,21,0.099072,1.583300,0.456649,-0.081702,0.662476,-0.046002,-0.743192,10.509090,276.359100,357.675700
908.184,21,0.109121,1.587575,0.447807,-0.077781,0.672243,-0.048085,-0.734661,10.307730,274.902300,358.024100
908.294,21,0.122206,1.592893,0.434971,-0.077806,0.705081,-0.046027,-0.703341,10.041030,269.628400,357.382200
908.406,21,0.147794,1.603126,0.409246,-0.082882,0.791124,-0.041535,-0.604589,9.551770,254.381700,355.293300
908.516,21,0.176697,1.610667,0.384921,-0.086107,0.867821,-0.040996,-0.487638,8.924497,238.167200,353.638000
908.627,21,0.217264,1.618648,0.360152,-0.080967,0.933766,-0.040191,-0.346280,7.535026,220.222400,352.851000
908.738,21,0.243447,1.621554,0.349661,-0.072638,0.957699,-0.048052,-0.274276,7.578481,211.529300,353.467600
908.849,21,0.264007,1.624112,0.344303,-0.067516,0.968645,-0.046390,-0.234556,6.981213,206.839000,353.693300
908.960,21,0.272264,1.624727,0.344816,-0.063862,0.968426,-0.046384,-0.236478,6.894612,207.090100,354.117200
909.071,21,0.275411,1.625813,0.345614,-0.064255,0.967071,-0.045352,-0.242051,6.824173,207.751100,354.085000
909.183,21,0.273651,1.626382,0.349224,-0.064324,0.964002,-0.043278,-0.254340,6.670613,209.216200,354.105500
909.293,21,0.266994,1.627253,0.355957,-0.065951,0.957162,-0.036850,-0.279525,6.166166,212.230500,353.900000
909.405,21,0.253866,1.627021,0.365384,-0.070461,0.941972,-0.031015,-0.326745,5.997004,217.920100,353.506200
909.516,21,0.238060,1.625760,0.374491,-0.077345,0.921313,-0.028382,-0.379993,6.377491,224.437200,353.009700
909.627,21,0.217995,1.623674,0.381840,-0.082829,0.890237,-0.027823,-0.447039,7.099525,232.886900,352.903200
909.739,21,0.204983,1.621975,0.378597,-0.084135,0.872974,-0.029798,-0.479531,7.626527,237.103100,353.144100
909.849,21,0.194625,1.620754,0.362187,-0.081706,0.867015,-0.030445,-0.490595,7.640797,238.573200,353.522700
909.961,21,0.188137,1.621291,0.339926,-0.075941,0.866350,-0.032716,-0.492546,7.556048,238.858900,354.247900
910.072,21,0.176741,1.622998,0.311171,-0.068832,0.864993,-0.030113,-0.496127,6.914820,239.362200,354.844900
910.183,21,0.159941,1.622568,0.277977,-0.066338,0.863946,-0.033972,-0.498039,7.167964,239.631700,355.329600
910.294,21,0.144839,1.620604,0.248978,-0.067672,0.862821,-0.033714,-0.499823,7.228506,239.862900,355.196400
910.405,21,0.126477,1.617451,0.212649,-0.068098,0.860317,-0.041594,-0.503475,8.055850,240.366800,355.639100
910.516,21,0.114675,1.615171,0.187177,-0.068235,0.857944,-0.042701,-0.507399,8.193439,240.895100,355.726900
910.628,21,0.101913,1.612890,0.155692,-0.066472,0.856010,-0.045748,-0.510623,8.407061,241.347600,356.111800
910.739,21,0.093086,1.611099,0.131697,-0.062571,0.856840,-0.049254,-0.509396,8.519928,241.217000,356.693100
910.850,21,0.083236,1.608247,0.102862,-0.060957,0.860923,-0.054773,-0.502091,8.947069,240.274700,357.101200
910.961,21,0.075345,1.605102,0.079847,-0.060478,0.866145,-0.060470,-0.492422,9.457355,239.020900,357.373000
911.072,21,0.068203,1.601435,0.060085,-0.059433,0.871241,-0.066126,-0.482736,9.939212,237.778800,357.689000
911.184,21,0.061040,1.598002,0.043273,-0.058270,0.876258,-0.070585,-0.473069,10.301750,236.541300,357.941700
911.295,21,0.053606,1.595498,0.030948,-0.058809,0.880419,-0.075063,-0.464510,10.766580,235.446400,358.027300
911.406,21,0.039944,1.593788,0.015546,-0.060680,0.885594,-0.075402,-0.454263,10.875850,234.094300,357.725600
911.518,21,0.025349,1.591447,0.001978,-0.062251,0.889284,-0.077912,-0.446350,11.194670,233.070300,357.595000
911.628,21,0.004028,1.588183,-0.015606,-0.066393,0.895620,-0.082578,-0.432017,11.846040,231.213000,357.213700
911.740,21,-0.017692,1.589176,-0.030432,-0.067708,0.902405,-0.074989,-0.418876,11.073250,229.463000,356.531200
911.851,21,-0.050281,1.588244,-0.054325,-0.070734,0.909667,-0.076939,-0.401974,11.352440,227.291800,356.091300
911.962,21,-0.078493,1.587441,-0.076395,-0.071717,0.913236,-0.076081,-0.393788,11.270560,226.241300,355.844300
912.073,21,-0.103526,1.585333,-0.098538,-0.070532,0.915398,-0.080978,-0.387962,11.711410,225.537900,356.117800
912.184,21,-0.127043,1.582745,-0.120215,-0.069669,0.918372,-0.082233,-0.380759,11.776510,224.643100,356.172900
912.295,21,-0.146456,1.578417,-0.137612,-0.070565,0.919987,-0.086393,-0.375740,12.238890,224.023600,356.191300
912.407,21,-0.169091,1.572703,-0.157557,-0.070475,0.920782,-0.091179,-0.372666,12.734870,223.663300,356.365900
912.518,21,-0.182658,1.569298,-0.170332,-0.070829,0.921596,-0.093272,-0.370061,12.964140,223.343900,356.380600
912.629,21,-0.194540,1.566369,-0.182377,-0.071830,0.923086,-0.094787,-0.365743,13.152030,222.799000,356.274300
912.740,21,-0.203935,1.564601,-0.190667,-0.073771,0.923905,-0.096986,-0.362701,13.457600,222.408400,356.111100
912.851,21,-0.214414,1.561803,-0.198155,-0.077097,0.924496,-0.097177,-0.360444,13.606800,222.089100,355.722200
912.962,21,-0.226323,1.558241,-0.206031,-0.081342,0.923534,-0.099754,-0.361273,14.065140,222.159000,355.377900
913.073,21,-0.238238,1.554680,-0.214512,-0.085587,0.922960,-0.101867,-0.361170,14.469310,222.107300,354.999200
913.185,21,-0.249770,1.551458,-0.223305,-0.088040,0.922990,-0.102391,-0.360352,14.623330,221.977600,354.738800
913.295,21,-0.260105,1.547974,-0.231318,-0.089924,0.922356,-0.103344,-0.361239,14.809540,222.071300,354.585900
913.407,21,-0.273181,1.542176,-0.242137,-0.091446,0.921247,-0.107258,-0.362542,15.303230,222.237100,354.603200
913.518,21,-0.282627,1.538142,-0.250133,-0.092681,0.920575,-0.110203,-0.363053,15.675930,222.302200,354.599200
913.628,21,-0.293239,1.533602,-0.259681,-0.094712,0.920019,-0.114585,-0.362581,16.231650,222.241300,354.550600
913.740,21,-0.300507,1.531299,-0.266330,-0.096240,0.920505,-0.115542,-0.360637,16.387270,221.979800,354.386700
913.851,21,-0.306644,1.529299,-0.272023,-0.096938,0.920816,-0.116302,-0.359409,16.491110,221.819000,354.318700
913.962,21,-0.300967,1.528957,-0.269179,-0.103033,0.919566,-0.121890,-0.359062,17.347250,221.721800,353.868100
914.073,21,-0.280547,1.537628,-0.256469,-0.098205,0.919472,-0.111529,-0.363989,16.056600,222.355900,354.062800
914.184,21,-0.247244,1.549533,-0.235828,-0.087162,0.919336,-0.100639,-0.370265,14.453090,223.229900,354.920500
914.296,21,-0.207734,1.558512,-0.211010,-0.079371,0.918835,-0.089745,-0.376017,12.979980,223.986900,355.387300
914.407,21,-0.140661,1.566436,-0.167666,-0.072399,0.917030,-0.074979,-0.384958,11.142990,225.116000,355.612700
914.518,21,-0.075629,1.573718,-0.125209,-0.069380,0.914943,-0.065334,-0.392171,10.018850,226.016100,355.590400
914.629,21,0.013656,1.586894,-0.064982,-0.063827,0.914152,-0.050198,-0.397156,8.191082,226.646400,355.548600
914.740,21,0.078071,1.596414,-0.019338,-0.066894,0.913361,-0.044422,-0.399153,7.732460,226.872600,354.978500
914.850,21,0.144381,1.608817,0.028378,-0.064887,0.912767,-0.037588,-0.401538,6.934075,227.181400,354.898600
914.961,21,0.190309,1.616807,0.061629,-0.062821,0.914619,-0.031894,-0.398130,6.220958,226.765700,354.833600
915.072,21,0.225618,1.624405,0.090621,-0.066599,0.913008,-0.038664,-0.400609,7.120758,227.055400,354.759500
915.183,21,0.248562,1.631435,0.113856,-0.066965,0.907599,-0.035803,-0.412914,6.908903,228.605300,354.683300
915.294,21,0.261315,1.630926,0.128392,-0.065862,0.902694,-0.035551,-0.423724,6.892008,229.981500,354.869400
915.405,21,0.268868,1.627968,0.141295,-0.071596,0.901786,-0.041673,-0.424169,7.810535,230.010200,354.568600
915.516,21,0.269128,1.627298,0.147823,-0.072420,0.902701,-0.040387,-0.422202,7.704674,229.754700,354.403400
915.627,21,0.265994,1.626000,0.152445,-0.077187,0.904979,-0.040953,-0.416387,7.955435,228.989000,353.879100
915.738,21,0.262222,1.625859,0.153518,-0.079631,0.905963,-0.039188,-0.413951,7.870389,228.666600,353.517200
915.849,21,0.258033,1.625641,0.153086,-0.080362,0.908184,-0.042068,-0.408625,8.168615,227.986800,353.527200
915.963,21,0.255723,1.626168,0.151871,-0.080988,0.910217,-0.041283,-0.404032,8.082375,227.403600,353.383800
916.069,21,0.254060,1.626964,0.149561,-0.079507,0.912788,-0.040670,-0.398550,7.910260,226.722600,353.465000
916.181,21,0.251422,1.627507,0.146961,-0.078728,0.915273,-0.042929,-0.392727,8.072192,225.994400,353.598200
916.292,21,0.248567,1.628005,0.144211,-0.078598,0.917899,-0.043072,-0.386559,8.038393,225.222600,353.564100
916.404,21,0.245497,1.627523,0.141628,-0.078286,0.919933,-0.046476,-0.381359,8.350012,224.572600,353.699100
916.515,21,0.242930,1.626539,0.140516,-0.078094,0.921391,-0.050912,-0.377291,8.786178,224.065000,353.872300
916.626,21,0.240826,1.625358,0.140775,-0.078635,0.923052,-0.057194,-0.372183,9.446115,223.425900,354.030100
916.737,21,0.242752,1.625645,0.144750,-0.078601,0.923927,-0.059342,-0.369675,9.658072,223.114900,354.098100
916.848,21,0.250019,1.626499,0.153553,-0.075168,0.923566,-0.059948,-0.371190,9.586411,223.330600,354.509700
916.960,21,0.258069,1.627281,0.162355,-0.070703,0.924753,-0.058993,-0.369259,9.283687,223.122400,354.931000
917.070,21,0.268276,1.627540,0.175619,-0.065815,0.924991,-0.055155,-0.370160,8.670964,223.264100,355.304500
917.182,21,0.274613,1.627288,0.186714,-0.063312,0.923070,-0.053546,-0.375588,8.419048,223.954500,355.555400
917.292,21,0.279238,1.627909,0.196594,-0.059007,0.920208,-0.045375,-0.384288,7.403712,225.055800,355.736500
917.404,22,0.283921,1.627545,0.203814,-0.059532,0.918948,-0.044469,-0.387315,7.345115,225.430200,355.665000
917.515,22,0.287870,1.627697,0.208125,-0.058371,0.920194,-0.042503,-0.384745,7.073215,225.113900,355.681900
917.626,22,0.292163,1.629583,0.212410,-0.055373,0.921255,-0.035414,-0.383365,6.183168,224.954300,355.680900
917.738,22,0.294984,1.631632,0.214926,-0.055005,0.919738,-0.028031,-0.387649,5.405676,225.492500,355.422800
917.848,22,0.297369,1.635424,0.216146,-0.054066,0.917272,-0.014620,-0.394305,3.982856,226.347100,354.959000
917.960,22,0.298526,1.637746,0.215448,-0.050546,0.916255,-0.006597,-0.397340,2.995465,226.757200,354.980000
918.071,22,0.297016,1.639927,0.213679,-0.045443,0.912186,0.000256,-0.407249,2.094441,228.029900,355.229300
918.182,22,0.292159,1.643627,0.213832,-0.037127,0.900657,0.017859,-0.432574,-0.002841,231.308900,355.277600
918.294,22,0.282792,1.648320,0.215896,-0.024954,0.884635,0.042112,-0.463707,357.055700,235.448000,355.220900
918.405,22,0.260967,1.654274,0.219721,-0.005567,0.864117,0.077483,-0.497259,352.624500,240.160200,354.985800
918.517,22,0.235133,1.655536,0.220096,0.003010,0.855890,0.098579,-0.507666,350.107400,241.827100,354.469800
918.628,22,0.188437,1.657019,0.215672,0.010832,0.856938,0.119627,-0.501227,347.532600,241.298500,354.041700
918.740,22,0.136731,1.659774,0.206020,0.012710,0.870934,0.136739,-0.471821,345.512100,237.698900,353.661400
918.851,22,0.077972,1.664285,0.191991,0.020515,0.889887,0.148502,-0.430845,343.621700,232.456200,354.530400
918.963,22,0.020390,1.671331,0.175398,0.016019,0.920217,0.152985,-0.359917,342.956900,223.448500,355.161500
919.074,22,-0.025181,1.677435,0.163595,0.011375,0.939575,0.151704,-0.306685,343.019200,216.796100,355.702100
919.185,22,-0.074881,1.678577,0.151083,0.007083,0.949892,0.143079,-0.277819,343.993000,213.159800,356.060200
919.296,22,-0.104752,1.678124,0.139487,0.001822,0.954562,0.134428,-0.265964,345.071700,211.667400,355.962800
919.407,22,-0.132322,1.676149,0.121416,-0.000252,0.959310,0.126864,-0.252252,345.920000,209.935900,356.188000
919.518,22,-0.147792,1.672414,0.104696,-0.002872,0.962800,0.118662,-0.242749,346.873600,208.729800,356.282600
919.628,22,-0.162501,1.668475,0.080449,-0.004955,0.966047,0.107389,-0.234937,348.161300,207.702100,356.483400
919.740,22,-0.171596,1.665151,0.057708,-0.006610,0.968017,0.098912,-0.230470,349.137700,207.108000,356.591500
919.851,22,-0.178611,1.659931,0.034175,-0.007651,0.967854,0.093017,-0.233557,349.835200,207.435700,356.606800
919.962,22,-0.183659,1.657582,0.010715,-0.007871,0.965823,0.091274,-0.242473,350.067300,208.486900,356.538900
920.074,22,-0.188006,1.659506,-0.013913,-0.010343,0.963425,0.097501,-0.249395,349.472300,209.394900,356.001200
920.184,22,-0.191803,1.659293,-0.039580,-0.012041,0.963707,0.096026,-0.248804,349.683300,209.326000,355.862100
920.295,22,-0.194669,1.658876,-0.059851,-0.012369,0.963842,0.096323,-0.248150,349.657000,209.253700,355.823300
920.407,22,-0.198257,1.658273,-0.083010,-0.013787,0.964324,0.096749,-0.246026,349.641200,209.017100,355.674300
920.518,22,-0.200682,1.657920,-0.098413,-0.015058,0.964842,0.094976,-0.244608,349.868500,208.842100,355.600100
920.628,22,-0.203867,1.657816,-0.115044,-0.016560,0.965015,0.095074,-0.243788,349.896900,208.759100,355.437300
920.739,22,-0.205576,1.658114,-0.125123,-0.017741,0.965169,0.096078,-0.242700,349.813500,208.650100,355.286200
920.850,22,-0.206420,1.659286,-0.132180,-0.020273,0.966126,0.099301,-0.237336,349.499000,208.066700,354.964200
920.961,22,-0.206591,1.660772,-0.130851,-0.021360,0.967393,0.100542,-0.231485,349.360000,207.392200,354.870200
921.072,22,-0.204867,1.662407,-0.115474,-0.025492,0.968671,0.106428,-0.222933,348.765700,206.478900,354.333900
921.184,22,-0.200755,1.660485,-0.080531,-0.026679,0.970598,0.114046,-0.210289,347.867900,205.072300,354.143700
921.295,22,-0.197605,1.661381,-0.034811,-0.027826,0.974898,0.120255,-0.185305,347.046500,202.185600,354.180100
921.407,22,-0.196689,1.659932,0.035372,-0.027415,0.980762,0.130003,-0.143015,345.690300,197.269400,354.613600
921.516,22,-0.199718,1.658418,0.090975,-0.019662,0.984900,0.135270,-0.106239,344.794800,192.848500,355.990600
921.627,22,-0.203043,1.656260,0.156206,-0.019440,0.989055,0.134242,-0.058061,344.734800,187.149600,356.788700
921.738,22,-0.203335,1.658769,0.197688,-0.019743,0.990459,0.130785,-0.038687,345.075500,184.856200,357.079600
921.849,22,-0.203776,1.664386,0.237222,-0.016225,0.990578,0.133661,-0.025033,344.693100,183.205400,357.692400
921.960,22,-0.205923,1.666690,0.259574,-0.018049,0.990908,0.132743,-0.012422,344.774100,181.746600,357.679500
922.071,22,-0.208812,1.666031,0.272052,-0.019761,0.991516,0.128463,0.001426,345.238100,180.133200,357.699200
922.182,22,-0.211656,1.664396,0.277039,-0.026490,0.992190,0.121050,0.014316,346.056400,178.701400,357.100100
922.293,22,-0.212024,1.662021,0.279015,-0.032765,0.992520,0.115507,0.022096,346.659700,177.862400,356.468500
922.404,22,-0.209358,1.662171,0.278031,-0.033948,0.992552,0.114266,0.025120,346.789200,177.521100,356.369300
922.516,22,-0.206927,1.660983,0.277191,-0.029953,0.992935,0.109352,0.035014,347.334600,176.298800,356.955200
922.628,22,-0.207843,1.658997,0.277436,-0.027336,0.993573,0.101111,0.042929,348.271800,175.326400,357.328400
922.739,22,-0.210373,1.658568,0.277356,-0.029983,0.993526,0.100265,0.044217,348.352900,175.206300,357.032100
922.850,22,-0.213629,1.658051,0.277194,-0.031971,0.993801,0.098297,0.040941,348.580300,175.606500,356.754300
922.962,22,-0.215210,1.658046,0.277129,-0.032829,0.993784,0.098464,0.040258,348.559600,175.696400,356.647200
923.072,22,-0.216312,1.659021,0.276991,-0.031626,0.993735,0.100482,0.037328,348.342200,176.028500,356.759900
923.184,22,-0.217165,1.658188,0.276854,-0.028533,0.994426,0.096174,0.032452,348.864700,176.549400,357.049400
923.295,22,-0.218596,1.657834,0.277574,-0.026939,0.994911,0.093030,0.027800,349.244900,177.065000,357.174400
923.406,22,-0.219879,1.656620,0.279655,-0.027352,0.995527,0.087505,0.022808,349.893700,177.635000,357.061500
923.517,22,-0.220001,1.655634,0.281361,-0.028385,0.995938,0.083086,0.019979,350.408000,177.961200,356.906000
923.628,23,-0.218264,1.654051,0.283941,-0.029587,0.996361,0.077164,0.020839,351.083200,177.855900,356.765400
923.739,23,-0.216170,1.653053,0.286423,-0.029246,0.996525,0.073901,0.024919,351.445700,177.371900,356.834600
923.850,23,-0.213298,1.652186,0.289829,-0.029141,0.996590,0.071452,0.029212,351.713700,176.868300,356.877200
923.961,23,-0.210102,1.650140,0.291336,-0.028973,0.997312,0.059821,0.030824,353.044000,176.649400,356.875600
924.072,23,-0.205739,1.647597,0.290963,-0.027607,0.998004,0.045191,0.034399,354.715500,176.190000,357.006900
924.183,23,-0.200637,1.644550,0.288704,-0.025005,0.998509,0.027589,0.039926,356.727100,175.498700,357.259600
924.294,23,-0.195633,1.640131,0.284330,-0.020927,0.998707,0.001593,0.046301,359.706700,174.697300,357.612800
924.405,23,-0.187825,1.632926,0.276989,-0.015033,0.997474,-0.036329,0.059159,4.053906,173.142000,358.030100
924.515,23,-0.181502,1.625116,0.269056,-0.011574,0.995009,-0.072046,0.068064,8.151827,172.038000,358.098900
924.626,23,-0.176260,1.612985,0.251830,-0.007165,0.990901,-0.115313,0.069037,13.152180,171.824800,358.227400
924.737,23,-0.172565,1.602730,0.230813,-0.008018,0.987177,-0.145126,0.065999,16.587020,172.045200,357.907900
924.848,23,-0.166395,1.589997,0.193069,-0.009279,0.983568,-0.171199,0.056563,19.616430,173.021600,357.711100
924.959,23,-0.158176,1.575328,0.156118,-0.009440,0.981112,-0.186435,0.050718,21.399550,173.646100,357.695700
925.070,23,-0.142642,1.548420,0.103778,-0.008302,0.978402,-0.201252,0.046460,23.143760,174.116700,357.822000
925.181,23,-0.124264,1.519008,0.054231,-0.011898,0.976617,-0.212527,0.030169,24.481400,175.968500,357.729100
925.292,23,-0.100441,1.488090,0.006402,-0.012443,0.972194,-0.233693,0.008509,27.012040,178.561900,358.188000
925.403,23,-0.071658,1.461884,-0.039686,-0.019615,0.967250,-0.252978,-0.006635,29.317340,180.191400,357.726600
925.515,23,-0.045431,1.438408,-0.076691,-0.030246,0.963320,-0.265511,-0.024568,30.865830,182.087800,356.979700
925.625,23,-0.012584,1.404259,-0.117438,-0.035643,0.956936,-0.285974,-0.034976,33.353970,183.194900,356.691100
925.736,23,0.009569,1.379773,-0.146133,-0.042177,0.953033,-0.296953,-0.042052,34.719520,183.844100,356.134100
925.847,23,0.035826,1.349936,-0.179474,-0.046444,0.947536,-0.312296,-0.049895,36.616650,184.684200,355.938400
925.958,23,0.052148,1.326411,-0.202290,-0.047634,0.944673,-0.320144,-0.053219,37.584650,185.071300,355.953400
926.069,23,0.067409,1.300836,-0.228312,-0.047787,0.942808,-0.324523,-0.059278,38.140500,185.893700,356.235800
926.180,23,0.076877,1.277679,-0.249580,-0.043722,0.942130,-0.327038,-0.059380,38.419640,186.102600,356.814000
926.291,23,0.082500,1.253248,-0.267957,-0.044383,0.939729,-0.333993,-0.058215,39.263900,185.913400,356.703000
926.403,23,0.084403,1.229727,-0.284833,-0.044991,0.938666,-0.337361,-0.055413,39.666960,185.492000,356.493900
926.513,23,0.084730,1.199628,-0.304949,-0.042755,0.940196,-0.333620,-0.053867,39.193600,185.387200,356.711800
926.625,23,0.085360,1.165676,-0.325277,-0.041872,0.938132,-0.340001,-0.050544,39.953410,184.966300,356.695100
926.736,23,0.087601,1.141059,-0.342452,-0.039934,0.937737,-0.341876,-0.046651,40.158580,184.516800,356.774800
926.847,23,0.092488,1.115853,-0.360886,-0.035658,0.935506,-0.349455,-0.037915,41.036420,183.497700,356.943700
926.958,23,0.096434,1.104772,-0.372415,-0.034465,0.935287,-0.350690,-0.032657,41.165990,182.810600,356.834900
927.070,23,0.100697,1.107301,-0.385072,-0.034157,0.935327,-0.351295,-0.024268,41.209090,181.629900,356.430000
927.181,23,0.103068,1.128215,-0.394214,-0.031653,0.938470,-0.343293,-0.020559,40.213790,181.264800,356.599500
927.292,23,0.106156,1.170717,-0.402156,-0.032029,0.944246,-0.327397,-0.013610,38.254730,180.345200,356.234200
927.403,23,0.108914,1.225832,-0.407889,-0.033695,0.949748,-0.311194,-0.001029,36.240910,178.649000,355.494200
927.514,23,0.109956,1.269745,-0.413164,-0.033902,0.955246,-0.293608,0.012239,34.063080,177.004600,355.017000
927.626,23,0.110130,1.311718,-0.422100,-0.036714,0.961597,-0.270835,0.025142,31.266670,175.421000,354.345000
927.737,23,0.109665,1.329641,-0.431576,-0.034924,0.963657,-0.262703,0.033665,30.262300,174.470100,354.352500
927.848,23,0.107294,1.338184,-0.446314,-0.033508,0.964665,-0.258367,0.039317,29.725160,173.841000,354.385200
927.959,23,0.103901,1.341376,-0.457289,-0.033331,0.964963,-0.257039,0.040815,29.560670,173.669900,354.371700
928.070,23,0.094185,1.343174,-0.465316,-0.033247,0.965066,-0.258324,0.028462,29.782390,175.234000,354.785700
928.182,23,0.074703,1.342781,-0.460834,-0.038067,0.963042,-0.265896,-0.020007,30.907960,181.221500,355.810600
928.292,23,0.050244,1.348106,-0.438889,-0.041650,0.959198,-0.270388,-0.071374,31.645170,187.722900,357.219100
928.403,23,0.022744,1.362291,-0.402558,-0.043026,0.959432,-0.254514,-0.113411,29.876750,193.045100,358.359000
928.515,23,-0.002383,1.379436,-0.361807,-0.049326,0.959919,-0.241588,-0.133257,28.486810,195.305000,358.023700
928.626,23,-0.035735,1.401035,-0.311113,-0.060233,0.960764,-0.215263,-0.164214,25.684490,198.745400,357.135300
928.737,23,-0.058591,1.416983,-0.279717,-0.062196,0.961095,-0.197844,-0.182443,23.765090,200.872600,357.033600
928.847,23,-0.090331,1.429295,-0.251862,-0.060788,0.963955,-0.179809,-0.186450,21.673910,201.301900,356.907000
928.959,23,-0.121711,1.429361,-0.240443,-0.063301,0.965810,-0.171923,-0.183430,20.812630,200.840400,356.368800
929.070,23,-0.164735,1.427241,-0.236000,-0.059690,0.965404,-0.174972,-0.183896,21.087280,200.987600,356.873000
929.181,23,-0.198993,1.429903,-0.237784,-0.055285,0.966606,-0.180869,-0.172923,21.640230,199.763100,357.266800
929.292,23,-0.225278,1.435276,-0.239131,-0.055700,0.969639,-0.174628,-0.161876,20.896760,198.373000,356.841000
929.404,23,-0.242422,1.435649,-0.240035,-0.063141,0.969777,-0.176134,-0.156599,21.185960,197.571400,355.860900
929.515,23,-0.251301,1.435831,-0.241676,-0.063778,0.969583,-0.178003,-0.155426,21.407710,197.418200,355.790200
929.626,23,-0.259673,1.435714,-0.243633,-0.064619,0.968834,-0.179537,-0.157959,21.610670,197.713400,355.775200
929.737,23,-0.265302,1.434437,-0.245501,-0.067943,0.968352,-0.179486,-0.159574,21.672160,197.837000,355.414100
929.848,23,-0.269939,1.431838,-0.248364,-0.071814,0.967532,-0.182313,-0.159648,22.068610,197.764000,355.001100
929.959,23,-0.271456,1.430468,-0.250177,-0.072415,0.966993,-0.184235,-0.160432,22.305420,197.850000,354.981400
930.070,23,-0.271550,1.429757,-0.251913,-0.072371,0.966815,-0.185038,-0.160600,22.398090,197.873300,355.004800
930.181,23,-0.270184,1.429889,-0.252699,-0.072147,0.966898,-0.186310,-0.158719,22.531300,197.649200,355.008000
930.292,23,-0.267976,1.435944,-0.250012,-0.070992,0.968132,-0.186462,-0.151370,22.490530,196.772100,354.969900
930.404,23,-0.264792,1.452502,-0.239387,-0.065713,0.970493,-0.187838,-0.136169,22.487780,195.030600,355.257400
930.515,23,-0.260806,1.473086,-0.222453,-0.058807,0.971823,-0.200282,-0.109499,23.712980,191.930400,355.587600
930.626,23,-0.256838,1.502033,-0.192433,-0.048594,0.972165,-0.221634,-0.058410,25.887570,185.871200,355.627400
930.737,23,-0.256619,1.525495,-0.168081,-0.040287,0.974730,-0.218928,-0.018689,25.359500,181.191800,355.534700
930.848,23,-0.258521,1.543625,-0.138935,-0.028411,0.971554,-0.233664,0.025999,26.907880,175.897400,355.668100
930.959,23,-0.262611,1.551121,-0.124173,-0.017983,0.970985,-0.233994,0.045947,26.920660,173.712800,356.371700
931.070,23,-0.268552,1.553739,-0.113229,-0.009085,0.967750,-0.242640,0.067104,27.931160,171.257500,356.746100
931.181,23,-0.274780,1.554879,-0.108293,-0.002875,0.965100,-0.249682,0.078953,28.782200,169.891400,357.058600
931.292,23,-0.281473,1.556523,-0.106141,0.002778,0.962650,-0.256682,0.086093,29.647810,169.100800,357.438000
931.403,23,-0.286619,1.557928,-0.105660,0.004922,0.960366,-0.263218,0.091594,30.429190,168.403000,357.423300
931.513,23,-0.288379,1.558458,-0.107163,0.005260,0.958093,-0.267559,0.102190,30.915060,166.999400,357.019800
931.625,23,-0.287636,1.556818,-0.109472,0.007674,0.954490,-0.276534,0.111442,31.978930,165.771100,356.824700
931.735,23,-0.285471,1.554513,-0.111551,0.011384,0.951831,-0.281045,0.122074,32.533630,164.451600,356.807900
931.847,23,-0.283655,1.552326,-0.113827,0.013699,0.948829,-0.286709,0.131663,33.208120,163.188100,356.608200
931.958,23,-0.283241,1.550764,-0.115593,0.015449,0.947136,-0.289859,0.136666,33.593290,162.540200,356.561300
932.069,23,-0.283424,1.548953,-0.117084,0.016551,0.945973,-0.292934,0.138025,33.971690,162.350700,356.574600
932.180,23,-0.283871,1.547314,-0.118207,0.017240,0.945222,-0.294846,0.139011,34.206920,162.213700,356.576800
932.290,23,-0.284643,1.543744,-0.119100,0.018409,0.943104,-0.300989,0.140079,34.951680,162.010700,356.530500
932.402,23,-0.285364,1.542169,-0.119864,0.017166,0.942096,-0.303219,0.142191,35.183980,161.635300,356.219800
932.512,23,-0.285594,1.541025,-0.121498,0.016853,0.941315,-0.304137,0.145405,35.273400,161.170900,356.016300
932.624,23,-0.285529,1.539911,-0.123226,0.017229,0.939896,-0.306869,0.148764,35.589570,160.678000,355.845400
932.734,23,-0.285420,1.539700,-0.125145,0.017086,0.939516,-0.307291,0.150299,35.629750,160.455300,355.747900
932.845,23,-0.283081,1.541566,-0.126338,0.017462,0.939166,-0.306997,0.153017,35.590430,160.107500,355.687300
932.956,23,-0.281119,1.545774,-0.125822,0.018060,0.941451,-0.299386,0.153985,34.699750,160.153200,355.940900
933.068,23,-0.280296,1.549294,-0.124710,0.019977,0.943622,-0.293049,0.152648,33.997280,160.527300,356.420200
933.179,23,-0.279921,1.550140,-0.123497,0.020899,0.942237,-0.296349,0.154693,34.397290,160.227900,356.365800
933.290,23,-0.278973,1.551132,-0.121226,0.019427,0.939601,-0.298960,0.165517,34.627400,158.661400,355.646900
933.402,23,-0.279620,1.552998,-0.120179,0.020258,0.940437,-0.295245,0.167325,34.201020,158.527300,355.791100
933.513,23,-0.280997,1.553784,-0.120709,0.019461,0.941022,-0.294343,0.165715,34.084650,158.731400,355.781300
933.624,23,-0.282289,1.553229,-0.122981,0.018796,0.941260,-0.295313,0.162688,34.197540,159.092400,355.791100
933.735,23,-0.283166,1.552689,-0.124782,0.018380,0.941158,-0.297340,0.159602,34.440820,159.450100,355.805900
933.846,23,-0.283944,1.552456,-0.126755,0.018610,0.941484,-0.297818,0.156739,34.514470,159.834900,355.941500
933.957,23,-0.284743,1.552457,-0.127949,0.018445,0.941955,-0.298007,0.153534,34.547020,160.255700,356.048500
934.068,23,-0.285363,1.551686,-0.129236,0.018580,0.941692,-0.299611,0.152002,34.745350,160.436600,356.085900
934.180,23,-0.285952,1.551517,-0.129764,0.018532,0.941844,-0.299225,0.151822,34.699600,160.466200,356.097800
934.290,23,-0.286779,1.551216,-0.130408,0.018309,0.941867,-0.300068,0.150037,34.801970,160.681700,356.120800
934.402,23,-0.287651,1.551035,-0.131428,0.017499,0.941965,-0.300252,0.149146,34.811130,160.766000,356.047400
934.513,23,-0.288322,1.550807,-0.133038,0.017759,0.941973,-0.300698,0.148164,34.873140,160.900200,356.110700
934.624,23,-0.289084,1.549363,-0.136062,0.017572,0.941638,-0.302436,0.146770,35.080580,161.047900,356.098300
934.735,23,-0.289357,1.547611,-0.140664,0.017781,0.941860,-0.302920,0.144301,35.152020,161.380700,356.218100
934.846,23,-0.285509,1.537784,-0.159850,0.016918,0.942108,-0.301991,0.144737,35.023530,161.304300,356.111000
934.957,23,-0.278882,1.520760,-0.183199,0.016526,0.940478,-0.308389,0.141858,35.785740,161.557000,356.012600
935.068,23,-0.263764,1.489726,-0.218148,0.019138,0.933713,-0.329021,0.139851,38.299770,161.534300,355.886900
935.179,23,-0.250585,1.465472,-0.245726,0.020846,0.929850,-0.340665,0.137447,39.737070,161.703900,355.907600
935.290,23,-0.236434,1.431534,-0.280348,0.027106,0.925473,-0.350868,0.140203,41.074390,161.397000,356.333100
935.401,23,-0.227986,1.398650,-0.305181,0.039219,0.915834,-0.368836,0.153852,43.444630,159.617000,356.710900
935.512,23,-0.221247,1.370515,-0.326467,0.044406,0.912303,-0.373169,0.162715,44.054100,158.469900,356.776100
935.624,23,-0.216756,1.346294,-0.343095,0.044889,0.907955,-0.381875,0.166655,45.105920,157.653700,356.282000
935.735,23,-0.214399,1.328265,-0.354773,0.042242,0.905326,-0.388029,0.167433,45.785250,157.187000,355.604000
935.846,23,-0.211407,1.311561,-0.368891,0.038470,0.906319,-0.386162,0.167287,45.466670,157.045300,355.135900
935.957,23,-0.209517,1.300228,-0.377318,0.036311,0.906156,-0.386907,0.166932,45.505580,156.947100,354.812400
936.067,23,-0.206436,1.287353,-0.384954,0.033185,0.905356,-0.388752,0.167636,45.646790,156.591000,354.232800
936.179,23,-0.203771,1.279855,-0.387354,0.032210,0.905165,-0.389148,0.167938,45.668110,156.472900,354.053700
936.290,23,-0.199298,1.277361,-0.384746,0.032888,0.904914,-0.390139,0.166856,45.812220,156.644600,354.180600
936.401,23,-0.193237,1.281477,-0.374103,0.035052,0.907200,-0.382400,0.171841,44.900180,156.276600,354.505400
936.512,23,-0.185236,1.289936,-0.354287,0.036152,0.908070,-0.376872,0.179079,44.218780,155.431400,354.449300
936.623,23,-0.176341,1.300632,-0.329886,0.037131,0.910809,-0.368246,0.182877,43.187140,155.203900,354.723600
936.734,23,-0.168472,1.310082,-0.308759,0.035853,0.913890,-0.359510,0.185128,42.096420,155.084800,354.774500
936.845,23,-0.159329,1.318975,-0.283712,0.038277,0.917227,-0.352233,0.182102,41.307160,155.869800,355.566700
936.956,23,-0.151912,1.322258,-0.265646,0.038146,0.921586,-0.346910,0.169932,40.721310,157.768600,356.399700
937.067,23,-0.138905,1.325600,-0.238929,0.031583,0.927373,-0.340008,0.152892,39.813180,160.049200,356.612300
937.178,23,-0.127746,1.332121,-0.212305,0.020315,0.929877,-0.338093,0.143557,39.390520,160.871900,355.600100
937.289,23,-0.117140,1.354554,-0.173018,0.007185,0.937077,-0.322628,0.133217,37.341820,162.048900,354.768300
937.400,23,-0.109561,1.379120,-0.135070,0.003247,0.944577,-0.306136,0.118513,35.387810,164.205600,355.326300
937.512,23,-0.102586,1.398968,-0.098099,-0.001473,0.950108,-0.292742,0.107683,33.776500,165.687600,355.456500
937.624,23,-0.096985,1.416788,-0.063199,-0.000633,0.955063,-0.281074,0.094080,32.463890,167.677700,356.323900
937.734,23,-0.093064,1.435114,-0.034214,0.000004,0.959573,-0.268155,0.085518,30.972620,168.964900,356.934300
937.846,23,-0.090043,1.457801,-0.000448,-0.001174,0.965367,-0.249309,0.076882,28.761780,170.212400,357.345300
937.957,23,-0.089954,1.472180,0.021109,-0.003415,0.966857,-0.246012,0.068225,28.375640,171.265600,357.383100
938.068,23,-0.092893,1.486080,0.038525,-0.006438,0.970041,-0.237354,0.051406,27.375810,173.353000,357.618900
938.180,23,-0.099849,1.492051,0.042530,-0.010648,0.972879,-0.229304,0.028515,26.459330,176.133600,357.836600
938.291,23,-0.111884,1.493111,0.039649,-0.016982,0.973620,-0.227543,0.000137,26.300370,179.489100,357.882100
938.402,23,-0.124431,1.488827,0.030527,-0.016858,0.973241,-0.228438,-0.018247,26.440380,181.780200,358.433500
938.513,23,-0.137656,1.478988,0.014304,-0.013594,0.971568,-0.234966,-0.025737,27.211120,182.811500,359.077400
938.625,23,-0.151668,1.466413,-0.005961,-0.009174,0.969628,-0.242980,-0.026411,28.143680,183.039800,359.678000
938.735,23,-0.166630,1.454682,-0.029113,-0.003551,0.968647,-0.247839,-0.016899,28.702220,182.024000,0.097792
938.847,23,-0.195104,1.437451,-0.071646,0.001981,0.967826,-0.251394,-0.010461,29.115410,181.393400,0.596433
938.958,23,-0.221893,1.423929,-0.112827,0.005281,0.967995,-0.250896,-0.002846,29.058540,180.534800,0.763805
939.069,23,-0.256420,1.406202,-0.171624,0.003779,0.966556,-0.256074,0.013451,29.677800,178.412700,0.027435
939.180,23,-0.279970,1.388335,-0.222523,0.007938,0.962243,-0.269858,0.034668,31.324810,175.808600,359.769600
939.291,23,-0.296013,1.370532,-0.267936,0.012367,0.957286,-0.283852,0.053650,33.009800,173.447300,359.536800
939.402,23,-0.306312,1.351182,-0.305425,0.013743,0.954709,-0.288762,0.070411,33.593910,171.264500,359.007900
939.513,23,-0.310578,1.326726,-0.335274,0.015475,0.950787,-0.297257,0.086040,34.605280,169.187100,358.487500
939.625,23,-0.311891,1.303587,-0.358786,0.016680,0.946971,-0.305786,0.097276,35.618500,167.638100,358.033200
939.736,23,-0.312202,1.285757,-0.375551,0.018225,0.945183,-0.308705,0.104872,35.971830,166.640800,357.854500
939.846,23,-0.312941,1.265576,-0.392335,0.020268,0.941830,-0.317453,0.108483,37.039920,166.120500,357.796000
939.957,23,-0.313017,1.250667,-0.403729,0.022303,0.938136,-0.327344,0.110680,38.252090,165.768000,357.765700
940.068,23,-0.311640,1.231557,-0.416631,0.025612,0.928989,-0.350595,0.115788,41.096520,164.832600,357.444300
940.179,23,-0.309568,1.218870,-0.426140,0.026290,0.923733,-0.363117,0.119046,42.617870,164.161700,357.049000
940.290,23,-0.306550,1.197440,-0.436370,0.030637,0.915193,-0.383179,0.121065,45.135990,163.689300,357.017800
940.401,23,-0.303607,1.178405,-0.444932,0.028190,0.910658,-0.393623,0.122349,46.369900,163.094800,356.262700
940.512,23,-0.301147,1.155732,-0.452444,0.030515,0.910287,-0.392185,0.128984,46.209410,162.257200,356.220500
940.624,23,-0.300307,1.117414,-0.456376,0.030636,0.911839,-0.387380,0.132470,45.608210,161.856100,356.167100
940.735,23,-0.298164,1.074195,-0.459877,0.030819,0.912716,-0.384443,0.134920,45.242280,161.570900,356.133500
940.847,23,-0.293575,1.009626,-0.462718,0.031874,0.913727,-0.381123,0.137228,44.848420,161.370400,356.251400
940.958,23,-0.288111,0.956943,-0.463250,0.030252,0.914082,-0.378641,0.142021,44.492070,160.618600,355.800000
941.069,23,-0.280293,0.891997,-0.464803,0.028213,0.915336,-0.372677,0.149920,43.686200,159.484800,355.233000
941.180,23,-0.273232,0.839355,-0.467017,0.027230,0.914717,-0.372874,0.153353,43.669720,158.913200,354.880400
941.291,23,-0.266137,0.795342,-0.468966,0.025343,0.912918,-0.374780,0.159618,43.818600,157.815900,354.163600
941.402,23,-0.259830,0.761699,-0.470806,0.021319,0.912600,-0.374285,0.163148,43.638180,157.082400,353.397200
941.514,23,-0.252321,0.744862,-0.471346,0.019333,0.911234,-0.373939,0.171609,43.481990,155.725800,352.627300
941.625,23,-0.245098,0.752359,-0.469676,0.018069,0.911936,-0.370267,0.175923,42.974820,155.149400,352.356000
941.736,23,-0.237272,0.776372,-0.464217,0.026904,0.910335,-0.370631,0.182207,43.204210,154.675100,353.217900
941.847,23,-0.228988,0.840926,-0.453224,0.035155,0.911754,-0.361406,0.191973,42.262230,153.980400,354.210400
941.958,23,-0.225717,0.920229,-0.441184,0.032455,0.920049,-0.334901,0.200743,38.997060,153.428000,354.481600
942.069,23,-0.228021,1.051326,-0.419607,0.015919,0.936000,-0.278324,0.214911,31.861350,152.402900,353.928700
942.180,23,-0.234983,1.174343,-0.391388,0.005074,0.947453,-0.225122,0.227217,25.397130,151.700000,354.110800
942.291,23,-0.244338,1.281981,-0.357421,-0.004375,0.953346,-0.186201,0.237575,20.667820,150.929700,354.060700
942.403,23,-0.252220,1.366852,-0.321645,-0.007040,0.956400,-0.162355,0.242674,17.886650,150.648600,354.436400
942.514,23,-0.257453,1.432775,-0.282932,-0.004968,0.955368,-0.148870,0.255118,16.374560,149.362000,354.890200
942.625,23,-0.264199,1.487553,-0.235860,-0.007079,0.955039,-0.131547,0.265604,14.329900,148.295600,355.062000
942.736,23,-0.274403,1.527923,-0.185868,-0.010313,0.956685,-0.117958,0.265959,12.721430,148.387000,355.149800
942.848,23,-0.288319,1.569176,-0.109709,-0.010454,0.961406,-0.106637,0.253412,11.521970,150.029000,355.660200
942.958,23,-0.297466,1.591276,-0.045452,-0.010660,0.967377,-0.095105,0.234572,10.311780,152.396500,356.197800
943.069,23,-0.302613,1.606364,0.033287,-0.008878,0.970873,-0.108102,0.213640,11.894600,154.792500,356.283400
943.181,23,-0.307480,1.613069,0.098178,-0.015389,0.973730,-0.108272,0.199723,11.812470,156.373500,355.710100
943.291,23,-0.313338,1.614840,0.156079,-0.014743,0.976689,-0.110037,0.183723,12.094550,158.263000,355.939800
943.402,23,-0.320954,1.617951,0.206400,-0.015007,0.979536,-0.113200,0.165741,12.520640,160.361200,356.069000
943.513,23,-0.329660,1.622151,0.250526,-0.015244,0.981748,-0.106612,0.156758,11.803380,161.472300,356.288900
943.625,23,-0.338738,1.626299,0.287808,-0.013646,0.982554,-0.103644,0.153817,11.506150,161.859300,356.565700
943.735,23,-0.349087,1.630697,0.313387,-0.011141,0.983942,-0.091139,0.153060,10.133350,162.058900,357.098900
943.847,23,-0.366959,1.630850,0.339397,-0.007899,0.982888,-0.091404,0.159730,10.204120,161.306400,357.395200
943.957,23,-0.384571,1.631750,0.355026,-0.006974,0.980168,-0.093547,0.174562,10.424980,159.557300,357.299900
944.068,23,-0.407956,1.637531,0.367119,-0.006115,0.978362,-0.088746,0.186800,9.867282,158.154500,357.375100
944.180,23,-0.422528,1.637130,0.376933,-0.002226,0.976994,-0.093159,0.191833,10.438340,157.569100,357.663700
944.291,23,-0.433460,1.634940,0.393578,0.000627,0.974503,-0.100249,0.200733,11.281930,156.496100,357.719500
944.402,23,-0.435715,1.634852,0.412636,0.001073,0.974349,-0.103703,0.199721,11.683970,156.596500,357.698100
944.513,23,-0.430681,1.634934,0.434656,0.007061,0.977671,-0.099742,0.184828,11.398940,158.454700,358.651800
944.624,23,-0.413224,1.633118,0.456446,0.007749,0.980526,-0.096135,0.171076,11.021460,160.106400,358.966900
944.735,23,-0.385136,1.629718,0.475859,0.007245,0.981281,-0.100211,0.164298,11.481470,160.880000,358.906000
944.846,23,-0.333917,1.628451,0.500352,0.004463,0.982339,-0.104059,0.155441,11.878070,161.872900,358.619200
944.957,23,-0.289132,1.625165,0.516026,0.001886,0.983097,-0.117269,0.140585,13.362020,163.521600,358.276300
945.068,23,-0.235416,1.612917,0.531664,0.005114,0.981705,-0.146986,0.120935,16.847780,165.728100,358.472600
945.179,23,-0.199379,1.604817,0.539132,0.009266,0.977733,-0.177750,0.111164,20.465510,166.790900,358.691300
945.290,23,-0.158473,1.590254,0.543300,0.014669,0.967697,-0.228293,0.105974,26.419820,167.200400,358.720600
945.401,23,-0.126621,1.574469,0.540037,0.023125,0.955425,-0.273945,0.107618,31.900500,166.861700,359.002900
945.513,23,-0.096979,1.558509,0.526986,0.031121,0.942244,-0.312528,0.116339,36.597940,165.590500,358.995800
945.622,23,-0.068696,1.546368,0.504238,0.033592,0.933942,-0.333677,0.123625,39.166530,164.399800,358.539900
945.732,23,-0.041863,1.536644,0.473202,0.032438,0.930685,-0.343577,0.121361,40.345650,164.505400,358.269600
945.843,23,-0.013153,1.530639,0.430827,0.027917,0.933955,-0.339463,0.108228,39.801470,166.203900,358.408900
945.944,23,0.015459,1.531742,0.384211,0.019605,0.936097,-0.336637,0.100068,39.358690,166.983500,357.726700
946.053,23,0.045356,1.542649,0.329330,0.013162,0.939194,-0.331020,0.090373,38.620730,168.104900,357.424600
946.167,23,0.069952,1.550087,0.283758,0.009473,0.945845,-0.313714,0.082894,36.514050,169.180700,357.569000
946.278,23,0.085254,1.556081,0.253006,0.012199,0.945835,-0.316261,0.072296,36.871720,170.717100,358.377400
946.389,23,0.097113,1.563188,0.214519,0.000334,0.951585,-0.305389,0.034991,35.537100,175.320300,358.539800
946.499,23,0.106828,1.561187,0.186039,-0.008749,0.948924,-0.315383,-0.000334,36.766480,179.650700,358.827400
946.608,23,0.125906,1.556557,0.149035,-0.022493,0.942920,-0.329386,-0.043606,38.545070,184.944900,358.997000
946.719,23,0.142286,1.552833,0.115612,-0.032912,0.944088,-0.318968,-0.076646,37.395450,188.959400,359.044600
946.829,23,0.170220,1.548153,0.067383,-0.043353,0.939852,-0.315532,-0.123445,37.143290,194.878600,359.742000
946.941,23,0.202704,1.549575,0.020775,-0.053933,0.934925,-0.310994,-0.162140,36.798370,199.677500,0.000214
947.052,23,0.233925,1.555182,-0.025691,-0.075132,0.924910,-0.310934,-0.205470,37.304120,204.777400,359.192800
947.163,23,0.256755,1.552107,-0.067050,-0.090040,0.914392,-0.305038,-0.250463,37.081680,210.350800,359.148000
947.274,23,0.267947,1.545083,-0.095765,-0.107220,0.901684,-0.308538,-0.283326,38.109300,214.421500,358.651000
947.386,23,0.273191,1.540239,-0.126540,-0.125146,0.884889,-0.317363,-0.317160,39.869730,218.891000,358.494000
947.498,23,0.272144,1.535425,-0.148846,-0.133137,0.875963,-0.317921,-0.337476,40.303420,221.625000,358.597600
947.606,23,0.266031,1.527257,-0.179096,-0.142106,0.864874,-0.324850,-0.355347,41.521650,224.238800,358.856800
947.707,23,0.256330,1.518824,-0.207295,-0.152443,0.856542,-0.331846,-0.364659,42.816960,225.536400,358.505900
947.817,23,0.246123,1.513915,-0.229558,-0.162163,0.852129,-0.332428,-0.370232,43.363010,226.020700,357.618000
947.928,23,0.225410,1.509745,-0.265324,-0.175551,0.842351,-0.338443,-0.380898,44.741480,227.403500,356.939200
948.039,23,0.207415,1.508866,-0.292125,-0.187158,0.835840,-0.337459,-0.390468,45.257780,228.404100,355.981100
948.149,23,0.186398,1.509375,-0.322727,-0.201381,0.822771,-0.346500,-0.403029,47.096780,230.282200,355.612200
948.260,23,0.171026,1.509948,-0.347232,-0.205229,0.818426,-0.343759,-0.412177,47.042800,231.535800,355.577200
948.371,23,0.158439,1.508321,-0.367653,-0.214570,0.807695,-0.350647,-0.422652,48.400900,233.294300,355.662600
948.473,23,0.147091,1.509610,-0.383949,-0.224603,0.797535,-0.344811,-0.441131,48.430990,235.793400,355.328100
948.575,23,0.135808,1.507621,-0.402079,-0.232528,0.783217,-0.339277,-0.466255,48.442450,239.669500,355.862700
948.676,23,0.125238,1.504099,-0.423176,-0.239963,0.764825,-0.340779,-0.491254,49.203790,244.130700,357.171500
948.777,23,0.117179,1.502133,-0.447558,-0.247697,0.746895,-0.336249,-0.517427,49.342330,248.535600,358.061500
948.890,23,0.111379,1.502015,-0.481412,-0.259031,0.717961,-0.316809,-0.563087,48.298970,255.627400,358.693600
948.992,23,0.112756,1.505007,-0.508874,-0.273467,0.684444,-0.296585,-0.607280,47.572740,262.633900,358.800300
949.092,23,0.118010,1.511886,-0.539043,-0.292856,0.635519,-0.272602,-0.660332,47.159680,271.744600,358.970700
949.205,23,0.128378,1.514607,-0.565629,-0.302326,0.598223,-0.256970,-0.696200,46.753200,278.515700,359.672900
949.305,23,0.141224,1.513463,-0.583599,-0.316357,0.568943,-0.241932,-0.719508,46.931140,282.899300,359.007000
949.409,23,0.159560,1.513193,-0.597760,-0.323784,0.538049,-0.228046,-0.744085,46.655880,287.932600,359.244300
949.513,23,0.177696,1.513658,-0.606317,-0.330273,0.517820,-0.220301,-0.757793,46.778270,291.013000,359.317400
949.620,23,0.193734,1.516157,-0.610491,-0.327131,0.503252,-0.204318,-0.773290,45.363700,293.436200,358.918200
949.727,23,0.212229,1.514393,-0.614156,-0.332457,0.483106,-0.198219,-0.785360,45.538200,296.466200,359.192000
949.835,23,0.225500,1.513441,-0.617092,-0.336979,0.480631,-0.197988,-0.785009,46.003490,296.586900,358.921000
949.951,23,0.235894,1.512468,-0.619067,-0.340305,0.486012,-0.196603,-0.780597,46.251750,295.341700,358.023400
950.061,23,0.237742,1.509854,-0.618045,-0.336764,0.494404,-0.199538,-0.776105,46.057250,294.186200,358.078300
950.171,23,0.231160,1.500535,-0.616287,-0.328554,0.507195,-0.203483,-0.770325,45.446640,292.600000,358.383900
950.280,23,0.220262,1.485813,-0.615242,-0.318906,0.524256,-0.210384,-0.761048,44.909990,290.403900,358.855000
950.388,23,0.200489,1.451740,-0.608783,-0.305509,0.552383,-0.210109,-0.746587,43.495550,286.256600,358.120900
950.493,23,0.187508,1.404282,-0.598825,-0.282590,0.571595,-0.193217,-0.745714,39.966950,284.110400,357.391200
950.598,23,0.187857,1.362566,-0.592304,-0.273554,0.575411,-0.185851,-0.748018,38.544850,283.919200,357.305200
950.701,23,0.191573,1.300734,-0.583093,-0.246652,0.598603,-0.166114,-0.743804,34.457410,281.307700,356.650100
950.801,23,0.199216,1.256228,-0.576962,-0.218063,0.614960,-0.142377,-0.744313,29.981930,279.874700,356.276300
950.913,23,0.208132,1.201673,-0.576137,-0.186737,0.615048,-0.121596,-0.756347,25.597740,281.104200,357.091100
951.025,23,0.216642,1.149553,-0.581135,-0.153732,0.621947,-0.106827,-0.760353,21.509920,281.098900,358.227700
951.136,23,0.224538,1.107955,-0.584151,-0.133241,0.630312,-0.081862,-0.760429,17.808490,280.280000,357.383300
951.245,23,0.234792,1.044916,-0.590943,-0.100058,0.631473,-0.054910,-0.766952,12.875140,280.787400,357.522400
951.356,23,0.241911,0.993777,-0.598396,-0.080810,0.628572,-0.042238,-0.772388,10.249390,281.532600,357.883500
951.467,23,0.262368,0.942538,-0.611248,-0.053811,0.632981,-0.023098,-0.771949,6.449057,281.192500,358.128000
951.578,23,0.286649,0.916996,-0.618751,-0.035839,0.634046,-0.003327,-0.772457,3.416192,281.171500,357.685800
951.689,23,0.316778,0.899960,-0.629967,-0.008969,0.634525,0.030221,-0.772259,358.596100,281.224500,356.670500
951.800,23,0.332909,0.885460,-0.637011,-0.001649,0.624843,0.043342,-0.779545,357.042700,282.675600,356.001600
951.912,23,0.340515,0.879489,-0.646045,0.003554,0.622408,0.043972,-0.781449,356.543500,283.038200,356.306600
952.023,23,0.344900,0.882269,-0.649439,0.006662,0.624792,0.044251,-0.779508,356.234000,282.688800,356.514600
952.134,23,0.348693,0.880134,-0.648871,0.005414,0.619412,0.046814,-0.783651,356.188200,283.480600,356.169000
952.245,23,0.350111,0.878394,-0.646573,0.010841,0.620115,0.045529,-0.783114,355.788100,283.373900,356.673900
952.356,23,0.349369,0.877771,-0.643214,0.003901,0.621657,0.052973,-0.781486,355.873400,283.158400,355.517900
952.467,23,0.348236,0.881952,-0.642233,0.006921,0.624482,0.051218,-0.779327,355.712700,282.742200,355.906400
952.578,23,0.337230,0.919745,-0.634747,-0.018062,0.626188,0.040368,-0.778417,358.714400,282.426000,355.095800
952.686,23,0.319546,0.987325,-0.622290,-0.067104,0.617713,0.017404,-0.783342,4.797177,283.218000,353.652700
952.799,23,0.307949,1.053380,-0.614517,-0.080410,0.620188,-0.000486,-0.780321,7.243873,282.682900,354.273700
952.909,23,0.301656,1.146512,-0.608105,-0.115159,0.613898,-0.013828,-0.780818,11.350780,282.951100,352.981700
953.021,23,0.301099,1.237672,-0.604609,-0.153272,0.607196,-0.047635,-0.778172,17.240960,283.049100,353.265700
953.132,23,0.303093,1.331161,-0.599536,-0.198421,0.605135,-0.078466,-0.766997,23.537040,281.889300,352.493100
953.243,23,0.303106,1.409357,-0.593499,-0.240918,0.604739,-0.115236,-0.750313,30.059840,280.148300,352.133400
953.353,23,0.303851,1.467798,-0.589277,-0.263238,0.610281,-0.141294,-0.733688,33.967820,278.076800,352.101500
953.464,23,0.306093,1.504490,-0.589441,-0.284054,0.605279,-0.162962,-0.725530,37.550070,277.676200,352.214700
953.576,23,0.305270,1.522225,-0.595064,-0.301243,0.600479,-0.178143,-0.718988,40.324900,277.336600,352.037000
953.689,23,0.294423,1.534395,-0.609454,-0.302625,0.601655,-0.180827,-0.716751,40.647540,277.029900,352.050300
953.794,23,0.278171,1.533705,-0.630235,-0.307199,0.588742,-0.184134,-0.724643,41.455140,279.060500,352.728800
953.895,23,0.259532,1.531202,-0.653347,-0.303339,0.572731,-0.179923,-0.739995,40.922130,282.219500,353.832400
953.996,23,0.232288,1.526764,-0.690311,-0.302469,0.542269,-0.174566,-0.764188,40.663110,287.564400,355.369700
954.105,23,0.193267,1.528837,-0.750326,-0.312103,0.473235,-0.164764,-0.807151,41.282590,298.388400,357.756500
954.214,23,0.159141,1.538169,-0.801938,-0.319386,0.400581,-0.142014,-0.846971,40.904300,308.942600,358.838800
954.326,23,0.133835,1.544248,-0.847498,-0.333106,0.340376,-0.123126,-0.870646,41.594360,316.934600,359.052700
954.441,23,0.113310,1.547148,-0.887830,-0.339319,0.295489,-0.106067,-0.886735,41.640500,322.778300,359.047500
954.546,23,0.102635,1.549930,-0.909976,-0.337251,0.274880,-0.098518,-0.894984,41.134590,325.594300,359.310600
954.661,23,0.094765,1.553221,-0.925931,-0.327996,0.264485,-0.088750,-0.902546,39.718010,326.976500,359.009400
954.775,23,0.091610,1.556609,-0.935644,-0.326975,0.252408,-0.073572,-0.907725,39.105200,328.094800,357.673800
954.883,23,0.090829,1.581025,-0.935193,-0.254508,0.253368,-0.026223,-0.932922,29.219720,328.239000,354.737900
954.988,23,0.095539,1.598776,-0.936054,-0.199206,0.246517,-0.007286,-0.948416,22.423720,329.820600,354.761700
955.089,23,0.101565,1.604957,-0.935608,-0.187791,0.233245,0.001704,-0.954111,20.949970,331.492500,354.417100
955.189,23,0.105097,1.605939,-0.934579,-0.188538,0.226141,0.005942,-0.955656,20.956970,332.274100,354.060800
955.301,23,0.108265,1.604406,-0.933985,-0.199009,0.227352,0.001047,-0.953260,22.267980,332.041400,354.264300
955.412,23,0.112011,1.602645,-0.933744,-0.209333,0.229355,0.001202,-0.950565,23.416920,331.593900,353.850000
955.525,23,0.114923,1.599339,-0.932608,-0.224681,0.227690,-0.004859,-0.947445,25.338070,331.643600,354.087000
955.638,23,0.116577,1.597710,-0.930741,-0.234497,0.229220,-0.007830,-0.944674,26.528000,331.319000,354.052400
955.738,23,0.117032,1.596748,-0.927234,-0.237202,0.228593,-0.008320,-0.944146,26.853500,331.353800,354.033700
955.852,23,0.116000,1.594252,-0.921631,-0.246907,0.229337,-0.012247,-0.941430,28.067400,331.150700,354.133500
955.953,23,0.114602,1.590647,-0.915228,-0.258821,0.227557,-0.015223,-0.938615,29.524440,331.192400,354.115100
956.068,23,0.113700,1.587220,-0.908205,-0.271063,0.224064,-0.017500,-0.935956,31.014050,331.424200,354.058600
956.170,23,0.113558,1.585047,-0.901886,-0.277586,0.222109,-0.018952,-0.934481,31.817550,331.566300,354.063200
956.272,23,0.116090,1.583126,-0.895428,-0.283293,0.219307,-0.019151,-0.933425,32.497730,331.799400,353.976500
956.375,23,0.119673,1.582007,-0.891107,-0.285920,0.211581,-0.018296,-0.934424,32.825520,332.735600,354.071200
956.479,23,0.125275,1.580455,-0.887405,-0.289865,0.203245,-0.018657,-0.935052,33.343830,333.766100,354.302400
956.583,23,0.130397,1.579942,-0.884901,-0.291480,0.199434,-0.019161,-0.935360,33.567560,334.256100,354.461700
956.687,23,0.133046,1.578565,-0.882916,-0.294647,0.202867,-0.021178,-0.933585,33.969280,333.788500,354.464200
956.792,23,0.133237,1.577889,-0.881145,-0.298198,0.209904,-0.022188,-0.930874,34.366420,332.780700,354.167800
956.898,23,0.133252,1.577011,-0.879600,-0.300362,0.213947,-0.026669,-0.929138,34.720090,332.341100,354.487100
957.003,23,0.132891,1.576331,-0.877387,-0.302639,0.218898,-0.029542,-0.927157,35.038090,331.711500,354.553500
957.109,23,0.132563,1.575271,-0.873357,-0.305099,0.219032,-0.033197,-0.926195,35.429740,331.765800,354.919400
957.214,23,0.132585,1.573035,-0.866290,-0.310415,0.212031,-0.033122,-0.926061,36.084110,332.581500,355.010400
957.327,23,0.137863,1.572478,-0.855215,-0.308985,0.206948,-0.025216,-0.927936,35.723460,333.006700,354.267500
957.439,23,0.155197,1.568916,-0.836340,-0.308273,0.215606,-0.020311,-0.926320,35.441960,331.646000,353.282300
957.543,23,0.182902,1.563847,-0.806544,-0.305706,0.254965,-0.026159,-0.916980,35.029090,326.530000,352.427200
957.649,23,0.221546,1.556665,-0.765786,-0.303346,0.305375,-0.032270,-0.902046,34.539360,319.831000,351.127400
957.756,23,0.262815,1.551109,-0.722634,-0.294905,0.361646,-0.049611,-0.883053,33.829000,312.806800,351.297800
957.862,23,0.303544,1.553179,-0.670037,-0.271142,0.449647,-0.092267,-0.846041,32.804230,302.256600,354.010000
957.971,23,0.335662,1.557325,-0.626774,-0.286875,0.500347,-0.118115,-0.808334,35.589870,294.305100,353.211700
958.081,23,0.356440,1.562519,-0.589902,-0.292819,0.538241,-0.140865,-0.777631,37.376420,288.268700,353.051800
958.189,23,0.361340,1.560697,-0.555679,-0.294148,0.569237,-0.149856,-0.752987,37.849270,283.094200,352.050900
958.292,23,0.354502,1.553725,-0.529574,-0.289138,0.590785,-0.158365,-0.736405,37.804240,279.819100,352.114700
958.396,23,0.341286,1.542606,-0.506152,-0.290708,0.608936,-0.173629,-0.717314,38.940680,276.598100,352.245100
958.496,23,0.321508,1.534428,-0.480416,-0.290942,0.618498,-0.191345,-0.704415,40.284310,274.935200,353.200100
958.609,23,0.289746,1.536811,-0.443827,-0.289603,0.631085,-0.216389,-0.686322,42.116550,272.760300,354.701200
958.723,23,0.271458,1.533610,-0.407146,-0.287474,0.632776,-0.223271,-0.683450,42.493630,272.635700,355.439800
958.835,23,0.254406,1.532065,-0.380985,-0.295898,0.629289,-0.238002,-0.678082,44.493620,272.641900,356.009600
958.948,23,0.237976,1.530643,-0.358419,-0.279987,0.662951,-0.262193,-0.642930,45.045320,267.096200,357.234300
959.058,23,0.228348,1.528950,-0.343778,-0.272941,0.703718,-0.274783,-0.595633,45.388470,258.548600,355.360300
959.168,23,0.218255,1.526908,-0.318302,-0.250373,0.757653,-0.289921,-0.528415,44.742320,247.357100,354.101400
959.280,23,0.212638,1.524778,-0.289101,-0.233376,0.788712,-0.307638,-0.478361,45.117090,239.978400,353.996200
959.391,23,0.207176,1.525797,-0.240429,-0.210664,0.823899,-0.324128,-0.414430,45.129920,230.749700,353.613600
959.503,23,0.203751,1.525761,-0.196051,-0.190351,0.847740,-0.322487,-0.375640,43.612510,225.242000,353.619700
959.615,23,0.206779,1.530087,-0.162431,-0.179318,0.854852,-0.337005,-0.351427,44.604880,222.388400,354.380600
959.727,23,0.211407,1.537821,-0.131442,-0.169904,0.866290,-0.337373,-0.326886,44.075360,218.958300,354.103400
959.827,23,0.214336,1.542046,-0.116932,-0.158998,0.878585,-0.325868,-0.310834,42.179000,216.670400,354.051000
959.940,23,0.217901,1.541259,-0.109545,-0.157470,0.884599,-0.317952,-0.302646,41.135000,215.307800,353.432600
960.051,23,0.220109,1.540850,-0.106011,-0.151647,0.886134,-0.316801,-0.302338,40.779680,215.501400,354.148700
960.162,23,0.216240,1.536163,-0.119612,-0.151574,0.885313,-0.312170,-0.309511,40.282980,216.465200,354.347300
960.273,23,0.203770,1.516087,-0.151317,-0.157245,0.884358,-0.317508,-0.303931,41.083910,215.501000,353.515800
960.384,23,0.181720,1.469743,-0.194158,-0.150506,0.890749,-0.304420,-0.302064,39.290160,215.233000,353.753000
960.495,23,0.159789,1.410420,-0.223262,-0.144623,0.897142,-0.286467,-0.303575,36.999720,215.329900,353.849500
960.605,23,0.137646,1.320816,-0.247680,-0.132476,0.902482,-0.269495,-0.308785,34.627770,216.196200,354.932500
960.716,23,0.127598,1.260577,-0.260181,-0.119432,0.902689,-0.264875,-0.317381,33.642510,217.754000,356.730000
960.827,23,0.122237,1.198260,-0.270858,-0.113936,0.911586,-0.249575,-0.306175,31.653840,216.082800,356.302300
960.938,23,0.118091,1.166819,-0.276737,-0.104079,0.914476,-0.233468,-0.313677,29.491640,217.104400,357.109900
961.050,23,0.109336,1.134930,-0.288516,-0.103980,0.918306,-0.225254,-0.308484,28.545480,216.273700,356.606600
961.158,23,0.102025,1.108656,-0.297183,-0.107750,0.916978,-0.236242,-0.302870,29.902540,215.592900,356.395000
961.269,23,0.084038,1.070655,-0.315669,-0.107630,0.912075,-0.253742,-0.303563,31.884500,216.002200,357.145900
961.381,23,0.064289,1.037900,-0.336046,-0.112636,0.908023,-0.269483,-0.300311,33.851640,215.704300,357.053200
961.492,23,0.044609,1.011418,-0.353662,-0.120054,0.904118,-0.282931,-0.296829,35.653140,215.236000,356.534100
961.604,23,0.025325,0.993951,-0.367702,-0.132425,0.898752,-0.303540,-0.287353,38.441850,213.836300,355.343200
961.715,23,0.008996,0.979449,-0.383447,-0.139107,0.893529,-0.315276,-0.287849,40.053330,213.878700,354.971800
961.826,23,-0.009079,0.944180,-0.409442,-0.138940,0.886902,-0.331376,-0.290329,41.949300,214.654000,355.833500
961.938,23,-0.024868,0.905547,-0.435610,-0.148475,0.877592,-0.348811,-0.293460,44.376470,215.149600,355.516200
962.049,23,-0.049592,0.859640,-0.479078,-0.152995,0.867852,-0.362990,-0.302762,46.276550,216.841600,356.204300
962.160,23,-0.068537,0.822811,-0.520692,-0.155393,0.861732,-0.375962,-0.303188,47.917810,217.252600,356.592000
962.271,23,-0.082592,0.787517,-0.556567,-0.163504,0.856383,-0.387658,-0.299326,49.627570,216.567000,355.752800
962.384,23,-0.093242,0.757460,-0.582063,-0.169865,0.851813,-0.393962,-0.300592,50.649590,216.624000,355.246700
962.493,23,-0.101447,0.738685,-0.598124,-0.171499,0.847011,-0.400376,-0.304728,51.514680,217.505400,355.713700
962.605,23,-0.107738,0.757384,-0.609772,-0.165210,0.849393,-0.393353,-0.310662,50.432170,218.642600,356.737000
962.717,23,-0.113650,0.821131,-0.618298,-0.154528,0.859122,-0.373819,-0.313513,47.663700,218.926300,357.351300
962.828,23,-0.116983,0.958412,-0.628771,-0.127440,0.875475,-0.327866,-0.331372,41.188390,221.296400,359.554600
962.939,23,-0.111497,1.081803,-0.634189,-0.116352,0.884757,-0.301490,-0.335814,37.707850,221.485000,359.753900
963.050,23,-0.098815,1.227854,-0.635984,-0.114213,0.888532,-0.282976,-0.342623,35.530080,221.969600,359.362500
963.161,23,-0.088940,1.335500,-0.634196,-0.117206,0.888304,-0.272931,-0.350268,34.541150,222.671300,358.815300
963.272,23,-0.079867,1.418334,-0.629116,-0.120145,0.884198,-0.261682,-0.367805,33.445130,224.760300,358.628800
963.384,23,-0.069362,1.479899,-0.621606,-0.123790,0.877268,-0.261013,-0.383341,33.563710,226.853700,358.825500
963.494,23,-0.060333,1.519768,-0.616298,-0.126778,0.871492,-0.260262,-0.395844,33.641960,228.545900,358.972700
963.606,23,-0.049842,1.560533,-0.607316,-0.140581,0.860267,-0.268334,-0.410092,35.238400,230.489000,358.471200
963.717,23,-0.041388,1.586204,-0.595633,-0.150638,0.851330,-0.267055,-0.425707,35.658960,232.474200,357.946800
963.827,23,-0.036454,1.607220,-0.580123,-0.157364,0.839294,-0.259534,-0.451070,35.282970,235.840600,357.892900
963.939,23,-0.036170,1.608541,-0.569110,-0.158011,0.835214,-0.248846,-0.464247,34.221340,237.432400,357.720200
964.050,23,-0.037729,1.600211,-0.558616,-0.166054,0.826291,-0.251626,-0.475766,35.018340,239.092800,357.551500
964.161,23,-0.036636,1.588523,-0.545716,-0.163535,0.821160,-0.238353,-0.492077,33.531490,241.159700,357.662300
964.272,23,-0.038191,1.572253,-0.526779,-0.168877,0.812912,-0.228796,-0.508239,32.931870,243.179900,357.131700
964.384,23,-0.048511,1.559416,-0.502979,-0.179315,0.803764,-0.224523,-0.520960,33.213380,244.788000,356.277400
964.495,23,-0.063034,1.557785,-0.475600,-0.194705,0.804663,-0.223864,-0.514289,34.093120,243.401400,354.242200
964.606,23,-0.082869,1.556608,-0.431788,-0.209680,0.809901,-0.204300,-0.508288,32.961900,241.542200,350.951600
964.717,23,-0.102153,1.554330,-0.391892,-0.218570,0.819573,-0.205056,-0.488344,33.338950,238.304200,349.098800
964.828,23,-0.136494,1.555693,-0.337282,-0.222750,0.828165,-0.202856,-0.472625,33.130690,235.779600,347.784000
964.940,23,-0.163273,1.556800,-0.297815,-0.229524,0.828518,-0.196857,-0.471301,32.857240,235.297000,346.593200
965.051,23,-0.196976,1.554266,-0.257526,-0.236843,0.832297,-0.196204,-0.461185,33.028560,233.591300,345.263000
965.162,23,-0.223811,1.552832,-0.228264,-0.244929,0.831936,-0.201131,-0.455456,33.901300,232.592100,344.320200
965.273,23,-0.247933,1.550787,-0.205903,-0.252968,0.832590,-0.195361,-0.452367,33.654220,231.831900,342.919500
965.384,23,-0.265811,1.548239,-0.189439,-0.259039,0.831972,-0.197700,-0.449039,34.166500,231.191100,342.160600
965.495,23,-0.277344,1.547529,-0.181275,-0.259769,0.833088,-0.197137,-0.446790,34.096570,230.831100,341.944100
965.607,23,-0.285047,1.546984,-0.178476,-0.258245,0.837870,-0.202300,-0.436300,34.356960,229.382200,341.918300
965.718,23,-0.286274,1.546694,-0.181867,-0.253921,0.843528,-0.207783,-0.425218,34.505520,227.941900,342.217700
965.828,23,-0.281772,1.545778,-0.188723,-0.247826,0.854768,-0.216838,-0.401167,34.717540,224.716100,342.315700
965.940,23,-0.278112,1.545675,-0.190911,-0.244004,0.862719,-0.220902,-0.383903,34.645670,222.386800,342.206300
966.050,23,-0.277332,1.546426,-0.190555,-0.245959,0.862480,-0.217300,-0.385246,34.356670,222.491700,341.873400
966.162,23,-0.278192,1.546398,-0.190051,-0.247961,0.861743,-0.215995,-0.386342,34.323130,222.574200,341.616300
966.272,23,-0.281566,1.545435,-0.191657,-0.248418,0.861660,-0.216925,-0.385713,34.434680,222.474000,341.569000
966.384,23,-0.283456,1.543190,-0.194424,-0.250265,0.863668,-0.219300,-0.378620,34.632820,221.409500,341.121600
966.495,23,-0.281796,1.541130,-0.199376,-0.249008,0.868811,-0.227740,-0.362348,35.182400,219.167000,340.885400
966.606,23,-0.267943,1.540688,-0.212002,-0.231405,0.887622,-0.255071,-0.305806,36.465790,211.887800,341.528800
966.717,23,-0.244665,1.546510,-0.221989,-0.212250,0.910591,-0.261778,-0.239261,35.331910,203.447000,341.320900
966.828,23,-0.210687,1.553063,-0.220490,-0.184916,0.927699,-0.263950,-0.188442,34.016050,197.700800,342.908000
966.940,23,-0.186261,1.556700,-0.215893,-0.167889,0.935723,-0.261646,-0.166667,33.067030,195.507000,344.285300
967.051,23,-0.155040,1.556100,-0.208560,-0.155877,0.944565,-0.258766,-0.128605,31.933620,191.023900,344.421500
967.162,23,-0.128073,1.552165,-0.198464,-0.155447,0.946484,-0.266636,-0.094394,32.281500,186.505700,343.231000
967.273,23,-0.104635,1.550612,-0.186331,-0.162080,0.945051,-0.276416,-0.064829,32.920110,182.248300,341.200800
967.384,23,-0.088607,1.551613,-0.169504,-0.154232,0.946092,-0.279853,-0.052954,33.083980,180.948800,341.764000
967.495,23,-0.078881,1.554513,-0.155681,-0.149050,0.948109,-0.276918,-0.046791,32.618700,180.420200,342.254500
967.607,23,-0.074300,1.555741,-0.143336,-0.147125,0.950062,-0.272508,-0.038418,31.944900,179.514700,342.255500
967.717,23,-0.074812,1.555184,-0.138371,-0.146681,0.949911,-0.273622,-0.035847,32.029030,179.177700,342.207900
967.828,23,-0.076052,1.554552,-0.134768,-0.142609,0.951052,-0.272756,-0.027698,31.783480,178.307200,342.462200
967.940,23,-0.076854,1.555630,-0.130423,-0.139967,0.951213,-0.274099,-0.021767,31.839790,177.617200,342.578700
968.050,23,-0.075976,1.558187,-0.123410,-0.134433,0.954932,-0.264307,-0.013226,30.553750,176.951100,343.140500
968.162,23,-0.073091,1.559974,-0.114153,-0.135572,0.954873,-0.264124,-0.008686,30.448630,176.340300,342.842000
968.273,23,-0.067460,1.565903,-0.105592,-0.124841,0.959555,-0.252320,-0.002023,28.995050,176.124500,344.172100
968.385,23,-0.059975,1.571932,-0.097457,-0.117128,0.963380,-0.240991,0.010202,27.512530,175.077100,344.930100
968.496,23,-0.054220,1.575325,-0.093184,-0.111778,0.965745,-0.233726,0.014616,26.626470,174.834700,345.572500
968.608,23,-0.048045,1.576731,-0.090578,-0.106931,0.966388,-0.233305,0.015153,26.595230,174.919700,346.170300
968.718,23,-0.043305,1.577724,-0.089764,-0.103071,0.966692,-0.233906,0.013078,26.713810,175.280100,346.706700
968.829,23,-0.036197,1.581593,-0.086721,-0.095813,0.968944,-0.227136,0.019398,25.877400,174.827500,347.516400
968.941,23,-0.030407,1.583599,-0.080633,-0.093718,0.970607,-0.220611,0.021664,25.099530,174.715400,347.792500
969.052,23,-0.025584,1.584365,-0.073950,-0.091714,0.971048,-0.219667,0.020036,25.020230,174.985500,348.095700
969.163,23,-0.020151,1.585233,-0.066788,-0.089184,0.971326,-0.219122,0.023627,24.927010,174.622800,348.318700
969.275,23,-0.015799,1.586532,-0.059570,-0.086871,0.971631,-0.217661,0.031802,24.673450,173.706300,348.404100
969.386,23,-0.012228,1.587876,-0.044831,-0.087327,0.971470,-0.218276,0.031250,24.748650,173.751800,348.354700
969.497,23,-0.010043,1.590576,-0.026651,-0.087819,0.972357,-0.215107,0.023223,24.471620,174.771400,348.543900
969.607,23,-0.005768,1.594092,0.003850,-0.083544,0.975483,-0.202579,0.020370,23.067920,175.412300,349.273200
969.719,23,-0.005949,1.593794,0.028249,-0.079410,0.977440,-0.194633,0.020592,22.161190,175.592900,349.847200
969.829,23,-0.012386,1.596154,0.057323,-0.071411,0.979095,-0.188524,0.027067,21.426060,175.074400,350.724500
969.941,23,-0.022370,1.597869,0.081188,-0.067900,0.980870,-0.177632,0.041591,20.048760,173.538700,350.936900
970.052,23,-0.037962,1.599063,0.105468,-0.055639,0.982437,-0.169727,0.053990,19.116110,172.399500,352.235600
970.163,23,-0.057556,1.603155,0.128044,-0.036214,0.983312,-0.165350,0.066670,18.684200,171.312100,354.349700
970.275,23,-0.075269,1.610622,0.145184,-0.021011,0.983712,-0.157785,0.083507,17.873810,169.653900,355.921500
970.386,23,-0.093942,1.614155,0.161067,-0.012941,0.983215,-0.151885,0.100259,17.222080,167.847000,356.644700
970.496,23,-0.102313,1.611933,0.164351,-0.008748,0.981442,-0.155101,0.112424,17.606500,166.445600,356.869900
970.608,23,-0.102583,1.609289,0.152960,-0.005770,0.979975,-0.161911,0.115759,18.421350,166.048200,357.052000
970.719,23,-0.096410,1.602983,0.131159,-0.004519,0.979223,-0.166646,0.115462,18.985150,166.070600,357.130800
970.830,23,-0.081490,1.593302,0.088297,-0.009127,0.977477,-0.178986,0.111447,20.357380,166.356900,356.469200
970.941,23,-0.068094,1.585794,0.045644,-0.009964,0.976402,-0.190026,0.102126,21.656920,167.370100,356.405400
971.052,23,-0.055914,1.578563,0.004041,-0.009981,0.974623,-0.200828,0.098381,22.923300,167.727300,356.329000
971.163,23,-0.045656,1.567991,-0.036204,-0.011518,0.971596,-0.217277,0.093054,24.838840,168.184000,356.030600
971.274,23,-0.036756,1.558469,-0.069779,-0.009896,0.969862,-0.227408,0.086925,26.064890,168.888900,356.251300
971.386,23,-0.027873,1.544459,-0.110565,-0.007866,0.967284,-0.240611,0.080038,27.659710,169.683200,356.522000
971.496,23,-0.023341,1.534607,-0.137453,-0.007214,0.965229,-0.249798,0.076696,28.758470,170.037600,356.583500
971.608,23,-0.019836,1.524767,-0.165759,-0.008366,0.963611,-0.258012,0.069380,29.741330,170.853000,356.571500
971.719,23,-0.015828,1.518098,-0.183654,-0.007176,0.962414,-0.262523,0.069206,30.286080,170.872800,356.670700
971.830,23,-0.011279,1.510798,-0.202989,-0.009042,0.960968,-0.267229,0.071041,30.817990,170.525300,356.304900
971.941,23,-0.007858,1.504711,-0.217869,-0.010395,0.959695,-0.271865,0.070473,31.355740,170.501700,356.087300
972.052,23,-0.003647,1.498410,-0.231370,-0.010409,0.958617,-0.275990,0.069095,31.850170,170.635400,356.078300
972.163,23,0.001163,1.492317,-0.244949,-0.010792,0.957586,-0.279614,0.068762,32.277770,170.624800,355.990100
972.275,23,0.005233,1.487008,-0.256507,-0.010039,0.956521,-0.283340,0.068447,32.729050,170.652800,356.047000
972.386,23,0.009500,1.479885,-0.271364,-0.010529,0.955371,-0.287735,0.066061,33.257060,170.897900,356.013500
972.497,23,0.012315,1.474471,-0.282535,-0.011690,0.954432,-0.291070,0.064815,33.648570,170.978800,355.863600
972.608,23,0.015253,1.468319,-0.295704,-0.011972,0.953280,-0.294853,0.064624,34.097750,170.948900,355.780000
972.717,23,0.016385,1.464409,-0.304307,-0.013403,0.952440,-0.297731,0.063527,34.432740,171.002300,355.594300
972.828,23,0.016545,1.461586,-0.312929,-0.013420,0.952009,-0.299846,0.059921,34.701760,171.456300,355.710900
972.940,23,0.015565,1.461364,-0.316204,-0.014099,0.952124,-0.299737,0.058474,34.689220,171.622300,355.682500
973.051,23,0.011915,1.465548,-0.312752,-0.015254,0.952848,-0.297682,0.056862,34.440910,171.813000,355.624300
973.162,23,0.005984,1.474187,-0.299865,-0.014917,0.954520,-0.292584,0.055345,33.841910,172.084300,355.797800
973.273,23,-0.002950,1.487159,-0.278357,-0.014738,0.957670,-0.282088,0.055482,32.592420,172.183700,355.948300
973.385,24,-0.015749,1.503417,-0.247532,-0.014787,0.962177,-0.266320,0.055414,30.720830,172.345200,356.133400
973.496,24,-0.030476,1.520866,-0.210542,-0.016454,0.966466,-0.250626,0.053482,28.860760,172.677400,356.162600
973.608,24,-0.054252,1.546415,-0.150269,-0.017485,0.972628,-0.226152,0.050448,25.986500,173.225100,356.375200
973.719,24,-0.074976,1.563213,-0.095576,-0.017981,0.975642,-0.212599,0.051005,24.393900,173.242000,356.426000
973.830,24,-0.102264,1.580704,-0.021657,-0.020586,0.979879,-0.189844,0.058080,21.694490,172.477700,356.149600
973.941,24,-0.124074,1.591452,0.041112,-0.017924,0.983036,-0.171082,0.063642,19.516470,171.995000,356.532000
974.052,24,-0.138901,1.598508,0.097288,-0.011348,0.984983,-0.152876,0.079425,17.419040,170.350400,357.198200
974.163,24,-0.148441,1.602152,0.145422,-0.008827,0.984536,-0.140366,0.104443,15.934970,167.499300,357.216100
974.274,24,-0.154028,1.603434,0.179622,-0.006593,0.982725,-0.138404,0.122690,15.688530,165.382400,357.206600
974.385,24,-0.158183,1.605028,0.212782,-0.005241,0.980094,-0.141699,0.138959,16.039470,163.443300,357.038500
974.496,24,-0.159417,1.603399,0.232341,0.000749,0.977226,-0.150016,0.150079,17.063080,162.145900,357.388100
974.608,24,-0.159886,1.602742,0.251547,0.004030,0.975589,-0.150193,0.160162,17.118250,160.990600,357.586400
974.718,24,-0.159856,1.602949,0.261754,0.006418,0.974942,-0.147750,0.166186,16.871640,160.327900,357.808500
974.829,24,-0.160909,1.602574,0.269658,0.009782,0.974202,-0.145050,0.172612,16.618220,159.634000,358.145100
974.941,24,-0.163062,1.601449,0.270611,0.007909,0.973734,-0.150022,0.171094,17.149730,159.743600,357.844800
975.051,24,-0.164097,1.599753,0.266503,0.009780,0.972466,-0.159105,0.170001,18.226470,159.828600,357.883700
975.162,24,-0.165301,1.597342,0.259875,0.009661,0.971196,-0.170048,0.166638,19.482550,160.132300,357.695500
975.274,24,-0.170403,1.595296,0.247860,0.002049,0.972425,-0.184703,0.142375,21.088100,162.784800,357.013600
975.385,24,-0.187145,1.594952,0.229593,-0.027025,0.978848,-0.194429,0.057646,22.179980,172.344300,355.334400
975.496,24,-0.214090,1.594045,0.213970,-0.062571,0.976538,-0.191924,-0.074996,22.595820,187.622000,354.192500
975.607,24,-0.246885,1.592125,0.203038,-0.082268,0.945151,-0.190961,-0.251904,23.729680,209.066800,356.285800
975.719,24,-0.262956,1.591387,0.197719,-0.103896,0.905637,-0.182430,-0.368437,24.015830,223.557800,356.626100
975.830,24,-0.269741,1.586867,0.191756,-0.132402,0.830378,-0.166568,-0.514972,24.393160,242.953900,356.957900
975.941,24,-0.259820,1.580593,0.187142,-0.166268,0.733736,-0.150040,-0.641463,25.689180,261.575400,356.723600
976.053,24,-0.237219,1.579355,0.183314,-0.200226,0.611188,-0.127335,-0.755079,27.259630,281.203600,356.617100
976.164,24,-0.205499,1.576128,0.183494,-0.223413,0.496462,-0.112734,-0.831206,28.903820,297.721200,357.746600
976.275,24,-0.169056,1.575138,0.190137,-0.243959,0.402641,-0.100833,-0.876468,30.586900,310.294200,358.688600
976.386,24,-0.115791,1.578250,0.205691,-0.247886,0.299662,-0.063033,-0.919120,29.567670,323.316200,357.845700
976.497,24,-0.069210,1.578139,0.223219,-0.257800,0.192533,-0.030961,-0.946315,29.989550,336.278600,357.308400
976.608,24,-0.012793,1.575749,0.246145,-0.265335,0.066394,0.001528,-0.961867,30.679160,351.404800,357.456100
976.719,24,0.029701,1.575692,0.259885,-0.274790,-0.020175,0.019096,-0.961103,31.936160,1.910003,358.270100
976.830,24,0.072135,1.583320,0.264413,-0.258467,-0.087869,0.033285,-0.961440,30.188720,10.111610,358.768300
976.942,24,0.092644,1.605434,0.263462,-0.182320,-0.087593,0.042567,-0.978404,21.359740,9.635440,356.838900
977.053,24,0.094724,1.641886,0.257151,-0.034228,-0.025346,0.043078,-0.998164,4.043499,2.737986,355.154300
977.165,24,0.086747,1.665657,0.243277,0.091177,0.057487,0.050437,-0.992894,349.230500,353.866700,354.762700
977.278,24,0.075379,1.673892,0.232638,0.131201,0.122082,0.056384,-0.982193,344.246600,346.478900,355.308000
977.389,24,0.049002,1.672839,0.221590,0.126267,0.212588,0.056766,-0.967285,344.430500,335.666200,356.659500
977.501,24,0.014447,1.670348,0.206054,0.109888,0.308943,0.060444,-0.942776,345.845000,324.050800,357.276600
977.611,24,-0.027463,1.670203,0.184754,0.085109,0.413859,0.057797,-0.904509,348.357600,311.030500,358.004200
977.722,24,-0.072429,1.661640,0.165046,0.067065,0.519127,0.054957,-0.850288,350.147700,297.308800,358.614300
977.833,24,-0.113563,1.653456,0.148626,0.039802,0.609428,0.045565,-0.790529,353.196400,284.822600,358.642200
977.944,24,-0.151288,1.649211,0.131993,0.014886,0.710223,0.031857,-0.703098,356.205200,269.467300,358.641700
978.055,24,-0.181327,1.642321,0.118630,0.003380,0.797249,0.011243,-0.603536,358.739100,254.258300,359.531100
978.165,24,-0.214936,1.634417,0.105539,-0.008351,0.896702,-0.010188,-0.442439,1.470392,232.519700,359.658300
978.276,24,-0.236642,1.633063,0.104874,-0.003914,0.950908,-0.017368,-0.308963,2.031510,216.002700,0.188479
978.387,24,-0.258291,1.632866,0.115387,0.001509,0.989590,-0.029037,-0.140947,3.270183,196.230500,0.641189
978.498,24,-0.268850,1.631059,0.131493,0.007184,0.998924,-0.035858,-0.028514,4.084576,183.303700,0.941992
978.608,24,-0.267236,1.622380,0.159389,0.006594,0.991711,-0.087648,0.093720,10.083300,169.185500,359.805000
978.719,24,-0.255755,1.613509,0.184869,0.019498,0.976062,-0.138877,0.166243,16.116300,160.599800,359.516200
978.829,24,-0.234824,1.593828,0.221145,0.048732,0.947089,-0.216672,0.231734,25.658160,152.384500,359.484300
978.940,24,-0.213951,1.581427,0.249940,0.063902,0.927108,-0.248637,0.273072,29.730800,146.873200,358.858300
979.051,24,-0.184244,1.573083,0.289775,0.069554,0.905446,-0.271711,0.318594,32.436090,140.297400,356.795700
979.162,24,-0.160165,1.565181,0.328203,0.077153,0.887492,-0.292058,0.348005,34.896640,135.718800,355.361300
979.273,24,-0.146706,1.551420,0.368982,0.094342,0.870961,-0.326555,0.354807,39.477910,133.872400,354.991200
979.386,24,-0.143672,1.533951,0.409979,0.105111,0.860681,-0.370220,0.333343,45.020380,135.439300,354.651700
979.504,24,-0.153317,1.522680,0.442370,0.102443,0.858080,-0.411376,0.289782,49.939000,140.078200,354.417400
979.617,24,-0.165928,1.532953,0.467026,0.080522,0.880056,-0.384811,0.266342,46.071220,144.098300,354.768700
979.731,24,-0.186109,1.579905,0.499337,0.032361,0.937055,-0.232663,0.258360,26.920690,148.254100,356.169000
979.841,24,-0.213866,1.639306,0.541587,-0.028570,0.969896,0.007726,0.241716,358.349700,152.054600,357.036100
979.953,24,-0.242499,1.671693,0.591059,-0.067985,0.957380,0.164250,0.227649,339.790600,153.852100,356.616100
980.066,24,-0.260718,1.683249,0.626557,-0.092245,0.940201,0.233605,0.230089,331.202100,153.606000,355.683400
980.179,24,-0.270481,1.685184,0.641026,-0.103543,0.936926,0.241639,0.230347,329.967100,153.846600,354.518300
980.290,24,-0.279126,1.678403,0.638123,-0.107576,0.953998,0.198391,0.197373,335.102600,158.400700,351.955200
980.401,24,-0.285905,1.668589,0.624595,-0.101421,0.974472,0.142907,0.140341,342.122300,165.111700,350.471000
980.506,24,-0.294022,1.658498,0.609711,-0.091396,0.988348,0.091323,0.080467,348.742000,171.653500,350.257400
980.617,24,-0.300567,1.652079,0.598698,-0.092915,0.993083,0.060078,0.039296,352.725300,176.133800,349.555500
980.729,24,-0.310686,1.642944,0.581486,-0.082292,0.996272,0.024380,-0.008711,357.297800,181.225800,350.527200
980.840,24,-0.322180,1.634068,0.560609,-0.082314,0.995929,-0.008165,-0.035836,1.269965,184.017000,350.594900
980.951,24,-0.336501,1.626299,0.524272,-0.080203,0.994889,-0.032518,-0.052030,4.189134,185.657100,350.989200
981.062,24,-0.347978,1.618483,0.479251,-0.073125,0.994849,-0.047426,-0.051753,5.850437,185.539900,351.875500
981.174,24,-0.359481,1.611431,0.427083,-0.065875,0.993936,-0.069500,-0.054049,8.353417,185.701200,352.833000
981.284,24,-0.371365,1.604040,0.372030,-0.052568,0.993582,-0.083911,-0.054678,9.932855,185.816900,354.448800
981.395,24,-0.383313,1.598687,0.321352,-0.048949,0.992817,-0.098142,-0.047819,11.510950,184.996500,354.858700
981.507,24,-0.397910,1.591544,0.257660,-0.044822,0.992335,-0.108323,-0.039108,12.620440,183.990300,355.269000
981.618,24,-0.405339,1.585764,0.214265,-0.041490,0.991512,-0.120376,-0.026299,13.939110,182.489800,355.512100
981.729,24,-0.410507,1.579336,0.169816,-0.040505,0.989703,-0.137130,-0.006545,15.781280,180.110000,355.328100
981.840,24,-0.409294,1.575098,0.143490,-0.035139,0.987238,-0.153541,0.023505,17.548320,176.560600,355.392000
981.951,24,-0.402843,1.575670,0.131106,-0.027395,0.981987,-0.166132,0.085736,18.758650,169.196400,355.014400
982.062,24,-0.401311,1.579074,0.129130,-0.028579,0.978006,-0.169140,0.118658,18.908520,165.193600,354.173400
982.174,24,-0.401900,1.582915,0.132222,-0.026203,0.975339,-0.168615,0.139988,18.758310,162.679200,354.039900
982.285,24,-0.403911,1.585707,0.138281,-0.027802,0.973003,-0.170334,0.153227,18.841460,161.030100,353.550900
982.396,24,-0.407788,1.588277,0.146002,-0.026747,0.972157,-0.172007,0.156870,19.028890,160.587400,353.563800
982.502,24,-0.413639,1.590830,0.155586,-0.030400,0.972022,-0.170344,0.158845,18.753600,160.302600,353.133100
982.615,24,-0.419150,1.592461,0.162785,-0.032904,0.972889,-0.167589,0.155946,18.410800,160.644500,352.959800
982.727,24,-0.424356,1.593684,0.167993,-0.035513,0.973277,-0.167410,0.153117,18.360670,160.939600,352.712200
982.838,24,-0.427088,1.594297,0.169268,-0.035209,0.973454,-0.167270,0.152213,18.357250,161.056000,352.768600
982.949,24,-0.429565,1.594479,0.167867,-0.036269,0.972734,-0.169893,0.153652,18.625140,160.825200,352.556100
983.061,24,-0.430980,1.593455,0.165207,-0.036416,0.971625,-0.172898,0.157241,18.937230,160.345000,352.397500
983.171,24,-0.432584,1.592827,0.161491,-0.037824,0.970936,-0.174577,0.159298,19.084090,160.043900,352.150400
983.283,24,-0.434912,1.592696,0.155503,-0.036431,0.971380,-0.174317,0.157187,19.099050,160.329800,352.363200
983.394,24,-0.438415,1.591364,0.147173,-0.032946,0.973192,-0.175170,0.145356,19.351940,161.814500,352.995900
983.506,24,-0.440965,1.587916,0.132911,-0.030123,0.975418,-0.179978,0.123530,20.100340,164.445000,353.689000
983.617,24,-0.438283,1.584961,0.120112,-0.026207,0.976237,-0.185843,0.108337,20.926760,166.296900,354.382200
983.728,24,-0.427710,1.582160,0.098036,-0.021567,0.977914,-0.187137,0.090547,21.229350,168.542200,355.318900
983.840,24,-0.411075,1.575800,0.070273,-0.014718,0.978360,-0.193754,0.071094,22.149860,171.004700,356.512100
983.951,24,-0.388861,1.569914,0.034783,-0.005543,0.979191,-0.196282,0.051254,22.570910,173.623800,358.077700
984.062,24,-0.360678,1.567504,-0.009008,-0.001094,0.980930,-0.191767,0.031622,22.095430,176.134800,359.117200
984.174,24,-0.329307,1.570447,-0.059803,-0.001334,0.982549,-0.185666,0.011147,21.396650,178.621400,359.584000
984.285,24,-0.302983,1.574891,-0.109759,-0.000788,0.981380,-0.191416,-0.015894,22.069310,181.910500,0.280602
984.397,24,-0.290098,1.574847,-0.144753,-0.005352,0.980000,-0.192954,-0.048383,22.253600,185.752500,0.506501
984.508,24,-0.285424,1.581243,-0.182951,-0.011670,0.977479,-0.189287,-0.092569,21.851900,190.965500,0.755009
984.619,24,-0.289555,1.584300,-0.211984,-0.023222,0.975487,-0.182813,-0.120274,21.238380,194.042400,359.918300
984.730,24,-0.307233,1.585681,-0.250068,-0.045008,0.969556,-0.182368,-0.157089,21.578330,198.054200,358.152600
984.841,24,-0.331804,1.586623,-0.283371,-0.065197,0.964268,-0.172253,-0.190435,20.917820,201.661900,356.309300
984.952,24,-0.362822,1.590993,-0.317332,-0.086564,0.960272,-0.160875,-0.210961,20.211750,203.707300,353.982700
985.064,24,-0.400504,1.600612,-0.350945,-0.109130,0.954249,-0.142836,-0.238950,18.950820,206.692900,351.486800
985.175,24,-0.431241,1.606438,-0.372838,-0.113314,0.947345,-0.130963,-0.269343,18.009500,210.358200,351.281800
985.286,24,-0.467868,1.614825,-0.388045,-0.118276,0.929006,-0.104977,-0.334573,15.913920,218.359400,351.055900
985.398,24,-0.495533,1.622871,-0.392048,-0.117812,0.896854,-0.073052,-0.420043,13.297390,229.157000,351.136500
985.509,24,-0.527594,1.620809,-0.392822,-0.128786,0.822967,-0.062325,-0.549778,14.133920,246.432800,351.493500
985.621,24,-0.548660,1.616607,-0.387495,-0.137415,0.719934,-0.054419,-0.678123,15.350570,265.576500,352.608800
985.731,24,-0.552569,1.614383,-0.384036,-0.138129,0.588141,-0.046563,-0.795514,15.934510,286.308700,354.725400
985.842,24,-0.539268,1.615955,-0.395572,-0.131948,0.452713,-0.027937,-0.881397,14.945070,305.080200,355.832100
985.953,24,-0.518335,1.622427,-0.426006,-0.128303,0.309963,-0.001433,-0.942051,14.041520,323.014700,355.457100
986.064,24,-0.495825,1.626630,-0.467265,-0.112160,0.197000,0.001888,-0.973965,12.576070,336.820700,357.188800
986.175,24,-0.472992,1.628820,-0.500233,-0.099233,0.118240,0.005207,-0.988001,11.236150,346.157100,358.027800
986.285,24,-0.438002,1.629894,-0.538260,-0.084910,0.010711,0.020415,-0.996122,9.713620,358.558000,357.529300
986.397,24,-0.415866,1.630811,-0.561399,-0.075466,-0.049130,0.031734,-0.995432,8.821759,5.401548,356.765000
986.507,24,-0.396381,1.626697,-0.578826,-0.075498,-0.089466,0.032661,-0.992587,8.958583,10.067350,357.021400
986.618,24,-0.385677,1.623476,-0.585739,-0.082252,-0.101255,0.037189,-0.990757,9.817700,11.385630,356.681800
986.729,24,-0.373646,1.621896,-0.585894,-0.087883,-0.119845,0.047208,-0.987768,10.657140,13.442500,355.787000
986.840,24,-0.364107,1.618898,-0.577662,-0.097260,-0.141582,0.056489,-0.983516,11.964750,15.869530,355.099200
986.951,24,-0.348039,1.613121,-0.555418,-0.114092,-0.176322,0.068578,-0.975290,14.284090,19.800960,354.461400
987.062,24,-0.326236,1.605072,-0.525301,-0.128310,-0.206069,0.082046,-0.966613,16.371570,23.158040,353.673200
987.173,24,-0.294546,1.596441,-0.486335,-0.142043,-0.236472,0.097551,-0.956237,18.529310,26.598980,352.766600
987.285,24,-0.256074,1.588945,-0.437629,-0.154003,-0.266065,0.109247,-0.945282,20.443650,30.060400,352.359100
987.397,24,-0.219492,1.584437,-0.388254,-0.166828,-0.281085,0.115221,-0.938021,22.194390,31.870740,352.405200
987.508,24,-0.174211,1.582625,-0.322464,-0.174231,-0.292226,0.119684,-0.932697,23.263430,33.227210,352.404800
987.618,24,-0.143974,1.581167,-0.274124,-0.184778,-0.292850,0.119777,-0.930457,24.456970,33.371130,352.763100
987.729,24,-0.112679,1.580142,-0.221924,-0.195152,-0.285203,0.113070,-0.931552,25.346070,32.624420,353.689000
987.841,24,-0.091096,1.580239,-0.186566,-0.194724,-0.279985,0.110433,-0.933539,25.176280,32.012540,353.837800
987.952,24,-0.075626,1.579655,-0.156149,-0.195650,-0.278248,0.101400,-0.934889,24.976770,32.016620,354.891400
988.063,24,-0.066209,1.578802,-0.125991,-0.200629,-0.276470,0.095976,-0.934934,25.354570,31.968260,355.651000
988.175,24,-0.061607,1.577785,-0.098345,-0.201217,-0.273889,0.092075,-0.935959,25.283580,31.737960,356.059800
988.286,24,-0.059008,1.573511,-0.057989,-0.202793,-0.271271,0.088175,-0.936756,25.326430,31.514010,356.500500
988.397,24,-0.059752,1.568360,-0.021111,-0.202662,-0.271093,0.084319,-0.937191,25.187500,31.584330,356.948900
988.508,24,-0.062989,1.565365,0.035914,-0.199620,-0.272212,0.077489,-0.938109,24.627490,31.857120,357.685700
988.619,24,-0.064388,1.568447,0.087848,-0.198852,-0.273207,0.074773,-0.938203,24.455370,32.039530,358.007500
988.731,24,-0.063433,1.574110,0.152850,-0.201386,-0.274328,0.072059,-0.937548,24.654940,32.279820,358.447300
988.842,24,-0.059804,1.572914,0.198275,-0.201853,-0.274803,0.073122,-0.937226,24.743170,32.321660,358.351700
988.953,24,-0.051183,1.572969,0.233636,-0.207916,-0.278760,0.076805,-0.934433,25.555600,32.823790,358.245500
989.065,24,-0.038921,1.573378,0.266042,-0.208229,-0.279530,0.077699,-0.934059,25.622180,32.905680,358.173600
989.176,24,-0.024192,1.569607,0.296957,-0.214861,-0.275538,0.079154,-0.933621,26.411680,32.444220,358.119100
989.287,24,-0.000660,1.561829,0.346111,-0.227142,-0.254171,0.077809,-0.936883,27.720910,29.872880,358.036500
989.398,24,0.016272,1.556355,0.390416,-0.238997,-0.209928,0.071045,-0.945391,28.797790,24.468530,357.777400
989.509,24,0.031748,1.558545,0.456554,-0.248439,-0.106455,0.043662,-0.961790,29.155900,12.101330,357.959700
989.620,24,0.031999,1.556518,0.512320,-0.255181,0.002824,0.015786,-0.966760,29.558310,359.109700,357.894200
989.732,24,0.016597,1.549862,0.556737,-0.271265,0.098567,-0.015973,-0.957311,31.501320,347.808800,358.461400
989.843,24,-0.012438,1.535074,0.582812,-0.283175,0.191545,-0.048532,-0.938492,33.374370,336.571200,358.806900
989.954,24,-0.043972,1.512980,0.595827,-0.288116,0.263382,-0.070910,-0.917928,34.492070,327.514400,358.499000
990.065,24,-0.091834,1.483442,0.595398,-0.298637,0.351801,-0.105666,-0.880844,36.902300,315.884200,358.282200
990.176,24,-0.123691,1.477946,0.575830,-0.293629,0.425319,-0.116818,-0.848080,36.684760,305.507500,356.308600
990.287,24,-0.142609,1.489491,0.527085,-0.268566,0.520050,-0.113039,-0.802896,33.287030,292.125400,353.280000
990.398,24,-0.134491,1.512708,0.476225,-0.245455,0.610172,-0.106684,-0.745694,29.752900,278.937900,350.691200
990.509,24,-0.090367,1.554765,0.408903,-0.199877,0.733805,-0.074672,-0.644984,21.556840,260.291500,347.770100
990.620,24,-0.030921,1.582819,0.358544,-0.167295,0.808252,-0.053518,-0.562029,15.935890,247.851700,347.368600
990.731,24,0.026693,1.602735,0.319300,-0.132035,0.848618,-0.046641,-0.510136,12.349380,240.894000,349.590100
990.843,24,0.074499,1.612302,0.290828,-0.107952,0.865298,-0.045236,-0.487400,10.574680,238.008900,351.651600
990.954,24,0.102105,1.614885,0.276459,-0.100126,0.863919,-0.049650,-0.491075,10.610110,238.555000,352.738500
991.065,24,0.114483,1.606370,0.263383,-0.113016,0.847998,-0.076316,-0.512154,14.193350,241.422300,353.276500
991.176,24,0.105204,1.584320,0.251130,-0.124935,0.834586,-0.111460,-0.524818,18.492650,243.423800,354.460600
991.287,24,0.074053,1.535246,0.231272,-0.122685,0.828743,-0.142633,-0.527057,21.452910,244.291900,356.735700
991.398,24,0.047726,1.480590,0.217469,-0.124747,0.833712,-0.165387,-0.511869,23.795860,242.586100,357.576400
991.508,24,0.027203,1.395264,0.211406,-0.116812,0.846402,-0.177626,-0.488271,24.504030,239.627300,358.470900
991.620,24,0.023793,1.324466,0.213103,-0.112858,0.851055,-0.188813,-0.476778,25.403960,238.344500,359.235500
991.731,24,0.029750,1.242809,0.214725,-0.109190,0.860368,-0.205366,-0.453508,26.898850,235.563400,359.896100
991.842,24,0.033485,1.180467,0.214914,-0.110845,0.867715,-0.221302,-0.431057,28.660230,232.807500,359.897100
991.953,24,0.036676,1.127403,0.217236,-0.119855,0.868561,-0.245678,-0.413375,31.726360,230.805100,359.657300
992.065,24,0.040187,1.086352,0.216405,-0.123603,0.867768,-0.248201,-0.412429,32.189190,230.650000,359.337300
992.176,24,0.048677,1.059627,0.213767,-0.124257,0.865306,-0.253460,-0.414202,32.790970,231.057000,359.654200
992.287,24,0.060017,1.046605,0.210146,-0.135536,0.863232,-0.277845,-0.399078,36.005810,229.341200,359.133400
992.398,24,0.069346,1.057614,0.211287,-0.136657,0.862290,-0.278154,-0.400515,36.097800,229.530300,359.087600
992.509,24,0.078809,1.092990,0.211018,-0.132296,0.868506,-0.270798,-0.393529,35.064800,228.382900,358.833300
992.620,24,0.083035,1.120473,0.210213,-0.126987,0.874085,-0.260488,-0.389866,33.668950,227.683000,358.699900
992.731,24,0.084053,1.133203,0.208909,-0.123362,0.877334,-0.258123,-0.385279,33.228380,227.058200,358.797200
992.842,24,0.081768,1.127210,0.207075,-0.125661,0.877842,-0.264585,-0.378944,34.039470,226.272100,358.610400
992.953,24,0.078031,1.115146,0.206254,-0.130176,0.874701,-0.277292,-0.375582,35.653210,226.035000,358.629200
993.064,24,0.073992,1.108325,0.204945,-0.133770,0.873943,-0.284131,-0.370944,36.574790,225.454600,358.357300
993.175,24,0.069660,1.108596,0.204081,-0.136120,0.872751,-0.286824,-0.370822,36.984860,225.443300,358.215400
993.286,24,0.063873,1.108818,0.202193,-0.136292,0.872417,-0.288643,-0.370132,37.194770,225.395000,358.263800
993.397,24,0.061370,1.100836,0.201041,-0.137764,0.873183,-0.289544,-0.367065,37.357490,224.918400,357.979600
993.508,24,0.061279,1.076736,0.206668,-0.139163,0.869255,-0.292239,-0.373665,37.738660,225.939700,358.294500
993.620,24,0.066313,1.048371,0.210644,-0.136433,0.867478,-0.285817,-0.383636,36.910150,227.297900,358.752600
993.730,24,0.079796,0.998556,0.213768,-0.133501,0.868070,-0.285656,-0.383449,36.749680,227.362700,359.091200
993.842,24,0.091885,0.949901,0.217233,-0.134191,0.864708,-0.281929,-0.393432,36.381700,228.690600,359.271800
993.953,24,0.104824,0.901788,0.216472,-0.139122,0.859424,-0.289614,-0.397693,37.478060,229.449200,359.366400
994.064,24,0.115492,0.868614,0.214346,-0.142784,0.856313,-0.296174,-0.398274,38.387000,229.667300,359.370000
994.175,24,0.124296,0.851733,0.212080,-0.149771,0.854493,-0.308969,-0.389805,40.149700,228.630100,358.869400
994.286,24,0.130907,0.850913,0.210147,-0.151563,0.854478,-0.311274,-0.387304,40.492970,228.268600,358.651300
994.397,24,0.134220,0.858127,0.208770,-0.149690,0.854711,-0.311163,-0.387608,40.387310,228.382500,358.896900
994.508,24,0.135503,0.867333,0.207671,-0.147802,0.856594,-0.308254,-0.386497,39.967140,228.163900,358.883500
994.620,24,0.134633,0.872420,0.208230,-0.145493,0.854945,-0.309678,-0.389873,40.013080,228.828900,359.453300
994.730,24,0.128372,0.884343,0.213262,-0.135137,0.847911,-0.305926,-0.411333,39.047840,232.346100,1.660671
994.842,24,0.122563,0.895075,0.220119,-0.132606,0.840877,-0.298271,-0.431713,38.032920,235.218700,2.512271
994.952,24,0.119172,0.901550,0.227485,-0.130150,0.836375,-0.299795,-0.440069,38.026920,236.661000,3.358846
995.064,24,0.118313,0.914774,0.234041,-0.131661,0.833808,-0.300017,-0.444319,38.120130,237.289300,3.428379
995.175,24,0.118890,0.933007,0.237845,-0.134352,0.834426,-0.295413,-0.445436,37.784400,237.155900,2.825727
995.287,24,0.121923,0.949642,0.241005,-0.133473,0.836831,-0.288595,-0.445660,37.011610,236.888800,2.428900
995.398,24,0.126048,0.954686,0.243139,-0.135003,0.835190,-0.295518,-0.443736,37.838540,236.878000,2.667813
995.508,24,0.131120,0.985801,0.244363,-0.138914,0.841831,-0.285140,-0.436714,36.971020,235.201300,1.087689
995.619,24,0.135334,1.039482,0.245658,-0.131498,0.853641,-0.256040,-0.434107,33.456250,233.864400,359.848400
995.731,24,0.146149,1.135787,0.248858,-0.110919,0.873166,-0.202325,-0.429351,26.652170,232.065000,358.720000
995.842,24,0.160325,1.230133,0.255970,-0.094468,0.890305,-0.151670,-0.418843,20.438360,229.935300,357.482500
995.953,24,0.174073,1.318800,0.266891,-0.085678,0.899410,-0.114157,-0.413146,16.030090,228.841200,356.433300
996.064,24,0.184376,1.397737,0.276701,-0.071481,0.905156,-0.087322,-0.409827,12.513520,228.346700,356.604000
996.176,24,0.188364,1.452689,0.282875,-0.065409,0.908284,-0.078579,-0.405669,11.292240,227.815900,356.780900
996.287,24,0.184179,1.508872,0.292629,-0.068922,0.909279,-0.074323,-0.403656,10.999610,227.508100,356.183600
996.398,24,0.175784,1.544335,0.300774,-0.070378,0.910186,-0.070321,-0.402074,10.638050,227.277900,355.824200
996.509,24,0.161136,1.579824,0.315219,-0.063690,0.910576,-0.058096,-0.404253,9.049910,227.560600,355.992400
996.620,24,0.146365,1.599020,0.328920,-0.058033,0.907997,-0.049679,-0.411953,7.933932,228.548200,356.268600
996.732,24,0.132905,1.610851,0.339289,-0.046836,0.905700,-0.045453,-0.418865,6.982682,229.474000,357.299700
996.843,24,0.120849,1.619377,0.345860,-0.034830,0.903738,-0.039671,-0.424820,5.813905,230.268000,358.315300
996.954,24,0.108463,1.630370,0.348328,-0.028580,0.900689,-0.029549,-0.432516,4.470809,231.243000,358.510100
997.066,24,0.091088,1.654017,0.345951,-0.015507,0.895014,-0.010367,-0.445648,1.855431,232.922300,358.938400
997.177,24,0.080626,1.677482,0.339899,-0.006300,0.889391,-0.000211,-0.457103,0.351526,234.399900,359.369000
997.288,24,0.071399,1.709679,0.324416,0.009026,0.881687,0.021039,-0.471279,357.386000,236.255900,359.775500
997.400,24,0.066850,1.726358,0.306923,0.023628,0.877605,0.034274,-0.477574,355.254700,237.087400,0.502190
997.511,24,0.059318,1.748008,0.281458,0.034563,0.874167,0.046823,-0.482125,353.385400,237.704700,0.881285
997.623,24,0.053020,1.766442,0.260768,0.041535,0.870538,0.054749,-0.487279,352.195100,238.400600,1.096526
997.734,24,0.050230,1.775996,0.247113,0.046433,0.866793,0.068122,-0.491806,350.574400,239.075300,0.783528
997.845,24,0.049034,1.770265,0.232501,0.048253,0.859815,0.070612,-0.503392,350.211800,240.635800,0.691163
997.956,24,0.048368,1.762631,0.224366,0.050009,0.850931,0.071652,-0.517960,349.994200,242.602200,0.633198
998.067,24,0.043284,1.737580,0.215938,0.051843,0.835496,0.076905,-0.541613,349.358400,245.888800,0.193758
998.178,24,0.034652,1.713129,0.214700,0.046837,0.818990,0.076583,-0.566743,349.715900,249.419500,359.412600
998.289,24,0.022260,1.687890,0.224277,0.041128,0.793009,0.074860,-0.603192,350.308300,254.639600,358.542100
998.400,24,0.011823,1.673079,0.240516,0.025242,0.778669,0.073602,-0.622592,351.601700,257.511500,356.967400
998.511,24,-0.005572,1.671212,0.259260,0.013690,0.772024,0.083029,-0.629998,351.636600,258.785400,355.159900
998.622,24,-0.037118,1.663554,0.278341,0.005972,0.769792,0.091038,-0.631741,351.506000,259.205700,353.857300
998.733,24,-0.084353,1.654334,0.299483,-0.008829,0.776136,0.089961,-0.624053,352.609800,258.074100,352.701300
998.845,24,-0.142033,1.652893,0.323570,-0.011140,0.789657,0.098974,-0.605410,351.788700,255.526800,352.018300
998.956,24,-0.198966,1.656420,0.343536,-0.012512,0.804207,0.102763,-0.585265,351.336000,252.710400,351.834500
999.067,24,-0.271504,1.673257,0.359337,-0.009820,0.828065,0.108955,-0.549856,350.232800,247.849500,352.063000
999.178,24,-0.321666,1.681903,0.362248,-0.008215,0.852387,0.113737,-0.510327,349.309000,242.531100,352.392400
999.289,24,-0.371344,1.689248,0.356328,-0.008613,0.882141,0.123858,-0.454327,347.837000,235.300500,352.491500
999.401,24,-0.399468,1.691134,0.337068,0.000998,0.913453,0.136765,-0.383272,345.485700,226.303100,353.891600
999.512,24,-0.411339,1.699603,0.312878,0.000109,0.940188,0.148242,-0.306711,343.810300,216.906700,354.578900
999.624,24,-0.418383,1.733202,0.296337,-0.005705,0.951080,0.170645,-0.257478,341.236900,211.285900,354.015000
999.735,24,-0.421046,1.769941,0.288361,-0.002959,0.954587,0.185998,-0.232723,339.284600,208.437200,354.341700
999.847,24,-0.417499,1.784374,0.287560,-0.006640,0.960854,0.198301,-0.193374,337.758700,203.848700,354.454100
999.958,24,-0.409563,1.775825,0.288184,-0.011577,0.965916,0.207650,-0.154125,336.573300,199.252500,354.598600
1000.068,24,-0.392650,1.777231,0.287278,-0.011620,0.974633,0.208516,-0.080485,336.135100,190.186500,356.475800
1000.180,24,-0.372551,1.777433,0.284852,-0.015427,0.981675,0.189809,-0.007057,338.133600,181.217000,357.964200
1000.289,24,-0.338660,1.771328,0.286985,-0.014436,0.982044,0.171083,0.078185,340.228000,170.913000,359.902500
1000.401,24,-0.304787,1.774209,0.299071,-0.010064,0.974378,0.170279,0.146597,340.440600,162.570100,1.843401
1000.511,24,-0.268491,1.762497,0.315230,-0.008877,0.968223,0.154613,0.196366,342.369000,156.664500,2.618018
1000.622,24,-0.232149,1.732793,0.332631,-0.002468,0.973548,0.112948,0.198598,347.238000,156.677200,2.353935
1000.732,24,-0.199999,1.682179,0.350294,-0.009759,0.986619,0.041906,0.157261,355.080300,161.902100,359.650600
1000.842,24,-0.169328,1.654402,0.368845,-0.028249,0.996242,-0.033534,0.074703,3.588801,171.313100,356.478900
1000.950,24,-0.136693,1.640551,0.396265,-0.049018,0.994580,-0.090002,-0.017548,10.413390,181.519600,354.495300
1001.061,24,-0.108591,1.629476,0.430695,-0.052915,0.988582,-0.107855,-0.090954,12.877860,189.948400,354.997800
1001.170,24,-0.087582,1.631471,0.467874,-0.055852,0.981546,-0.110772,-0.145529,13.515670,196.325700,355.434000
1001.279,24,-0.073725,1.631269,0.497856,-0.052343,0.976273,-0.101184,-0.184157,12.523840,200.946000,356.186000
1001.390,24,-0.058196,1.628842,0.535868,-0.050731,0.973685,-0.096457,-0.200149,12.013700,202.860400,356.472500
1001.504,24,-0.046307,1.627040,0.564787,-0.048043,0.975585,-0.091316,-0.193874,11.350020,202.140400,356.589100
1001.616,24,-0.039273,1.626476,0.586217,-0.050959,0.976537,-0.089683,-0.189036,11.211080,201.534800,356.164300
1001.728,24,-0.027932,1.625432,0.607007,-0.046841,0.977075,-0.091218,-0.186575,11.287490,201.289000,356.638800
1001.839,24,-0.016952,1.624332,0.617465,-0.047804,0.978286,-0.092554,-0.179179,11.432800,200.404500,356.469100
1001.949,24,-0.002894,1.623142,0.623656,-0.038825,0.979263,-0.099662,-0.172061,12.037490,199.672800,357.553700
1002.061,24,0.010963,1.619615,0.624397,-0.031102,0.981719,-0.101998,-0.157662,12.126640,198.067400,358.305800
1002.171,24,0.023771,1.616484,0.620311,-0.014610,0.983690,-0.114172,-0.138221,13.218070,196.016100,0.165884
1002.283,24,0.027646,1.611533,0.610199,-0.003955,0.987343,-0.122780,-0.100314,14.078120,191.725400,0.993762
1002.394,24,0.020999,1.605689,0.596847,-0.001603,0.987098,-0.137757,-0.081599,15.796450,189.610900,1.150312
1002.506,24,0.007544,1.598877,0.571301,-0.002301,0.985120,-0.152326,-0.079565,17.486680,189.417300,1.183817
1002.616,24,-0.005041,1.597910,0.548245,-0.005768,0.983822,-0.155276,-0.089167,17.851820,190.512100,0.983680
1002.727,24,-0.022064,1.598649,0.522083,-0.009599,0.981827,-0.149576,-0.116408,17.214490,193.668200,0.958213
1002.839,24,-0.032333,1.595550,0.503428,-0.013488,0.978236,-0.158295,-0.133476,18.258180,195.693300,0.957395
1002.950,24,-0.037472,1.590660,0.481387,-0.013403,0.976243,-0.168898,-0.135068,19.474780,195.957200,1.182457
1003.060,24,-0.035898,1.581945,0.458193,-0.012095,0.975145,-0.176724,-0.133095,20.357830,195.801700,1.433416
1003.171,24,-0.031778,1.568162,0.431635,-0.008356,0.972011,-0.195621,-0.129838,22.486190,195.642800,2.143213
1003.283,24,-0.027339,1.547335,0.395295,-0.010017,0.969509,-0.213087,-0.120609,24.556860,194.621100,2.014746
1003.393,24,-0.024561,1.513693,0.347262,-0.007083,0.965897,-0.238716,-0.100032,27.552960,192.365500,2.202646
1003.505,24,-0.022781,1.467233,0.293169,-0.012354,0.955747,-0.283929,-0.076028,32.997780,189.492300,1.336328
1003.617,24,-0.021995,1.424705,0.244500,-0.020308,0.947674,-0.313997,-0.053916,36.678420,186.402800,359.669100
1003.728,24,-0.022800,1.375706,0.187337,-0.027202,0.940105,-0.337088,-0.042836,39.503630,184.623900,358.346300
1003.839,24,-0.023593,1.343263,0.146579,-0.024969,0.936601,-0.347659,-0.035890,40.770280,183.775400,358.349200
1003.950,24,-0.024184,1.308537,0.100491,-0.026799,0.934508,-0.354226,-0.022383,41.548540,181.749600,357.378500
1004.062,24,-0.024016,1.279477,0.065626,-0.027498,0.933747,-0.356671,-0.012090,41.816440,180.227700,356.713300
1004.172,24,-0.025315,1.254568,0.036621,-0.028789,0.933108,-0.358424,-0.003607,41.998010,178.927800,356.054100
1004.284,24,-0.028038,1.239405,0.013280,-0.021896,0.934713,-0.354727,-0.001078,41.543090,178.965100,356.923600
1004.396,24,-0.030815,1.232158,-0.002121,-0.020429,0.935034,-0.353962,-0.002176,41.454300,179.205400,357.196000
1004.507,24,-0.035123,1.226166,-0.017026,-0.022896,0.933111,-0.358836,-0.004053,42.055700,179.315700,356.925800
1004.618,24,-0.038616,1.222098,-0.025995,-0.023165,0.932667,-0.359855,-0.010027,42.199560,180.157100,357.215100
1004.729,24,-0.041894,1.216484,-0.034630,-0.025681,0.931469,-0.362643,-0.013984,42.555170,180.577500,357.066400
1004.840,24,-0.044334,1.213891,-0.039401,-0.027118,0.930968,-0.363686,-0.017182,42.694710,180.956300,357.036700
1004.951,24,-0.046757,1.213437,-0.041310,-0.027247,0.930197,-0.365488,-0.020249,42.926190,181.389300,357.190600
1005.062,24,-0.047923,1.213799,-0.041822,-0.029177,0.930598,-0.364338,-0.019853,42.786090,181.225000,356.888200
1005.173,24,-0.047568,1.213332,-0.042489,-0.029833,0.930261,-0.365293,-0.016878,42.893960,180.751400,356.621600
1005.284,24,-0.046991,1.211573,-0.044074,-0.030248,0.929587,-0.367075,-0.014486,43.104560,180.370800,356.419000
1005.396,24,-0.046924,1.208663,-0.045842,-0.029491,0.928238,-0.370598,-0.012735,43.531750,180.141100,356.416900
1005.507,24,-0.047994,1.199065,-0.051190,-0.029008,0.926998,-0.373789,-0.010738,43.917860,179.858600,356.358300
1005.618,24,-0.049796,1.177963,-0.058188,-0.027232,0.927160,-0.373599,-0.007557,43.882630,179.496400,356.432300
1005.729,24,-0.052724,1.143059,-0.073782,-0.010308,0.925076,-0.379636,0.002081,44.615200,179.060200,358.337500
1005.841,24,-0.056409,1.114388,-0.091259,-0.007899,0.923638,-0.383095,0.008329,45.035950,178.261500,358.299200
1005.952,24,-0.062461,1.091132,-0.107691,-0.011185,0.922281,-0.386272,0.008142,45.424010,178.068200,357.801700
1006.063,24,-0.068572,1.075375,-0.121776,-0.011415,0.920987,-0.389369,0.006709,45.811780,178.253300,357.841700
1006.174,24,-0.072537,1.069500,-0.130295,-0.010038,0.921756,-0.387601,0.005476,45.597100,178.536000,358.136800
1006.286,24,-0.074560,1.082731,-0.138120,-0.012673,0.924603,-0.380641,0.007785,44.723570,178.060700,357.631600
1006.397,24,-0.075030,1.112126,-0.141602,-0.014280,0.929944,-0.367299,0.009614,43.067600,177.774300,357.362200
1006.508,24,-0.074547,1.163641,-0.141409,-0.014618,0.939603,-0.341711,0.012866,39.923890,177.446400,357.289800
1006.619,24,-0.074030,1.199947,-0.137286,-0.016498,0.944801,-0.326775,0.017212,38.090640,176.845800,356.910200
1006.730,24,-0.075210,1.234532,-0.128047,-0.019331,0.947884,-0.317382,0.020303,36.934170,176.359100,356.447100
1006.842,24,-0.077345,1.261576,-0.118065,-0.023872,0.950604,-0.308634,0.022958,35.851100,175.869400,355.786300
1006.952,24,-0.079788,1.290890,-0.106998,-0.027603,0.954986,-0.294044,0.027897,34.061000,175.186600,355.213500
1007.064,24,-0.082344,1.319522,-0.096626,-0.029705,0.959079,-0.279591,0.033374,32.297640,174.526500,354.866000
1007.175,24,-0.084635,1.342457,-0.090200,-0.028890,0.961466,-0.270871,0.037121,31.246550,174.157200,354.922600
1007.286,24,-0.088013,1.367430,-0.086104,-0.028713,0.964998,-0.258157,0.036188,29.746530,174.403700,355.104000
1007.397,24,-0.090717,1.381709,-0.084537,-0.030592,0.966380,-0.252107,0.040194,28.999600,173.888800,354.791900
1007.508,24,-0.094458,1.397724,-0.085232,-0.037497,0.967565,-0.245166,0.048019,28.087990,172.751800,353.745900
1007.620,24,-0.097964,1.411171,-0.086324,-0.039790,0.969234,-0.237765,0.049702,27.190100,172.554200,353.495300
1007.731,24,-0.102924,1.426807,-0.088327,-0.040677,0.971778,-0.227015,0.049572,25.924330,172.665500,353.515800
1007.842,24,-0.107548,1.440378,-0.089616,-0.046913,0.973411,-0.218291,0.051187,24.845370,172.392500,352.803400
1007.953,24,-0.111761,1.453647,-0.090744,-0.050950,0.974965,-0.210403,0.050775,23.897170,172.429800,352.412900
1008.064,24,-0.114927,1.467148,-0.090592,-0.052951,0.976117,-0.204865,0.049221,23.249280,172.634600,352.272700
1008.176,24,-0.116869,1.481189,-0.088617,-0.056080,0.977636,-0.196939,0.047935,22.314710,172.808300,352.013700
1008.287,24,-0.118244,1.501268,-0.083672,-0.057688,0.980023,-0.184118,0.048249,20.812660,172.882800,351.953800
1008.398,24,-0.118315,1.517270,-0.079989,-0.056685,0.982077,-0.173643,0.046469,19.620790,173.235000,352.222000
1008.509,24,-0.117174,1.533504,-0.074748,-0.058250,0.983724,-0.163776,0.045523,18.476590,173.422500,352.151600
1008.620,24,-0.113058,1.545407,-0.067357,-0.058983,0.984938,-0.155016,0.048878,17.433400,173.103000,352.087100
1008.731,24,-0.103389,1.553314,-0.054799,-0.058240,0.984961,-0.150316,0.062169,16.790300,171.592600,351.989200
1008.843,24,-0.084184,1.560842,-0.034753,-0.057611,0.985088,-0.140721,0.080504,15.543480,169.545300,351.875200
1008.954,24,-0.057811,1.564585,-0.014891,-0.046852,0.984321,-0.136352,0.101616,15.005180,167.271300,352.866500
1009.065,24,-0.019094,1.566032,0.016787,-0.033460,0.983741,-0.127769,0.121697,14.077740,165.187000,354.264800
1009.176,24,0.009469,1.566721,0.047001,-0.026264,0.985173,-0.122967,0.116718,13.659770,165.917600,355.250800
1009.287,24,0.036906,1.573071,0.094801,-0.021462,0.991833,-0.110143,0.060621,12.467490,172.646100,356.716400
1009.398,24,0.048439,1.583925,0.139258,-0.018001,0.994946,-0.092726,-0.034068,10.704300,183.761000,358.279400
1009.509,24,0.057576,1.597772,0.213107,-0.010282,0.980133,-0.078379,-0.181906,9.055093,201.066500,0.485051
1009.620,24,0.063068,1.609374,0.276479,-0.007449,0.960207,-0.066623,-0.271125,7.584153,211.618900,1.261350
1009.731,24,0.069836,1.619333,0.350767,-0.018570,0.933024,-0.052175,-0.355526,6.347897,221.726200,0.141095
1009.842,24,0.079594,1.624907,0.402053,-0.024702,0.922991,-0.048696,-0.380927,6.241077,224.826000,359.510100
1009.953,24,0.089016,1.626263,0.437603,-0.036101,0.923645,-0.044975,-0.378885,6.340561,224.503400,358.119800
1010.064,24,0.097357,1.624075,0.460678,-0.040472,0.929471,-0.055030,-0.362516,7.564487,222.478900,357.957200
1010.175,24,0.102862,1.622703,0.473819,-0.045469,0.934511,-0.061363,-0.347645,8.412769,220.630800,357.548300
1010.286,24,0.108623,1.619960,0.482290,-0.048189,0.939441,-0.071368,-0.331715,9.558972,218.686200,357.489500
1010.397,24,0.113326,1.616801,0.484137,-0.050849,0.943796,-0.085944,-0.315084,11.202090,216.683200,357.556400
1010.508,24,0.117883,1.614682,0.483300,-0.053034,0.947871,-0.092959,-0.300143,12.008820,214.865000,357.378500
1010.618,24,0.120402,1.612815,0.481578,-0.053366,0.951050,-0.099586,-0.287644,12.716320,213.366200,357.402000
1010.729,24,0.121350,1.610468,0.479181,-0.056174,0.952751,-0.106663,-0.278806,13.566320,212.288800,357.195500
1010.841,24,0.121243,1.608611,0.475991,-0.058689,0.953543,-0.112207,-0.273350,14.245270,211.617900,357.008600
1010.952,24,0.119272,1.607428,0.472344,-0.059730,0.953466,-0.114908,-0.272270,14.574990,211.485400,356.959900
1011.063,24,0.114813,1.606642,0.469639,-0.060900,0.951851,-0.117523,-0.276513,14.916280,212.001400,356.978000
1011.174,24,0.109440,1.606049,0.467274,-0.063682,0.949804,-0.118019,-0.282647,15.081230,212.717800,356.778800
1011.285,24,0.102771,1.604288,0.458597,-0.063435,0.948870,-0.121355,-0.284419,15.449210,212.957400,356.946000
1011.396,24,0.094284,1.598775,0.440740,-0.059116,0.950061,-0.125883,-0.279362,15.796590,212.424500,357.498700
1011.507,24,0.073721,1.586111,0.401861,-0.056285,0.950828,-0.143567,-0.268600,17.653050,211.269600,358.201300
1011.618,24,0.049958,1.574886,0.364723,-0.058170,0.951331,-0.153495,-0.260815,18.807620,210.355900,358.146900
1011.729,24,0.014145,1.554926,0.312769,-0.061150,0.950156,-0.171512,-0.253079,20.908590,209.496800,358.196900
1011.841,24,-0.016808,1.539411,0.268291,-0.064649,0.950411,-0.185346,-0.241218,22.550580,208.068200,357.923200
1011.951,24,-0.045245,1.526788,0.229060,-0.066157,0.949349,-0.199959,-0.233188,24.237250,207.163900,357.966400
1012.063,24,-0.067901,1.520123,0.198236,-0.067258,0.948714,-0.210028,-0.226509,25.402930,206.392100,357.940000
1012.175,24,-0.081350,1.520931,0.180345,-0.067238,0.949264,-0.214490,-0.219936,25.899290,205.601500,357.878200
1012.286,24,-0.088857,1.531808,0.169551,-0.064726,0.953643,-0.205295,-0.210306,24.757640,204.358700,357.658500
1012.397,24,-0.086314,1.542388,0.171485,-0.061400,0.957652,-0.195535,-0.202234,23.537140,203.347100,357.592400
1012.508,24,-0.073287,1.555481,0.188336,-0.058740,0.962171,-0.183452,-0.192669,22.065120,202.136100,357.381100
